// 'small-pixel-rocket', 240x240px
const uint16_t epd_bitmap_small_pixel_rocket [] = {
	0xee75, 0xee75, 0xee75, 0xee75, 0xee75, 0xee75, 0xee75, 0xee75, 0xee75, 0xee75, 0xee75, 0xee75, 0xee75, 0xee75, 0xee75, 0xee75, 
	0xee75, 0xee75, 0xee75, 0xee75, 0xee75, 0xee75, 0xee75, 0xee75, 0xee75, 0xee75, 0xee75, 0xee75, 0xee75, 0xee75, 0xee75, 0xee75, 
	0xee75, 0xee75, 0xee75, 0xee75, 0xee75, 0xee75, 0xee75, 0xee75, 0xee75, 0xee75, 0xee75, 0xee75, 0xee75, 0xee75, 0xee75, 0xee75, 
	0xee75, 0xee75, 0xee75, 0xee75, 0xee75, 0xee75, 0xee75, 0xee75, 0xee75, 0xee75, 0xee75, 0xee75, 0xee75, 0xee75, 0xee75, 0xee75, 
	0xee75, 0xee75, 0xee75, 0xee75, 0xee75, 0xee75, 0xee75, 0xee75, 0xee75, 0xee75, 0xee75, 0xee75, 0xee75, 0xee75, 0xee75, 0xee75, 
	0xee75, 0xee75, 0xee75, 0xee75, 0xee75, 0xee75, 0xee75, 0xee75, 0xee75, 0xee75, 0xee75, 0xee75, 0xee75, 0xee75, 0xee75, 0xee75, 
	0xee75, 0xee75, 0xee75, 0xee75, 0xee75, 0xee75, 0xee75, 0xee75, 0xee75, 0xee75, 0xee75, 0xee75, 0xee75, 0xee75, 0xee75, 0xee75, 
	0xee75, 0xee75, 0xee75, 0xee75, 0xee75, 0xee75, 0xee75, 0xee75, 0xee75, 0xee75, 0xee75, 0xee75, 0xee75, 0xee75, 0xee75, 0xee75, 
	0xee75, 0xee75, 0xee75, 0xee75, 0xee75, 0xee75, 0xee75, 0xee75, 0xee75, 0xee75, 0xee75, 0xee75, 0xee75, 0xee75, 0xee75, 0xee75, 
	0xee75, 0xee75, 0xee75, 0xee75, 0xee75, 0xee75, 0xee75, 0xee75, 0xee75, 0xee75, 0xee75, 0xee75, 0xee75, 0xee75, 0xee75, 0xee75, 
	0xee75, 0xee75, 0xee75, 0xee75, 0xee75, 0xee75, 0xee75, 0xee75, 0xee75, 0xee75, 0xee75, 0xee75, 0xee75, 0xee75, 0xee75, 0xee75, 
	0xee75, 0xee75, 0xee75, 0xee75, 0xee75, 0xee75, 0xee75, 0xee75, 0xee75, 0xee75, 0xee75, 0xee75, 0xee75, 0xee75, 0xee75, 0xee75, 
	0xee75, 0xee75, 0xee75, 0xee75, 0xee75, 0xee75, 0xee75, 0xee75, 0xee75, 0xee75, 0xee75, 0xee75, 0xee75, 0xee75, 0xee75, 0xee75, 
	0xee75, 0xee75, 0xee75, 0xee75, 0xee75, 0xee75, 0xee75, 0xee75, 0xee75, 0xee75, 0xee75, 0xee75, 0xee75, 0xee75, 0xee75, 0xee75, 
	0xee75, 0xee75, 0xee75, 0xee75, 0xee75, 0xee75, 0xee75, 0xee75, 0xee75, 0xee75, 0xee75, 0xee75, 0xee75, 0xee75, 0xee75, 0xee75, 
	0xee75, 0xee75, 0xee75, 0xee75, 0xee75, 0xee75, 0xee75, 0xee75, 0xee75, 0xee75, 0xee75, 0xee75, 0xee75, 0xee75, 0xee75, 0xee75, 
	0xee75, 0xee75, 0xee75, 0xee75, 0xee75, 0xee75, 0xee75, 0xee75, 0xee75, 0xee75, 0xee75, 0xee75, 0xee75, 0xee75, 0xee75, 0xee75, 
	0xee75, 0xee75, 0xee75, 0xee75, 0xee75, 0xee75, 0xee75, 0xee75, 0xee75, 0xee75, 0xee75, 0xee75, 0xee75, 0xee75, 0xee75, 0xee75, 
	0xee75, 0xee75, 0xee75, 0xee75, 0xee75, 0xee75, 0xee75, 0xee75, 0xee75, 0xee75, 0xee75, 0xee75, 0xee75, 0xee75, 0xee75, 0xee75, 
	0xee75, 0xee75, 0xee75, 0xee75, 0xee75, 0xee75, 0xee75, 0xee75, 0xee75, 0xee75, 0xee75, 0xee75, 0xee75, 0xee75, 0xee75, 0xee75, 
	0xee75, 0xee75, 0xee75, 0xee75, 0xee75, 0xee75, 0xee75, 0xee75, 0xee75, 0xee75, 0xee75, 0xee75, 0xee75, 0xee75, 0xee75, 0xee75, 
	0xee75, 0xee75, 0xee75, 0xee75, 0xee75, 0xee75, 0xee75, 0xee75, 0xee75, 0xee75, 0xee75, 0xee75, 0xee75, 0xee75, 0xee75, 0xee75, 
	0xee75, 0xee75, 0xee75, 0xee75, 0xee75, 0xee75, 0xee75, 0xee75, 0xee75, 0xee75, 0xee75, 0xee75, 0xee75, 0xee75, 0xee75, 0xee75, 
	0xee75, 0xee75, 0xee75, 0xee75, 0xee75, 0xee75, 0xee75, 0xee75, 0xee75, 0xee75, 0xee75, 0xee75, 0xee75, 0xee75, 0xee75, 0xee75, 
	0xee75, 0xee75, 0xee75, 0xee75, 0xee75, 0xee75, 0xee75, 0xee75, 0xee75, 0xee75, 0xee75, 0xee75, 0xee75, 0xee75, 0xee75, 0xee75, 
	0xee75, 0xee75, 0xee75, 0xee75, 0xee75, 0xee75, 0xee75, 0xee75, 0xee75, 0xee75, 0xee75, 0xee75, 0xee75, 0xee75, 0xee75, 0xee75, 
	0xee75, 0xee75, 0xee75, 0xee75, 0xee75, 0xee75, 0xee75, 0xee75, 0xee75, 0xee75, 0xee75, 0xee75, 0xee75, 0xee75, 0xee75, 0xee75, 
	0xee75, 0xee75, 0xee75, 0xee75, 0xee75, 0xee75, 0xee75, 0xee75, 0xee75, 0xee75, 0xee75, 0xee75, 0xee75, 0xee75, 0xee75, 0xee75, 
	0xee75, 0xee75, 0xee75, 0xee75, 0xee75, 0xee75, 0xee75, 0xee75, 0xee75, 0xee75, 0xee75, 0xee75, 0xee75, 0xee75, 0xee75, 0xee75, 
	0xee75, 0xee75, 0xee75, 0xee75, 0xee75, 0xee75, 0xee75, 0xee75, 0xee75, 0xee75, 0xee75, 0xee75, 0xee75, 0xee75, 0xee75, 0xee75, 
	0xee75, 0xee75, 0xee75, 0xee75, 0xee75, 0xee75, 0xee75, 0xee75, 0xee75, 0xee75, 0xee75, 0xee75, 0xee75, 0xee75, 0xee75, 0xee75, 
	0xee75, 0xee75, 0xee75, 0xee75, 0xee75, 0xee75, 0xee75, 0xee75, 0xee75, 0xee75, 0xee75, 0xee75, 0xee75, 0xee75, 0xee75, 0xee75, 
	0xee75, 0xee75, 0xee75, 0xee75, 0xee75, 0xee75, 0xee75, 0xee75, 0xee75, 0xee75, 0xee75, 0xee75, 0xee75, 0xee75, 0xee75, 0xee75, 
	0xee75, 0xee75, 0xee75, 0xee75, 0xee75, 0xee75, 0xee75, 0xee75, 0xee75, 0xee75, 0xee75, 0xee75, 0xee75, 0xee75, 0xee75, 0xee75, 
	0xee75, 0xee75, 0xee75, 0xee75, 0xee75, 0xee75, 0xee75, 0xee75, 0xee75, 0xee75, 0xee75, 0xee75, 0xee75, 0xee75, 0xee75, 0xee75, 
	0xee75, 0xee75, 0xee75, 0xee75, 0xee75, 0xee75, 0xee75, 0xee75, 0xee75, 0xee75, 0xee75, 0xee75, 0xee75, 0xee75, 0xee75, 0xee75, 
	0xee75, 0xee75, 0xee75, 0xee75, 0xee75, 0xee75, 0xee75, 0xee75, 0xee75, 0xee75, 0xee75, 0xee75, 0xee75, 0xee75, 0xee75, 0xee75, 
	0xee75, 0xee75, 0xee75, 0xee75, 0xee75, 0xee75, 0xee75, 0xee75, 0xee75, 0xee75, 0xee75, 0xee75, 0xee75, 0xee75, 0xee75, 0xee75, 
	0xee75, 0xee75, 0xee75, 0xee75, 0xee75, 0xee75, 0xee75, 0xee75, 0xee75, 0xee75, 0xee75, 0xee75, 0xee75, 0xee75, 0xee75, 0xee75, 
	0xee75, 0xee75, 0xee75, 0xee75, 0xee75, 0xee75, 0xee75, 0xee75, 0xee75, 0xee75, 0xee75, 0xee75, 0xee75, 0xee75, 0xee75, 0xee75, 
	0xee75, 0xee75, 0xee75, 0xee75, 0xee75, 0xee75, 0xee75, 0xee75, 0xee75, 0xee75, 0xee75, 0xee75, 0xee75, 0xee75, 0xee75, 0xee75, 
	0xee75, 0xee75, 0xee75, 0xee75, 0xee75, 0xee75, 0xee75, 0xee75, 0xee75, 0xee75, 0xee75, 0xee75, 0xee75, 0xee75, 0xee75, 0xee75, 
	0xee75, 0xee75, 0xee75, 0xee75, 0xee75, 0xee75, 0xee75, 0xee75, 0xee75, 0xee75, 0xee75, 0xee75, 0xee75, 0xee75, 0xee75, 0xee75, 
	0xee75, 0xee75, 0xee75, 0xee75, 0xee75, 0xee75, 0xee75, 0xee75, 0xee75, 0xee75, 0xee75, 0xee75, 0xee75, 0xee75, 0xee75, 0xee75, 
	0xee75, 0xee75, 0xee75, 0xee75, 0xee75, 0xee75, 0xee75, 0xee75, 0xee75, 0xee75, 0xee75, 0xee75, 0xee75, 0xee75, 0xee75, 0xee75, 
	0xee75, 0xee75, 0xee75, 0xee75, 0xee75, 0xee75, 0xee75, 0xee75, 0xee75, 0xee75, 0xee75, 0xee75, 0xee75, 0xee75, 0xee75, 0xee75, 
	0xee75, 0xee75, 0xee75, 0xee75, 0xee75, 0xee75, 0xee75, 0xee75, 0xee75, 0xee75, 0xee75, 0xee75, 0xee75, 0xee75, 0xee75, 0xee75, 
	0xee75, 0xee75, 0xee75, 0xee75, 0xee75, 0xee75, 0xee75, 0xee75, 0xee75, 0xee75, 0xee75, 0xee75, 0xee75, 0xee75, 0xee75, 0xee75, 
	0xee75, 0xee75, 0xee75, 0xee75, 0xee75, 0xee75, 0xee75, 0xee75, 0xee75, 0xee75, 0xee75, 0xee75, 0xee75, 0xee75, 0xee75, 0xee75, 
	0xee75, 0xee75, 0xee75, 0xee75, 0xee75, 0xee75, 0xee75, 0xee75, 0xee75, 0xee75, 0xee75, 0xee75, 0xee75, 0xee75, 0xee75, 0xee75, 
	0xee75, 0xee75, 0xee75, 0xee75, 0xee75, 0xee75, 0xee75, 0xee75, 0xee75, 0xee75, 0xee75, 0xee75, 0xee75, 0xee75, 0xee75, 0xee75, 
	0xee75, 0xee75, 0xee75, 0xee75, 0xee75, 0xee75, 0xee75, 0xee75, 0xee75, 0xee75, 0xee75, 0xee75, 0xee75, 0xee75, 0xee75, 0xee75, 
	0xee75, 0xee75, 0xee75, 0xee75, 0xee75, 0xee75, 0xee75, 0xee75, 0xee75, 0xee75, 0xee75, 0xee75, 0xee75, 0xee75, 0xee75, 0xee75, 
	0xee75, 0xee75, 0xee75, 0xee75, 0xee75, 0xee75, 0xee75, 0xee75, 0xee75, 0xee75, 0xee75, 0xee75, 0xee75, 0xee75, 0xee75, 0xee75, 
	0xee75, 0xee75, 0xee75, 0xee75, 0xee75, 0xee75, 0xee75, 0xee75, 0xee75, 0xee75, 0xee75, 0xee75, 0xee75, 0xee75, 0xee75, 0xee75, 
	0xee75, 0xee75, 0xee75, 0xee75, 0xee75, 0xee75, 0xee75, 0xee75, 0xee75, 0xee75, 0xee75, 0xee75, 0xee75, 0xee75, 0xee75, 0xee75, 
	0xee75, 0xee75, 0xee75, 0xee75, 0xee75, 0xee75, 0xee75, 0xee75, 0xee75, 0xee75, 0xee75, 0xee75, 0xee75, 0xee75, 0xee75, 0xee75, 
	0xee75, 0xee75, 0xee75, 0xee75, 0xee75, 0xee75, 0xee75, 0xee75, 0xee75, 0xee75, 0xee75, 0xee75, 0xee75, 0xee75, 0xee75, 0xee75, 
	0xee75, 0xee75, 0xee75, 0xee75, 0xee75, 0xee75, 0xee75, 0xee75, 0xee75, 0xee75, 0xee75, 0xee75, 0xee75, 0xee75, 0xee75, 0xee75, 
	0xee75, 0xee75, 0xee75, 0xee75, 0xee75, 0xee75, 0xee75, 0xee75, 0xee75, 0xee75, 0xee75, 0xee75, 0xee75, 0xee75, 0xee75, 0xee75, 
	0xee75, 0xee75, 0xee75, 0xee75, 0xee75, 0xee75, 0xee75, 0xee75, 0xee75, 0xee75, 0xee75, 0xee75, 0xee75, 0xee75, 0xee75, 0xee75, 
	0xee75, 0xee75, 0xee75, 0xee75, 0xee75, 0xee75, 0xee75, 0xee75, 0xee75, 0xee75, 0xee75, 0xee75, 0xee75, 0xee75, 0xee75, 0xee75, 
	0xee75, 0xee75, 0xee75, 0xee75, 0xee75, 0xee75, 0xee75, 0xee75, 0xee75, 0xee75, 0xee75, 0xee75, 0xee75, 0xee75, 0xee75, 0xee75, 
	0xee75, 0xee75, 0xee75, 0xee75, 0xee75, 0xee75, 0xee75, 0xee75, 0xee75, 0xee75, 0xee75, 0xee75, 0xee75, 0xee75, 0xee75, 0xee75, 
	0xee75, 0xee75, 0xee75, 0xee75, 0xee75, 0xee75, 0xee75, 0xee75, 0xee75, 0xee75, 0xee75, 0xee75, 0xee75, 0xee75, 0xee75, 0xee75, 
	0xee75, 0xee75, 0xee75, 0xee75, 0xee75, 0xee75, 0xee75, 0xee75, 0xee75, 0xee75, 0xee75, 0xee75, 0xee75, 0xee75, 0xee75, 0xee75, 
	0xee75, 0xee75, 0xee75, 0xee75, 0xee75, 0xee75, 0xee75, 0xee75, 0xee75, 0xee75, 0xee75, 0xee75, 0xee75, 0xee75, 0xee75, 0xee75, 
	0xee75, 0xee75, 0xee75, 0xee75, 0xee75, 0xee75, 0xee75, 0xee75, 0xee75, 0xee75, 0xee75, 0xee75, 0xee75, 0xee75, 0xee75, 0xee75, 
	0xee75, 0xee75, 0xee75, 0xee75, 0xee75, 0xee75, 0xee75, 0xee75, 0xee75, 0xee75, 0xee75, 0xee75, 0xee75, 0xee75, 0xee75, 0xee75, 
	0xee75, 0xee75, 0xee75, 0xee75, 0xee75, 0xee75, 0xee75, 0xee75, 0xee75, 0xee75, 0xee75, 0xee75, 0xee75, 0xee75, 0xee75, 0xee75, 
	0xee75, 0xee75, 0xee75, 0xee75, 0xee75, 0xee75, 0xee75, 0xee75, 0xee75, 0xee75, 0xee75, 0xee75, 0xee75, 0xee75, 0xee75, 0xee75, 
	0xee75, 0xee75, 0xee75, 0xee75, 0xee75, 0xee75, 0xee75, 0xee75, 0xee75, 0xee75, 0xee75, 0xee75, 0xee75, 0xee75, 0xee75, 0xee75, 
	0xee75, 0xee75, 0xee75, 0xee75, 0xee75, 0xee75, 0xee75, 0xee75, 0xee75, 0xee75, 0xee75, 0xee75, 0xee75, 0xee75, 0xee75, 0xee75, 
	0xee75, 0xee75, 0xee75, 0xee75, 0xee75, 0xee75, 0xee75, 0xee75, 0xee75, 0xee75, 0xee75, 0xee75, 0xee75, 0xee75, 0xee75, 0xee75, 
	0xee75, 0xee75, 0xee75, 0xee75, 0xee75, 0xee75, 0xee75, 0xee75, 0xee75, 0xee75, 0xee75, 0xee75, 0xee75, 0xee75, 0xee75, 0xee75, 
	0xee75, 0xee75, 0xee75, 0xee75, 0xee75, 0xee75, 0xee75, 0xee75, 0xee75, 0xee75, 0xee75, 0xee75, 0xee75, 0xee75, 0xee75, 0xee75, 
	0xee75, 0xee75, 0xee75, 0xee75, 0xee75, 0xee75, 0xee75, 0xee75, 0xee75, 0xee75, 0xee75, 0xee75, 0xee75, 0xee75, 0xee75, 0xee75, 
	0xee75, 0xee75, 0xee75, 0xee75, 0xee75, 0xee75, 0xee75, 0xee75, 0xee75, 0xee75, 0xee75, 0xee75, 0xee75, 0xee75, 0xee75, 0xee75, 
	0xee75, 0xee75, 0xee75, 0xee75, 0xee75, 0xee75, 0xee75, 0xee75, 0xee75, 0xee75, 0xee75, 0xee75, 0xee75, 0xee75, 0xee75, 0xee75, 
	0xee75, 0xee75, 0xee75, 0xee75, 0xee75, 0xee75, 0xee75, 0xee75, 0xee75, 0xee75, 0xee75, 0xee75, 0xee75, 0xee75, 0xee75, 0xee75, 
	0xee75, 0xee75, 0xee75, 0xee75, 0xee75, 0xee75, 0xee75, 0xee75, 0xee75, 0xee75, 0xee75, 0xee75, 0xee75, 0xee75, 0xee75, 0xee75, 
	0xee75, 0xee75, 0xee75, 0xee75, 0xee75, 0xee75, 0xee75, 0xee75, 0xee75, 0xee75, 0xee75, 0xee75, 0xee75, 0xee75, 0xee75, 0xee75, 
	0xee75, 0xee75, 0xee75, 0xee75, 0xee75, 0xee75, 0xee75, 0xee75, 0xee75, 0xee75, 0xee75, 0xee75, 0xee75, 0xee75, 0xee75, 0xee75, 
	0xee75, 0xee75, 0xee75, 0xee75, 0xee75, 0xee75, 0xee75, 0xee75, 0xee75, 0xee75, 0xee75, 0xee75, 0xee75, 0xee75, 0xee75, 0xee75, 
	0xee75, 0xee75, 0xee75, 0xee75, 0xee75, 0xee75, 0xee75, 0xee75, 0xee75, 0xee75, 0xee75, 0xee75, 0xee75, 0xee75, 0xee75, 0xee75, 
	0xee75, 0xee75, 0xee75, 0xee75, 0xee75, 0xee75, 0xee75, 0xee75, 0xee75, 0xee75, 0xee75, 0xee75, 0xee75, 0xee75, 0xee75, 0xee75, 
	0xee75, 0xee75, 0xee75, 0xee75, 0xee75, 0xee75, 0xee75, 0xee75, 0xee75, 0xee75, 0xee75, 0xee75, 0xee75, 0xee75, 0xee75, 0xee75, 
	0xee75, 0xee75, 0xee75, 0xee75, 0xee75, 0xee75, 0xee75, 0xee75, 0xee75, 0xee75, 0xee75, 0xee75, 0xee75, 0xee75, 0xee75, 0xee75, 
	0xee75, 0xee75, 0xee75, 0xee75, 0xee75, 0xee75, 0xee75, 0xee75, 0xee75, 0xee75, 0xee75, 0xee75, 0xee75, 0xee75, 0xee75, 0xee75, 
	0xee75, 0xee75, 0xee75, 0xee75, 0xee75, 0xee75, 0xee75, 0xee75, 0xee75, 0xee75, 0xee75, 0xee75, 0xee75, 0xee75, 0xee75, 0xee75, 
	0xee75, 0xee75, 0xee75, 0xee75, 0xee75, 0xee75, 0xee75, 0xee75, 0xee75, 0xee75, 0xee75, 0xee75, 0xee75, 0xee75, 0xee75, 0xee75, 
	0xee75, 0xee75, 0xee75, 0xee75, 0xee75, 0xee75, 0xee75, 0xee75, 0xee75, 0xee75, 0xee75, 0xee75, 0xee75, 0xee75, 0xee75, 0xee75, 
	0xee75, 0xee75, 0xee75, 0xee75, 0xee75, 0xee75, 0xee75, 0xee75, 0xee75, 0xee75, 0xee75, 0xee75, 0xee75, 0xee75, 0xee75, 0xee75, 
	0xee75, 0xee75, 0xee75, 0xee75, 0xee75, 0xee75, 0xee75, 0xee75, 0xee75, 0xee75, 0xee75, 0xee75, 0xee75, 0xee75, 0xee75, 0xee75, 
	0xee75, 0xee75, 0xee75, 0xee75, 0xee75, 0xee75, 0xee75, 0xee75, 0xee75, 0xee75, 0xee75, 0xee75, 0xee75, 0xee75, 0xee75, 0xee75, 
	0xee75, 0xee75, 0xee75, 0xee75, 0xee75, 0xee75, 0xee75, 0xee75, 0xee75, 0xee75, 0xee75, 0xee75, 0xee75, 0xee75, 0xee75, 0xee75, 
	0xee75, 0xee75, 0xee75, 0xee75, 0xee75, 0xee75, 0xee75, 0xee75, 0xee75, 0xee75, 0xee75, 0xee75, 0xee75, 0xee75, 0xee75, 0xee75, 
	0xee75, 0xee75, 0xee75, 0xee75, 0xee75, 0xee75, 0xee75, 0xee75, 0xee75, 0xee75, 0xee75, 0xee75, 0xee75, 0xee75, 0xee75, 0xee75, 
	0xee75, 0xee75, 0xee75, 0xee75, 0xee75, 0xee75, 0xee75, 0xee75, 0xee75, 0xee75, 0xee75, 0xee75, 0xee75, 0xee75, 0xee75, 0xee75, 
	0xee75, 0xee75, 0xee75, 0xee75, 0xee75, 0xee75, 0xee75, 0xee75, 0xee75, 0xee75, 0xee75, 0xee75, 0xee75, 0xee75, 0xee75, 0xee75, 
	0xee75, 0xee75, 0xee75, 0xee75, 0xee75, 0xee75, 0xee75, 0xee75, 0xee75, 0xee75, 0xee75, 0xee75, 0xee75, 0xee75, 0xee75, 0xee75, 
	0xee75, 0xee75, 0xee75, 0xee75, 0xee75, 0xee75, 0xee75, 0xee75, 0xee75, 0xee75, 0xee75, 0xee75, 0xee75, 0xee75, 0xee75, 0xee75, 
	0xee75, 0xee75, 0xee75, 0xee75, 0xee75, 0xee75, 0xee75, 0xee75, 0xee75, 0xee75, 0xee75, 0xee75, 0xee75, 0xee75, 0xee75, 0xee75, 
	0xee75, 0xee75, 0xee75, 0xee75, 0xee75, 0xee75, 0xee75, 0xee75, 0xee75, 0xee75, 0xee75, 0xee75, 0xee75, 0xee75, 0xee75, 0xee75, 
	0xee75, 0xee75, 0xee75, 0xee75, 0xee75, 0xee75, 0xee75, 0xee75, 0xee75, 0xee75, 0xee75, 0xee75, 0xee75, 0xee75, 0xee75, 0xee75, 
	0xee75, 0xee75, 0xee75, 0xee75, 0xee75, 0xee75, 0xee75, 0xee75, 0xee75, 0xee75, 0xee75, 0xee75, 0xee75, 0xee75, 0xee75, 0xee75, 
	0xee75, 0xee75, 0xee75, 0xee75, 0xee75, 0xee75, 0xee75, 0xee75, 0xee75, 0xee75, 0xee75, 0xee75, 0xee75, 0xee75, 0xee75, 0xee75, 
	0xee75, 0xee75, 0xee75, 0xee75, 0xee75, 0xee75, 0xee75, 0xee75, 0xee75, 0xee75, 0xee75, 0xee75, 0xee75, 0xee75, 0xee75, 0xee75, 
	0xee75, 0xee75, 0xee75, 0xee75, 0xee75, 0xee75, 0xee75, 0xee75, 0xee75, 0xee75, 0xee75, 0xee75, 0xee75, 0xee75, 0xee75, 0xee75, 
	0xee75, 0xee75, 0xee75, 0xee75, 0xee75, 0xee75, 0xee75, 0xee75, 0xee75, 0xee75, 0xee75, 0xee75, 0xee75, 0xee75, 0xee75, 0xee75, 
	0xee75, 0xee75, 0xee75, 0xee75, 0xee75, 0xee75, 0xee75, 0xee75, 0xee75, 0xee75, 0xee75, 0xee75, 0xee75, 0xee75, 0xee75, 0xee75, 
	0xee75, 0xee75, 0xee75, 0xee75, 0xee75, 0xee75, 0xee75, 0xee75, 0xee75, 0xee75, 0xee75, 0xee75, 0xee75, 0xee75, 0xee75, 0xee75, 
	0xee75, 0xee75, 0xee75, 0xee75, 0xee75, 0xee75, 0xee75, 0xee75, 0xee75, 0xee75, 0xee75, 0xee75, 0xee75, 0xee75, 0xee75, 0xee75, 
	0xee75, 0xee75, 0xee75, 0xee75, 0xee75, 0xee75, 0xee75, 0xee75, 0xee75, 0xee75, 0xee75, 0xee75, 0xee75, 0xee75, 0xee75, 0xee75, 
	0xee75, 0xee75, 0xee75, 0xee75, 0xee75, 0xee75, 0xee75, 0xee75, 0xee75, 0xee75, 0xee75, 0xee75, 0xee75, 0xee75, 0xee75, 0xee75, 
	0xee75, 0xee75, 0xee75, 0xee75, 0xee75, 0xee75, 0xee75, 0xee75, 0xee75, 0xee75, 0xee75, 0xee75, 0xee75, 0xee75, 0xee75, 0xee75, 
	0xee75, 0xee75, 0xee75, 0xee75, 0xee75, 0xee75, 0xee75, 0xee75, 0xee75, 0xee75, 0xee75, 0xee75, 0xee75, 0xee75, 0xee75, 0xee75, 
	0xee75, 0xee75, 0xee75, 0xee75, 0xee75, 0xee75, 0xee75, 0xee75, 0xee75, 0xee75, 0xee75, 0xee75, 0xee75, 0xee75, 0xee75, 0xee75, 
	0xee75, 0xee75, 0xee75, 0xee75, 0xee75, 0xee75, 0xee75, 0xee75, 0xee75, 0xee75, 0xee75, 0xee75, 0xee75, 0xee75, 0xee75, 0xee75, 
	0xee75, 0xee75, 0xee75, 0xee75, 0xee75, 0xee75, 0xee75, 0xee75, 0xee75, 0xee75, 0xee75, 0xee75, 0xee75, 0xee75, 0xee75, 0xee75, 
	0xee75, 0xee75, 0xee75, 0xee75, 0xee75, 0xee75, 0xee75, 0xee75, 0xee75, 0xee75, 0xee75, 0xee75, 0xee75, 0xee75, 0xee75, 0xee75, 
	0xee75, 0xee75, 0xee75, 0xee75, 0xee75, 0xee75, 0xee75, 0xee75, 0xee75, 0xee75, 0xee75, 0xee75, 0xee75, 0xee75, 0xee75, 0xee75, 
	0xee75, 0xee75, 0xee75, 0xee75, 0xee75, 0xee75, 0xee75, 0xee75, 0xee75, 0xee75, 0xee75, 0xee75, 0xee75, 0xee75, 0xee75, 0xee75, 
	0xee75, 0xee75, 0xee75, 0xee75, 0xee75, 0xee75, 0xee75, 0xee75, 0xee75, 0xee75, 0xee75, 0xee75, 0xee75, 0xee75, 0xee75, 0xee75, 
	0xee75, 0xee75, 0xee75, 0xee75, 0xee75, 0xee75, 0xee75, 0xee75, 0xee75, 0xee75, 0xee75, 0xee75, 0xee75, 0xee75, 0xee75, 0xee75, 
	0xee75, 0xee75, 0xee75, 0xee75, 0xee75, 0xee75, 0xee75, 0xee75, 0xee75, 0xee75, 0xee75, 0xee75, 0xee75, 0xee75, 0xee75, 0xee75, 
	0xee75, 0xee75, 0xee75, 0xee75, 0xee75, 0xee75, 0xee75, 0xee75, 0xee75, 0xee75, 0xee75, 0xee75, 0xee75, 0xee75, 0xee75, 0xee75, 
	0xee75, 0xee75, 0xee75, 0xee75, 0xee75, 0xee75, 0xee75, 0xee75, 0xee75, 0xee75, 0xee75, 0xee75, 0xee75, 0xee75, 0xee75, 0xee75, 
	0xee75, 0xee75, 0xee75, 0xee75, 0xee75, 0xee75, 0xee75, 0xee75, 0xee75, 0xee75, 0xee75, 0xee75, 0xee75, 0xee75, 0xee75, 0xee75, 
	0xee75, 0xee75, 0xee75, 0xee75, 0xee75, 0xee75, 0xee75, 0xee75, 0xee75, 0xee75, 0xee75, 0xee75, 0xee75, 0xee75, 0xee75, 0xee75, 
	0xee75, 0xee75, 0xee75, 0xee75, 0xee75, 0xee75, 0xee75, 0xee75, 0xee75, 0xee75, 0xee75, 0xee75, 0xee75, 0xee75, 0xee75, 0xee75, 
	0xee75, 0xee75, 0xee75, 0xee75, 0xee75, 0xee75, 0xee75, 0xee75, 0xee75, 0xee75, 0xee75, 0xee75, 0xee75, 0xee75, 0xee75, 0xee75, 
	0xee75, 0xee75, 0xee75, 0xee75, 0xee75, 0xee75, 0xee75, 0xee75, 0xee75, 0xee75, 0xee75, 0xee75, 0xee75, 0xee75, 0xee75, 0xee75, 
	0xee75, 0xee75, 0xee75, 0xee75, 0xee75, 0xee75, 0xee75, 0xee75, 0xee75, 0xee75, 0xee75, 0xee75, 0xee75, 0xee75, 0xee75, 0xee75, 
	0xee75, 0xee75, 0xee75, 0xee75, 0xee75, 0xee75, 0xee75, 0xee75, 0xee75, 0xee75, 0xee75, 0xee75, 0xee75, 0xee75, 0xee75, 0xee75, 
	0xee75, 0xee75, 0xee75, 0xee75, 0xee75, 0xee75, 0xee75, 0xee75, 0xee75, 0xee75, 0xee75, 0xee75, 0xee75, 0xee75, 0xee75, 0xee75, 
	0xee75, 0xee75, 0xee75, 0xee75, 0xee75, 0xee75, 0xee75, 0xee75, 0xee75, 0xee75, 0xee75, 0xee75, 0xee75, 0xee75, 0xee75, 0xee75, 
	0xee75, 0xee75, 0xee75, 0xee75, 0xee75, 0xee75, 0xee75, 0xee75, 0xee75, 0xee75, 0xee75, 0xee75, 0xee75, 0xee75, 0xee75, 0xee75, 
	0xee75, 0xee75, 0xee75, 0xee75, 0xee75, 0xee75, 0xee75, 0xee75, 0xee75, 0xee75, 0xee75, 0xee75, 0xee75, 0xee75, 0xee75, 0xee75, 
	0xee75, 0xee75, 0xee75, 0xee75, 0xee75, 0xee75, 0xee75, 0xee75, 0xee75, 0xee75, 0xee75, 0xee75, 0xee75, 0xee75, 0xee75, 0xee75, 
	0xee75, 0xee75, 0xee75, 0xee75, 0xee75, 0xee75, 0xee75, 0xee75, 0xee75, 0xee75, 0xee75, 0xee75, 0xee75, 0xee75, 0xee75, 0xee75, 
	0xee75, 0xee75, 0xee75, 0xee75, 0xee75, 0xee75, 0xee75, 0xee75, 0xee75, 0xee75, 0xee75, 0xee75, 0xee75, 0xee75, 0xee75, 0xee75, 
	0xee75, 0xee75, 0xee75, 0xee75, 0xee75, 0xee75, 0xee75, 0xee75, 0xee75, 0xee75, 0xee75, 0xee75, 0xee75, 0xee75, 0xee75, 0xee75, 
	0xee75, 0xee75, 0xee75, 0xee75, 0xee75, 0xee75, 0xee75, 0xee75, 0xee75, 0xee75, 0xee75, 0xee75, 0xee75, 0xee75, 0xee75, 0xee75, 
	0xee75, 0xee75, 0xee75, 0xee75, 0xee75, 0xee75, 0xee75, 0xee75, 0xee75, 0xee75, 0xee75, 0xee75, 0xee75, 0xee75, 0xee75, 0xee75, 
	0xee75, 0xee75, 0xee75, 0xee75, 0xee75, 0xee75, 0xee75, 0xee75, 0xee75, 0xee75, 0xee75, 0xee75, 0xee75, 0xee75, 0xee75, 0xee75, 
	0xee75, 0xee75, 0xee75, 0xee75, 0xee75, 0xee75, 0xee75, 0xee75, 0xee75, 0xee75, 0xee75, 0xee75, 0xee75, 0xee75, 0xee75, 0xee75, 
	0xee75, 0xee75, 0xee75, 0xee75, 0xee75, 0xee75, 0xee75, 0xee75, 0xee75, 0xee75, 0xee75, 0xee75, 0xee75, 0xee75, 0xee75, 0xee75, 
	0xee75, 0xee75, 0xee75, 0xee75, 0xee75, 0xee75, 0xee75, 0xee75, 0xee75, 0xee75, 0xee75, 0xee75, 0xee75, 0xee75, 0xee75, 0xee75, 
	0xee75, 0xee75, 0xee75, 0xee75, 0xee75, 0xee75, 0xee75, 0xee75, 0xee75, 0xee75, 0xee75, 0xee75, 0xee75, 0xee75, 0xee75, 0xee75, 
	0xee75, 0xee75, 0xee75, 0xee75, 0xee75, 0xee75, 0xee75, 0xee75, 0xee75, 0xee75, 0xee75, 0xee75, 0xee75, 0xee75, 0xee75, 0xee75, 
	0xee75, 0xee75, 0xee75, 0xee75, 0xee75, 0xee75, 0xee75, 0xee75, 0xee75, 0xee75, 0xee75, 0xee75, 0xee75, 0xee75, 0xee75, 0xee75, 
	0xee75, 0xee75, 0xee75, 0xee75, 0xee75, 0xee75, 0xee75, 0xee75, 0xee75, 0xee75, 0xee75, 0xee75, 0xee75, 0xee75, 0xee75, 0xee75, 
	0xee75, 0xee75, 0xee75, 0xee75, 0xee75, 0xee75, 0xee75, 0xee75, 0xee75, 0xee75, 0xee75, 0xee75, 0xee75, 0xee75, 0xee75, 0xee75, 
	0xee75, 0xee75, 0xee75, 0xee75, 0xee75, 0xee75, 0xee75, 0xee75, 0xee75, 0xee75, 0xee75, 0xee75, 0xee75, 0xee75, 0xee75, 0xee75, 
	0xee75, 0xee75, 0xee75, 0xee75, 0xee75, 0xee75, 0xee75, 0xee75, 0xee75, 0xee75, 0xee75, 0xee75, 0xee75, 0xee75, 0xee75, 0xee75, 
	0xee75, 0xee75, 0xee75, 0xee75, 0xee75, 0xee75, 0xee75, 0xee75, 0xee75, 0xee75, 0xee75, 0xee75, 0xee75, 0xee75, 0xee75, 0xee75, 
	0xee75, 0xee75, 0xee75, 0xee75, 0xee75, 0xee75, 0xee75, 0xee75, 0xee75, 0xee75, 0xee75, 0xee75, 0xee75, 0xee75, 0xee75, 0xee75, 
	0xee75, 0xee75, 0xee75, 0xee75, 0xee75, 0xee75, 0xee75, 0xee75, 0xee75, 0xee75, 0xee75, 0xee75, 0xee75, 0xee75, 0xee75, 0xee75, 
	0xee75, 0xee75, 0xee75, 0xee75, 0xee75, 0xee75, 0xee75, 0xee75, 0xee75, 0xee75, 0xee75, 0xee75, 0xee75, 0xee75, 0xee75, 0xee75, 
	0xee75, 0xee75, 0xee75, 0xee75, 0xee75, 0xee75, 0xee75, 0xee75, 0xee75, 0xee75, 0xee75, 0xee75, 0xee75, 0xee75, 0xee75, 0xee75, 
	0xee75, 0xee75, 0xee75, 0xee75, 0xee75, 0xee75, 0xee75, 0xee75, 0xee75, 0xee75, 0xee75, 0xee75, 0xee75, 0xee75, 0xee75, 0xee75, 
	0xee75, 0xee75, 0xee75, 0xee75, 0xee75, 0xee75, 0xee75, 0xee75, 0xee75, 0xee75, 0xee75, 0xee75, 0xee75, 0xee75, 0xee75, 0xee75, 
	0xee75, 0xee75, 0xee75, 0xee75, 0xee75, 0xee75, 0xee75, 0xee75, 0xee75, 0xee75, 0xee75, 0xee75, 0xee75, 0xee75, 0xee75, 0xee75, 
	0xee75, 0xee75, 0xee75, 0xee75, 0xee75, 0xee75, 0xee75, 0xee75, 0xee75, 0xee75, 0xee75, 0xee75, 0xee75, 0xee75, 0xee75, 0xee75, 
	0xee75, 0xee75, 0xee75, 0xee75, 0xee75, 0xee75, 0xee75, 0xee75, 0xee75, 0xee75, 0xee75, 0xee75, 0xee75, 0xee75, 0xee75, 0xee75, 
	0xee75, 0xee75, 0xee75, 0xee75, 0xee75, 0xee75, 0xee75, 0xee75, 0xee75, 0xee75, 0xee75, 0xee75, 0xee75, 0xee75, 0xee75, 0xee75, 
	0xee75, 0xee75, 0xee75, 0xee75, 0xee75, 0xee75, 0xee75, 0xee75, 0xee75, 0xee75, 0xee75, 0xee75, 0xee75, 0xee75, 0xee75, 0xee75, 
	0xee75, 0xee75, 0xee75, 0xee75, 0xee75, 0xee75, 0xee75, 0xee75, 0xee75, 0xee75, 0xee75, 0xee75, 0xee75, 0xee75, 0xee75, 0xee75, 
	0xee75, 0xee75, 0xee75, 0xee75, 0xee75, 0xee75, 0xee75, 0xee75, 0xee75, 0xee75, 0xee75, 0xee75, 0xee75, 0xee75, 0xee75, 0xee75, 
	0xee75, 0xee75, 0xee75, 0xee75, 0xee75, 0xee75, 0xee75, 0xee75, 0xee75, 0xee75, 0xee75, 0xee75, 0xee75, 0xee75, 0xee75, 0xee75, 
	0xee75, 0xee75, 0xee75, 0xee75, 0xee75, 0xee75, 0xee75, 0xee75, 0xee75, 0xee75, 0xee75, 0xee75, 0xee75, 0xee75, 0xee75, 0xee75, 
	0xee75, 0xee75, 0xee75, 0xee75, 0xee96, 0xeeb6, 0xeeb6, 0xeeb6, 0xee96, 0xee96, 0xee96, 0xee96, 0xee75, 0xee75, 0xee75, 0xee75, 
	0xee75, 0xee75, 0xee75, 0xee75, 0xee75, 0xee75, 0xee75, 0xee75, 0xee75, 0xee75, 0xee75, 0xee75, 0xee75, 0xee75, 0xee75, 0xee75, 
	0xee75, 0xee75, 0xee75, 0xee75, 0xee75, 0xee75, 0xee75, 0xee75, 0xee75, 0xee75, 0xee75, 0xee75, 0xee75, 0xee75, 0xee75, 0xee75, 
	0xee75, 0xee75, 0xee75, 0xee75, 0xee75, 0xee75, 0xee75, 0xee75, 0xee75, 0xee75, 0xee75, 0xee75, 0xee75, 0xee75, 0xee75, 0xee75, 
	0xee75, 0xee75, 0xee75, 0xee75, 0xee75, 0xee75, 0xee75, 0xee75, 0xee75, 0xee75, 0xee75, 0xee75, 0xee75, 0xee75, 0xee75, 0xee75, 
	0xee75, 0xee75, 0xee75, 0xee75, 0xee75, 0xee75, 0xee75, 0xee75, 0xee75, 0xee75, 0xee75, 0xee75, 0xee75, 0xee75, 0xee75, 0xee75, 
	0xee75, 0xee75, 0xee75, 0xee75, 0xee75, 0xee75, 0xee75, 0xee75, 0xee75, 0xee75, 0xee75, 0xee75, 0xee75, 0xee75, 0xee75, 0xee75, 
	0xee75, 0xee75, 0xee75, 0xee75, 0xee75, 0xee75, 0xee75, 0xee75, 0xee75, 0xee75, 0xee75, 0xee75, 0xee75, 0xee75, 0xee75, 0xee75, 
	0xee75, 0xee75, 0xee75, 0xee75, 0xee75, 0xee75, 0xee75, 0xee75, 0xee75, 0xee75, 0xee75, 0xee75, 0xee75, 0xee75, 0xee75, 0xee75, 
	0xee75, 0xee75, 0xee75, 0xee75, 0xee75, 0xee75, 0xee75, 0xee75, 0xee75, 0xee75, 0xee75, 0xee75, 0xee75, 0xee75, 0xee75, 0xee75, 
	0xee75, 0xee75, 0xee75, 0xee75, 0xee75, 0xee75, 0xee75, 0xee75, 0xee75, 0xee75, 0xee75, 0xee75, 0xee75, 0xee75, 0xee75, 0xee75, 
	0xee75, 0xee75, 0xee75, 0xee75, 0xee75, 0xee75, 0xee75, 0xee75, 0xee75, 0xee75, 0xee75, 0xee75, 0xee75, 0xee75, 0xee75, 0xee75, 
	0xee75, 0xee75, 0xee75, 0xee75, 0xee75, 0xee75, 0xee75, 0xee75, 0xee75, 0xee75, 0xee75, 0xee75, 0xee75, 0xee75, 0xee75, 0xee75, 
	0xee75, 0xee75, 0xee75, 0xee75, 0xee75, 0xee75, 0xee75, 0xee75, 0xee75, 0xee75, 0xee75, 0xee75, 0xee75, 0xee75, 0xee75, 0xee75, 
	0xee75, 0xee75, 0xee75, 0xee75, 0xee75, 0xee75, 0xee75, 0xee75, 0xee75, 0xee75, 0xee75, 0xee75, 0xee75, 0xee75, 0xee75, 0xee75, 
	0xee75, 0xee75, 0xee75, 0xee55, 0xcc0d, 0xbb8b, 0xc38b, 0xc38b, 0xd3cc, 0xd3cc, 0xcbec, 0xdc4d, 0xee55, 0xee75, 0xee75, 0xee75, 
	0xee75, 0xee75, 0xee75, 0xee75, 0xee75, 0xee75, 0xee75, 0xee75, 0xee75, 0xee75, 0xee75, 0xee75, 0xee75, 0xee75, 0xee75, 0xee75, 
	0xee75, 0xee75, 0xee75, 0xee75, 0xee75, 0xee75, 0xee75, 0xee75, 0xee75, 0xee75, 0xee75, 0xee75, 0xee75, 0xee75, 0xee75, 0xee75, 
	0xee75, 0xee75, 0xee75, 0xee75, 0xee75, 0xee75, 0xee75, 0xee75, 0xee75, 0xee75, 0xee75, 0xee75, 0xee75, 0xee75, 0xee75, 0xee75, 
	0xee75, 0xee75, 0xee75, 0xee75, 0xee75, 0xee75, 0xee75, 0xee75, 0xee75, 0xee75, 0xee75, 0xee75, 0xee75, 0xee75, 0xee75, 0xee75, 
	0xee75, 0xee75, 0xee75, 0xee75, 0xee75, 0xee75, 0xee75, 0xee75, 0xee75, 0xee75, 0xee75, 0xee75, 0xee75, 0xee75, 0xee75, 0xee75, 
	0xee75, 0xee75, 0xee75, 0xee75, 0xee75, 0xee75, 0xee75, 0xee75, 0xee75, 0xee75, 0xee75, 0xee75, 0xee75, 0xee75, 0xee75, 0xee75, 
	0xee75, 0xee75, 0xee75, 0xee75, 0xee75, 0xee75, 0xee75, 0xee75, 0xee75, 0xee75, 0xee75, 0xee75, 0xee75, 0xee75, 0xee75, 0xee75, 
	0xee75, 0xee75, 0xee75, 0xee75, 0xee75, 0xee75, 0xee75, 0xee75, 0xee75, 0xee75, 0xee75, 0xee75, 0xee75, 0xee75, 0xee75, 0xee75, 
	0xee75, 0xee75, 0xee75, 0xee75, 0xee75, 0xee75, 0xee75, 0xee75, 0xee75, 0xee75, 0xee75, 0xee75, 0xee75, 0xee75, 0xee75, 0xee75, 
	0xee75, 0xee75, 0xee75, 0xee75, 0xee75, 0xee75, 0xee75, 0xee75, 0xee75, 0xee75, 0xee75, 0xee75, 0xee75, 0xee75, 0xee75, 0xee75, 
	0xee75, 0xee75, 0xee75, 0xee75, 0xee75, 0xee75, 0xee75, 0xee75, 0xee75, 0xee75, 0xee75, 0xee75, 0xee75, 0xee75, 0xee75, 0xee75, 
	0xee75, 0xee75, 0xee75, 0xee75, 0xee75, 0xee75, 0xee75, 0xee75, 0xee75, 0xee75, 0xee75, 0xee75, 0xee75, 0xee75, 0xee75, 0xee75, 
	0xee75, 0xee75, 0xee75, 0xee75, 0xee75, 0xee75, 0xee75, 0xee75, 0xee75, 0xee75, 0xee75, 0xee75, 0xee75, 0xee75, 0xee75, 0xee75, 
	0xee75, 0xee75, 0xee75, 0xee75, 0xee75, 0xee75, 0xee75, 0xee75, 0xee75, 0xee75, 0xee75, 0xee75, 0xee75, 0xee75, 0xee75, 0xee75, 
	0xee75, 0xee75, 0xee75, 0xee55, 0xb226, 0x9943, 0xa943, 0xa943, 0xc1a4, 0xc1c5, 0xb1c4, 0xca87, 0xee55, 0xee75, 0xe675, 0xe675, 
	0xee75, 0xee75, 0xee75, 0xee75, 0xee75, 0xee75, 0xee75, 0xee75, 0xee75, 0xee75, 0xee75, 0xee75, 0xee75, 0xee75, 0xee75, 0xee75, 
	0xee75, 0xee75, 0xee75, 0xee75, 0xee75, 0xee75, 0xee75, 0xee75, 0xee75, 0xee75, 0xee75, 0xee75, 0xee75, 0xee75, 0xee75, 0xee75, 
	0xee75, 0xee75, 0xee75, 0xee75, 0xee75, 0xee75, 0xee75, 0xee75, 0xee75, 0xee75, 0xee75, 0xee75, 0xee75, 0xee75, 0xee75, 0xee75, 
	0xee75, 0xee75, 0xee75, 0xee75, 0xee75, 0xee75, 0xee75, 0xee75, 0xee75, 0xee75, 0xee75, 0xee75, 0xee75, 0xee75, 0xee75, 0xee75, 
	0xee75, 0xee75, 0xee75, 0xee75, 0xee75, 0xee75, 0xee75, 0xee75, 0xee75, 0xee75, 0xee75, 0xee75, 0xee75, 0xee75, 0xee75, 0xee75, 
	0xee75, 0xee75, 0xee75, 0xee75, 0xee75, 0xee75, 0xee75, 0xee75, 0xee75, 0xee75, 0xee75, 0xee75, 0xee75, 0xee75, 0xee75, 0xee75, 
	0xee75, 0xee75, 0xee75, 0xee75, 0xee75, 0xee75, 0xee75, 0xee75, 0xee75, 0xee75, 0xee75, 0xee75, 0xee75, 0xee75, 0xee75, 0xee75, 
	0xee75, 0xee75, 0xee75, 0xee75, 0xee75, 0xee75, 0xee75, 0xee75, 0xee75, 0xee75, 0xee75, 0xee75, 0xee75, 0xee75, 0xee75, 0xee75, 
	0xee75, 0xee75, 0xee75, 0xee75, 0xee75, 0xee75, 0xee75, 0xee75, 0xee75, 0xee75, 0xee75, 0xee75, 0xee75, 0xee75, 0xee75, 0xee75, 
	0xee75, 0xee75, 0xee75, 0xee75, 0xee75, 0xee75, 0xee75, 0xee75, 0xee75, 0xee75, 0xee75, 0xee75, 0xee75, 0xee75, 0xee75, 0xee75, 
	0xee75, 0xee75, 0xee75, 0xee75, 0xee75, 0xee75, 0xee75, 0xee75, 0xee75, 0xee75, 0xee75, 0xee75, 0xee75, 0xee75, 0xee75, 0xee75, 
	0xee75, 0xee75, 0xee75, 0xee75, 0xee75, 0xee75, 0xee75, 0xee75, 0xee75, 0xee75, 0xee75, 0xee75, 0xee75, 0xee75, 0xee75, 0xee75, 
	0xee75, 0xee75, 0xee75, 0xee75, 0xee75, 0xee75, 0xee75, 0xee75, 0xee75, 0xee75, 0xee75, 0xee75, 0xee75, 0xee75, 0xee75, 0xee75, 
	0xee75, 0xee75, 0xee75, 0xee75, 0xee75, 0xee75, 0xee75, 0xee75, 0xee75, 0xee75, 0xee75, 0xee75, 0xee75, 0xee75, 0xee75, 0xee75, 
	0xee96, 0xeeb6, 0xf6b6, 0xee96, 0xb267, 0x99a4, 0xa984, 0xa9a4, 0xc1e5, 0xc205, 0xb205, 0xcaa8, 0xee95, 0xee96, 0xee96, 0xee96, 
	0xee75, 0xee75, 0xee75, 0xee75, 0xee75, 0xee75, 0xee75, 0xee75, 0xee75, 0xee75, 0xee75, 0xee75, 0xee75, 0xee75, 0xee75, 0xee75, 
	0xee75, 0xee75, 0xee75, 0xee75, 0xee75, 0xee75, 0xee75, 0xee75, 0xee75, 0xee75, 0xee75, 0xee75, 0xee75, 0xee75, 0xee75, 0xee75, 
	0xee75, 0xee75, 0xee75, 0xee75, 0xee75, 0xee75, 0xee75, 0xee75, 0xee75, 0xee75, 0xee75, 0xee75, 0xee75, 0xee75, 0xee75, 0xee75, 
	0xee75, 0xee75, 0xee75, 0xee75, 0xee75, 0xee75, 0xee75, 0xee75, 0xee75, 0xee75, 0xee75, 0xee75, 0xee75, 0xee75, 0xee75, 0xee75, 
	0xee75, 0xee75, 0xee75, 0xee75, 0xee75, 0xee75, 0xee75, 0xee75, 0xee75, 0xee75, 0xee75, 0xee75, 0xee75, 0xee75, 0xee75, 0xee75, 
	0xee75, 0xee75, 0xee75, 0xee75, 0xee75, 0xee75, 0xee75, 0xee75, 0xee75, 0xee75, 0xee75, 0xee75, 0xee75, 0xee75, 0xee75, 0xee75, 
	0xee75, 0xee75, 0xee75, 0xee75, 0xee75, 0xee75, 0xee75, 0xee75, 0xee75, 0xee75, 0xee75, 0xee75, 0xee75, 0xee75, 0xee75, 0xee75, 
	0xee75, 0xee75, 0xee75, 0xee75, 0xee75, 0xee75, 0xee75, 0xee75, 0xee75, 0xee75, 0xee75, 0xee75, 0xee75, 0xee75, 0xee75, 0xee75, 
	0xee75, 0xee75, 0xee75, 0xee75, 0xee75, 0xee75, 0xee75, 0xee75, 0xee75, 0xee75, 0xee75, 0xee75, 0xee75, 0xee75, 0xee75, 0xee75, 
	0xee75, 0xee75, 0xee75, 0xee75, 0xee75, 0xee75, 0xee75, 0xee75, 0xee75, 0xee75, 0xee75, 0xee75, 0xee75, 0xee75, 0xee75, 0xee75, 
	0xee75, 0xee75, 0xee75, 0xee75, 0xee75, 0xee75, 0xee75, 0xee75, 0xee75, 0xee75, 0xee75, 0xee75, 0xee75, 0xee75, 0xee75, 0xee75, 
	0xee75, 0xee75, 0xee75, 0xee75, 0xee75, 0xee75, 0xee75, 0xee75, 0xee75, 0xee75, 0xee75, 0xee75, 0xee75, 0xee75, 0xee75, 0xee75, 
	0xee75, 0xee75, 0xee75, 0xee75, 0xee75, 0xee75, 0xee75, 0xee75, 0xee75, 0xee75, 0xee75, 0xee75, 0xee75, 0xee75, 0xee75, 0xee75, 
	0xee75, 0xee75, 0xee75, 0xee75, 0xee75, 0xee75, 0xee75, 0xee75, 0xee75, 0xee75, 0xee75, 0xee75, 0xee75, 0xee75, 0xee75, 0xee75, 
	0xd4f0, 0xc44d, 0xcc4e, 0xcc4e, 0xb206, 0xa1a4, 0xa9a4, 0xa9a4, 0xca26, 0xca26, 0xc226, 0xd287, 0xe48e, 0xe48e, 0xd48e, 0xe510, 
	0xee75, 0xee75, 0xee75, 0xee75, 0xee75, 0xee75, 0xee75, 0xee75, 0xee75, 0xee75, 0xee75, 0xee75, 0xee75, 0xee75, 0xee75, 0xee75, 
	0xee75, 0xee75, 0xee75, 0xee75, 0xee75, 0xee75, 0xee75, 0xee75, 0xee75, 0xee75, 0xee75, 0xee75, 0xee75, 0xee75, 0xee75, 0xee75, 
	0xee75, 0xee75, 0xee75, 0xee75, 0xee75, 0xee75, 0xee75, 0xee75, 0xee75, 0xee75, 0xee75, 0xee75, 0xee75, 0xee75, 0xee75, 0xee75, 
	0xee75, 0xee75, 0xee75, 0xee75, 0xee75, 0xee75, 0xee75, 0xee75, 0xee75, 0xee75, 0xee75, 0xee75, 0xee75, 0xee75, 0xee75, 0xee75, 
	0xee75, 0xee75, 0xee75, 0xee75, 0xee75, 0xee75, 0xee75, 0xee75, 0xee75, 0xee75, 0xee75, 0xee75, 0xee75, 0xee75, 0xee75, 0xee75, 
	0xee75, 0xee75, 0xee75, 0xee75, 0xee75, 0xee75, 0xee75, 0xee75, 0xee75, 0xee75, 0xee75, 0xee75, 0xee75, 0xee75, 0xee75, 0xee75, 
	0xee75, 0xee75, 0xee75, 0xee75, 0xee75, 0xee75, 0xee75, 0xee75, 0xee75, 0xee75, 0xee75, 0xee75, 0xee75, 0xee75, 0xee75, 0xee75, 
	0xee75, 0xee75, 0xee75, 0xee75, 0xee75, 0xee75, 0xee75, 0xee75, 0xee75, 0xee75, 0xee75, 0xee75, 0xee75, 0xee75, 0xee75, 0xee75, 
	0xee75, 0xee75, 0xee75, 0xee75, 0xee75, 0xee75, 0xee75, 0xee75, 0xee75, 0xee75, 0xee75, 0xee75, 0xee75, 0xee75, 0xee75, 0xee75, 
	0xee75, 0xee75, 0xee75, 0xee75, 0xee75, 0xee75, 0xee75, 0xee75, 0xee75, 0xee75, 0xee75, 0xee75, 0xee75, 0xee75, 0xee75, 0xee75, 
	0xee75, 0xee75, 0xee75, 0xee75, 0xee75, 0xee75, 0xee75, 0xee75, 0xee75, 0xee75, 0xee75, 0xee75, 0xee75, 0xee75, 0xee75, 0xee75, 
	0xee75, 0xee75, 0xee75, 0xee75, 0xee75, 0xee75, 0xee75, 0xee75, 0xee75, 0xee75, 0xee75, 0xee75, 0xee75, 0xee75, 0xee75, 0xee75, 
	0xee75, 0xee75, 0xee75, 0xee75, 0xee75, 0xee75, 0xee75, 0xee75, 0xee75, 0xee75, 0xee75, 0xee75, 0xee75, 0xee75, 0xee75, 0xee75, 
	0xee75, 0xee75, 0xee75, 0xee75, 0xee75, 0xee75, 0xee75, 0xee75, 0xee75, 0xee75, 0xee75, 0xee75, 0xee75, 0xee75, 0xee75, 0xee96, 
	0xbaa8, 0x9163, 0xa143, 0xa163, 0xa9a4, 0xa9a4, 0xa9a4, 0xb1a4, 0xca26, 0xd246, 0xd226, 0xd246, 0xd205, 0xd205, 0xba05, 0xe309, 
	0xee75, 0xee75, 0xee75, 0xee75, 0xee75, 0xee75, 0xee75, 0xee75, 0xee75, 0xee75, 0xee75, 0xee75, 0xee75, 0xee75, 0xee75, 0xee75, 
	0xee75, 0xee75, 0xee75, 0xee75, 0xee75, 0xee75, 0xee75, 0xee75, 0xee75, 0xee75, 0xee75, 0xee75, 0xee75, 0xee75, 0xee75, 0xee75, 
	0xee75, 0xee75, 0xee75, 0xee75, 0xee75, 0xee75, 0xee75, 0xee75, 0xee75, 0xee75, 0xee75, 0xee75, 0xee75, 0xee75, 0xee75, 0xee75, 
	0xee75, 0xee75, 0xee75, 0xee75, 0xee75, 0xee75, 0xee75, 0xee75, 0xee75, 0xee75, 0xee75, 0xee75, 0xee75, 0xee75, 0xee75, 0xee75, 
	0xee75, 0xee75, 0xee75, 0xee75, 0xee75, 0xee75, 0xee75, 0xee75, 0xee75, 0xee75, 0xee75, 0xee75, 0xee75, 0xee75, 0xee75, 0xee75, 
	0xee75, 0xee75, 0xee75, 0xee75, 0xee75, 0xee75, 0xee75, 0xee75, 0xee75, 0xee75, 0xee75, 0xee75, 0xee75, 0xee75, 0xee75, 0xee75, 
	0xee75, 0xee75, 0xee75, 0xee75, 0xee75, 0xee75, 0xee75, 0xee75, 0xee75, 0xee75, 0xee75, 0xee75, 0xee75, 0xee75, 0xee75, 0xee75, 
	0xee75, 0xee75, 0xee75, 0xee75, 0xee75, 0xee75, 0xee75, 0xee75, 0xee75, 0xee75, 0xee75, 0xee75, 0xee75, 0xee75, 0xee75, 0xee75, 
	0xee75, 0xee75, 0xee75, 0xee75, 0xee75, 0xee75, 0xee75, 0xee75, 0xee75, 0xee75, 0xee75, 0xee75, 0xee75, 0xee75, 0xee75, 0xee75, 
	0xee75, 0xee75, 0xee75, 0xee75, 0xee75, 0xee75, 0xee75, 0xee75, 0xee75, 0xee75, 0xee75, 0xee75, 0xee75, 0xee75, 0xee75, 0xee75, 
	0xee75, 0xee75, 0xee75, 0xee75, 0xee75, 0xee75, 0xee75, 0xee75, 0xee75, 0xee75, 0xee75, 0xee75, 0xee75, 0xee75, 0xee75, 0xee75, 
	0xee75, 0xee75, 0xee75, 0xee75, 0xee75, 0xee75, 0xee75, 0xee75, 0xee75, 0xee75, 0xee75, 0xee75, 0xee75, 0xee75, 0xee75, 0xee75, 
	0xee75, 0xee75, 0xee75, 0xee75, 0xee75, 0xee75, 0xee75, 0xee75, 0xee75, 0xee75, 0xee75, 0xee75, 0xee75, 0xee75, 0xee75, 0xee75, 
	0xee75, 0xee75, 0xee75, 0xee75, 0xee75, 0xee75, 0xee75, 0xee75, 0xee75, 0xee75, 0xee75, 0xee75, 0xee95, 0xee96, 0xee96, 0xf6b6, 
	0xc2e9, 0x9983, 0xa984, 0xa9a4, 0xa9a4, 0xa9a4, 0xa9a4, 0xa9a4, 0xca26, 0xd246, 0xd226, 0xd246, 0xd246, 0xd226, 0xc246, 0xe34a, 
	0xeeb6, 0xee96, 0xee96, 0xee76, 0xee75, 0xee75, 0xee75, 0xee75, 0xee75, 0xee75, 0xee75, 0xee75, 0xee75, 0xee75, 0xee75, 0xee75, 
	0xee75, 0xee75, 0xee75, 0xee75, 0xee75, 0xee75, 0xee75, 0xee75, 0xee75, 0xee75, 0xee75, 0xee75, 0xee75, 0xee75, 0xee75, 0xee75, 
	0xee75, 0xee75, 0xee75, 0xee75, 0xee75, 0xee75, 0xee75, 0xee75, 0xee75, 0xee75, 0xee75, 0xee75, 0xee75, 0xee75, 0xee75, 0xee75, 
	0xee75, 0xee75, 0xee75, 0xee75, 0xee75, 0xee75, 0xee75, 0xee75, 0xee75, 0xee75, 0xee75, 0xee75, 0xee75, 0xee75, 0xee75, 0xee75, 
	0xee75, 0xee75, 0xee75, 0xee75, 0xee75, 0xee75, 0xee75, 0xee75, 0xee75, 0xee75, 0xee75, 0xee75, 0xee75, 0xee75, 0xee75, 0xee75, 
	0xee75, 0xee75, 0xee75, 0xee75, 0xee75, 0xee75, 0xee75, 0xee75, 0xee75, 0xee75, 0xee75, 0xee75, 0xee75, 0xee75, 0xee75, 0xee75, 
	0xee75, 0xee75, 0xee75, 0xee75, 0xee75, 0xee75, 0xee75, 0xee75, 0xee75, 0xee75, 0xee75, 0xee75, 0xee75, 0xee75, 0xee75, 0xee75, 
	0xee75, 0xee75, 0xee75, 0xee75, 0xee75, 0xee75, 0xee75, 0xee75, 0xee75, 0xee75, 0xee75, 0xee75, 0xee75, 0xee75, 0xee75, 0xee75, 
	0xee75, 0xee75, 0xee75, 0xee75, 0xee75, 0xee75, 0xee75, 0xee75, 0xee75, 0xee75, 0xee75, 0xee75, 0xee75, 0xee75, 0xee75, 0xee75, 
	0xee75, 0xee75, 0xee75, 0xee75, 0xee75, 0xee75, 0xee75, 0xee75, 0xee75, 0xee75, 0xee75, 0xee75, 0xee75, 0xee75, 0xee75, 0xee75, 
	0xee75, 0xee75, 0xee75, 0xee75, 0xee75, 0xee75, 0xee75, 0xee75, 0xee75, 0xee75, 0xee75, 0xee75, 0xee75, 0xee75, 0xee75, 0xee75, 
	0xee75, 0xee75, 0xee75, 0xee75, 0xee75, 0xee75, 0xee75, 0xee75, 0xee75, 0xee75, 0xee75, 0xee75, 0xee75, 0xee75, 0xee75, 0xee75, 
	0xee75, 0xee75, 0xee75, 0xee75, 0xee75, 0xee75, 0xee75, 0xee75, 0xee75, 0xee75, 0xee75, 0xee75, 0xee75, 0xee75, 0xee75, 0xee75, 
	0xee75, 0xee75, 0xee75, 0xee75, 0xee75, 0xee75, 0xee75, 0xee75, 0xee75, 0xee75, 0xee75, 0xee75, 0xe592, 0xd4f0, 0xd4f0, 0xdd10, 
	0xba87, 0x99a4, 0xa984, 0xa9a4, 0xb1e5, 0xb1e5, 0xb9c4, 0xb9e5, 0xca26, 0xd246, 0xd226, 0xd246, 0xd246, 0xd226, 0xc246, 0xdb09, 
	0xe531, 0xe530, 0xdd31, 0xed92, 0xee75, 0xee75, 0xee75, 0xee75, 0xee75, 0xee75, 0xee75, 0xee75, 0xee75, 0xee75, 0xee75, 0xee75, 
	0xee75, 0xee75, 0xee75, 0xee75, 0xee75, 0xee75, 0xee75, 0xee75, 0xee75, 0xee75, 0xee75, 0xee75, 0xee75, 0xee75, 0xee75, 0xee75, 
	0xee75, 0xee75, 0xee75, 0xee75, 0xee75, 0xee75, 0xee75, 0xee75, 0xee75, 0xee75, 0xee75, 0xee75, 0xee75, 0xee75, 0xee75, 0xee75, 
	0xee75, 0xee75, 0xee75, 0xee75, 0xee75, 0xee75, 0xee75, 0xee75, 0xee75, 0xee75, 0xee75, 0xee75, 0xee75, 0xee75, 0xee75, 0xee75, 
	0xee75, 0xee75, 0xee75, 0xee75, 0xee75, 0xee75, 0xee75, 0xee75, 0xee75, 0xee75, 0xee75, 0xee75, 0xee75, 0xee75, 0xee75, 0xee75, 
	0xee75, 0xee75, 0xee75, 0xee75, 0xee75, 0xee75, 0xee75, 0xee75, 0xee75, 0xee75, 0xee75, 0xee75, 0xee75, 0xee75, 0xee75, 0xee75, 
	0xee75, 0xee75, 0xee75, 0xee75, 0xee75, 0xee75, 0xee75, 0xee75, 0xee75, 0xee75, 0xee75, 0xee75, 0xee75, 0xee75, 0xee75, 0xee75, 
	0xee75, 0xee75, 0xee75, 0xee75, 0xee75, 0xee75, 0xee75, 0xee75, 0xee75, 0xee75, 0xee75, 0xee75, 0xee75, 0xee75, 0xee75, 0xee75, 
	0xee75, 0xee75, 0xee75, 0xee75, 0xee75, 0xee75, 0xee75, 0xee75, 0xee75, 0xee75, 0xee75, 0xee75, 0xee75, 0xee75, 0xee75, 0xee75, 
	0xee75, 0xee75, 0xee75, 0xee75, 0xee75, 0xee75, 0xee75, 0xee75, 0xee75, 0xee75, 0xee75, 0xee75, 0xee75, 0xee75, 0xee75, 0xee75, 
	0xee75, 0xee75, 0xee75, 0xee75, 0xee75, 0xee75, 0xee75, 0xee75, 0xee75, 0xee75, 0xee75, 0xee75, 0xee75, 0xee75, 0xee75, 0xee75, 
	0xee75, 0xee75, 0xee75, 0xee75, 0xee75, 0xee75, 0xee75, 0xee75, 0xee75, 0xee75, 0xee75, 0xee75, 0xee75, 0xee75, 0xee75, 0xee75, 
	0xee75, 0xee75, 0xee75, 0xee75, 0xee75, 0xee75, 0xee75, 0xee75, 0xee75, 0xee75, 0xee75, 0xee75, 0xee75, 0xee75, 0xee75, 0xee75, 
	0xee75, 0xee75, 0xee75, 0xee75, 0xee75, 0xee75, 0xee75, 0xee75, 0xee75, 0xee75, 0xee75, 0xee96, 0xcb4a, 0x9163, 0xa963, 0xa963, 
	0xa984, 0xa984, 0xa984, 0xa9a4, 0xca26, 0xd246, 0xd246, 0xd246, 0xd226, 0xd226, 0xd226, 0xd246, 0xd246, 0xd226, 0xd226, 0xd226, 
	0xd205, 0xd205, 0xba25, 0xebab, 0xee96, 0xe675, 0xee75, 0xee75, 0xee75, 0xee75, 0xee75, 0xee75, 0xee75, 0xee75, 0xee75, 0xee75, 
	0xee75, 0xee75, 0xee75, 0xee75, 0xee75, 0xee75, 0xee75, 0xee75, 0xee75, 0xee75, 0xee75, 0xee75, 0xee75, 0xee75, 0xee75, 0xee75, 
	0xee75, 0xee75, 0xee75, 0xee75, 0xee75, 0xee75, 0xee75, 0xee75, 0xee75, 0xee75, 0xee75, 0xee75, 0xee75, 0xee75, 0xee75, 0xee75, 
	0xee75, 0xee75, 0xee75, 0xee75, 0xee75, 0xee75, 0xee75, 0xee75, 0xee75, 0xee75, 0xee75, 0xee75, 0xee75, 0xee75, 0xee75, 0xee75, 
	0xee75, 0xee75, 0xee75, 0xee75, 0xee75, 0xee75, 0xee75, 0xee75, 0xee75, 0xee75, 0xee75, 0xee75, 0xee75, 0xee75, 0xee75, 0xee75, 
	0xee75, 0xee75, 0xee75, 0xee75, 0xee75, 0xee75, 0xee75, 0xee75, 0xee75, 0xee75, 0xee75, 0xee75, 0xee75, 0xee75, 0xee75, 0xee75, 
	0xee75, 0xee75, 0xee75, 0xee75, 0xee75, 0xee75, 0xee75, 0xee75, 0xee75, 0xee75, 0xee75, 0xee75, 0xee75, 0xee75, 0xee75, 0xee75, 
	0xee75, 0xee75, 0xee75, 0xee75, 0xee75, 0xee75, 0xee75, 0xee75, 0xee75, 0xee75, 0xee75, 0xee75, 0xee75, 0xee75, 0xee75, 0xee75, 
	0xee75, 0xee75, 0xee75, 0xee75, 0xee75, 0xee75, 0xee75, 0xee75, 0xee75, 0xee75, 0xee75, 0xee75, 0xee75, 0xee75, 0xee75, 0xee75, 
	0xee75, 0xee75, 0xee75, 0xee75, 0xee75, 0xee75, 0xee75, 0xee75, 0xee75, 0xee75, 0xee75, 0xee75, 0xee75, 0xee75, 0xee75, 0xee75, 
	0xee75, 0xee75, 0xee75, 0xee75, 0xee75, 0xee75, 0xee75, 0xee75, 0xee75, 0xee75, 0xee75, 0xee75, 0xee75, 0xee75, 0xee75, 0xee75, 
	0xee75, 0xee75, 0xee75, 0xee75, 0xee75, 0xee75, 0xee75, 0xee75, 0xee75, 0xee75, 0xee75, 0xee75, 0xee75, 0xee75, 0xee75, 0xee75, 
	0xee75, 0xee75, 0xee75, 0xee75, 0xee75, 0xee75, 0xee75, 0xee75, 0xee75, 0xee75, 0xee75, 0xee75, 0xee75, 0xee75, 0xee75, 0xee75, 
	0xee75, 0xee75, 0xee75, 0xee75, 0xee75, 0xee75, 0xee75, 0xee75, 0xee75, 0xee75, 0xee75, 0xee96, 0xcb4b, 0x9184, 0xa984, 0xa984, 
	0xa1a4, 0xa184, 0xa184, 0xa984, 0xca26, 0xd246, 0xd226, 0xd226, 0xd226, 0xd226, 0xd226, 0xd246, 0xd246, 0xd226, 0xd226, 0xd246, 
	0xd226, 0xd226, 0xba46, 0xebab, 0xee96, 0xe675, 0xee75, 0xee75, 0xee75, 0xee75, 0xee75, 0xee75, 0xee75, 0xee75, 0xee75, 0xee75, 
	0xee75, 0xee75, 0xee75, 0xee75, 0xee75, 0xee75, 0xee75, 0xee75, 0xee75, 0xee75, 0xee75, 0xee75, 0xee75, 0xee75, 0xee75, 0xee75, 
	0xee75, 0xee75, 0xee75, 0xee75, 0xee75, 0xee75, 0xee75, 0xee75, 0xee75, 0xee75, 0xee75, 0xee75, 0xee75, 0xee75, 0xee75, 0xee75, 
	0xee75, 0xee75, 0xee75, 0xee75, 0xee75, 0xee75, 0xee75, 0xee75, 0xee75, 0xee75, 0xee75, 0xee75, 0xee75, 0xee75, 0xee75, 0xee75, 
	0xee75, 0xee75, 0xee75, 0xee75, 0xee75, 0xee75, 0xee75, 0xee75, 0xee75, 0xee75, 0xee75, 0xee75, 0xee75, 0xee75, 0xee75, 0xee75, 
	0xee75, 0xee75, 0xee75, 0xee75, 0xee75, 0xee75, 0xee75, 0xee75, 0xee75, 0xee75, 0xee75, 0xee75, 0xee75, 0xee75, 0xee75, 0xee75, 
	0xee75, 0xee75, 0xee75, 0xee75, 0xee75, 0xee75, 0xee75, 0xee75, 0xee75, 0xee75, 0xee75, 0xee75, 0xee75, 0xee75, 0xee75, 0xee75, 
	0xee75, 0xee75, 0xee75, 0xee75, 0xee75, 0xee75, 0xee75, 0xee75, 0xee75, 0xee75, 0xee75, 0xee75, 0xee75, 0xee75, 0xee75, 0xee75, 
	0xee75, 0xee75, 0xee75, 0xee75, 0xee75, 0xee75, 0xee75, 0xee75, 0xee75, 0xee75, 0xee75, 0xee75, 0xee75, 0xee75, 0xee75, 0xee75, 
	0xee75, 0xee75, 0xee75, 0xee75, 0xee75, 0xee75, 0xee75, 0xee75, 0xee75, 0xee75, 0xee75, 0xee75, 0xee75, 0xee75, 0xee75, 0xee75, 
	0xee75, 0xee75, 0xee75, 0xee75, 0xee75, 0xee75, 0xee75, 0xee75, 0xee75, 0xee75, 0xee75, 0xee75, 0xee75, 0xee75, 0xee75, 0xee75, 
	0xee75, 0xee75, 0xee75, 0xee75, 0xee75, 0xee75, 0xee75, 0xee75, 0xee75, 0xee75, 0xee75, 0xee75, 0xee75, 0xee75, 0xee75, 0xee75, 
	0xee75, 0xee75, 0xee75, 0xee75, 0xee75, 0xee75, 0xee75, 0xee75, 0xee75, 0xee75, 0xee75, 0xee75, 0xee75, 0xee75, 0xee75, 0xee75, 
	0xee75, 0xee75, 0xee75, 0xee75, 0xee75, 0xee75, 0xee75, 0xee75, 0xee75, 0xee75, 0xee75, 0xee96, 0xcb6b, 0x91a4, 0xa984, 0xa984, 
	0xa9c4, 0xa9c4, 0xb1a4, 0xb1c4, 0xca26, 0xd246, 0xd226, 0xd226, 0xd226, 0xd226, 0xd246, 0xd246, 0xd246, 0xd246, 0xd246, 0xd246, 
	0xd226, 0xd226, 0xba46, 0xebab, 0xee96, 0xe675, 0xee75, 0xee75, 0xee75, 0xee75, 0xee75, 0xee75, 0xee75, 0xee75, 0xee75, 0xee75, 
	0xee75, 0xee75, 0xee75, 0xee75, 0xee75, 0xee75, 0xee75, 0xee75, 0xee75, 0xee75, 0xee75, 0xee75, 0xee75, 0xee75, 0xee75, 0xee75, 
	0xee75, 0xee75, 0xee75, 0xee75, 0xee75, 0xee75, 0xee75, 0xee75, 0xee75, 0xee75, 0xee75, 0xee75, 0xee75, 0xee75, 0xee75, 0xee75, 
	0xee75, 0xee75, 0xee75, 0xee75, 0xee75, 0xee75, 0xee75, 0xee75, 0xee75, 0xee75, 0xee75, 0xee75, 0xee75, 0xee75, 0xee75, 0xee75, 
	0xee75, 0xee75, 0xee75, 0xee75, 0xee75, 0xee75, 0xee75, 0xee75, 0xee75, 0xee75, 0xee75, 0xee75, 0xee75, 0xee75, 0xee75, 0xee75, 
	0xee75, 0xee75, 0xee75, 0xee75, 0xee75, 0xee75, 0xee75, 0xee75, 0xee75, 0xee75, 0xee75, 0xee75, 0xee75, 0xee75, 0xee75, 0xee75, 
	0xee75, 0xee75, 0xee75, 0xee75, 0xee75, 0xee75, 0xee75, 0xee75, 0xee75, 0xee75, 0xee75, 0xee75, 0xee75, 0xee75, 0xee75, 0xee75, 
	0xee75, 0xee75, 0xee75, 0xee75, 0xee75, 0xee75, 0xee75, 0xee75, 0xee75, 0xee75, 0xee75, 0xee75, 0xee75, 0xee75, 0xee75, 0xee75, 
	0xee75, 0xee75, 0xee75, 0xee75, 0xee75, 0xee75, 0xee75, 0xee75, 0xee75, 0xee75, 0xee75, 0xee75, 0xee75, 0xee75, 0xee75, 0xee75, 
	0xee75, 0xee75, 0xee75, 0xee75, 0xee75, 0xee75, 0xee75, 0xee75, 0xee75, 0xee75, 0xee75, 0xee75, 0xee75, 0xee75, 0xee75, 0xee75, 
	0xee75, 0xee75, 0xee75, 0xee75, 0xee75, 0xee75, 0xee75, 0xee75, 0xee75, 0xee75, 0xee75, 0xee75, 0xee75, 0xee75, 0xee75, 0xee75, 
	0xee75, 0xee75, 0xee75, 0xee75, 0xee75, 0xee75, 0xee75, 0xee75, 0xee75, 0xee75, 0xee75, 0xee75, 0xee75, 0xee75, 0xee75, 0xee75, 
	0xee75, 0xee75, 0xee75, 0xee75, 0xee75, 0xee75, 0xee75, 0xee75, 0xee75, 0xee75, 0xee75, 0xee75, 0xee75, 0xee75, 0xee75, 0xee75, 
	0xee75, 0xee75, 0xee75, 0xee75, 0xee75, 0xee75, 0xee75, 0xee75, 0xee75, 0xee75, 0xee75, 0xee96, 0xcb6b, 0x9184, 0xa984, 0xa984, 
	0xca05, 0xd246, 0xd226, 0xd246, 0xd246, 0xd226, 0xd226, 0xd226, 0xd226, 0xd226, 0xd226, 0xd246, 0xd246, 0xd226, 0xd226, 0xd246, 
	0xd226, 0xd226, 0xba46, 0xebab, 0xee96, 0xe675, 0xee75, 0xee75, 0xee75, 0xee75, 0xee75, 0xee75, 0xee75, 0xee75, 0xee75, 0xee75, 
	0xee75, 0xee75, 0xee75, 0xee75, 0xee75, 0xee75, 0xee75, 0xee75, 0xee75, 0xee75, 0xee75, 0xee75, 0xee75, 0xee75, 0xee75, 0xee75, 
	0xee75, 0xee75, 0xee75, 0xee75, 0xee75, 0xee75, 0xee75, 0xee75, 0xee75, 0xee75, 0xee75, 0xee75, 0xee75, 0xee75, 0xee75, 0xee75, 
	0xee75, 0xee75, 0xee75, 0xee75, 0xee75, 0xee75, 0xee75, 0xee75, 0xee75, 0xee75, 0xee75, 0xee75, 0xee75, 0xee75, 0xee75, 0xee75, 
	0xee75, 0xee75, 0xee75, 0xee75, 0xee75, 0xee75, 0xee75, 0xee75, 0xee75, 0xee75, 0xee75, 0xee75, 0xee75, 0xee75, 0xee75, 0xee75, 
	0xee75, 0xee75, 0xee75, 0xee75, 0xee75, 0xee75, 0xee75, 0xee75, 0xee75, 0xee75, 0xee75, 0xee75, 0xee75, 0xee75, 0xee75, 0xee75, 
	0xee75, 0xee75, 0xee75, 0xee75, 0xee75, 0xee75, 0xee75, 0xee75, 0xee75, 0xee75, 0xee75, 0xee75, 0xee75, 0xee75, 0xee75, 0xee75, 
	0xee75, 0xee75, 0xee75, 0xee75, 0xee75, 0xee75, 0xee75, 0xee75, 0xee75, 0xee75, 0xee75, 0xee75, 0xee75, 0xee75, 0xee75, 0xee75, 
	0xee75, 0xee75, 0xee75, 0xee75, 0xee75, 0xee75, 0xee75, 0xee75, 0xee75, 0xee75, 0xee75, 0xee75, 0xee75, 0xee75, 0xee75, 0xee75, 
	0xee75, 0xee75, 0xee75, 0xee75, 0xee75, 0xee75, 0xee75, 0xee75, 0xee75, 0xee75, 0xee75, 0xee75, 0xee75, 0xee75, 0xee75, 0xee75, 
	0xee75, 0xee75, 0xee75, 0xee75, 0xee75, 0xee75, 0xee75, 0xee75, 0xee75, 0xee75, 0xee75, 0xee75, 0xee75, 0xee75, 0xee75, 0xee75, 
	0xee75, 0xee75, 0xee75, 0xee75, 0xee75, 0xee75, 0xee75, 0xee75, 0xee75, 0xee75, 0xee75, 0xee75, 0xee75, 0xee75, 0xee75, 0xee75, 
	0xee75, 0xee75, 0xee75, 0xee75, 0xee75, 0xee75, 0xee75, 0xee75, 0xee75, 0xee75, 0xee75, 0xee75, 0xee75, 0xee75, 0xee75, 0xee75, 
	0xee75, 0xee75, 0xee75, 0xee75, 0xee75, 0xee75, 0xee75, 0xee75, 0xee75, 0xee95, 0xee95, 0xeeb6, 0xcb6b, 0x9184, 0xa984, 0xa984, 
	0xca05, 0xd246, 0xd226, 0xd246, 0xd246, 0xd226, 0xd226, 0xd226, 0xd226, 0xd226, 0xd226, 0xd246, 0xd226, 0xd226, 0xd226, 0xd246, 
	0xd226, 0xd226, 0xba46, 0xebcc, 0xeeb6, 0xee95, 0xee95, 0xee75, 0xee75, 0xee75, 0xee75, 0xee75, 0xee75, 0xee75, 0xee75, 0xee75, 
	0xee75, 0xee75, 0xee75, 0xee75, 0xee75, 0xee75, 0xee75, 0xee75, 0xee75, 0xee75, 0xee75, 0xee75, 0xee75, 0xee75, 0xee75, 0xee75, 
	0xee75, 0xee75, 0xee75, 0xee75, 0xee75, 0xee75, 0xee75, 0xee75, 0xee75, 0xee75, 0xee75, 0xee75, 0xee75, 0xee75, 0xee75, 0xee75, 
	0xee75, 0xee75, 0xee75, 0xee75, 0xee75, 0xee75, 0xee75, 0xee75, 0xee75, 0xee75, 0xee75, 0xee75, 0xee75, 0xee75, 0xee75, 0xee75, 
	0xee75, 0xee75, 0xee75, 0xee75, 0xee75, 0xee75, 0xee75, 0xee75, 0xee75, 0xee75, 0xee75, 0xee75, 0xee75, 0xee75, 0xee75, 0xee75, 
	0xee75, 0xee75, 0xee75, 0xee75, 0xee75, 0xee75, 0xee75, 0xee75, 0xee75, 0xee75, 0xee75, 0xee75, 0xee75, 0xee75, 0xee75, 0xee75, 
	0xee75, 0xee75, 0xee75, 0xee75, 0xee75, 0xee75, 0xee75, 0xee75, 0xee75, 0xee75, 0xee75, 0xee75, 0xee75, 0xee75, 0xee75, 0xee75, 
	0xee75, 0xee75, 0xee75, 0xee75, 0xee75, 0xee75, 0xee75, 0xee75, 0xee75, 0xee75, 0xee75, 0xee75, 0xee75, 0xee75, 0xee75, 0xee75, 
	0xee75, 0xee75, 0xee75, 0xee75, 0xee75, 0xee75, 0xee75, 0xee75, 0xee75, 0xee75, 0xee75, 0xee75, 0xee75, 0xee75, 0xee75, 0xee75, 
	0xee75, 0xee75, 0xee75, 0xee75, 0xee75, 0xee75, 0xee75, 0xee75, 0xee75, 0xee75, 0xee75, 0xee75, 0xee75, 0xee75, 0xee75, 0xee75, 
	0xee75, 0xee75, 0xee75, 0xee75, 0xee75, 0xee75, 0xee75, 0xee75, 0xee75, 0xee75, 0xee75, 0xee75, 0xee75, 0xee75, 0xee75, 0xee75, 
	0xee75, 0xee75, 0xee75, 0xee75, 0xee75, 0xee75, 0xee75, 0xee75, 0xee75, 0xee75, 0xee75, 0xee75, 0xee75, 0xee75, 0xee75, 0xee75, 
	0xee75, 0xee75, 0xee75, 0xee75, 0xee75, 0xee75, 0xee75, 0xee75, 0xee75, 0xee75, 0xee75, 0xee75, 0xee75, 0xee75, 0xee75, 0xee75, 
	0xee75, 0xee75, 0xee75, 0xee75, 0xee75, 0xee75, 0xee75, 0xee75, 0xe634, 0xe614, 0xe614, 0xee34, 0xcb4a, 0x91a4, 0xa9a4, 0xa984, 
	0xca05, 0xd246, 0xd246, 0xd246, 0xd246, 0xd246, 0xd246, 0xd246, 0xd246, 0xd246, 0xd246, 0xd246, 0xd246, 0xd246, 0xd246, 0xd246, 
	0xd246, 0xd246, 0xba46, 0xe38b, 0xee34, 0xe614, 0xe614, 0xee34, 0xee75, 0xee75, 0xee75, 0xee75, 0xee75, 0xee75, 0xee75, 0xee75, 
	0xee75, 0xee75, 0xee75, 0xee75, 0xee75, 0xee75, 0xee75, 0xee75, 0xee75, 0xee75, 0xee75, 0xee75, 0xee75, 0xee75, 0xee75, 0xee75, 
	0xee75, 0xee75, 0xee75, 0xee75, 0xee75, 0xee75, 0xee75, 0xee75, 0xee75, 0xee75, 0xee75, 0xee75, 0xee75, 0xee75, 0xee75, 0xee75, 
	0xee75, 0xee75, 0xee75, 0xee75, 0xee75, 0xee75, 0xee75, 0xee75, 0xee75, 0xee75, 0xee75, 0xee75, 0xee75, 0xee75, 0xee75, 0xee75, 
	0xee75, 0xee75, 0xee75, 0xee75, 0xee75, 0xee75, 0xee75, 0xee75, 0xee75, 0xee75, 0xee75, 0xee75, 0xee75, 0xee75, 0xee75, 0xee75, 
	0xee75, 0xee75, 0xee75, 0xee75, 0xee75, 0xee75, 0xee75, 0xee75, 0xee75, 0xee75, 0xee75, 0xee75, 0xee75, 0xee75, 0xee75, 0xee75, 
	0xee75, 0xee75, 0xee75, 0xee75, 0xee75, 0xee75, 0xee75, 0xee75, 0xee75, 0xee75, 0xee75, 0xee75, 0xee75, 0xee75, 0xee75, 0xee75, 
	0xee75, 0xee75, 0xee75, 0xee75, 0xee75, 0xee75, 0xee75, 0xee75, 0xee75, 0xee75, 0xee75, 0xee75, 0xee75, 0xee75, 0xee75, 0xee75, 
	0xee75, 0xee75, 0xee75, 0xee75, 0xee75, 0xee75, 0xee75, 0xee75, 0xee75, 0xee75, 0xee75, 0xee75, 0xee75, 0xee75, 0xee75, 0xee75, 
	0xee75, 0xee75, 0xee75, 0xee75, 0xee75, 0xee75, 0xee75, 0xee75, 0xee75, 0xee75, 0xee75, 0xee75, 0xee75, 0xee75, 0xee75, 0xee75, 
	0xee75, 0xee75, 0xee75, 0xee75, 0xee75, 0xee75, 0xee75, 0xee75, 0xee75, 0xee75, 0xee75, 0xee75, 0xee75, 0xee75, 0xee75, 0xee75, 
	0xee75, 0xee75, 0xee75, 0xee75, 0xee75, 0xee75, 0xee75, 0xee75, 0xee75, 0xee75, 0xee75, 0xee75, 0xee75, 0xee75, 0xee75, 0xee75, 
	0xee75, 0xee75, 0xee75, 0xee75, 0xee75, 0xee75, 0xee75, 0xee75, 0xee75, 0xee75, 0xee75, 0xee75, 0xee75, 0xee75, 0xee75, 0xee75, 
	0xee75, 0xee75, 0xee75, 0xee75, 0xee75, 0xee75, 0xe675, 0xeeb6, 0xdc2d, 0x9a05, 0xa9e5, 0xa9e5, 0xb9e5, 0xba05, 0xb9e5, 0xb9e5, 
	0xca26, 0xd246, 0xd246, 0xd246, 0xd246, 0xd246, 0xd246, 0xd246, 0xd246, 0xd246, 0xd246, 0xd246, 0xd246, 0xd246, 0xd246, 0xd246, 
	0xd246, 0xd246, 0xd246, 0xd266, 0xd287, 0xd287, 0xbaa7, 0xf46e, 0xee96, 0xe675, 0xee75, 0xee75, 0xee75, 0xee75, 0xee75, 0xee75, 
	0xee75, 0xee75, 0xee75, 0xee75, 0xee75, 0xee75, 0xee75, 0xee75, 0xee75, 0xee75, 0xee75, 0xee75, 0xee75, 0xee75, 0xee75, 0xee75, 
	0xee75, 0xee75, 0xee75, 0xee75, 0xee75, 0xee75, 0xee75, 0xee75, 0xee75, 0xee75, 0xee75, 0xee75, 0xee75, 0xee75, 0xee75, 0xee75, 
	0xee75, 0xee75, 0xee75, 0xee75, 0xee75, 0xee75, 0xee75, 0xee75, 0xee75, 0xee75, 0xee75, 0xee75, 0xee75, 0xee75, 0xee75, 0xee75, 
	0xee75, 0xee75, 0xee75, 0xee75, 0xee75, 0xee75, 0xee75, 0xee75, 0xee75, 0xee75, 0xee75, 0xee75, 0xee75, 0xee75, 0xee75, 0xee75, 
	0xee75, 0xee75, 0xee75, 0xee75, 0xee75, 0xee75, 0xee75, 0xee75, 0xee75, 0xee75, 0xee75, 0xee75, 0xee75, 0xee75, 0xee75, 0xee75, 
	0xee75, 0xee75, 0xee75, 0xee75, 0xee75, 0xee75, 0xee75, 0xee75, 0xee75, 0xee75, 0xee75, 0xee75, 0xee75, 0xee75, 0xee75, 0xee75, 
	0xee75, 0xee75, 0xee75, 0xee75, 0xee75, 0xee75, 0xee75, 0xee75, 0xee75, 0xee75, 0xee75, 0xee75, 0xee75, 0xee75, 0xee75, 0xee75, 
	0xee75, 0xee75, 0xee75, 0xee75, 0xee75, 0xee75, 0xee75, 0xee75, 0xee75, 0xee75, 0xee75, 0xee75, 0xee75, 0xee75, 0xee75, 0xee75, 
	0xee75, 0xee75, 0xee75, 0xee75, 0xee75, 0xee75, 0xee75, 0xee75, 0xee75, 0xee75, 0xee75, 0xee75, 0xee75, 0xee75, 0xee75, 0xee75, 
	0xee75, 0xee75, 0xee75, 0xee75, 0xee75, 0xee75, 0xee75, 0xee75, 0xee75, 0xee75, 0xee75, 0xee75, 0xee75, 0xee75, 0xee75, 0xee75, 
	0xee75, 0xee75, 0xee75, 0xee75, 0xee75, 0xee75, 0xee75, 0xee75, 0xee75, 0xee75, 0xee75, 0xee75, 0xee75, 0xee75, 0xee75, 0xee75, 
	0xee75, 0xee75, 0xee75, 0xee75, 0xee75, 0xee75, 0xee75, 0xee75, 0xee75, 0xee75, 0xee75, 0xee75, 0xee75, 0xee75, 0xee75, 0xee75, 
	0xee75, 0xee75, 0xee75, 0xee75, 0xee75, 0xee75, 0xe675, 0xeeb6, 0xdbed, 0x8983, 0xa984, 0xa964, 0xb9c5, 0xba05, 0xb9e5, 0xb9e5, 
	0xca26, 0xd246, 0xd226, 0xd226, 0xd246, 0xd226, 0xd226, 0xd226, 0xd226, 0xd226, 0xd226, 0xd246, 0xd226, 0xd226, 0xd226, 0xd246, 
	0xd226, 0xd226, 0xd226, 0xd226, 0xd205, 0xd205, 0xb246, 0xf42d, 0xeeb6, 0xe675, 0xee75, 0xee75, 0xee75, 0xee75, 0xee75, 0xee75, 
	0xee75, 0xee75, 0xee75, 0xee75, 0xee75, 0xee75, 0xee75, 0xee75, 0xee75, 0xee75, 0xee75, 0xee75, 0xee75, 0xee75, 0xee75, 0xee75, 
	0xee75, 0xee75, 0xee75, 0xee75, 0xee75, 0xee75, 0xee75, 0xee75, 0xee75, 0xee75, 0xee75, 0xee75, 0xee75, 0xee75, 0xee75, 0xee75, 
	0xee75, 0xee75, 0xee75, 0xee75, 0xee75, 0xee75, 0xee75, 0xee75, 0xee75, 0xee75, 0xee75, 0xee75, 0xee75, 0xee75, 0xee75, 0xee75, 
	0xee75, 0xee75, 0xee75, 0xee75, 0xee75, 0xee75, 0xee75, 0xee75, 0xee75, 0xee75, 0xee75, 0xee75, 0xee75, 0xee75, 0xee75, 0xee75, 
	0xee75, 0xee75, 0xee75, 0xee75, 0xee75, 0xee75, 0xee75, 0xee75, 0xee75, 0xee75, 0xee75, 0xee75, 0xee75, 0xee75, 0xee75, 0xee75, 
	0xee75, 0xee75, 0xee75, 0xee75, 0xee75, 0xee75, 0xee75, 0xee75, 0xee75, 0xee75, 0xee75, 0xee75, 0xee75, 0xee75, 0xee75, 0xee75, 
	0xee75, 0xee75, 0xee75, 0xee75, 0xee75, 0xee75, 0xee75, 0xee75, 0xee75, 0xee75, 0xee75, 0xee75, 0xee75, 0xee75, 0xee75, 0xee75, 
	0xee75, 0xee75, 0xee75, 0xee75, 0xee75, 0xee75, 0xee75, 0xee75, 0xee75, 0xee75, 0xee75, 0xee75, 0xee75, 0xee75, 0xee75, 0xee75, 
	0xee75, 0xee75, 0xee75, 0xee75, 0xee75, 0xee75, 0xee75, 0xee75, 0xee75, 0xee75, 0xee75, 0xee75, 0xee75, 0xee75, 0xee75, 0xee75, 
	0xee75, 0xee75, 0xee75, 0xee75, 0xee75, 0xee75, 0xee75, 0xee75, 0xee75, 0xee75, 0xee75, 0xee75, 0xee75, 0xee75, 0xee75, 0xee75, 
	0xee75, 0xee75, 0xee75, 0xee75, 0xee75, 0xee75, 0xee75, 0xee75, 0xee75, 0xee75, 0xee75, 0xee75, 0xee75, 0xee75, 0xee75, 0xee75, 
	0xee75, 0xee75, 0xee75, 0xee75, 0xee75, 0xee75, 0xee75, 0xee75, 0xee75, 0xee75, 0xee75, 0xee75, 0xee75, 0xee75, 0xee75, 0xee75, 
	0xee75, 0xee75, 0xee75, 0xee75, 0xee75, 0xee75, 0xe675, 0xeeb6, 0xdbed, 0x91a4, 0xa984, 0xa984, 0xb9c5, 0xba05, 0xb9e5, 0xb9e5, 
	0xca26, 0xd246, 0xd226, 0xd246, 0xd246, 0xd246, 0xd226, 0xd226, 0xd226, 0xd226, 0xd246, 0xd246, 0xd246, 0xd246, 0xd246, 0xd246, 
	0xd246, 0xd246, 0xd246, 0xd246, 0xd226, 0xd226, 0xba66, 0xf42d, 0xee96, 0xe675, 0xee75, 0xee75, 0xee75, 0xee75, 0xee75, 0xee75, 
	0xee75, 0xee75, 0xee75, 0xee75, 0xee75, 0xee75, 0xee75, 0xee75, 0xee75, 0xee75, 0xee75, 0xee75, 0xee75, 0xee75, 0xee75, 0xee75, 
	0xee75, 0xee75, 0xee75, 0xee75, 0xee75, 0xee75, 0xee75, 0xee75, 0xee75, 0xee75, 0xee75, 0xee75, 0xee75, 0xee75, 0xee75, 0xee75, 
	0xee75, 0xee75, 0xee75, 0xee75, 0xee75, 0xee75, 0xee75, 0xee75, 0xee75, 0xee75, 0xee75, 0xee75, 0xee75, 0xee75, 0xee75, 0xee75, 
	0xee75, 0xee75, 0xee75, 0xee75, 0xee75, 0xee75, 0xee75, 0xee75, 0xee75, 0xee75, 0xee75, 0xee75, 0xee75, 0xee75, 0xee75, 0xee75, 
	0xee75, 0xee75, 0xee75, 0xee75, 0xee75, 0xee75, 0xee75, 0xee75, 0xee75, 0xee75, 0xee75, 0xee75, 0xee75, 0xee75, 0xee75, 0xee75, 
	0xee75, 0xee75, 0xee75, 0xee75, 0xee75, 0xee75, 0xee75, 0xee75, 0xee75, 0xee75, 0xee75, 0xee75, 0xee75, 0xee75, 0xee75, 0xee75, 
	0xee75, 0xee75, 0xee75, 0xee75, 0xee75, 0xee75, 0xee75, 0xee75, 0xee75, 0xee75, 0xee75, 0xee75, 0xee75, 0xee75, 0xee75, 0xee75, 
	0xee75, 0xee75, 0xee75, 0xee75, 0xee75, 0xee75, 0xee75, 0xee75, 0xee75, 0xee75, 0xee75, 0xee75, 0xee75, 0xee75, 0xee75, 0xee75, 
	0xee75, 0xee75, 0xee75, 0xee75, 0xee75, 0xee75, 0xee75, 0xee75, 0xee75, 0xee75, 0xee75, 0xee75, 0xee75, 0xee75, 0xee75, 0xee75, 
	0xee75, 0xee75, 0xee75, 0xee75, 0xee75, 0xee75, 0xee75, 0xee75, 0xee75, 0xee75, 0xee75, 0xee75, 0xee75, 0xee75, 0xee75, 0xee75, 
	0xee75, 0xee75, 0xee75, 0xee75, 0xee75, 0xee75, 0xee75, 0xee75, 0xee75, 0xee75, 0xee75, 0xee75, 0xee75, 0xee75, 0xee75, 0xee75, 
	0xee75, 0xee75, 0xee75, 0xee75, 0xee75, 0xee75, 0xee75, 0xee75, 0xee75, 0xee75, 0xee75, 0xee75, 0xee75, 0xee75, 0xee75, 0xee75, 
	0xee75, 0xee75, 0xee75, 0xee75, 0xee75, 0xee75, 0xe675, 0xeeb6, 0xdbed, 0x91a4, 0xa9a4, 0xa984, 0xc1e5, 0xca46, 0xca26, 0xca26, 
	0xd246, 0xd246, 0xd246, 0xd246, 0xd246, 0xd246, 0xd246, 0xd246, 0xd246, 0xd246, 0xd246, 0xd246, 0xd246, 0xd246, 0xd246, 0xd246, 
	0xd246, 0xd246, 0xd246, 0xd246, 0xd246, 0xd246, 0xca46, 0xdae9, 0xdbac, 0xdb8b, 0xc3cc, 0xf531, 0xee95, 0xe675, 0xee75, 0xee75, 
	0xee75, 0xee75, 0xee75, 0xee75, 0xee75, 0xee75, 0xee75, 0xee75, 0xee75, 0xee75, 0xee75, 0xee75, 0xee75, 0xee75, 0xee75, 0xee75, 
	0xee75, 0xee75, 0xee75, 0xee75, 0xee75, 0xee75, 0xee75, 0xee75, 0xee75, 0xee75, 0xee75, 0xee75, 0xee75, 0xee75, 0xee75, 0xee75, 
	0xee75, 0xee75, 0xee75, 0xee75, 0xee75, 0xee75, 0xee75, 0xee75, 0xee75, 0xee75, 0xee75, 0xee75, 0xee75, 0xee75, 0xee75, 0xee75, 
	0xee75, 0xee75, 0xee75, 0xee75, 0xee75, 0xee75, 0xee75, 0xee75, 0xee75, 0xee75, 0xee75, 0xee75, 0xee75, 0xee75, 0xee75, 0xee75, 
	0xee75, 0xee75, 0xee75, 0xee75, 0xee75, 0xee75, 0xee75, 0xee75, 0xee75, 0xee75, 0xee75, 0xee75, 0xee75, 0xee75, 0xee75, 0xee75, 
	0xee75, 0xee75, 0xee75, 0xee75, 0xee75, 0xee75, 0xee75, 0xee75, 0xee75, 0xee75, 0xee75, 0xee75, 0xee75, 0xee75, 0xee75, 0xee75, 
	0xee75, 0xee75, 0xee75, 0xee75, 0xee75, 0xee75, 0xee75, 0xee75, 0xee75, 0xee75, 0xee75, 0xee75, 0xee75, 0xee75, 0xee75, 0xee75, 
	0xee75, 0xee75, 0xee75, 0xee75, 0xee75, 0xee75, 0xee75, 0xee75, 0xee75, 0xee75, 0xee75, 0xee75, 0xee75, 0xee75, 0xee75, 0xee75, 
	0xee75, 0xee75, 0xee75, 0xee75, 0xee75, 0xee75, 0xee75, 0xee75, 0xee75, 0xee75, 0xee75, 0xee75, 0xee75, 0xee75, 0xee75, 0xee75, 
	0xee75, 0xee75, 0xee75, 0xee75, 0xee75, 0xee75, 0xee75, 0xee75, 0xee75, 0xee75, 0xee75, 0xee75, 0xee75, 0xee75, 0xee75, 0xee75, 
	0xee75, 0xee75, 0xee75, 0xee75, 0xee75, 0xee75, 0xee75, 0xee75, 0xee75, 0xee75, 0xee75, 0xee75, 0xee75, 0xee75, 0xee75, 0xee75, 
	0xee75, 0xee75, 0xee75, 0xee75, 0xee75, 0xee75, 0xee75, 0xee75, 0xee75, 0xee75, 0xee75, 0xee75, 0xee75, 0xee75, 0xee75, 0xee75, 
	0xee75, 0xee75, 0xee75, 0xee75, 0xee75, 0xee75, 0xe675, 0xeeb6, 0xdbed, 0x91a4, 0xa984, 0xa984, 0xc205, 0xca46, 0xd226, 0xd226, 
	0xd246, 0xd226, 0xd226, 0xd226, 0xd246, 0xd226, 0xd226, 0xd226, 0xd226, 0xd226, 0xd226, 0xd246, 0xd226, 0xd226, 0xd226, 0xd246, 
	0xd226, 0xd226, 0xd226, 0xd246, 0xd226, 0xd226, 0xca46, 0xdaa7, 0xdae9, 0xdae9, 0xbb29, 0xfcf1, 0xee95, 0xe675, 0xee75, 0xee75, 
	0xee75, 0xee75, 0xee75, 0xee75, 0xee75, 0xee75, 0xee75, 0xee75, 0xee75, 0xee75, 0xee75, 0xee75, 0xee75, 0xee75, 0xee75, 0xee75, 
	0xee75, 0xee75, 0xee75, 0xee75, 0xee75, 0xee75, 0xee75, 0xee75, 0xee75, 0xee75, 0xee75, 0xee75, 0xee75, 0xee75, 0xee75, 0xee75, 
	0xee75, 0xee75, 0xee75, 0xee75, 0xee75, 0xee75, 0xee75, 0xee75, 0xee75, 0xee75, 0xee75, 0xee75, 0xee75, 0xee75, 0xee75, 0xee75, 
	0xee75, 0xee75, 0xee75, 0xee75, 0xee75, 0xee75, 0xee75, 0xee75, 0xee75, 0xee75, 0xee75, 0xee75, 0xee75, 0xee75, 0xee75, 0xee75, 
	0xee75, 0xee75, 0xee75, 0xee75, 0xee75, 0xee75, 0xee75, 0xee75, 0xee75, 0xee75, 0xee75, 0xee75, 0xee75, 0xee75, 0xee75, 0xee75, 
	0xee75, 0xee75, 0xee75, 0xee75, 0xee75, 0xee75, 0xee75, 0xee75, 0xee75, 0xee75, 0xee75, 0xee75, 0xee75, 0xee75, 0xee75, 0xee75, 
	0xee75, 0xee75, 0xee75, 0xee75, 0xee75, 0xee75, 0xee75, 0xee75, 0xee75, 0xee75, 0xee75, 0xee75, 0xee75, 0xee75, 0xee75, 0xee75, 
	0xee75, 0xee75, 0xee75, 0xee75, 0xee75, 0xee75, 0xee75, 0xee75, 0xee75, 0xee75, 0xee75, 0xee75, 0xee75, 0xee75, 0xee75, 0xee75, 
	0xee75, 0xee75, 0xee75, 0xee75, 0xee75, 0xee75, 0xee75, 0xee75, 0xee75, 0xee75, 0xee75, 0xee75, 0xee75, 0xee75, 0xee75, 0xee75, 
	0xee75, 0xee75, 0xee75, 0xee75, 0xee75, 0xee75, 0xee75, 0xee75, 0xee75, 0xee75, 0xee75, 0xee75, 0xee75, 0xee75, 0xee75, 0xee75, 
	0xee75, 0xee75, 0xee75, 0xee75, 0xee75, 0xee75, 0xee75, 0xee75, 0xee75, 0xee75, 0xee75, 0xee75, 0xee75, 0xee75, 0xee75, 0xee75, 
	0xee75, 0xee75, 0xee75, 0xee75, 0xee75, 0xee75, 0xee75, 0xee75, 0xee75, 0xee75, 0xee75, 0xee75, 0xee75, 0xee75, 0xee75, 0xee75, 
	0xee75, 0xee75, 0xee75, 0xee75, 0xee75, 0xee96, 0xee96, 0xeed7, 0xdc0d, 0x89a3, 0xa984, 0xa184, 0xc205, 0xca46, 0xd226, 0xd226, 
	0xd246, 0xd226, 0xd226, 0xd246, 0xd246, 0xd246, 0xd226, 0xd226, 0xd226, 0xd226, 0xd246, 0xd246, 0xd246, 0xd226, 0xd226, 0xd246, 
	0xd226, 0xd226, 0xd226, 0xd246, 0xd226, 0xd226, 0xca46, 0xdaa8, 0xdb0a, 0xdb0a, 0xc34a, 0xf4f1, 0xee95, 0xe675, 0xee75, 0xee75, 
	0xee75, 0xee75, 0xee75, 0xee75, 0xee75, 0xee75, 0xee75, 0xee75, 0xee75, 0xee75, 0xee75, 0xee75, 0xee75, 0xee75, 0xee75, 0xee75, 
	0xee75, 0xee75, 0xee75, 0xee75, 0xee75, 0xee75, 0xee75, 0xee75, 0xee75, 0xee75, 0xee75, 0xee75, 0xee75, 0xee75, 0xee75, 0xee75, 
	0xee75, 0xee75, 0xee75, 0xee75, 0xee75, 0xee75, 0xee75, 0xee75, 0xee75, 0xee75, 0xee75, 0xee75, 0xee75, 0xee75, 0xee75, 0xee75, 
	0xee75, 0xee75, 0xee75, 0xee75, 0xee75, 0xee75, 0xee75, 0xee75, 0xee75, 0xee75, 0xee75, 0xee75, 0xee75, 0xee75, 0xee75, 0xee75, 
	0xee75, 0xee75, 0xee75, 0xee75, 0xee75, 0xee75, 0xee75, 0xee75, 0xee75, 0xee75, 0xee75, 0xee75, 0xee75, 0xee75, 0xee75, 0xee75, 
	0xee75, 0xee75, 0xee75, 0xee75, 0xee75, 0xee75, 0xee75, 0xee75, 0xee75, 0xee75, 0xee75, 0xee75, 0xee75, 0xee75, 0xee75, 0xee75, 
	0xee75, 0xee75, 0xee75, 0xee75, 0xee75, 0xee75, 0xee75, 0xee75, 0xee75, 0xee75, 0xee75, 0xee75, 0xee75, 0xee75, 0xee75, 0xee75, 
	0xee75, 0xee75, 0xee75, 0xee75, 0xee75, 0xee75, 0xee75, 0xee75, 0xee75, 0xee75, 0xee75, 0xee75, 0xee75, 0xee75, 0xee75, 0xee75, 
	0xee75, 0xee75, 0xee75, 0xee75, 0xee75, 0xee75, 0xee75, 0xee75, 0xee75, 0xee75, 0xee75, 0xee75, 0xee75, 0xee75, 0xee75, 0xee75, 
	0xee75, 0xee75, 0xee75, 0xee75, 0xee75, 0xee75, 0xee75, 0xee75, 0xee75, 0xee75, 0xee75, 0xee75, 0xee75, 0xee75, 0xee75, 0xee75, 
	0xee75, 0xee75, 0xee75, 0xee75, 0xee75, 0xee75, 0xee75, 0xee75, 0xee75, 0xee75, 0xee75, 0xee75, 0xee75, 0xee75, 0xee75, 0xee75, 
	0xee75, 0xee75, 0xee75, 0xee75, 0xee75, 0xee75, 0xee75, 0xee75, 0xee75, 0xee75, 0xee75, 0xee75, 0xee75, 0xee75, 0xee75, 0xee75, 
	0xee75, 0xee75, 0xe675, 0xee96, 0xed11, 0xab29, 0xbae9, 0xbb09, 0xc287, 0xba26, 0xc206, 0xc205, 0xca46, 0xd246, 0xd246, 0xd246, 
	0xd246, 0xd246, 0xd246, 0xd246, 0xd246, 0xd246, 0xd246, 0xd246, 0xd246, 0xd246, 0xd246, 0xd246, 0xd246, 0xd246, 0xd246, 0xd246, 
	0xd246, 0xd246, 0xd246, 0xd246, 0xd246, 0xd246, 0xd246, 0xd266, 0xd267, 0xd267, 0xb2a7, 0xfcd0, 0xee96, 0xe675, 0xee75, 0xee75, 
	0xee75, 0xee75, 0xee75, 0xee75, 0xee75, 0xee75, 0xee75, 0xee75, 0xee75, 0xee75, 0xee75, 0xee75, 0xee75, 0xee75, 0xee75, 0xee75, 
	0xee75, 0xee75, 0xee75, 0xee75, 0xee75, 0xee75, 0xee75, 0xee75, 0xee75, 0xee75, 0xee75, 0xee75, 0xee75, 0xee75, 0xee75, 0xee75, 
	0xee75, 0xee75, 0xee75, 0xee75, 0xee75, 0xee75, 0xee75, 0xee75, 0xee75, 0xee75, 0xee75, 0xee75, 0xee75, 0xee75, 0xee75, 0xee75, 
	0xee75, 0xee75, 0xee75, 0xee75, 0xee75, 0xee75, 0xee75, 0xee75, 0xee75, 0xee75, 0xee75, 0xee75, 0xee75, 0xee75, 0xee75, 0xee75, 
	0xee75, 0xee75, 0xee75, 0xee75, 0xee75, 0xee75, 0xee75, 0xee75, 0xee75, 0xee75, 0xee75, 0xee75, 0xee75, 0xee75, 0xee75, 0xee75, 
	0xee75, 0xee75, 0xee75, 0xee75, 0xee75, 0xee75, 0xee75, 0xee75, 0xee75, 0xee75, 0xee75, 0xee75, 0xee75, 0xee75, 0xee75, 0xee75, 
	0xee75, 0xee75, 0xee75, 0xee75, 0xee75, 0xee75, 0xee75, 0xee75, 0xee75, 0xee75, 0xee75, 0xee75, 0xee75, 0xee75, 0xee75, 0xee75, 
	0xee75, 0xee75, 0xee75, 0xee75, 0xee75, 0xee75, 0xee75, 0xee75, 0xee75, 0xee75, 0xee75, 0xee75, 0xee75, 0xee75, 0xee75, 0xee75, 
	0xee75, 0xee75, 0xee75, 0xee75, 0xee75, 0xee75, 0xee75, 0xee75, 0xee75, 0xee75, 0xee75, 0xee75, 0xee75, 0xee75, 0xee75, 0xee75, 
	0xee75, 0xee75, 0xee75, 0xee75, 0xee75, 0xee75, 0xee75, 0xee75, 0xee75, 0xee75, 0xee75, 0xee75, 0xee75, 0xee75, 0xee75, 0xee75, 
	0xee75, 0xee75, 0xee75, 0xee75, 0xee75, 0xee75, 0xee75, 0xee75, 0xee75, 0xee75, 0xee75, 0xee75, 0xee75, 0xee75, 0xee75, 0xee75, 
	0xee75, 0xee75, 0xee75, 0xee75, 0xee75, 0xee75, 0xee75, 0xee75, 0xee75, 0xee75, 0xee75, 0xee75, 0xee75, 0xee75, 0xee75, 0xee75, 
	0xee75, 0xee75, 0xe675, 0xeeb6, 0xe46f, 0x8983, 0xa163, 0xa143, 0xb9c4, 0xd266, 0xd246, 0xd246, 0xd246, 0xd226, 0xd226, 0xd226, 
	0xd246, 0xd226, 0xd226, 0xd226, 0xd246, 0xd226, 0xd226, 0xd226, 0xd226, 0xd226, 0xd226, 0xd246, 0xd226, 0xd226, 0xd226, 0xd246, 
	0xd226, 0xd226, 0xd226, 0xd246, 0xd226, 0xd226, 0xd226, 0xd246, 0xd225, 0xd225, 0xb266, 0xfcaf, 0xee96, 0xe675, 0xee75, 0xee75, 
	0xee75, 0xee75, 0xee75, 0xee75, 0xee75, 0xee75, 0xee75, 0xee75, 0xee75, 0xee75, 0xee75, 0xee75, 0xee75, 0xee75, 0xee75, 0xee75, 
	0xee75, 0xee75, 0xee75, 0xee75, 0xee75, 0xee75, 0xee75, 0xee75, 0xee75, 0xee75, 0xee75, 0xee75, 0xee75, 0xee75, 0xee75, 0xee75, 
	0xee75, 0xee75, 0xee75, 0xee75, 0xee75, 0xee75, 0xee75, 0xee75, 0xee75, 0xee75, 0xee75, 0xee75, 0xee75, 0xee75, 0xee75, 0xee75, 
	0xee75, 0xee75, 0xee75, 0xee75, 0xee75, 0xee75, 0xee75, 0xee75, 0xee75, 0xee75, 0xee75, 0xee75, 0xee75, 0xee75, 0xee75, 0xee75, 
	0xee75, 0xee75, 0xee75, 0xee75, 0xee75, 0xee75, 0xee75, 0xee75, 0xee75, 0xee75, 0xee75, 0xee75, 0xee75, 0xee75, 0xee75, 0xee75, 
	0xee75, 0xee75, 0xee75, 0xee75, 0xee75, 0xee75, 0xee75, 0xee75, 0xee75, 0xee75, 0xee75, 0xee75, 0xee75, 0xee75, 0xee75, 0xee75, 
	0xee75, 0xee75, 0xee75, 0xee75, 0xee75, 0xee75, 0xee75, 0xee75, 0xee75, 0xee75, 0xee75, 0xee75, 0xee75, 0xee75, 0xee75, 0xee75, 
	0xee75, 0xee75, 0xee75, 0xee75, 0xee75, 0xee75, 0xee75, 0xee75, 0xee75, 0xee75, 0xee75, 0xee75, 0xee75, 0xee75, 0xee75, 0xee75, 
	0xee75, 0xee75, 0xee75, 0xee75, 0xee75, 0xee75, 0xee75, 0xee75, 0xee75, 0xee75, 0xee75, 0xee75, 0xee75, 0xee75, 0xee75, 0xee75, 
	0xee75, 0xee75, 0xee75, 0xee75, 0xee75, 0xee75, 0xee75, 0xee75, 0xee75, 0xee75, 0xee75, 0xee75, 0xee75, 0xee75, 0xee75, 0xee75, 
	0xee75, 0xee75, 0xee75, 0xee75, 0xee75, 0xee75, 0xee75, 0xee75, 0xee75, 0xee75, 0xee75, 0xee75, 0xee75, 0xee75, 0xee75, 0xee75, 
	0xee75, 0xee75, 0xee75, 0xee75, 0xee75, 0xee75, 0xee75, 0xee75, 0xee75, 0xee75, 0xee75, 0xee75, 0xee75, 0xee75, 0xee75, 0xee75, 
	0xee75, 0xee75, 0xee75, 0xee95, 0xec6e, 0x8983, 0xa943, 0xa142, 0xb9a3, 0xca05, 0xd205, 0xd205, 0xd205, 0xd205, 0xd205, 0xd205, 
	0xd205, 0xd205, 0xd205, 0xd205, 0xd205, 0xd205, 0xd205, 0xd205, 0xd205, 0xd205, 0xd205, 0xd205, 0xd205, 0xd205, 0xd205, 0xd205, 
	0xd205, 0xd205, 0xd205, 0xd205, 0xd205, 0xd205, 0xd205, 0xd205, 0xd1e4, 0xd1e4, 0xb225, 0xfc8e, 0xee95, 0xe675, 0xee55, 0xee75, 
	0xee75, 0xee75, 0xee75, 0xee75, 0xee75, 0xee75, 0xee75, 0xee75, 0xee75, 0xee75, 0xee75, 0xee75, 0xee75, 0xee75, 0xee75, 0xee75, 
	0xee75, 0xee75, 0xee75, 0xee75, 0xee75, 0xee75, 0xee75, 0xee75, 0xee75, 0xee75, 0xee75, 0xee75, 0xee75, 0xee75, 0xee75, 0xee75, 
	0xee75, 0xee75, 0xee75, 0xee75, 0xee75, 0xee75, 0xee75, 0xee75, 0xee75, 0xee75, 0xee75, 0xee75, 0xee75, 0xee75, 0xee75, 0xee75, 
	0xee75, 0xee75, 0xee75, 0xee75, 0xee75, 0xee75, 0xee75, 0xee75, 0xee75, 0xee75, 0xee75, 0xee75, 0xee75, 0xee75, 0xee75, 0xee75, 
	0xee75, 0xee75, 0xee75, 0xee75, 0xee75, 0xee75, 0xee75, 0xee75, 0xee75, 0xee75, 0xee75, 0xee75, 0xee75, 0xee75, 0xee75, 0xee75, 
	0xee75, 0xee75, 0xee75, 0xee75, 0xee75, 0xee75, 0xee75, 0xee75, 0xee75, 0xee75, 0xee75, 0xee75, 0xee75, 0xee75, 0xee75, 0xee75, 
	0xee75, 0xee75, 0xee75, 0xee75, 0xee75, 0xee75, 0xee75, 0xee75, 0xee75, 0xee75, 0xee75, 0xee75, 0xee75, 0xee75, 0xee75, 0xee75, 
	0xee75, 0xee75, 0xee75, 0xee75, 0xee75, 0xee75, 0xee75, 0xee75, 0xee75, 0xee75, 0xee75, 0xee75, 0xee75, 0xee75, 0xee75, 0xee75, 
	0xee75, 0xee75, 0xee75, 0xee75, 0xee75, 0xee75, 0xee75, 0xee75, 0xee75, 0xee75, 0xee75, 0xee75, 0xee75, 0xee75, 0xee75, 0xee75, 
	0xee75, 0xee75, 0xee75, 0xee75, 0xee75, 0xee75, 0xee75, 0xee75, 0xee75, 0xee75, 0xee75, 0xee75, 0xee75, 0xee75, 0xee75, 0xee75, 
	0xee75, 0xee75, 0xee75, 0xee75, 0xee75, 0xee75, 0xee75, 0xee75, 0xee75, 0xee75, 0xee75, 0xee75, 0xee75, 0xee75, 0xee75, 0xee75, 
	0xee75, 0xee75, 0xee75, 0xee75, 0xee75, 0xee75, 0xee75, 0xee75, 0xee75, 0xee75, 0xee75, 0xee75, 0xee75, 0xee75, 0xee75, 0xee75, 
	0xde98, 0xdeb8, 0xd6ba, 0xd6da, 0xd5f7, 0xacb3, 0xbcb3, 0xbcb3, 0xccf3, 0xdd75, 0xdd54, 0xdd54, 0xdd54, 0xdd54, 0xdd54, 0xdd54, 
	0xdd54, 0xdd54, 0xdd54, 0xdd54, 0xdd54, 0xdd54, 0xdd54, 0xdd54, 0xdd54, 0xdd54, 0xdd54, 0xdd54, 0xdd54, 0xdd54, 0xdd54, 0xdd54, 
	0xdd54, 0xdd54, 0xdd54, 0xdd54, 0xdd54, 0xdd54, 0xdd54, 0xdd54, 0xdd54, 0xdd54, 0xcd75, 0xee58, 0xe73b, 0xe71b, 0xef19, 0xe698, 
	0xee55, 0xee75, 0xee75, 0xee75, 0xee75, 0xee75, 0xee75, 0xee75, 0xee75, 0xee75, 0xee75, 0xee75, 0xee75, 0xee75, 0xee75, 0xee75, 
	0xee75, 0xee75, 0xee75, 0xee75, 0xee75, 0xee75, 0xee75, 0xee75, 0xee75, 0xee75, 0xee75, 0xee75, 0xee75, 0xee75, 0xee75, 0xee75, 
	0xee75, 0xee75, 0xee75, 0xee75, 0xee75, 0xee75, 0xee75, 0xee75, 0xee75, 0xee75, 0xee75, 0xee75, 0xee75, 0xee75, 0xee75, 0xee75, 
	0xee75, 0xee75, 0xee75, 0xee75, 0xee75, 0xee75, 0xee75, 0xee75, 0xee75, 0xee75, 0xee75, 0xee75, 0xee75, 0xee75, 0xee75, 0xee75, 
	0xee75, 0xee75, 0xee75, 0xee75, 0xee75, 0xee75, 0xee75, 0xee75, 0xee75, 0xee75, 0xee75, 0xee75, 0xee75, 0xee75, 0xee75, 0xee75, 
	0xee75, 0xee75, 0xee75, 0xee75, 0xee75, 0xee75, 0xee75, 0xee75, 0xee75, 0xee75, 0xee75, 0xee75, 0xee75, 0xee75, 0xee75, 0xee75, 
	0xee75, 0xee75, 0xee75, 0xee75, 0xee75, 0xee75, 0xee75, 0xee75, 0xee75, 0xee75, 0xee75, 0xee75, 0xee75, 0xee75, 0xee75, 0xee75, 
	0xee75, 0xee75, 0xee75, 0xee75, 0xee75, 0xee75, 0xee75, 0xee75, 0xee75, 0xee75, 0xee75, 0xee75, 0xee75, 0xee75, 0xee75, 0xee75, 
	0xee75, 0xee75, 0xee75, 0xee75, 0xee75, 0xee75, 0xee75, 0xee75, 0xee75, 0xee75, 0xee75, 0xee75, 0xee75, 0xee75, 0xee75, 0xee75, 
	0xee75, 0xee75, 0xee75, 0xee75, 0xee75, 0xee75, 0xee75, 0xee75, 0xee75, 0xee75, 0xee75, 0xee75, 0xee75, 0xee75, 0xee75, 0xee75, 
	0xee75, 0xee75, 0xee75, 0xee75, 0xee75, 0xee75, 0xee75, 0xee75, 0xee75, 0xee75, 0xee75, 0xee75, 0xee75, 0xee75, 0xee75, 0xee75, 
	0xee75, 0xee75, 0xee75, 0xee75, 0xee75, 0xee75, 0xee75, 0xee75, 0xee75, 0xee75, 0xee75, 0xee75, 0xee75, 0xee75, 0xee75, 0xee75, 
	0xceba, 0xd6db, 0xc6fe, 0xc6fe, 0xc71e, 0xc73f, 0xc73f, 0xc73f, 0xd79f, 0xe7ff, 0xe7ff, 0xe7ff, 0xe7ff, 0xe7ff, 0xe7ff, 0xe7ff, 
	0xe7ff, 0xe7ff, 0xe7ff, 0xe7ff, 0xe7ff, 0xe7ff, 0xe7ff, 0xe7ff, 0xe7ff, 0xe7ff, 0xe7ff, 0xe7ff, 0xe7ff, 0xe7ff, 0xe7ff, 0xe7ff, 
	0xe7ff, 0xe7ff, 0xe7ff, 0xe7ff, 0xe7ff, 0xe7ff, 0xe7ff, 0xe7ff, 0xe7ff, 0xe7ff, 0xe7df, 0xe7df, 0xdfbf, 0xdfbf, 0xf79d, 0xdeda, 
	0xee55, 0xee75, 0xee75, 0xee75, 0xee75, 0xee75, 0xee75, 0xee75, 0xee75, 0xee75, 0xee75, 0xee75, 0xee75, 0xee75, 0xee75, 0xee75, 
	0xee75, 0xee75, 0xee75, 0xee75, 0xee75, 0xee75, 0xee75, 0xee75, 0xee75, 0xee75, 0xee75, 0xee75, 0xee75, 0xee75, 0xee75, 0xee75, 
	0xee75, 0xee75, 0xee75, 0xee75, 0xee75, 0xee75, 0xee75, 0xee75, 0xee75, 0xee75, 0xee75, 0xee75, 0xee75, 0xee75, 0xee75, 0xee75, 
	0xee75, 0xee75, 0xee75, 0xee75, 0xee75, 0xee75, 0xee75, 0xee75, 0xee75, 0xee75, 0xee75, 0xee75, 0xee75, 0xee75, 0xee75, 0xee75, 
	0xee75, 0xee75, 0xee75, 0xee75, 0xee75, 0xee75, 0xee75, 0xee75, 0xee75, 0xee75, 0xee75, 0xee75, 0xee75, 0xee75, 0xee75, 0xee75, 
	0xee75, 0xee75, 0xee75, 0xee75, 0xee75, 0xee75, 0xee75, 0xee75, 0xee75, 0xee75, 0xee75, 0xee75, 0xee75, 0xee75, 0xee75, 0xee75, 
	0xee75, 0xee75, 0xee75, 0xee75, 0xee75, 0xee75, 0xee75, 0xee75, 0xee75, 0xee75, 0xee75, 0xee75, 0xee75, 0xee75, 0xee75, 0xee75, 
	0xee75, 0xee75, 0xee75, 0xee75, 0xee75, 0xee75, 0xee75, 0xee75, 0xee75, 0xee75, 0xee75, 0xee75, 0xee75, 0xee75, 0xee75, 0xee75, 
	0xee75, 0xee75, 0xee75, 0xee75, 0xee75, 0xee75, 0xee75, 0xee75, 0xee75, 0xee75, 0xee75, 0xee75, 0xee75, 0xee75, 0xee75, 0xee75, 
	0xee75, 0xee75, 0xee75, 0xee75, 0xee75, 0xee75, 0xee75, 0xee75, 0xee75, 0xee75, 0xee75, 0xee75, 0xee75, 0xee75, 0xee75, 0xee75, 
	0xee75, 0xee75, 0xee75, 0xee75, 0xee75, 0xee75, 0xee75, 0xee75, 0xee75, 0xee75, 0xee75, 0xee75, 0xee75, 0xee75, 0xee75, 0xee75, 
	0xee75, 0xee75, 0xee75, 0xee75, 0xee75, 0xee75, 0xee75, 0xee75, 0xee75, 0xee75, 0xee75, 0xee75, 0xee75, 0xee75, 0xee75, 0xee75, 
	0xceba, 0xd6db, 0xc6fe, 0xc6fe, 0xc6fe, 0xc6fe, 0xc6fe, 0xc6fd, 0xd73e, 0xe7bf, 0xe7bf, 0xe7bf, 0xe7bf, 0xe7bf, 0xe7bf, 0xe7bf, 
	0xe7bf, 0xe7bf, 0xe7bf, 0xe7bf, 0xe7bf, 0xe7bf, 0xe7bf, 0xe7bf, 0xe7bf, 0xe7bf, 0xe7bf, 0xe7bf, 0xe7bf, 0xe7bf, 0xe7bf, 0xe7bf, 
	0xe7bf, 0xe7bf, 0xe7bf, 0xe7bf, 0xe7bf, 0xe7bf, 0xe7bf, 0xe7bf, 0xe7bf, 0xe7bf, 0xe7bf, 0xe7bf, 0xe7bf, 0xe7bf, 0xf79d, 0xdeda, 
	0xee55, 0xee75, 0xee75, 0xee75, 0xee75, 0xee75, 0xee75, 0xee75, 0xee75, 0xee75, 0xee75, 0xee75, 0xee75, 0xee75, 0xee75, 0xee75, 
	0xee75, 0xee75, 0xee75, 0xee75, 0xee75, 0xee75, 0xee75, 0xee75, 0xee75, 0xee75, 0xee75, 0xee75, 0xee75, 0xee75, 0xee75, 0xee75, 
	0xee75, 0xee75, 0xee75, 0xee75, 0xee75, 0xee75, 0xee75, 0xee75, 0xee75, 0xee75, 0xee75, 0xee75, 0xee75, 0xee75, 0xee75, 0xee75, 
	0xee75, 0xee75, 0xee75, 0xee75, 0xee75, 0xee75, 0xee75, 0xee75, 0xee75, 0xee75, 0xee75, 0xee75, 0xee75, 0xee75, 0xee75, 0xee75, 
	0xee75, 0xee75, 0xee75, 0xee75, 0xee75, 0xee75, 0xee75, 0xee75, 0xee75, 0xee75, 0xee75, 0xee75, 0xee75, 0xee75, 0xee75, 0xee75, 
	0xee75, 0xee75, 0xee75, 0xee75, 0xee75, 0xee75, 0xee75, 0xee75, 0xee75, 0xee75, 0xee75, 0xee75, 0xee75, 0xee75, 0xee75, 0xee75, 
	0xee75, 0xee75, 0xee75, 0xee75, 0xee75, 0xee75, 0xee75, 0xee75, 0xee75, 0xee75, 0xee75, 0xee75, 0xee75, 0xee75, 0xee75, 0xee75, 
	0xee75, 0xee75, 0xee75, 0xee75, 0xee75, 0xee75, 0xee75, 0xee75, 0xee75, 0xee75, 0xee75, 0xee75, 0xee75, 0xee75, 0xee75, 0xee75, 
	0xee75, 0xee75, 0xee75, 0xee75, 0xee75, 0xee75, 0xee75, 0xee75, 0xee75, 0xee75, 0xee75, 0xee75, 0xee75, 0xee75, 0xee75, 0xee75, 
	0xee75, 0xee75, 0xee75, 0xee75, 0xee75, 0xee75, 0xee75, 0xee75, 0xee75, 0xee75, 0xee75, 0xee75, 0xee75, 0xee75, 0xee75, 0xee75, 
	0xee75, 0xee75, 0xee75, 0xee75, 0xee75, 0xee75, 0xee75, 0xee75, 0xee75, 0xee75, 0xee75, 0xee75, 0xee75, 0xee75, 0xee75, 0xee75, 
	0xee75, 0xee75, 0xee75, 0xee75, 0xee75, 0xee75, 0xee75, 0xee75, 0xee75, 0xee75, 0xee75, 0xee75, 0xee75, 0xee75, 0xee75, 0xee75, 
	0xceba, 0xd6db, 0xc6fe, 0xc6fe, 0xcf1e, 0xd73f, 0xd73e, 0xd73e, 0xdf7e, 0xe7bf, 0xe7bf, 0xe7bf, 0xe7bf, 0xe7bf, 0xe7bf, 0xe7bf, 
	0xe7bf, 0xe7bf, 0xe7bf, 0xe7bf, 0xe7bf, 0xe7bf, 0xe7bf, 0xe7bf, 0xe7bf, 0xe7bf, 0xe7bf, 0xe7bf, 0xe7bf, 0xe7bf, 0xe7bf, 0xe7bf, 
	0xe7bf, 0xe7bf, 0xe7bf, 0xe7bf, 0xe7bf, 0xe7bf, 0xe7bf, 0xe7bf, 0xe7bf, 0xe7bf, 0xe7bf, 0xe7bf, 0xe7bf, 0xe7bf, 0xf79d, 0xdeda, 
	0xee55, 0xee75, 0xee75, 0xee75, 0xee75, 0xee75, 0xee75, 0xee75, 0xee75, 0xee75, 0xee75, 0xee75, 0xee75, 0xee75, 0xee75, 0xee75, 
	0xee75, 0xee75, 0xee75, 0xee75, 0xee75, 0xee75, 0xee75, 0xee75, 0xee75, 0xee75, 0xee75, 0xee75, 0xee75, 0xee75, 0xee75, 0xee75, 
	0xee75, 0xee75, 0xee75, 0xee75, 0xee75, 0xee75, 0xee75, 0xee75, 0xee75, 0xee75, 0xee75, 0xee75, 0xee75, 0xee75, 0xee75, 0xee75, 
	0xee75, 0xee75, 0xee75, 0xee75, 0xee75, 0xee75, 0xee75, 0xee75, 0xee75, 0xee75, 0xee75, 0xee75, 0xee75, 0xee75, 0xee75, 0xee75, 
	0xee75, 0xee75, 0xee75, 0xee75, 0xee75, 0xee75, 0xee75, 0xee75, 0xee75, 0xee75, 0xee75, 0xee75, 0xee75, 0xee75, 0xee75, 0xee75, 
	0xee75, 0xee75, 0xee75, 0xee75, 0xee75, 0xee75, 0xee75, 0xee75, 0xee75, 0xee75, 0xee75, 0xee75, 0xee75, 0xee75, 0xee75, 0xee75, 
	0xee75, 0xee75, 0xee75, 0xee75, 0xee75, 0xee75, 0xee75, 0xee75, 0xee75, 0xee75, 0xee75, 0xee75, 0xee75, 0xee75, 0xee75, 0xee75, 
	0xee75, 0xee75, 0xee75, 0xee75, 0xee75, 0xee75, 0xee75, 0xee75, 0xee75, 0xee75, 0xee75, 0xee75, 0xee75, 0xee75, 0xee75, 0xee75, 
	0xee75, 0xee75, 0xee75, 0xee75, 0xee75, 0xee75, 0xee75, 0xee75, 0xee75, 0xee75, 0xee75, 0xee75, 0xee75, 0xee75, 0xee75, 0xee75, 
	0xee75, 0xee75, 0xee75, 0xee75, 0xee75, 0xee75, 0xee75, 0xee75, 0xee75, 0xee75, 0xee75, 0xee75, 0xee75, 0xee75, 0xee75, 0xee75, 
	0xee75, 0xee75, 0xee75, 0xee75, 0xee75, 0xee75, 0xee75, 0xee75, 0xee75, 0xee75, 0xee75, 0xee75, 0xee75, 0xee75, 0xee75, 0xee75, 
	0xee75, 0xee75, 0xee75, 0xee75, 0xee75, 0xee75, 0xee75, 0xee75, 0xee75, 0xee75, 0xee75, 0xee75, 0xee75, 0xee75, 0xee75, 0xee75, 
	0xceba, 0xd6db, 0xc6fe, 0xc6fe, 0xd73e, 0xe7bf, 0xe7bf, 0xe7bf, 0xe7bf, 0xe7bf, 0xe7bf, 0xe7bf, 0xe7bf, 0xe7bf, 0xe7bf, 0xe7bf, 
	0xe7bf, 0xe7bf, 0xe7bf, 0xe7bf, 0xe7bf, 0xe7bf, 0xe7bf, 0xe7bf, 0xe7bf, 0xe7bf, 0xe7bf, 0xe7bf, 0xe7bf, 0xe7bf, 0xe7bf, 0xe7bf, 
	0xe7bf, 0xe7bf, 0xe7bf, 0xe7bf, 0xe7bf, 0xe7bf, 0xe7bf, 0xe7bf, 0xe7bf, 0xe7bf, 0xe7bf, 0xe7bf, 0xe7bf, 0xe7bf, 0xf79d, 0xdeda, 
	0xee55, 0xee75, 0xee75, 0xee75, 0xee75, 0xee75, 0xee75, 0xee75, 0xee75, 0xee75, 0xee75, 0xee75, 0xee75, 0xee75, 0xee75, 0xee75, 
	0xee75, 0xee75, 0xee75, 0xee75, 0xee75, 0xee75, 0xee75, 0xee75, 0xee75, 0xee75, 0xee75, 0xee75, 0xee75, 0xee75, 0xee75, 0xee75, 
	0xee75, 0xee75, 0xee75, 0xee75, 0xee75, 0xee75, 0xee75, 0xee75, 0xee75, 0xee75, 0xee75, 0xee75, 0xee75, 0xee75, 0xee75, 0xee75, 
	0xee75, 0xee75, 0xee75, 0xee75, 0xee75, 0xee75, 0xee75, 0xee75, 0xee75, 0xee75, 0xee75, 0xee75, 0xee75, 0xee75, 0xee75, 0xee75, 
	0xee75, 0xee75, 0xee75, 0xee75, 0xee75, 0xee75, 0xee75, 0xee75, 0xee75, 0xee75, 0xee75, 0xee75, 0xee75, 0xee75, 0xee75, 0xee75, 
	0xee75, 0xee75, 0xee75, 0xee75, 0xee75, 0xee75, 0xee75, 0xee75, 0xee75, 0xee75, 0xee75, 0xee75, 0xee75, 0xee75, 0xee75, 0xee75, 
	0xee75, 0xee75, 0xee75, 0xee75, 0xee75, 0xee75, 0xee75, 0xee75, 0xee75, 0xee75, 0xee75, 0xee75, 0xee75, 0xee75, 0xee75, 0xee75, 
	0xee75, 0xee75, 0xee75, 0xee75, 0xee75, 0xee75, 0xee75, 0xee75, 0xee75, 0xee75, 0xee75, 0xee75, 0xee75, 0xee75, 0xee75, 0xee75, 
	0xee75, 0xee75, 0xee75, 0xee75, 0xee75, 0xee75, 0xee75, 0xee75, 0xee75, 0xee75, 0xee75, 0xee75, 0xee75, 0xee75, 0xee75, 0xee75, 
	0xee75, 0xee75, 0xee75, 0xee75, 0xee75, 0xee75, 0xee75, 0xee75, 0xee75, 0xee75, 0xee75, 0xee75, 0xee75, 0xee75, 0xee75, 0xee75, 
	0xee75, 0xee75, 0xee75, 0xee75, 0xee75, 0xee75, 0xee75, 0xee75, 0xee75, 0xee75, 0xee75, 0xee75, 0xee75, 0xee75, 0xee75, 0xee75, 
	0xee75, 0xee75, 0xee75, 0xee75, 0xee75, 0xee75, 0xee75, 0xee75, 0xee75, 0xee75, 0xee75, 0xee75, 0xee75, 0xee96, 0xee95, 0xee95, 
	0xd6db, 0xd71b, 0xc73f, 0xc73f, 0xd75f, 0xdfdf, 0xe7bf, 0xe7bf, 0xe7bf, 0xe7bf, 0xe7bf, 0xe7bf, 0xe7bf, 0xe7bf, 0xe7bf, 0xe7bf, 
	0xe7bf, 0xe7bf, 0xe7bf, 0xe7bf, 0xe7bf, 0xe7bf, 0xe7bf, 0xe7bf, 0xe7bf, 0xe7bf, 0xe7bf, 0xe7bf, 0xe7bf, 0xe7bf, 0xe7bf, 0xe7bf, 
	0xe7bf, 0xe7bf, 0xe7bf, 0xe7bf, 0xe7bf, 0xe7bf, 0xe7bf, 0xe7bf, 0xe7df, 0xe7df, 0xe7df, 0xe7df, 0xdfff, 0xdfff, 0xf7bd, 0xdefa, 
	0xee95, 0xee95, 0xee96, 0xe675, 0xee75, 0xee75, 0xee75, 0xee75, 0xee75, 0xee75, 0xee75, 0xee75, 0xee75, 0xee75, 0xee75, 0xee75, 
	0xee75, 0xee75, 0xee75, 0xee75, 0xee75, 0xee75, 0xee75, 0xee75, 0xee75, 0xee75, 0xee75, 0xee75, 0xee75, 0xee75, 0xee75, 0xee75, 
	0xee75, 0xee75, 0xee75, 0xee75, 0xee75, 0xee75, 0xee75, 0xee75, 0xee75, 0xee75, 0xee75, 0xee75, 0xee75, 0xee75, 0xee75, 0xee75, 
	0xee75, 0xee75, 0xee75, 0xee75, 0xee75, 0xee75, 0xee75, 0xee75, 0xee75, 0xee75, 0xee75, 0xee75, 0xee75, 0xee75, 0xee75, 0xee75, 
	0xee75, 0xee75, 0xee75, 0xee75, 0xee75, 0xee75, 0xee75, 0xee75, 0xee75, 0xee75, 0xee75, 0xee75, 0xee75, 0xee75, 0xee75, 0xee75, 
	0xee75, 0xee75, 0xee75, 0xee75, 0xee75, 0xee75, 0xee75, 0xee75, 0xee75, 0xee75, 0xee75, 0xee75, 0xee75, 0xee75, 0xee75, 0xee75, 
	0xee75, 0xee75, 0xee75, 0xee75, 0xee75, 0xee75, 0xee75, 0xee75, 0xee75, 0xee75, 0xee75, 0xee75, 0xee75, 0xee75, 0xee75, 0xee75, 
	0xee75, 0xee75, 0xee75, 0xee75, 0xee75, 0xee75, 0xee75, 0xee75, 0xee75, 0xee75, 0xee75, 0xee75, 0xee75, 0xee75, 0xee75, 0xee75, 
	0xee75, 0xee75, 0xee75, 0xee75, 0xee75, 0xee75, 0xee75, 0xee75, 0xee75, 0xee75, 0xee75, 0xee75, 0xee75, 0xee75, 0xee75, 0xee75, 
	0xee75, 0xee75, 0xee75, 0xee75, 0xee75, 0xee75, 0xee75, 0xee75, 0xee75, 0xee75, 0xee75, 0xee75, 0xee75, 0xee75, 0xee75, 0xee75, 
	0xee75, 0xee75, 0xee75, 0xee75, 0xee75, 0xee75, 0xee75, 0xee75, 0xee75, 0xee75, 0xee75, 0xee75, 0xee75, 0xee75, 0xee75, 0xee75, 
	0xee75, 0xee75, 0xee75, 0xee75, 0xee75, 0xee75, 0xee75, 0xee75, 0xee75, 0xee75, 0xe675, 0xee75, 0xee34, 0xd531, 0xdd10, 0xdd10, 
	0xc534, 0xcd54, 0xbd77, 0xbd56, 0xc5d8, 0xdebb, 0xdeba, 0xde9a, 0xdf3d, 0xef9f, 0xe79f, 0xe79f, 0xe79f, 0xe7bf, 0xe7bf, 0xe7bf, 
	0xe7bf, 0xe7bf, 0xe7bf, 0xe7bf, 0xe79f, 0xe7bf, 0xe7bf, 0xe7bf, 0xe7bf, 0xe7bf, 0xe7bf, 0xe79f, 0xe7bf, 0xe7bf, 0xe7bf, 0xe7bf, 
	0xe7bf, 0xe7bf, 0xe7bf, 0xdf9f, 0xdf9f, 0xdf9f, 0xe79e, 0xdf3d, 0xdebb, 0xdedb, 0xe6bb, 0xde59, 0xde18, 0xde18, 0xe616, 0xd574, 
	0xe530, 0xe530, 0xdd51, 0xf634, 0xee75, 0xe675, 0xee75, 0xee75, 0xee75, 0xee75, 0xee75, 0xee75, 0xee75, 0xee75, 0xee75, 0xee75, 
	0xee75, 0xee75, 0xee75, 0xee75, 0xee75, 0xee75, 0xee75, 0xee75, 0xee75, 0xee75, 0xee75, 0xee75, 0xee75, 0xee75, 0xee75, 0xee75, 
	0xee75, 0xee75, 0xee75, 0xee75, 0xee75, 0xee75, 0xee75, 0xee75, 0xee75, 0xee75, 0xee75, 0xee75, 0xee75, 0xee75, 0xee75, 0xee75, 
	0xee75, 0xee75, 0xee75, 0xee75, 0xee75, 0xee75, 0xee75, 0xee75, 0xee75, 0xee75, 0xee75, 0xee75, 0xee75, 0xee75, 0xee75, 0xee75, 
	0xee75, 0xee75, 0xee75, 0xee75, 0xee75, 0xee75, 0xee75, 0xee75, 0xee75, 0xee75, 0xee75, 0xee75, 0xee75, 0xee75, 0xee75, 0xee75, 
	0xee75, 0xee75, 0xee75, 0xee75, 0xee75, 0xee75, 0xee75, 0xee75, 0xee75, 0xee75, 0xee75, 0xee75, 0xee75, 0xee75, 0xee75, 0xee75, 
	0xee75, 0xee75, 0xee75, 0xee75, 0xee75, 0xee75, 0xee75, 0xee75, 0xee75, 0xee75, 0xee75, 0xee75, 0xee75, 0xee75, 0xee75, 0xee75, 
	0xee75, 0xee75, 0xee75, 0xee75, 0xee75, 0xee75, 0xee75, 0xee75, 0xee75, 0xee75, 0xee75, 0xee75, 0xee75, 0xee75, 0xee75, 0xee75, 
	0xee75, 0xee75, 0xee75, 0xee75, 0xee75, 0xee75, 0xee75, 0xee75, 0xee75, 0xee75, 0xee75, 0xee75, 0xee75, 0xee75, 0xee75, 0xee75, 
	0xee75, 0xee75, 0xee75, 0xee75, 0xee75, 0xee75, 0xee75, 0xee75, 0xee75, 0xee75, 0xee75, 0xee75, 0xee75, 0xee75, 0xee75, 0xee75, 
	0xee75, 0xee75, 0xee75, 0xee75, 0xee75, 0xee75, 0xee75, 0xee75, 0xee75, 0xee75, 0xee75, 0xee75, 0xee75, 0xee75, 0xee75, 0xee75, 
	0xee75, 0xee75, 0xee75, 0xee75, 0xee75, 0xee75, 0xee75, 0xee75, 0xee75, 0xee75, 0xe675, 0xee95, 0xfd93, 0x9225, 0xa984, 0xa984, 
	0xa984, 0xa184, 0xa963, 0xa143, 0xaa88, 0xe42f, 0xdc2f, 0xd40f, 0xcdf8, 0xf75d, 0xdf9f, 0xdf9f, 0xe79f, 0xe7bf, 0xe7bf, 0xe7bf, 
	0xe7bf, 0xe7bf, 0xe7bf, 0xe7bf, 0xe7bf, 0xe7bf, 0xe7bf, 0xe7bf, 0xe7bf, 0xe7bf, 0xe7bf, 0xe7bf, 0xe7bf, 0xe7bf, 0xe7bf, 0xe7bf, 
	0xe7bf, 0xe7bf, 0xe7bf, 0xdf9f, 0xdf3d, 0xdf3e, 0xf73c, 0xce18, 0xd491, 0xd491, 0xec70, 0xc32a, 0xd205, 0xd205, 0xd205, 0xd225, 
	0xd205, 0xd205, 0xb2c7, 0xfd72, 0xe696, 0xe675, 0xee75, 0xee75, 0xee75, 0xee75, 0xee75, 0xee75, 0xee75, 0xee75, 0xee75, 0xee75, 
	0xee75, 0xee75, 0xee75, 0xee75, 0xee75, 0xee75, 0xee75, 0xee75, 0xee75, 0xee75, 0xee75, 0xee75, 0xee75, 0xee75, 0xee75, 0xee75, 
	0xee75, 0xee75, 0xee75, 0xee75, 0xee75, 0xee75, 0xee75, 0xee75, 0xee75, 0xee75, 0xee75, 0xee75, 0xee75, 0xee75, 0xee75, 0xee75, 
	0xee75, 0xee75, 0xee75, 0xee75, 0xee75, 0xee75, 0xee75, 0xee75, 0xee75, 0xee75, 0xee75, 0xee75, 0xee75, 0xee75, 0xee75, 0xee75, 
	0xee75, 0xee75, 0xee75, 0xee75, 0xee75, 0xee75, 0xee75, 0xee75, 0xee75, 0xee75, 0xee75, 0xee75, 0xee75, 0xee75, 0xee75, 0xee75, 
	0xee75, 0xee75, 0xee75, 0xee75, 0xee75, 0xee75, 0xee75, 0xee75, 0xee75, 0xee75, 0xee75, 0xee75, 0xee75, 0xee75, 0xee75, 0xee75, 
	0xee75, 0xee75, 0xee75, 0xee75, 0xee75, 0xee75, 0xee75, 0xee75, 0xee75, 0xee75, 0xee75, 0xee75, 0xee75, 0xee75, 0xee75, 0xee75, 
	0xee75, 0xee75, 0xee75, 0xee75, 0xee75, 0xee75, 0xee75, 0xee75, 0xee75, 0xee75, 0xee75, 0xee75, 0xee75, 0xee75, 0xee75, 0xee75, 
	0xee75, 0xee75, 0xee75, 0xee75, 0xee75, 0xee75, 0xee75, 0xee75, 0xee75, 0xee75, 0xee75, 0xee75, 0xee75, 0xee75, 0xee75, 0xee75, 
	0xee75, 0xee75, 0xee75, 0xee75, 0xee75, 0xee75, 0xee75, 0xee75, 0xee75, 0xee75, 0xee75, 0xee75, 0xee75, 0xee75, 0xee75, 0xee75, 
	0xee75, 0xee75, 0xee75, 0xee75, 0xee75, 0xee75, 0xee75, 0xee75, 0xee75, 0xee75, 0xee75, 0xee75, 0xee75, 0xee75, 0xee75, 0xee75, 
	0xee75, 0xee75, 0xee75, 0xee75, 0xee75, 0xee75, 0xee75, 0xee75, 0xee75, 0xee75, 0xe675, 0xee95, 0xfd92, 0x9225, 0xa964, 0xa984, 
	0xa984, 0xa163, 0xa963, 0xa142, 0xaa68, 0xe42f, 0xdc2f, 0xd40f, 0xcdf8, 0xf75d, 0xdf9f, 0xdf9f, 0xe79f, 0xe7bf, 0xe7bf, 0xe7bf, 
	0xe7bf, 0xe7bf, 0xe7bf, 0xe7bf, 0xe7bf, 0xe7bf, 0xe7bf, 0xe7bf, 0xe7bf, 0xe7bf, 0xe7bf, 0xe7bf, 0xe7bf, 0xe7bf, 0xe7bf, 0xe7bf, 
	0xe7bf, 0xe7bf, 0xe7bf, 0xdf9f, 0xdf3d, 0xdf3e, 0xf73c, 0xce18, 0xd491, 0xd491, 0xec70, 0xc32b, 0xd205, 0xd205, 0xd205, 0xd225, 
	0xd205, 0xd205, 0xb2c7, 0xfd72, 0xe696, 0xe675, 0xee75, 0xee75, 0xee75, 0xee75, 0xee75, 0xee75, 0xee75, 0xee75, 0xee75, 0xee75, 
	0xee75, 0xee75, 0xee75, 0xee75, 0xee75, 0xee75, 0xee75, 0xee75, 0xee75, 0xee75, 0xee75, 0xee75, 0xee75, 0xee75, 0xee75, 0xee75, 
	0xee75, 0xee75, 0xee75, 0xee75, 0xee75, 0xee75, 0xee75, 0xee75, 0xee75, 0xee75, 0xee75, 0xee75, 0xee75, 0xee75, 0xee75, 0xee75, 
	0xee75, 0xee75, 0xee75, 0xee75, 0xee75, 0xee75, 0xee75, 0xee75, 0xee75, 0xee75, 0xee75, 0xee75, 0xee75, 0xee75, 0xee75, 0xee75, 
	0xee75, 0xee75, 0xee75, 0xee75, 0xee75, 0xee75, 0xee75, 0xee75, 0xee75, 0xee75, 0xee75, 0xee75, 0xee75, 0xee75, 0xee75, 0xee75, 
	0xee75, 0xee75, 0xee75, 0xee75, 0xee75, 0xee75, 0xee75, 0xee75, 0xee75, 0xee75, 0xee75, 0xee75, 0xee75, 0xee75, 0xee75, 0xee75, 
	0xee75, 0xee75, 0xee75, 0xee75, 0xee75, 0xee75, 0xee75, 0xee75, 0xee75, 0xee75, 0xee75, 0xee75, 0xee75, 0xee75, 0xee75, 0xee75, 
	0xee75, 0xee75, 0xee75, 0xee75, 0xee75, 0xee75, 0xee75, 0xee75, 0xee75, 0xee75, 0xee75, 0xee75, 0xee75, 0xee75, 0xee75, 0xee75, 
	0xee75, 0xee75, 0xee75, 0xee75, 0xee75, 0xee75, 0xee75, 0xee75, 0xee75, 0xee75, 0xee75, 0xee75, 0xee75, 0xee75, 0xee75, 0xee75, 
	0xee75, 0xee75, 0xee75, 0xee75, 0xee75, 0xee75, 0xee75, 0xee75, 0xee75, 0xee75, 0xee75, 0xee75, 0xee75, 0xee75, 0xee75, 0xee75, 
	0xee75, 0xee75, 0xee75, 0xee75, 0xee75, 0xee75, 0xee75, 0xee75, 0xee75, 0xee75, 0xee75, 0xee75, 0xee75, 0xee75, 0xee75, 0xee75, 
	0xee75, 0xee75, 0xee75, 0xee75, 0xee75, 0xee75, 0xee75, 0xee75, 0xee75, 0xee75, 0xe675, 0xee95, 0xf5b4, 0xa309, 0xaa89, 0xb289, 
	0xb2a9, 0xb2a9, 0xb288, 0xb288, 0xb36c, 0xe4d2, 0xdcd2, 0xd4d2, 0xce39, 0xf77e, 0xdf9f, 0xdf9f, 0xe79f, 0xe7bf, 0xe7bf, 0xe7bf, 
	0xe79f, 0xe7bf, 0xe7bf, 0xe7bf, 0xe79f, 0xe7bf, 0xe7bf, 0xe7bf, 0xe7bf, 0xe7bf, 0xe7bf, 0xe79f, 0xe7bf, 0xe7bf, 0xe7bf, 0xe79f, 
	0xe7bf, 0xe7bf, 0xe7bf, 0xdf9f, 0xdf5e, 0xdf5e, 0xef3d, 0xd659, 0xd533, 0xdd34, 0xed13, 0xcc0e, 0xd30a, 0xd32a, 0xd32a, 0xd32a, 
	0xd32a, 0xd30a, 0xbbab, 0xfdb3, 0xee95, 0xe675, 0xee75, 0xee75, 0xee75, 0xee75, 0xee75, 0xee75, 0xee75, 0xee75, 0xee75, 0xee75, 
	0xee75, 0xee75, 0xee75, 0xee75, 0xee75, 0xee75, 0xee75, 0xee75, 0xee75, 0xee75, 0xee75, 0xee75, 0xee75, 0xee75, 0xee75, 0xee75, 
	0xee75, 0xee75, 0xee75, 0xee75, 0xee75, 0xee75, 0xee75, 0xee75, 0xee75, 0xee75, 0xee75, 0xee75, 0xee75, 0xee75, 0xee75, 0xee75, 
	0xee75, 0xee75, 0xee75, 0xee75, 0xee75, 0xee75, 0xee75, 0xee75, 0xee75, 0xee75, 0xee75, 0xee75, 0xee75, 0xee75, 0xee75, 0xee75, 
	0xee75, 0xee75, 0xee75, 0xee75, 0xee75, 0xee75, 0xee75, 0xee75, 0xee75, 0xee75, 0xee75, 0xee75, 0xee75, 0xee75, 0xee75, 0xee75, 
	0xee75, 0xee75, 0xee75, 0xee75, 0xee75, 0xee75, 0xee75, 0xee75, 0xee75, 0xee75, 0xee75, 0xee75, 0xee75, 0xee75, 0xee75, 0xee75, 
	0xee75, 0xee75, 0xee75, 0xee75, 0xee75, 0xee75, 0xee75, 0xee75, 0xee75, 0xee75, 0xee75, 0xee75, 0xee75, 0xee75, 0xee75, 0xee75, 
	0xee75, 0xee75, 0xee75, 0xee75, 0xee75, 0xee75, 0xee75, 0xee75, 0xee75, 0xee75, 0xee75, 0xee75, 0xee75, 0xee75, 0xee75, 0xee75, 
	0xee75, 0xee75, 0xee75, 0xee75, 0xee75, 0xee75, 0xee75, 0xee75, 0xee75, 0xee75, 0xee75, 0xee75, 0xee75, 0xee75, 0xee75, 0xee75, 
	0xee75, 0xee75, 0xee75, 0xee75, 0xee75, 0xee75, 0xee75, 0xee75, 0xee75, 0xee75, 0xee75, 0xee75, 0xee75, 0xee75, 0xee75, 0xee75, 
	0xee75, 0xee75, 0xee75, 0xee75, 0xee75, 0xee75, 0xee75, 0xee75, 0xee75, 0xee75, 0xee75, 0xee75, 0xee75, 0xee75, 0xee75, 0xee75, 
	0xee75, 0xee75, 0xee75, 0xee75, 0xee75, 0xee75, 0xee75, 0xee75, 0xee75, 0xee75, 0xee75, 0xee75, 0xd699, 0xd6ba, 0xc6fe, 0xc6fe, 
	0xcefd, 0xdf7f, 0xdf7f, 0xdf7e, 0xdf9f, 0xe79f, 0xe79f, 0xe79f, 0xe79f, 0xe7bf, 0xe7bf, 0xe7bf, 0xe79f, 0xe7bf, 0xe7bf, 0xe7bf, 
	0xe7bf, 0xe7bf, 0xe7bf, 0xe7bf, 0xe7bf, 0xe7bf, 0xe7bf, 0xe7bf, 0xe7bf, 0xe7bf, 0xe7bf, 0xe79f, 0xe7bf, 0xe7bf, 0xe7bf, 0xe7bf, 
	0xe7bf, 0xe7bf, 0xe7bf, 0xe79f, 0xe7bf, 0xe7bf, 0xe7bf, 0xe79f, 0xe79f, 0xe79f, 0xe79f, 0xe79f, 0xe79f, 0xe79f, 0xe79f, 0xe79f, 
	0xe79f, 0xe79f, 0xf77c, 0xdeb9, 0xee55, 0xee75, 0xee75, 0xee75, 0xee75, 0xee75, 0xee75, 0xee75, 0xee75, 0xee75, 0xee75, 0xee75, 
	0xee75, 0xee75, 0xee75, 0xee75, 0xee75, 0xee75, 0xee75, 0xee75, 0xee75, 0xee75, 0xee75, 0xee75, 0xee75, 0xee75, 0xee75, 0xee75, 
	0xee75, 0xee75, 0xee75, 0xee75, 0xee75, 0xee75, 0xee75, 0xee75, 0xee75, 0xee75, 0xee75, 0xee75, 0xee75, 0xee75, 0xee75, 0xee75, 
	0xee75, 0xee75, 0xee75, 0xee75, 0xee75, 0xee75, 0xee75, 0xee75, 0xee75, 0xee75, 0xee75, 0xee75, 0xee75, 0xee75, 0xee75, 0xee75, 
	0xee75, 0xee75, 0xee75, 0xee75, 0xee75, 0xee75, 0xee75, 0xee75, 0xee75, 0xee75, 0xee75, 0xee75, 0xee75, 0xee75, 0xee75, 0xee75, 
	0xee75, 0xee75, 0xee75, 0xee75, 0xee75, 0xee75, 0xee75, 0xee75, 0xee75, 0xee75, 0xee75, 0xee75, 0xee75, 0xee75, 0xee75, 0xee75, 
	0xee75, 0xee75, 0xee75, 0xee75, 0xee75, 0xee75, 0xee75, 0xee75, 0xee75, 0xee75, 0xee75, 0xee75, 0xee75, 0xee75, 0xee75, 0xee75, 
	0xee75, 0xee75, 0xee75, 0xee75, 0xee75, 0xee75, 0xee75, 0xee75, 0xee75, 0xee75, 0xee75, 0xee75, 0xee75, 0xee75, 0xee75, 0xee75, 
	0xee75, 0xee75, 0xee75, 0xee75, 0xee75, 0xee75, 0xee75, 0xee75, 0xee75, 0xee75, 0xee75, 0xee75, 0xee75, 0xee75, 0xee75, 0xee75, 
	0xee75, 0xee75, 0xee75, 0xee75, 0xee75, 0xee75, 0xee75, 0xee75, 0xee75, 0xee75, 0xee75, 0xee75, 0xee75, 0xee75, 0xee75, 0xee75, 
	0xee75, 0xee75, 0xee75, 0xee75, 0xee75, 0xee75, 0xee75, 0xee75, 0xee75, 0xee75, 0xee75, 0xee75, 0xee75, 0xee75, 0xee75, 0xee75, 
	0xee75, 0xee75, 0xee75, 0xee75, 0xee75, 0xee75, 0xee75, 0xee75, 0xee75, 0xee75, 0xee75, 0xee75, 0xd699, 0xdeda, 0xc71e, 0xc6fe, 
	0xcf1e, 0xdf9f, 0xdf9f, 0xdf9f, 0xdf9f, 0xe7bf, 0xe7bf, 0xe7bf, 0xe7bf, 0xe7bf, 0xe7bf, 0xe7bf, 0xe7bf, 0xe7bf, 0xe7bf, 0xe7bf, 
	0xe7bf, 0xe7bf, 0xe7bf, 0xe7bf, 0xe7bf, 0xe7bf, 0xe7bf, 0xe7bf, 0xe7bf, 0xe7bf, 0xe7bf, 0xe7bf, 0xe7bf, 0xe7bf, 0xe7bf, 0xe7bf, 
	0xe7bf, 0xe7bf, 0xe7bf, 0xe7bf, 0xe7bf, 0xe7bf, 0xe7bf, 0xe7bf, 0xe7bf, 0xe7bf, 0xe7bf, 0xe7bf, 0xe7bf, 0xe7bf, 0xe7bf, 0xe7bf, 
	0xdfbf, 0xdfbf, 0xf77c, 0xdeb9, 0xee55, 0xee75, 0xee75, 0xee75, 0xee75, 0xee75, 0xee75, 0xee75, 0xee75, 0xee75, 0xee75, 0xee75, 
	0xee75, 0xee75, 0xee75, 0xee75, 0xee75, 0xee75, 0xee75, 0xee75, 0xee75, 0xee75, 0xee75, 0xee75, 0xee75, 0xee75, 0xee75, 0xee75, 
	0xee75, 0xee75, 0xee75, 0xee75, 0xee75, 0xee75, 0xee75, 0xee75, 0xee75, 0xee75, 0xee75, 0xee75, 0xee75, 0xee75, 0xee75, 0xee75, 
	0xee75, 0xee75, 0xee75, 0xee75, 0xee75, 0xee75, 0xee75, 0xee75, 0xee75, 0xee75, 0xee75, 0xee75, 0xee75, 0xee75, 0xee75, 0xee75, 
	0xee75, 0xee75, 0xee75, 0xee75, 0xee75, 0xee75, 0xee75, 0xee75, 0xee75, 0xee75, 0xee75, 0xee75, 0xee75, 0xee75, 0xee75, 0xee75, 
	0xee75, 0xee75, 0xee75, 0xee75, 0xee75, 0xee75, 0xee75, 0xee75, 0xee75, 0xee75, 0xee75, 0xee75, 0xee75, 0xee75, 0xee75, 0xee75, 
	0xee75, 0xee75, 0xee75, 0xee75, 0xee75, 0xee75, 0xee75, 0xee75, 0xee75, 0xee75, 0xee75, 0xee75, 0xee75, 0xee75, 0xee75, 0xee75, 
	0xee75, 0xee75, 0xee75, 0xee75, 0xee75, 0xee75, 0xee75, 0xee75, 0xee75, 0xee75, 0xee75, 0xee75, 0xee75, 0xee75, 0xee75, 0xee75, 
	0xee75, 0xee75, 0xee75, 0xee75, 0xee75, 0xee75, 0xee75, 0xee75, 0xee75, 0xee75, 0xee75, 0xee75, 0xee75, 0xee75, 0xee75, 0xee75, 
	0xee75, 0xee75, 0xee75, 0xee75, 0xee75, 0xee75, 0xee75, 0xee75, 0xee75, 0xee75, 0xee75, 0xee75, 0xee75, 0xee75, 0xee75, 0xee75, 
	0xee75, 0xee75, 0xee75, 0xee75, 0xee75, 0xee75, 0xee75, 0xee75, 0xee75, 0xee75, 0xee75, 0xee75, 0xee75, 0xee75, 0xee75, 0xee75, 
	0xee75, 0xee75, 0xee75, 0xee75, 0xee75, 0xee75, 0xee75, 0xee75, 0xe675, 0xee75, 0xee75, 0xee75, 0xd6ba, 0xdeda, 0xc6fe, 0xc6fe, 
	0xcf1d, 0xdf9f, 0xdf9f, 0xdf9f, 0xdf9f, 0xe7bf, 0xe7bf, 0xe7bf, 0xe79f, 0xe7bf, 0xe7bf, 0xe7bf, 0xe79f, 0xe7bf, 0xe7bf, 0xe7bf, 
	0xe7bf, 0xe7bf, 0xe7bf, 0xe7bf, 0xe79f, 0xe7bf, 0xe7bf, 0xe7bf, 0xe7bf, 0xe7bf, 0xe7bf, 0xe79f, 0xe7bf, 0xe7bf, 0xe7bf, 0xe7bf, 
	0xe7bf, 0xe7bf, 0xe7bf, 0xe79f, 0xe7bf, 0xe7bf, 0xe7bf, 0xe79f, 0xe7bf, 0xe7bf, 0xe7bf, 0xe7bf, 0xe7bf, 0xe7bf, 0xe7bf, 0xe79f, 
	0xe7bf, 0xe7bf, 0xf77c, 0xdeb9, 0xee76, 0xee76, 0xee76, 0xe675, 0xee75, 0xee75, 0xee75, 0xee75, 0xee75, 0xee75, 0xee75, 0xee75, 
	0xee75, 0xee75, 0xee75, 0xee75, 0xee75, 0xee75, 0xee75, 0xee75, 0xee75, 0xee75, 0xee75, 0xee75, 0xee75, 0xee75, 0xee75, 0xee75, 
	0xee75, 0xee75, 0xee75, 0xee75, 0xee75, 0xee75, 0xee75, 0xee75, 0xee75, 0xee75, 0xee75, 0xee75, 0xee75, 0xee75, 0xee75, 0xee75, 
	0xee75, 0xee75, 0xee75, 0xee75, 0xee75, 0xee75, 0xee75, 0xee75, 0xee75, 0xee75, 0xee75, 0xee75, 0xee75, 0xee75, 0xee75, 0xee75, 
	0xee75, 0xee75, 0xee75, 0xee75, 0xee75, 0xee75, 0xee75, 0xee75, 0xee75, 0xee75, 0xee75, 0xee75, 0xee75, 0xee75, 0xee75, 0xee75, 
	0xee75, 0xee75, 0xee75, 0xee75, 0xee75, 0xee75, 0xee75, 0xee75, 0xee75, 0xee75, 0xee75, 0xee75, 0xee75, 0xee75, 0xee75, 0xee75, 
	0xee75, 0xee75, 0xee75, 0xee75, 0xee75, 0xee75, 0xee75, 0xee75, 0xee75, 0xee75, 0xee75, 0xee75, 0xee75, 0xee75, 0xee75, 0xee75, 
	0xee75, 0xee75, 0xee75, 0xee75, 0xee75, 0xee75, 0xee75, 0xee75, 0xee75, 0xee75, 0xee75, 0xee75, 0xee75, 0xee75, 0xee75, 0xee75, 
	0xee75, 0xee75, 0xee75, 0xee75, 0xee75, 0xee75, 0xee75, 0xee75, 0xee75, 0xee75, 0xee75, 0xee75, 0xee75, 0xee75, 0xee75, 0xee75, 
	0xee75, 0xee75, 0xee75, 0xee75, 0xee75, 0xee75, 0xee75, 0xee75, 0xee75, 0xee75, 0xee75, 0xee75, 0xee75, 0xee75, 0xee75, 0xee75, 
	0xee75, 0xee75, 0xee75, 0xee75, 0xee75, 0xee75, 0xee75, 0xee75, 0xee75, 0xee75, 0xee75, 0xee75, 0xee75, 0xee75, 0xee75, 0xee75, 
	0xee75, 0xee75, 0xee75, 0xee75, 0xee75, 0xee75, 0xee75, 0xee75, 0xde98, 0xe6d9, 0xcf1e, 0xcf1e, 0xcf1e, 0xc6fd, 0xc6fe, 0xc6fe, 
	0xcf1d, 0xdf9f, 0xe7bf, 0xe79f, 0xe79f, 0xe7bf, 0xe7bf, 0xe7bf, 0xe79f, 0xe7bf, 0xe7bf, 0xe7bf, 0xe79f, 0xe7bf, 0xe7bf, 0xe7bf, 
	0xe7bf, 0xe7bf, 0xe7bf, 0xe7bf, 0xe79f, 0xe7bf, 0xe7bf, 0xe7bf, 0xe7bf, 0xe7bf, 0xe7bf, 0xe79f, 0xe7bf, 0xe7bf, 0xe7bf, 0xe7bf, 
	0xe7bf, 0xe7bf, 0xe7bf, 0xe79f, 0xe7bf, 0xe7bf, 0xe7bf, 0xe79f, 0xe7bf, 0xe7bf, 0xe7bf, 0xe7bf, 0xe7bf, 0xe7bf, 0xe7bf, 0xe79f, 
	0xe7bf, 0xe7bf, 0xe7bf, 0xe79f, 0xe79f, 0xe79f, 0xf75b, 0xde98, 0xee75, 0xee75, 0xee75, 0xee75, 0xee75, 0xee75, 0xee75, 0xee75, 
	0xee75, 0xee75, 0xee75, 0xee75, 0xee75, 0xee75, 0xee75, 0xee75, 0xee75, 0xee75, 0xee75, 0xee75, 0xee75, 0xee75, 0xee75, 0xee75, 
	0xee75, 0xee75, 0xee75, 0xee75, 0xee75, 0xee75, 0xee75, 0xee75, 0xee75, 0xee75, 0xee75, 0xee75, 0xee75, 0xee75, 0xee75, 0xee75, 
	0xee75, 0xee75, 0xee75, 0xee75, 0xee75, 0xee75, 0xee75, 0xee75, 0xee75, 0xee75, 0xee75, 0xee75, 0xee75, 0xee75, 0xee75, 0xee75, 
	0xee75, 0xee75, 0xee75, 0xee75, 0xee75, 0xee75, 0xee75, 0xee75, 0xee75, 0xee75, 0xee75, 0xee75, 0xee75, 0xee75, 0xee75, 0xee75, 
	0xee75, 0xee75, 0xee75, 0xee75, 0xee75, 0xee75, 0xee75, 0xee75, 0xee75, 0xee75, 0xee75, 0xee75, 0xee75, 0xee75, 0xee75, 0xee75, 
	0xee75, 0xee75, 0xee75, 0xee75, 0xee75, 0xee75, 0xee75, 0xee75, 0xee75, 0xee75, 0xee75, 0xee75, 0xee75, 0xee75, 0xee75, 0xee75, 
	0xee75, 0xee75, 0xee75, 0xee75, 0xee75, 0xee75, 0xee75, 0xee75, 0xee75, 0xee75, 0xee75, 0xee75, 0xee75, 0xee75, 0xee75, 0xee75, 
	0xee75, 0xee75, 0xee75, 0xee75, 0xee75, 0xee75, 0xee75, 0xee75, 0xee75, 0xee75, 0xee75, 0xee75, 0xee75, 0xee75, 0xee75, 0xee75, 
	0xee75, 0xee75, 0xee75, 0xee75, 0xee75, 0xee75, 0xee75, 0xee75, 0xee75, 0xee75, 0xee75, 0xee75, 0xee75, 0xee75, 0xee75, 0xee75, 
	0xee75, 0xee75, 0xee75, 0xee75, 0xee75, 0xee75, 0xee75, 0xee75, 0xee75, 0xee75, 0xee75, 0xee75, 0xee75, 0xee75, 0xee75, 0xee75, 
	0xee75, 0xee75, 0xee75, 0xee75, 0xee75, 0xee75, 0xee75, 0xee75, 0xd698, 0xe6fa, 0xcf1e, 0xcf1e, 0xcf1e, 0xc6fd, 0xc6fe, 0xc6fe, 
	0xcf1d, 0xe7bf, 0xe7bf, 0xe7bf, 0xe7bf, 0xe7bf, 0xe7bf, 0xe7bf, 0xe7bf, 0xe7bf, 0xe7bf, 0xe7bf, 0xe7bf, 0xe7bf, 0xe7bf, 0xe7bf, 
	0xe7bf, 0xe7bf, 0xe7bf, 0xe7bf, 0xe7bf, 0xe7bf, 0xe7bf, 0xe7bf, 0xe7bf, 0xe7bf, 0xe7bf, 0xe7bf, 0xe7bf, 0xe7bf, 0xe7bf, 0xe7bf, 
	0xe7bf, 0xe7bf, 0xe7bf, 0xe7bf, 0xe7bf, 0xe7bf, 0xe7bf, 0xe7bf, 0xe7bf, 0xe7bf, 0xe7bf, 0xe7bf, 0xe7bf, 0xe7bf, 0xe7bf, 0xe7bf, 
	0xe7bf, 0xe7bf, 0xe7bf, 0xe7bf, 0xdfbf, 0xdfbf, 0xf77c, 0xde98, 0xee75, 0xee75, 0xee75, 0xee75, 0xee75, 0xee75, 0xee75, 0xee75, 
	0xee75, 0xee75, 0xee75, 0xee75, 0xee75, 0xee75, 0xee75, 0xee75, 0xee75, 0xee75, 0xee75, 0xee75, 0xee75, 0xee75, 0xee75, 0xee75, 
	0xee75, 0xee75, 0xee75, 0xee75, 0xee75, 0xee75, 0xee75, 0xee75, 0xee75, 0xee75, 0xee75, 0xee75, 0xee75, 0xee75, 0xee75, 0xee75, 
	0xee75, 0xee75, 0xee75, 0xee75, 0xee75, 0xee75, 0xee75, 0xee75, 0xee75, 0xee75, 0xee75, 0xee75, 0xee75, 0xee75, 0xee75, 0xee75, 
	0xee75, 0xee75, 0xee75, 0xee75, 0xee75, 0xee75, 0xee75, 0xee75, 0xee75, 0xee75, 0xee75, 0xee75, 0xee75, 0xee75, 0xee75, 0xee75, 
	0xee75, 0xee75, 0xee75, 0xee75, 0xee75, 0xee75, 0xee75, 0xee75, 0xee75, 0xee75, 0xee75, 0xee75, 0xee75, 0xee75, 0xee75, 0xee75, 
	0xee75, 0xee75, 0xee75, 0xee75, 0xee75, 0xee75, 0xee75, 0xee75, 0xee75, 0xee75, 0xee75, 0xee75, 0xee75, 0xee75, 0xee75, 0xee75, 
	0xee75, 0xee75, 0xee75, 0xee75, 0xee75, 0xee75, 0xee75, 0xee75, 0xee75, 0xee75, 0xee75, 0xee75, 0xee75, 0xee75, 0xee75, 0xee75, 
	0xee75, 0xee75, 0xee75, 0xee75, 0xee75, 0xee75, 0xee75, 0xee75, 0xee75, 0xee75, 0xee75, 0xee75, 0xee75, 0xee75, 0xee75, 0xee75, 
	0xee75, 0xee75, 0xee75, 0xee75, 0xee75, 0xee75, 0xee75, 0xee75, 0xee75, 0xee75, 0xee75, 0xee75, 0xee75, 0xee75, 0xee75, 0xee75, 
	0xee75, 0xee75, 0xee75, 0xee75, 0xee75, 0xee75, 0xee75, 0xee75, 0xee75, 0xee75, 0xee75, 0xee75, 0xee75, 0xee75, 0xee75, 0xee75, 
	0xee75, 0xee75, 0xee75, 0xee75, 0xee75, 0xee75, 0xee75, 0xee75, 0xd698, 0xe6da, 0xcf1e, 0xcf1e, 0xcf1e, 0xc6fd, 0xc6fe, 0xc6fe, 
	0xcf1d, 0xe7bf, 0xe7bf, 0xe7bf, 0xe7bf, 0xe7bf, 0xe7bf, 0xe7bf, 0xe79f, 0xe7bf, 0xe7bf, 0xe7bf, 0xe79f, 0xe7bf, 0xe7bf, 0xe7bf, 
	0xe7bf, 0xe7bf, 0xe7bf, 0xe7bf, 0xe7bf, 0xe7bf, 0xe7bf, 0xe7bf, 0xe79f, 0xe79f, 0xe79f, 0xe79f, 0xe7bf, 0xe7bf, 0xe7bf, 0xe7bf, 
	0xe7bf, 0xe7bf, 0xe7bf, 0xe79f, 0xe7bf, 0xe7bf, 0xe7bf, 0xe79f, 0xe7bf, 0xe7bf, 0xe7bf, 0xe7bf, 0xe7bf, 0xe7bf, 0xe7bf, 0xe79f, 
	0xe7bf, 0xe7bf, 0xe7bf, 0xe7bf, 0xe7bf, 0xe7bf, 0xf75b, 0xde98, 0xee75, 0xee75, 0xee75, 0xee75, 0xee75, 0xee75, 0xee75, 0xee75, 
	0xee75, 0xee75, 0xee75, 0xee75, 0xee75, 0xee75, 0xee75, 0xee75, 0xee75, 0xee75, 0xee75, 0xee75, 0xee75, 0xee75, 0xee75, 0xee75, 
	0xee75, 0xee75, 0xee75, 0xee75, 0xee75, 0xee75, 0xee75, 0xee75, 0xee75, 0xee75, 0xee75, 0xee75, 0xee75, 0xee75, 0xee75, 0xee75, 
	0xee75, 0xee75, 0xee75, 0xee75, 0xee75, 0xee75, 0xee75, 0xee75, 0xee75, 0xee75, 0xee75, 0xee75, 0xee75, 0xee75, 0xee75, 0xee75, 
	0xee75, 0xee75, 0xee75, 0xee75, 0xee75, 0xee75, 0xee75, 0xee75, 0xee75, 0xee75, 0xee75, 0xee75, 0xee75, 0xee75, 0xee75, 0xee75, 
	0xee75, 0xee75, 0xee75, 0xee75, 0xee75, 0xee75, 0xee75, 0xee75, 0xee75, 0xee75, 0xee75, 0xee75, 0xee75, 0xee75, 0xee75, 0xee75, 
	0xee75, 0xee75, 0xee75, 0xee75, 0xee75, 0xee75, 0xee75, 0xee75, 0xee75, 0xee75, 0xee75, 0xee75, 0xee75, 0xee75, 0xee75, 0xee75, 
	0xee75, 0xee75, 0xee75, 0xee75, 0xee75, 0xee75, 0xee75, 0xee75, 0xee75, 0xee75, 0xee75, 0xee75, 0xee75, 0xee75, 0xee75, 0xee75, 
	0xee75, 0xee75, 0xee75, 0xee75, 0xee75, 0xee75, 0xee75, 0xee75, 0xee75, 0xee75, 0xee75, 0xee75, 0xee75, 0xee75, 0xee75, 0xee75, 
	0xee75, 0xee75, 0xee75, 0xee75, 0xee75, 0xee75, 0xee75, 0xee75, 0xee75, 0xee75, 0xee75, 0xee75, 0xee75, 0xee75, 0xee75, 0xee75, 
	0xee75, 0xee75, 0xee75, 0xee75, 0xee75, 0xee75, 0xee75, 0xee75, 0xee75, 0xee75, 0xee75, 0xee75, 0xee75, 0xee75, 0xee75, 0xee75, 
	0xee75, 0xee75, 0xee75, 0xee75, 0xee75, 0xee75, 0xee75, 0xee75, 0xd699, 0xded9, 0xc6fe, 0xc6fe, 0xc6fe, 0xcf1e, 0xcf1e, 0xcf1e, 
	0xd73d, 0xe7bf, 0xe7bf, 0xe7bf, 0xe7bf, 0xe7bf, 0xe7bf, 0xe7bf, 0xe79f, 0xe7bf, 0xe7bf, 0xe7bf, 0xe79f, 0xe7bf, 0xe7bf, 0xe7bf, 
	0xe7bf, 0xe7bf, 0xe7bf, 0xe7bf, 0xe79f, 0xe7bf, 0xe7bf, 0xd75e, 0x5395, 0x4333, 0x4313, 0x63f6, 0xdf9f, 0xe7bf, 0xe7bf, 0xe7bf, 
	0xe7bf, 0xe7bf, 0xe7bf, 0xe79f, 0xe7bf, 0xe7bf, 0xe7bf, 0xe79f, 0xe7bf, 0xe7bf, 0xe7bf, 0xe7bf, 0xe7bf, 0xe7bf, 0xe7bf, 0xe79f, 
	0xe7bf, 0xe7bf, 0xe7bf, 0xe7bf, 0xe7bf, 0xe7bf, 0xf75b, 0xde98, 0xee75, 0xee75, 0xee75, 0xee75, 0xee75, 0xee75, 0xee75, 0xee75, 
	0xee75, 0xee75, 0xee75, 0xee75, 0xee75, 0xee75, 0xee75, 0xee75, 0xee75, 0xee75, 0xee75, 0xee75, 0xee75, 0xee75, 0xee75, 0xee75, 
	0xee75, 0xee75, 0xee75, 0xee75, 0xee75, 0xee75, 0xee75, 0xee75, 0xee75, 0xee75, 0xee75, 0xee75, 0xee75, 0xee75, 0xee75, 0xee75, 
	0xee75, 0xee75, 0xee75, 0xee75, 0xee75, 0xee75, 0xee75, 0xee75, 0xee75, 0xee75, 0xee75, 0xee75, 0xee75, 0xee75, 0xee75, 0xee75, 
	0xee75, 0xee75, 0xee75, 0xee75, 0xee75, 0xee75, 0xee75, 0xee75, 0xee75, 0xee75, 0xee75, 0xee75, 0xee75, 0xee75, 0xee75, 0xee75, 
	0xee75, 0xee75, 0xee75, 0xee75, 0xee75, 0xee75, 0xee75, 0xee75, 0xee75, 0xee75, 0xee75, 0xee75, 0xee75, 0xee75, 0xee75, 0xee75, 
	0xee75, 0xee75, 0xee75, 0xee75, 0xee75, 0xee75, 0xee75, 0xee75, 0xee75, 0xee75, 0xee75, 0xee75, 0xee75, 0xee75, 0xee75, 0xee75, 
	0xee75, 0xee75, 0xee75, 0xee75, 0xee75, 0xee75, 0xee75, 0xee75, 0xee75, 0xee75, 0xee75, 0xee75, 0xee75, 0xee75, 0xee75, 0xee75, 
	0xee75, 0xee75, 0xee75, 0xee75, 0xee75, 0xee75, 0xee75, 0xee75, 0xee75, 0xee75, 0xee75, 0xee75, 0xee75, 0xee75, 0xee75, 0xee75, 
	0xee75, 0xee75, 0xee75, 0xee75, 0xee75, 0xee75, 0xee75, 0xee75, 0xee75, 0xee75, 0xee75, 0xee75, 0xee75, 0xee75, 0xee75, 0xee75, 
	0xee75, 0xee75, 0xee75, 0xee75, 0xee75, 0xee75, 0xee75, 0xee75, 0xee75, 0xee75, 0xee75, 0xee75, 0xee75, 0xee75, 0xee75, 0xee75, 
	0xee75, 0xee75, 0xee75, 0xee75, 0xee75, 0xee75, 0xee75, 0xee75, 0xd699, 0xdeb9, 0xc6fe, 0xc6fe, 0xc6fd, 0xcf1e, 0xcf1e, 0xcf1e, 
	0xd73e, 0xe7bf, 0xe7bf, 0xe7bf, 0xe7bf, 0xe7bf, 0xe7bf, 0xe7bf, 0xe7bf, 0xe7bf, 0xe7bf, 0xe7bf, 0xe7bf, 0xe7bf, 0xe7bf, 0xe7bf, 
	0xe7bf, 0xe7bf, 0xe7bf, 0xe7bf, 0xe7bf, 0xe7bf, 0xe7bf, 0xd73e, 0x2a92, 0x1a10, 0x19ef, 0x3b14, 0xdf9f, 0xe7bf, 0xe7bf, 0xe7bf, 
	0xe7bf, 0xe7bf, 0xe7bf, 0xe7bf, 0xe7bf, 0xe7bf, 0xe7bf, 0xe7bf, 0xe7bf, 0xe7bf, 0xe7bf, 0xe7bf, 0xe7bf, 0xe7bf, 0xe7bf, 0xe7bf, 
	0xe7bf, 0xe7bf, 0xe7bf, 0xe7bf, 0xe7bf, 0xe7bf, 0xf75b, 0xde98, 0xee75, 0xee75, 0xee75, 0xee75, 0xee75, 0xee75, 0xee75, 0xee75, 
	0xee75, 0xee75, 0xee75, 0xee75, 0xee75, 0xee75, 0xee75, 0xee75, 0xee75, 0xee75, 0xee75, 0xee75, 0xee75, 0xee75, 0xee75, 0xee75, 
	0xee75, 0xee75, 0xee75, 0xee75, 0xee75, 0xee75, 0xee75, 0xee75, 0xee75, 0xee75, 0xee75, 0xee75, 0xee75, 0xee75, 0xee75, 0xee75, 
	0xee75, 0xee75, 0xee75, 0xee75, 0xee75, 0xee75, 0xee75, 0xee75, 0xee75, 0xee75, 0xee75, 0xee75, 0xee75, 0xee75, 0xee75, 0xee75, 
	0xee75, 0xee75, 0xee75, 0xee75, 0xee75, 0xee75, 0xee75, 0xee75, 0xee75, 0xee75, 0xee75, 0xee75, 0xee75, 0xee75, 0xee75, 0xee75, 
	0xee75, 0xee75, 0xee75, 0xee75, 0xee75, 0xee75, 0xee75, 0xee75, 0xee75, 0xee75, 0xee75, 0xee75, 0xee75, 0xee75, 0xee75, 0xee75, 
	0xee75, 0xee75, 0xee75, 0xee75, 0xee75, 0xee75, 0xee75, 0xee75, 0xee75, 0xee75, 0xee75, 0xee75, 0xee75, 0xee75, 0xee75, 0xee75, 
	0xee75, 0xee75, 0xee75, 0xee75, 0xee75, 0xee75, 0xee75, 0xee75, 0xee75, 0xee75, 0xee75, 0xee75, 0xee75, 0xee75, 0xee75, 0xee75, 
	0xee75, 0xee75, 0xee75, 0xee75, 0xee75, 0xee75, 0xee75, 0xee75, 0xee75, 0xee75, 0xee75, 0xee75, 0xee75, 0xee75, 0xee75, 0xee75, 
	0xee75, 0xee75, 0xee75, 0xee75, 0xee75, 0xee75, 0xee75, 0xee75, 0xee75, 0xee75, 0xee75, 0xee75, 0xee75, 0xee75, 0xee75, 0xee75, 
	0xee75, 0xee75, 0xee75, 0xee75, 0xee75, 0xee75, 0xee75, 0xee75, 0xee75, 0xee75, 0xee75, 0xee75, 0xee75, 0xee75, 0xee75, 0xee75, 
	0xee75, 0xee75, 0xee75, 0xee75, 0xee75, 0xee75, 0xee75, 0xee75, 0xd699, 0xdeb9, 0xc6fe, 0xc6fe, 0xc6fd, 0xcf1e, 0xcf1e, 0xcf1e, 
	0xd73e, 0xe7bf, 0xe7bf, 0xe7bf, 0xe7bf, 0xe7bf, 0xe7bf, 0xe7bf, 0xe79f, 0xe7bf, 0xe7bf, 0xe7bf, 0xe7bf, 0xe7bf, 0xe7bf, 0xe7bf, 
	0xe7bf, 0xe7bf, 0xe7bf, 0xe7bf, 0xe7df, 0xefdf, 0xefff, 0xdf7f, 0x32b3, 0x2230, 0x2230, 0x4354, 0xe7df, 0xefdf, 0xefdf, 0xe7df, 
	0xe7bf, 0xe7bf, 0xe7bf, 0xe79f, 0xe7bf, 0xe7bf, 0xe7bf, 0xe79f, 0xe7bf, 0xe7bf, 0xe7bf, 0xe7bf, 0xe7bf, 0xe7bf, 0xe7bf, 0xe79f, 
	0xe7bf, 0xe7bf, 0xe7bf, 0xe7bf, 0xe7bf, 0xe7bf, 0xf75b, 0xde98, 0xee54, 0xee55, 0xee75, 0xee75, 0xee75, 0xee75, 0xee75, 0xee75, 
	0xee75, 0xee75, 0xee75, 0xee75, 0xee75, 0xee75, 0xee75, 0xee75, 0xee75, 0xee75, 0xee75, 0xee75, 0xee75, 0xee75, 0xee75, 0xee75, 
	0xee75, 0xee75, 0xee75, 0xee75, 0xee75, 0xee75, 0xee75, 0xee75, 0xee75, 0xee75, 0xee75, 0xee75, 0xee75, 0xee75, 0xee75, 0xee75, 
	0xee75, 0xee75, 0xee75, 0xee75, 0xee75, 0xee75, 0xee75, 0xee75, 0xee75, 0xee75, 0xee75, 0xee75, 0xee75, 0xee75, 0xee75, 0xee75, 
	0xee75, 0xee75, 0xee75, 0xee75, 0xee75, 0xee75, 0xee75, 0xee75, 0xee75, 0xee75, 0xee75, 0xee75, 0xee75, 0xee75, 0xee75, 0xee75, 
	0xee75, 0xee75, 0xee75, 0xee75, 0xee75, 0xee75, 0xee75, 0xee75, 0xee75, 0xee75, 0xee75, 0xee75, 0xee75, 0xee75, 0xee75, 0xee75, 
	0xee75, 0xee75, 0xee75, 0xee75, 0xee75, 0xee75, 0xee75, 0xee75, 0xee75, 0xee75, 0xee75, 0xee75, 0xee75, 0xee75, 0xee75, 0xee75, 
	0xee75, 0xee75, 0xee75, 0xee75, 0xee75, 0xee75, 0xee75, 0xee75, 0xee75, 0xee75, 0xee75, 0xee75, 0xee75, 0xee75, 0xee75, 0xee75, 
	0xee75, 0xee75, 0xee75, 0xee75, 0xee75, 0xee75, 0xee75, 0xee75, 0xee75, 0xee75, 0xee75, 0xee75, 0xee75, 0xee75, 0xee75, 0xee75, 
	0xee75, 0xee75, 0xee75, 0xee75, 0xee75, 0xee75, 0xee75, 0xee75, 0xee75, 0xee75, 0xee75, 0xee75, 0xee75, 0xee75, 0xee75, 0xee75, 
	0xee75, 0xee75, 0xee75, 0xee75, 0xee75, 0xee75, 0xee75, 0xee75, 0xee75, 0xee75, 0xee75, 0xee75, 0xee75, 0xee75, 0xee75, 0xee75, 
	0xee75, 0xee75, 0xee75, 0xee75, 0xee75, 0xee75, 0xee75, 0xee75, 0xd699, 0xdeb9, 0xc6fe, 0xc6fe, 0xcf1d, 0xdf7f, 0xdf7f, 0xdf7f, 
	0xdf7f, 0xe7bf, 0xe7bf, 0xe7bf, 0xe7bf, 0xe7bf, 0xe7bf, 0xe7bf, 0xe79f, 0xe7bf, 0xe7bf, 0xe7bf, 0xe79f, 0xe7bf, 0xe7bf, 0xe7bf, 
	0xe7bf, 0xe7bf, 0xe7bf, 0xe79f, 0x7497, 0x5bd4, 0x5bd6, 0x5bb5, 0x2272, 0x2251, 0x2251, 0x2a92, 0x5bd6, 0x5bd6, 0x5bb4, 0x84f9, 
	0xe7bf, 0xe7bf, 0xe7bf, 0xe79f, 0xe7bf, 0xe7bf, 0xe7bf, 0xe79f, 0xe7bf, 0xe7bf, 0xe7bf, 0xe7bf, 0xe7bf, 0xe7bf, 0xe79f, 0xe7bf, 
	0xefbf, 0xefbf, 0xefbf, 0xe79f, 0xe7bf, 0xe7bf, 0xef9e, 0xef7d, 0xf77c, 0xf77c, 0xf739, 0xe676, 0xee75, 0xee75, 0xee75, 0xee75, 
	0xee75, 0xee75, 0xee75, 0xee75, 0xee75, 0xee75, 0xee75, 0xee75, 0xee75, 0xee75, 0xee75, 0xee75, 0xee75, 0xee75, 0xee75, 0xee75, 
	0xee75, 0xee75, 0xee75, 0xee75, 0xee75, 0xee75, 0xee75, 0xee75, 0xee75, 0xee75, 0xee75, 0xee75, 0xee75, 0xee75, 0xee75, 0xee75, 
	0xee75, 0xee75, 0xee75, 0xee75, 0xee75, 0xee75, 0xee75, 0xee75, 0xee75, 0xee75, 0xee75, 0xee75, 0xee75, 0xee75, 0xee75, 0xee75, 
	0xee75, 0xee75, 0xee75, 0xee75, 0xee75, 0xee75, 0xee75, 0xee75, 0xee75, 0xee75, 0xee75, 0xee75, 0xee75, 0xee75, 0xee75, 0xee75, 
	0xee75, 0xee75, 0xee75, 0xee75, 0xee75, 0xee75, 0xee75, 0xee75, 0xee75, 0xee75, 0xee75, 0xee75, 0xee75, 0xee75, 0xee75, 0xee75, 
	0xee75, 0xee75, 0xee75, 0xee75, 0xee75, 0xee75, 0xee75, 0xee75, 0xee75, 0xee75, 0xee75, 0xee75, 0xee75, 0xee75, 0xee75, 0xee75, 
	0xee75, 0xee75, 0xee75, 0xee75, 0xee75, 0xee75, 0xee75, 0xee75, 0xee75, 0xee75, 0xee75, 0xee75, 0xee75, 0xee75, 0xee75, 0xee75, 
	0xee75, 0xee75, 0xee75, 0xee75, 0xee75, 0xee75, 0xee75, 0xee75, 0xee75, 0xee75, 0xee75, 0xee75, 0xee75, 0xee75, 0xee75, 0xee75, 
	0xee75, 0xee75, 0xee75, 0xee75, 0xee75, 0xee75, 0xee75, 0xee75, 0xee75, 0xee75, 0xee75, 0xee75, 0xee75, 0xee75, 0xee75, 0xee75, 
	0xee75, 0xee75, 0xee75, 0xee75, 0xee75, 0xee75, 0xee75, 0xee75, 0xee75, 0xee75, 0xee75, 0xee75, 0xee75, 0xee75, 0xee75, 0xee75, 
	0xee75, 0xee75, 0xee75, 0xee75, 0xee75, 0xee75, 0xee75, 0xee75, 0xd699, 0xdeb9, 0xc6fe, 0xc6fe, 0xcf1d, 0xdfbf, 0xe7bf, 0xe7bf, 
	0xe7bf, 0xe7bf, 0xe7bf, 0xe7bf, 0xe7bf, 0xe7bf, 0xe7bf, 0xe7bf, 0xe7bf, 0xe7bf, 0xe7bf, 0xe7bf, 0xe7bf, 0xe7bf, 0xe7bf, 0xe7bf, 
	0xe7bf, 0xe7bf, 0xe7bf, 0xe79f, 0x3b14, 0x19ef, 0x1a11, 0x1a11, 0x2231, 0x2251, 0x2251, 0x2251, 0x1a11, 0x1a11, 0x19cf, 0x53b6, 
	0xe7df, 0xe7bf, 0xe7bf, 0xe7bf, 0xe7bf, 0xe7bf, 0xe7bf, 0xe7bf, 0xe7bf, 0xe7bf, 0xe7bf, 0xe7bf, 0xe7bf, 0xe7bf, 0xe79f, 0xefdf, 
	0xf7df, 0xf7df, 0xefdf, 0xe79f, 0xe7bf, 0xe7bf, 0xef9f, 0xf7ff, 0xf7ff, 0xf7ff, 0xff7b, 0xde77, 0xee75, 0xee75, 0xee75, 0xee75, 
	0xee75, 0xee75, 0xee75, 0xee75, 0xee75, 0xee75, 0xee75, 0xee75, 0xee75, 0xee75, 0xee75, 0xee75, 0xee75, 0xee75, 0xee75, 0xee75, 
	0xee75, 0xee75, 0xee75, 0xee75, 0xee75, 0xee75, 0xee75, 0xee75, 0xee75, 0xee75, 0xee75, 0xee75, 0xee75, 0xee75, 0xee75, 0xee75, 
	0xee75, 0xee75, 0xee75, 0xee75, 0xee75, 0xee75, 0xee75, 0xee75, 0xee75, 0xee75, 0xee75, 0xee75, 0xee75, 0xee75, 0xee75, 0xee75, 
	0xee75, 0xee75, 0xee75, 0xee75, 0xee75, 0xee75, 0xee75, 0xee75, 0xee75, 0xee75, 0xee75, 0xee75, 0xee75, 0xee75, 0xee75, 0xee75, 
	0xee75, 0xee75, 0xee75, 0xee75, 0xee75, 0xee75, 0xee75, 0xee75, 0xee75, 0xee75, 0xee75, 0xee75, 0xee75, 0xee75, 0xee75, 0xee75, 
	0xee75, 0xee75, 0xee75, 0xee75, 0xee75, 0xee75, 0xee75, 0xee75, 0xee75, 0xee75, 0xee75, 0xee75, 0xee75, 0xee75, 0xee75, 0xee75, 
	0xee75, 0xee75, 0xee75, 0xee75, 0xee75, 0xee75, 0xee75, 0xee75, 0xee75, 0xee75, 0xee75, 0xee75, 0xee75, 0xee75, 0xee75, 0xee75, 
	0xee75, 0xee75, 0xee75, 0xee75, 0xee75, 0xee75, 0xee75, 0xee75, 0xee75, 0xee75, 0xee75, 0xee75, 0xee75, 0xee75, 0xee75, 0xee75, 
	0xee75, 0xee75, 0xee75, 0xee75, 0xee75, 0xee75, 0xee75, 0xee75, 0xee75, 0xee75, 0xee75, 0xee75, 0xee75, 0xee75, 0xee75, 0xee75, 
	0xee75, 0xee75, 0xee75, 0xee75, 0xee75, 0xee75, 0xee75, 0xee75, 0xee75, 0xee75, 0xee75, 0xee75, 0xee75, 0xee75, 0xee75, 0xee75, 
	0xee75, 0xee75, 0xee75, 0xee75, 0xee75, 0xee75, 0xee74, 0xee74, 0xd698, 0xdeb9, 0xc6fe, 0xc6fe, 0xcf1d, 0xdfbf, 0xe7bf, 0xe7bf, 
	0xe7bf, 0xe7bf, 0xe7bf, 0xe7bf, 0xe7bf, 0xe7bf, 0xe7bf, 0xe7bf, 0xe7bf, 0xe7bf, 0xe7bf, 0xe7bf, 0xe7bf, 0xe7bf, 0xe7bf, 0xe7bf, 
	0xefdf, 0xefff, 0xefff, 0xefdf, 0x4354, 0x2230, 0x2252, 0x2252, 0x2251, 0x2251, 0x2251, 0x2252, 0x2252, 0x2252, 0x1a0f, 0x5bd6, 
	0xefff, 0xefff, 0xefff, 0xe7df, 0xe7bf, 0xe7bf, 0xe7bf, 0xe7bf, 0xe7bf, 0xe7bf, 0xe7bf, 0xe7bf, 0xe7bf, 0xe7bf, 0xe79f, 0xefdf, 
	0xefdf, 0xefdf, 0xefdf, 0xe79f, 0xe7bf, 0xe7bf, 0xef9e, 0xf7df, 0xf7df, 0xf7ff, 0xff7b, 0xde77, 0xee75, 0xee75, 0xee75, 0xee75, 
	0xee75, 0xee75, 0xee75, 0xee75, 0xee75, 0xee75, 0xee75, 0xee75, 0xee75, 0xee75, 0xee75, 0xee75, 0xee75, 0xee75, 0xee75, 0xee75, 
	0xee75, 0xee75, 0xee75, 0xee75, 0xee75, 0xee75, 0xee75, 0xee75, 0xee75, 0xee75, 0xee75, 0xee75, 0xee75, 0xee75, 0xee75, 0xee75, 
	0xee75, 0xee75, 0xee75, 0xee75, 0xee75, 0xee75, 0xee75, 0xee75, 0xee75, 0xee75, 0xee75, 0xee75, 0xee75, 0xee75, 0xee75, 0xee75, 
	0xee75, 0xee75, 0xee75, 0xee75, 0xee75, 0xee75, 0xee75, 0xee75, 0xee75, 0xee75, 0xee75, 0xee75, 0xee75, 0xee75, 0xee75, 0xee75, 
	0xee75, 0xee75, 0xee75, 0xee75, 0xee75, 0xee75, 0xee75, 0xee75, 0xee75, 0xee75, 0xee75, 0xee75, 0xee75, 0xee75, 0xee75, 0xee75, 
	0xee75, 0xee75, 0xee75, 0xee75, 0xee75, 0xee75, 0xee75, 0xee75, 0xee75, 0xee75, 0xee75, 0xee75, 0xee75, 0xee75, 0xee75, 0xee75, 
	0xee75, 0xee75, 0xee75, 0xee75, 0xee75, 0xee75, 0xee75, 0xee75, 0xee75, 0xee75, 0xee75, 0xee75, 0xee75, 0xee75, 0xee75, 0xee75, 
	0xee75, 0xee75, 0xee75, 0xee75, 0xee75, 0xee75, 0xee75, 0xee75, 0xee75, 0xee75, 0xee75, 0xee75, 0xee75, 0xee75, 0xee75, 0xee75, 
	0xee75, 0xee75, 0xee75, 0xee75, 0xee75, 0xee75, 0xee75, 0xee75, 0xee75, 0xee75, 0xee75, 0xee75, 0xee75, 0xee75, 0xee75, 0xee75, 
	0xee75, 0xee75, 0xee75, 0xee75, 0xee75, 0xee75, 0xee75, 0xee75, 0xee75, 0xee75, 0xee75, 0xee75, 0xee75, 0xee75, 0xee75, 0xee75, 
	0xee75, 0xee75, 0xee75, 0xee75, 0xde77, 0xe697, 0xd6ba, 0xd6ba, 0xcedc, 0xcedc, 0xc6fe, 0xc6fe, 0xcf1d, 0xdfbf, 0xe7bf, 0xe7bf, 
	0xe79f, 0xe7bf, 0xe7bf, 0xe7bf, 0xe7bf, 0xe7bf, 0xe7bf, 0xe7bf, 0xe79f, 0xe7bf, 0xe7bf, 0xe7bf, 0xe79f, 0xe7bf, 0xe7bf, 0xe7bf, 
	0x957a, 0x7496, 0x7497, 0x7497, 0x32d3, 0x2251, 0x2251, 0x2251, 0x2251, 0x2251, 0x2251, 0x2a71, 0x2252, 0x2251, 0x2230, 0x3af3, 
	0x7cb8, 0x7497, 0x7476, 0xa5db, 0xe7df, 0xe7bf, 0xe7bf, 0xe79f, 0xe7bf, 0xe7bf, 0xe7bf, 0xe7bf, 0xe7bf, 0xe7bf, 0xe79f, 0xefdf, 
	0xf7df, 0xf7df, 0xefff, 0xe7bf, 0xe7bf, 0xe7bf, 0xe79f, 0xe7bf, 0xefbf, 0xefdf, 0xf75b, 0xde97, 0xee75, 0xee75, 0xee75, 0xee75, 
	0xee75, 0xee75, 0xee75, 0xee75, 0xee75, 0xee75, 0xee75, 0xee75, 0xee75, 0xee75, 0xee75, 0xee75, 0xee75, 0xee75, 0xee75, 0xee75, 
	0xee75, 0xee75, 0xee75, 0xee75, 0xee75, 0xee75, 0xee75, 0xee75, 0xee75, 0xee75, 0xee75, 0xee75, 0xee75, 0xee75, 0xee75, 0xee75, 
	0xee75, 0xee75, 0xee75, 0xee75, 0xee75, 0xee75, 0xee75, 0xee75, 0xee75, 0xee75, 0xee75, 0xee75, 0xee75, 0xee75, 0xee75, 0xee75, 
	0xee75, 0xee75, 0xee75, 0xee75, 0xee75, 0xee75, 0xee75, 0xee75, 0xee75, 0xee75, 0xee75, 0xee75, 0xee75, 0xee75, 0xee75, 0xee75, 
	0xee75, 0xee75, 0xee75, 0xee75, 0xee75, 0xee75, 0xee75, 0xee75, 0xee75, 0xee75, 0xee75, 0xee75, 0xee75, 0xee75, 0xee75, 0xee75, 
	0xee75, 0xee75, 0xee75, 0xee75, 0xee75, 0xee75, 0xee75, 0xee75, 0xee75, 0xee75, 0xee75, 0xee75, 0xee75, 0xee75, 0xee75, 0xee75, 
	0xee75, 0xee75, 0xee75, 0xee75, 0xee75, 0xee75, 0xee75, 0xee75, 0xee75, 0xee75, 0xee75, 0xee75, 0xee75, 0xee75, 0xee75, 0xee75, 
	0xee75, 0xee75, 0xee75, 0xee75, 0xee75, 0xee75, 0xee75, 0xee75, 0xee75, 0xee75, 0xee75, 0xee75, 0xee75, 0xee75, 0xee75, 0xee75, 
	0xee75, 0xee75, 0xee75, 0xee75, 0xee75, 0xee75, 0xee75, 0xee75, 0xee75, 0xee75, 0xee75, 0xee75, 0xee75, 0xee75, 0xee75, 0xee75, 
	0xee75, 0xee75, 0xee75, 0xee75, 0xee75, 0xee75, 0xee75, 0xee75, 0xee75, 0xee75, 0xee75, 0xee75, 0xee75, 0xee75, 0xee75, 0xee75, 
	0xee75, 0xee75, 0xee75, 0xee75, 0xd698, 0xdeb9, 0xc6ff, 0xc6ff, 0xc6fe, 0xc6fe, 0xc6fe, 0xc6fe, 0xcf1d, 0xdfbf, 0xe7bf, 0xe7bf, 
	0xe7bf, 0xe7bf, 0xe7bf, 0xe7bf, 0xe7bf, 0xe7bf, 0xe7bf, 0xe7bf, 0xe7bf, 0xe7bf, 0xe7bf, 0xe7bf, 0xe7bf, 0xe7bf, 0xe7bf, 0xe7df, 
	0x5396, 0x11cf, 0x1a11, 0x1a11, 0x2251, 0x2251, 0x2251, 0x2251, 0x2251, 0x2251, 0x2251, 0x2252, 0x2251, 0x2251, 0x2251, 0x2231, 
	0x1a11, 0x1a11, 0x11ae, 0x6c58, 0xefff, 0xe7bf, 0xe7bf, 0xe7bf, 0xe7bf, 0xe7bf, 0xe7bf, 0xe7bf, 0xe7bf, 0xe7bf, 0xe79f, 0xefdf, 
	0xffff, 0xf7ff, 0xf7ff, 0xef9f, 0xe7bf, 0xe7bf, 0xe7bf, 0xe79f, 0xdfbf, 0xdfbf, 0xf75b, 0xde98, 0xee75, 0xee75, 0xee75, 0xee75, 
	0xee75, 0xee75, 0xee75, 0xee75, 0xee75, 0xee75, 0xee75, 0xee75, 0xee75, 0xee75, 0xee75, 0xee75, 0xee75, 0xee75, 0xee75, 0xee75, 
	0xee75, 0xee75, 0xee75, 0xee75, 0xee75, 0xee75, 0xee75, 0xee75, 0xee75, 0xee75, 0xee75, 0xee75, 0xee75, 0xee75, 0xee75, 0xee75, 
	0xee75, 0xee75, 0xee75, 0xee75, 0xee75, 0xee75, 0xee75, 0xee75, 0xee75, 0xee75, 0xee75, 0xee75, 0xee75, 0xee75, 0xee75, 0xee75, 
	0xee75, 0xee75, 0xee75, 0xee75, 0xee75, 0xee75, 0xee75, 0xee75, 0xee75, 0xee75, 0xee75, 0xee75, 0xee75, 0xee75, 0xee75, 0xee75, 
	0xee75, 0xee75, 0xee75, 0xee75, 0xee75, 0xee75, 0xee75, 0xee75, 0xee75, 0xee75, 0xee75, 0xee75, 0xee75, 0xee75, 0xee75, 0xee75, 
	0xee75, 0xee75, 0xee75, 0xee75, 0xee75, 0xee75, 0xee75, 0xee75, 0xee75, 0xee75, 0xee75, 0xee75, 0xee75, 0xee75, 0xee75, 0xee75, 
	0xee75, 0xee75, 0xee75, 0xee75, 0xee75, 0xee75, 0xee75, 0xee75, 0xee75, 0xee75, 0xee75, 0xee75, 0xee75, 0xee75, 0xee75, 0xee75, 
	0xee75, 0xee75, 0xee75, 0xee75, 0xee75, 0xee75, 0xee75, 0xee75, 0xee75, 0xee75, 0xee75, 0xee75, 0xee75, 0xee75, 0xee75, 0xee75, 
	0xee75, 0xee75, 0xee75, 0xee75, 0xee75, 0xee75, 0xee75, 0xee75, 0xee75, 0xee75, 0xee75, 0xee75, 0xee75, 0xee75, 0xee75, 0xee75, 
	0xee75, 0xee75, 0xee75, 0xee75, 0xee75, 0xee75, 0xee75, 0xee75, 0xee75, 0xee75, 0xee75, 0xee75, 0xee75, 0xee75, 0xee75, 0xee75, 
	0xee75, 0xee75, 0xee75, 0xee75, 0xde98, 0xdeb9, 0xc6fe, 0xc6fe, 0xc6fe, 0xc6fe, 0xc6fe, 0xc6fe, 0xcf1d, 0xdfbf, 0xe7bf, 0xe7bf, 
	0xe7bf, 0xe7bf, 0xe7bf, 0xe7bf, 0xe7bf, 0xe7bf, 0xe7bf, 0xe7bf, 0xe7bf, 0xefff, 0xefff, 0xefff, 0xefff, 0xefff, 0xefff, 0xefff, 
	0x5bf6, 0x1a0f, 0x2252, 0x2252, 0x2251, 0x2231, 0x2231, 0x2231, 0x2231, 0x2231, 0x2231, 0x2251, 0x2251, 0x2251, 0x2251, 0x2251, 
	0x2252, 0x2252, 0x1a0e, 0x7499, 0xf7ff, 0xefff, 0xefff, 0xe7bf, 0xe7bf, 0xe7bf, 0xe7bf, 0xe7bf, 0xe7bf, 0xe7bf, 0xe79f, 0xefdf, 
	0xffff, 0xf7ff, 0xf7ff, 0xef9f, 0xdf9f, 0xe7bf, 0xe79f, 0xe7bf, 0xe7bf, 0xe7bf, 0xf75a, 0xde98, 0xee75, 0xee75, 0xee75, 0xee75, 
	0xee75, 0xee75, 0xee75, 0xee75, 0xee75, 0xee75, 0xee75, 0xee75, 0xee75, 0xee75, 0xee75, 0xee75, 0xee75, 0xee75, 0xee75, 0xee75, 
	0xee75, 0xee75, 0xee75, 0xee75, 0xee75, 0xee75, 0xee75, 0xee75, 0xee75, 0xee75, 0xee75, 0xee75, 0xee75, 0xee75, 0xee75, 0xee75, 
	0xee75, 0xee75, 0xee75, 0xee75, 0xee75, 0xee75, 0xee75, 0xee75, 0xee75, 0xee75, 0xee75, 0xee75, 0xee75, 0xee75, 0xee75, 0xee75, 
	0xee75, 0xee75, 0xee75, 0xee75, 0xee75, 0xee75, 0xee75, 0xee75, 0xee75, 0xee75, 0xee75, 0xee75, 0xee75, 0xee75, 0xee75, 0xee75, 
	0xee75, 0xee75, 0xee75, 0xee75, 0xee75, 0xee75, 0xee75, 0xee75, 0xee75, 0xee75, 0xee75, 0xee75, 0xee75, 0xee75, 0xee75, 0xee75, 
	0xee75, 0xee75, 0xee75, 0xee75, 0xee75, 0xee75, 0xee75, 0xee75, 0xee75, 0xee75, 0xee75, 0xee75, 0xee75, 0xee75, 0xee75, 0xee75, 
	0xee75, 0xee75, 0xee75, 0xee75, 0xee75, 0xee75, 0xee75, 0xee75, 0xee75, 0xee75, 0xee75, 0xee75, 0xee75, 0xee75, 0xee75, 0xee75, 
	0xee75, 0xee75, 0xee75, 0xee75, 0xee75, 0xee75, 0xee75, 0xee75, 0xee75, 0xee75, 0xee75, 0xee75, 0xee75, 0xee75, 0xee75, 0xee75, 
	0xee75, 0xee75, 0xee75, 0xee75, 0xee75, 0xee75, 0xee75, 0xee75, 0xee75, 0xee75, 0xee75, 0xee75, 0xee75, 0xee75, 0xee75, 0xee75, 
	0xee75, 0xee75, 0xee75, 0xee75, 0xee75, 0xee75, 0xee75, 0xee75, 0xee75, 0xee75, 0xee75, 0xee75, 0xee75, 0xee75, 0xee75, 0xee75, 
	0xee75, 0xee75, 0xee75, 0xee75, 0xde98, 0xdeb9, 0xc6fe, 0xc6fe, 0xc6fd, 0xcf1e, 0xcf3e, 0xcf3e, 0xd73e, 0xdf9f, 0xe7bf, 0xe7bf, 
	0xe79f, 0xe7bf, 0xe7bf, 0xe7bf, 0xe79f, 0xe7bf, 0xe7bf, 0xe7bf, 0xbe9d, 0x9558, 0x9579, 0x9579, 0x9579, 0x9579, 0x9579, 0x959a, 
	0x4334, 0x2230, 0x2251, 0x2252, 0x2ad3, 0x2ad3, 0x2ad3, 0x2ad3, 0x2ad3, 0x2ad3, 0x2ad3, 0x2ad3, 0x2271, 0x2251, 0x2251, 0x2251, 
	0x2251, 0x2251, 0x2230, 0x5395, 0x959a, 0x9579, 0x9558, 0xbe9d, 0xe7bf, 0xe7bf, 0xe7bf, 0xe79f, 0xe7bf, 0xe7bf, 0xe79f, 0xefdf, 
	0xf7df, 0xf7df, 0xefdf, 0xefbf, 0xefbf, 0xefbf, 0xe7bf, 0xe79f, 0xe7bf, 0xe7bf, 0xf75a, 0xde98, 0xee75, 0xee75, 0xee75, 0xee75, 
	0xee75, 0xee75, 0xee75, 0xee75, 0xee75, 0xee75, 0xee75, 0xee75, 0xee75, 0xee75, 0xee75, 0xee75, 0xee75, 0xee75, 0xee75, 0xee75, 
	0xee75, 0xee75, 0xee75, 0xee75, 0xee75, 0xee75, 0xee75, 0xee75, 0xee75, 0xee75, 0xee75, 0xee75, 0xee75, 0xee75, 0xee75, 0xee75, 
	0xee75, 0xee75, 0xee75, 0xee75, 0xee75, 0xee75, 0xee75, 0xee75, 0xee75, 0xee75, 0xee75, 0xee75, 0xee75, 0xee75, 0xee75, 0xee75, 
	0xee75, 0xee75, 0xee75, 0xee75, 0xee75, 0xee75, 0xee75, 0xee75, 0xee75, 0xee75, 0xee75, 0xee75, 0xee75, 0xee75, 0xee75, 0xee75, 
	0xee75, 0xee75, 0xee75, 0xee75, 0xee75, 0xee75, 0xee75, 0xee75, 0xee75, 0xee75, 0xee75, 0xee75, 0xee75, 0xee75, 0xee75, 0xee75, 
	0xee75, 0xee75, 0xee75, 0xee75, 0xee75, 0xee75, 0xee75, 0xee75, 0xee75, 0xee75, 0xee75, 0xee75, 0xee75, 0xee75, 0xee75, 0xee75, 
	0xee75, 0xee75, 0xee75, 0xee75, 0xee75, 0xee75, 0xee75, 0xee75, 0xee75, 0xee75, 0xee75, 0xee75, 0xee75, 0xee75, 0xee75, 0xee75, 
	0xee75, 0xee75, 0xee75, 0xee75, 0xee75, 0xee75, 0xee75, 0xee75, 0xee75, 0xee75, 0xee75, 0xee75, 0xee75, 0xee75, 0xee75, 0xee75, 
	0xee75, 0xee75, 0xee75, 0xee75, 0xee75, 0xee75, 0xee75, 0xee75, 0xee75, 0xee75, 0xee75, 0xee75, 0xee75, 0xee75, 0xee75, 0xee75, 
	0xee75, 0xee75, 0xee75, 0xee75, 0xee75, 0xee75, 0xee75, 0xee75, 0xee75, 0xee75, 0xee75, 0xee75, 0xee75, 0xee75, 0xee75, 0xee75, 
	0xee75, 0xee75, 0xee75, 0xee75, 0xde98, 0xdeb9, 0xc6fe, 0xc6fe, 0xcefd, 0xd77f, 0xdf9f, 0xdf9f, 0xdf7f, 0xe7bf, 0xe7bf, 0xe7bf, 
	0xe7bf, 0xe7bf, 0xe7bf, 0xe7bf, 0xe7bf, 0xe7bf, 0xe7bf, 0xefff, 0x851b, 0x19ad, 0x1a11, 0x1a11, 0x1a11, 0x1a11, 0x1a11, 0x1a11, 
	0x2231, 0x2251, 0x2251, 0x2251, 0x3356, 0x3396, 0x3396, 0x3396, 0x3396, 0x3396, 0x3396, 0x3376, 0x2251, 0x2251, 0x2251, 0x2251, 
	0x2251, 0x2251, 0x2251, 0x2231, 0x1a11, 0x1a11, 0x19ad, 0x851b, 0xefff, 0xe7bf, 0xe7bf, 0xe7bf, 0xe7bf, 0xe7bf, 0xe7bf, 0xe7bf, 
	0xefbf, 0xefbf, 0xefbf, 0xf7ff, 0xffff, 0xffff, 0xf7ff, 0xe79f, 0xe7bf, 0xe7bf, 0xf75a, 0xde98, 0xee75, 0xee75, 0xee75, 0xee75, 
	0xee75, 0xee75, 0xee75, 0xee75, 0xee75, 0xee75, 0xee75, 0xee75, 0xee75, 0xee75, 0xee75, 0xee75, 0xee75, 0xee75, 0xee75, 0xee75, 
	0xee75, 0xee75, 0xee75, 0xee75, 0xee75, 0xee75, 0xee75, 0xee75, 0xee75, 0xee75, 0xee75, 0xee75, 0xee75, 0xee75, 0xee75, 0xee75, 
	0xee75, 0xee75, 0xee75, 0xee75, 0xee75, 0xee75, 0xee75, 0xee75, 0xee75, 0xee75, 0xee75, 0xee75, 0xee75, 0xee75, 0xee75, 0xee75, 
	0xee75, 0xee75, 0xee75, 0xee75, 0xee75, 0xee75, 0xee75, 0xee75, 0xee75, 0xee75, 0xee75, 0xee75, 0xee75, 0xee75, 0xee75, 0xee75, 
	0xee75, 0xee75, 0xee75, 0xee75, 0xee75, 0xee75, 0xee75, 0xee75, 0xee75, 0xee75, 0xee75, 0xee75, 0xee75, 0xee75, 0xee75, 0xee75, 
	0xee75, 0xee75, 0xee75, 0xee75, 0xee75, 0xee75, 0xee75, 0xee75, 0xee75, 0xee75, 0xee75, 0xee75, 0xee75, 0xee75, 0xee75, 0xee75, 
	0xee75, 0xee75, 0xee75, 0xee75, 0xee75, 0xee75, 0xee75, 0xee75, 0xee75, 0xee75, 0xee75, 0xee75, 0xee75, 0xee75, 0xee75, 0xee75, 
	0xee75, 0xee75, 0xee75, 0xee75, 0xee75, 0xee75, 0xee75, 0xee75, 0xee75, 0xee75, 0xee75, 0xee75, 0xee75, 0xee75, 0xee75, 0xee75, 
	0xee75, 0xee75, 0xee75, 0xee75, 0xee75, 0xee75, 0xee75, 0xee75, 0xee75, 0xee75, 0xee75, 0xee75, 0xee75, 0xee75, 0xee75, 0xee75, 
	0xee75, 0xee75, 0xee75, 0xee75, 0xee75, 0xee75, 0xee75, 0xee75, 0xee75, 0xee75, 0xee75, 0xee75, 0xee75, 0xee75, 0xee75, 0xee75, 
	0xee75, 0xee75, 0xee75, 0xee75, 0xde98, 0xdeb9, 0xc6fe, 0xc6fe, 0xc6fd, 0xd75f, 0xdf7f, 0xdf7f, 0xdf7e, 0xe7bf, 0xe7bf, 0xe7bf, 
	0xe7bf, 0xe7bf, 0xe7bf, 0xe7bf, 0xe7bf, 0xe7bf, 0xe7bf, 0xefff, 0x853b, 0x220e, 0x2252, 0x2252, 0x2251, 0x2231, 0x2231, 0x2231, 
	0x2251, 0x2231, 0x2231, 0x2251, 0x3355, 0x3b76, 0x3376, 0x3376, 0x3376, 0x3376, 0x3b76, 0x3355, 0x2251, 0x2231, 0x2231, 0x2231, 
	0x2231, 0x2231, 0x2231, 0x2251, 0x2252, 0x2252, 0x220e, 0x8d5b, 0xf7ff, 0xefdf, 0xefdf, 0xe7bf, 0xe7bf, 0xe7bf, 0xe7bf, 0xe7bf, 
	0xefbf, 0xefbf, 0xefbf, 0xf7ff, 0xf7ff, 0xf7ff, 0xefff, 0xe79f, 0xdfbf, 0xdfbf, 0xf73a, 0xde77, 0xee74, 0xee74, 0xee75, 0xee75, 
	0xee75, 0xee75, 0xee75, 0xee75, 0xee75, 0xee75, 0xee75, 0xee75, 0xee75, 0xee75, 0xee75, 0xee75, 0xee75, 0xee75, 0xee75, 0xee75, 
	0xee75, 0xee75, 0xee75, 0xee75, 0xee75, 0xee75, 0xee75, 0xee75, 0xee75, 0xee75, 0xee75, 0xee75, 0xee75, 0xee75, 0xee75, 0xee75, 
	0xee75, 0xee75, 0xee75, 0xee75, 0xee75, 0xee75, 0xee75, 0xee75, 0xee75, 0xee75, 0xee75, 0xee75, 0xee75, 0xee75, 0xee75, 0xee75, 
	0xee75, 0xee75, 0xee75, 0xee75, 0xee75, 0xee75, 0xee75, 0xee75, 0xee75, 0xee75, 0xee75, 0xee75, 0xee75, 0xee75, 0xee75, 0xee75, 
	0xee75, 0xee75, 0xee75, 0xee75, 0xee75, 0xee75, 0xee75, 0xee75, 0xee75, 0xee75, 0xee75, 0xee75, 0xee75, 0xee75, 0xee75, 0xee75, 
	0xee75, 0xee75, 0xee75, 0xee75, 0xee75, 0xee75, 0xee75, 0xee75, 0xee75, 0xee75, 0xee75, 0xee75, 0xee75, 0xee75, 0xee75, 0xee75, 
	0xee75, 0xee75, 0xee75, 0xee75, 0xee75, 0xee75, 0xee75, 0xee75, 0xee75, 0xee75, 0xee75, 0xee75, 0xee75, 0xee75, 0xee75, 0xee75, 
	0xee75, 0xee75, 0xee75, 0xee75, 0xee75, 0xee75, 0xee75, 0xee75, 0xee75, 0xee75, 0xee75, 0xee75, 0xee75, 0xee75, 0xee75, 0xee75, 
	0xee75, 0xee75, 0xee75, 0xee75, 0xee75, 0xee75, 0xee75, 0xee75, 0xee75, 0xee75, 0xee75, 0xee75, 0xee75, 0xee75, 0xee75, 0xee75, 
	0xee75, 0xee75, 0xee75, 0xee75, 0xee75, 0xee75, 0xee75, 0xee75, 0xee75, 0xee75, 0xee75, 0xee75, 0xee75, 0xee75, 0xee75, 0xee75, 
	0xee75, 0xee75, 0xee75, 0xee75, 0xde98, 0xdeb9, 0xc6fe, 0xc6fe, 0xc6fd, 0xd77f, 0xdf9f, 0xdf7f, 0xdf9f, 0xe79f, 0xe7bf, 0xe7bf, 
	0xe79f, 0xe79f, 0xe7bf, 0xe7bf, 0xe79f, 0xe7bf, 0xe7bf, 0xefff, 0x853b, 0x220e, 0x2252, 0x2251, 0x2a92, 0x2ab3, 0x2ab3, 0x2ab3, 
	0x2ab3, 0x2ab3, 0x2ab3, 0x2ab3, 0x3376, 0x3b96, 0x3396, 0x3396, 0x3396, 0x3396, 0x3b96, 0x3376, 0x2ab3, 0x2ab3, 0x2ab3, 0x2ab3, 
	0x2ab3, 0x2ab3, 0x2ab3, 0x2a92, 0x2251, 0x2252, 0x222f, 0x6c78, 0xb65c, 0xae1b, 0xae1a, 0xcf3e, 0xe7bf, 0xe7bf, 0xe79f, 0xe7bf, 
	0xe7bf, 0xe7bf, 0xefbf, 0xf7ff, 0xf7ff, 0xf7ff, 0xf7df, 0xe79f, 0xe7bf, 0xe7bf, 0xef5c, 0xdeda, 0xeed8, 0xeed8, 0xee96, 0xe676, 
	0xee75, 0xee75, 0xee75, 0xee75, 0xee75, 0xee75, 0xee75, 0xee75, 0xee75, 0xee75, 0xee75, 0xee75, 0xee75, 0xee75, 0xee75, 0xee75, 
	0xee75, 0xee75, 0xee75, 0xee75, 0xee75, 0xee75, 0xee75, 0xee75, 0xee75, 0xee75, 0xee75, 0xee75, 0xee75, 0xee75, 0xee75, 0xee75, 
	0xee75, 0xee75, 0xee75, 0xee75, 0xee75, 0xee75, 0xee75, 0xee75, 0xee75, 0xee75, 0xee75, 0xee75, 0xee75, 0xee75, 0xee75, 0xee75, 
	0xee75, 0xee75, 0xee75, 0xee75, 0xee75, 0xee75, 0xee75, 0xee75, 0xee75, 0xee75, 0xee75, 0xee75, 0xee75, 0xee75, 0xee75, 0xee75, 
	0xee75, 0xee75, 0xee75, 0xee75, 0xee75, 0xee75, 0xee75, 0xee75, 0xee75, 0xee75, 0xee75, 0xee75, 0xee75, 0xee75, 0xee75, 0xee75, 
	0xee75, 0xee75, 0xee75, 0xee75, 0xee75, 0xee75, 0xee75, 0xee75, 0xee75, 0xee75, 0xee75, 0xee75, 0xee75, 0xee75, 0xee75, 0xee75, 
	0xee75, 0xee75, 0xee75, 0xee75, 0xee75, 0xee75, 0xee75, 0xee75, 0xee75, 0xee75, 0xee75, 0xee75, 0xee75, 0xee75, 0xee75, 0xee75, 
	0xee75, 0xee75, 0xee75, 0xee75, 0xee75, 0xee75, 0xee75, 0xee75, 0xee75, 0xee75, 0xee75, 0xee75, 0xee75, 0xee75, 0xee75, 0xee75, 
	0xee75, 0xee75, 0xee75, 0xee75, 0xee75, 0xee75, 0xee75, 0xee75, 0xee75, 0xee75, 0xee75, 0xee75, 0xee75, 0xee75, 0xee75, 0xee75, 
	0xee75, 0xee75, 0xee75, 0xee75, 0xee75, 0xee75, 0xee75, 0xee75, 0xee75, 0xee75, 0xee75, 0xee75, 0xee75, 0xee75, 0xee75, 0xee75, 
	0xee75, 0xee75, 0xee75, 0xee75, 0xde98, 0xdeb9, 0xc6fe, 0xc6fe, 0xcefd, 0xdf9f, 0xe7bf, 0xe7bf, 0xe7bf, 0xe7bf, 0xe7bf, 0xe7bf, 
	0xe79f, 0xe7bf, 0xe7bf, 0xe7bf, 0xe7bf, 0xe7bf, 0xe7bf, 0xefff, 0x853b, 0x220e, 0x2252, 0x2231, 0x2b15, 0x3b96, 0x3376, 0x3376, 
	0x3396, 0x3396, 0x3396, 0x3396, 0x3396, 0x3376, 0x3376, 0x3376, 0x3376, 0x3376, 0x3376, 0x3396, 0x3396, 0x3396, 0x3396, 0x3396, 
	0x3396, 0x3396, 0x3b96, 0x2b35, 0x2231, 0x2251, 0x2251, 0x2231, 0x1a31, 0x1a31, 0x19ed, 0x9ddd, 0xefdf, 0xe7bf, 0xe7bf, 0xe79f, 
	0xe7bf, 0xe7bf, 0xe79f, 0xefff, 0xf7ff, 0xf7ff, 0xefff, 0xe79f, 0xe7bf, 0xe7bf, 0xe7bf, 0xe7bf, 0xe7bf, 0xe7bf, 0xf73a, 0xde77, 
	0xee75, 0xee75, 0xee75, 0xee75, 0xee75, 0xee75, 0xee75, 0xee75, 0xee75, 0xee75, 0xee75, 0xee75, 0xee75, 0xee75, 0xee75, 0xee75, 
	0xee75, 0xee75, 0xee75, 0xee75, 0xee75, 0xee75, 0xee75, 0xee75, 0xee75, 0xee75, 0xee75, 0xee75, 0xee75, 0xee75, 0xee75, 0xee75, 
	0xee75, 0xee75, 0xee75, 0xee75, 0xee75, 0xee75, 0xee75, 0xee75, 0xee75, 0xee75, 0xee75, 0xee75, 0xee75, 0xee75, 0xee75, 0xee75, 
	0xee75, 0xee75, 0xee75, 0xee75, 0xee75, 0xee75, 0xee75, 0xee75, 0xee75, 0xee75, 0xee75, 0xee75, 0xee75, 0xee75, 0xee75, 0xee75, 
	0xee75, 0xee75, 0xee75, 0xee75, 0xee75, 0xee75, 0xee75, 0xee75, 0xee75, 0xee75, 0xee75, 0xee75, 0xee75, 0xee75, 0xee75, 0xee75, 
	0xee75, 0xee75, 0xee75, 0xee75, 0xee75, 0xee75, 0xee75, 0xee75, 0xee75, 0xee75, 0xee75, 0xee75, 0xee75, 0xee75, 0xee75, 0xee75, 
	0xee75, 0xee75, 0xee75, 0xee75, 0xee75, 0xee75, 0xee75, 0xee75, 0xee75, 0xee75, 0xee75, 0xee75, 0xee75, 0xee75, 0xee75, 0xee75, 
	0xee75, 0xee75, 0xee75, 0xee75, 0xee75, 0xee75, 0xee75, 0xee75, 0xee75, 0xee75, 0xee75, 0xee75, 0xee75, 0xee75, 0xee75, 0xee75, 
	0xee75, 0xee75, 0xee75, 0xee75, 0xee75, 0xee75, 0xee75, 0xee75, 0xee75, 0xee75, 0xee75, 0xee75, 0xee75, 0xee75, 0xee75, 0xee75, 
	0xee75, 0xee75, 0xee75, 0xee75, 0xee75, 0xee75, 0xee75, 0xee75, 0xee75, 0xee75, 0xee75, 0xee75, 0xee75, 0xee75, 0xee75, 0xee75, 
	0xee75, 0xee75, 0xee74, 0xee74, 0xde98, 0xdeb9, 0xc6fe, 0xc6fe, 0xcefd, 0xdf9f, 0xe7bf, 0xe7bf, 0xe7bf, 0xe7bf, 0xe7bf, 0xe7bf, 
	0xe7bf, 0xe7bf, 0xe7bf, 0xe7bf, 0xe7bf, 0xe7df, 0xe7df, 0xefff, 0x8d5b, 0x220e, 0x2252, 0x2231, 0x2b14, 0x3376, 0x3376, 0x3376, 
	0x3376, 0x3376, 0x3376, 0x3376, 0x3396, 0x3376, 0x3376, 0x3376, 0x3376, 0x3376, 0x3376, 0x3396, 0x3376, 0x3376, 0x3376, 0x3396, 
	0x3376, 0x3376, 0x3b76, 0x2b14, 0x2231, 0x2231, 0x2231, 0x2251, 0x2252, 0x2251, 0x220e, 0x9ddd, 0xefdf, 0xe7bf, 0xe7bf, 0xe7bf, 
	0xe7bf, 0xe7bf, 0xe7bf, 0xefff, 0xf7ff, 0xf7ff, 0xefff, 0xe79f, 0xe7bf, 0xe7bf, 0xe7bf, 0xe7bf, 0xe7bf, 0xe7bf, 0xf73a, 0xde77, 
	0xee75, 0xee75, 0xee75, 0xee75, 0xee75, 0xee75, 0xee75, 0xee75, 0xee75, 0xee75, 0xee75, 0xee75, 0xee75, 0xee75, 0xee75, 0xee75, 
	0xee75, 0xee75, 0xee75, 0xee75, 0xee75, 0xee75, 0xee75, 0xee75, 0xee75, 0xee75, 0xee75, 0xee75, 0xee75, 0xee75, 0xee75, 0xee75, 
	0xee75, 0xee75, 0xee75, 0xee75, 0xee75, 0xee75, 0xee75, 0xee75, 0xee75, 0xee75, 0xee75, 0xee75, 0xee75, 0xee75, 0xee75, 0xee75, 
	0xee75, 0xee75, 0xee75, 0xee75, 0xee75, 0xee75, 0xee75, 0xee75, 0xee75, 0xee75, 0xee75, 0xee75, 0xee75, 0xee75, 0xee75, 0xee75, 
	0xee75, 0xee75, 0xee75, 0xee75, 0xee75, 0xee75, 0xee75, 0xee75, 0xee75, 0xee75, 0xee75, 0xee75, 0xee75, 0xee75, 0xee75, 0xee75, 
	0xee75, 0xee75, 0xee75, 0xee75, 0xee75, 0xee75, 0xee75, 0xee75, 0xee75, 0xee75, 0xee75, 0xee75, 0xee75, 0xee75, 0xee75, 0xee75, 
	0xee75, 0xee75, 0xee75, 0xee75, 0xee75, 0xee75, 0xee75, 0xee75, 0xee75, 0xee75, 0xee75, 0xee75, 0xee75, 0xee75, 0xee75, 0xee75, 
	0xee75, 0xee75, 0xee75, 0xee75, 0xee75, 0xee75, 0xee75, 0xee75, 0xee75, 0xee75, 0xee75, 0xee75, 0xee75, 0xee75, 0xee75, 0xee75, 
	0xee75, 0xee75, 0xee75, 0xee75, 0xee75, 0xee75, 0xee75, 0xee75, 0xee75, 0xee75, 0xee75, 0xee75, 0xee75, 0xee75, 0xee75, 0xee75, 
	0xee75, 0xee75, 0xee75, 0xee75, 0xee75, 0xee75, 0xee75, 0xee75, 0xee75, 0xee75, 0xee75, 0xee75, 0xee75, 0xee75, 0xee75, 0xee75, 
	0xe676, 0xe676, 0xe696, 0xe696, 0xd699, 0xdeda, 0xc6fe, 0xc6fe, 0xcefd, 0xdf9f, 0xe7bf, 0xe7bf, 0xe7bf, 0xe7bf, 0xe7bf, 0xe7bf, 
	0xe79f, 0xe7bf, 0xe7bf, 0xe7bf, 0xd75f, 0xc6bc, 0xc6dd, 0xcefe, 0x74b9, 0x220f, 0x2251, 0x2251, 0x2b14, 0x3b76, 0x3376, 0x3376, 
	0x3396, 0x3396, 0x3376, 0x3376, 0x3396, 0x3376, 0x3396, 0x3396, 0x3396, 0x3396, 0x3376, 0x3396, 0x3376, 0x3376, 0x3396, 0x3396, 
	0x3396, 0x3396, 0x3b96, 0x2b35, 0x2272, 0x2292, 0x2a92, 0x2272, 0x2252, 0x2252, 0x222e, 0x9dfd, 0xefff, 0xe7bf, 0xe7bf, 0xe79f, 
	0xe7bf, 0xe7bf, 0xe79f, 0xf7df, 0xf7ff, 0xf7ff, 0xf7df, 0xefbf, 0xe7bf, 0xe7bf, 0xe7bf, 0xe7bf, 0xe7bf, 0xe7bf, 0xf73a, 0xde77, 
	0xee75, 0xee75, 0xee75, 0xee75, 0xee75, 0xee75, 0xee75, 0xee75, 0xee75, 0xee75, 0xee75, 0xee75, 0xee75, 0xee75, 0xee75, 0xee75, 
	0xee75, 0xee75, 0xee75, 0xee75, 0xee75, 0xee75, 0xee75, 0xee75, 0xee75, 0xee75, 0xee75, 0xee75, 0xee75, 0xee75, 0xee75, 0xee75, 
	0xee75, 0xee75, 0xee75, 0xee75, 0xee75, 0xee75, 0xee75, 0xee75, 0xee75, 0xee75, 0xee75, 0xee75, 0xee75, 0xee75, 0xee75, 0xee75, 
	0xee75, 0xee75, 0xee75, 0xee75, 0xee75, 0xee75, 0xee75, 0xee75, 0xee75, 0xee75, 0xee75, 0xee75, 0xee75, 0xee75, 0xee75, 0xee75, 
	0xee75, 0xee75, 0xee75, 0xee75, 0xee75, 0xee75, 0xee75, 0xee75, 0xee75, 0xee75, 0xee75, 0xee75, 0xee75, 0xee75, 0xee75, 0xee75, 
	0xee75, 0xee75, 0xee75, 0xee75, 0xee75, 0xee75, 0xee75, 0xee75, 0xee75, 0xee75, 0xee75, 0xee75, 0xee75, 0xee75, 0xee75, 0xee75, 
	0xee75, 0xee75, 0xee75, 0xee75, 0xee75, 0xee75, 0xee75, 0xee75, 0xee75, 0xee75, 0xee75, 0xee75, 0xee75, 0xee75, 0xee75, 0xee75, 
	0xee75, 0xee75, 0xee75, 0xee75, 0xee75, 0xee75, 0xee75, 0xee75, 0xee75, 0xee75, 0xee75, 0xee75, 0xee75, 0xee75, 0xee75, 0xee75, 
	0xee75, 0xee75, 0xee75, 0xee75, 0xee75, 0xee75, 0xee75, 0xee75, 0xee75, 0xee75, 0xee75, 0xee75, 0xee75, 0xee75, 0xee75, 0xee75, 
	0xee75, 0xee75, 0xee75, 0xee75, 0xee75, 0xee75, 0xee75, 0xee75, 0xee75, 0xee75, 0xee75, 0xee75, 0xee75, 0xee75, 0xee75, 0xee75, 
	0xde98, 0xdeb8, 0xc6fe, 0xc6fe, 0xc6fd, 0xc6fd, 0xc6fe, 0xc6fe, 0xcefd, 0xdf9f, 0xe7bf, 0xe7bf, 0xe7bf, 0xe7bf, 0xe7bf, 0xe7bf, 
	0xe79f, 0xe7bf, 0xe7bf, 0xefdf, 0x9dfd, 0x222e, 0x2252, 0x2252, 0x2a71, 0x2251, 0x2251, 0x2251, 0x2b14, 0x3b96, 0x3376, 0x3396, 
	0x3396, 0x3376, 0x3376, 0x3396, 0x3396, 0x3376, 0x3376, 0x3376, 0x3376, 0x3376, 0x3376, 0x3396, 0x3396, 0x3376, 0x3376, 0x3396, 
	0x3396, 0x3376, 0x3376, 0x3396, 0x3376, 0x3376, 0x3b76, 0x2af4, 0x2231, 0x2252, 0x220e, 0xa5fd, 0xf7ff, 0xefbf, 0xefbf, 0xe79f, 
	0xe7bf, 0xe7bf, 0xe79f, 0xefff, 0xf7ff, 0xf7ff, 0xf7df, 0xf7df, 0xf7ff, 0xf7ff, 0xefdf, 0xe79f, 0xe7bf, 0xe7bf, 0xf71a, 0xde77, 
	0xee75, 0xee75, 0xee75, 0xee75, 0xee75, 0xee75, 0xee75, 0xee75, 0xee75, 0xee75, 0xee75, 0xee75, 0xee75, 0xee75, 0xee75, 0xee75, 
	0xee75, 0xee75, 0xee75, 0xee75, 0xee75, 0xee75, 0xee75, 0xee75, 0xee75, 0xee75, 0xee75, 0xee75, 0xee75, 0xee75, 0xee75, 0xee75, 
	0xee75, 0xee75, 0xee75, 0xee75, 0xee75, 0xee75, 0xee75, 0xee75, 0xee75, 0xee75, 0xee75, 0xee75, 0xee75, 0xee75, 0xee75, 0xee75, 
	0xee75, 0xee75, 0xee75, 0xee75, 0xee75, 0xee75, 0xee75, 0xee75, 0xee75, 0xee75, 0xee75, 0xee75, 0xee75, 0xee75, 0xee75, 0xee75, 
	0xee75, 0xee75, 0xee75, 0xee75, 0xee75, 0xee75, 0xee75, 0xee75, 0xee75, 0xee75, 0xee75, 0xee75, 0xee75, 0xee75, 0xee75, 0xee75, 
	0xee75, 0xee75, 0xee75, 0xee75, 0xee75, 0xee75, 0xee75, 0xee75, 0xee75, 0xee75, 0xee75, 0xee75, 0xee75, 0xee75, 0xee75, 0xee75, 
	0xee75, 0xee75, 0xee75, 0xee75, 0xee75, 0xee75, 0xee75, 0xee75, 0xee75, 0xee75, 0xee75, 0xee75, 0xee75, 0xee75, 0xee75, 0xee75, 
	0xee75, 0xee75, 0xee75, 0xee75, 0xee75, 0xee75, 0xee75, 0xee75, 0xee75, 0xee75, 0xee75, 0xee75, 0xee75, 0xee75, 0xee75, 0xee75, 
	0xee75, 0xee75, 0xee75, 0xee75, 0xee75, 0xee75, 0xee75, 0xee75, 0xee75, 0xee75, 0xee75, 0xee75, 0xee75, 0xee75, 0xee75, 0xee75, 
	0xee75, 0xee75, 0xee75, 0xee75, 0xee75, 0xee75, 0xee75, 0xee75, 0xee75, 0xee75, 0xee75, 0xee75, 0xee75, 0xee75, 0xee75, 0xee75, 
	0xde98, 0xdeb8, 0xc6fe, 0xc6fe, 0xc6fe, 0xc6fe, 0xc6fe, 0xc6fe, 0xcefd, 0xdf9f, 0xe7bf, 0xe7bf, 0xe7bf, 0xe7bf, 0xe7bf, 0xe7bf, 
	0xe7bf, 0xe7bf, 0xe7bf, 0xefdf, 0x9ddd, 0x220e, 0x2252, 0x2252, 0x2251, 0x2251, 0x2251, 0x2231, 0x2b14, 0x3b76, 0x3376, 0x3376, 
	0x3396, 0x3376, 0x3376, 0x3376, 0x3396, 0x3376, 0x3376, 0x3376, 0x3376, 0x3376, 0x3376, 0x3396, 0x3376, 0x3376, 0x3376, 0x3396, 
	0x3376, 0x3376, 0x3376, 0x3396, 0x3396, 0x3396, 0x3b76, 0x2af4, 0x2231, 0x2252, 0x220e, 0xa61d, 0xf7ff, 0xefdf, 0xefdf, 0xe7bf, 
	0xe7bf, 0xe7bf, 0xe7bf, 0xefff, 0xf7ff, 0xf7ff, 0xf7ff, 0xf7ff, 0xf7ff, 0xf7ff, 0xefdf, 0xe79f, 0xe7bf, 0xe7bf, 0xf71a, 0xde77, 
	0xee75, 0xee75, 0xee75, 0xee75, 0xee75, 0xee75, 0xee75, 0xee75, 0xee75, 0xee75, 0xee75, 0xee75, 0xee75, 0xee75, 0xee75, 0xee75, 
	0xee75, 0xee75, 0xee75, 0xee75, 0xee75, 0xee75, 0xee75, 0xee75, 0xee75, 0xee75, 0xee75, 0xee75, 0xee75, 0xee75, 0xee75, 0xee75, 
	0xee75, 0xee75, 0xee75, 0xee75, 0xee75, 0xee75, 0xee75, 0xee75, 0xee75, 0xee75, 0xee75, 0xee75, 0xee75, 0xee75, 0xee75, 0xee75, 
	0xee75, 0xee75, 0xee75, 0xee75, 0xee75, 0xee75, 0xee75, 0xee75, 0xee75, 0xee75, 0xee75, 0xee75, 0xee75, 0xee75, 0xee75, 0xee75, 
	0xee75, 0xee75, 0xee75, 0xee75, 0xee75, 0xee75, 0xee75, 0xee75, 0xee75, 0xee75, 0xee75, 0xee75, 0xee75, 0xee75, 0xee75, 0xee75, 
	0xee75, 0xee75, 0xee75, 0xee75, 0xee75, 0xee75, 0xee75, 0xee75, 0xee75, 0xee75, 0xee75, 0xee75, 0xee75, 0xee75, 0xee75, 0xee75, 
	0xee75, 0xee75, 0xee75, 0xee75, 0xee75, 0xee75, 0xee75, 0xee75, 0xee75, 0xee75, 0xee75, 0xee75, 0xee75, 0xee75, 0xee75, 0xee75, 
	0xee75, 0xee75, 0xee75, 0xee75, 0xee75, 0xee75, 0xee75, 0xee75, 0xee75, 0xee75, 0xee75, 0xee75, 0xee75, 0xee75, 0xee75, 0xee75, 
	0xee75, 0xee75, 0xee75, 0xee75, 0xee75, 0xee75, 0xee75, 0xee75, 0xee75, 0xee75, 0xee75, 0xee75, 0xee75, 0xee75, 0xee75, 0xee75, 
	0xee75, 0xee75, 0xee75, 0xee75, 0xee75, 0xee75, 0xee75, 0xee75, 0xee75, 0xee75, 0xee75, 0xee75, 0xee75, 0xee75, 0xee75, 0xee75, 
	0xde98, 0xdeb8, 0xc6fe, 0xc6fe, 0xc6fe, 0xc6fe, 0xc6fe, 0xc6fe, 0xcefd, 0xdf9f, 0xe7bf, 0xe7bf, 0xe7bf, 0xe7bf, 0xe7bf, 0xe7bf, 
	0xe79f, 0xe7bf, 0xe7bf, 0xefdf, 0x9ddd, 0x220e, 0x2252, 0x2252, 0x2251, 0x2251, 0x2251, 0x2231, 0x2b15, 0x3b76, 0x3376, 0x3396, 
	0x3396, 0x3376, 0x3376, 0x3396, 0x3396, 0x3376, 0x3376, 0x3376, 0x3376, 0x3376, 0x3376, 0x3396, 0x3396, 0x3376, 0x3376, 0x3396, 
	0x3376, 0x3376, 0x3376, 0x3396, 0x3376, 0x3376, 0x3b96, 0x2af4, 0x2231, 0x2252, 0x220e, 0x9dbc, 0xe79f, 0xdf5e, 0xdf5e, 0xe79f, 
	0xe7bf, 0xe7bf, 0xe79f, 0xefff, 0xf7ff, 0xf7ff, 0xf7ff, 0xf7ff, 0xf7ff, 0xf7ff, 0xefdf, 0xe79f, 0xe7bf, 0xe7bf, 0xf71a, 0xde77, 
	0xee75, 0xee75, 0xee75, 0xee75, 0xee75, 0xee75, 0xee75, 0xee75, 0xee75, 0xee75, 0xee75, 0xee75, 0xee75, 0xee75, 0xee75, 0xee75, 
	0xee75, 0xee75, 0xee75, 0xee75, 0xee75, 0xee75, 0xee75, 0xee75, 0xee75, 0xee75, 0xee75, 0xee75, 0xee75, 0xee75, 0xee75, 0xee75, 
	0xee75, 0xee75, 0xee75, 0xee75, 0xee75, 0xee75, 0xee75, 0xee75, 0xee75, 0xee75, 0xee75, 0xee75, 0xee75, 0xee75, 0xee75, 0xee75, 
	0xee75, 0xee75, 0xee75, 0xee75, 0xee75, 0xee75, 0xee75, 0xee75, 0xee75, 0xee75, 0xee75, 0xee75, 0xee75, 0xee75, 0xee75, 0xee75, 
	0xee75, 0xee75, 0xee75, 0xee75, 0xee75, 0xee75, 0xee75, 0xee75, 0xee75, 0xee75, 0xee75, 0xee75, 0xee75, 0xee75, 0xee75, 0xee75, 
	0xee75, 0xee75, 0xee75, 0xee75, 0xee75, 0xee75, 0xee75, 0xee75, 0xee75, 0xee75, 0xee75, 0xee75, 0xee75, 0xee75, 0xee75, 0xee75, 
	0xee75, 0xee75, 0xee75, 0xee75, 0xee75, 0xee75, 0xee75, 0xee75, 0xee75, 0xee75, 0xee75, 0xee75, 0xee75, 0xee75, 0xee75, 0xee75, 
	0xee75, 0xee75, 0xee75, 0xee75, 0xee75, 0xee75, 0xee75, 0xee75, 0xee75, 0xee75, 0xee75, 0xee75, 0xee75, 0xee75, 0xee75, 0xee75, 
	0xee75, 0xee75, 0xee75, 0xee75, 0xee75, 0xee75, 0xee75, 0xee75, 0xee75, 0xee75, 0xee75, 0xee75, 0xee75, 0xee75, 0xee75, 0xee75, 
	0xee75, 0xee75, 0xee75, 0xee75, 0xee75, 0xee75, 0xee75, 0xee75, 0xee75, 0xee75, 0xee75, 0xee75, 0xee75, 0xee75, 0xee75, 0xee75, 
	0xde98, 0xdeb8, 0xc6fe, 0xc6fe, 0xc6fd, 0xc6fd, 0xc6fd, 0xc6fd, 0xcefd, 0xdf9f, 0xe7bf, 0xe7bf, 0xe7bf, 0xe7bf, 0xe7bf, 0xe7bf, 
	0xe79f, 0xe7bf, 0xe7bf, 0xefdf, 0x9dfd, 0x220e, 0x2252, 0x2252, 0x2251, 0x2251, 0x2251, 0x2231, 0x2b14, 0x3b96, 0x3376, 0x3376, 
	0x3396, 0x3376, 0x3376, 0x3396, 0x3376, 0x3376, 0x3376, 0x3376, 0x3376, 0x3376, 0x3376, 0x3376, 0x3396, 0x3376, 0x3376, 0x3396, 
	0x3376, 0x3376, 0x3376, 0x3396, 0x3376, 0x3376, 0x3b76, 0x2af4, 0x2231, 0x2251, 0x2251, 0x32b2, 0x32d3, 0x32b3, 0x3ab0, 0xb69f, 
	0xe7df, 0xe7bf, 0xe79f, 0xefff, 0xf7ff, 0xf7ff, 0xf7ff, 0xf7ff, 0xf7ff, 0xf7ff, 0xefdf, 0xe79f, 0xe7bf, 0xe7bf, 0xf71a, 0xde77, 
	0xee75, 0xee75, 0xee75, 0xee75, 0xee75, 0xee75, 0xee75, 0xee75, 0xee75, 0xee75, 0xee75, 0xee75, 0xee75, 0xee75, 0xee75, 0xee75, 
	0xee75, 0xee75, 0xee75, 0xee75, 0xee75, 0xee75, 0xee75, 0xee75, 0xee75, 0xee75, 0xee75, 0xee75, 0xee75, 0xee75, 0xee75, 0xee75, 
	0xee75, 0xee75, 0xee75, 0xee75, 0xee75, 0xee75, 0xee75, 0xee75, 0xee75, 0xee75, 0xee75, 0xee75, 0xee75, 0xee75, 0xee75, 0xee75, 
	0xee75, 0xee75, 0xee75, 0xee75, 0xee75, 0xee75, 0xee75, 0xee75, 0xee75, 0xee75, 0xee75, 0xee75, 0xee75, 0xee75, 0xee75, 0xee75, 
	0xee75, 0xee75, 0xee75, 0xee75, 0xee75, 0xee75, 0xee75, 0xee75, 0xee75, 0xee75, 0xee75, 0xee75, 0xee75, 0xee75, 0xee75, 0xee75, 
	0xee75, 0xee75, 0xee75, 0xee75, 0xee75, 0xee75, 0xee75, 0xee75, 0xee75, 0xee75, 0xee75, 0xee75, 0xee75, 0xee75, 0xee75, 0xee75, 
	0xee75, 0xee75, 0xee75, 0xee75, 0xee75, 0xee75, 0xee75, 0xee75, 0xee75, 0xee75, 0xee75, 0xee75, 0xee75, 0xee75, 0xee75, 0xee75, 
	0xee75, 0xee75, 0xee75, 0xee75, 0xee75, 0xee75, 0xee75, 0xee75, 0xee75, 0xee75, 0xee75, 0xee75, 0xee75, 0xee75, 0xee75, 0xee75, 
	0xee75, 0xee75, 0xee75, 0xee75, 0xee75, 0xee75, 0xee75, 0xee75, 0xee75, 0xee75, 0xee75, 0xee75, 0xee75, 0xee75, 0xee75, 0xee75, 
	0xee75, 0xee75, 0xee75, 0xee75, 0xee75, 0xee75, 0xee75, 0xee75, 0xee75, 0xee75, 0xee75, 0xee75, 0xee75, 0xee75, 0xee75, 0xee75, 
	0xde98, 0xdeb8, 0xc6fe, 0xc6fe, 0xc6fe, 0xc6fe, 0xc6fd, 0xc6fd, 0xcefd, 0xdf9f, 0xe7bf, 0xe7bf, 0xe7bf, 0xe7bf, 0xe7bf, 0xe7bf, 
	0xe7bf, 0xe7bf, 0xe7bf, 0xefff, 0x9dfd, 0x220e, 0x2252, 0x2252, 0x2252, 0x2251, 0x2251, 0x2231, 0x2b14, 0x3b76, 0x3376, 0x3376, 
	0x3396, 0x3376, 0x3376, 0x3396, 0x3396, 0x3376, 0x3376, 0x3376, 0x3376, 0x3376, 0x3376, 0x3396, 0x3396, 0x3376, 0x3376, 0x3396, 
	0x3376, 0x3376, 0x3376, 0x3396, 0x3376, 0x3376, 0x3b76, 0x2af4, 0x2231, 0x2251, 0x2251, 0x2231, 0x1a31, 0x1a31, 0x2a2e, 0xb69f, 
	0xe7df, 0xe7bf, 0xe7bf, 0xefff, 0xf7ff, 0xf7ff, 0xf7ff, 0xf7ff, 0xf7ff, 0xf7ff, 0xefdf, 0xe79f, 0xe7bf, 0xe7bf, 0xf71a, 0xde77, 
	0xee75, 0xee75, 0xee75, 0xee75, 0xee75, 0xee75, 0xee75, 0xee75, 0xee75, 0xee75, 0xee75, 0xee75, 0xee75, 0xee75, 0xee75, 0xee75, 
	0xee75, 0xee75, 0xee75, 0xee75, 0xee75, 0xee75, 0xee75, 0xee75, 0xee75, 0xee75, 0xee75, 0xee75, 0xee75, 0xee75, 0xee75, 0xee75, 
	0xee75, 0xee75, 0xee75, 0xee75, 0xee75, 0xee75, 0xee75, 0xee75, 0xee75, 0xee75, 0xee75, 0xee75, 0xee75, 0xee75, 0xee75, 0xee75, 
	0xee75, 0xee75, 0xee75, 0xee75, 0xee75, 0xee75, 0xee75, 0xee75, 0xee75, 0xee75, 0xee75, 0xee75, 0xee75, 0xee75, 0xee75, 0xee75, 
	0xee75, 0xee75, 0xee75, 0xee75, 0xee75, 0xee75, 0xee75, 0xee75, 0xee75, 0xee75, 0xee75, 0xee75, 0xee75, 0xee75, 0xee75, 0xee75, 
	0xee75, 0xee75, 0xee75, 0xee75, 0xee75, 0xee75, 0xee75, 0xee75, 0xee75, 0xee75, 0xee75, 0xee75, 0xee75, 0xee75, 0xee75, 0xee75, 
	0xee75, 0xee75, 0xee75, 0xee75, 0xee75, 0xee75, 0xee75, 0xee75, 0xee75, 0xee75, 0xee75, 0xee75, 0xee75, 0xee75, 0xee75, 0xee75, 
	0xee75, 0xee75, 0xee75, 0xee75, 0xee75, 0xee75, 0xee75, 0xee75, 0xee75, 0xee75, 0xee75, 0xee75, 0xee75, 0xee75, 0xee75, 0xee75, 
	0xee75, 0xee75, 0xee75, 0xee75, 0xee75, 0xee75, 0xee75, 0xee75, 0xee75, 0xee75, 0xee75, 0xee75, 0xee75, 0xee75, 0xee75, 0xee75, 
	0xee75, 0xee75, 0xee75, 0xee75, 0xee75, 0xee75, 0xee75, 0xee75, 0xee75, 0xee75, 0xee75, 0xee75, 0xee75, 0xee75, 0xee75, 0xee75, 
	0xde98, 0xdeb8, 0xc6fe, 0xc6fe, 0xc6fd, 0xc6fd, 0xc6fd, 0xc6fd, 0xcefd, 0xdf9f, 0xe7bf, 0xe7bf, 0xe7bf, 0xe7bf, 0xe7bf, 0xe7bf, 
	0xe79f, 0xe79f, 0xe79f, 0xe7df, 0x9ddd, 0x220e, 0x2252, 0x2252, 0x2252, 0x2251, 0x2251, 0x2231, 0x2b14, 0x3b76, 0x3376, 0x3376, 
	0x3396, 0x3376, 0x3376, 0x3396, 0x3396, 0x3376, 0x3376, 0x3376, 0x3376, 0x3376, 0x3376, 0x3396, 0x3396, 0x3376, 0x3376, 0x3396, 
	0x3376, 0x3376, 0x3376, 0x3396, 0x3376, 0x3376, 0x3b96, 0x2af4, 0x2231, 0x2251, 0x2251, 0x2251, 0x2252, 0x2251, 0x2a4e, 0xb69f, 
	0xe7df, 0xe79f, 0xe79e, 0xefff, 0xf7ff, 0xf7ff, 0xf7ff, 0xf7ff, 0xf7ff, 0xf7ff, 0xefdf, 0xe79f, 0xe7bf, 0xe7bf, 0xf71a, 0xde77, 
	0xee75, 0xee75, 0xee75, 0xee75, 0xee75, 0xee75, 0xee75, 0xee75, 0xee75, 0xee75, 0xee75, 0xee75, 0xee75, 0xee75, 0xee75, 0xee75, 
	0xee75, 0xee75, 0xee75, 0xee75, 0xee75, 0xee75, 0xee75, 0xee75, 0xee75, 0xee75, 0xee75, 0xee75, 0xee75, 0xee75, 0xee75, 0xee75, 
	0xee75, 0xee75, 0xee75, 0xee75, 0xee75, 0xee75, 0xee75, 0xee75, 0xee75, 0xee75, 0xee75, 0xee75, 0xee75, 0xee75, 0xee75, 0xee75, 
	0xee75, 0xee75, 0xee75, 0xee75, 0xee75, 0xee75, 0xee75, 0xee75, 0xee75, 0xee75, 0xee75, 0xee75, 0xee75, 0xee75, 0xee75, 0xee75, 
	0xee75, 0xee75, 0xee75, 0xee75, 0xee75, 0xee75, 0xee75, 0xee75, 0xee75, 0xee75, 0xee75, 0xee75, 0xee75, 0xee75, 0xee75, 0xee75, 
	0xee75, 0xee75, 0xee75, 0xee75, 0xee75, 0xee75, 0xee75, 0xee75, 0xee75, 0xee75, 0xee75, 0xee75, 0xee75, 0xee75, 0xee75, 0xee75, 
	0xee75, 0xee75, 0xee75, 0xee75, 0xee75, 0xee75, 0xee75, 0xee75, 0xee75, 0xee75, 0xee75, 0xee75, 0xee75, 0xee75, 0xee75, 0xee75, 
	0xee75, 0xee75, 0xee75, 0xee75, 0xee75, 0xee75, 0xee75, 0xee75, 0xee75, 0xee75, 0xee75, 0xee75, 0xee75, 0xee75, 0xee75, 0xee75, 
	0xee75, 0xee75, 0xee75, 0xee75, 0xee75, 0xee75, 0xee75, 0xee75, 0xee75, 0xee75, 0xee75, 0xee75, 0xee75, 0xee75, 0xee75, 0xee75, 
	0xee75, 0xee75, 0xee75, 0xee75, 0xee75, 0xee75, 0xee75, 0xee75, 0xee75, 0xee75, 0xee75, 0xee75, 0xee75, 0xee75, 0xee75, 0xee75, 
	0xde98, 0xdeb8, 0xc6fe, 0xc6fe, 0xc6fd, 0xd75f, 0xdf7e, 0xdf7e, 0xdf7e, 0xe79f, 0xe7bf, 0xe7bf, 0xe7bf, 0xe7bf, 0xe7bf, 0xe7df, 
	0xbebf, 0x4b31, 0x4334, 0x4354, 0x3af3, 0x2251, 0x2251, 0x2231, 0x2ad4, 0x3355, 0x3355, 0x3355, 0x3376, 0x3376, 0x3376, 0x3376, 
	0x3396, 0x3376, 0x3376, 0x3396, 0x3396, 0x3376, 0x3376, 0x3376, 0x3376, 0x3376, 0x3376, 0x3396, 0x3396, 0x3376, 0x3376, 0x3396, 
	0x3376, 0x3376, 0x3376, 0x3396, 0x3376, 0x3376, 0x3376, 0x3376, 0x3355, 0x3355, 0x3355, 0x22b3, 0x2231, 0x2251, 0x2251, 0x3b14, 
	0x4354, 0x4334, 0x5372, 0xd73f, 0xf7df, 0xefbf, 0xefbf, 0xf7ff, 0xf7ff, 0xf7ff, 0xefdf, 0xe79f, 0xe7bf, 0xe7bf, 0xf71a, 0xde77, 
	0xee75, 0xee75, 0xee75, 0xee75, 0xee75, 0xee75, 0xee75, 0xee75, 0xee75, 0xee75, 0xee75, 0xee75, 0xee75, 0xee75, 0xee75, 0xee75, 
	0xee75, 0xee75, 0xee75, 0xee75, 0xee75, 0xee75, 0xee75, 0xee75, 0xee75, 0xee75, 0xee75, 0xee75, 0xee75, 0xee75, 0xee75, 0xee75, 
	0xee75, 0xee75, 0xee75, 0xee75, 0xee75, 0xee75, 0xee75, 0xee75, 0xee75, 0xee75, 0xee75, 0xee75, 0xee75, 0xee75, 0xee75, 0xee75, 
	0xee75, 0xee75, 0xee75, 0xee75, 0xee75, 0xee75, 0xee75, 0xee75, 0xee75, 0xee75, 0xee75, 0xee75, 0xee75, 0xee75, 0xee75, 0xee75, 
	0xee75, 0xee75, 0xee75, 0xee75, 0xee75, 0xee75, 0xee75, 0xee75, 0xee75, 0xee75, 0xee75, 0xee75, 0xee75, 0xee75, 0xee75, 0xee75, 
	0xee75, 0xee75, 0xee75, 0xee75, 0xee75, 0xee75, 0xee75, 0xee75, 0xee75, 0xee75, 0xee75, 0xee75, 0xee75, 0xee75, 0xee75, 0xee75, 
	0xee75, 0xee75, 0xee75, 0xee75, 0xee75, 0xee75, 0xee75, 0xee75, 0xee75, 0xee75, 0xee75, 0xee75, 0xee75, 0xee75, 0xee75, 0xee75, 
	0xee75, 0xee75, 0xee75, 0xee75, 0xee75, 0xee75, 0xee75, 0xee75, 0xee75, 0xee75, 0xee75, 0xee75, 0xee75, 0xee75, 0xee75, 0xee75, 
	0xee75, 0xee75, 0xee75, 0xee75, 0xee75, 0xee75, 0xee75, 0xee75, 0xee75, 0xee75, 0xee75, 0xee75, 0xee75, 0xee75, 0xee75, 0xee75, 
	0xee75, 0xee75, 0xee75, 0xee75, 0xee75, 0xee75, 0xee75, 0xee75, 0xee75, 0xee75, 0xee75, 0xee75, 0xee75, 0xee75, 0xee75, 0xee75, 
	0xde98, 0xdeb8, 0xc6fe, 0xc6fe, 0xc6fd, 0xd77f, 0xdf9f, 0xdf9f, 0xdf9f, 0xe79f, 0xe7bf, 0xe7bf, 0xe7bf, 0xe7bf, 0xe7bf, 0xe7df, 
	0xb69f, 0x222e, 0x1a11, 0x1a11, 0x2231, 0x2251, 0x2251, 0x2231, 0x2af4, 0x3b96, 0x3396, 0x3396, 0x3396, 0x3376, 0x3376, 0x3376, 
	0x3396, 0x3376, 0x3376, 0x3396, 0x3396, 0x3376, 0x3376, 0x3376, 0x3376, 0x3376, 0x3376, 0x3396, 0x3396, 0x3376, 0x3376, 0x3396, 
	0x3376, 0x3376, 0x3376, 0x3396, 0x3376, 0x3376, 0x3376, 0x3396, 0x3396, 0x3396, 0x3b76, 0x22d3, 0x2231, 0x2251, 0x2251, 0x2231, 
	0x1a11, 0x1a11, 0x326e, 0xcf1f, 0xefdf, 0xefbf, 0xefbf, 0xf7ff, 0xf7ff, 0xf7ff, 0xefdf, 0xe79f, 0xe7bf, 0xe7bf, 0xf71a, 0xde77, 
	0xee75, 0xee75, 0xee75, 0xee75, 0xee75, 0xee75, 0xee75, 0xee75, 0xee75, 0xee75, 0xee75, 0xee75, 0xee75, 0xee75, 0xee75, 0xee75, 
	0xee75, 0xee75, 0xee75, 0xee75, 0xee75, 0xee75, 0xee75, 0xee75, 0xee75, 0xee75, 0xee75, 0xee75, 0xee75, 0xee75, 0xee75, 0xee75, 
	0xee75, 0xee75, 0xee75, 0xee75, 0xee75, 0xee75, 0xee75, 0xee75, 0xee75, 0xee75, 0xee75, 0xee75, 0xee75, 0xee75, 0xee75, 0xee75, 
	0xee75, 0xee75, 0xee75, 0xee75, 0xee75, 0xee75, 0xee75, 0xee75, 0xee75, 0xee75, 0xee75, 0xee75, 0xee75, 0xee75, 0xee75, 0xee75, 
	0xee75, 0xee75, 0xee75, 0xee75, 0xee75, 0xee75, 0xee75, 0xee75, 0xee75, 0xee75, 0xee75, 0xee75, 0xee75, 0xee75, 0xee75, 0xee75, 
	0xee75, 0xee75, 0xee75, 0xee75, 0xee75, 0xee75, 0xee75, 0xee75, 0xee75, 0xee75, 0xee75, 0xee75, 0xee75, 0xee75, 0xee75, 0xee75, 
	0xee75, 0xee75, 0xee75, 0xee75, 0xee75, 0xee75, 0xee75, 0xee75, 0xee75, 0xee75, 0xee75, 0xee75, 0xee75, 0xee75, 0xee75, 0xee75, 
	0xee75, 0xee75, 0xee75, 0xee75, 0xee75, 0xee75, 0xee75, 0xee75, 0xee75, 0xee75, 0xee75, 0xee75, 0xee75, 0xee75, 0xee75, 0xee75, 
	0xee75, 0xee75, 0xee75, 0xee75, 0xee75, 0xee75, 0xee75, 0xee75, 0xee75, 0xee75, 0xee75, 0xee75, 0xee75, 0xee75, 0xee75, 0xee75, 
	0xee75, 0xee75, 0xee75, 0xee75, 0xee75, 0xee75, 0xee75, 0xee75, 0xee75, 0xee75, 0xee75, 0xee75, 0xee75, 0xee75, 0xee75, 0xee75, 
	0xde98, 0xdeb8, 0xc6fe, 0xc6fe, 0xc6fd, 0xd77f, 0xdf9f, 0xdf9f, 0xdf9f, 0xe79f, 0xe7bf, 0xe7bf, 0xe7bf, 0xe7bf, 0xe7bf, 0xe7df, 
	0xb69f, 0x2a4e, 0x2251, 0x2252, 0x2251, 0x2251, 0x2251, 0x2231, 0x2af4, 0x3b96, 0x3376, 0x3376, 0x3396, 0x3376, 0x3376, 0x3376, 
	0x3396, 0x3376, 0x3376, 0x3396, 0x3396, 0x3376, 0x3376, 0x3376, 0x3376, 0x3376, 0x3376, 0x3396, 0x3396, 0x3376, 0x3376, 0x3396, 
	0x3376, 0x3376, 0x3376, 0x3396, 0x3376, 0x3376, 0x3376, 0x3396, 0x3376, 0x3376, 0x3b76, 0x22d3, 0x2231, 0x2251, 0x2251, 0x2251, 
	0x2252, 0x2232, 0x3a8f, 0xcf3f, 0xefdf, 0xefbf, 0xefbf, 0xf7ff, 0xf7ff, 0xf7ff, 0xefdf, 0xe79f, 0xdfbf, 0xdfbf, 0xef1a, 0xde77, 
	0xee75, 0xee75, 0xee75, 0xee75, 0xee75, 0xee75, 0xee75, 0xee75, 0xee75, 0xee75, 0xee75, 0xee75, 0xee75, 0xee75, 0xee75, 0xee75, 
	0xee75, 0xee75, 0xee75, 0xee75, 0xee75, 0xee75, 0xee75, 0xee75, 0xee75, 0xee75, 0xee75, 0xee75, 0xee75, 0xee75, 0xee75, 0xee75, 
	0xee75, 0xee75, 0xee75, 0xee75, 0xee75, 0xee75, 0xee75, 0xee75, 0xee75, 0xee75, 0xee75, 0xee75, 0xee75, 0xee75, 0xee75, 0xee75, 
	0xee75, 0xee75, 0xee75, 0xee75, 0xee75, 0xee75, 0xee75, 0xee75, 0xee75, 0xee75, 0xee75, 0xee75, 0xee75, 0xee75, 0xee75, 0xee75, 
	0xee75, 0xee75, 0xee75, 0xee75, 0xee75, 0xee75, 0xee75, 0xee75, 0xee75, 0xee75, 0xee75, 0xee75, 0xee75, 0xee75, 0xee75, 0xee75, 
	0xee75, 0xee75, 0xee75, 0xee75, 0xee75, 0xee75, 0xee75, 0xee75, 0xee75, 0xee75, 0xee75, 0xee75, 0xee75, 0xee75, 0xee75, 0xee75, 
	0xee75, 0xee75, 0xee75, 0xee75, 0xee75, 0xee75, 0xee75, 0xee75, 0xee75, 0xee75, 0xee75, 0xee75, 0xee75, 0xee75, 0xee75, 0xee75, 
	0xee75, 0xee75, 0xee75, 0xee75, 0xee75, 0xee75, 0xee75, 0xee75, 0xee75, 0xee75, 0xee75, 0xee75, 0xee75, 0xee75, 0xee75, 0xee75, 
	0xee75, 0xee75, 0xee75, 0xee75, 0xee75, 0xee75, 0xee75, 0xee75, 0xee75, 0xee75, 0xee75, 0xee75, 0xee75, 0xee75, 0xee75, 0xee75, 
	0xee75, 0xee75, 0xee75, 0xee75, 0xee75, 0xee75, 0xee75, 0xee75, 0xee75, 0xee75, 0xee75, 0xee75, 0xee75, 0xee75, 0xee75, 0xee75, 
	0xde98, 0xdeb8, 0xc6fe, 0xc6fe, 0xc6fd, 0xd77f, 0xe7bf, 0xe79f, 0xe79f, 0xe79f, 0xe7bf, 0xe7bf, 0xe7bf, 0xe7bf, 0xe7bf, 0xefdf, 
	0xb69f, 0x2a4e, 0x2252, 0x2252, 0x2251, 0x2251, 0x2251, 0x2251, 0x2af4, 0x3b76, 0x3396, 0x3396, 0x3396, 0x3376, 0x3376, 0x3376, 
	0x3396, 0x3376, 0x3376, 0x3376, 0x3396, 0x3376, 0x3396, 0x3396, 0x3396, 0x3396, 0x3376, 0x3396, 0x3376, 0x3376, 0x3376, 0x3376, 
	0x3376, 0x3376, 0x3376, 0x3396, 0x3396, 0x3396, 0x3376, 0x3396, 0x3396, 0x3396, 0x3b76, 0x22d3, 0x2251, 0x2251, 0x2251, 0x2251, 
	0x2252, 0x2231, 0x328f, 0xc71f, 0xefbf, 0xe7bf, 0xefbf, 0xf7ff, 0xf7ff, 0xf7ff, 0xf7df, 0xefbf, 0xefbf, 0xefdf, 0xf73a, 0xde77, 
	0xee75, 0xee75, 0xee75, 0xee75, 0xee75, 0xee75, 0xee75, 0xee75, 0xee75, 0xee75, 0xee75, 0xee75, 0xee75, 0xee75, 0xee75, 0xee75, 
	0xee75, 0xee75, 0xee75, 0xee75, 0xee75, 0xee75, 0xee75, 0xee75, 0xee75, 0xee75, 0xee75, 0xee75, 0xee75, 0xee75, 0xee75, 0xee75, 
	0xee75, 0xee75, 0xee75, 0xee75, 0xee75, 0xee75, 0xee75, 0xee75, 0xee75, 0xee75, 0xee75, 0xee75, 0xee75, 0xee75, 0xee75, 0xee75, 
	0xee75, 0xee75, 0xee75, 0xee75, 0xee75, 0xee75, 0xee75, 0xee75, 0xee75, 0xee75, 0xee75, 0xee75, 0xee75, 0xee75, 0xee75, 0xee75, 
	0xee75, 0xee75, 0xee75, 0xee75, 0xee75, 0xee75, 0xee75, 0xee75, 0xee75, 0xee75, 0xee75, 0xee75, 0xee75, 0xee75, 0xee75, 0xee75, 
	0xee75, 0xee75, 0xee75, 0xee75, 0xee75, 0xee75, 0xee75, 0xee75, 0xee75, 0xee75, 0xee75, 0xee75, 0xee75, 0xee75, 0xee75, 0xee75, 
	0xee75, 0xee75, 0xee75, 0xee75, 0xee75, 0xee75, 0xee75, 0xee75, 0xee75, 0xee75, 0xee75, 0xee75, 0xee75, 0xee75, 0xee75, 0xee75, 
	0xee75, 0xee75, 0xee75, 0xee75, 0xee75, 0xee75, 0xee75, 0xee75, 0xee75, 0xee75, 0xee75, 0xee75, 0xee75, 0xee75, 0xee75, 0xee75, 
	0xee75, 0xee75, 0xee75, 0xee75, 0xee75, 0xee75, 0xee75, 0xee75, 0xee75, 0xee75, 0xee75, 0xee75, 0xee75, 0xee75, 0xee75, 0xee75, 
	0xee75, 0xee75, 0xee75, 0xee75, 0xee75, 0xee75, 0xee75, 0xee75, 0xee75, 0xee75, 0xee75, 0xee75, 0xee75, 0xee75, 0xee75, 0xee75, 
	0xde98, 0xdeb8, 0xc6fe, 0xc6fe, 0xc6fd, 0xdf7f, 0xe7bf, 0xe7bf, 0xe7bf, 0xe7bf, 0xe7bf, 0xe7bf, 0xe7bf, 0xe7bf, 0xe7bf, 0xefdf, 
	0xb69f, 0x2a4e, 0x2252, 0x2252, 0x2251, 0x2251, 0x2251, 0x2231, 0x2af4, 0x3b76, 0x3396, 0x3396, 0x3396, 0x3376, 0x3376, 0x3376, 
	0x3396, 0x3376, 0x3376, 0x3376, 0x3396, 0x3376, 0x3376, 0x3376, 0x3376, 0x3376, 0x3376, 0x3396, 0x3396, 0x3376, 0x3376, 0x3396, 
	0x3376, 0x3376, 0x3376, 0x3396, 0x3376, 0x3376, 0x3376, 0x3396, 0x3376, 0x3376, 0x3b76, 0x22d3, 0x2231, 0x2251, 0x2251, 0x2251, 
	0x2252, 0x2232, 0x328f, 0xc71f, 0xe7bf, 0xe7bf, 0xef9f, 0xf7ff, 0xf7ff, 0xf7ff, 0xf7df, 0xf7df, 0xefdf, 0xf7df, 0xf73a, 0xde77, 
	0xee75, 0xee75, 0xee75, 0xee75, 0xee75, 0xee75, 0xee75, 0xee75, 0xee75, 0xee75, 0xee75, 0xee75, 0xee75, 0xee75, 0xee75, 0xee75, 
	0xee75, 0xee75, 0xee75, 0xee75, 0xee75, 0xee75, 0xee75, 0xee75, 0xee75, 0xee75, 0xee75, 0xee75, 0xee75, 0xee75, 0xee75, 0xee75, 
	0xee75, 0xee75, 0xee75, 0xee75, 0xee75, 0xee75, 0xee75, 0xee75, 0xee75, 0xee75, 0xee75, 0xee75, 0xee75, 0xee75, 0xee75, 0xee75, 
	0xee75, 0xee75, 0xee75, 0xee75, 0xee75, 0xee75, 0xee75, 0xee75, 0xee75, 0xee75, 0xee75, 0xee75, 0xee75, 0xee75, 0xee75, 0xee75, 
	0xee75, 0xee75, 0xee75, 0xee75, 0xee75, 0xee75, 0xee75, 0xee75, 0xee75, 0xee75, 0xee75, 0xee75, 0xee75, 0xee75, 0xee75, 0xee75, 
	0xee75, 0xee75, 0xee75, 0xee75, 0xee75, 0xee75, 0xee75, 0xee75, 0xee75, 0xee75, 0xee75, 0xee75, 0xee75, 0xee75, 0xee75, 0xee75, 
	0xee75, 0xee75, 0xee75, 0xee75, 0xee75, 0xee75, 0xee75, 0xee75, 0xee75, 0xee75, 0xee75, 0xee75, 0xee75, 0xee75, 0xee75, 0xee75, 
	0xee75, 0xee75, 0xee75, 0xee75, 0xee75, 0xee75, 0xee75, 0xee75, 0xee75, 0xee75, 0xee75, 0xee75, 0xee75, 0xee75, 0xee75, 0xee75, 
	0xee75, 0xee75, 0xee75, 0xee75, 0xee75, 0xee75, 0xee75, 0xee75, 0xee75, 0xee75, 0xee75, 0xee75, 0xee75, 0xee75, 0xee75, 0xee75, 
	0xee75, 0xee75, 0xee75, 0xee75, 0xee75, 0xee75, 0xee75, 0xee75, 0xee75, 0xee75, 0xee75, 0xee75, 0xee75, 0xee75, 0xee74, 0xee74, 
	0xde77, 0xe698, 0xc6fe, 0xc6fe, 0xc6fd, 0xdf7f, 0xe7bf, 0xe7bf, 0xe7bf, 0xe7bf, 0xe7bf, 0xe7bf, 0xe7bf, 0xe7bf, 0xe7bf, 0xefdf, 
	0xb69f, 0x2a4e, 0x2252, 0x2252, 0x2251, 0x2251, 0x2251, 0x2231, 0x2af4, 0x3b96, 0x3396, 0x3396, 0x3396, 0x3376, 0x3376, 0x3396, 
	0x3396, 0x3376, 0x3376, 0x3396, 0x3396, 0x3376, 0x3376, 0x3376, 0x3376, 0x3376, 0x3376, 0x3396, 0x3396, 0x3376, 0x3376, 0x3396, 
	0x3376, 0x3376, 0x3376, 0x3396, 0x3376, 0x3376, 0x3376, 0x3396, 0x3396, 0x3396, 0x3b76, 0x22d3, 0x2231, 0x2251, 0x2251, 0x2251, 
	0x2252, 0x2232, 0x328f, 0xc71f, 0xe7bf, 0xe7bf, 0xef9f, 0xf7ff, 0xf7ff, 0xf7ff, 0xf7df, 0xf7df, 0xefdf, 0xefdf, 0xf73a, 0xde76, 
	0xee54, 0xee54, 0xee75, 0xee75, 0xee75, 0xee75, 0xee75, 0xee75, 0xee75, 0xee75, 0xee75, 0xee75, 0xee75, 0xee75, 0xee75, 0xee75, 
	0xee75, 0xee75, 0xee75, 0xee75, 0xee75, 0xee75, 0xee75, 0xee75, 0xee75, 0xee75, 0xee75, 0xee75, 0xee75, 0xee75, 0xee75, 0xee75, 
	0xee75, 0xee75, 0xee75, 0xee75, 0xee75, 0xee75, 0xee75, 0xee75, 0xee75, 0xee75, 0xee75, 0xee75, 0xee75, 0xee75, 0xee75, 0xee75, 
	0xee75, 0xee75, 0xee75, 0xee75, 0xee75, 0xee75, 0xee75, 0xee75, 0xee75, 0xee75, 0xee75, 0xee75, 0xee75, 0xee75, 0xee75, 0xee75, 
	0xee75, 0xee75, 0xee75, 0xee75, 0xee75, 0xee75, 0xee75, 0xee75, 0xee75, 0xee75, 0xee75, 0xee75, 0xee75, 0xee75, 0xee75, 0xee75, 
	0xee75, 0xee75, 0xee75, 0xee75, 0xee75, 0xee75, 0xee75, 0xee75, 0xee75, 0xee75, 0xee75, 0xee75, 0xee75, 0xee75, 0xee75, 0xee75, 
	0xee75, 0xee75, 0xee75, 0xee75, 0xee75, 0xee75, 0xee75, 0xee75, 0xee75, 0xee75, 0xee75, 0xee75, 0xee75, 0xee75, 0xee75, 0xee75, 
	0xee75, 0xee75, 0xee75, 0xee75, 0xee75, 0xee75, 0xee75, 0xee75, 0xee75, 0xee75, 0xee75, 0xee75, 0xee75, 0xee75, 0xee75, 0xee75, 
	0xee75, 0xee75, 0xee75, 0xee75, 0xee75, 0xee75, 0xee75, 0xee75, 0xee75, 0xee75, 0xee75, 0xee75, 0xee75, 0xee75, 0xee75, 0xee75, 
	0xee75, 0xee75, 0xee75, 0xee75, 0xee75, 0xee75, 0xee75, 0xee75, 0xee75, 0xee75, 0xee75, 0xee75, 0xe676, 0xe696, 0xd6ba, 0xd6ba, 
	0xcedb, 0xd6db, 0xc6fe, 0xc6fe, 0xc6fd, 0xdf7f, 0xe7bf, 0xe7bf, 0xe79f, 0xe79f, 0xe7bf, 0xe7bf, 0xe79f, 0xe7bf, 0xefbf, 0xf7df, 
	0xb69f, 0x2a4e, 0x2252, 0x2252, 0x2251, 0x2251, 0x2251, 0x2251, 0x2ab3, 0x2ad3, 0x2af4, 0x2ad3, 0x3335, 0x3376, 0x3376, 0x3376, 
	0x3376, 0x3376, 0x3376, 0x3396, 0x3396, 0x3376, 0x3376, 0x3376, 0x3376, 0x3376, 0x3376, 0x3396, 0x3396, 0x3376, 0x3376, 0x3396, 
	0x3376, 0x3376, 0x3376, 0x3396, 0x3376, 0x3376, 0x3376, 0x3b96, 0x3396, 0x3396, 0x3b96, 0x22d3, 0x2251, 0x2251, 0x2251, 0x2a71, 
	0x2252, 0x2252, 0x328f, 0xc71f, 0xe7bf, 0xe79f, 0xef9e, 0xf7ff, 0xf7ff, 0xf7ff, 0xf7df, 0xf7df, 0xf7df, 0xf7df, 0xf79d, 0xe71b, 
	0xef3b, 0xef3b, 0xeed7, 0xe676, 0xee75, 0xee75, 0xee75, 0xee75, 0xee75, 0xee75, 0xee75, 0xee75, 0xee75, 0xee75, 0xee75, 0xee75, 
	0xee75, 0xee75, 0xee75, 0xee75, 0xee75, 0xee75, 0xee75, 0xee75, 0xee75, 0xee75, 0xee75, 0xee75, 0xee75, 0xee75, 0xee75, 0xee75, 
	0xee75, 0xee75, 0xee75, 0xee75, 0xee75, 0xee75, 0xee75, 0xee75, 0xee75, 0xee75, 0xee75, 0xee75, 0xee75, 0xee75, 0xee75, 0xee75, 
	0xee75, 0xee75, 0xee75, 0xee75, 0xee75, 0xee75, 0xee75, 0xee75, 0xee75, 0xee75, 0xee75, 0xee75, 0xee75, 0xee75, 0xee75, 0xee75, 
	0xee75, 0xee75, 0xee75, 0xee75, 0xee75, 0xee75, 0xee75, 0xee75, 0xee75, 0xee75, 0xee75, 0xee75, 0xee75, 0xee75, 0xee75, 0xee75, 
	0xee75, 0xee75, 0xee75, 0xee75, 0xee75, 0xee75, 0xee75, 0xee75, 0xee75, 0xee75, 0xee75, 0xee75, 0xee75, 0xee75, 0xee75, 0xee75, 
	0xee75, 0xee75, 0xee75, 0xee75, 0xee75, 0xee75, 0xee75, 0xee75, 0xee75, 0xee75, 0xee75, 0xee75, 0xee75, 0xee75, 0xee75, 0xee75, 
	0xee75, 0xee75, 0xee75, 0xee75, 0xee75, 0xee75, 0xee75, 0xee75, 0xee75, 0xee75, 0xee75, 0xee75, 0xee75, 0xee75, 0xee75, 0xee75, 
	0xee75, 0xee75, 0xee75, 0xee75, 0xee75, 0xee75, 0xee75, 0xee75, 0xee75, 0xee75, 0xee75, 0xee75, 0xee75, 0xee75, 0xee75, 0xee75, 
	0xee75, 0xee75, 0xee75, 0xee75, 0xee75, 0xee75, 0xee75, 0xee75, 0xee75, 0xee75, 0xee75, 0xee75, 0xde77, 0xe698, 0xc71e, 0xc6fe, 
	0xc6fe, 0xc6fe, 0xc6fe, 0xc6fe, 0xc6fd, 0xdf7f, 0xe7bf, 0xe7bf, 0xe7bf, 0xe7bf, 0xe7bf, 0xe7bf, 0xe79f, 0xefdf, 0xefbf, 0xf7ff, 
	0xbebf, 0x2a4e, 0x2252, 0x2252, 0x2251, 0x2251, 0x2251, 0x2251, 0x2251, 0x2231, 0x2231, 0x2231, 0x2af4, 0x3355, 0x3355, 0x3355, 
	0x3376, 0x3376, 0x3376, 0x3396, 0x3396, 0x3376, 0x3376, 0x3376, 0x3376, 0x3376, 0x3376, 0x3396, 0x3396, 0x3376, 0x3376, 0x3396, 
	0x3376, 0x3376, 0x3376, 0x3396, 0x3376, 0x3376, 0x3376, 0x3396, 0x3376, 0x3376, 0x3b76, 0x22b3, 0x2231, 0x2251, 0x2251, 0x2251, 
	0x2252, 0x2232, 0x328f, 0xc71f, 0xe7bf, 0xe7bf, 0xef9f, 0xf7ff, 0xf7ff, 0xf7ff, 0xf7ff, 0xf7ff, 0xf7ff, 0xf7ff, 0xefff, 0xefdf, 
	0xe7df, 0xefdf, 0xf719, 0xde77, 0xee75, 0xee75, 0xee75, 0xee75, 0xee75, 0xee75, 0xee75, 0xee75, 0xee75, 0xee75, 0xee75, 0xee75, 
	0xee75, 0xee75, 0xee75, 0xee75, 0xee75, 0xee75, 0xee75, 0xee75, 0xee75, 0xee75, 0xee75, 0xee75, 0xee75, 0xee75, 0xee75, 0xee75, 
	0xee75, 0xee75, 0xee75, 0xee75, 0xee75, 0xee75, 0xee75, 0xee75, 0xee75, 0xee75, 0xee75, 0xee75, 0xee75, 0xee75, 0xee75, 0xee75, 
	0xee75, 0xee75, 0xee75, 0xee75, 0xee75, 0xee75, 0xee75, 0xee75, 0xee75, 0xee75, 0xee75, 0xee75, 0xee75, 0xee75, 0xee75, 0xee75, 
	0xee75, 0xee75, 0xee75, 0xee75, 0xee75, 0xee75, 0xee75, 0xee75, 0xee75, 0xee75, 0xee75, 0xee75, 0xee75, 0xee75, 0xee75, 0xee75, 
	0xee75, 0xee75, 0xee75, 0xee75, 0xee75, 0xee75, 0xee75, 0xee75, 0xee75, 0xee75, 0xee75, 0xee75, 0xee75, 0xee75, 0xee75, 0xee75, 
	0xee75, 0xee75, 0xee75, 0xee75, 0xee75, 0xee75, 0xee75, 0xee75, 0xee75, 0xee75, 0xee75, 0xee75, 0xee75, 0xee75, 0xee75, 0xee75, 
	0xee75, 0xee75, 0xee75, 0xee75, 0xee75, 0xee75, 0xee75, 0xee75, 0xee75, 0xee75, 0xee75, 0xee75, 0xee75, 0xee75, 0xee75, 0xee75, 
	0xee75, 0xee75, 0xee75, 0xee75, 0xee75, 0xee75, 0xee75, 0xee75, 0xee75, 0xee75, 0xee75, 0xee75, 0xee75, 0xee75, 0xee75, 0xee75, 
	0xee75, 0xee75, 0xee75, 0xee75, 0xee75, 0xee75, 0xee75, 0xee75, 0xee75, 0xee75, 0xee75, 0xee75, 0xde97, 0xe6b8, 0xc6fe, 0xc6fe, 
	0xc6fe, 0xc6fe, 0xc6fe, 0xc6fe, 0xc6fd, 0xdf7f, 0xe7bf, 0xe7bf, 0xe7bf, 0xe7bf, 0xe7bf, 0xe7bf, 0xe7bf, 0xefdf, 0xefbf, 0xf7ff, 
	0xb69f, 0x21ed, 0x1a11, 0x1a11, 0x1a11, 0x2251, 0x2251, 0x2251, 0x2252, 0x2251, 0x2251, 0x2231, 0x2af4, 0x3355, 0x3355, 0x3355, 
	0x3376, 0x3376, 0x3376, 0x3396, 0x3396, 0x3376, 0x3376, 0x3376, 0x3376, 0x3376, 0x3376, 0x3396, 0x3396, 0x3376, 0x3376, 0x3396, 
	0x3376, 0x3376, 0x3376, 0x3396, 0x3376, 0x3376, 0x3376, 0x3396, 0x3396, 0x3396, 0x3b76, 0x22b3, 0x2231, 0x2251, 0x2251, 0x1a11, 
	0x1a11, 0x11f1, 0x2a4e, 0xc71f, 0xe7df, 0xe7bf, 0xef9f, 0xf7ff, 0xf7ff, 0xf7ff, 0xf7ff, 0xf7ff, 0xf7ff, 0xf7ff, 0xefdf, 0xefbf, 
	0xe7df, 0xefdf, 0xf719, 0xde76, 0xee75, 0xee75, 0xee75, 0xee75, 0xee75, 0xee75, 0xee75, 0xee75, 0xee75, 0xee75, 0xee75, 0xee75, 
	0xee75, 0xee75, 0xee75, 0xee75, 0xee75, 0xee75, 0xee75, 0xee75, 0xee75, 0xee75, 0xee75, 0xee75, 0xee75, 0xee75, 0xee75, 0xee75, 
	0xee75, 0xee75, 0xee75, 0xee75, 0xee75, 0xee75, 0xee75, 0xee75, 0xee75, 0xee75, 0xee75, 0xee75, 0xee75, 0xee75, 0xee75, 0xee75, 
	0xee75, 0xee75, 0xee75, 0xee75, 0xee75, 0xee75, 0xee75, 0xee75, 0xee75, 0xee75, 0xee75, 0xee75, 0xee75, 0xee75, 0xee75, 0xee75, 
	0xee75, 0xee75, 0xee75, 0xee75, 0xee75, 0xee75, 0xee75, 0xee75, 0xee75, 0xee75, 0xee75, 0xee75, 0xee75, 0xee75, 0xee75, 0xee75, 
	0xee75, 0xee75, 0xee75, 0xee75, 0xee75, 0xee75, 0xee75, 0xee75, 0xee75, 0xee75, 0xee75, 0xee75, 0xee75, 0xee75, 0xee75, 0xee75, 
	0xee75, 0xee75, 0xee75, 0xee75, 0xee75, 0xee75, 0xee75, 0xee75, 0xee75, 0xee75, 0xee75, 0xee75, 0xee75, 0xee75, 0xee75, 0xee75, 
	0xee75, 0xee75, 0xee75, 0xee75, 0xee75, 0xee75, 0xee75, 0xee75, 0xee75, 0xee75, 0xee75, 0xee75, 0xee75, 0xee75, 0xee75, 0xee75, 
	0xee75, 0xee75, 0xee75, 0xee75, 0xee75, 0xee75, 0xee75, 0xee75, 0xee75, 0xee75, 0xee75, 0xee75, 0xee75, 0xee75, 0xee75, 0xee75, 
	0xee75, 0xee75, 0xee75, 0xee75, 0xee75, 0xee75, 0xee75, 0xee75, 0xee75, 0xee75, 0xee75, 0xee75, 0xde97, 0xe6b8, 0xc6fe, 0xc6fe, 
	0xc6fd, 0xc6fd, 0xc6fe, 0xc6fe, 0xc6fd, 0xdf7f, 0xe7bf, 0xe7bf, 0xe79f, 0xe79f, 0xe7bf, 0xe7bf, 0xe7bf, 0xe7bf, 0xe7bf, 0xefdf, 
	0xcf1f, 0x7c95, 0x7497, 0x7497, 0x53d6, 0x2250, 0x2251, 0x2251, 0x2a71, 0x2251, 0x2251, 0x2251, 0x2ab3, 0x32d3, 0x2af4, 0x2af4, 
	0x3356, 0x3b96, 0x3376, 0x3396, 0x3396, 0x3376, 0x3376, 0x3376, 0x3376, 0x3376, 0x3376, 0x3396, 0x3396, 0x3376, 0x3376, 0x3396, 
	0x3376, 0x3376, 0x3376, 0x3396, 0x3376, 0x3376, 0x3376, 0x3b96, 0x3396, 0x3396, 0x3b76, 0x22d3, 0x2251, 0x2252, 0x2a50, 0x6437, 
	0x7cb7, 0x7c97, 0x84d6, 0xd75f, 0xe7bf, 0xe79f, 0xef9e, 0xf7ff, 0xf7ff, 0xf7ff, 0xf7df, 0xf7df, 0xf7ff, 0xf7ff, 0xefdf, 0xe7bf, 
	0xe7bf, 0xe7df, 0xf719, 0xde76, 0xee75, 0xee75, 0xee75, 0xee75, 0xee75, 0xee75, 0xee75, 0xee75, 0xee75, 0xee75, 0xee75, 0xee75, 
	0xee75, 0xee75, 0xee75, 0xee75, 0xee75, 0xee75, 0xee75, 0xee75, 0xee75, 0xee75, 0xee75, 0xee75, 0xee75, 0xee75, 0xee75, 0xee75, 
	0xee75, 0xee75, 0xee75, 0xee75, 0xee75, 0xee75, 0xee75, 0xee75, 0xee75, 0xee75, 0xee75, 0xee75, 0xee75, 0xee75, 0xee75, 0xee75, 
	0xee75, 0xee75, 0xee75, 0xee75, 0xee75, 0xee75, 0xee75, 0xee75, 0xee75, 0xee75, 0xee75, 0xee75, 0xee75, 0xee75, 0xee75, 0xee75, 
	0xee75, 0xee75, 0xee75, 0xee75, 0xee75, 0xee75, 0xee75, 0xee75, 0xee75, 0xee75, 0xee75, 0xee75, 0xee75, 0xee75, 0xee75, 0xee75, 
	0xee75, 0xee75, 0xee75, 0xee75, 0xee75, 0xee75, 0xee75, 0xee75, 0xee75, 0xee75, 0xee75, 0xee75, 0xee75, 0xee75, 0xee75, 0xee75, 
	0xee75, 0xee75, 0xee75, 0xee75, 0xee75, 0xee75, 0xee75, 0xee75, 0xee75, 0xee75, 0xee75, 0xee75, 0xee75, 0xee75, 0xee75, 0xee75, 
	0xee75, 0xee75, 0xee75, 0xee75, 0xee75, 0xee75, 0xee75, 0xee75, 0xee75, 0xee75, 0xee75, 0xee75, 0xee75, 0xee75, 0xee75, 0xee75, 
	0xee75, 0xee75, 0xee75, 0xee75, 0xee75, 0xee75, 0xee75, 0xee75, 0xee75, 0xee75, 0xee75, 0xee75, 0xee75, 0xee75, 0xee75, 0xee75, 
	0xee75, 0xee75, 0xee75, 0xee75, 0xee75, 0xee75, 0xee75, 0xee75, 0xee75, 0xee75, 0xee75, 0xee75, 0xde97, 0xe6b8, 0xc6fe, 0xc6fe, 
	0xc6fe, 0xc6fe, 0xc6fe, 0xc6fe, 0xc6fd, 0xdf7f, 0xe7bf, 0xe7bf, 0xe7bf, 0xe7bf, 0xe7bf, 0xe7bf, 0xe7bf, 0xe7bf, 0xe7bf, 0xe7bf, 
	0xe7bf, 0xefff, 0xefff, 0xf7ff, 0xa61e, 0x220e, 0x2252, 0x2252, 0x2252, 0x2251, 0x2251, 0x2251, 0x2251, 0x2231, 0x2231, 0x2231, 
	0x2b35, 0x3b76, 0x3376, 0x3396, 0x3396, 0x3376, 0x3376, 0x3376, 0x3376, 0x3376, 0x3376, 0x3396, 0x3396, 0x3376, 0x3376, 0x3396, 
	0x3376, 0x3376, 0x3376, 0x3396, 0x3376, 0x3376, 0x3376, 0x3396, 0x3376, 0x3376, 0x3b76, 0x22b3, 0x2252, 0x2252, 0x2a4e, 0xc6ff, 
	0xffff, 0xf7ff, 0xf7ff, 0xe7bf, 0xe7bf, 0xe7bf, 0xef9e, 0xf7ff, 0xf7ff, 0xf7ff, 0xf7ff, 0xf7ff, 0xf7ff, 0xf7ff, 0xefdf, 0xe79f, 
	0xe7bf, 0xe7bf, 0xeef9, 0xde77, 0xee75, 0xee75, 0xee75, 0xee75, 0xee75, 0xee75, 0xee75, 0xee75, 0xee75, 0xee75, 0xee75, 0xee75, 
	0xee75, 0xee75, 0xee75, 0xee75, 0xee75, 0xee75, 0xee75, 0xee75, 0xee75, 0xee75, 0xee75, 0xee75, 0xee75, 0xee75, 0xee75, 0xee75, 
	0xee75, 0xee75, 0xee75, 0xee75, 0xee75, 0xee75, 0xee75, 0xee75, 0xee75, 0xee75, 0xee75, 0xee75, 0xee75, 0xee75, 0xee75, 0xee75, 
	0xee75, 0xee75, 0xee75, 0xee75, 0xee75, 0xee75, 0xee75, 0xee75, 0xee75, 0xee75, 0xee75, 0xee75, 0xee75, 0xee75, 0xee75, 0xee75, 
	0xee75, 0xee75, 0xee75, 0xee75, 0xee75, 0xee75, 0xee75, 0xee75, 0xee75, 0xee75, 0xee75, 0xee75, 0xee75, 0xee75, 0xee75, 0xee75, 
	0xee75, 0xee75, 0xee75, 0xee75, 0xee75, 0xee75, 0xee75, 0xee75, 0xee75, 0xee75, 0xee75, 0xee75, 0xee75, 0xee75, 0xee75, 0xee75, 
	0xee75, 0xee75, 0xee75, 0xee75, 0xee75, 0xee75, 0xee75, 0xee75, 0xee75, 0xee75, 0xee75, 0xee75, 0xee75, 0xee75, 0xee75, 0xee75, 
	0xee75, 0xee75, 0xee75, 0xee75, 0xee75, 0xee75, 0xee75, 0xee75, 0xee75, 0xee75, 0xee75, 0xee75, 0xee75, 0xee75, 0xee75, 0xee75, 
	0xee75, 0xee75, 0xee75, 0xee75, 0xee75, 0xee75, 0xee75, 0xee75, 0xee75, 0xee75, 0xee75, 0xee75, 0xee75, 0xee75, 0xee75, 0xee75, 
	0xee75, 0xee75, 0xee75, 0xee75, 0xee75, 0xee75, 0xee75, 0xee75, 0xee75, 0xee75, 0xee75, 0xee75, 0xde97, 0xe6b8, 0xc6fe, 0xc6fe, 
	0xc6fe, 0xc6fe, 0xc6fe, 0xc6fe, 0xc6fd, 0xdf7f, 0xe7bf, 0xe7bf, 0xe7bf, 0xe7bf, 0xe7bf, 0xe7bf, 0xe7bf, 0xe7bf, 0xe7bf, 0xe7bf, 
	0xe7bf, 0xe7bf, 0xe7bf, 0xefdf, 0x9ddd, 0x220e, 0x2252, 0x2252, 0x2252, 0x2251, 0x2251, 0x2251, 0x2251, 0x2251, 0x2251, 0x2231, 
	0x3335, 0x3b96, 0x3396, 0x3396, 0x3396, 0x3396, 0x3396, 0x3396, 0x3376, 0x3376, 0x3376, 0x3396, 0x3376, 0x3376, 0x3376, 0x3396, 
	0x3376, 0x3376, 0x3376, 0x3396, 0x3376, 0x3376, 0x3376, 0x3396, 0x3396, 0x3396, 0x3b76, 0x22b3, 0x2232, 0x2232, 0x2a4e, 0xbebf, 
	0xf7ff, 0xefbf, 0xefdf, 0xe79f, 0xe7bf, 0xe7bf, 0xef9f, 0xf7ff, 0xf7ff, 0xf7ff, 0xf7ff, 0xf7ff, 0xf7ff, 0xf7ff, 0xefdf, 0xe79f, 
	0xe7bf, 0xe7bf, 0xeef9, 0xde77, 0xee75, 0xee75, 0xee75, 0xee75, 0xee75, 0xee75, 0xee75, 0xee75, 0xee75, 0xee75, 0xee75, 0xee75, 
	0xee75, 0xee75, 0xee75, 0xee75, 0xee75, 0xee75, 0xee75, 0xee75, 0xee75, 0xee75, 0xee75, 0xee75, 0xee75, 0xee75, 0xee75, 0xee75, 
	0xee75, 0xee75, 0xee75, 0xee75, 0xee75, 0xee75, 0xee75, 0xee75, 0xee75, 0xee75, 0xee75, 0xee75, 0xee75, 0xee75, 0xee75, 0xee75, 
	0xee75, 0xee75, 0xee75, 0xee75, 0xee75, 0xee75, 0xee75, 0xee75, 0xee75, 0xee75, 0xee75, 0xee75, 0xee75, 0xee75, 0xee75, 0xee75, 
	0xee75, 0xee75, 0xee75, 0xee75, 0xee75, 0xee75, 0xee75, 0xee75, 0xee75, 0xee75, 0xee75, 0xee75, 0xee75, 0xee75, 0xee75, 0xee75, 
	0xee75, 0xee75, 0xee75, 0xee75, 0xee75, 0xee75, 0xee75, 0xee75, 0xee75, 0xee75, 0xee75, 0xee75, 0xee75, 0xee75, 0xee75, 0xee75, 
	0xee75, 0xee75, 0xee75, 0xee75, 0xee75, 0xee75, 0xee75, 0xee75, 0xee75, 0xee75, 0xee75, 0xee75, 0xee75, 0xee75, 0xee75, 0xee75, 
	0xee75, 0xee75, 0xee75, 0xee75, 0xee75, 0xee75, 0xee75, 0xee75, 0xee75, 0xee75, 0xee75, 0xee75, 0xee75, 0xee75, 0xee75, 0xee75, 
	0xee75, 0xee75, 0xee75, 0xee75, 0xee75, 0xee75, 0xee75, 0xee75, 0xee75, 0xee75, 0xee75, 0xee75, 0xee75, 0xee75, 0xee75, 0xee75, 
	0xee75, 0xee75, 0xee75, 0xee75, 0xee75, 0xee75, 0xee75, 0xee75, 0xee75, 0xee75, 0xee75, 0xee75, 0xde97, 0xe6b8, 0xc6fe, 0xc6fe, 
	0xc6fe, 0xc6fe, 0xc6fe, 0xc6fe, 0xc6fd, 0xdf7f, 0xe7bf, 0xe7bf, 0xe7bf, 0xe79f, 0xe7bf, 0xe7bf, 0xe7bf, 0xe7bf, 0xe7bf, 0xe7bf, 
	0xe79f, 0xe7bf, 0xe7bf, 0xefdf, 0x9ddd, 0x222e, 0x2252, 0x2252, 0x2a71, 0x2251, 0x2251, 0x2251, 0x2251, 0x2251, 0x2251, 0x2251, 
	0x2af4, 0x3335, 0x3335, 0x3335, 0x3355, 0x3355, 0x3355, 0x3355, 0x3376, 0x3376, 0x3376, 0x3396, 0x3376, 0x3376, 0x3376, 0x3376, 
	0x3376, 0x3376, 0x3376, 0x3396, 0x3396, 0x3396, 0x3376, 0x3396, 0x3396, 0x3396, 0x3b76, 0x22d3, 0x2231, 0x2252, 0x2a4e, 0xbebf, 
	0xefff, 0xefbf, 0xe7bf, 0xe7bf, 0xe7bf, 0xe7bf, 0xef9e, 0xf7ff, 0xf7ff, 0xf7ff, 0xf7df, 0xf7ff, 0xf7ff, 0xf7ff, 0xefdf, 0xe79f, 
	0xe7bf, 0xe7bf, 0xeef9, 0xde77, 0xee75, 0xee75, 0xee75, 0xee75, 0xee75, 0xee75, 0xee75, 0xee75, 0xee75, 0xee75, 0xee75, 0xee75, 
	0xee75, 0xee75, 0xee75, 0xee75, 0xee75, 0xee75, 0xee75, 0xee75, 0xee75, 0xee75, 0xee75, 0xee75, 0xee75, 0xee75, 0xee75, 0xee75, 
	0xee75, 0xee75, 0xee75, 0xee75, 0xee75, 0xee75, 0xee75, 0xee75, 0xee75, 0xee75, 0xee75, 0xee75, 0xee75, 0xee75, 0xee75, 0xee75, 
	0xee75, 0xee75, 0xee75, 0xee75, 0xee75, 0xee75, 0xee75, 0xee75, 0xee75, 0xee75, 0xee75, 0xee75, 0xee75, 0xee75, 0xee75, 0xee75, 
	0xee75, 0xee75, 0xee75, 0xee75, 0xee75, 0xee75, 0xee75, 0xee75, 0xee75, 0xee75, 0xee75, 0xee75, 0xee75, 0xee75, 0xee75, 0xee75, 
	0xee75, 0xee75, 0xee75, 0xee75, 0xee75, 0xee75, 0xee75, 0xee75, 0xee75, 0xee75, 0xee75, 0xee75, 0xee75, 0xee75, 0xee75, 0xee75, 
	0xee75, 0xee75, 0xee75, 0xee75, 0xee75, 0xee75, 0xee75, 0xee75, 0xee75, 0xee75, 0xee75, 0xee75, 0xee75, 0xee75, 0xee75, 0xee75, 
	0xee75, 0xee75, 0xee75, 0xee75, 0xee75, 0xee75, 0xee75, 0xee75, 0xee75, 0xee75, 0xee75, 0xee75, 0xee75, 0xee75, 0xee75, 0xee75, 
	0xee75, 0xee75, 0xee75, 0xee75, 0xee75, 0xee75, 0xee75, 0xee75, 0xee75, 0xee75, 0xee75, 0xee75, 0xee75, 0xee75, 0xee75, 0xee75, 
	0xee75, 0xee75, 0xee75, 0xee75, 0xee75, 0xee75, 0xee75, 0xee75, 0xee75, 0xee75, 0xee75, 0xee75, 0xde97, 0xe6b8, 0xc6fe, 0xc6fe, 
	0xc6fe, 0xc6fe, 0xc6fe, 0xc6fe, 0xc6fd, 0xdf7f, 0xe7bf, 0xe7bf, 0xe7bf, 0xe7bf, 0xe7bf, 0xe7bf, 0xe7bf, 0xe7bf, 0xe7bf, 0xe7bf, 
	0xe7bf, 0xe7bf, 0xe7bf, 0xefdf, 0x9ddd, 0x220e, 0x2252, 0x2252, 0x2251, 0x2251, 0x2251, 0x2251, 0x2251, 0x2251, 0x2251, 0x2251, 
	0x2251, 0x2231, 0x2231, 0x2251, 0x2ab3, 0x2ab3, 0x22b3, 0x2ad3, 0x3376, 0x3376, 0x3376, 0x3396, 0x3396, 0x3376, 0x3376, 0x3396, 
	0x3376, 0x3376, 0x3376, 0x3396, 0x3376, 0x3376, 0x3376, 0x3396, 0x3396, 0x3396, 0x3b76, 0x22d3, 0x2232, 0x2232, 0x2a4e, 0xb69f, 
	0xe7df, 0xe7bf, 0xe7bf, 0xe7bf, 0xe7bf, 0xe7bf, 0xef9e, 0xf7ff, 0xf7ff, 0xf7ff, 0xf7df, 0xf7ff, 0xf7ff, 0xf7ff, 0xefdf, 0xe79f, 
	0xe7bf, 0xe7bf, 0xeef9, 0xde77, 0xee75, 0xee75, 0xee75, 0xee75, 0xee75, 0xee75, 0xee75, 0xee75, 0xee75, 0xee75, 0xee75, 0xee75, 
	0xee75, 0xee75, 0xee75, 0xee75, 0xee75, 0xee75, 0xee75, 0xee75, 0xee75, 0xee75, 0xee75, 0xee75, 0xee75, 0xee75, 0xee75, 0xee75, 
	0xee75, 0xee75, 0xee75, 0xee75, 0xee75, 0xee75, 0xee75, 0xee75, 0xee75, 0xee75, 0xee75, 0xee75, 0xee75, 0xee75, 0xee75, 0xee75, 
	0xee75, 0xee75, 0xee75, 0xee75, 0xee75, 0xee75, 0xee75, 0xee75, 0xee75, 0xee75, 0xee75, 0xee75, 0xee75, 0xee75, 0xee75, 0xee75, 
	0xee75, 0xee75, 0xee75, 0xee75, 0xee75, 0xee75, 0xee75, 0xee75, 0xee75, 0xee75, 0xee75, 0xee75, 0xee75, 0xee75, 0xee75, 0xee75, 
	0xee75, 0xee75, 0xee75, 0xee75, 0xee75, 0xee75, 0xee75, 0xee75, 0xee75, 0xee75, 0xee75, 0xee75, 0xee75, 0xee75, 0xee75, 0xee75, 
	0xee75, 0xee75, 0xee75, 0xee75, 0xee75, 0xee75, 0xee75, 0xee75, 0xee75, 0xee75, 0xee75, 0xee75, 0xee75, 0xee75, 0xee75, 0xee75, 
	0xee75, 0xee75, 0xee75, 0xee75, 0xee75, 0xee75, 0xee75, 0xee75, 0xee75, 0xee75, 0xee75, 0xee75, 0xee75, 0xee75, 0xee75, 0xee75, 
	0xee75, 0xee75, 0xee75, 0xee75, 0xee75, 0xee75, 0xee75, 0xee75, 0xee75, 0xee75, 0xee75, 0xee75, 0xee75, 0xee75, 0xee75, 0xee75, 
	0xee75, 0xee75, 0xee75, 0xee75, 0xee75, 0xee75, 0xee75, 0xee75, 0xee75, 0xee75, 0xee75, 0xee75, 0xde97, 0xe6b8, 0xc6fe, 0xc6fe, 
	0xc6fe, 0xc6fe, 0xc6fe, 0xc6fe, 0xc6fd, 0xdf7f, 0xe7bf, 0xe7bf, 0xe7bf, 0xe7bf, 0xe7bf, 0xe7bf, 0xe7bf, 0xe7bf, 0xe7bf, 0xe7bf, 
	0xe7bf, 0xe7bf, 0xe7bf, 0xefff, 0x9ddd, 0x19ed, 0x1a31, 0x1a31, 0x2251, 0x2251, 0x2251, 0x2251, 0x2251, 0x2251, 0x2251, 0x2251, 
	0x2251, 0x2251, 0x2251, 0x2251, 0x2ab3, 0x2ab3, 0x22d3, 0x2ad4, 0x3376, 0x3396, 0x3376, 0x3396, 0x3396, 0x3396, 0x3396, 0x3396, 
	0x3396, 0x3396, 0x3396, 0x3396, 0x3396, 0x3396, 0x3396, 0x3396, 0x3396, 0x3396, 0x3b76, 0x22b3, 0x1a11, 0x1a11, 0x222e, 0xb69f, 
	0xe7df, 0xe7bf, 0xe7bf, 0xe7bf, 0xe7bf, 0xe7bf, 0xef9f, 0xf7ff, 0xf7ff, 0xf7ff, 0xf7ff, 0xf7ff, 0xf7ff, 0xf7ff, 0xefdf, 0xe79f, 
	0xe7bf, 0xe7bf, 0xeef9, 0xde77, 0xee75, 0xee75, 0xee75, 0xee75, 0xee75, 0xee75, 0xee75, 0xee75, 0xee75, 0xee75, 0xee75, 0xee75, 
	0xee75, 0xee75, 0xee75, 0xee75, 0xee75, 0xee75, 0xee75, 0xee75, 0xee75, 0xee75, 0xee75, 0xee75, 0xee75, 0xee75, 0xee75, 0xee75, 
	0xee75, 0xee75, 0xee75, 0xee75, 0xee75, 0xee75, 0xee75, 0xee75, 0xee75, 0xee75, 0xee75, 0xee75, 0xee75, 0xee75, 0xee75, 0xee75, 
	0xee75, 0xee75, 0xee75, 0xee75, 0xee75, 0xee75, 0xee75, 0xee75, 0xee75, 0xee75, 0xee75, 0xee75, 0xee75, 0xee75, 0xee75, 0xee75, 
	0xee75, 0xee75, 0xee75, 0xee75, 0xee75, 0xee75, 0xee75, 0xee75, 0xee75, 0xee75, 0xee75, 0xee75, 0xee75, 0xee75, 0xee75, 0xee75, 
	0xee75, 0xee75, 0xee75, 0xee75, 0xee75, 0xee75, 0xee75, 0xee75, 0xee75, 0xee75, 0xee75, 0xee75, 0xee75, 0xee75, 0xee75, 0xee75, 
	0xee75, 0xee75, 0xee75, 0xee75, 0xee75, 0xee75, 0xee75, 0xee75, 0xee75, 0xee75, 0xee75, 0xee75, 0xee75, 0xee75, 0xee75, 0xee75, 
	0xee75, 0xee75, 0xee75, 0xee75, 0xee75, 0xee75, 0xee75, 0xee75, 0xee75, 0xee75, 0xee75, 0xee75, 0xee75, 0xee75, 0xee75, 0xee75, 
	0xee75, 0xee75, 0xee75, 0xee75, 0xee75, 0xee75, 0xee75, 0xee75, 0xee75, 0xee75, 0xee75, 0xee75, 0xee75, 0xee75, 0xee75, 0xee75, 
	0xee75, 0xee75, 0xee75, 0xee75, 0xee75, 0xee75, 0xee75, 0xee75, 0xee75, 0xee75, 0xee75, 0xee75, 0xde97, 0xe6b8, 0xc6fe, 0xc6fe, 
	0xc6fe, 0xc6fe, 0xc6fe, 0xc6fe, 0xc6fd, 0xdf7f, 0xe7bf, 0xe7bf, 0xe7bf, 0xe7bf, 0xe7bf, 0xe7bf, 0xe7bf, 0xe7bf, 0xe7bf, 0xe7bf, 
	0xe79f, 0xe7bf, 0xe7bf, 0xe7df, 0xa63d, 0x4311, 0x4334, 0x4334, 0x32d3, 0x2251, 0x2251, 0x2251, 0x2251, 0x2251, 0x2251, 0x2251, 
	0x2251, 0x2251, 0x2251, 0x2251, 0x2ab3, 0x2ab3, 0x22d3, 0x2ad3, 0x3355, 0x3356, 0x3356, 0x3376, 0x3355, 0x3355, 0x3355, 0x3355, 
	0x3355, 0x3355, 0x3355, 0x3355, 0x3355, 0x3355, 0x3355, 0x3355, 0x3355, 0x3355, 0x3335, 0x3b55, 0x4334, 0x4334, 0x4b31, 0xbebf, 
	0xe7df, 0xe7bf, 0xe7bf, 0xe7bf, 0xe7bf, 0xe7bf, 0xef9f, 0xf7ff, 0xf7ff, 0xf7ff, 0xf7ff, 0xf7ff, 0xf7ff, 0xf7ff, 0xefdf, 0xe79f, 
	0xe7bf, 0xe7bf, 0xeef9, 0xde77, 0xee75, 0xee75, 0xee75, 0xee75, 0xee75, 0xee75, 0xee75, 0xee75, 0xee75, 0xee75, 0xee75, 0xee75, 
	0xee75, 0xee75, 0xee75, 0xee75, 0xee75, 0xee75, 0xee75, 0xee75, 0xee75, 0xee75, 0xee75, 0xee75, 0xee75, 0xee75, 0xee75, 0xee75, 
	0xee75, 0xee75, 0xee75, 0xee75, 0xee75, 0xee75, 0xee75, 0xee75, 0xee75, 0xee75, 0xee75, 0xee75, 0xee75, 0xee75, 0xee75, 0xee75, 
	0xee75, 0xee75, 0xee75, 0xee75, 0xee75, 0xee75, 0xee75, 0xee75, 0xee75, 0xee75, 0xee75, 0xee75, 0xee75, 0xee75, 0xee75, 0xee75, 
	0xee75, 0xee75, 0xee75, 0xee75, 0xee75, 0xee75, 0xee75, 0xee75, 0xee75, 0xee75, 0xee75, 0xee75, 0xee75, 0xee75, 0xee75, 0xee75, 
	0xee75, 0xee75, 0xee75, 0xee75, 0xee75, 0xee75, 0xee75, 0xee75, 0xee75, 0xee75, 0xee75, 0xee75, 0xee75, 0xee75, 0xee75, 0xee75, 
	0xee75, 0xee75, 0xee75, 0xee75, 0xee75, 0xee75, 0xee75, 0xee75, 0xee75, 0xee75, 0xee75, 0xee75, 0xee75, 0xee75, 0xee75, 0xee75, 
	0xee75, 0xee75, 0xee75, 0xee75, 0xee75, 0xee75, 0xee75, 0xee75, 0xee75, 0xee75, 0xee75, 0xee75, 0xee75, 0xee75, 0xee75, 0xee75, 
	0xee75, 0xee75, 0xee75, 0xee75, 0xee75, 0xee75, 0xee75, 0xee75, 0xee75, 0xee75, 0xee75, 0xee75, 0xee75, 0xee75, 0xee75, 0xee75, 
	0xee75, 0xee75, 0xee75, 0xee75, 0xee75, 0xee75, 0xee75, 0xee75, 0xee75, 0xee75, 0xee75, 0xee75, 0xde97, 0xe6b8, 0xc6fe, 0xc6fe, 
	0xc6fe, 0xc6fe, 0xc6fe, 0xc6fe, 0xc6fd, 0xdf7f, 0xe7bf, 0xe7bf, 0xe7bf, 0xe7bf, 0xe7bf, 0xe7bf, 0xe7bf, 0xe7bf, 0xe7bf, 0xe7bf, 
	0xe7bf, 0xe7bf, 0xe7bf, 0xe7bf, 0xe79f, 0xdf9f, 0xdf9f, 0xe7df, 0x853b, 0x220e, 0x2252, 0x2252, 0x2252, 0x2251, 0x2251, 0x2251, 
	0x2251, 0x2251, 0x2251, 0x2251, 0x2ab3, 0x2ab3, 0x2ad3, 0x2ad3, 0x2ad3, 0x2ad3, 0x2ab3, 0x2ab3, 0x2252, 0x2251, 0x2251, 0x2251, 
	0x2251, 0x2251, 0x2251, 0x2251, 0x2251, 0x2251, 0x2251, 0x2251, 0x2252, 0x2252, 0x220e, 0x9ddd, 0xe7df, 0xdf9f, 0xdf9f, 0xe79f, 
	0xe7bf, 0xe7bf, 0xe7bf, 0xe7bf, 0xe7bf, 0xe7bf, 0xef9f, 0xf7ff, 0xf7ff, 0xf7ff, 0xf7ff, 0xf7ff, 0xf7ff, 0xf7ff, 0xefdf, 0xe79f, 
	0xe7bf, 0xe7bf, 0xeef9, 0xde77, 0xee75, 0xee75, 0xee75, 0xee75, 0xee75, 0xee75, 0xee75, 0xee75, 0xee75, 0xee75, 0xee75, 0xee75, 
	0xee75, 0xee75, 0xee75, 0xee75, 0xee75, 0xee75, 0xee75, 0xee75, 0xee75, 0xee75, 0xee75, 0xee75, 0xee75, 0xee75, 0xee75, 0xee75, 
	0xee75, 0xee75, 0xee75, 0xee75, 0xee75, 0xee75, 0xee75, 0xee75, 0xee75, 0xee75, 0xee75, 0xee75, 0xee75, 0xee75, 0xee75, 0xee75, 
	0xee75, 0xee75, 0xee75, 0xee75, 0xee75, 0xee75, 0xee75, 0xee75, 0xee75, 0xee75, 0xee75, 0xee75, 0xee75, 0xee75, 0xee75, 0xee75, 
	0xee75, 0xee75, 0xee75, 0xee75, 0xee75, 0xee75, 0xee75, 0xee75, 0xee75, 0xee75, 0xee75, 0xee75, 0xee75, 0xee75, 0xee75, 0xee75, 
	0xee75, 0xee75, 0xee75, 0xee75, 0xee75, 0xee75, 0xee75, 0xee75, 0xee75, 0xee75, 0xee75, 0xee75, 0xee75, 0xee75, 0xee75, 0xee75, 
	0xee75, 0xee75, 0xee75, 0xee75, 0xee75, 0xee75, 0xee75, 0xee75, 0xee75, 0xee75, 0xee75, 0xee75, 0xee75, 0xee75, 0xee75, 0xee75, 
	0xee75, 0xee75, 0xee75, 0xee75, 0xee75, 0xee75, 0xee75, 0xee75, 0xee75, 0xee75, 0xee75, 0xee75, 0xee75, 0xee75, 0xee75, 0xee75, 
	0xee75, 0xee75, 0xee75, 0xee75, 0xee75, 0xee75, 0xee75, 0xee75, 0xee75, 0xee75, 0xee75, 0xee75, 0xee75, 0xee75, 0xee75, 0xee75, 
	0xee75, 0xee75, 0xee75, 0xee75, 0xee75, 0xee75, 0xee75, 0xee75, 0xee75, 0xee75, 0xee75, 0xee75, 0xde97, 0xe6b8, 0xc6fe, 0xc6fe, 
	0xc6fe, 0xc6fe, 0xc6fe, 0xc6fe, 0xc6fd, 0xdf7f, 0xe7bf, 0xe7bf, 0xe7bf, 0xe7bf, 0xe7bf, 0xe7bf, 0xe7bf, 0xe7bf, 0xe7bf, 0xe7bf, 
	0xe7bf, 0xe7bf, 0xe7bf, 0xe7bf, 0xe7bf, 0xe7bf, 0xe7bf, 0xefff, 0x853b, 0x19ee, 0x1a31, 0x1a31, 0x2251, 0x2251, 0x2251, 0x2251, 
	0x2251, 0x2251, 0x2251, 0x2251, 0x2ab3, 0x2ab3, 0x2ad3, 0x2ad3, 0x2ad3, 0x2ad3, 0x2ab3, 0x2ab3, 0x2251, 0x2251, 0x2251, 0x2251, 
	0x2251, 0x2251, 0x2251, 0x2251, 0x2251, 0x2251, 0x2251, 0x2251, 0x1a31, 0x1a31, 0x220e, 0x9ddd, 0xefff, 0xe7bf, 0xe7bf, 0xe7bf, 
	0xe7bf, 0xe7bf, 0xe7bf, 0xe7bf, 0xe7bf, 0xe7bf, 0xef9f, 0xf7ff, 0xf7ff, 0xf7ff, 0xf7ff, 0xf7ff, 0xf7ff, 0xf7ff, 0xefdf, 0xe79f, 
	0xe7bf, 0xe7bf, 0xeef9, 0xde77, 0xee75, 0xee75, 0xee75, 0xee75, 0xee75, 0xee75, 0xee75, 0xee75, 0xee75, 0xee75, 0xee75, 0xee75, 
	0xee75, 0xee75, 0xee75, 0xee75, 0xee75, 0xee75, 0xee75, 0xee75, 0xee75, 0xee75, 0xee75, 0xee75, 0xee75, 0xee75, 0xee75, 0xee75, 
	0xee75, 0xee75, 0xee75, 0xee75, 0xee75, 0xee75, 0xee75, 0xee75, 0xee75, 0xee75, 0xee75, 0xee75, 0xee75, 0xee75, 0xee75, 0xee75, 
	0xee75, 0xee75, 0xee75, 0xee75, 0xee75, 0xee75, 0xee75, 0xee75, 0xee75, 0xee75, 0xee75, 0xee75, 0xee75, 0xee75, 0xee75, 0xee75, 
	0xee75, 0xee75, 0xee75, 0xee75, 0xee75, 0xee75, 0xee75, 0xee75, 0xee75, 0xee75, 0xee75, 0xee75, 0xee75, 0xee75, 0xee75, 0xee75, 
	0xee75, 0xee75, 0xee75, 0xee75, 0xee75, 0xee75, 0xee75, 0xee75, 0xee75, 0xee75, 0xee75, 0xee75, 0xee75, 0xee75, 0xee75, 0xee75, 
	0xee75, 0xee75, 0xee75, 0xee75, 0xee75, 0xee75, 0xee75, 0xee75, 0xee75, 0xee75, 0xee75, 0xee75, 0xee75, 0xee75, 0xee75, 0xee75, 
	0xee75, 0xee75, 0xee75, 0xee75, 0xee75, 0xee75, 0xee75, 0xee75, 0xee75, 0xee75, 0xee75, 0xee75, 0xee75, 0xee75, 0xee75, 0xee75, 
	0xee75, 0xee75, 0xee75, 0xee75, 0xee75, 0xee75, 0xee75, 0xee75, 0xee75, 0xee75, 0xee75, 0xee75, 0xee75, 0xee75, 0xee75, 0xee75, 
	0xee75, 0xee75, 0xee75, 0xee75, 0xee75, 0xee75, 0xee75, 0xee75, 0xee75, 0xee75, 0xee75, 0xee75, 0xde97, 0xe698, 0xc6fe, 0xc6fe, 
	0xc6fe, 0xc6fe, 0xc6fe, 0xc6fe, 0xc6fd, 0xdf7f, 0xe7bf, 0xe7bf, 0xe7bf, 0xe7bf, 0xe7bf, 0xe7bf, 0xe7bf, 0xe7bf, 0xe7bf, 0xe7bf, 
	0xe79f, 0xe7bf, 0xe7bf, 0xe7bf, 0xe7bf, 0xe7bf, 0xe7bf, 0xefff, 0x8d7b, 0x2a6f, 0x32b3, 0x32b3, 0x2a72, 0x2251, 0x2251, 0x2251, 
	0x2251, 0x2251, 0x2251, 0x2251, 0x2ab3, 0x2ab3, 0x2ad3, 0x2ad3, 0x2ad3, 0x2ad3, 0x2ab3, 0x2ab3, 0x2251, 0x2251, 0x2251, 0x2251, 
	0x2251, 0x2251, 0x2251, 0x2251, 0x2251, 0x2251, 0x2251, 0x2a92, 0x32b2, 0x32b2, 0x326f, 0xa5fd, 0xefdf, 0xe7bf, 0xe7bf, 0xe79f, 
	0xe7bf, 0xe7bf, 0xe7bf, 0xe7bf, 0xe7bf, 0xe7bf, 0xef9f, 0xf7ff, 0xf7df, 0xf7df, 0xf7df, 0xf7ff, 0xf7ff, 0xf7ff, 0xefdf, 0xe79f, 
	0xe7bf, 0xe7bf, 0xeef9, 0xde77, 0xee75, 0xee75, 0xee75, 0xee75, 0xee75, 0xee75, 0xee75, 0xee75, 0xee75, 0xee75, 0xee75, 0xee75, 
	0xee75, 0xee75, 0xee75, 0xee75, 0xee75, 0xee75, 0xee75, 0xee75, 0xee75, 0xee75, 0xee75, 0xee75, 0xee75, 0xee75, 0xee75, 0xee75, 
	0xee75, 0xee75, 0xee75, 0xee75, 0xee75, 0xee75, 0xee75, 0xee75, 0xee75, 0xee75, 0xee75, 0xee75, 0xee75, 0xee75, 0xee75, 0xee75, 
	0xee75, 0xee75, 0xee75, 0xee75, 0xee75, 0xee75, 0xee75, 0xee75, 0xee75, 0xee75, 0xee75, 0xee75, 0xee75, 0xee75, 0xee75, 0xee75, 
	0xee75, 0xee75, 0xee75, 0xee75, 0xee75, 0xee75, 0xee75, 0xee75, 0xee75, 0xee75, 0xee75, 0xee75, 0xee75, 0xee75, 0xee75, 0xee75, 
	0xee75, 0xee75, 0xee75, 0xee75, 0xee75, 0xee75, 0xee75, 0xee75, 0xee75, 0xee75, 0xee75, 0xee75, 0xee75, 0xee75, 0xee75, 0xee75, 
	0xee75, 0xee75, 0xee75, 0xee75, 0xee75, 0xee75, 0xee75, 0xee75, 0xee75, 0xee75, 0xee75, 0xee75, 0xee75, 0xee75, 0xee75, 0xee75, 
	0xee75, 0xee75, 0xee75, 0xee75, 0xee75, 0xee75, 0xee75, 0xee75, 0xee75, 0xee75, 0xee75, 0xee75, 0xee75, 0xee75, 0xee75, 0xee75, 
	0xee75, 0xee75, 0xee75, 0xee75, 0xee75, 0xee75, 0xee75, 0xee75, 0xee75, 0xee75, 0xee75, 0xee75, 0xee75, 0xee75, 0xee75, 0xee75, 
	0xee75, 0xee75, 0xee75, 0xee75, 0xee75, 0xee75, 0xee75, 0xee75, 0xee75, 0xee75, 0xee75, 0xee75, 0xde97, 0xe698, 0xc6fe, 0xc6fe, 
	0xc6fd, 0xc6fe, 0xcefe, 0xcefe, 0xcefd, 0xdf9f, 0xe7bf, 0xe7bf, 0xe7bf, 0xe7bf, 0xe7bf, 0xe7bf, 0xe7bf, 0xe7bf, 0xe7bf, 0xe7bf, 
	0xe7bf, 0xe7bf, 0xe7bf, 0xe7bf, 0xe7bf, 0xe7bf, 0xe7bf, 0xe7bf, 0xdf7f, 0xd73e, 0xd73e, 0xdf7f, 0x6458, 0x220f, 0x2252, 0x2252, 
	0x2252, 0x2251, 0x2251, 0x2251, 0x2252, 0x2251, 0x2252, 0x2252, 0x2252, 0x2252, 0x2251, 0x2252, 0x2251, 0x2251, 0x2251, 0x2251, 
	0x2251, 0x2251, 0x2251, 0x2251, 0x2252, 0x2252, 0x220e, 0x7cfa, 0xe77e, 0xdf3d, 0xd73d, 0xdf7e, 0xe7bf, 0xe7bf, 0xe7bf, 0xe79f, 
	0xe7bf, 0xe7bf, 0xe7bf, 0xe7bf, 0xe7bf, 0xe7bf, 0xe79f, 0xe7bf, 0xefbf, 0xefbf, 0xefbf, 0xf7ff, 0xf7ff, 0xf7ff, 0xefdf, 0xe79f, 
	0xe7bf, 0xe7bf, 0xeef9, 0xde77, 0xee75, 0xee75, 0xee75, 0xee75, 0xee75, 0xee75, 0xee75, 0xee75, 0xee75, 0xee75, 0xee75, 0xee75, 
	0xee75, 0xee75, 0xee75, 0xee75, 0xee75, 0xee75, 0xee75, 0xee75, 0xee75, 0xee75, 0xee75, 0xee75, 0xee75, 0xee75, 0xee75, 0xee75, 
	0xee75, 0xee75, 0xee75, 0xee75, 0xee75, 0xee75, 0xee75, 0xee75, 0xee75, 0xee75, 0xee75, 0xee75, 0xee75, 0xee75, 0xee75, 0xee75, 
	0xee75, 0xee75, 0xee75, 0xee75, 0xee75, 0xee75, 0xee75, 0xee75, 0xee75, 0xee75, 0xee75, 0xee75, 0xee75, 0xee75, 0xee75, 0xee75, 
	0xee75, 0xee75, 0xee75, 0xee75, 0xee75, 0xee75, 0xee75, 0xee75, 0xee75, 0xee75, 0xee75, 0xee75, 0xee75, 0xee75, 0xee75, 0xee75, 
	0xee75, 0xee75, 0xee75, 0xee75, 0xee75, 0xee75, 0xee75, 0xee75, 0xee75, 0xee75, 0xee75, 0xee75, 0xee75, 0xee75, 0xee75, 0xee75, 
	0xee75, 0xee75, 0xee75, 0xee75, 0xee75, 0xee75, 0xee75, 0xee75, 0xee75, 0xee75, 0xee75, 0xee75, 0xee75, 0xee75, 0xee75, 0xee75, 
	0xee75, 0xee75, 0xee75, 0xee75, 0xee75, 0xee75, 0xee75, 0xee75, 0xee75, 0xee75, 0xee75, 0xee75, 0xee75, 0xee75, 0xee75, 0xee75, 
	0xee75, 0xee75, 0xee75, 0xee75, 0xee75, 0xee75, 0xee75, 0xee75, 0xee75, 0xee75, 0xee75, 0xee75, 0xee75, 0xee75, 0xee75, 0xee75, 
	0xee75, 0xee75, 0xee75, 0xee75, 0xee75, 0xee75, 0xee75, 0xee75, 0xee75, 0xee95, 0xee75, 0xee75, 0xde98, 0xe6b8, 0xc6fe, 0xc6fe, 
	0xc6fe, 0xc6fe, 0xcefe, 0xcefe, 0xcf1d, 0xdf9f, 0xe7bf, 0xe7bf, 0xe7bf, 0xe7bf, 0xe7bf, 0xe7bf, 0xe7bf, 0xe7bf, 0xe7bf, 0xe7bf, 
	0xe7bf, 0xe7bf, 0xe7bf, 0xe7bf, 0xe7bf, 0xe7bf, 0xe7bf, 0xe7bf, 0xe7bf, 0xe7bf, 0xe7bf, 0xefff, 0x6c78, 0x1a0f, 0x2231, 0x2231, 
	0x2251, 0x2231, 0x2231, 0x2251, 0x2251, 0x2251, 0x2251, 0x2251, 0x2251, 0x2251, 0x2231, 0x2251, 0x2251, 0x2251, 0x2251, 0x2251, 
	0x2231, 0x2231, 0x2231, 0x2251, 0x2252, 0x2252, 0x21ee, 0x853b, 0xf7ff, 0xefbf, 0xefbf, 0xef9f, 0xe7bf, 0xe7bf, 0xe7bf, 0xe7bf, 
	0xe7bf, 0xe7bf, 0xe7bf, 0xe7bf, 0xe7bf, 0xe7bf, 0xe7bf, 0xe7bf, 0xe7bf, 0xe7bf, 0xefbf, 0xf7ff, 0xf7ff, 0xffff, 0xefdf, 0xe79f, 
	0xe7bf, 0xe7bf, 0xeef9, 0xde77, 0xee75, 0xee75, 0xee75, 0xee75, 0xee75, 0xee75, 0xee75, 0xee75, 0xee75, 0xee75, 0xee75, 0xee75, 
	0xee75, 0xee75, 0xee75, 0xee75, 0xee75, 0xee75, 0xee75, 0xee75, 0xee75, 0xee75, 0xee75, 0xee75, 0xee75, 0xee75, 0xee75, 0xee75, 
	0xee75, 0xee75, 0xee75, 0xee75, 0xee75, 0xee75, 0xee75, 0xee75, 0xee75, 0xee75, 0xee75, 0xee75, 0xee75, 0xee75, 0xee75, 0xee75, 
	0xee75, 0xee75, 0xee75, 0xee75, 0xee75, 0xee75, 0xee75, 0xee75, 0xee75, 0xee75, 0xee75, 0xee75, 0xee75, 0xee75, 0xee75, 0xee75, 
	0xee75, 0xee75, 0xee75, 0xee75, 0xee75, 0xee75, 0xee75, 0xee75, 0xee75, 0xee75, 0xee75, 0xee75, 0xee75, 0xee75, 0xee75, 0xee75, 
	0xee75, 0xee75, 0xee75, 0xee75, 0xee75, 0xee75, 0xee75, 0xee75, 0xee75, 0xee75, 0xee75, 0xee75, 0xee75, 0xee75, 0xee75, 0xee75, 
	0xee75, 0xee75, 0xee75, 0xee75, 0xee75, 0xee75, 0xee75, 0xee75, 0xee75, 0xee75, 0xee75, 0xee75, 0xee75, 0xee75, 0xee75, 0xee75, 
	0xee75, 0xee75, 0xee75, 0xee75, 0xee75, 0xee75, 0xee75, 0xee75, 0xee75, 0xee75, 0xee75, 0xee75, 0xee75, 0xee75, 0xee75, 0xee75, 
	0xee75, 0xee75, 0xee75, 0xee75, 0xee75, 0xee75, 0xee75, 0xee75, 0xee75, 0xee75, 0xee75, 0xee75, 0xee75, 0xee75, 0xee75, 0xee75, 
	0xee75, 0xee75, 0xee75, 0xee75, 0xee75, 0xee75, 0xee76, 0xee76, 0xee76, 0xee76, 0xee75, 0xee75, 0xde98, 0xe6b8, 0xc6fe, 0xc6fe, 
	0xc6fe, 0xc6fe, 0xcefe, 0xcefe, 0xcf1d, 0xdf9f, 0xe7bf, 0xe7bf, 0xe7bf, 0xe7bf, 0xe7bf, 0xe7bf, 0xe7bf, 0xe7bf, 0xe7bf, 0xe7bf, 
	0xe79f, 0xe7bf, 0xe7bf, 0xe7bf, 0xe7bf, 0xe7bf, 0xe7bf, 0xe7bf, 0xe79f, 0xe7bf, 0xe7bf, 0xefff, 0x6c78, 0x220f, 0x2252, 0x2252, 
	0x2252, 0x2251, 0x2251, 0x2251, 0x2251, 0x2251, 0x2251, 0x2251, 0x2251, 0x2251, 0x2251, 0x2251, 0x2251, 0x2251, 0x2251, 0x2252, 
	0x2251, 0x2251, 0x2251, 0x2251, 0x2252, 0x2252, 0x220e, 0x853a, 0xf7df, 0xef9e, 0xefbf, 0xe79f, 0xe7bf, 0xe7bf, 0xe7bf, 0xe79f, 
	0xe7bf, 0xe7bf, 0xe7bf, 0xe7bf, 0xe7bf, 0xe7bf, 0xe7bf, 0xe7bf, 0xe7bf, 0xe7bf, 0xefbf, 0xf7ff, 0xf7ff, 0xf7ff, 0xefdf, 0xe79f, 
	0xe7bf, 0xe7bf, 0xeef9, 0xde77, 0xee75, 0xee75, 0xee75, 0xee75, 0xee75, 0xee75, 0xee75, 0xee75, 0xee75, 0xee75, 0xee75, 0xee75, 
	0xee75, 0xee75, 0xee75, 0xee75, 0xee75, 0xee75, 0xee75, 0xee75, 0xee75, 0xee75, 0xee75, 0xee75, 0xee75, 0xee75, 0xee75, 0xee75, 
	0xee75, 0xee75, 0xee75, 0xee75, 0xee75, 0xee75, 0xee75, 0xee75, 0xee75, 0xee75, 0xee75, 0xee75, 0xee75, 0xee75, 0xee75, 0xee75, 
	0xee75, 0xee75, 0xee75, 0xee75, 0xee75, 0xee75, 0xee75, 0xee75, 0xee75, 0xee75, 0xee75, 0xee75, 0xee75, 0xee75, 0xee75, 0xee75, 
	0xee75, 0xee75, 0xee75, 0xee75, 0xee75, 0xee75, 0xee75, 0xee75, 0xee75, 0xee75, 0xee75, 0xee75, 0xee75, 0xee75, 0xee75, 0xee75, 
	0xee75, 0xee75, 0xee75, 0xee75, 0xee75, 0xee75, 0xee75, 0xee75, 0xee75, 0xee75, 0xee75, 0xee75, 0xee75, 0xee75, 0xee75, 0xee75, 
	0xee75, 0xee75, 0xee75, 0xee75, 0xee75, 0xee75, 0xee75, 0xee75, 0xee75, 0xee75, 0xee75, 0xee75, 0xee75, 0xee75, 0xee75, 0xee75, 
	0xee75, 0xee75, 0xee75, 0xee75, 0xee75, 0xee75, 0xee75, 0xee75, 0xee75, 0xee75, 0xee75, 0xee75, 0xee75, 0xee75, 0xee75, 0xee75, 
	0xee75, 0xee75, 0xee75, 0xee75, 0xee75, 0xee75, 0xee75, 0xee75, 0xee75, 0xee75, 0xee75, 0xee75, 0xee75, 0xee75, 0xee75, 0xee75, 
	0xee75, 0xee75, 0xee75, 0xee95, 0xee76, 0xee76, 0xee76, 0xee76, 0xee76, 0xee76, 0xee75, 0xee95, 0xde98, 0xe6b8, 0xc6fe, 0xc6fe, 
	0xc6fd, 0xcf1e, 0xcf1e, 0xcf1e, 0xcf1d, 0xdf7f, 0xe7bf, 0xe7bf, 0xe79f, 0xe79f, 0xe7bf, 0xe7bf, 0xe7bf, 0xe7bf, 0xe7bf, 0xe7bf, 
	0xe79f, 0xe7bf, 0xe7bf, 0xe7bf, 0xe79f, 0xe7bf, 0xe7bf, 0xe7bf, 0xe79f, 0xe7bf, 0xe7bf, 0xe7bf, 0xcf1e, 0xbe9c, 0xbebd, 0xbebd, 
	0xbebc, 0xbebc, 0xbebd, 0xbe9d, 0x3b13, 0x2230, 0x2251, 0x2251, 0x2251, 0x2251, 0x2251, 0x2a71, 0x2252, 0x2251, 0x2230, 0x4b95, 
	0xc6dd, 0xbebd, 0xbebc, 0xbebc, 0xbebd, 0xbebd, 0xbe9c, 0xd73e, 0xe7bf, 0xe7bf, 0xe7bf, 0xe7bf, 0xe7bf, 0xe7bf, 0xe7bf, 0xe79f, 
	0xe7bf, 0xe7bf, 0xe7bf, 0xe7bf, 0xe7bf, 0xe7bf, 0xe79f, 0xe7bf, 0xe7bf, 0xe7bf, 0xefbf, 0xf7ff, 0xf7ff, 0xf7ff, 0xefdf, 0xe79f, 
	0xe7bf, 0xe7bf, 0xeef9, 0xde77, 0xee75, 0xee75, 0xee75, 0xee75, 0xee75, 0xee75, 0xee75, 0xee75, 0xee75, 0xee75, 0xee75, 0xee75, 
	0xee75, 0xee75, 0xee75, 0xee75, 0xee75, 0xee75, 0xee75, 0xee75, 0xee75, 0xee75, 0xee75, 0xee75, 0xee75, 0xee75, 0xee75, 0xee75, 
	0xee75, 0xee75, 0xee75, 0xee75, 0xee75, 0xee75, 0xee75, 0xee75, 0xee75, 0xee75, 0xee75, 0xee75, 0xee75, 0xee75, 0xee75, 0xee75, 
	0xee75, 0xee75, 0xee75, 0xee75, 0xee75, 0xee75, 0xee75, 0xee75, 0xee75, 0xee75, 0xee75, 0xee75, 0xee75, 0xee75, 0xee75, 0xee75, 
	0xee75, 0xee75, 0xee75, 0xee75, 0xee75, 0xee75, 0xee75, 0xee75, 0xee75, 0xee75, 0xee75, 0xee75, 0xee75, 0xee75, 0xee75, 0xee75, 
	0xee75, 0xee75, 0xee75, 0xee75, 0xee75, 0xee75, 0xee75, 0xee75, 0xee75, 0xee75, 0xee75, 0xee75, 0xee75, 0xee75, 0xee75, 0xee75, 
	0xee75, 0xee75, 0xee75, 0xee75, 0xee75, 0xee75, 0xee75, 0xee75, 0xee75, 0xee75, 0xee75, 0xee75, 0xee75, 0xee75, 0xee75, 0xee75, 
	0xee75, 0xee75, 0xee75, 0xee75, 0xee75, 0xee75, 0xee75, 0xee75, 0xee75, 0xee75, 0xee75, 0xee75, 0xee75, 0xee75, 0xee75, 0xee75, 
	0xee75, 0xee75, 0xee75, 0xee75, 0xee75, 0xee75, 0xee75, 0xee75, 0xee75, 0xee75, 0xee75, 0xee75, 0xee75, 0xee75, 0xee75, 0xee75, 
	0xee75, 0xee95, 0xee76, 0xee76, 0xee76, 0xee76, 0xee76, 0xee76, 0xee96, 0xee96, 0xee95, 0xee95, 0xde98, 0xe6b8, 0xc6fe, 0xc6fe, 
	0xc6fd, 0xcf1e, 0xcf1e, 0xcf1e, 0xcf3e, 0xdf9f, 0xe7bf, 0xe7bf, 0xe7bf, 0xe7bf, 0xe7bf, 0xe7bf, 0xe7bf, 0xe7bf, 0xe7bf, 0xe7bf, 
	0xe7bf, 0xe7bf, 0xe7bf, 0xe7bf, 0xe7bf, 0xe7bf, 0xe7bf, 0xe7bf, 0xe7bf, 0xe7bf, 0xe7bf, 0xe7bf, 0xe7bf, 0xe7df, 0xe7df, 0xe7df, 
	0xe7df, 0xe7df, 0xe7df, 0xe7bf, 0x4334, 0x2230, 0x2252, 0x2252, 0x2251, 0x2251, 0x2231, 0x2251, 0x2252, 0x2252, 0x1a0f, 0x53d6, 
	0xefff, 0xe7df, 0xe7df, 0xe7df, 0xe7df, 0xe7df, 0xe7df, 0xe7bf, 0xe7bf, 0xe7bf, 0xe7bf, 0xe7bf, 0xe7bf, 0xe7bf, 0xe7bf, 0xe7bf, 
	0xe7bf, 0xe7bf, 0xe7bf, 0xe7bf, 0xe7bf, 0xe7bf, 0xe7bf, 0xe7bf, 0xe7bf, 0xe7bf, 0xefbf, 0xf7ff, 0xf7ff, 0xffff, 0xefdf, 0xe79f, 
	0xe7bf, 0xe7bf, 0xef19, 0xde97, 0xee75, 0xee75, 0xee75, 0xee75, 0xee75, 0xee75, 0xee75, 0xee75, 0xee75, 0xee75, 0xee75, 0xee75, 
	0xee75, 0xee75, 0xee75, 0xee75, 0xee75, 0xee75, 0xee75, 0xee75, 0xee75, 0xee75, 0xee75, 0xee75, 0xee75, 0xee75, 0xee75, 0xee75, 
	0xee75, 0xee75, 0xee75, 0xee75, 0xee75, 0xee75, 0xee75, 0xee75, 0xee75, 0xee75, 0xee75, 0xee75, 0xee75, 0xee75, 0xee75, 0xee75, 
	0xee75, 0xee75, 0xee75, 0xee75, 0xee75, 0xee75, 0xee75, 0xee75, 0xee75, 0xee75, 0xee75, 0xee75, 0xee75, 0xee75, 0xee75, 0xee75, 
	0xee75, 0xee75, 0xee75, 0xee75, 0xee75, 0xee75, 0xee75, 0xee75, 0xee75, 0xee75, 0xee75, 0xee75, 0xee75, 0xee75, 0xee75, 0xee75, 
	0xee75, 0xee75, 0xee75, 0xee75, 0xee75, 0xee75, 0xee75, 0xee75, 0xee75, 0xee75, 0xee75, 0xee75, 0xee75, 0xee75, 0xee75, 0xee75, 
	0xee75, 0xee75, 0xee75, 0xee75, 0xee75, 0xee75, 0xee75, 0xee75, 0xee75, 0xee75, 0xee75, 0xee75, 0xee75, 0xee75, 0xee75, 0xee75, 
	0xee75, 0xee75, 0xee75, 0xee75, 0xee75, 0xee75, 0xee75, 0xee75, 0xee75, 0xee75, 0xee75, 0xee75, 0xee75, 0xee75, 0xee75, 0xee75, 
	0xee75, 0xee75, 0xee75, 0xee75, 0xee75, 0xee75, 0xee75, 0xee75, 0xee75, 0xee75, 0xee75, 0xee75, 0xee75, 0xee75, 0xee76, 0xee76, 
	0xee76, 0xee76, 0xee76, 0xee76, 0xee76, 0xee96, 0xee96, 0xee96, 0xee96, 0xee96, 0xee96, 0xee96, 0xe698, 0xe6b8, 0xc6fe, 0xc6fe, 
	0xc6fd, 0xcf1e, 0xcf1e, 0xcf1e, 0xcf3e, 0xdf9f, 0xe7bf, 0xe7bf, 0xe7bf, 0xe7bf, 0xe7bf, 0xe7bf, 0xe7bf, 0xe7bf, 0xe7bf, 0xe7bf, 
	0xe7bf, 0xe7bf, 0xe7bf, 0xe7bf, 0xe7bf, 0xe7bf, 0xe7bf, 0xe7bf, 0xe7bf, 0xe7bf, 0xe7bf, 0xe7bf, 0xe7bf, 0xe7bf, 0xe7bf, 0xe7bf, 
	0xe7bf, 0xe7bf, 0xe7bf, 0xdf9f, 0x3b14, 0x19ef, 0x1a11, 0x1a11, 0x1a11, 0x1a11, 0x1a11, 0x1a31, 0x1a31, 0x1a11, 0x19ef, 0x53b6, 
	0xe7df, 0xe7bf, 0xe7bf, 0xe7bf, 0xe7bf, 0xe7bf, 0xe7bf, 0xe7bf, 0xe7bf, 0xe7bf, 0xe7bf, 0xe7bf, 0xe7bf, 0xe7bf, 0xe7bf, 0xe7bf, 
	0xe7bf, 0xe7bf, 0xe7bf, 0xe7bf, 0xe7bf, 0xe7bf, 0xe7bf, 0xe7bf, 0xe7bf, 0xe7bf, 0xefbf, 0xf7ff, 0xf7ff, 0xf7ff, 0xefdf, 0xe79f, 
	0xe7bf, 0xe7bf, 0xef19, 0xde97, 0xee75, 0xee75, 0xee75, 0xee75, 0xee75, 0xee75, 0xee75, 0xee75, 0xee75, 0xee75, 0xee75, 0xee75, 
	0xee75, 0xee75, 0xee75, 0xee75, 0xee75, 0xee75, 0xee75, 0xee75, 0xee75, 0xee75, 0xee75, 0xee75, 0xee75, 0xee75, 0xee75, 0xee75, 
	0xee75, 0xee75, 0xee75, 0xee75, 0xee75, 0xee75, 0xee75, 0xee75, 0xee75, 0xee75, 0xee75, 0xee75, 0xee75, 0xee75, 0xee75, 0xee75, 
	0xee75, 0xee75, 0xee75, 0xee75, 0xee75, 0xee75, 0xee75, 0xee75, 0xee75, 0xee75, 0xee75, 0xee75, 0xee75, 0xee75, 0xee75, 0xee75, 
	0xee75, 0xee75, 0xee75, 0xee75, 0xee75, 0xee75, 0xee75, 0xee75, 0xee75, 0xee75, 0xee75, 0xee75, 0xee75, 0xee75, 0xee75, 0xee75, 
	0xee75, 0xee75, 0xee75, 0xee75, 0xee75, 0xee75, 0xee75, 0xee75, 0xee75, 0xee75, 0xee75, 0xee75, 0xee75, 0xee75, 0xee75, 0xee75, 
	0xee75, 0xee75, 0xee75, 0xee75, 0xee75, 0xee75, 0xee75, 0xee75, 0xee75, 0xee75, 0xee75, 0xee75, 0xee75, 0xee75, 0xee75, 0xee75, 
	0xee75, 0xee75, 0xee75, 0xee75, 0xee75, 0xee75, 0xee75, 0xee75, 0xee75, 0xee75, 0xee75, 0xee75, 0xee75, 0xee75, 0xee75, 0xee75, 
	0xee75, 0xee75, 0xee75, 0xee75, 0xee75, 0xee75, 0xee75, 0xee75, 0xee75, 0xee75, 0xee75, 0xee75, 0xee76, 0xee76, 0xee76, 0xee76, 
	0xee76, 0xee76, 0xee96, 0xee96, 0xee96, 0xee96, 0xee96, 0xee96, 0xee96, 0xee96, 0xee96, 0xee96, 0xdeb8, 0xe6b8, 0xc6fe, 0xc6fe, 
	0xc6fd, 0xcf1e, 0xcf1e, 0xcf1e, 0xcf1e, 0xdf9f, 0xe7bf, 0xe7bf, 0xe79f, 0xe79f, 0xe7bf, 0xe7bf, 0xe7bf, 0xe7bf, 0xe7bf, 0xe7bf, 
	0xe79f, 0xe79f, 0xe7bf, 0xe7bf, 0xe79f, 0xe7bf, 0xe7bf, 0xe7bf, 0xe79f, 0xe7bf, 0xe7bf, 0xe7bf, 0xe7bf, 0xe7bf, 0xe7bf, 0xe7bf, 
	0xe7bf, 0xe7bf, 0xe7bf, 0xe79f, 0xb63c, 0xa5fa, 0xa5fb, 0xa5fb, 0xa5fb, 0xa5fb, 0xa5fb, 0xa5fb, 0xa5fb, 0xa5fb, 0xa5fa, 0xb67c, 
	0xe7bf, 0xe7bf, 0xe7bf, 0xe79f, 0xe7bf, 0xe7bf, 0xe7bf, 0xe79f, 0xe7bf, 0xe7bf, 0xe7bf, 0xe79f, 0xe7bf, 0xe7bf, 0xe79f, 0xe79f, 
	0xe7bf, 0xe7bf, 0xe7bf, 0xe7bf, 0xe7bf, 0xe7bf, 0xe79f, 0xe79f, 0xe7bf, 0xe79f, 0xefbf, 0xf7ff, 0xf7ff, 0xf7ff, 0xefdf, 0xe79f, 
	0xe7bf, 0xe7bf, 0xef19, 0xde97, 0xee75, 0xee75, 0xee76, 0xee76, 0xee75, 0xee75, 0xee75, 0xee75, 0xee75, 0xee75, 0xee75, 0xee75, 
	0xee75, 0xee75, 0xee75, 0xee75, 0xee75, 0xee75, 0xee75, 0xee75, 0xee75, 0xee75, 0xee75, 0xee75, 0xee75, 0xee75, 0xee75, 0xee75, 
	0xee75, 0xee75, 0xee75, 0xee75, 0xee75, 0xee75, 0xee75, 0xee75, 0xee75, 0xee75, 0xee75, 0xee75, 0xee75, 0xee75, 0xee75, 0xee75, 
	0xee75, 0xee75, 0xee75, 0xee75, 0xee75, 0xee75, 0xee75, 0xee75, 0xee75, 0xee75, 0xee75, 0xee75, 0xee75, 0xee75, 0xee75, 0xee75, 
	0xee75, 0xee75, 0xee75, 0xee75, 0xee75, 0xee75, 0xee75, 0xee75, 0xee75, 0xee75, 0xee75, 0xee75, 0xee75, 0xee75, 0xee75, 0xee75, 
	0xee75, 0xee75, 0xee75, 0xee75, 0xee75, 0xee75, 0xee75, 0xee75, 0xee75, 0xee75, 0xee75, 0xee75, 0xee75, 0xee75, 0xee75, 0xee75, 
	0xee75, 0xee75, 0xee75, 0xee75, 0xee75, 0xee75, 0xee75, 0xee75, 0xee75, 0xee75, 0xee75, 0xee75, 0xee75, 0xee75, 0xee75, 0xee75, 
	0xee75, 0xee75, 0xee75, 0xee75, 0xee75, 0xee75, 0xee75, 0xee75, 0xee75, 0xee75, 0xee75, 0xee75, 0xee75, 0xee75, 0xee75, 0xee75, 
	0xee75, 0xee75, 0xee75, 0xee75, 0xee75, 0xee75, 0xee75, 0xee75, 0xee75, 0xee75, 0xee76, 0xee76, 0xee76, 0xee76, 0xee76, 0xee96, 
	0xee96, 0xee96, 0xee96, 0xee96, 0xee96, 0xee96, 0xee96, 0xee96, 0xee96, 0xee96, 0xee96, 0xee96, 0xdeb8, 0xe6b8, 0xc6fe, 0xc6fe, 
	0xc6fd, 0xcf1e, 0xcf1e, 0xcf1e, 0xcf1e, 0xdf9f, 0xe7bf, 0xe7bf, 0xe7bf, 0xe7bf, 0xe7bf, 0xe7bf, 0xe7bf, 0xe7bf, 0xe7bf, 0xe7bf, 
	0xe7bf, 0xe7bf, 0xe7bf, 0xe7bf, 0xe7bf, 0xe7bf, 0xe7bf, 0xe7bf, 0xe7bf, 0xe7bf, 0xe7bf, 0xe7bf, 0xe7bf, 0xe7bf, 0xe7bf, 0xe7bf, 
	0xe7bf, 0xe7bf, 0xe7bf, 0xe7bf, 0xefdf, 0xefdf, 0xefdf, 0xefdf, 0xefdf, 0xefdf, 0xefdf, 0xefdf, 0xefdf, 0xefdf, 0xefdf, 0xe7df, 
	0xe7bf, 0xe7bf, 0xe7bf, 0xe7bf, 0xe7bf, 0xe7bf, 0xe7bf, 0xe7bf, 0xe7bf, 0xe7bf, 0xe7bf, 0xe7bf, 0xe7bf, 0xe7bf, 0xe7bf, 0xe7bf, 
	0xe7bf, 0xe7bf, 0xe7bf, 0xe7bf, 0xe7bf, 0xe7bf, 0xe7bf, 0xe7bf, 0xe7bf, 0xe7bf, 0xefbf, 0xf7ff, 0xf7ff, 0xf7ff, 0xefdf, 0xef9f, 
	0xe7bf, 0xe7bf, 0xf719, 0xe697, 0xee75, 0xee75, 0xee76, 0xee76, 0xee76, 0xee76, 0xee75, 0xee75, 0xee75, 0xee75, 0xee75, 0xee75, 
	0xee75, 0xee75, 0xee75, 0xee75, 0xee75, 0xee75, 0xee75, 0xee75, 0xee75, 0xee75, 0xee75, 0xee75, 0xee75, 0xee75, 0xee75, 0xee75, 
	0xee75, 0xee75, 0xee75, 0xee75, 0xee75, 0xee75, 0xee75, 0xee75, 0xee75, 0xee75, 0xee75, 0xee75, 0xee75, 0xee75, 0xee75, 0xee75, 
	0xee75, 0xee75, 0xee75, 0xee75, 0xee75, 0xee75, 0xee75, 0xee75, 0xee75, 0xee75, 0xee75, 0xee75, 0xee75, 0xee75, 0xee75, 0xee75, 
	0xee75, 0xee75, 0xee75, 0xee75, 0xee75, 0xee75, 0xee75, 0xee75, 0xee75, 0xee75, 0xee75, 0xee75, 0xee75, 0xee75, 0xee75, 0xee75, 
	0xee75, 0xee75, 0xee75, 0xee75, 0xee75, 0xee75, 0xee75, 0xee75, 0xee75, 0xee75, 0xee75, 0xee75, 0xee75, 0xee75, 0xee75, 0xee75, 
	0xee75, 0xee75, 0xee75, 0xee75, 0xee75, 0xee75, 0xee75, 0xee75, 0xee75, 0xee75, 0xee75, 0xee75, 0xee75, 0xee75, 0xee75, 0xee75, 
	0xee75, 0xee75, 0xee75, 0xee75, 0xee75, 0xee75, 0xee75, 0xee75, 0xee75, 0xee75, 0xee75, 0xee75, 0xee75, 0xee75, 0xee75, 0xee75, 
	0xee75, 0xee75, 0xee75, 0xee75, 0xee75, 0xee75, 0xee75, 0xee75, 0xee76, 0xee76, 0xee76, 0xee76, 0xee76, 0xee96, 0xee96, 0xee96, 
	0xee96, 0xee96, 0xee96, 0xee96, 0xee96, 0xee96, 0xee96, 0xee96, 0xee96, 0xee96, 0xee96, 0xee96, 0xe6b8, 0xe6b8, 0xc6fe, 0xc6fe, 
	0xc6fd, 0xcf1e, 0xcf1e, 0xcf1e, 0xcf1e, 0xdf9f, 0xe7bf, 0xe7bf, 0xe7bf, 0xe7bf, 0xe7bf, 0xe7bf, 0xe7bf, 0xe7bf, 0xe7bf, 0xe7bf, 
	0xe7bf, 0xe7bf, 0xe7bf, 0xe7bf, 0xe7bf, 0xe7bf, 0xe7bf, 0xe7bf, 0xe7bf, 0xe7bf, 0xe7bf, 0xe7bf, 0xe7bf, 0xe7bf, 0xe7bf, 0xe7bf, 
	0xe7bf, 0xe7bf, 0xe7bf, 0xe7bf, 0xe7bf, 0xe7bf, 0xe7bf, 0xe7bf, 0xe7bf, 0xe7bf, 0xe7bf, 0xe7bf, 0xe7bf, 0xe7bf, 0xe7bf, 0xe7bf, 
	0xe7bf, 0xe7bf, 0xe7bf, 0xe7bf, 0xe7bf, 0xe7bf, 0xe7bf, 0xe7bf, 0xe7bf, 0xe7bf, 0xe7bf, 0xe7bf, 0xe7bf, 0xe7bf, 0xe7bf, 0xe7bf, 
	0xe7bf, 0xe7bf, 0xe7bf, 0xe7bf, 0xe7bf, 0xe7bf, 0xe7bf, 0xe7bf, 0xe7bf, 0xe7bf, 0xefbf, 0xf7ff, 0xf7ff, 0xf7ff, 0xefdf, 0xe79f, 
	0xe7bf, 0xe7bf, 0xf719, 0xe697, 0xee95, 0xee95, 0xee96, 0xee76, 0xee76, 0xee76, 0xee76, 0xee76, 0xee75, 0xee75, 0xee75, 0xee75, 
	0xee75, 0xee75, 0xee75, 0xee75, 0xee75, 0xee75, 0xee75, 0xee75, 0xee75, 0xee75, 0xee75, 0xee75, 0xee75, 0xee75, 0xee75, 0xee75, 
	0xee75, 0xee75, 0xee75, 0xee75, 0xee75, 0xee75, 0xee75, 0xee75, 0xee75, 0xee75, 0xee75, 0xee75, 0xee75, 0xee75, 0xee75, 0xee75, 
	0xee75, 0xee75, 0xee75, 0xee75, 0xee75, 0xee75, 0xee75, 0xee75, 0xee75, 0xee75, 0xee75, 0xee75, 0xee75, 0xee75, 0xee75, 0xee75, 
	0xee75, 0xee75, 0xee75, 0xee75, 0xee75, 0xee75, 0xee75, 0xee75, 0xee75, 0xee75, 0xee75, 0xee75, 0xee75, 0xee75, 0xee75, 0xee75, 
	0xee75, 0xee75, 0xee75, 0xee75, 0xee75, 0xee75, 0xee75, 0xee75, 0xee75, 0xee75, 0xee75, 0xee75, 0xee75, 0xee75, 0xee75, 0xee75, 
	0xee75, 0xee75, 0xee75, 0xee75, 0xee75, 0xee75, 0xee75, 0xee75, 0xee75, 0xee75, 0xee75, 0xee75, 0xee75, 0xee75, 0xee75, 0xee75, 
	0xee75, 0xee75, 0xee75, 0xee75, 0xee75, 0xee75, 0xee75, 0xee75, 0xee75, 0xee75, 0xee75, 0xee75, 0xee75, 0xee75, 0xee75, 0xee75, 
	0xee75, 0xee75, 0xee75, 0xee75, 0xee75, 0xee75, 0xee76, 0xee76, 0xee76, 0xee76, 0xee76, 0xee96, 0xee96, 0xee96, 0xee96, 0xee96, 
	0xee96, 0xee96, 0xee96, 0xee96, 0xee96, 0xee96, 0xee96, 0xee96, 0xee96, 0xee96, 0xee96, 0xee96, 0xe6b8, 0xe6b8, 0xc6fe, 0xc6fe, 
	0xc6fd, 0xcf1e, 0xcf1e, 0xcf1e, 0xcf1d, 0xdf7f, 0xe7bf, 0xe7bf, 0xe7bf, 0xe7bf, 0xe7bf, 0xe7bf, 0xe7bf, 0xe7bf, 0xe7bf, 0xe7bf, 
	0xe79f, 0xe7bf, 0xe7bf, 0xe7bf, 0xe7bf, 0xe7bf, 0xe7bf, 0xe7bf, 0xe7bf, 0xe7bf, 0xe7bf, 0xe7bf, 0xe7bf, 0xe7bf, 0xe7bf, 0xe7bf, 
	0xe7bf, 0xe7bf, 0xe7bf, 0xe7bf, 0xe7bf, 0xe7bf, 0xe7bf, 0xe7bf, 0xe7bf, 0xe7bf, 0xe7bf, 0xe79f, 0xe7bf, 0xe7bf, 0xe7bf, 0xe7bf, 
	0xe7bf, 0xe7bf, 0xe7bf, 0xe7bf, 0xe7bf, 0xe7bf, 0xe7bf, 0xe7bf, 0xe7bf, 0xe7bf, 0xe7bf, 0xe7bf, 0xe7bf, 0xe7bf, 0xe7bf, 0xe79f, 
	0xe7bf, 0xe7bf, 0xe7bf, 0xe7bf, 0xe7bf, 0xe7bf, 0xe79f, 0xe7bf, 0xe7bf, 0xe79f, 0xefbf, 0xf7ff, 0xf7ff, 0xf7ff, 0xefdf, 0xefbf, 
	0xe7bf, 0xe7df, 0xf719, 0xe697, 0xee96, 0xee95, 0xee96, 0xee96, 0xee96, 0xee76, 0xee76, 0xee76, 0xee76, 0xee76, 0xee75, 0xee75, 
	0xee75, 0xee75, 0xee75, 0xee75, 0xee75, 0xee75, 0xee75, 0xee75, 0xee75, 0xee75, 0xee75, 0xee75, 0xee75, 0xee75, 0xee75, 0xee75, 
	0xee75, 0xee75, 0xee75, 0xee75, 0xee75, 0xee75, 0xee75, 0xee75, 0xee75, 0xee75, 0xee75, 0xee75, 0xee75, 0xee75, 0xee75, 0xee75, 
	0xee75, 0xee75, 0xee75, 0xee75, 0xee75, 0xee75, 0xee75, 0xee75, 0xee75, 0xee75, 0xee75, 0xee75, 0xee75, 0xee75, 0xee75, 0xee75, 
	0xee75, 0xee75, 0xee75, 0xee75, 0xee75, 0xee75, 0xee75, 0xee75, 0xee75, 0xee75, 0xee75, 0xee75, 0xee75, 0xee75, 0xee75, 0xee75, 
	0xee75, 0xee75, 0xee75, 0xee75, 0xee75, 0xee75, 0xee75, 0xee75, 0xee75, 0xee75, 0xee75, 0xee75, 0xee75, 0xee75, 0xee75, 0xee75, 
	0xee75, 0xee75, 0xee75, 0xee75, 0xee75, 0xee75, 0xee75, 0xee75, 0xee75, 0xee75, 0xee75, 0xee75, 0xee75, 0xee75, 0xee75, 0xee75, 
	0xee75, 0xee75, 0xee75, 0xee75, 0xee75, 0xee75, 0xee75, 0xee75, 0xee75, 0xee75, 0xee75, 0xee75, 0xee75, 0xee75, 0xee75, 0xee75, 
	0xee75, 0xee75, 0xee75, 0xee75, 0xee76, 0xee76, 0xee76, 0xee76, 0xee76, 0xee96, 0xee96, 0xee96, 0xee96, 0xee96, 0xee96, 0xee96, 
	0xee96, 0xee96, 0xee96, 0xee96, 0xee96, 0xee96, 0xee96, 0xee96, 0xee96, 0xee96, 0xee96, 0xee96, 0xe6b8, 0xe6b8, 0xc6fe, 0xc6fe, 
	0xc6fd, 0xc71e, 0xcf1e, 0xcf1e, 0xcf1d, 0xdf9f, 0xe7bf, 0xe7bf, 0xe7bf, 0xe7bf, 0xe7bf, 0xe7bf, 0xe7bf, 0xe7bf, 0xe7bf, 0xe7bf, 
	0xe7bf, 0xe7bf, 0xe7bf, 0xe7bf, 0xe7bf, 0xe7bf, 0xe7bf, 0xe7bf, 0xe7bf, 0xe7bf, 0xe7bf, 0xe7bf, 0xe7bf, 0xe7bf, 0xe7bf, 0xe7bf, 
	0xe7bf, 0xe7bf, 0xe7bf, 0xe7bf, 0xe7bf, 0xe7bf, 0xe7bf, 0xe7bf, 0xe7bf, 0xe7bf, 0xe7bf, 0xe7bf, 0xe7bf, 0xe7bf, 0xe7bf, 0xe7bf, 
	0xe7bf, 0xe7bf, 0xe7bf, 0xe7bf, 0xe7bf, 0xe7bf, 0xe7bf, 0xe7bf, 0xe7bf, 0xe7bf, 0xe7bf, 0xe7bf, 0xe7bf, 0xe7bf, 0xe7bf, 0xe7bf, 
	0xe7bf, 0xe7bf, 0xe7bf, 0xe7bf, 0xe7bf, 0xe7bf, 0xe7bf, 0xe7bf, 0xe7bf, 0xe7bf, 0xefbf, 0xf7ff, 0xf7ff, 0xf7ff, 0xefdf, 0xefbf, 
	0xe7df, 0xefdf, 0xf739, 0xe697, 0xee96, 0xee96, 0xee96, 0xee96, 0xee96, 0xee96, 0xee96, 0xee76, 0xee76, 0xee76, 0xee76, 0xee76, 
	0xee75, 0xee75, 0xee75, 0xee75, 0xee75, 0xee75, 0xee75, 0xee75, 0xee75, 0xee75, 0xee75, 0xee75, 0xee75, 0xee75, 0xee75, 0xee75, 
	0xee75, 0xee75, 0xee75, 0xee75, 0xee75, 0xee75, 0xee75, 0xee75, 0xee75, 0xee75, 0xee75, 0xee75, 0xee75, 0xee75, 0xee75, 0xee75, 
	0xee75, 0xee75, 0xee75, 0xee75, 0xee75, 0xee75, 0xee75, 0xee75, 0xee75, 0xee75, 0xee75, 0xee75, 0xee75, 0xee75, 0xee75, 0xee75, 
	0xee75, 0xee75, 0xee75, 0xee75, 0xee75, 0xee75, 0xee75, 0xee75, 0xee75, 0xee75, 0xee75, 0xee75, 0xee75, 0xee75, 0xee75, 0xee75, 
	0xee75, 0xee75, 0xee75, 0xee75, 0xee75, 0xee75, 0xee75, 0xee75, 0xee75, 0xee75, 0xee75, 0xee75, 0xee75, 0xee75, 0xee75, 0xee75, 
	0xee75, 0xee75, 0xee75, 0xee75, 0xee75, 0xee75, 0xee75, 0xee75, 0xee75, 0xee75, 0xee75, 0xee75, 0xee75, 0xee75, 0xee75, 0xee75, 
	0xee75, 0xee75, 0xee75, 0xee75, 0xee75, 0xee75, 0xee75, 0xee75, 0xee75, 0xee75, 0xee75, 0xee75, 0xee75, 0xee75, 0xee75, 0xee75, 
	0xee75, 0xee75, 0xee76, 0xee76, 0xee76, 0xee76, 0xee76, 0xee96, 0xee96, 0xee96, 0xee96, 0xee96, 0xee96, 0xee96, 0xee96, 0xee96, 
	0xee96, 0xee96, 0xee96, 0xee96, 0xee96, 0xee96, 0xee96, 0xee96, 0xee96, 0xee96, 0xee96, 0xee96, 0xe6b9, 0xe6b9, 0xc6fe, 0xc6fe, 
	0xc6fd, 0xc71e, 0xcf1e, 0xcf1e, 0xcf1d, 0xdf9f, 0xe7bf, 0xe7bf, 0xe7bf, 0xe7bf, 0xe7bf, 0xe7bf, 0xe7bf, 0xe7bf, 0xe7bf, 0xe7bf, 
	0xe7bf, 0xe7bf, 0xe7bf, 0xe7bf, 0xe7bf, 0xe7bf, 0xe7bf, 0xe7bf, 0xe7bf, 0xe7bf, 0xe7bf, 0xe7bf, 0xe7bf, 0xe7bf, 0xe7bf, 0xe7bf, 
	0xe7bf, 0xe7bf, 0xe7bf, 0xe7bf, 0xe7bf, 0xe7bf, 0xe7bf, 0xe7bf, 0xe7bf, 0xe7bf, 0xe7bf, 0xe7bf, 0xe7bf, 0xe7bf, 0xe7bf, 0xe7bf, 
	0xe7bf, 0xe7bf, 0xe7bf, 0xe7bf, 0xe7bf, 0xe7bf, 0xe7bf, 0xe7bf, 0xe7bf, 0xe7bf, 0xe7bf, 0xe7bf, 0xe7bf, 0xe7bf, 0xe7bf, 0xe7bf, 
	0xe7bf, 0xe7bf, 0xe7bf, 0xe7bf, 0xe7bf, 0xe7bf, 0xe7bf, 0xe7bf, 0xe7bf, 0xe7bf, 0xefbf, 0xf7ff, 0xf7ff, 0xf7ff, 0xefdf, 0xefbf, 
	0xe7df, 0xefdf, 0xf73a, 0xe697, 0xee96, 0xee96, 0xee96, 0xee96, 0xee96, 0xee96, 0xee96, 0xee96, 0xee96, 0xee76, 0xee76, 0xee76, 
	0xee76, 0xee76, 0xee75, 0xee75, 0xee75, 0xee75, 0xee75, 0xee75, 0xee75, 0xee75, 0xee75, 0xee75, 0xee75, 0xee75, 0xee75, 0xee75, 
	0xee75, 0xee75, 0xee75, 0xee75, 0xee75, 0xee75, 0xee75, 0xee75, 0xee75, 0xee75, 0xee75, 0xee75, 0xee75, 0xee75, 0xee75, 0xee75, 
	0xee75, 0xee75, 0xee75, 0xee75, 0xee75, 0xee75, 0xee75, 0xee75, 0xee75, 0xee75, 0xee75, 0xee75, 0xee75, 0xee75, 0xee75, 0xee75, 
	0xee75, 0xee75, 0xee75, 0xee75, 0xee75, 0xee75, 0xee75, 0xee75, 0xee75, 0xee75, 0xee75, 0xee75, 0xee75, 0xee75, 0xee75, 0xee75, 
	0xee75, 0xee75, 0xee75, 0xee75, 0xee75, 0xee75, 0xee75, 0xee75, 0xee75, 0xee75, 0xee75, 0xee75, 0xee75, 0xee75, 0xee75, 0xee75, 
	0xee75, 0xee75, 0xee75, 0xee75, 0xee75, 0xee75, 0xee75, 0xee75, 0xee75, 0xee75, 0xee75, 0xee75, 0xee75, 0xee75, 0xee75, 0xee75, 
	0xee75, 0xee75, 0xee75, 0xee75, 0xee75, 0xee75, 0xee75, 0xee75, 0xee75, 0xee75, 0xee75, 0xee75, 0xee75, 0xee75, 0xee75, 0xee75, 
	0xee76, 0xee76, 0xee76, 0xee76, 0xee76, 0xee96, 0xee96, 0xee96, 0xee96, 0xee96, 0xee96, 0xee96, 0xee96, 0xee96, 0xee96, 0xee96, 
	0xee96, 0xee96, 0xee96, 0xee96, 0xee96, 0xee96, 0xee96, 0xee96, 0xee96, 0xeeb7, 0xeeb6, 0xeeb6, 0xe6d9, 0xe6d9, 0xc6fe, 0xc6fe, 
	0xc6fd, 0xc6fe, 0xcefe, 0xcefe, 0xcf1d, 0xdf9f, 0xe7bf, 0xe7bf, 0xe7bf, 0xe7bf, 0xe7bf, 0xe7bf, 0xe7bf, 0xe7bf, 0xe7bf, 0xe7bf, 
	0xe7bf, 0xe7bf, 0xe7bf, 0xe7bf, 0xe7bf, 0xe7bf, 0xe7bf, 0xe7bf, 0xe7bf, 0xe7bf, 0xe7bf, 0xe7bf, 0xe7bf, 0xe7bf, 0xe7bf, 0xe7bf, 
	0xe7bf, 0xe7bf, 0xe7bf, 0xe7bf, 0xe7bf, 0xe7bf, 0xe7bf, 0xe7bf, 0xe7bf, 0xe7bf, 0xe7bf, 0xe7bf, 0xe7bf, 0xe7bf, 0xe7bf, 0xe7bf, 
	0xe7bf, 0xe7bf, 0xe7bf, 0xe7bf, 0xe7bf, 0xe7bf, 0xe7bf, 0xe7bf, 0xe7bf, 0xe7bf, 0xe7bf, 0xe7bf, 0xe7bf, 0xe7bf, 0xe7bf, 0xe7bf, 
	0xe7bf, 0xe7bf, 0xe7bf, 0xe7bf, 0xe7bf, 0xe7bf, 0xe7bf, 0xe7bf, 0xe7bf, 0xe7bf, 0xefbf, 0xf7ff, 0xf7ff, 0xf7ff, 0xefdf, 0xefbf, 
	0xe7bf, 0xe7df, 0xf73a, 0xe697, 0xee96, 0xee96, 0xee96, 0xee96, 0xee96, 0xee96, 0xee96, 0xee96, 0xee96, 0xee96, 0xee96, 0xee76, 
	0xee76, 0xee76, 0xee76, 0xee76, 0xee75, 0xee75, 0xee75, 0xee75, 0xee75, 0xee75, 0xee75, 0xee75, 0xee75, 0xee75, 0xee75, 0xee75, 
	0xee75, 0xee75, 0xee75, 0xee75, 0xee75, 0xee75, 0xee75, 0xee75, 0xee75, 0xee75, 0xee75, 0xee75, 0xee75, 0xee75, 0xee75, 0xee75, 
	0xee75, 0xee75, 0xee75, 0xee75, 0xee75, 0xee75, 0xee75, 0xee75, 0xee75, 0xee75, 0xee75, 0xee75, 0xee75, 0xee75, 0xee75, 0xee75, 
	0xee75, 0xee75, 0xee75, 0xee75, 0xee75, 0xee75, 0xee75, 0xee75, 0xee75, 0xee75, 0xee75, 0xee75, 0xee75, 0xee75, 0xee75, 0xee75, 
	0xee75, 0xee75, 0xee75, 0xee75, 0xee75, 0xee75, 0xee75, 0xee75, 0xee75, 0xee75, 0xee75, 0xee75, 0xee75, 0xee75, 0xee75, 0xee75, 
	0xee75, 0xee75, 0xee75, 0xee75, 0xee75, 0xee75, 0xee75, 0xee75, 0xee75, 0xee75, 0xee75, 0xee75, 0xee75, 0xee75, 0xee75, 0xee75, 
	0xee75, 0xee75, 0xee75, 0xee75, 0xee75, 0xee75, 0xee75, 0xee75, 0xee75, 0xee75, 0xee75, 0xee75, 0xee75, 0xee75, 0xee76, 0xee76, 
	0xee76, 0xee76, 0xee76, 0xee96, 0xee96, 0xee96, 0xee96, 0xee96, 0xee96, 0xee96, 0xee96, 0xee96, 0xee96, 0xee96, 0xee96, 0xee96, 
	0xee96, 0xee96, 0xee96, 0xee96, 0xee96, 0xee96, 0xeeb7, 0xeeb7, 0xeeb7, 0xeeb7, 0xeeb6, 0xeeb7, 0xe6d9, 0xe6b9, 0xc6fe, 0xc6fe, 
	0xc6fe, 0xc6fe, 0xc6fe, 0xc6fe, 0xc6fd, 0xdf9f, 0xe7bf, 0xe7bf, 0xe7bf, 0xe7bf, 0xe7bf, 0xe7bf, 0xe7bf, 0xe7bf, 0xe7bf, 0xe7bf, 
	0xe7bf, 0xe7bf, 0xe7bf, 0xe7bf, 0xe7bf, 0xe7bf, 0xe7bf, 0xe7bf, 0xe7bf, 0xe7bf, 0xe7bf, 0xe7bf, 0xe7bf, 0xe7bf, 0xe7bf, 0xe7bf, 
	0xe7bf, 0xe7bf, 0xe7bf, 0xe7bf, 0xe7bf, 0xe7bf, 0xe7bf, 0xe7bf, 0xe7bf, 0xe7bf, 0xe7bf, 0xe7bf, 0xe7bf, 0xe7bf, 0xe7bf, 0xe7bf, 
	0xe7bf, 0xe7bf, 0xe7bf, 0xe7bf, 0xe7bf, 0xe7bf, 0xe7bf, 0xe7bf, 0xe7bf, 0xe7bf, 0xe7bf, 0xe7bf, 0xe7bf, 0xe7bf, 0xe7bf, 0xe7bf, 
	0xe7bf, 0xe7bf, 0xe7bf, 0xe7bf, 0xe7bf, 0xe7bf, 0xe7bf, 0xe7bf, 0xe7bf, 0xe7bf, 0xefbf, 0xf7ff, 0xf7ff, 0xf7ff, 0xefdf, 0xefbf, 
	0xe7bf, 0xe7df, 0xf719, 0xe6b8, 0xee96, 0xee96, 0xee96, 0xee96, 0xee96, 0xee96, 0xee96, 0xee96, 0xee96, 0xee96, 0xee96, 0xee96, 
	0xee96, 0xee76, 0xee76, 0xee76, 0xee76, 0xee75, 0xee75, 0xee75, 0xee75, 0xee75, 0xee75, 0xee75, 0xee75, 0xee75, 0xee75, 0xee75, 
	0xee75, 0xee75, 0xee75, 0xee75, 0xee75, 0xee75, 0xee75, 0xee75, 0xee75, 0xee75, 0xee75, 0xee75, 0xee75, 0xee75, 0xee75, 0xee75, 
	0xee75, 0xee75, 0xee75, 0xee75, 0xee75, 0xee75, 0xee75, 0xee75, 0xee75, 0xee75, 0xee75, 0xee75, 0xee75, 0xee75, 0xee75, 0xee75, 
	0xee75, 0xee75, 0xee75, 0xee75, 0xee75, 0xee75, 0xee75, 0xee75, 0xee75, 0xee75, 0xee75, 0xee75, 0xee75, 0xee75, 0xee75, 0xee75, 
	0xee75, 0xee75, 0xee75, 0xee75, 0xee75, 0xee75, 0xee75, 0xee75, 0xee75, 0xee75, 0xee75, 0xee75, 0xee75, 0xee75, 0xee75, 0xee75, 
	0xee75, 0xee75, 0xee75, 0xee75, 0xee75, 0xee75, 0xee75, 0xee75, 0xee75, 0xee75, 0xee75, 0xee75, 0xee75, 0xee75, 0xee75, 0xee75, 
	0xee75, 0xee75, 0xee75, 0xee75, 0xee75, 0xee75, 0xee75, 0xee75, 0xee75, 0xee75, 0xee75, 0xee75, 0xee75, 0xee76, 0xee76, 0xee76, 
	0xee76, 0xee96, 0xee96, 0xee96, 0xee96, 0xee96, 0xee96, 0xee96, 0xee96, 0xee96, 0xee96, 0xee96, 0xee96, 0xee96, 0xee96, 0xee96, 
	0xee96, 0xee96, 0xee96, 0xee96, 0xeeb7, 0xeeb7, 0xeeb7, 0xeeb7, 0xeeb7, 0xeeb7, 0xeeb7, 0xeeb7, 0xe6d9, 0xe6d9, 0xc6fe, 0xc6fe, 
	0xc6fe, 0xc6fe, 0xc6fe, 0xc6fe, 0xc6fd, 0xdf9f, 0xe7bf, 0xe7bf, 0xe7bf, 0xe7bf, 0xe7bf, 0xe7bf, 0xe7bf, 0xe7bf, 0xe7bf, 0xe7bf, 
	0xe7bf, 0xe7bf, 0xe7bf, 0xe7bf, 0xe7bf, 0xe7bf, 0xe7bf, 0xe7bf, 0xe7bf, 0xe7bf, 0xe7bf, 0xe7bf, 0xe7bf, 0xe7bf, 0xe7bf, 0xe7bf, 
	0xe7bf, 0xe7bf, 0xe7bf, 0xe7bf, 0xe7bf, 0xe7bf, 0xe7bf, 0xe7bf, 0xe7bf, 0xe7bf, 0xe7bf, 0xe7bf, 0xe7bf, 0xe7bf, 0xe7bf, 0xe7bf, 
	0xe7bf, 0xe7bf, 0xe7bf, 0xe7bf, 0xe7bf, 0xe7bf, 0xe7bf, 0xe7bf, 0xe7bf, 0xe7bf, 0xe7bf, 0xe7bf, 0xe7bf, 0xe7bf, 0xe7bf, 0xe7bf, 
	0xe7bf, 0xe7bf, 0xe7bf, 0xe7bf, 0xe7bf, 0xe7bf, 0xe7bf, 0xe7bf, 0xe7bf, 0xe7bf, 0xefbf, 0xf7ff, 0xf7ff, 0xf7ff, 0xefdf, 0xefbf, 
	0xe7bf, 0xe7df, 0xf73a, 0xe6b8, 0xee96, 0xee96, 0xee96, 0xee96, 0xee96, 0xee96, 0xee96, 0xee96, 0xee96, 0xee96, 0xee96, 0xee96, 
	0xee96, 0xee96, 0xee96, 0xee76, 0xee76, 0xee76, 0xee76, 0xee75, 0xee75, 0xee75, 0xee75, 0xee75, 0xee75, 0xee75, 0xee75, 0xee75, 
	0xee75, 0xee75, 0xee75, 0xee75, 0xee75, 0xee75, 0xee75, 0xee75, 0xee75, 0xee75, 0xee75, 0xee75, 0xee75, 0xee75, 0xee75, 0xee75, 
	0xee75, 0xee75, 0xee75, 0xee75, 0xee75, 0xee75, 0xee75, 0xee75, 0xee75, 0xee75, 0xee75, 0xee75, 0xee75, 0xee75, 0xee75, 0xee75, 
	0xee75, 0xee75, 0xee75, 0xee75, 0xee75, 0xee75, 0xee75, 0xee75, 0xee75, 0xee75, 0xee75, 0xee75, 0xee75, 0xee75, 0xee75, 0xee75, 
	0xee75, 0xee75, 0xee75, 0xee75, 0xee75, 0xee75, 0xee75, 0xee75, 0xee75, 0xee75, 0xee75, 0xee75, 0xee75, 0xee75, 0xee75, 0xee75, 
	0xee75, 0xee75, 0xee75, 0xee75, 0xee75, 0xee75, 0xee75, 0xee75, 0xee75, 0xee75, 0xee75, 0xee75, 0xee75, 0xee75, 0xee75, 0xee75, 
	0xee75, 0xee75, 0xee75, 0xee75, 0xee75, 0xee75, 0xee75, 0xee75, 0xee75, 0xee75, 0xee75, 0xee76, 0xee76, 0xee76, 0xee76, 0xee96, 
	0xee96, 0xee96, 0xee96, 0xee96, 0xee96, 0xee96, 0xee96, 0xee96, 0xee96, 0xee96, 0xee96, 0xee96, 0xee96, 0xee96, 0xee96, 0xee96, 
	0xeeb6, 0xeeb7, 0xeeb7, 0xeeb7, 0xeeb7, 0xeeb7, 0xeeb7, 0xeeb7, 0xeeb7, 0xeeb7, 0xeeb7, 0xeeb7, 0xe6d9, 0xe6d9, 0xc6fe, 0xc6fe, 
	0xc6fe, 0xc6fe, 0xc6fe, 0xc6fe, 0xc6fd, 0xdf7f, 0xe7bf, 0xe7bf, 0xe7bf, 0xe7bf, 0xe7bf, 0xe7bf, 0xe7bf, 0xe7bf, 0xe7bf, 0xe7bf, 
	0xe7bf, 0xe7bf, 0xe7bf, 0xe7bf, 0xe7bf, 0xe7bf, 0xe7bf, 0xe7bf, 0xe7bf, 0xe7bf, 0xe7bf, 0xe7bf, 0xe7bf, 0xe7bf, 0xe7bf, 0xe7bf, 
	0xe7bf, 0xe7bf, 0xe7bf, 0xe7bf, 0xe7bf, 0xe7bf, 0xe7bf, 0xe7bf, 0xe7bf, 0xe7bf, 0xe7bf, 0xe7bf, 0xe7bf, 0xe7bf, 0xe7bf, 0xe7bf, 
	0xe7bf, 0xe7bf, 0xe7bf, 0xe7bf, 0xe7bf, 0xe7bf, 0xe7bf, 0xe7bf, 0xe7bf, 0xe7bf, 0xe7bf, 0xe7bf, 0xe7bf, 0xe7bf, 0xe7bf, 0xe7bf, 
	0xe7bf, 0xe7bf, 0xe7bf, 0xe7bf, 0xe7bf, 0xe7bf, 0xe7bf, 0xe7bf, 0xe7bf, 0xe79f, 0xefbf, 0xf7ff, 0xf7ff, 0xf7ff, 0xefdf, 0xe7bf, 
	0xe7bf, 0xe7df, 0xf73a, 0xe6b8, 0xee96, 0xee96, 0xee96, 0xee96, 0xee96, 0xee96, 0xee96, 0xee96, 0xee96, 0xee96, 0xee96, 0xee96, 
	0xee96, 0xee96, 0xee96, 0xee96, 0xee76, 0xee76, 0xee76, 0xee76, 0xee95, 0xee75, 0xee75, 0xee75, 0xee75, 0xee75, 0xee75, 0xee75, 
	0xee75, 0xee75, 0xee75, 0xee75, 0xee75, 0xee75, 0xee75, 0xee75, 0xee75, 0xee75, 0xee75, 0xee75, 0xee75, 0xee75, 0xee75, 0xee75, 
	0xee75, 0xee75, 0xee75, 0xee75, 0xee75, 0xee75, 0xee75, 0xee75, 0xee75, 0xee75, 0xee75, 0xee75, 0xee75, 0xee75, 0xee75, 0xee75, 
	0xee75, 0xee75, 0xee75, 0xee75, 0xee75, 0xee75, 0xee75, 0xee75, 0xee75, 0xee75, 0xee75, 0xee75, 0xee75, 0xee75, 0xee75, 0xee75, 
	0xee75, 0xee75, 0xee75, 0xee75, 0xee75, 0xee75, 0xee75, 0xee75, 0xee75, 0xee75, 0xee75, 0xee75, 0xee75, 0xee75, 0xee75, 0xee75, 
	0xee75, 0xee75, 0xee75, 0xee75, 0xee75, 0xee75, 0xee75, 0xee75, 0xee75, 0xee75, 0xee75, 0xee75, 0xee75, 0xee75, 0xee75, 0xee75, 
	0xee75, 0xee75, 0xee75, 0xee75, 0xee75, 0xee75, 0xee75, 0xee75, 0xee75, 0xee95, 0xee76, 0xee76, 0xee76, 0xee76, 0xee96, 0xee96, 
	0xee96, 0xee96, 0xee96, 0xee96, 0xee96, 0xee96, 0xee96, 0xee96, 0xee96, 0xee96, 0xee96, 0xee96, 0xee96, 0xee96, 0xee96, 0xeeb7, 
	0xeeb7, 0xeeb7, 0xeeb7, 0xeeb7, 0xeeb7, 0xeeb7, 0xeeb7, 0xeeb7, 0xeeb7, 0xeeb7, 0xeeb7, 0xeeb7, 0xe6d9, 0xe6d9, 0xc6fe, 0xc6fe, 
	0xc6fe, 0xc6fe, 0xc6fe, 0xc6fe, 0xc6fd, 0xdf9f, 0xe7bf, 0xe7bf, 0xe7bf, 0xe7bf, 0xe7bf, 0xe7bf, 0xe7bf, 0xe7bf, 0xe7bf, 0xe7bf, 
	0xe7bf, 0xe7bf, 0xe7bf, 0xe7bf, 0xe7bf, 0xe7bf, 0xe7bf, 0xe7bf, 0xe7bf, 0xe7bf, 0xe7bf, 0xe7bf, 0xe7bf, 0xe7bf, 0xe7bf, 0xe7bf, 
	0xe7bf, 0xe7bf, 0xe7bf, 0xe7bf, 0xe7bf, 0xe7bf, 0xe7bf, 0xe7bf, 0xe7bf, 0xe7bf, 0xe7bf, 0xe7bf, 0xe7bf, 0xe7bf, 0xe7bf, 0xe7bf, 
	0xe7bf, 0xe7bf, 0xe7bf, 0xe7bf, 0xe7bf, 0xe7bf, 0xe7bf, 0xe7bf, 0xe7bf, 0xe7bf, 0xe7bf, 0xe7bf, 0xe7bf, 0xe7bf, 0xe7bf, 0xe7bf, 
	0xe7bf, 0xe7bf, 0xe7bf, 0xe7bf, 0xe7bf, 0xe7bf, 0xe7bf, 0xe7bf, 0xe7bf, 0xe7bf, 0xefbf, 0xf7ff, 0xf7ff, 0xf7ff, 0xefdf, 0xe79f, 
	0xe7bf, 0xe7bf, 0xef1a, 0xe6b8, 0xeeb6, 0xee96, 0xee96, 0xee96, 0xee96, 0xee96, 0xee96, 0xee96, 0xee96, 0xee96, 0xee96, 0xee96, 
	0xee96, 0xee96, 0xee96, 0xee96, 0xee96, 0xee96, 0xee76, 0xee76, 0xee76, 0xee76, 0xee75, 0xee75, 0xee75, 0xee75, 0xee75, 0xee75, 
	0xee75, 0xee75, 0xee75, 0xee75, 0xee75, 0xee75, 0xee75, 0xee75, 0xee75, 0xee75, 0xee75, 0xee75, 0xee75, 0xee75, 0xee75, 0xee75, 
	0xee75, 0xee75, 0xee75, 0xee75, 0xee75, 0xee75, 0xee75, 0xee75, 0xee75, 0xee75, 0xee75, 0xee75, 0xee75, 0xee75, 0xee75, 0xee75, 
	0xee75, 0xee75, 0xee75, 0xee75, 0xee75, 0xee75, 0xee75, 0xee75, 0xee75, 0xee75, 0xee75, 0xee75, 0xee75, 0xee75, 0xee75, 0xee75, 
	0xee75, 0xee75, 0xee75, 0xee75, 0xee75, 0xee75, 0xee75, 0xee75, 0xee75, 0xee75, 0xee75, 0xee75, 0xee75, 0xee75, 0xee75, 0xee75, 
	0xee75, 0xee75, 0xee75, 0xee75, 0xee75, 0xee75, 0xee75, 0xee75, 0xee75, 0xee75, 0xee75, 0xee75, 0xee75, 0xee75, 0xee75, 0xee75, 
	0xee75, 0xee75, 0xee75, 0xee75, 0xee75, 0xee75, 0xee75, 0xee75, 0xee76, 0xee76, 0xee76, 0xee76, 0xee96, 0xee96, 0xee96, 0xee96, 
	0xee96, 0xee96, 0xee96, 0xee96, 0xee96, 0xee96, 0xee96, 0xee96, 0xee96, 0xee96, 0xee96, 0xee96, 0xee96, 0xeeb7, 0xeeb7, 0xeeb7, 
	0xeeb7, 0xeeb7, 0xeeb7, 0xeeb7, 0xeeb7, 0xeeb7, 0xeeb7, 0xeeb7, 0xeeb7, 0xeeb7, 0xeeb7, 0xeed7, 0xe6d9, 0xe6d9, 0xc6fe, 0xc6fe, 
	0xc6fe, 0xc6fe, 0xc6fe, 0xc6fe, 0xc6fd, 0xdf9f, 0xe7bf, 0xe7bf, 0xe7bf, 0xe7bf, 0xe7bf, 0xe7bf, 0xe7bf, 0xe7bf, 0xe7bf, 0xe7bf, 
	0xe7bf, 0xe7bf, 0xe7bf, 0xe7bf, 0xe7bf, 0xe7bf, 0xe7bf, 0xe7bf, 0xe7bf, 0xe7bf, 0xe7bf, 0xe7bf, 0xe7bf, 0xe7bf, 0xe7bf, 0xe7bf, 
	0xe7bf, 0xe7bf, 0xe7bf, 0xe7bf, 0xe7bf, 0xe7bf, 0xe7bf, 0xe7bf, 0xe7bf, 0xe7bf, 0xe7bf, 0xe7bf, 0xe7bf, 0xe7bf, 0xe7bf, 0xe7bf, 
	0xe7bf, 0xe7bf, 0xe7bf, 0xe7bf, 0xe7bf, 0xe7bf, 0xe7bf, 0xe7bf, 0xe7bf, 0xe7bf, 0xe7bf, 0xe7bf, 0xe7bf, 0xe7bf, 0xe7bf, 0xe7bf, 
	0xe7bf, 0xe7bf, 0xe7bf, 0xe7bf, 0xe7bf, 0xe7bf, 0xe7bf, 0xe7bf, 0xe7bf, 0xe7bf, 0xefbf, 0xf7ff, 0xf7ff, 0xf7ff, 0xefdf, 0xe7bf, 
	0xe7bf, 0xe7bf, 0xf71a, 0xe6b8, 0xeeb6, 0xeeb6, 0xeeb7, 0xee96, 0xee96, 0xee96, 0xee96, 0xee96, 0xee96, 0xee96, 0xee96, 0xee96, 
	0xee96, 0xee96, 0xee96, 0xee96, 0xee96, 0xee96, 0xee96, 0xee96, 0xee76, 0xee76, 0xee76, 0xee76, 0xee75, 0xee75, 0xee75, 0xee75, 
	0xee75, 0xee75, 0xee75, 0xee75, 0xee75, 0xee75, 0xee75, 0xee75, 0xee75, 0xee75, 0xee75, 0xee75, 0xee75, 0xee75, 0xee75, 0xee75, 
	0xee75, 0xee75, 0xee75, 0xee75, 0xee75, 0xee75, 0xee75, 0xee75, 0xee75, 0xee75, 0xee75, 0xee75, 0xee75, 0xee75, 0xee75, 0xee75, 
	0xee75, 0xee75, 0xee75, 0xee75, 0xee75, 0xee75, 0xee75, 0xee75, 0xee75, 0xee75, 0xee75, 0xee75, 0xee75, 0xee75, 0xee75, 0xee75, 
	0xee75, 0xee75, 0xee75, 0xee75, 0xee75, 0xee75, 0xee75, 0xee75, 0xee75, 0xee75, 0xee75, 0xee75, 0xee75, 0xee75, 0xee75, 0xee75, 
	0xee75, 0xee75, 0xee75, 0xee75, 0xee75, 0xee75, 0xee75, 0xee75, 0xee75, 0xee75, 0xee75, 0xee75, 0xee75, 0xee75, 0xee75, 0xee75, 
	0xee75, 0xee75, 0xee75, 0xee75, 0xee75, 0xee75, 0xee76, 0xee76, 0xee76, 0xee76, 0xee76, 0xee96, 0xee96, 0xee96, 0xee96, 0xee96, 
	0xee96, 0xee96, 0xee96, 0xee96, 0xee96, 0xee96, 0xee96, 0xee96, 0xee96, 0xee96, 0xeeb6, 0xeeb7, 0xeeb7, 0xeeb7, 0xeeb7, 0xeeb7, 
	0xeeb7, 0xeeb7, 0xeeb7, 0xeeb7, 0xeeb7, 0xeeb7, 0xeeb7, 0xeeb7, 0xeed7, 0xeed7, 0xeed7, 0xeed7, 0xe6d9, 0xe6d9, 0xc6fe, 0xc6fe, 
	0xc6fe, 0xc6fe, 0xc6fe, 0xc6fe, 0xc6fd, 0xdf7f, 0xe7bf, 0xe7bf, 0xe7bf, 0xe7bf, 0xe7bf, 0xe7bf, 0xe7bf, 0xe7bf, 0xe7bf, 0xe7bf, 
	0xe7bf, 0xe7bf, 0xe7bf, 0xe7bf, 0xe7bf, 0xe7bf, 0xe7bf, 0xe7bf, 0xe7bf, 0xe7bf, 0xe7bf, 0xe7bf, 0xe7bf, 0xe7bf, 0xe7bf, 0xe7bf, 
	0xe7bf, 0xe7bf, 0xe7bf, 0xe7bf, 0xe7bf, 0xe7bf, 0xe7bf, 0xe7bf, 0xe7bf, 0xe7bf, 0xe7bf, 0xe7bf, 0xe7bf, 0xe7bf, 0xe7bf, 0xe7bf, 
	0xe7bf, 0xe7bf, 0xe7bf, 0xe7bf, 0xe7bf, 0xe7bf, 0xe7bf, 0xe7bf, 0xe7bf, 0xe7bf, 0xe7bf, 0xe7bf, 0xe7bf, 0xe7bf, 0xe7bf, 0xe7bf, 
	0xe7bf, 0xe7bf, 0xe7bf, 0xe7bf, 0xe7bf, 0xe7bf, 0xe7bf, 0xe7bf, 0xe7bf, 0xe7bf, 0xefbf, 0xf7ff, 0xf7ff, 0xf7ff, 0xefdf, 0xe79f, 
	0xe7bf, 0xe7bf, 0xf71a, 0xe6b8, 0xeeb7, 0xeeb6, 0xeeb7, 0xeeb7, 0xeeb7, 0xee96, 0xee96, 0xee96, 0xee96, 0xee96, 0xee96, 0xee96, 
	0xee96, 0xee96, 0xee96, 0xee96, 0xee96, 0xee96, 0xee96, 0xee96, 0xee96, 0xee76, 0xee76, 0xee76, 0xee95, 0xee75, 0xee75, 0xee75, 
	0xee75, 0xee75, 0xee75, 0xee75, 0xee75, 0xee75, 0xee75, 0xee75, 0xee75, 0xee75, 0xee75, 0xee75, 0xee75, 0xee75, 0xee75, 0xee75, 
	0xee75, 0xee75, 0xee75, 0xee75, 0xee75, 0xee75, 0xee75, 0xee75, 0xee75, 0xee75, 0xee75, 0xee75, 0xee75, 0xee75, 0xee75, 0xee75, 
	0xee75, 0xee75, 0xee75, 0xee75, 0xee75, 0xee75, 0xee75, 0xee75, 0xee75, 0xee75, 0xee75, 0xee75, 0xee75, 0xee75, 0xee75, 0xee75, 
	0xee75, 0xee75, 0xee75, 0xee75, 0xee75, 0xee75, 0xee75, 0xee75, 0xee75, 0xee75, 0xee75, 0xee75, 0xee75, 0xee75, 0xee75, 0xee75, 
	0xee75, 0xee75, 0xee75, 0xee75, 0xee75, 0xee75, 0xee75, 0xee75, 0xee75, 0xee75, 0xee75, 0xee75, 0xee75, 0xee75, 0xee75, 0xee75, 
	0xee75, 0xee75, 0xee75, 0xee75, 0xee75, 0xee95, 0xee76, 0xee76, 0xee76, 0xee96, 0xee96, 0xee96, 0xee96, 0xee96, 0xee96, 0xee96, 
	0xee96, 0xee96, 0xee96, 0xee96, 0xee96, 0xee96, 0xee96, 0xee96, 0xeeb6, 0xeeb7, 0xeeb7, 0xeeb7, 0xeeb7, 0xeeb7, 0xeeb7, 0xeeb7, 
	0xeeb7, 0xeeb7, 0xeeb7, 0xeeb7, 0xeeb7, 0xeed7, 0xeed7, 0xeed7, 0xeed7, 0xeed7, 0xf6d7, 0xf6d7, 0xe6d9, 0xe6d9, 0xc6fe, 0xc6fe, 
	0xc6fe, 0xc6fe, 0xc6fe, 0xc6fe, 0xc6fd, 0xdf7f, 0xe7bf, 0xe7bf, 0xe7bf, 0xe7bf, 0xe7bf, 0xe7bf, 0xe7bf, 0xe7bf, 0xe7bf, 0xe7bf, 
	0xe7bf, 0xe7bf, 0xe7bf, 0xe7bf, 0xe7bf, 0xe7bf, 0xe7bf, 0xe7bf, 0xe7bf, 0xe7bf, 0xe7bf, 0xe7bf, 0xe7bf, 0xe7bf, 0xe7bf, 0xe7bf, 
	0xe7bf, 0xe7bf, 0xe7bf, 0xe7bf, 0xe7bf, 0xe7bf, 0xe7bf, 0xe7bf, 0xe7bf, 0xe7bf, 0xe7bf, 0xe7bf, 0xe7bf, 0xe7bf, 0xe7bf, 0xe7bf, 
	0xe7bf, 0xe7bf, 0xe7bf, 0xe7bf, 0xe7bf, 0xe7bf, 0xe7bf, 0xe7bf, 0xe7bf, 0xe7bf, 0xe7bf, 0xe7bf, 0xe7bf, 0xe7bf, 0xe7bf, 0xe7bf, 
	0xe7bf, 0xe7bf, 0xe7bf, 0xe7bf, 0xe7bf, 0xe7bf, 0xe7bf, 0xe7bf, 0xe7bf, 0xe7bf, 0xefbf, 0xf7ff, 0xf7ff, 0xf7ff, 0xefdf, 0xe79f, 
	0xe7bf, 0xe7bf, 0xf71a, 0xe6b8, 0xeeb7, 0xeeb7, 0xeeb7, 0xeeb7, 0xeeb7, 0xeeb7, 0xeeb7, 0xee96, 0xee96, 0xee96, 0xee96, 0xee96, 
	0xee96, 0xee96, 0xee96, 0xee96, 0xee96, 0xee96, 0xee96, 0xee96, 0xee96, 0xee96, 0xee96, 0xee76, 0xee76, 0xee76, 0xee95, 0xee75, 
	0xee75, 0xee75, 0xee75, 0xee75, 0xee75, 0xee75, 0xee75, 0xee75, 0xee75, 0xee75, 0xee75, 0xee75, 0xee75, 0xee75, 0xee75, 0xee75, 
	0xee75, 0xee75, 0xee75, 0xee75, 0xee75, 0xee75, 0xee75, 0xee75, 0xee75, 0xee75, 0xee75, 0xee75, 0xee75, 0xee75, 0xee75, 0xee75, 
	0xee75, 0xee75, 0xee75, 0xee75, 0xee75, 0xee75, 0xee75, 0xee75, 0xee75, 0xee75, 0xee75, 0xee75, 0xee75, 0xee75, 0xee75, 0xee75, 
	0xee75, 0xee75, 0xee75, 0xee75, 0xee75, 0xee75, 0xee75, 0xee75, 0xee75, 0xee75, 0xee75, 0xee75, 0xee75, 0xee75, 0xee75, 0xee75, 
	0xee75, 0xee75, 0xee75, 0xee75, 0xee75, 0xee75, 0xee75, 0xee75, 0xee75, 0xee75, 0xee75, 0xee75, 0xee75, 0xee75, 0xee75, 0xee75, 
	0xee75, 0xee75, 0xee75, 0xee75, 0xee76, 0xee76, 0xee76, 0xee76, 0xee96, 0xee96, 0xee96, 0xee96, 0xee96, 0xee96, 0xee96, 0xee96, 
	0xee96, 0xee96, 0xee96, 0xee96, 0xee96, 0xee96, 0xeeb6, 0xeeb7, 0xeeb7, 0xeeb7, 0xeeb7, 0xeeb7, 0xeeb7, 0xeeb7, 0xeeb7, 0xeeb7, 
	0xeeb7, 0xeeb7, 0xeeb7, 0xeed7, 0xeed7, 0xeed7, 0xeed7, 0xeed7, 0xeed8, 0xeed8, 0xf6d7, 0xf6d7, 0xe6f9, 0xe6d9, 0xc6fe, 0xc6fe, 
	0xc6fe, 0xc6fe, 0xc6fe, 0xc6fe, 0xc6fd, 0xdf7f, 0xe7bf, 0xe7bf, 0xe7bf, 0xe7bf, 0xe7bf, 0xe7bf, 0xe7bf, 0xe7bf, 0xe7bf, 0xe7bf, 
	0xe7bf, 0xe7bf, 0xe7bf, 0xe7bf, 0xe7bf, 0xe7bf, 0xe7bf, 0xe7bf, 0xe7bf, 0xe7bf, 0xe7bf, 0xe7bf, 0xe7bf, 0xe7bf, 0xe7bf, 0xe7bf, 
	0xe7bf, 0xe7bf, 0xe7bf, 0xe7bf, 0xe7bf, 0xe7bf, 0xe7bf, 0xe7bf, 0xe7bf, 0xe7bf, 0xe7bf, 0xe7bf, 0xe7bf, 0xe7bf, 0xe7bf, 0xe7bf, 
	0xe7bf, 0xe7bf, 0xe7bf, 0xe7bf, 0xe7bf, 0xe7bf, 0xe7bf, 0xe7bf, 0xe7bf, 0xe7bf, 0xe7bf, 0xe7bf, 0xe7bf, 0xe7bf, 0xe7bf, 0xe7bf, 
	0xe7bf, 0xe7bf, 0xe7bf, 0xe7bf, 0xe7bf, 0xe7bf, 0xe7bf, 0xe7bf, 0xe7bf, 0xe7bf, 0xefbf, 0xf7ff, 0xf7ff, 0xffff, 0xefdf, 0xe79f, 
	0xe7bf, 0xe7bf, 0xf71a, 0xe6b9, 0xeeb7, 0xeeb7, 0xeeb7, 0xeeb7, 0xeeb7, 0xeeb7, 0xeeb7, 0xeeb7, 0xeeb7, 0xee96, 0xee96, 0xee96, 
	0xee96, 0xee96, 0xee96, 0xee96, 0xee96, 0xee96, 0xee96, 0xee96, 0xee96, 0xee96, 0xee96, 0xee96, 0xee76, 0xee76, 0xee76, 0xee76, 
	0xee75, 0xee75, 0xee75, 0xee75, 0xee75, 0xee75, 0xee75, 0xee75, 0xee75, 0xee75, 0xee75, 0xee75, 0xee75, 0xee75, 0xee75, 0xee75, 
	0xee75, 0xee75, 0xee75, 0xee75, 0xee75, 0xee75, 0xee75, 0xee75, 0xee75, 0xee75, 0xee75, 0xee75, 0xee75, 0xee75, 0xee75, 0xee75, 
	0xee75, 0xee75, 0xee75, 0xee75, 0xee75, 0xee75, 0xee75, 0xee75, 0xee75, 0xee75, 0xee75, 0xee75, 0xee75, 0xee75, 0xee75, 0xee75, 
	0xee75, 0xee75, 0xee75, 0xee75, 0xee75, 0xee75, 0xee75, 0xee75, 0xee75, 0xee75, 0xee75, 0xee75, 0xee75, 0xee75, 0xee75, 0xee75, 
	0xee75, 0xee75, 0xee75, 0xee75, 0xee75, 0xee75, 0xee75, 0xee75, 0xee75, 0xee75, 0xee75, 0xee75, 0xee75, 0xee75, 0xee75, 0xee75, 
	0xee75, 0xee75, 0xee76, 0xee76, 0xee76, 0xee76, 0xee96, 0xee96, 0xee96, 0xee96, 0xee96, 0xee96, 0xee96, 0xee96, 0xee96, 0xee96, 
	0xee96, 0xee96, 0xee96, 0xee96, 0xee96, 0xeeb7, 0xeeb7, 0xeeb7, 0xeeb7, 0xeeb7, 0xeeb7, 0xeeb7, 0xeeb7, 0xeeb7, 0xeeb7, 0xeeb7, 
	0xeeb7, 0xeed7, 0xeed7, 0xeed7, 0xeed7, 0xeed7, 0xeed8, 0xeed8, 0xeed8, 0xeed8, 0xeed7, 0xeed7, 0xe6f9, 0xe6d9, 0xc6fe, 0xc6fe, 
	0xc6fe, 0xc6fe, 0xc6fe, 0xc6fe, 0xc6fd, 0xdf9f, 0xe7bf, 0xe7bf, 0xe7bf, 0xe7bf, 0xe7bf, 0xe7bf, 0xe7bf, 0xe7bf, 0xe7bf, 0xe7bf, 
	0xe7bf, 0xe7bf, 0xe7bf, 0xe7bf, 0xe7bf, 0xe7bf, 0xe7bf, 0xe7bf, 0xe7bf, 0xe7bf, 0xe7bf, 0xe7bf, 0xe7bf, 0xe7bf, 0xe7bf, 0xe7bf, 
	0xe75e, 0xdf3e, 0xdf5d, 0xdf5d, 0xdf5d, 0xdf5d, 0xdf5e, 0xdf5e, 0xdf5e, 0xdf5e, 0xdf5d, 0xdf5d, 0xdf5d, 0xdf5d, 0xdf3e, 0xe75e, 
	0xe7bf, 0xe7bf, 0xe7bf, 0xe7bf, 0xe7bf, 0xe7bf, 0xe7bf, 0xe7bf, 0xe7bf, 0xe7bf, 0xe7bf, 0xe7bf, 0xe7bf, 0xe7bf, 0xe7bf, 0xe7bf, 
	0xe7bf, 0xe7bf, 0xe7bf, 0xe7bf, 0xe7bf, 0xe7bf, 0xe7bf, 0xe7bf, 0xe7bf, 0xe7bf, 0xefbf, 0xf7ff, 0xf7ff, 0xf7ff, 0xefdf, 0xe79f, 
	0xe7bf, 0xe7bf, 0xef3a, 0xe6d9, 0xeeb7, 0xeeb7, 0xeeb7, 0xeeb7, 0xeeb7, 0xeeb7, 0xeeb7, 0xeeb7, 0xeeb7, 0xeeb7, 0xee96, 0xee96, 
	0xee96, 0xee96, 0xee96, 0xee96, 0xee96, 0xee96, 0xee96, 0xee96, 0xee96, 0xee96, 0xee96, 0xee96, 0xee96, 0xee96, 0xee76, 0xee76, 
	0xee76, 0xee75, 0xee75, 0xee75, 0xee75, 0xee75, 0xee75, 0xee75, 0xee75, 0xee75, 0xee75, 0xee75, 0xee75, 0xee75, 0xee75, 0xee75, 
	0xee75, 0xee75, 0xee75, 0xee75, 0xee75, 0xee75, 0xee75, 0xee75, 0xee75, 0xee75, 0xee75, 0xee75, 0xee75, 0xee75, 0xee75, 0xee75, 
	0xee75, 0xee75, 0xee75, 0xee75, 0xee75, 0xee75, 0xee75, 0xee75, 0xee75, 0xee75, 0xee75, 0xee75, 0xee75, 0xee75, 0xee75, 0xee75, 
	0xee75, 0xee75, 0xee75, 0xee75, 0xee75, 0xee75, 0xee75, 0xee75, 0xee75, 0xee75, 0xee75, 0xee75, 0xee75, 0xee75, 0xee75, 0xee75, 
	0xee75, 0xee75, 0xee75, 0xee75, 0xee75, 0xee75, 0xee75, 0xee75, 0xee75, 0xee75, 0xee75, 0xee75, 0xee75, 0xee75, 0xee75, 0xee75, 
	0xee75, 0xee95, 0xee76, 0xee76, 0xee76, 0xee96, 0xee96, 0xee96, 0xee96, 0xee96, 0xee96, 0xee96, 0xee96, 0xee96, 0xee96, 0xee96, 
	0xee96, 0xee96, 0xee96, 0xee96, 0xeeb7, 0xeeb7, 0xeeb7, 0xeeb7, 0xeeb7, 0xeeb7, 0xeeb7, 0xeeb7, 0xeeb7, 0xeeb7, 0xeeb7, 0xeed7, 
	0xeed7, 0xeed7, 0xeed7, 0xeed7, 0xeed8, 0xeed8, 0xeed8, 0xeed8, 0xeed8, 0xeed8, 0xeed7, 0xeed7, 0xe6f9, 0xe6d9, 0xc6fe, 0xc6fe, 
	0xc6fe, 0xc6fe, 0xc6fe, 0xc6fe, 0xc6fd, 0xdf7f, 0xe7bf, 0xe7bf, 0xe7bf, 0xe7bf, 0xe7bf, 0xe7bf, 0xe7bf, 0xe7bf, 0xe7bf, 0xe7bf, 
	0xe7bf, 0xe7bf, 0xe7bf, 0xe7bf, 0xe7bf, 0xe7bf, 0xe7bf, 0xe7bf, 0xe7bf, 0xe7bf, 0xe7bf, 0xe7bf, 0xe7bf, 0xe7bf, 0xe7bf, 0xe7df, 
	0xcbad, 0xa267, 0xba47, 0xba47, 0xba67, 0xb247, 0xb247, 0xb247, 0xb247, 0xb247, 0xb247, 0xba67, 0xba47, 0xba47, 0xa267, 0xcbad, 
	0xe7df, 0xe7bf, 0xe7bf, 0xe7bf, 0xe7bf, 0xe7bf, 0xe7bf, 0xe7bf, 0xe7bf, 0xe7bf, 0xe7bf, 0xe7bf, 0xe7bf, 0xe7bf, 0xe7bf, 0xe7bf, 
	0xe7bf, 0xe7bf, 0xe7bf, 0xe7bf, 0xe7bf, 0xe7bf, 0xe7bf, 0xe7bf, 0xe7bf, 0xe7bf, 0xefbf, 0xf7ff, 0xf7ff, 0xf7ff, 0xefdf, 0xe79f, 
	0xe7bf, 0xe7bf, 0xef3a, 0xe6d9, 0xeed7, 0xeeb7, 0xeeb7, 0xeeb7, 0xeeb7, 0xeeb7, 0xeeb7, 0xeeb7, 0xeeb7, 0xeeb7, 0xeeb7, 0xeeb7, 
	0xee96, 0xee96, 0xee96, 0xee96, 0xee96, 0xee96, 0xee96, 0xee96, 0xee96, 0xee96, 0xee96, 0xee96, 0xee96, 0xee96, 0xee96, 0xee76, 
	0xee76, 0xee76, 0xee95, 0xee75, 0xee75, 0xee75, 0xee75, 0xee75, 0xee75, 0xee75, 0xee75, 0xee75, 0xee75, 0xee75, 0xee75, 0xee75, 
	0xee75, 0xee75, 0xee75, 0xee75, 0xee75, 0xee75, 0xee75, 0xee75, 0xee75, 0xee75, 0xee75, 0xee75, 0xee75, 0xee75, 0xee75, 0xee75, 
	0xee75, 0xee75, 0xee75, 0xee75, 0xee75, 0xee75, 0xee75, 0xee75, 0xee75, 0xee75, 0xee75, 0xee75, 0xee75, 0xee75, 0xee75, 0xee75, 
	0xee75, 0xee75, 0xee75, 0xee75, 0xee75, 0xee75, 0xee75, 0xee75, 0xee75, 0xee75, 0xee75, 0xee75, 0xee75, 0xee75, 0xee75, 0xee75, 
	0xee75, 0xee75, 0xee75, 0xee75, 0xee75, 0xee75, 0xee75, 0xee75, 0xee75, 0xee75, 0xee75, 0xee75, 0xee75, 0xee75, 0xee75, 0xee75, 
	0xee76, 0xee76, 0xee76, 0xee96, 0xee96, 0xee96, 0xee96, 0xee96, 0xee96, 0xee96, 0xee96, 0xee96, 0xee96, 0xee96, 0xee96, 0xee96, 
	0xee96, 0xee96, 0xeeb7, 0xeeb7, 0xeeb7, 0xeeb7, 0xeeb7, 0xeeb7, 0xeeb7, 0xeeb7, 0xeeb7, 0xeeb7, 0xeeb7, 0xeed7, 0xeed7, 0xeed7, 
	0xeed7, 0xeed8, 0xeed8, 0xeed8, 0xeed8, 0xeed8, 0xeed8, 0xeed8, 0xeed8, 0xeed8, 0xeed7, 0xeed7, 0xe6fa, 0xe6d9, 0xc6fe, 0xc6fe, 
	0xc6fe, 0xc6fe, 0xc6fe, 0xc6fe, 0xc6fd, 0xdf9f, 0xe7bf, 0xe7bf, 0xe7bf, 0xe7bf, 0xe7bf, 0xe7bf, 0xe7bf, 0xe7bf, 0xe7bf, 0xe7bf, 
	0xe7bf, 0xe7bf, 0xe7bf, 0xe7bf, 0xe7bf, 0xe7bf, 0xe7bf, 0xe7bf, 0xe7bf, 0xe7bf, 0xe7bf, 0xe7bf, 0xe7bf, 0xe7bf, 0xe7bf, 0xe7df, 
	0xcb2b, 0x99a5, 0xb1a4, 0xb1a4, 0xb1a4, 0xb1a4, 0xb1a4, 0xb1a4, 0xb1a4, 0xb1a4, 0xb1a4, 0xb1a4, 0xb1a4, 0xb1a4, 0x99a5, 0xcb2b, 
	0xe7df, 0xe7bf, 0xe7bf, 0xe7bf, 0xe7bf, 0xe7bf, 0xe7bf, 0xe7bf, 0xe7bf, 0xe7bf, 0xe7bf, 0xe7bf, 0xe7bf, 0xe7bf, 0xe7bf, 0xe7bf, 
	0xe7bf, 0xe7bf, 0xe7bf, 0xe7bf, 0xe7bf, 0xe7bf, 0xe7bf, 0xe7bf, 0xe7bf, 0xe7bf, 0xefbf, 0xf7ff, 0xf7ff, 0xffff, 0xefdf, 0xe79f, 
	0xe7bf, 0xe7bf, 0xf73a, 0xe6d9, 0xeed7, 0xeed7, 0xeed7, 0xeeb7, 0xeeb7, 0xeeb7, 0xeeb7, 0xeeb7, 0xeeb7, 0xeeb7, 0xeeb7, 0xeeb7, 
	0xeeb7, 0xeeb7, 0xee96, 0xee96, 0xee96, 0xee96, 0xee96, 0xee96, 0xee96, 0xee96, 0xee96, 0xee96, 0xee96, 0xee96, 0xee96, 0xee96, 
	0xee76, 0xee76, 0xee76, 0xee76, 0xee75, 0xee75, 0xee75, 0xee75, 0xee75, 0xee75, 0xee75, 0xee75, 0xee75, 0xee75, 0xee75, 0xee75, 
	0xee75, 0xee75, 0xee75, 0xee75, 0xee75, 0xee75, 0xee75, 0xee75, 0xee75, 0xee75, 0xee75, 0xee75, 0xee75, 0xee75, 0xee75, 0xee75, 
	0xee75, 0xee75, 0xee75, 0xee75, 0xee75, 0xee75, 0xee75, 0xee75, 0xee75, 0xee75, 0xee75, 0xee75, 0xee75, 0xee75, 0xee75, 0xee75, 
	0xee75, 0xee75, 0xee75, 0xee75, 0xee75, 0xee75, 0xee75, 0xee75, 0xee75, 0xee75, 0xee75, 0xee75, 0xee75, 0xee75, 0xee75, 0xee75, 
	0xee75, 0xee75, 0xee75, 0xee75, 0xee75, 0xee75, 0xee75, 0xee75, 0xee75, 0xee75, 0xee75, 0xee75, 0xee75, 0xee75, 0xee76, 0xee76, 
	0xee76, 0xee76, 0xee96, 0xee96, 0xee96, 0xee96, 0xee96, 0xee96, 0xee96, 0xee96, 0xee96, 0xee96, 0xee96, 0xee96, 0xee96, 0xee96, 
	0xeeb7, 0xeeb7, 0xeeb7, 0xeeb7, 0xeeb7, 0xeeb7, 0xeeb7, 0xeeb7, 0xeeb7, 0xeeb7, 0xeeb7, 0xeed7, 0xeed7, 0xeed7, 0xeed7, 0xeed8, 
	0xeed8, 0xeed8, 0xeed8, 0xeed8, 0xeed8, 0xeed8, 0xeed8, 0xeed8, 0xeed8, 0xeef8, 0xf6d8, 0xf6d8, 0xe6fa, 0xe6d9, 0xc6fe, 0xc6fe, 
	0xc6fe, 0xc6fe, 0xc6fe, 0xc6fe, 0xc6fd, 0xdf9f, 0xe7bf, 0xe7bf, 0xe7bf, 0xe7bf, 0xe7bf, 0xe7bf, 0xe7bf, 0xe7bf, 0xe7bf, 0xe7bf, 
	0xe7bf, 0xe7bf, 0xe7bf, 0xe7bf, 0xe7bf, 0xe7bf, 0xe7bf, 0xe7bf, 0xe7bf, 0xe7bf, 0xe7bf, 0xe7bf, 0xe7bf, 0xe7bf, 0xe7bf, 0xe7df, 
	0xcb4b, 0x99c5, 0xb1c4, 0xb1c4, 0xb1e5, 0xb1c4, 0xb1c4, 0xb1c4, 0xb1c4, 0xb1c4, 0xb1c4, 0xb1e5, 0xb1c4, 0xb1c4, 0x99c5, 0xcb4b, 
	0xe7df, 0xe7bf, 0xe7bf, 0xe7bf, 0xe7bf, 0xe7bf, 0xe7bf, 0xe7bf, 0xe7bf, 0xe7bf, 0xe7bf, 0xe7bf, 0xe7bf, 0xe7bf, 0xe7bf, 0xe7bf, 
	0xe7bf, 0xe7bf, 0xe7bf, 0xe7bf, 0xe7bf, 0xe7bf, 0xe7bf, 0xe7bf, 0xe7bf, 0xe7bf, 0xefbf, 0xf7ff, 0xf7ff, 0xf7ff, 0xefdf, 0xe79f, 
	0xe7bf, 0xe7bf, 0xf73a, 0xe6d9, 0xf6d7, 0xeeb7, 0xeed7, 0xeed7, 0xeed7, 0xeeb7, 0xeeb7, 0xeeb7, 0xeeb7, 0xeeb7, 0xeeb7, 0xeeb7, 
	0xeeb7, 0xeeb7, 0xeeb7, 0xeeb6, 0xee96, 0xee96, 0xee96, 0xee96, 0xee96, 0xee96, 0xee96, 0xee96, 0xee96, 0xee96, 0xee96, 0xee96, 
	0xee96, 0xee96, 0xee76, 0xee76, 0xee76, 0xee75, 0xee75, 0xee75, 0xee75, 0xee75, 0xee75, 0xee75, 0xee75, 0xee75, 0xee75, 0xee75, 
	0xee75, 0xee75, 0xee75, 0xee75, 0xee75, 0xee75, 0xee75, 0xee75, 0xee75, 0xee75, 0xee75, 0xee75, 0xee75, 0xee75, 0xee75, 0xee75, 
	0xee75, 0xee75, 0xee75, 0xee75, 0xee75, 0xee75, 0xee75, 0xee75, 0xee75, 0xee75, 0xee75, 0xee75, 0xee75, 0xee75, 0xee75, 0xee75, 
	0xee75, 0xee75, 0xee75, 0xee75, 0xee75, 0xee75, 0xee75, 0xee75, 0xee75, 0xee75, 0xee75, 0xee75, 0xee75, 0xee75, 0xee75, 0xee75, 
	0xee75, 0xee75, 0xee75, 0xee75, 0xee75, 0xee75, 0xee75, 0xee75, 0xee75, 0xee75, 0xee75, 0xee75, 0xee75, 0xee95, 0xee76, 0xee76, 
	0xee76, 0xee96, 0xee96, 0xee96, 0xee96, 0xee96, 0xee96, 0xee96, 0xee96, 0xee96, 0xee96, 0xee96, 0xee96, 0xee96, 0xeeb6, 0xeeb7, 
	0xeeb7, 0xeeb7, 0xeeb7, 0xeeb7, 0xeeb7, 0xeeb7, 0xeeb7, 0xeeb7, 0xeeb7, 0xeed7, 0xeed7, 0xeed7, 0xeed7, 0xeed8, 0xeed8, 0xeed8, 
	0xeed8, 0xeed8, 0xeed8, 0xeed8, 0xeed8, 0xeed8, 0xeef8, 0xeef8, 0xeef8, 0xeef8, 0xf6d8, 0xf6d8, 0xe6fa, 0xe6d9, 0xc6fe, 0xc6fe, 
	0xc6fe, 0xc6fe, 0xc6fe, 0xc6fe, 0xc6fd, 0xdf7f, 0xe7bf, 0xe7bf, 0xe7bf, 0xe7bf, 0xe7bf, 0xe7bf, 0xe7bf, 0xe7bf, 0xe7bf, 0xe7bf, 
	0xe7bf, 0xe7bf, 0xe7bf, 0xe7bf, 0xe7bf, 0xe7bf, 0xe7bf, 0xe7bf, 0xe7bf, 0xe7bf, 0xe7bf, 0xe7bf, 0xe7bf, 0xe7bf, 0xe7bf, 0xe7df, 
	0xdb8c, 0xb247, 0xca25, 0xca26, 0xca46, 0xca26, 0xca26, 0xca26, 0xca26, 0xca26, 0xca26, 0xca46, 0xca26, 0xca25, 0xb246, 0xdb4b, 
	0xdefc, 0xdedb, 0xd6dc, 0xdf3d, 0xe7bf, 0xe7bf, 0xe7bf, 0xe7bf, 0xe7bf, 0xe7bf, 0xe7bf, 0xe7bf, 0xe7bf, 0xe7bf, 0xe7bf, 0xe7bf, 
	0xe7bf, 0xe7bf, 0xe7bf, 0xe7bf, 0xe7bf, 0xe7bf, 0xe7bf, 0xe7bf, 0xe7bf, 0xe7bf, 0xefbf, 0xf7ff, 0xf7ff, 0xf7ff, 0xefdf, 0xe79f, 
	0xe7bf, 0xe7bf, 0xef3a, 0xe6d9, 0xf6d7, 0xf6d7, 0xeed7, 0xeed7, 0xeed7, 0xeed7, 0xeed7, 0xeeb7, 0xeeb7, 0xeeb7, 0xeeb7, 0xeeb7, 
	0xeeb7, 0xeeb7, 0xeeb7, 0xeeb7, 0xeeb7, 0xeeb6, 0xee96, 0xee96, 0xee96, 0xee96, 0xee96, 0xee96, 0xee96, 0xee96, 0xee96, 0xee96, 
	0xee96, 0xee96, 0xee96, 0xee76, 0xee76, 0xee76, 0xee75, 0xee75, 0xee75, 0xee75, 0xee75, 0xee75, 0xee75, 0xee75, 0xee75, 0xee75, 
	0xee75, 0xee75, 0xee75, 0xee75, 0xee75, 0xee75, 0xee75, 0xee75, 0xee75, 0xee75, 0xee75, 0xee75, 0xee75, 0xee75, 0xee75, 0xee75, 
	0xee75, 0xee75, 0xee75, 0xee75, 0xee75, 0xee75, 0xee75, 0xee75, 0xee75, 0xee75, 0xee75, 0xee75, 0xee75, 0xee75, 0xee75, 0xee75, 
	0xee75, 0xee75, 0xee75, 0xee75, 0xee75, 0xee75, 0xee75, 0xee75, 0xee75, 0xee75, 0xee75, 0xee75, 0xee75, 0xee75, 0xee75, 0xee75, 
	0xee75, 0xee75, 0xee75, 0xee75, 0xee75, 0xee75, 0xee75, 0xee75, 0xee75, 0xee75, 0xee75, 0xee75, 0xee76, 0xee76, 0xee76, 0xee76, 
	0xee96, 0xee96, 0xee96, 0xee96, 0xee96, 0xee96, 0xee96, 0xee96, 0xee96, 0xee96, 0xee96, 0xee96, 0xee96, 0xeeb7, 0xeeb7, 0xeeb7, 
	0xeeb7, 0xeeb7, 0xeeb7, 0xeeb7, 0xeeb7, 0xeeb7, 0xeeb7, 0xeed7, 0xeed7, 0xeed7, 0xeed7, 0xeed7, 0xeed8, 0xeed8, 0xeed8, 0xeed8, 
	0xeed8, 0xeed8, 0xeed8, 0xeed8, 0xeef8, 0xeef8, 0xeef8, 0xeef8, 0xeef8, 0xeef8, 0xf6d8, 0xf6f8, 0xe6fa, 0xe6d9, 0xc6fe, 0xc6fe, 
	0xc6fe, 0xc6fe, 0xc6fe, 0xc6fe, 0xc6fd, 0xdf9f, 0xe7bf, 0xe7bf, 0xe7bf, 0xe7bf, 0xe7bf, 0xe7bf, 0xe7bf, 0xe7bf, 0xe7bf, 0xe7bf, 
	0xe7bf, 0xe7bf, 0xe7bf, 0xe7bf, 0xe7bf, 0xe7bf, 0xe7bf, 0xe7bf, 0xe7bf, 0xe7bf, 0xe7bf, 0xe7bf, 0xe7bf, 0xe7bf, 0xe7bf, 0xe7df, 
	0xe3ac, 0xba47, 0xd226, 0xd226, 0xd246, 0xd226, 0xd226, 0xd226, 0xd226, 0xd226, 0xd226, 0xd246, 0xd226, 0xd226, 0xba47, 0xdb4b, 
	0xdebb, 0xdebb, 0xd6bb, 0xdf1c, 0xe7bf, 0xe7bf, 0xe7bf, 0xe7bf, 0xe7bf, 0xe7bf, 0xe7bf, 0xe7bf, 0xe7bf, 0xe7bf, 0xe7bf, 0xe7bf, 
	0xe7bf, 0xe7bf, 0xe7bf, 0xe7bf, 0xe7bf, 0xe7bf, 0xe7bf, 0xe7bf, 0xe7bf, 0xe7bf, 0xefbf, 0xf7ff, 0xf7ff, 0xffff, 0xefdf, 0xe79f, 
	0xe7bf, 0xe7bf, 0xef3a, 0xe6d9, 0xeed7, 0xeed7, 0xeed8, 0xeed8, 0xeed7, 0xeed7, 0xeed7, 0xeed7, 0xeeb7, 0xeeb7, 0xeeb7, 0xeeb7, 
	0xeeb7, 0xeeb7, 0xeeb7, 0xeeb7, 0xeeb7, 0xeeb7, 0xee96, 0xee96, 0xee96, 0xee96, 0xee96, 0xee96, 0xee96, 0xee96, 0xee96, 0xee96, 
	0xee96, 0xee96, 0xee96, 0xee96, 0xee76, 0xee76, 0xee76, 0xee76, 0xee75, 0xee75, 0xee75, 0xee75, 0xee75, 0xee75, 0xee75, 0xee75, 
	0xee75, 0xee75, 0xee75, 0xee75, 0xee75, 0xee75, 0xee75, 0xee75, 0xee75, 0xee75, 0xee75, 0xee75, 0xee75, 0xee75, 0xee75, 0xee75, 
	0xee75, 0xee75, 0xee75, 0xee75, 0xee75, 0xee75, 0xee75, 0xee75, 0xee75, 0xee75, 0xee75, 0xee75, 0xee75, 0xee75, 0xee75, 0xee75, 
	0xee75, 0xee75, 0xee75, 0xee75, 0xee75, 0xee75, 0xee75, 0xee75, 0xee75, 0xee75, 0xee75, 0xee75, 0xee75, 0xee75, 0xee75, 0xee75, 
	0xee75, 0xee75, 0xee75, 0xee75, 0xee75, 0xee75, 0xee75, 0xee75, 0xee75, 0xee75, 0xee75, 0xee76, 0xee76, 0xee76, 0xee76, 0xee96, 
	0xee96, 0xee96, 0xee96, 0xee96, 0xee96, 0xee96, 0xee96, 0xee96, 0xee96, 0xee96, 0xee96, 0xee96, 0xeeb7, 0xeeb7, 0xeeb7, 0xeeb7, 
	0xeeb7, 0xeeb7, 0xeeb7, 0xeeb7, 0xeeb7, 0xeeb7, 0xeed7, 0xeed7, 0xeed7, 0xeed8, 0xeed8, 0xeed8, 0xeed8, 0xeed8, 0xeed8, 0xeed8, 
	0xeed8, 0xeed8, 0xeef8, 0xeef8, 0xeef8, 0xeef8, 0xeef8, 0xeef8, 0xeef8, 0xeef8, 0xf6f8, 0xf6f8, 0xe71a, 0xe6fa, 0xc6fe, 0xc6fe, 
	0xc6fe, 0xc6fe, 0xc6fe, 0xc6fe, 0xc6fd, 0xdf9f, 0xe7bf, 0xe7bf, 0xe7bf, 0xe7bf, 0xe7bf, 0xe7bf, 0xe7bf, 0xe7bf, 0xe7bf, 0xe7bf, 
	0xe7bf, 0xe7bf, 0xe7bf, 0xe7bf, 0xe7bf, 0xe7bf, 0xe7bf, 0xe7bf, 0xe7bf, 0xe7bf, 0xe7bf, 0xe7bf, 0xe7bf, 0xe7bf, 0xe7bf, 0xe7df, 
	0xe3ac, 0xba47, 0xd226, 0xd226, 0xd246, 0xd226, 0xd226, 0xd226, 0xd226, 0xd226, 0xd226, 0xd246, 0xd226, 0xd226, 0xba47, 0xdb4b, 
	0xdedb, 0xdebb, 0xd6bb, 0xdf1d, 0xe7bf, 0xe7bf, 0xe7bf, 0xe7bf, 0xe7bf, 0xe7bf, 0xe7bf, 0xe7bf, 0xe7bf, 0xe7bf, 0xe7bf, 0xe7bf, 
	0xe7bf, 0xe7bf, 0xe7bf, 0xe7bf, 0xe7bf, 0xe7bf, 0xe7bf, 0xe7bf, 0xe7bf, 0xe7bf, 0xefbf, 0xf7ff, 0xf7ff, 0xf7ff, 0xefdf, 0xe79f, 
	0xe7bf, 0xe7bf, 0xef3a, 0xe6f9, 0xeed7, 0xeed7, 0xeed8, 0xeed8, 0xeed8, 0xeed8, 0xeed7, 0xeed7, 0xeed7, 0xeed7, 0xeeb7, 0xeeb7, 
	0xeeb7, 0xeeb7, 0xeeb7, 0xeeb7, 0xeeb7, 0xeeb7, 0xeeb7, 0xeeb7, 0xee96, 0xee96, 0xee96, 0xee96, 0xee96, 0xee96, 0xee96, 0xee96, 
	0xee96, 0xee96, 0xee96, 0xee96, 0xee96, 0xee76, 0xee76, 0xee76, 0xee95, 0xee75, 0xee75, 0xee75, 0xee75, 0xee75, 0xee75, 0xee75, 
	0xee75, 0xee75, 0xee75, 0xee75, 0xee75, 0xee75, 0xee75, 0xee75, 0xee75, 0xee75, 0xee75, 0xee75, 0xee75, 0xee75, 0xee75, 0xee75, 
	0xee75, 0xee75, 0xee75, 0xee75, 0xee75, 0xee75, 0xee75, 0xee75, 0xee75, 0xee75, 0xee75, 0xee75, 0xee75, 0xee75, 0xee75, 0xee75, 
	0xee75, 0xee75, 0xee75, 0xee75, 0xee75, 0xee75, 0xee75, 0xee75, 0xee75, 0xee75, 0xee75, 0xee75, 0xee75, 0xee75, 0xee75, 0xee75, 
	0xee75, 0xee75, 0xee75, 0xee75, 0xee75, 0xee75, 0xee75, 0xee75, 0xee75, 0xee75, 0xee76, 0xee76, 0xee76, 0xee96, 0xee96, 0xee96, 
	0xee96, 0xee96, 0xee96, 0xee96, 0xee96, 0xee96, 0xee96, 0xee96, 0xee96, 0xee96, 0xeeb6, 0xeeb7, 0xeeb7, 0xeeb7, 0xeeb7, 0xeeb7, 
	0xeeb7, 0xeeb7, 0xeeb7, 0xeeb7, 0xeed7, 0xeed7, 0xeed7, 0xeed7, 0xeed8, 0xeed8, 0xeed8, 0xeed8, 0xeed8, 0xeed8, 0xeed8, 0xeed8, 
	0xeef8, 0xeef8, 0xeef8, 0xeef8, 0xeef8, 0xeef8, 0xf6f8, 0xf6f8, 0xf6f8, 0xf6f8, 0xf6f8, 0xf6f8, 0xe71a, 0xe6fa, 0xc6fe, 0xc6fe, 
	0xc6fe, 0xc6fe, 0xc6fe, 0xc6fe, 0xc6fd, 0xdf7f, 0xe7bf, 0xe7bf, 0xe7bf, 0xe7bf, 0xe7bf, 0xe7bf, 0xe7bf, 0xe7bf, 0xe7bf, 0xe7bf, 
	0xe7bf, 0xe7bf, 0xe7bf, 0xe7bf, 0xe7bf, 0xe7bf, 0xe7bf, 0xe7bf, 0xe7bf, 0xe7bf, 0xe7bf, 0xe7bf, 0xe7bf, 0xe7bf, 0xe7bf, 0xe7df, 
	0xe3ac, 0xba47, 0xd226, 0xd226, 0xd246, 0xd246, 0xd246, 0xd246, 0xd246, 0xd246, 0xd246, 0xd246, 0xd246, 0xd246, 0xc247, 0xdb2a, 
	0xd5d7, 0xd5d7, 0xc5d7, 0xde7a, 0xe7bf, 0xe7bf, 0xe7bf, 0xe7bf, 0xe7bf, 0xe7bf, 0xe7bf, 0xe7bf, 0xe7bf, 0xe7bf, 0xe7bf, 0xe7bf, 
	0xe7bf, 0xe7bf, 0xe7bf, 0xe7bf, 0xe7bf, 0xe7bf, 0xe7bf, 0xe7bf, 0xe7bf, 0xe79f, 0xefbf, 0xf7ff, 0xf7ff, 0xf7ff, 0xefdf, 0xe79f, 
	0xe7bf, 0xe7bf, 0xef3a, 0xe6f9, 0xeed7, 0xeed7, 0xeed8, 0xeed8, 0xeed8, 0xeed8, 0xeed8, 0xeed8, 0xeed7, 0xeed7, 0xeed7, 0xeed7, 
	0xeeb7, 0xeeb7, 0xeeb7, 0xeeb7, 0xeeb7, 0xeeb7, 0xeeb7, 0xeeb7, 0xeeb7, 0xeeb6, 0xee96, 0xee96, 0xee96, 0xee96, 0xee96, 0xee96, 
	0xee96, 0xee96, 0xee96, 0xee96, 0xee96, 0xee96, 0xee76, 0xee76, 0xee76, 0xee76, 0xee75, 0xee75, 0xee75, 0xee75, 0xee75, 0xee75, 
	0xee75, 0xee75, 0xee75, 0xee75, 0xee75, 0xee75, 0xee75, 0xee75, 0xee75, 0xee75, 0xee75, 0xee75, 0xee75, 0xee75, 0xee75, 0xee75, 
	0xee75, 0xee75, 0xee75, 0xee75, 0xee75, 0xee75, 0xee75, 0xee75, 0xee75, 0xee75, 0xee75, 0xee75, 0xee75, 0xee75, 0xee75, 0xee75, 
	0xee75, 0xee75, 0xee75, 0xee75, 0xee75, 0xee75, 0xee75, 0xee75, 0xee75, 0xee75, 0xee75, 0xee75, 0xee75, 0xee75, 0xee75, 0xee75, 
	0xee75, 0xee75, 0xee75, 0xee75, 0xee75, 0xee75, 0xee75, 0xee75, 0xee75, 0xee76, 0xee76, 0xee76, 0xee96, 0xee96, 0xee96, 0xee96, 
	0xee96, 0xee96, 0xee96, 0xee96, 0xee96, 0xee96, 0xee96, 0xee96, 0xee96, 0xeeb7, 0xeeb7, 0xeeb7, 0xeeb7, 0xeeb7, 0xeeb7, 0xeeb7, 
	0xeeb7, 0xeeb7, 0xeed7, 0xeed7, 0xeed7, 0xeed7, 0xeed8, 0xeed8, 0xeed8, 0xeed8, 0xeed8, 0xeed8, 0xeed8, 0xeed8, 0xeef8, 0xeef8, 
	0xeef8, 0xeef8, 0xeef8, 0xeef8, 0xf6f8, 0xf6f8, 0xf6f8, 0xf6f8, 0xeef9, 0xeef9, 0xf6f8, 0xf6f8, 0xe71a, 0xe6fa, 0xc6fe, 0xc6fe, 
	0xc6fe, 0xc6fe, 0xc6fe, 0xc6fe, 0xc6fd, 0xdf7f, 0xe7bf, 0xe7bf, 0xe7bf, 0xe7bf, 0xe7bf, 0xe7bf, 0xe7bf, 0xe7bf, 0xe7bf, 0xe7bf, 
	0xe7bf, 0xe7bf, 0xe7bf, 0xe7bf, 0xe7bf, 0xe7bf, 0xe7bf, 0xe7bf, 0xe7bf, 0xe7bf, 0xe7bf, 0xe7bf, 0xe7bf, 0xe7bf, 0xe7bf, 0xe7df, 
	0xe3ac, 0xba47, 0xd226, 0xd226, 0xd246, 0xd226, 0xd226, 0xd226, 0xd226, 0xd226, 0xd226, 0xd246, 0xd246, 0xd226, 0xc247, 0xdae9, 
	0xcd55, 0xcd54, 0xbd55, 0xde38, 0xe7bf, 0xe7bf, 0xe7bf, 0xe7bf, 0xe7bf, 0xe7bf, 0xe7bf, 0xe7bf, 0xe7bf, 0xe7bf, 0xe7bf, 0xe7bf, 
	0xe7bf, 0xe7bf, 0xe7bf, 0xe7bf, 0xe7bf, 0xe7bf, 0xe7bf, 0xe7bf, 0xe7bf, 0xe7bf, 0xefbf, 0xf7ff, 0xf7ff, 0xffff, 0xefdf, 0xe79f, 
	0xe7bf, 0xe7bf, 0xef3a, 0xe6f9, 0xf6d8, 0xeed8, 0xeed8, 0xeed8, 0xeed8, 0xeed8, 0xeed8, 0xeed8, 0xeed8, 0xeed8, 0xeed7, 0xeed7, 
	0xeed7, 0xeeb7, 0xeeb7, 0xeeb7, 0xeeb7, 0xeeb7, 0xeeb7, 0xeeb7, 0xeeb7, 0xeeb7, 0xee96, 0xee96, 0xee96, 0xee96, 0xee96, 0xee96, 
	0xee96, 0xee96, 0xee96, 0xee96, 0xee96, 0xee96, 0xee96, 0xee76, 0xee76, 0xee76, 0xee95, 0xee75, 0xee75, 0xee75, 0xee75, 0xee75, 
	0xee75, 0xee75, 0xee75, 0xee75, 0xee75, 0xee75, 0xee75, 0xee75, 0xee75, 0xee75, 0xee75, 0xee75, 0xee75, 0xee75, 0xee75, 0xee75, 
	0xee75, 0xee75, 0xee75, 0xee75, 0xee75, 0xee75, 0xee75, 0xee75, 0xee75, 0xee75, 0xee75, 0xee75, 0xee75, 0xee75, 0xee75, 0xee75, 
	0xee75, 0xee75, 0xee75, 0xee75, 0xee75, 0xee75, 0xee75, 0xee75, 0xee75, 0xee75, 0xee75, 0xee75, 0xee75, 0xee75, 0xee75, 0xee75, 
	0xee75, 0xee75, 0xee75, 0xee75, 0xee75, 0xee75, 0xee75, 0xee75, 0xee76, 0xee76, 0xee76, 0xee96, 0xee96, 0xee96, 0xee96, 0xee96, 
	0xee96, 0xee96, 0xee96, 0xee96, 0xee96, 0xee96, 0xee96, 0xee96, 0xeeb7, 0xeeb7, 0xeeb7, 0xeeb7, 0xeeb7, 0xeeb7, 0xeeb7, 0xeeb7, 
	0xeeb7, 0xeed7, 0xeed7, 0xeed7, 0xeed8, 0xeed8, 0xeed8, 0xeed8, 0xeed8, 0xeed8, 0xeed8, 0xeed8, 0xeed8, 0xeef8, 0xeef8, 0xeef8, 
	0xeef8, 0xeef8, 0xeef8, 0xeef8, 0xf6f8, 0xf6f8, 0xeef9, 0xeef9, 0xeef9, 0xeef9, 0xf6f8, 0xf6f8, 0xe71a, 0xe6fa, 0xc6fe, 0xc6fe, 
	0xc6fe, 0xc6fe, 0xc6fe, 0xc6fe, 0xc6fd, 0xdf7f, 0xe7bf, 0xe7bf, 0xe7bf, 0xe7bf, 0xe7bf, 0xe7bf, 0xe7bf, 0xe7bf, 0xe7bf, 0xe7bf, 
	0xe7bf, 0xe7bf, 0xe7bf, 0xe7bf, 0xe7bf, 0xe7bf, 0xe7bf, 0xe7bf, 0xe7bf, 0xe7bf, 0xe7bf, 0xe7bf, 0xe7bf, 0xe7bf, 0xe7bf, 0xe7df, 
	0xe3ac, 0xba47, 0xd226, 0xd226, 0xd246, 0xd226, 0xd226, 0xd226, 0xd226, 0xd226, 0xd226, 0xd246, 0xd246, 0xd226, 0xc247, 0xdb09, 
	0xd575, 0xcd75, 0xc575, 0xde59, 0xe7bf, 0xe7bf, 0xe7bf, 0xe7bf, 0xe7bf, 0xe7bf, 0xe7bf, 0xe7bf, 0xe7bf, 0xe7bf, 0xe7bf, 0xe7bf, 
	0xe7bf, 0xe7bf, 0xe7bf, 0xe7bf, 0xe7bf, 0xe7bf, 0xe7bf, 0xe7bf, 0xe7bf, 0xe7bf, 0xefbf, 0xf7ff, 0xf7ff, 0xffff, 0xefdf, 0xe79f, 
	0xe7bf, 0xe7bf, 0xef3a, 0xe6f9, 0xf6d8, 0xf6d8, 0xeef8, 0xeed8, 0xeed8, 0xeed8, 0xeed8, 0xeed8, 0xeed8, 0xeed8, 0xeed8, 0xeed8, 
	0xeed7, 0xeed7, 0xeed7, 0xeeb7, 0xeeb7, 0xeeb7, 0xeeb7, 0xeeb7, 0xeeb7, 0xeeb7, 0xeeb7, 0xeeb7, 0xee96, 0xee96, 0xee96, 0xee96, 
	0xee96, 0xee96, 0xee96, 0xee96, 0xee96, 0xee96, 0xee96, 0xee96, 0xee96, 0xee76, 0xee76, 0xee76, 0xee75, 0xee75, 0xee75, 0xee75, 
	0xee75, 0xee75, 0xee75, 0xee75, 0xee75, 0xee75, 0xee75, 0xee75, 0xee75, 0xee75, 0xee75, 0xee75, 0xee75, 0xee75, 0xee75, 0xee75, 
	0xee75, 0xee75, 0xee75, 0xee75, 0xee75, 0xee75, 0xee75, 0xee75, 0xee75, 0xee75, 0xee75, 0xee75, 0xee75, 0xee75, 0xee75, 0xee75, 
	0xee75, 0xee75, 0xee75, 0xee75, 0xee75, 0xee75, 0xee75, 0xee75, 0xee75, 0xee75, 0xee75, 0xee75, 0xee75, 0xee75, 0xee75, 0xee75, 
	0xee75, 0xee75, 0xee75, 0xee75, 0xee75, 0xee75, 0xee75, 0xee76, 0xee76, 0xee76, 0xee96, 0xee96, 0xee96, 0xee96, 0xee96, 0xee96, 
	0xee96, 0xee96, 0xee96, 0xee96, 0xee96, 0xee96, 0xeeb6, 0xeeb7, 0xeeb7, 0xeeb7, 0xeeb7, 0xeeb7, 0xeeb7, 0xeeb7, 0xeeb7, 0xeed7, 
	0xeed7, 0xeed7, 0xeed7, 0xeed8, 0xeed8, 0xeed8, 0xeed8, 0xeed8, 0xeed8, 0xeed8, 0xeed8, 0xeef8, 0xeef8, 0xeef8, 0xeef8, 0xeef8, 
	0xf6f8, 0xf6f8, 0xf6f8, 0xf6f8, 0xeef9, 0xeef9, 0xeef9, 0xeef9, 0xf6f9, 0xf6f9, 0xf6f8, 0xf6f8, 0xef1b, 0xe6fa, 0xc6fe, 0xc6fe, 
	0xc6fe, 0xc6fe, 0xc6fe, 0xc6fe, 0xc6fd, 0xd75f, 0xdf7f, 0xdf7f, 0xdf7f, 0xe79f, 0xe7bf, 0xe7bf, 0xe7bf, 0xe7bf, 0xe7bf, 0xe7bf, 
	0xe7bf, 0xe7bf, 0xe7bf, 0xe7bf, 0xe7bf, 0xe7bf, 0xe7bf, 0xe7bf, 0xe7bf, 0xe7bf, 0xe7bf, 0xe7bf, 0xdf7e, 0xdf3e, 0xdf3d, 0xe75e, 
	0xe38c, 0xba47, 0xd226, 0xd226, 0xd246, 0xd226, 0xd226, 0xd226, 0xd226, 0xd226, 0xd226, 0xd246, 0xd246, 0xd226, 0xc246, 0xd2c9, 
	0xccb2, 0xc491, 0xb4b2, 0xddd6, 0xe7df, 0xe7bf, 0xe7bf, 0xe7bf, 0xe7bf, 0xe7bf, 0xe7bf, 0xe7bf, 0xe7bf, 0xe7bf, 0xe7bf, 0xe7bf, 
	0xe7bf, 0xe7bf, 0xe7bf, 0xe7bf, 0xe7bf, 0xe7bf, 0xe7bf, 0xe7bf, 0xe7bf, 0xe7bf, 0xefbf, 0xf7ff, 0xf7ff, 0xffff, 0xefdf, 0xe79f, 
	0xe7bf, 0xe7bf, 0xef3a, 0xe6f9, 0xf6d8, 0xf6d8, 0xeef8, 0xeef8, 0xeef8, 0xeed8, 0xeed8, 0xeed8, 0xeed8, 0xeed8, 0xeed8, 0xeed8, 
	0xeed7, 0xeed7, 0xeed7, 0xeed7, 0xeeb7, 0xeeb7, 0xeeb7, 0xeeb7, 0xeeb7, 0xeeb7, 0xeeb7, 0xeeb7, 0xeeb7, 0xee96, 0xee96, 0xee96, 
	0xee96, 0xee96, 0xee96, 0xee96, 0xee96, 0xee96, 0xee96, 0xee96, 0xee96, 0xee96, 0xee76, 0xee76, 0xee95, 0xee75, 0xee75, 0xee75, 
	0xee75, 0xee75, 0xee75, 0xee75, 0xee75, 0xee75, 0xee75, 0xee75, 0xee75, 0xee75, 0xee75, 0xee75, 0xee75, 0xee75, 0xee75, 0xee75, 
	0xee75, 0xee75, 0xee75, 0xee75, 0xee75, 0xee75, 0xee75, 0xee75, 0xee75, 0xee75, 0xee75, 0xee75, 0xee75, 0xee75, 0xee75, 0xee75, 
	0xee75, 0xee75, 0xee75, 0xee75, 0xee75, 0xee75, 0xee75, 0xee75, 0xee75, 0xee75, 0xee75, 0xee75, 0xee75, 0xee75, 0xee75, 0xee75, 
	0xee75, 0xee75, 0xee75, 0xee75, 0xee75, 0xee75, 0xee76, 0xee76, 0xee76, 0xee96, 0xee96, 0xee96, 0xee96, 0xee96, 0xee96, 0xee96, 
	0xee96, 0xee96, 0xee96, 0xee96, 0xee96, 0xeeb7, 0xeeb7, 0xeeb7, 0xeeb7, 0xeeb7, 0xeeb7, 0xeeb7, 0xeeb7, 0xeeb7, 0xeed7, 0xeed7, 
	0xeed7, 0xeed7, 0xeed8, 0xeed8, 0xeed8, 0xeed8, 0xeed8, 0xeed8, 0xeed8, 0xeef8, 0xeef8, 0xeef8, 0xeef8, 0xeef8, 0xf6f8, 0xf6f8, 
	0xf6f8, 0xf6f8, 0xeef9, 0xeef9, 0xeef9, 0xeef9, 0xf6f9, 0xf6f9, 0xf6f9, 0xf6f9, 0xf719, 0xf719, 0xef1b, 0xe6fa, 0xc6fe, 0xc6fe, 
	0xc6fe, 0xc6fe, 0xc6fe, 0xc6fe, 0xc6fd, 0xcf3e, 0xd75e, 0xd75e, 0xd75e, 0xe79f, 0xe7bf, 0xe7bf, 0xe7bf, 0xe7bf, 0xe7bf, 0xe7bf, 
	0xe7bf, 0xe7bf, 0xe7bf, 0xe7bf, 0xe7bf, 0xe7bf, 0xe7bf, 0xe7bf, 0xe7bf, 0xe7bf, 0xe7bf, 0xe7bf, 0xdf3d, 0xd6fc, 0xdedc, 0xdefc, 
	0xe36b, 0xba47, 0xd226, 0xd226, 0xd246, 0xd226, 0xd226, 0xd226, 0xd226, 0xd226, 0xd226, 0xd246, 0xd246, 0xd226, 0xca46, 0xd2a8, 
	0xc3ee, 0xc3ee, 0xac0f, 0xd554, 0xe7df, 0xe7bf, 0xe7bf, 0xe7bf, 0xe7bf, 0xe7bf, 0xe7bf, 0xe7bf, 0xe7bf, 0xe7bf, 0xe7bf, 0xe7bf, 
	0xe7bf, 0xe7bf, 0xe7bf, 0xe7bf, 0xe7bf, 0xe7bf, 0xe7bf, 0xe7bf, 0xe7bf, 0xe7bf, 0xefbf, 0xf7ff, 0xf7ff, 0xf7ff, 0xefdf, 0xe79f, 
	0xe7bf, 0xe7bf, 0xef3a, 0xe6f9, 0xf6f8, 0xeef8, 0xeef8, 0xeef8, 0xeef8, 0xeef8, 0xeef8, 0xeed8, 0xeed8, 0xeed8, 0xeed8, 0xeed8, 
	0xeed8, 0xeed8, 0xeed7, 0xeed7, 0xeed7, 0xeed7, 0xeeb7, 0xeeb7, 0xeeb7, 0xeeb7, 0xeeb7, 0xeeb7, 0xeeb7, 0xeeb7, 0xee96, 0xee96, 
	0xee96, 0xee96, 0xee96, 0xee96, 0xee96, 0xee96, 0xee96, 0xee96, 0xee96, 0xee96, 0xee96, 0xee76, 0xee76, 0xee76, 0xee75, 0xee75, 
	0xee75, 0xee75, 0xee75, 0xee75, 0xee75, 0xee75, 0xee75, 0xee75, 0xee75, 0xee75, 0xee75, 0xee75, 0xee75, 0xee75, 0xee75, 0xee75, 
	0xee75, 0xee75, 0xee75, 0xee75, 0xee75, 0xee75, 0xee75, 0xee75, 0xee75, 0xee75, 0xee75, 0xee75, 0xee75, 0xee75, 0xee75, 0xee75, 
	0xee75, 0xee75, 0xee75, 0xee75, 0xee75, 0xee75, 0xee75, 0xee75, 0xee75, 0xee75, 0xee75, 0xee75, 0xee75, 0xee75, 0xee75, 0xee75, 
	0xee75, 0xee75, 0xee75, 0xee75, 0xee75, 0xee76, 0xee76, 0xee76, 0xee96, 0xee96, 0xee96, 0xee96, 0xee96, 0xee96, 0xee96, 0xee96, 
	0xee96, 0xee96, 0xee96, 0xee96, 0xeeb7, 0xeeb7, 0xeeb7, 0xeeb7, 0xeeb7, 0xeeb7, 0xeeb7, 0xeeb7, 0xeeb7, 0xeed7, 0xeed7, 0xeed7, 
	0xeed8, 0xeed8, 0xeed8, 0xeed8, 0xeed8, 0xeed8, 0xeed8, 0xeef8, 0xeef8, 0xeef8, 0xeef8, 0xeef8, 0xeef8, 0xf6f8, 0xf6f8, 0xf6f8, 
	0xeef9, 0xeef9, 0xeef9, 0xeef9, 0xf6f9, 0xf6f9, 0xf6f9, 0xf6f9, 0xeef9, 0xf719, 0xf73a, 0xf73a, 0xef5c, 0xe71a, 0xc6fe, 0xc6fe, 
	0xc6fe, 0xc6fe, 0xc6fe, 0xc6fe, 0xc6fd, 0xd73f, 0xd75f, 0xd75f, 0xdf5e, 0xe79f, 0xe7bf, 0xe7bf, 0xe7bf, 0xe7bf, 0xe7bf, 0xe7bf, 
	0xe7bf, 0xe7bf, 0xe7bf, 0xe7bf, 0xe7bf, 0xe7bf, 0xe7bf, 0xe7bf, 0xe7bf, 0xe7bf, 0xe7bf, 0xe7bf, 0xdf5d, 0xd71c, 0xdefc, 0xdf1d, 
	0xdb6b, 0xba47, 0xd226, 0xd226, 0xd246, 0xd226, 0xd226, 0xd226, 0xd226, 0xd226, 0xd226, 0xd246, 0xd246, 0xd226, 0xc246, 0xd2a8, 
	0xc42f, 0xc40f, 0xac0f, 0xdd75, 0xe7df, 0xe7bf, 0xe7bf, 0xe7bf, 0xe7bf, 0xe7bf, 0xe7bf, 0xe7bf, 0xe7bf, 0xe7bf, 0xe7bf, 0xe7bf, 
	0xe7bf, 0xe7bf, 0xe7bf, 0xe7bf, 0xe7bf, 0xe7bf, 0xe7bf, 0xe7bf, 0xe7bf, 0xe79f, 0xefbf, 0xf7ff, 0xf7ff, 0xffff, 0xefdf, 0xe79f, 
	0xe7bf, 0xe7bf, 0xf75b, 0xef3a, 0xf739, 0xf739, 0xf6f8, 0xeef8, 0xeef8, 0xeef8, 0xeef8, 0xeef8, 0xeed8, 0xeed8, 0xeed8, 0xeed8, 
	0xeed8, 0xeed8, 0xeed8, 0xeed8, 0xeed7, 0xeed7, 0xeed7, 0xeeb7, 0xeeb7, 0xeeb7, 0xeeb7, 0xeeb7, 0xeeb7, 0xeeb7, 0xeeb7, 0xeeb6, 
	0xee96, 0xee96, 0xee96, 0xee96, 0xee96, 0xee96, 0xee96, 0xee96, 0xee96, 0xee96, 0xee96, 0xee96, 0xee76, 0xee76, 0xee95, 0xee75, 
	0xee75, 0xee75, 0xee75, 0xee75, 0xee75, 0xee75, 0xee75, 0xee75, 0xee75, 0xee75, 0xee75, 0xee75, 0xee75, 0xee75, 0xee75, 0xee75, 
	0xee75, 0xee75, 0xee75, 0xee75, 0xee75, 0xee75, 0xee75, 0xee75, 0xee75, 0xee75, 0xee75, 0xee75, 0xee75, 0xee75, 0xee75, 0xee75, 
	0xee75, 0xee75, 0xee75, 0xee75, 0xee75, 0xee75, 0xee75, 0xee75, 0xee75, 0xee75, 0xee75, 0xee75, 0xee75, 0xee75, 0xee75, 0xee75, 
	0xee75, 0xee75, 0xee75, 0xee75, 0xee76, 0xee76, 0xee76, 0xee96, 0xee96, 0xee96, 0xee96, 0xee96, 0xee96, 0xee96, 0xee96, 0xee96, 
	0xee96, 0xee96, 0xeeb6, 0xeeb7, 0xeeb7, 0xeeb7, 0xeeb7, 0xeeb7, 0xeeb7, 0xeeb7, 0xeeb7, 0xeed7, 0xeed7, 0xeed7, 0xeed8, 0xeed8, 
	0xeed8, 0xeed8, 0xeed8, 0xeed8, 0xeed8, 0xeed8, 0xeef8, 0xeef8, 0xeef8, 0xeef8, 0xeef8, 0xf6f8, 0xf6f8, 0xf6f8, 0xeef9, 0xeef9, 
	0xeef9, 0xeef9, 0xf6f9, 0xf6f9, 0xf6f9, 0xf6f9, 0xf719, 0xf719, 0xfef9, 0xe656, 0xe4f1, 0xe511, 0xd533, 0xe5d6, 0xc71e, 0xc6fe, 
	0xc6fe, 0xc6fe, 0xc6fe, 0xc6fe, 0xc6fd, 0xcf1e, 0xcf3e, 0xcf3e, 0xd73e, 0xdf9f, 0xe7bf, 0xe7bf, 0xe7bf, 0xe7bf, 0xe7bf, 0xe7bf, 
	0xe7bf, 0xe7bf, 0xe7bf, 0xe7bf, 0xe7bf, 0xe7bf, 0xe7bf, 0xe7bf, 0xe7bf, 0xe7bf, 0xe7bf, 0xe7bf, 0xdedc, 0xce7a, 0xd679, 0xde7a, 
	0xdb4b, 0xba47, 0xd246, 0xd246, 0xd246, 0xd246, 0xd246, 0xd246, 0xd246, 0xd246, 0xd246, 0xd246, 0xd246, 0xd246, 0xca46, 0xd287, 
	0xbb8c, 0xbb8c, 0xa38d, 0xd513, 0xe7df, 0xe7bf, 0xe7bf, 0xe7bf, 0xe7bf, 0xe7bf, 0xe7bf, 0xe7bf, 0xe7bf, 0xe7bf, 0xe7bf, 0xe7bf, 
	0xe7bf, 0xe7bf, 0xe7bf, 0xe7bf, 0xe7bf, 0xe7bf, 0xe79f, 0xe7bf, 0xefbf, 0xefbf, 0xefbf, 0xf7ff, 0xf7df, 0xf7ff, 0xefdf, 0xe79f, 
	0xe7bf, 0xe7bf, 0xf637, 0xcd12, 0xe4f1, 0xe4f0, 0xe635, 0xfed8, 0xeef8, 0xeef8, 0xeef8, 0xeef8, 0xeef8, 0xeef8, 0xeed8, 0xeed8, 
	0xeed8, 0xeed8, 0xeed8, 0xeed8, 0xeed8, 0xeed7, 0xeed7, 0xeed7, 0xeeb7, 0xeeb7, 0xeeb7, 0xeeb7, 0xeeb7, 0xeeb7, 0xeeb7, 0xeeb7, 
	0xeeb7, 0xee96, 0xee96, 0xee96, 0xee96, 0xee96, 0xee96, 0xee96, 0xee96, 0xee96, 0xee96, 0xee96, 0xee96, 0xee76, 0xee76, 0xee76, 
	0xee75, 0xee75, 0xee75, 0xee75, 0xee75, 0xee75, 0xee75, 0xee75, 0xee75, 0xee75, 0xee75, 0xee75, 0xee75, 0xee75, 0xee75, 0xee75, 
	0xee75, 0xee75, 0xee75, 0xee75, 0xee75, 0xee75, 0xee75, 0xee75, 0xee75, 0xee75, 0xee75, 0xee75, 0xee75, 0xee75, 0xee75, 0xee75, 
	0xee75, 0xee75, 0xee75, 0xee75, 0xee75, 0xee75, 0xee75, 0xee75, 0xee75, 0xee75, 0xee75, 0xee75, 0xee75, 0xee75, 0xee75, 0xee75, 
	0xee75, 0xee75, 0xee75, 0xee76, 0xee76, 0xee76, 0xee96, 0xee96, 0xee96, 0xee96, 0xee96, 0xee96, 0xee96, 0xee96, 0xee96, 0xee96, 
	0xee96, 0xee96, 0xeeb7, 0xeeb7, 0xeeb7, 0xeeb7, 0xeeb7, 0xeeb7, 0xeeb7, 0xeeb7, 0xeed7, 0xeed7, 0xeed7, 0xeed7, 0xeed8, 0xeed8, 
	0xeed8, 0xeed8, 0xeed8, 0xeed8, 0xeef8, 0xeef8, 0xeef8, 0xeef8, 0xeef8, 0xf6f8, 0xf6f8, 0xf6f8, 0xeef8, 0xeef9, 0xeef9, 0xeef9, 
	0xf6f9, 0xf6f9, 0xf6f9, 0xf6f9, 0xf6f9, 0xf6f9, 0xef19, 0xef19, 0xfef9, 0xd552, 0xc9c4, 0xd1e4, 0xaa27, 0xec2f, 0xcf3f, 0xc6fe, 
	0xc6fe, 0xc6fe, 0xc6fe, 0xc6fe, 0xc6fe, 0xc6fe, 0xc6fe, 0xc6fe, 0xc6fd, 0xdf9f, 0xe7bf, 0xe7bf, 0xe7bf, 0xe7bf, 0xe7bf, 0xe7bf, 
	0xe7bf, 0xe7bf, 0xe7bf, 0xe7bf, 0xe7bf, 0xe7bf, 0xe7bf, 0xe7bf, 0xe7bf, 0xe7bf, 0xe7bf, 0xe7bf, 0xde59, 0xc596, 0xcd96, 0xd596, 
	0xdb0a, 0xc247, 0xd226, 0xd246, 0xd246, 0xd226, 0xd226, 0xd226, 0xd226, 0xd226, 0xd226, 0xd246, 0xd246, 0xd226, 0xca46, 0xca46, 
	0xb288, 0xb288, 0x9aa9, 0xd471, 0xe7df, 0xe7bf, 0xe7bf, 0xe7bf, 0xe7bf, 0xe7bf, 0xe7bf, 0xe7bf, 0xe7bf, 0xe7bf, 0xe7bf, 0xe7bf, 
	0xe7bf, 0xe7bf, 0xe7bf, 0xe7bf, 0xe7bf, 0xe7bf, 0xe7bf, 0xefdf, 0xefdf, 0xefdf, 0xf7df, 0xf7df, 0xf7df, 0xf7df, 0xefdf, 0xe79f, 
	0xdfbf, 0xe7ff, 0xf4b1, 0xaa27, 0xd1e5, 0xc9c4, 0xd532, 0xfed8, 0xeef8, 0xeef8, 0xeef8, 0xeef8, 0xeef8, 0xeef8, 0xeef8, 0xeed8, 
	0xeed8, 0xeed8, 0xeed8, 0xeed8, 0xeed8, 0xeed8, 0xeed7, 0xeed7, 0xeed7, 0xeeb7, 0xeeb7, 0xeeb7, 0xeeb7, 0xeeb7, 0xeeb7, 0xeeb7, 
	0xeeb7, 0xeeb7, 0xee96, 0xee96, 0xee96, 0xee96, 0xee96, 0xee96, 0xee96, 0xee96, 0xee96, 0xee96, 0xee96, 0xee96, 0xee76, 0xee76, 
	0xee76, 0xee75, 0xee75, 0xee75, 0xee75, 0xee75, 0xee75, 0xee75, 0xee75, 0xee75, 0xee75, 0xee75, 0xee75, 0xee75, 0xee75, 0xee75, 
	0xee75, 0xee75, 0xee75, 0xee75, 0xee75, 0xee75, 0xee75, 0xee75, 0xee75, 0xee75, 0xee75, 0xee75, 0xee75, 0xee75, 0xee75, 0xee75, 
	0xee75, 0xee75, 0xee75, 0xee75, 0xee75, 0xee75, 0xee75, 0xee75, 0xee75, 0xee75, 0xee75, 0xee75, 0xee75, 0xee75, 0xee75, 0xee75, 
	0xee75, 0xee75, 0xee76, 0xee76, 0xee76, 0xee96, 0xee96, 0xee96, 0xee96, 0xee96, 0xee96, 0xee96, 0xee96, 0xee96, 0xee96, 0xee96, 
	0xeeb6, 0xeeb7, 0xeeb7, 0xeeb7, 0xeeb7, 0xeeb7, 0xeeb7, 0xeeb7, 0xeeb7, 0xeed7, 0xeed7, 0xeed7, 0xeed8, 0xeed8, 0xeed8, 0xeed8, 
	0xeed8, 0xeed8, 0xeed8, 0xeef8, 0xeef8, 0xeef8, 0xeef8, 0xeef8, 0xf6f8, 0xf6f8, 0xeef8, 0xeef9, 0xeef9, 0xeef9, 0xf6f9, 0xf6f9, 
	0xf6f9, 0xf6f9, 0xf6f9, 0xf6f9, 0xf719, 0xf719, 0xef5a, 0xef5a, 0xff39, 0xd593, 0xd205, 0xd225, 0xaa68, 0xec50, 0xc73f, 0xc6fe, 
	0xc6fe, 0xc6fe, 0xc6fe, 0xc6fe, 0xc6fe, 0xc6fe, 0xc6fe, 0xc6fe, 0xcefd, 0xdf9f, 0xe7bf, 0xe7bf, 0xe7bf, 0xe7bf, 0xe7bf, 0xe7bf, 
	0xe7bf, 0xe7bf, 0xe7bf, 0xe7bf, 0xe7bf, 0xe7bf, 0xe7bf, 0xe7bf, 0xe7bf, 0xe7bf, 0xe7bf, 0xe7bf, 0xde7a, 0xc5b7, 0xcd96, 0xd5b6, 
	0xdb0a, 0xc247, 0xd226, 0xd246, 0xd246, 0xd226, 0xd226, 0xd226, 0xd226, 0xd226, 0xd226, 0xd246, 0xd246, 0xd226, 0xca46, 0xca46, 
	0xb2a9, 0xb2a9, 0x9aaa, 0xd491, 0xe7df, 0xe7bf, 0xe7bf, 0xe7bf, 0xe7bf, 0xe7bf, 0xe7bf, 0xe7bf, 0xe7bf, 0xe7bf, 0xe7bf, 0xe7bf, 
	0xe7bf, 0xe7bf, 0xe7bf, 0xe7bf, 0xe7bf, 0xe7bf, 0xe7bf, 0xefdf, 0xefdf, 0xefdf, 0xf7df, 0xf7df, 0xf7df, 0xf7ff, 0xefdf, 0xe79f, 
	0xdfbf, 0xe7df, 0xf4b1, 0xaa67, 0xd225, 0xd205, 0xd572, 0xff19, 0xef39, 0xef19, 0xeef8, 0xeef8, 0xeef8, 0xeef8, 0xeef8, 0xeef8, 
	0xeef8, 0xeed8, 0xeed8, 0xeed8, 0xeed8, 0xeed8, 0xeed8, 0xeed8, 0xeed7, 0xeed7, 0xeed7, 0xeeb7, 0xeeb7, 0xeeb7, 0xeeb7, 0xeeb7, 
	0xeeb7, 0xeeb7, 0xeeb7, 0xee96, 0xee96, 0xee96, 0xee96, 0xee96, 0xee96, 0xee96, 0xee96, 0xee96, 0xee96, 0xee96, 0xee96, 0xee76, 
	0xee76, 0xee76, 0xee75, 0xee75, 0xee75, 0xee75, 0xee75, 0xee75, 0xee75, 0xee75, 0xee75, 0xee75, 0xee75, 0xee75, 0xee75, 0xee75, 
	0xee75, 0xee75, 0xee75, 0xee75, 0xee75, 0xee75, 0xee75, 0xee75, 0xee75, 0xee75, 0xee75, 0xee75, 0xee75, 0xee75, 0xee75, 0xee75, 
	0xee75, 0xee75, 0xee75, 0xee75, 0xee75, 0xee75, 0xee75, 0xee75, 0xee75, 0xee75, 0xee75, 0xee75, 0xee75, 0xee75, 0xee75, 0xee75, 
	0xee75, 0xee76, 0xee76, 0xee76, 0xee96, 0xee96, 0xee96, 0xee96, 0xee96, 0xee96, 0xee96, 0xee96, 0xee96, 0xee96, 0xee96, 0xee96, 
	0xeeb7, 0xeeb7, 0xeeb7, 0xeeb7, 0xeeb7, 0xeeb7, 0xeeb7, 0xeeb7, 0xeed7, 0xeed7, 0xeed7, 0xeed8, 0xeed8, 0xeed8, 0xeed8, 0xeed8, 
	0xeed8, 0xeed8, 0xeef8, 0xeef8, 0xeef8, 0xeef8, 0xf6f8, 0xf6f8, 0xf6f8, 0xf6f8, 0xeef9, 0xeef9, 0xeef9, 0xf6f9, 0xf6f9, 0xf6f9, 
	0xf6f9, 0xf6f9, 0xf719, 0xf719, 0xf719, 0xeeb8, 0xe5b4, 0xe5d4, 0xfdb4, 0xd48f, 0xd205, 0xd226, 0xaa88, 0xec70, 0xc73f, 0xc6fe, 
	0xc6fe, 0xc6fe, 0xc6fe, 0xc6fe, 0xc6fe, 0xc6fe, 0xc6fe, 0xc6fe, 0xcefd, 0xdf9f, 0xe7bf, 0xe7bf, 0xe7bf, 0xe7bf, 0xe7bf, 0xe7bf, 
	0xe7bf, 0xe7bf, 0xe7bf, 0xe7bf, 0xe7bf, 0xe7bf, 0xe7bf, 0xe7bf, 0xe7bf, 0xe7bf, 0xe7bf, 0xe7bf, 0xde38, 0xbd55, 0xcd54, 0xcd55, 
	0xd309, 0xc267, 0xd246, 0xd246, 0xd246, 0xd246, 0xd246, 0xd246, 0xd246, 0xd246, 0xd246, 0xd246, 0xd246, 0xd246, 0xca46, 0xca46, 
	0xb267, 0xb267, 0x9268, 0xd450, 0xe7df, 0xe7bf, 0xe7bf, 0xe7bf, 0xe7bf, 0xe7bf, 0xe7bf, 0xe7bf, 0xe7bf, 0xe7bf, 0xe7bf, 0xe7bf, 
	0xe7bf, 0xe7bf, 0xe7bf, 0xe7bf, 0xe7bf, 0xe7bf, 0xe7bf, 0xefdf, 0xefdf, 0xefdf, 0xefdf, 0xefdf, 0xefdf, 0xefdf, 0xefbf, 0xe79f, 
	0xdfbf, 0xe7df, 0xfcd1, 0xaa68, 0xd226, 0xd225, 0xd48f, 0xfd93, 0xe5b4, 0xe5b3, 0xee97, 0xf6f8, 0xeef8, 0xeef8, 0xeef8, 0xeef8, 
	0xeef8, 0xeef8, 0xeed8, 0xeed8, 0xeed8, 0xeed8, 0xeed8, 0xeed8, 0xeed8, 0xeed7, 0xeed7, 0xeed7, 0xeeb7, 0xeeb7, 0xeeb7, 0xeeb7, 
	0xeeb7, 0xeeb7, 0xeeb7, 0xeeb7, 0xee96, 0xee96, 0xee96, 0xee96, 0xee96, 0xee96, 0xee96, 0xee96, 0xee96, 0xee96, 0xee96, 0xee96, 
	0xee76, 0xee76, 0xee95, 0xee75, 0xee75, 0xee75, 0xee75, 0xee75, 0xee75, 0xee75, 0xee75, 0xee75, 0xee75, 0xee75, 0xee75, 0xee75, 
	0xee75, 0xee75, 0xee75, 0xee75, 0xee75, 0xee75, 0xee75, 0xee75, 0xee75, 0xee75, 0xee75, 0xee75, 0xee75, 0xee75, 0xee75, 0xee75, 
	0xee75, 0xee75, 0xee75, 0xee75, 0xee75, 0xee75, 0xee75, 0xee75, 0xee75, 0xee75, 0xee75, 0xee75, 0xee75, 0xee75, 0xee75, 0xee75, 
	0xee76, 0xee76, 0xee76, 0xee96, 0xee96, 0xee96, 0xee96, 0xee96, 0xee96, 0xee96, 0xee96, 0xee96, 0xee96, 0xee96, 0xeeb6, 0xeeb7, 
	0xeeb7, 0xeeb7, 0xeeb7, 0xeeb7, 0xeeb7, 0xeeb7, 0xeeb7, 0xeed7, 0xeed7, 0xeed7, 0xeed8, 0xeed8, 0xeed8, 0xeed8, 0xeed8, 0xeed8, 
	0xeef8, 0xeef8, 0xeef8, 0xeef8, 0xeef8, 0xf6f8, 0xf6f8, 0xf6f8, 0xeef9, 0xeef9, 0xeef9, 0xf6f9, 0xf6f9, 0xf6f9, 0xf6f9, 0xf6f9, 
	0xf6f9, 0xf6f9, 0xef19, 0xef19, 0xfef9, 0xe5f5, 0xca05, 0xca25, 0xd205, 0xd226, 0xd225, 0xd225, 0xaa68, 0xec50, 0xc73f, 0xc6fe, 
	0xc6fe, 0xc6fe, 0xc6fe, 0xc6fe, 0xc6fe, 0xc6fe, 0xc6fe, 0xc6fe, 0xcefd, 0xdf9f, 0xe7bf, 0xe7bf, 0xe7bf, 0xe7bf, 0xe7bf, 0xe7bf, 
	0xe7bf, 0xe7bf, 0xe7bf, 0xe7bf, 0xe7bf, 0xe7bf, 0xe7bf, 0xe7bf, 0xe7bf, 0xe7bf, 0xe7bf, 0xe7df, 0xdd95, 0xac50, 0xc430, 0xc450, 
	0xd2c8, 0xc247, 0xd226, 0xd246, 0xd246, 0xd246, 0xd226, 0xd226, 0xd226, 0xd226, 0xd246, 0xd246, 0xd246, 0xd226, 0xd246, 0xca05, 
	0xa984, 0xa984, 0x8985, 0xd3cd, 0xe7ff, 0xe7bf, 0xe7bf, 0xe7bf, 0xe7bf, 0xe7bf, 0xe7bf, 0xe7bf, 0xe7bf, 0xe7bf, 0xe7bf, 0xe7bf, 
	0xe7bf, 0xe7bf, 0xe7bf, 0xe7bf, 0xe7bf, 0xe7bf, 0xef9f, 0xf7ff, 0xf7ff, 0xf7ff, 0xefdf, 0xe79f, 0xe7bf, 0xe7bf, 0xe7bf, 0xe7bf, 
	0xdfbf, 0xe7df, 0xfcd1, 0xaa68, 0xd225, 0xd225, 0xd225, 0xd205, 0xd225, 0xca05, 0xddd4, 0xfed8, 0xeef8, 0xeef8, 0xf6f8, 0xeef8, 
	0xeef8, 0xeef8, 0xeef8, 0xeed8, 0xeed8, 0xeed8, 0xeed8, 0xeed8, 0xeed8, 0xeed8, 0xeed7, 0xeed7, 0xeed7, 0xeeb7, 0xeeb7, 0xeeb7, 
	0xeeb7, 0xeeb7, 0xeeb7, 0xeeb7, 0xeeb7, 0xeeb6, 0xee96, 0xee96, 0xee96, 0xee96, 0xee96, 0xee96, 0xee96, 0xee96, 0xee96, 0xee96, 
	0xee96, 0xee76, 0xee76, 0xee76, 0xee75, 0xee75, 0xee75, 0xee75, 0xee75, 0xee75, 0xee75, 0xee75, 0xee75, 0xee75, 0xee75, 0xee75, 
	0xee75, 0xee75, 0xee75, 0xee75, 0xee75, 0xee75, 0xee75, 0xee75, 0xee75, 0xee75, 0xee75, 0xee75, 0xee75, 0xee75, 0xee75, 0xee75, 
	0xee75, 0xee75, 0xee75, 0xee75, 0xee75, 0xee75, 0xee75, 0xee75, 0xee75, 0xee75, 0xee75, 0xee75, 0xee75, 0xee75, 0xee75, 0xee95, 
	0xee76, 0xee76, 0xee96, 0xee96, 0xee96, 0xee96, 0xee96, 0xee96, 0xee96, 0xee96, 0xee96, 0xee96, 0xee96, 0xee96, 0xeeb7, 0xeeb7, 
	0xeeb7, 0xeeb7, 0xeeb7, 0xeeb7, 0xeeb7, 0xeed7, 0xeed7, 0xeed7, 0xeed8, 0xeed8, 0xeed8, 0xeed8, 0xeed8, 0xeed8, 0xeed8, 0xeef8, 
	0xeef8, 0xeef8, 0xeef8, 0xf6f8, 0xf6f8, 0xf6f8, 0xeef9, 0xeef9, 0xeef9, 0xeef9, 0xf6f9, 0xf6f9, 0xf6f9, 0xf6f9, 0xf6f9, 0xf6f9, 
	0xf719, 0xf719, 0xf73a, 0xf73a, 0xff39, 0xe615, 0xca25, 0xca26, 0xd226, 0xd226, 0xd225, 0xd225, 0xaa68, 0xec50, 0xc73f, 0xc6fe, 
	0xc6fe, 0xc6fe, 0xc6fe, 0xc6fe, 0xc6fe, 0xc6fe, 0xc6fe, 0xc6fe, 0xcefd, 0xdf9f, 0xe7bf, 0xe7bf, 0xe7bf, 0xe7bf, 0xe7bf, 0xe7bf, 
	0xe7bf, 0xe7bf, 0xe7bf, 0xe7bf, 0xe7bf, 0xe7bf, 0xe7bf, 0xe7bf, 0xe7bf, 0xe7bf, 0xe7bf, 0xe7df, 0xdd96, 0xb451, 0xc450, 0xc450, 
	0xd2c8, 0xc246, 0xd226, 0xd226, 0xd246, 0xd226, 0xd226, 0xd226, 0xd226, 0xd226, 0xd226, 0xd246, 0xd246, 0xd226, 0xd246, 0xca05, 
	0xa984, 0xa984, 0x8985, 0xd3cd, 0xe7ff, 0xe7bf, 0xe7bf, 0xe7bf, 0xe7bf, 0xe7bf, 0xe7bf, 0xe7bf, 0xe7bf, 0xe7bf, 0xe7bf, 0xe7bf, 
	0xe7bf, 0xe7bf, 0xe7bf, 0xe7bf, 0xe7bf, 0xe7bf, 0xef9f, 0xf7ff, 0xf7ff, 0xf7ff, 0xefdf, 0xe79f, 0xe7bf, 0xe7bf, 0xe7bf, 0xe7bf, 
	0xdfbf, 0xe7ff, 0xfcd1, 0xaa67, 0xd225, 0xd225, 0xd226, 0xd226, 0xca26, 0xca25, 0xddf4, 0xff19, 0xef19, 0xef19, 0xeef8, 0xeef8, 
	0xeef8, 0xeef8, 0xeef8, 0xeef8, 0xeef8, 0xeed8, 0xeed8, 0xeed8, 0xeed8, 0xeed8, 0xeed8, 0xeed7, 0xeed7, 0xeed7, 0xeeb7, 0xeeb7, 
	0xeeb7, 0xeeb7, 0xeeb7, 0xeeb7, 0xeeb7, 0xeeb7, 0xee96, 0xee96, 0xee96, 0xee96, 0xee96, 0xee96, 0xee96, 0xee96, 0xee96, 0xee96, 
	0xee96, 0xee96, 0xee76, 0xee76, 0xee95, 0xee75, 0xee75, 0xee75, 0xee75, 0xee75, 0xee75, 0xee75, 0xee75, 0xee75, 0xee75, 0xee75, 
	0xee75, 0xee75, 0xee75, 0xee75, 0xee75, 0xee75, 0xee75, 0xee75, 0xee75, 0xee75, 0xee75, 0xee75, 0xee75, 0xee75, 0xee75, 0xee75, 
	0xee75, 0xee75, 0xee75, 0xee75, 0xee75, 0xee75, 0xee75, 0xee75, 0xee75, 0xee75, 0xee75, 0xee75, 0xee75, 0xee75, 0xee76, 0xee76, 
	0xee76, 0xee96, 0xee96, 0xee96, 0xee96, 0xee96, 0xee96, 0xee96, 0xee96, 0xee96, 0xee96, 0xee96, 0xeeb6, 0xeeb7, 0xeeb7, 0xeeb7, 
	0xeeb7, 0xeeb7, 0xeeb7, 0xeeb7, 0xeed7, 0xeed7, 0xeed7, 0xeed7, 0xeed8, 0xeed8, 0xeed8, 0xeed8, 0xeed8, 0xeed8, 0xeef8, 0xeef8, 
	0xeef8, 0xeef8, 0xf6f8, 0xf6f8, 0xf6f8, 0xf6f8, 0xeef9, 0xeef9, 0xf6f9, 0xf6f9, 0xf6f9, 0xf6f9, 0xf6f9, 0xf6f9, 0xf719, 0xf719, 
	0xf719, 0xeef9, 0xee56, 0xee56, 0xfe56, 0xdd52, 0xca26, 0xd246, 0xd246, 0xd246, 0xd226, 0xd226, 0xaa88, 0xec70, 0xc73f, 0xc6fe, 
	0xc6fe, 0xc6fe, 0xc6fe, 0xc6fe, 0xc6fd, 0xc6fd, 0xc6fe, 0xc6fe, 0xcefd, 0xdf9f, 0xe7bf, 0xe7bf, 0xe7bf, 0xe7bf, 0xe7bf, 0xe7bf, 
	0xe7bf, 0xe7bf, 0xe7bf, 0xe7bf, 0xe7bf, 0xe7bf, 0xe7bf, 0xe7bf, 0xe7bf, 0xe7bf, 0xe7bf, 0xe7df, 0xdd75, 0xac10, 0xc40f, 0xc40f, 
	0xd2a8, 0xca47, 0xd246, 0xd246, 0xd246, 0xd246, 0xd246, 0xd246, 0xd246, 0xd246, 0xd246, 0xd246, 0xd246, 0xd246, 0xca66, 0xca25, 
	0xa984, 0xa984, 0x89a5, 0xd3ce, 0xe7ff, 0xe7bf, 0xe7bf, 0xe7bf, 0xe7bf, 0xe7bf, 0xe7bf, 0xe7bf, 0xe7bf, 0xe7bf, 0xe7bf, 0xe7bf, 
	0xe7bf, 0xe7bf, 0xe7bf, 0xe7bf, 0xe7bf, 0xe7bf, 0xef9e, 0xf7ff, 0xf7ff, 0xf7ff, 0xefdf, 0xe79f, 0xe7bf, 0xe7bf, 0xe79f, 0xdf7e, 
	0xdf7e, 0xe7bf, 0xf4b1, 0xaa68, 0xd226, 0xd226, 0xd246, 0xd246, 0xd246, 0xca26, 0xdd52, 0xfe35, 0xee36, 0xee56, 0xeed8, 0xf6f8, 
	0xeef8, 0xeef8, 0xeef8, 0xeef8, 0xeef8, 0xeef8, 0xeed8, 0xeed8, 0xeed8, 0xeed8, 0xeed8, 0xeed8, 0xeed7, 0xeed7, 0xeed7, 0xeeb7, 
	0xeeb7, 0xeeb7, 0xeeb7, 0xeeb7, 0xeeb7, 0xeeb7, 0xeeb7, 0xeeb6, 0xee96, 0xee96, 0xee96, 0xee96, 0xee96, 0xee96, 0xee96, 0xee96, 
	0xee96, 0xee96, 0xee76, 0xee76, 0xee76, 0xee75, 0xee75, 0xee75, 0xee75, 0xee75, 0xee75, 0xee75, 0xee75, 0xee75, 0xee75, 0xee75, 
	0xee75, 0xee75, 0xee75, 0xee75, 0xee75, 0xee75, 0xee75, 0xee75, 0xee75, 0xee75, 0xee75, 0xee75, 0xee75, 0xee75, 0xee75, 0xee75, 
	0xee75, 0xee75, 0xee75, 0xee75, 0xee75, 0xee75, 0xee75, 0xee75, 0xee75, 0xee75, 0xee75, 0xee75, 0xee75, 0xee95, 0xee76, 0xee76, 
	0xee96, 0xee96, 0xee96, 0xee96, 0xee96, 0xee96, 0xee96, 0xee96, 0xee96, 0xee96, 0xee96, 0xee96, 0xeeb7, 0xeeb7, 0xeeb7, 0xeeb7, 
	0xeeb7, 0xeeb7, 0xeeb7, 0xeed7, 0xeed7, 0xeed7, 0xeed8, 0xeed8, 0xeed8, 0xeed8, 0xeed8, 0xeed8, 0xeed8, 0xeef8, 0xeef8, 0xeef8, 
	0xeef8, 0xeef8, 0xf6f8, 0xf6f8, 0xeef9, 0xeef9, 0xeef9, 0xf6f9, 0xf6f9, 0xf6f9, 0xf6f9, 0xf6f9, 0xf719, 0xf719, 0xf719, 0xf719, 
	0xff19, 0xee77, 0xd267, 0xca47, 0xd246, 0xd267, 0xd246, 0xd246, 0xd246, 0xd246, 0xd226, 0xd226, 0xaa68, 0xec50, 0xc73f, 0xc6fe, 
	0xc6fe, 0xc6fe, 0xc6fe, 0xc6fe, 0xc6fe, 0xc6fe, 0xc6fe, 0xc6fe, 0xcefd, 0xdf9f, 0xe7bf, 0xe7bf, 0xe7bf, 0xe7bf, 0xe7bf, 0xe7bf, 
	0xe7bf, 0xe7bf, 0xe7bf, 0xe7bf, 0xe7bf, 0xe7bf, 0xe7bf, 0xe7bf, 0xe7bf, 0xe7bf, 0xe7bf, 0xe7df, 0xd4b2, 0x9aeb, 0xbaea, 0xbaea, 
	0xca67, 0xca46, 0xd246, 0xd246, 0xd246, 0xd246, 0xd246, 0xd246, 0xd246, 0xd246, 0xd246, 0xd246, 0xd246, 0xd246, 0xd246, 0xca05, 
	0xa984, 0xa984, 0x89a5, 0xd3ce, 0xe7ff, 0xe7bf, 0xe7bf, 0xe7bf, 0xe7bf, 0xe7bf, 0xe7bf, 0xe7bf, 0xe7bf, 0xe7bf, 0xe7bf, 0xe7bf, 
	0xe7bf, 0xe7bf, 0xe7bf, 0xe7bf, 0xe7bf, 0xe7bf, 0xef9e, 0xf7ff, 0xf7ff, 0xf7ff, 0xefdf, 0xe79f, 0xe7bf, 0xe7bf, 0xef1c, 0xd67a, 
	0xde59, 0xe69a, 0xec2e, 0xb267, 0xd226, 0xd226, 0xd246, 0xd246, 0xd246, 0xd246, 0xd246, 0xd246, 0xca46, 0xd267, 0xee56, 0xfef8, 
	0xeef8, 0xeef8, 0xf6f8, 0xeef8, 0xeef8, 0xeef8, 0xeef8, 0xeed8, 0xeed8, 0xeed8, 0xeed8, 0xeed8, 0xeed8, 0xeed8, 0xeed7, 0xeed7, 
	0xeeb7, 0xeeb7, 0xeeb7, 0xeeb7, 0xeeb7, 0xeeb7, 0xeeb7, 0xeeb7, 0xee96, 0xee96, 0xee96, 0xee96, 0xee96, 0xee96, 0xee96, 0xee96, 
	0xee96, 0xee96, 0xee96, 0xee76, 0xee76, 0xee76, 0xee75, 0xee75, 0xee75, 0xee75, 0xee75, 0xee75, 0xee75, 0xee75, 0xee75, 0xee75, 
	0xee75, 0xee75, 0xee75, 0xee75, 0xee75, 0xee75, 0xee75, 0xee75, 0xee75, 0xee75, 0xee75, 0xee75, 0xee75, 0xee75, 0xee75, 0xee75, 
	0xee75, 0xee75, 0xee75, 0xee75, 0xee75, 0xee75, 0xee75, 0xee75, 0xee75, 0xee75, 0xee75, 0xee75, 0xee75, 0xee76, 0xee76, 0xee76, 
	0xee96, 0xee96, 0xee96, 0xee96, 0xee96, 0xee96, 0xee96, 0xee96, 0xee96, 0xee96, 0xeeb6, 0xeeb7, 0xeeb7, 0xeeb7, 0xeeb7, 0xeeb7, 
	0xeeb7, 0xeeb7, 0xeed7, 0xeed7, 0xeed7, 0xeed7, 0xeed8, 0xeed8, 0xeed8, 0xeed8, 0xeed8, 0xeef8, 0xeef8, 0xeef8, 0xeef8, 0xeef8, 
	0xf6f8, 0xf6f8, 0xeef9, 0xeef9, 0xeef9, 0xf6f9, 0xf6f9, 0xf6f9, 0xf6f9, 0xf6f9, 0xf6f9, 0xf719, 0xf719, 0xf719, 0xf73a, 0xf73a, 
	0xff39, 0xee77, 0xd247, 0xca26, 0xd226, 0xd246, 0xd226, 0xd226, 0xd226, 0xd226, 0xd225, 0xd225, 0xaa68, 0xec70, 0xc73f, 0xc71e, 
	0xc71e, 0xc6fe, 0xc6fe, 0xc6fe, 0xc6fe, 0xc6fe, 0xc6fe, 0xc6fe, 0xcefd, 0xdf9f, 0xe7bf, 0xe7bf, 0xe7bf, 0xe7bf, 0xe7bf, 0xe7bf, 
	0xe7bf, 0xe7bf, 0xe7bf, 0xe7bf, 0xe7bf, 0xe7bf, 0xe7bf, 0xe7bf, 0xe7bf, 0xe7bf, 0xe7bf, 0xe7df, 0xd4b2, 0x9aeb, 0xbaea, 0xbaea, 
	0xca67, 0xca46, 0xd226, 0xd226, 0xd246, 0xd226, 0xd226, 0xd226, 0xd226, 0xd226, 0xd226, 0xd246, 0xd246, 0xd226, 0xd246, 0xca05, 
	0xa984, 0xa984, 0x8985, 0xd3cd, 0xe7ff, 0xe7bf, 0xe7bf, 0xe7bf, 0xe7bf, 0xe7bf, 0xe7bf, 0xe7bf, 0xe7bf, 0xe7bf, 0xe7bf, 0xe7bf, 
	0xe7bf, 0xe7bf, 0xe7bf, 0xe7bf, 0xe7bf, 0xe7bf, 0xef9f, 0xf7ff, 0xf7ff, 0xf7ff, 0xefdf, 0xe79f, 0xe7bf, 0xe7bf, 0xef1d, 0xd67a, 
	0xde59, 0xe69a, 0xec2e, 0xb267, 0xd226, 0xd226, 0xd226, 0xd226, 0xd226, 0xd226, 0xd246, 0xd226, 0xca26, 0xd246, 0xee56, 0xfef9, 
	0xef19, 0xef19, 0xf6f8, 0xf6f8, 0xeef8, 0xeef8, 0xeef8, 0xeef8, 0xeed8, 0xeed8, 0xeed8, 0xeed8, 0xeed8, 0xeed8, 0xeed7, 0xeed7, 
	0xeed7, 0xeeb7, 0xeeb7, 0xeeb7, 0xeeb7, 0xeeb7, 0xeeb7, 0xeeb7, 0xeeb7, 0xee96, 0xee96, 0xee96, 0xee96, 0xee96, 0xee96, 0xee96, 
	0xee96, 0xee96, 0xee96, 0xee96, 0xee76, 0xee76, 0xee76, 0xee75, 0xee75, 0xee75, 0xee75, 0xee75, 0xee75, 0xee75, 0xee75, 0xee75, 
	0xee75, 0xee75, 0xee75, 0xee75, 0xee75, 0xee75, 0xee75, 0xee75, 0xee75, 0xee75, 0xee75, 0xee75, 0xee75, 0xee75, 0xee75, 0xee75, 
	0xee75, 0xee75, 0xee75, 0xee75, 0xee75, 0xee75, 0xee75, 0xee75, 0xee75, 0xee75, 0xee75, 0xee75, 0xee76, 0xee76, 0xee76, 0xee96, 
	0xee96, 0xee96, 0xee96, 0xee96, 0xee96, 0xee96, 0xee96, 0xee96, 0xee96, 0xee96, 0xeeb7, 0xeeb7, 0xeeb7, 0xeeb7, 0xeeb7, 0xeeb7, 
	0xeeb7, 0xeed7, 0xeed7, 0xeed7, 0xeed8, 0xeed8, 0xeed8, 0xeed8, 0xeed8, 0xeed8, 0xeef8, 0xeef8, 0xeef8, 0xeef8, 0xeef8, 0xeef8, 
	0xeef8, 0xeef8, 0xeef9, 0xeef9, 0xf6f9, 0xf6f9, 0xf6f9, 0xf6f9, 0xf6f9, 0xf6f9, 0xf719, 0xf719, 0xf719, 0xf719, 0xeed8, 0xeed8, 
	0xfed8, 0xee36, 0xd267, 0xca46, 0xd246, 0xd246, 0xd246, 0xd246, 0xd246, 0xd246, 0xd226, 0xd226, 0xaa68, 0xec4f, 0xc6fd, 0xc6dd, 
	0xc6dd, 0xc6dd, 0xc6fe, 0xc6fe, 0xc6fe, 0xc6fe, 0xc6fe, 0xc6fe, 0xcefd, 0xdf9f, 0xe79f, 0xe79f, 0xe79f, 0xe7bf, 0xe7bf, 0xe7bf, 
	0xe7bf, 0xe7bf, 0xe7bf, 0xe7bf, 0xe7bf, 0xe7bf, 0xe7bf, 0xe7bf, 0xe7bf, 0xe7bf, 0xe7bf, 0xe7df, 0xd4b2, 0x9aea, 0xbac9, 0xbac9, 
	0xca67, 0xca46, 0xd246, 0xd246, 0xd246, 0xd246, 0xd246, 0xd246, 0xd246, 0xd246, 0xd246, 0xd246, 0xd246, 0xd246, 0xd246, 0xca05, 
	0xa984, 0xa984, 0x89a5, 0xd3ce, 0xe7ff, 0xe7bf, 0xe7bf, 0xe7bf, 0xe7bf, 0xe7bf, 0xe7bf, 0xe7bf, 0xe7bf, 0xe7bf, 0xe7bf, 0xe7bf, 
	0xe7bf, 0xe7bf, 0xe7bf, 0xe7bf, 0xe7bf, 0xe7bf, 0xef9f, 0xf7ff, 0xf7ff, 0xf7ff, 0xefdf, 0xe79f, 0xe7bf, 0xe7bf, 0xeefc, 0xd639, 
	0xde18, 0xe638, 0xec0e, 0xb267, 0xd226, 0xd226, 0xd246, 0xd246, 0xd246, 0xd246, 0xd246, 0xd226, 0xca46, 0xd266, 0xe615, 0xfe97, 
	0xeeb7, 0xeeb7, 0xf6f8, 0xf6f8, 0xf6f8, 0xeef8, 0xeef8, 0xeef8, 0xeef8, 0xeed8, 0xeed8, 0xeed8, 0xeed8, 0xeed8, 0xeed8, 0xeed8, 
	0xeed7, 0xeed7, 0xeeb7, 0xeeb7, 0xeeb7, 0xeeb7, 0xeeb7, 0xeeb7, 0xeeb7, 0xeeb7, 0xee96, 0xee96, 0xee96, 0xee96, 0xee96, 0xee96, 
	0xee96, 0xee96, 0xee96, 0xee96, 0xee96, 0xee76, 0xee76, 0xee76, 0xee75, 0xee75, 0xee75, 0xee75, 0xee75, 0xee75, 0xee75, 0xee75, 
	0xee75, 0xee75, 0xee75, 0xee75, 0xee75, 0xee75, 0xee75, 0xee75, 0xee75, 0xee75, 0xee75, 0xee75, 0xee75, 0xee75, 0xee75, 0xee75, 
	0xee75, 0xee75, 0xee75, 0xee75, 0xee75, 0xee75, 0xee75, 0xee75, 0xee75, 0xee75, 0xee75, 0xee95, 0xee76, 0xee76, 0xee96, 0xee96, 
	0xee96, 0xee96, 0xee96, 0xee96, 0xee96, 0xee96, 0xee96, 0xee96, 0xeeb6, 0xeeb7, 0xeeb7, 0xeeb7, 0xeeb7, 0xeeb7, 0xeeb7, 0xeeb7, 
	0xeed7, 0xeed7, 0xeed7, 0xeed8, 0xeed8, 0xeed8, 0xeed8, 0xeed8, 0xeed8, 0xeef8, 0xeef8, 0xeef8, 0xeef8, 0xf6f8, 0xf6f8, 0xf6f8, 
	0xeef9, 0xeef9, 0xeef9, 0xf6f9, 0xf6f9, 0xf6f9, 0xf6f9, 0xf6f9, 0xf719, 0xf719, 0xf719, 0xf719, 0xff19, 0xf6d8, 0xd309, 0xcaa8, 
	0xd2a8, 0xd288, 0xd246, 0xd246, 0xd246, 0xd246, 0xd246, 0xd246, 0xd246, 0xd246, 0xd246, 0xd246, 0xc247, 0xdb09, 0xd3ee, 0xd3ce, 
	0xb410, 0xe596, 0xc71e, 0xc6fe, 0xc6fe, 0xc6fe, 0xc6fe, 0xc6fe, 0xc6fd, 0xc71e, 0xc71e, 0xc71e, 0xcf1d, 0xdfbf, 0xe7bf, 0xe7bf, 
	0xe7bf, 0xe7bf, 0xe7bf, 0xe7bf, 0xe7bf, 0xe7bf, 0xe7bf, 0xe7bf, 0xe7bf, 0xe7bf, 0xe7bf, 0xe7ff, 0xd3ee, 0x89c6, 0xa9a4, 0xa9a4, 
	0xca25, 0xca46, 0xd246, 0xd246, 0xd246, 0xd246, 0xd246, 0xd246, 0xd246, 0xd246, 0xd246, 0xd246, 0xd246, 0xd246, 0xca66, 0xc225, 
	0xa984, 0xa984, 0x89a5, 0xd3ce, 0xe7ff, 0xe7bf, 0xe7bf, 0xe7bf, 0xe7bf, 0xe7bf, 0xe7bf, 0xe7bf, 0xe7bf, 0xe7bf, 0xe7bf, 0xe7bf, 
	0xe7bf, 0xe7bf, 0xe7bf, 0xe7bf, 0xe7bf, 0xe7bf, 0xe79f, 0xefdf, 0xefdf, 0xefdf, 0xe7df, 0xe7bf, 0xdfbf, 0xe7df, 0xfd94, 0xaaea, 
	0xd288, 0xd288, 0xd287, 0xca46, 0xd246, 0xd246, 0xd246, 0xd246, 0xd246, 0xd246, 0xd246, 0xd246, 0xd246, 0xd246, 0xd2a7, 0xd2a7, 
	0xcaa8, 0xd309, 0xeeb7, 0xf6f8, 0xeef8, 0xeef8, 0xf6f8, 0xeef8, 0xeef8, 0xeef8, 0xeed8, 0xeed8, 0xeed8, 0xeed8, 0xeed8, 0xeed8, 
	0xeed7, 0xeed7, 0xeed7, 0xeeb7, 0xeeb7, 0xeeb7, 0xeeb7, 0xeeb7, 0xeeb7, 0xeeb7, 0xeeb7, 0xee96, 0xee96, 0xee96, 0xee96, 0xee96, 
	0xee96, 0xee96, 0xee96, 0xee96, 0xee96, 0xee96, 0xee76, 0xee76, 0xee76, 0xee75, 0xee75, 0xee75, 0xee75, 0xee75, 0xee75, 0xee75, 
	0xee75, 0xee75, 0xee75, 0xee75, 0xee75, 0xee75, 0xee75, 0xee75, 0xee75, 0xee75, 0xee75, 0xee75, 0xee75, 0xee75, 0xee75, 0xee75, 
	0xee75, 0xee75, 0xee75, 0xee75, 0xee75, 0xee75, 0xee75, 0xee75, 0xee75, 0xee75, 0xee76, 0xee76, 0xee76, 0xee96, 0xee96, 0xee96, 
	0xee96, 0xee96, 0xee96, 0xee96, 0xee96, 0xee96, 0xee96, 0xee96, 0xeeb7, 0xeeb7, 0xeeb7, 0xeeb7, 0xeeb7, 0xeeb7, 0xeeb7, 0xeed7, 
	0xeed7, 0xeed7, 0xeed8, 0xeed8, 0xeed8, 0xeed8, 0xeed8, 0xeed8, 0xeef8, 0xeef8, 0xeef8, 0xeef8, 0xf6f8, 0xf6f8, 0xf6f8, 0xf6f9, 
	0xeef9, 0xeef9, 0xf6f9, 0xf6f9, 0xf6f9, 0xf6f9, 0xf6f9, 0xf719, 0xf719, 0xf719, 0xf719, 0xf719, 0xff19, 0xf6b8, 0xd287, 0xca26, 
	0xd225, 0xd225, 0xd226, 0xd226, 0xd226, 0xd246, 0xd226, 0xd226, 0xd226, 0xd226, 0xd226, 0xd226, 0xca46, 0xdac8, 0xd36c, 0xd36c, 
	0xabae, 0xe575, 0xc71e, 0xc6fe, 0xc6fe, 0xc6fe, 0xc6fe, 0xc6fe, 0xc6fd, 0xc6fe, 0xc6fe, 0xc6fd, 0xcf1d, 0xdfbf, 0xe7bf, 0xe7bf, 
	0xe7bf, 0xe7bf, 0xe7bf, 0xe7bf, 0xe7bf, 0xe7bf, 0xe7bf, 0xe7bf, 0xe7bf, 0xe7bf, 0xe7bf, 0xe7ff, 0xd3ee, 0x89a5, 0xa984, 0xa984, 
	0xca05, 0xd246, 0xd226, 0xd246, 0xd246, 0xd226, 0xd226, 0xd226, 0xd226, 0xd226, 0xd226, 0xd246, 0xd246, 0xd226, 0xd246, 0xca05, 
	0xa984, 0xa984, 0x8985, 0xd3cd, 0xe7ff, 0xe7bf, 0xe7bf, 0xe7bf, 0xe7bf, 0xe7bf, 0xe7bf, 0xe7bf, 0xe7bf, 0xe7bf, 0xe7bf, 0xe7bf, 
	0xe7bf, 0xe7bf, 0xe7bf, 0xe7bf, 0xe7bf, 0xe7bf, 0xe7bf, 0xefdf, 0xefdf, 0xefdf, 0xe7df, 0xe7bf, 0xdfbf, 0xe7df, 0xfd53, 0xa268, 
	0xd205, 0xd205, 0xd246, 0xd226, 0xd226, 0xd226, 0xd226, 0xd226, 0xd226, 0xd226, 0xd246, 0xd226, 0xd226, 0xd226, 0xd225, 0xd225, 
	0xca26, 0xd287, 0xeeb7, 0xf6f9, 0xeef9, 0xeef9, 0xf6f8, 0xf6f8, 0xeef8, 0xeef8, 0xeef8, 0xeef8, 0xeed8, 0xeed8, 0xeed8, 0xeed8, 
	0xeed8, 0xeed8, 0xeed7, 0xeed7, 0xeeb7, 0xeeb7, 0xeeb7, 0xeeb7, 0xeeb7, 0xeeb7, 0xeeb7, 0xeeb7, 0xee96, 0xee96, 0xee96, 0xee96, 
	0xee96, 0xee96, 0xee96, 0xee96, 0xee96, 0xee96, 0xee96, 0xee76, 0xee76, 0xee75, 0xee75, 0xee75, 0xee75, 0xee75, 0xee75, 0xee75, 
	0xee75, 0xee75, 0xee75, 0xee75, 0xee75, 0xee75, 0xee75, 0xee75, 0xee75, 0xee75, 0xee75, 0xee75, 0xee75, 0xee75, 0xee75, 0xee75, 
	0xee75, 0xee75, 0xee75, 0xee75, 0xee75, 0xee75, 0xee75, 0xee75, 0xee75, 0xee75, 0xee76, 0xee76, 0xee96, 0xee96, 0xee96, 0xee96, 
	0xee96, 0xee96, 0xee96, 0xee96, 0xee96, 0xee96, 0xee96, 0xeeb7, 0xeeb7, 0xeeb7, 0xeeb7, 0xeeb7, 0xeeb7, 0xeeb7, 0xeed7, 0xeed7, 
	0xeed7, 0xeed8, 0xeed8, 0xeed8, 0xeed8, 0xeed8, 0xeed8, 0xeef8, 0xeef8, 0xeef8, 0xeef8, 0xf6f8, 0xf6f8, 0xf6f8, 0xeef9, 0xeef9, 
	0xf6f9, 0xf6f9, 0xf6f9, 0xf6f9, 0xf6f9, 0xf6f9, 0xf719, 0xf719, 0xf719, 0xf719, 0xf719, 0xf719, 0xff19, 0xeed8, 0xd2a8, 0xca46, 
	0xd226, 0xd246, 0xd226, 0xd226, 0xd226, 0xd246, 0xd246, 0xd226, 0xd226, 0xd246, 0xd226, 0xd226, 0xc247, 0xdac9, 0xd38c, 0xd36c, 
	0xabae, 0xe575, 0xc71e, 0xc6fe, 0xc6fe, 0xc6fe, 0xc6fe, 0xc6fe, 0xc6fd, 0xc6fe, 0xc6fe, 0xc6fe, 0xcf1d, 0xdfbf, 0xe7bf, 0xe7bf, 
	0xe7bf, 0xe7bf, 0xe7bf, 0xe7bf, 0xe7bf, 0xe7bf, 0xe7bf, 0xe7bf, 0xe7bf, 0xe7bf, 0xe7bf, 0xe7ff, 0xd3ee, 0x89a5, 0xa984, 0xa984, 
	0xca05, 0xd246, 0xd226, 0xd246, 0xd246, 0xd226, 0xd226, 0xd226, 0xd226, 0xd226, 0xd226, 0xd246, 0xd246, 0xd226, 0xd246, 0xca05, 
	0xa984, 0xa984, 0x89a5, 0xd3ce, 0xe7ff, 0xe7bf, 0xe7bf, 0xe7bf, 0xe7bf, 0xe7bf, 0xe7bf, 0xe7bf, 0xe7bf, 0xe7bf, 0xe7bf, 0xe7bf, 
	0xe7bf, 0xe7bf, 0xe7bf, 0xe7bf, 0xe7bf, 0xe7bf, 0xe7bf, 0xefdf, 0xefdf, 0xefdf, 0xe7df, 0xe7bf, 0xdfbf, 0xe7df, 0xfd54, 0xa288, 
	0xd225, 0xd225, 0xd246, 0xd226, 0xd226, 0xd226, 0xd246, 0xd226, 0xd226, 0xd246, 0xd246, 0xd226, 0xd226, 0xd226, 0xd246, 0xd226, 
	0xca46, 0xd2a8, 0xeeb7, 0xf6f8, 0xeef9, 0xeef9, 0xf6f8, 0xf6f8, 0xf6f8, 0xeef8, 0xeef8, 0xeef8, 0xeef8, 0xeed8, 0xeed8, 0xeed8, 
	0xeed8, 0xeed8, 0xeed7, 0xeed7, 0xeed7, 0xeeb7, 0xeeb7, 0xeeb7, 0xeeb7, 0xeeb7, 0xeeb7, 0xeeb7, 0xee96, 0xee96, 0xee96, 0xee96, 
	0xee96, 0xee96, 0xee96, 0xee96, 0xee96, 0xee96, 0xee96, 0xee76, 0xee76, 0xee76, 0xee75, 0xee75, 0xee75, 0xee75, 0xee75, 0xee75, 
	0xee75, 0xee75, 0xee75, 0xee75, 0xee75, 0xee75, 0xee75, 0xee75, 0xee75, 0xee75, 0xee75, 0xee75, 0xee75, 0xee75, 0xee75, 0xee75, 
	0xee75, 0xee75, 0xee75, 0xee75, 0xee75, 0xee75, 0xee75, 0xee75, 0xee75, 0xee76, 0xee76, 0xee76, 0xee96, 0xee96, 0xee96, 0xee96, 
	0xee96, 0xee96, 0xee96, 0xee96, 0xee96, 0xee96, 0xeeb7, 0xeeb7, 0xeeb7, 0xeeb7, 0xeeb7, 0xeeb7, 0xeeb7, 0xeed7, 0xeed7, 0xeed7, 
	0xeed8, 0xeed8, 0xeed8, 0xeed8, 0xeed8, 0xeed8, 0xeef8, 0xeef8, 0xeef8, 0xeef8, 0xf6f8, 0xf6f8, 0xeef9, 0xeef9, 0xeef9, 0xf6f9, 
	0xf6f9, 0xf6f9, 0xf6f9, 0xf6f9, 0xf719, 0xf719, 0xf719, 0xf719, 0xf719, 0xf719, 0xf73a, 0xf73a, 0xff19, 0xeed8, 0xd2a8, 0xca46, 
	0xd226, 0xd246, 0xd246, 0xd226, 0xd226, 0xd246, 0xd246, 0xd226, 0xd226, 0xd246, 0xd226, 0xd226, 0xca46, 0xd267, 0xd267, 0xd267, 
	0xaaca, 0xecf2, 0xc71f, 0xc6fe, 0xc6fe, 0xc6fe, 0xc6fe, 0xc6fe, 0xc6fe, 0xc6fe, 0xc6fe, 0xc6fe, 0xcf1d, 0xdfbf, 0xe7bf, 0xe7bf, 
	0xe7bf, 0xe7bf, 0xe7bf, 0xe7bf, 0xe7bf, 0xe7bf, 0xe7bf, 0xe7bf, 0xe7bf, 0xe7bf, 0xe7bf, 0xe7ff, 0xd3ee, 0x89a5, 0xa984, 0xa984, 
	0xca05, 0xd246, 0xd226, 0xd246, 0xd246, 0xd246, 0xd226, 0xd226, 0xd226, 0xd226, 0xd246, 0xd246, 0xd246, 0xd226, 0xd246, 0xca05, 
	0xa984, 0xa984, 0x89a5, 0xd3ce, 0xe7ff, 0xe7bf, 0xe7bf, 0xe7bf, 0xe7bf, 0xe7bf, 0xe7bf, 0xe7bf, 0xe7bf, 0xe7bf, 0xe7bf, 0xe7bf, 
	0xe7bf, 0xe7bf, 0xe7bf, 0xe7bf, 0xe7bf, 0xe7bf, 0xe7bf, 0xe7bf, 0xe7bf, 0xe7bf, 0xe7bf, 0xe7bf, 0xdfbf, 0xe7df, 0xfd54, 0xa288, 
	0xd225, 0xd225, 0xd246, 0xd226, 0xd226, 0xd226, 0xd246, 0xd226, 0xd226, 0xd246, 0xd246, 0xd226, 0xd226, 0xd246, 0xd246, 0xd226, 
	0xca46, 0xd267, 0xdb6b, 0xdb6b, 0xcb8b, 0xe40d, 0xf6f8, 0xf6f8, 0xeef8, 0xeef8, 0xeef8, 0xeef8, 0xeef8, 0xeef8, 0xeed8, 0xeed8, 
	0xeed8, 0xeed8, 0xeed8, 0xeed8, 0xeed7, 0xeed7, 0xeeb7, 0xeeb7, 0xeeb7, 0xeeb7, 0xeeb7, 0xeeb7, 0xeeb7, 0xeeb6, 0xee96, 0xee96, 
	0xee96, 0xee96, 0xee96, 0xee96, 0xee96, 0xee96, 0xee96, 0xee96, 0xee76, 0xee76, 0xee95, 0xee75, 0xee75, 0xee75, 0xee75, 0xee75, 
	0xee75, 0xee75, 0xee75, 0xee75, 0xee75, 0xee75, 0xee75, 0xee75, 0xee75, 0xee75, 0xee75, 0xee75, 0xee75, 0xee75, 0xee75, 0xee75, 
	0xee75, 0xee75, 0xee75, 0xee75, 0xee75, 0xee75, 0xee75, 0xee75, 0xee76, 0xee76, 0xee76, 0xee96, 0xee96, 0xee96, 0xee96, 0xee96, 
	0xee96, 0xee96, 0xee96, 0xee96, 0xee96, 0xee96, 0xeeb7, 0xeeb7, 0xeeb7, 0xeeb7, 0xeeb7, 0xeeb7, 0xeeb7, 0xeed7, 0xeed7, 0xeed8, 
	0xeed8, 0xeed8, 0xeed8, 0xeed8, 0xeed8, 0xeef8, 0xeef8, 0xeef8, 0xeef8, 0xf6f8, 0xeef8, 0xeef8, 0xeef9, 0xeef9, 0xf6f9, 0xf6f9, 
	0xf6f9, 0xf6f9, 0xf6f9, 0xf719, 0xf719, 0xf719, 0xf719, 0xf719, 0xf719, 0xf719, 0xf73a, 0xf73a, 0xff19, 0xeed8, 0xd2a8, 0xca46, 
	0xd226, 0xd226, 0xd226, 0xd226, 0xd226, 0xd246, 0xd226, 0xd226, 0xd226, 0xd226, 0xd226, 0xd226, 0xd226, 0xd246, 0xd225, 0xd225, 
	0xa289, 0xf4d2, 0xc73f, 0xc6fe, 0xc6fe, 0xc6fe, 0xc6fe, 0xc6fe, 0xc6fe, 0xc6fe, 0xc6fe, 0xc6fe, 0xcf1d, 0xdfbf, 0xe7bf, 0xe7bf, 
	0xe7bf, 0xe7bf, 0xe7bf, 0xe7bf, 0xe7bf, 0xe7bf, 0xe7bf, 0xe7bf, 0xe7bf, 0xe7bf, 0xe7bf, 0xe7ff, 0xd3ee, 0x89a5, 0xa984, 0xa984, 
	0xca05, 0xd246, 0xd226, 0xd246, 0xd246, 0xd226, 0xd226, 0xd226, 0xd226, 0xd226, 0xd226, 0xd246, 0xd246, 0xd226, 0xd246, 0xca05, 
	0xa984, 0xa984, 0x89a5, 0xd3ce, 0xe7ff, 0xe7bf, 0xe7bf, 0xe7bf, 0xe7bf, 0xe7bf, 0xe7bf, 0xe7bf, 0xe7bf, 0xe7bf, 0xe7bf, 0xe7bf, 
	0xe7bf, 0xe7bf, 0xe7bf, 0xe7bf, 0xe7bf, 0xe7bf, 0xe7bf, 0xe7bf, 0xe7bf, 0xe7bf, 0xe7bf, 0xe7bf, 0xdfbf, 0xe7df, 0xfd54, 0xa288, 
	0xd225, 0xd225, 0xd246, 0xd226, 0xd226, 0xd226, 0xd226, 0xd226, 0xd226, 0xd226, 0xd246, 0xd226, 0xd226, 0xd226, 0xd226, 0xd226, 
	0xd246, 0xd246, 0xd267, 0xd267, 0xc287, 0xdb2a, 0xf6f8, 0xf6f8, 0xeef8, 0xeef8, 0xf6f8, 0xeef8, 0xeef8, 0xeef8, 0xeef8, 0xeed8, 
	0xeed8, 0xeed8, 0xeed8, 0xeed8, 0xeed7, 0xeed7, 0xeed7, 0xeeb7, 0xeeb7, 0xeeb7, 0xeeb7, 0xeeb7, 0xeeb7, 0xeeb7, 0xee96, 0xee96, 
	0xee96, 0xee96, 0xee96, 0xee96, 0xee96, 0xee96, 0xee96, 0xee96, 0xee96, 0xee76, 0xee76, 0xee76, 0xee75, 0xee75, 0xee75, 0xee75, 
	0xee75, 0xee75, 0xee75, 0xee75, 0xee75, 0xee75, 0xee75, 0xee75, 0xee75, 0xee75, 0xee75, 0xee75, 0xee75, 0xee75, 0xee75, 0xee75, 
	0xee75, 0xee75, 0xee75, 0xee75, 0xee75, 0xee75, 0xee75, 0xee95, 0xee76, 0xee76, 0xee96, 0xee96, 0xee96, 0xee96, 0xee96, 0xee96, 
	0xee96, 0xee96, 0xee96, 0xee96, 0xeeb6, 0xeeb7, 0xeeb7, 0xeeb7, 0xeeb7, 0xeeb7, 0xeeb7, 0xeeb7, 0xeed7, 0xeed7, 0xeed8, 0xeed8, 
	0xeed8, 0xeed8, 0xeed8, 0xeed8, 0xeef8, 0xeef8, 0xeef8, 0xeef8, 0xf6f8, 0xf6f8, 0xeef9, 0xeef9, 0xeef9, 0xf6f9, 0xf6f9, 0xf6f9, 
	0xf6f9, 0xf6f9, 0xf719, 0xf719, 0xf719, 0xf719, 0xf719, 0xf719, 0xf73a, 0xf73a, 0xf75a, 0xf75a, 0xff5a, 0xf6f9, 0xd2a8, 0xca46, 
	0xd226, 0xd246, 0xd226, 0xd226, 0xd226, 0xd246, 0xd246, 0xd226, 0xd226, 0xd226, 0xd226, 0xd226, 0xd246, 0xd246, 0xd225, 0xd225, 
	0xa289, 0xecd2, 0xc73f, 0xc6fe, 0xc6fe, 0xc6fe, 0xc6fe, 0xc6fe, 0xc6fe, 0xc6fe, 0xc6fe, 0xc6fe, 0xcf1d, 0xdfbf, 0xe7bf, 0xe7bf, 
	0xe7bf, 0xe7bf, 0xe7bf, 0xe7bf, 0xe7bf, 0xe7bf, 0xe7bf, 0xe7bf, 0xe7bf, 0xe7bf, 0xe7bf, 0xe7ff, 0xd3ee, 0x89a5, 0xa984, 0xa984, 
	0xca05, 0xd246, 0xd226, 0xd246, 0xd246, 0xd226, 0xd226, 0xd226, 0xd226, 0xd226, 0xd226, 0xd246, 0xd246, 0xd226, 0xd246, 0xca05, 
	0xa984, 0xa984, 0x89a5, 0xd3ce, 0xe7ff, 0xe7bf, 0xe7bf, 0xe7bf, 0xe7bf, 0xe7bf, 0xe7bf, 0xe7bf, 0xe7bf, 0xe7bf, 0xe7bf, 0xe7bf, 
	0xe7bf, 0xe7bf, 0xe7bf, 0xe7bf, 0xe7bf, 0xe7bf, 0xe7bf, 0xe7bf, 0xe7bf, 0xe7bf, 0xe7bf, 0xe7bf, 0xdfbf, 0xe7df, 0xfd54, 0xa288, 
	0xd225, 0xd225, 0xd246, 0xd246, 0xd226, 0xd226, 0xd246, 0xd226, 0xd226, 0xd246, 0xd246, 0xd226, 0xd226, 0xd226, 0xd246, 0xd226, 
	0xd246, 0xd246, 0xd2a8, 0xd2a8, 0xcaa8, 0xdb4b, 0xf6f8, 0xf6f8, 0xeef9, 0xeef8, 0xf6f8, 0xf6f8, 0xeef8, 0xeef8, 0xeef8, 0xeed8, 
	0xeed8, 0xeed8, 0xeed8, 0xeed8, 0xeed8, 0xeed8, 0xeed7, 0xeed7, 0xeeb7, 0xeeb7, 0xeeb7, 0xeeb7, 0xeeb7, 0xeeb7, 0xeeb7, 0xee96, 
	0xee96, 0xee96, 0xee96, 0xee96, 0xee96, 0xee96, 0xee96, 0xee96, 0xee96, 0xee76, 0xee76, 0xee76, 0xee75, 0xee75, 0xee75, 0xee75, 
	0xee75, 0xee75, 0xee75, 0xee75, 0xee75, 0xee75, 0xee75, 0xee75, 0xee75, 0xee75, 0xee75, 0xee75, 0xee75, 0xee75, 0xee75, 0xee75, 
	0xee75, 0xee75, 0xee75, 0xee75, 0xee75, 0xee75, 0xee75, 0xee76, 0xee76, 0xee96, 0xee96, 0xee96, 0xee96, 0xee96, 0xee96, 0xee96, 
	0xee96, 0xee96, 0xee96, 0xee96, 0xeeb7, 0xeeb7, 0xeeb7, 0xeeb7, 0xeeb7, 0xeeb7, 0xeeb7, 0xeed7, 0xeed7, 0xeed7, 0xeed8, 0xeed8, 
	0xeed8, 0xeed8, 0xeed8, 0xeef8, 0xeef8, 0xeef8, 0xeef8, 0xf6f8, 0xf6f8, 0xf6f8, 0xeef9, 0xeef9, 0xf6f9, 0xf6f9, 0xf6f9, 0xf6f9, 
	0xf719, 0xf719, 0xf719, 0xf719, 0xf719, 0xf719, 0xf73a, 0xf73a, 0xf719, 0xf719, 0xe44e, 0xd3cc, 0xdbcc, 0xdbac, 0xd267, 0xca46, 
	0xd246, 0xd246, 0xd246, 0xd226, 0xd246, 0xd246, 0xd246, 0xd246, 0xd226, 0xd246, 0xd246, 0xd226, 0xd246, 0xd246, 0xd225, 0xd225, 
	0xa289, 0xecd2, 0xc73f, 0xc6fe, 0xc6fe, 0xc6fe, 0xc6fe, 0xc6fe, 0xc6fe, 0xc6fe, 0xc6fe, 0xc6fe, 0xcf1d, 0xdfbf, 0xe7bf, 0xe7bf, 
	0xe7bf, 0xe7bf, 0xe7bf, 0xe7bf, 0xe7bf, 0xe7bf, 0xe7bf, 0xe7bf, 0xe7bf, 0xe7bf, 0xe7bf, 0xe7ff, 0xd3ee, 0x89a5, 0xa984, 0xa984, 
	0xca05, 0xd246, 0xd226, 0xd246, 0xd246, 0xd246, 0xd226, 0xd226, 0xd226, 0xd226, 0xd246, 0xd246, 0xd246, 0xd226, 0xd246, 0xca05, 
	0xa984, 0xa984, 0x89a5, 0xd3ce, 0xe7ff, 0xe7bf, 0xe7bf, 0xe7bf, 0xe7bf, 0xe7bf, 0xe7bf, 0xe7bf, 0xe7bf, 0xe7bf, 0xe7bf, 0xe7bf, 
	0xe7bf, 0xe7bf, 0xe7bf, 0xe7bf, 0xe7bf, 0xe7bf, 0xe7bf, 0xe7bf, 0xe7bf, 0xe7bf, 0xe7bf, 0xe7bf, 0xdfbf, 0xe7df, 0xfd54, 0xa288, 
	0xd225, 0xd226, 0xd246, 0xd246, 0xd246, 0xd246, 0xd246, 0xd246, 0xd246, 0xd246, 0xd246, 0xd246, 0xd246, 0xd246, 0xd246, 0xd246, 
	0xd246, 0xd246, 0xd267, 0xd267, 0xc267, 0xdb29, 0xf6f8, 0xf6f8, 0xeef9, 0xeef9, 0xf6f8, 0xf6f8, 0xf6f8, 0xeef8, 0xeef8, 0xeef8, 
	0xeef8, 0xeed8, 0xeed8, 0xeed8, 0xeed8, 0xeed8, 0xeed7, 0xeed7, 0xeed7, 0xeeb7, 0xeeb7, 0xeeb7, 0xeeb7, 0xeeb7, 0xeeb7, 0xeeb7, 
	0xee96, 0xee96, 0xee96, 0xee96, 0xee96, 0xee96, 0xee96, 0xee96, 0xee96, 0xee96, 0xee76, 0xee76, 0xee95, 0xee75, 0xee75, 0xee75, 
	0xee75, 0xee75, 0xee75, 0xee75, 0xee75, 0xee75, 0xee75, 0xee75, 0xee75, 0xee75, 0xee75, 0xee75, 0xee75, 0xee75, 0xee75, 0xee75, 
	0xee75, 0xee75, 0xee75, 0xee75, 0xee75, 0xee75, 0xee76, 0xee76, 0xee76, 0xee96, 0xee96, 0xee96, 0xee96, 0xee96, 0xee96, 0xee96, 
	0xee96, 0xee96, 0xee96, 0xeeb7, 0xeeb7, 0xeeb7, 0xeeb7, 0xeeb7, 0xeeb7, 0xeeb7, 0xeed7, 0xeed7, 0xeed8, 0xeed8, 0xeed8, 0xeed8, 
	0xeed8, 0xeed8, 0xeef8, 0xeef8, 0xeef8, 0xeef8, 0xf6f8, 0xf6f8, 0xeef9, 0xeef9, 0xeef9, 0xf6f9, 0xf6f9, 0xf6f9, 0xf6f9, 0xf6f9, 
	0xf719, 0xf719, 0xf719, 0xf719, 0xf719, 0xf719, 0xf73a, 0xf73a, 0xf719, 0xf719, 0xdae9, 0xc205, 0xd205, 0xd205, 0xd226, 0xd226, 
	0xd226, 0xd226, 0xd226, 0xd226, 0xd226, 0xd246, 0xd226, 0xd226, 0xd226, 0xd226, 0xd226, 0xd226, 0xd226, 0xd246, 0xd225, 0xd225, 
	0xa289, 0xecd2, 0xc73f, 0xc6fe, 0xc6fe, 0xc6fe, 0xc6fe, 0xc6fe, 0xc6fe, 0xc6fe, 0xc6fe, 0xc6fe, 0xcf1d, 0xdfbf, 0xe7bf, 0xe7bf, 
	0xe7bf, 0xe7bf, 0xe7bf, 0xe7bf, 0xe7bf, 0xe7bf, 0xe7bf, 0xe7bf, 0xe7bf, 0xe7bf, 0xe7bf, 0xe7ff, 0xd3ee, 0x89a5, 0xa984, 0xa984, 
	0xca05, 0xd246, 0xd226, 0xd246, 0xd246, 0xd226, 0xd226, 0xd226, 0xd226, 0xd226, 0xd226, 0xd246, 0xd246, 0xd226, 0xd246, 0xca05, 
	0xa984, 0xa984, 0x89a5, 0xd3ce, 0xe7ff, 0xe7bf, 0xe7bf, 0xe7bf, 0xe7bf, 0xe7bf, 0xe7bf, 0xe7bf, 0xe7bf, 0xe7bf, 0xe7bf, 0xe7bf, 
	0xe7bf, 0xe7bf, 0xe7bf, 0xe7bf, 0xe7bf, 0xe7bf, 0xe7bf, 0xe7bf, 0xe7bf, 0xe7bf, 0xe7bf, 0xe7bf, 0xdfbf, 0xe7df, 0xfd54, 0xa288, 
	0xd225, 0xd225, 0xd246, 0xd226, 0xd226, 0xd226, 0xd226, 0xd226, 0xd226, 0xd226, 0xd246, 0xd226, 0xd226, 0xd226, 0xd226, 0xd226, 
	0xd226, 0xd246, 0xd226, 0xd226, 0xc226, 0xdb09, 0xf6f8, 0xf6f9, 0xeef9, 0xeef9, 0xeef9, 0xeef8, 0xf6f8, 0xf6f8, 0xeef8, 0xeef8, 
	0xeef8, 0xeed8, 0xeed8, 0xeed8, 0xeed8, 0xeed8, 0xeed8, 0xeed7, 0xeed7, 0xeed7, 0xeeb7, 0xeeb7, 0xeeb7, 0xeeb7, 0xeeb7, 0xeeb7, 
	0xee96, 0xee96, 0xee96, 0xee96, 0xee96, 0xee96, 0xee96, 0xee96, 0xee96, 0xee96, 0xee96, 0xee76, 0xee76, 0xee76, 0xee75, 0xee75, 
	0xee75, 0xee75, 0xee75, 0xee75, 0xee75, 0xee75, 0xee75, 0xee75, 0xee75, 0xee75, 0xee75, 0xee75, 0xee75, 0xee75, 0xee75, 0xee75, 
	0xee75, 0xee75, 0xee75, 0xee75, 0xee75, 0xee95, 0xee76, 0xee76, 0xee96, 0xee96, 0xee96, 0xee96, 0xee96, 0xee96, 0xee96, 0xee96, 
	0xee96, 0xee96, 0xeeb6, 0xeeb7, 0xeeb7, 0xeeb7, 0xeeb7, 0xeeb7, 0xeeb7, 0xeed7, 0xeed7, 0xeed7, 0xeed8, 0xeed8, 0xeed8, 0xeed8, 
	0xeed8, 0xeef8, 0xeef8, 0xeef8, 0xeef8, 0xf6f8, 0xf6f8, 0xf6f8, 0xeef9, 0xeef9, 0xf6f9, 0xf6f9, 0xf6f9, 0xf6f9, 0xf719, 0xf719, 
	0xf719, 0xf719, 0xf719, 0xf719, 0xf73a, 0xf73a, 0xf75a, 0xf75b, 0xf75a, 0xf75a, 0xdb09, 0xc246, 0xd226, 0xd246, 0xd246, 0xd226, 
	0xd226, 0xd226, 0xd226, 0xd226, 0xd226, 0xd246, 0xd246, 0xd226, 0xd226, 0xd226, 0xd226, 0xd226, 0xd226, 0xd246, 0xda26, 0xda26, 
	0xa289, 0xecd2, 0xc73f, 0xc6fe, 0xc6fe, 0xc6fe, 0xc6fe, 0xc6fe, 0xc6fe, 0xc6fe, 0xc6fe, 0xc6fe, 0xcf1d, 0xdfbf, 0xe7bf, 0xe7bf, 
	0xe7bf, 0xe7bf, 0xe7bf, 0xe7bf, 0xe7bf, 0xe7bf, 0xe7bf, 0xe7bf, 0xe7bf, 0xe7bf, 0xe7bf, 0xe7ff, 0xd3ee, 0x89a5, 0xa984, 0xa984, 
	0xca05, 0xd246, 0xd226, 0xd246, 0xd246, 0xd226, 0xd226, 0xd226, 0xd226, 0xd226, 0xd226, 0xd246, 0xd246, 0xd226, 0xd246, 0xca05, 
	0xa984, 0xa984, 0x89a5, 0xd3ce, 0xe7ff, 0xe7bf, 0xe7bf, 0xe7bf, 0xe7bf, 0xe7bf, 0xe7bf, 0xe7bf, 0xe7bf, 0xe7bf, 0xe7bf, 0xe7bf, 
	0xe7bf, 0xe7bf, 0xe7bf, 0xe7bf, 0xe7bf, 0xe7bf, 0xe7bf, 0xe7bf, 0xe7bf, 0xe7bf, 0xe7bf, 0xe7bf, 0xdfbf, 0xe7df, 0xfd54, 0xaa88, 
	0xda26, 0xda26, 0xd246, 0xd226, 0xd226, 0xd226, 0xd246, 0xd226, 0xd226, 0xd226, 0xd246, 0xd226, 0xd226, 0xd226, 0xd246, 0xd226, 
	0xd226, 0xd246, 0xd246, 0xd226, 0xc246, 0xdb09, 0xf739, 0xf73a, 0xf73a, 0xf739, 0xeef9, 0xeef9, 0xf6f8, 0xf6f8, 0xf6f8, 0xeef8, 
	0xeef8, 0xeef8, 0xeed8, 0xeed8, 0xeed8, 0xeed8, 0xeed8, 0xeed8, 0xeed7, 0xeed7, 0xeeb7, 0xeeb7, 0xeeb7, 0xeeb7, 0xeeb7, 0xeeb7, 
	0xeeb7, 0xeeb6, 0xee96, 0xee96, 0xee96, 0xee96, 0xee96, 0xee96, 0xee96, 0xee96, 0xee96, 0xee96, 0xee76, 0xee76, 0xee75, 0xee75, 
	0xee75, 0xee75, 0xee75, 0xee75, 0xee75, 0xee75, 0xee75, 0xee75, 0xee75, 0xee75, 0xee75, 0xee75, 0xee75, 0xee75, 0xee75, 0xee75, 
	0xee75, 0xee75, 0xee75, 0xee75, 0xee75, 0xee76, 0xee76, 0xee76, 0xee96, 0xee96, 0xee96, 0xee96, 0xee96, 0xee96, 0xee96, 0xee96, 
	0xee96, 0xee96, 0xeeb7, 0xeeb7, 0xeeb7, 0xeeb7, 0xeeb7, 0xeeb7, 0xeed7, 0xeed7, 0xeed7, 0xeed8, 0xeed8, 0xeed8, 0xeed8, 0xeed8, 
	0xeed8, 0xeef8, 0xeef8, 0xeef8, 0xf6f8, 0xf6f8, 0xeef9, 0xeef9, 0xeef9, 0xf6f9, 0xf6f9, 0xf6f9, 0xf6f9, 0xf6f9, 0xf719, 0xf719, 
	0xf719, 0xf719, 0xf719, 0xf73a, 0xf73a, 0xf73a, 0xed32, 0xd48f, 0xe46f, 0xe46f, 0xdaa8, 0xca46, 0xd246, 0xd246, 0xd246, 0xd246, 
	0xd246, 0xd246, 0xd246, 0xd246, 0xd246, 0xd246, 0xd246, 0xd246, 0xd246, 0xd246, 0xd246, 0xd246, 0xca66, 0xca26, 0xc1e5, 0xc1e5, 
	0x9228, 0xe4d2, 0xc73f, 0xc6fe, 0xc6fe, 0xc6fe, 0xc6fe, 0xc6fe, 0xc6fe, 0xc6fe, 0xc6fe, 0xc6fe, 0xc6fd, 0xd73f, 0xd75e, 0xd75e, 
	0xd75e, 0xe7bf, 0xe7bf, 0xe7bf, 0xe7bf, 0xe7bf, 0xe7bf, 0xe7bf, 0xe7bf, 0xe7bf, 0xe7bf, 0xe7ff, 0xd3ee, 0x89a5, 0xa984, 0xa984, 
	0xca25, 0xca66, 0xd246, 0xd246, 0xd246, 0xd246, 0xd246, 0xd246, 0xd246, 0xd246, 0xd246, 0xd246, 0xd246, 0xd246, 0xca66, 0xca25, 
	0xa984, 0xa984, 0x89a5, 0xd3ee, 0xe7ff, 0xe7bf, 0xe7bf, 0xe7bf, 0xe7bf, 0xe7bf, 0xe7bf, 0xe7bf, 0xe7bf, 0xe7bf, 0xe7bf, 0xe7bf, 
	0xe7bf, 0xe7bf, 0xe7bf, 0xe7bf, 0xe7bf, 0xe7bf, 0xe7bf, 0xe7bf, 0xe7bf, 0xe7bf, 0xe7bf, 0xe7bf, 0xdfbf, 0xe7df, 0xfd54, 0x9247, 
	0xc1e5, 0xc1e5, 0xca26, 0xd246, 0xd246, 0xd246, 0xd246, 0xd246, 0xd246, 0xd246, 0xd246, 0xd246, 0xd246, 0xd246, 0xd246, 0xd246, 
	0xd246, 0xd246, 0xd246, 0xd246, 0xca46, 0xd2a7, 0xe46e, 0xe46e, 0xd46f, 0xed11, 0xf719, 0xeef9, 0xeef9, 0xeef8, 0xf6f8, 0xf6f8, 
	0xeef8, 0xeef8, 0xeef8, 0xeed8, 0xeed8, 0xeed8, 0xeed8, 0xeed8, 0xeed7, 0xeed7, 0xeed7, 0xeeb7, 0xeeb7, 0xeeb7, 0xeeb7, 0xeeb7, 
	0xeeb7, 0xeeb7, 0xee96, 0xee96, 0xee96, 0xee96, 0xee96, 0xee96, 0xee96, 0xee96, 0xee96, 0xee96, 0xee76, 0xee76, 0xee95, 0xee75, 
	0xee75, 0xee75, 0xee75, 0xee75, 0xee75, 0xee75, 0xee75, 0xee75, 0xee75, 0xee75, 0xee75, 0xee75, 0xee75, 0xee75, 0xee75, 0xee75, 
	0xee75, 0xee75, 0xee75, 0xee75, 0xee76, 0xee76, 0xee76, 0xee96, 0xee96, 0xee96, 0xee96, 0xee96, 0xee96, 0xee96, 0xee96, 0xee96, 
	0xee96, 0xeeb7, 0xeeb7, 0xeeb7, 0xeeb7, 0xeeb7, 0xeeb7, 0xeeb7, 0xeed7, 0xeed7, 0xeed8, 0xeed8, 0xeed8, 0xeed8, 0xeed8, 0xeed8, 
	0xeef8, 0xeef8, 0xeef8, 0xf6f8, 0xf6f8, 0xf6f8, 0xeef9, 0xeef9, 0xf6f9, 0xf6f9, 0xf6f9, 0xf6f9, 0xf719, 0xf719, 0xf719, 0xf719, 
	0xf719, 0xf719, 0xf73a, 0xf73a, 0xf71a, 0xf73a, 0xe34a, 0xba05, 0xd205, 0xd205, 0xd226, 0xd226, 0xd226, 0xd246, 0xd246, 0xd226, 
	0xd226, 0xd226, 0xd226, 0xd226, 0xd226, 0xd246, 0xd226, 0xd226, 0xd226, 0xd226, 0xd226, 0xd226, 0xca46, 0xc1e5, 0xa963, 0xa984, 
	0x79c6, 0xdcb2, 0xc73f, 0xc6fe, 0xc6fe, 0xc6fe, 0xc6fe, 0xc6fe, 0xc6fe, 0xc6fe, 0xc6fe, 0xc6fe, 0xc6fe, 0xc6fe, 0xc6fe, 0xc6de, 
	0xcf1e, 0xdfbf, 0xe7bf, 0xe7bf, 0xe7bf, 0xe7bf, 0xe7bf, 0xe7bf, 0xe7bf, 0xe7bf, 0xe7bf, 0xe7ff, 0xd3ee, 0x89a5, 0xa984, 0xa984, 
	0xca05, 0xd246, 0xd226, 0xd246, 0xd246, 0xd226, 0xd226, 0xd226, 0xd226, 0xd226, 0xd226, 0xd246, 0xd246, 0xd226, 0xd246, 0xca05, 
	0xa984, 0xa984, 0x89a5, 0xd3ce, 0xe7ff, 0xe7bf, 0xe7bf, 0xe7bf, 0xe7bf, 0xe7bf, 0xe7bf, 0xe7bf, 0xe7bf, 0xe7bf, 0xe7bf, 0xe7bf, 
	0xe7bf, 0xe7bf, 0xe7bf, 0xe7bf, 0xe7bf, 0xe7bf, 0xe7bf, 0xe7bf, 0xe7bf, 0xe7bf, 0xe7bf, 0xe7bf, 0xdfbf, 0xe7ff, 0xf533, 0x81e6, 
	0xb1a4, 0xb184, 0xc1e5, 0xca46, 0xd226, 0xd226, 0xd226, 0xd226, 0xd226, 0xd226, 0xd246, 0xd226, 0xd226, 0xd226, 0xd226, 0xd226, 
	0xd226, 0xd246, 0xd246, 0xd226, 0xd226, 0xd226, 0xd205, 0xd1e5, 0xba05, 0xe34a, 0xf719, 0xf6f9, 0xeef9, 0xeef9, 0xf6f8, 0xf6f8, 
	0xeef8, 0xeef8, 0xeef8, 0xeef8, 0xeed8, 0xeed8, 0xeed8, 0xeed8, 0xeed8, 0xeed8, 0xeed7, 0xeed7, 0xeeb7, 0xeeb7, 0xeeb7, 0xeeb7, 
	0xeeb7, 0xeeb7, 0xeeb7, 0xee96, 0xee96, 0xee96, 0xee96, 0xee96, 0xee96, 0xee96, 0xee96, 0xee96, 0xee96, 0xee76, 0xee76, 0xee76, 
	0xee75, 0xee75, 0xee75, 0xee75, 0xee75, 0xee75, 0xee75, 0xee75, 0xee75, 0xee75, 0xee75, 0xee75, 0xee75, 0xee75, 0xee75, 0xee75, 
	0xee75, 0xee75, 0xee75, 0xee75, 0xee76, 0xee76, 0xee96, 0xee96, 0xee96, 0xee96, 0xee96, 0xee96, 0xee96, 0xee96, 0xee96, 0xee96, 
	0xeeb7, 0xeeb7, 0xeeb7, 0xeeb7, 0xeeb7, 0xeeb7, 0xeeb7, 0xeed7, 0xeed7, 0xeed7, 0xeed8, 0xeed8, 0xeed8, 0xeed8, 0xeed8, 0xeef8, 
	0xeef8, 0xeef8, 0xf6f8, 0xf6f8, 0xeef8, 0xeef9, 0xeef9, 0xf6f9, 0xf6f9, 0xf6f9, 0xf6f9, 0xf6f9, 0xf719, 0xf719, 0xf719, 0xf719, 
	0xf719, 0xf719, 0xf75a, 0xf75b, 0xf75b, 0xff7b, 0xe38b, 0xba46, 0xd226, 0xd226, 0xd246, 0xd226, 0xd226, 0xd246, 0xd246, 0xd226, 
	0xd226, 0xd226, 0xd226, 0xd226, 0xd226, 0xd246, 0xd226, 0xd226, 0xd226, 0xd246, 0xd246, 0xd246, 0xca47, 0xc1e5, 0xa983, 0xa983, 
	0x79c6, 0xdcd2, 0xcf7f, 0xc73f, 0xcf3f, 0xc71e, 0xc6fe, 0xc6fe, 0xc6fe, 0xc6fe, 0xc6fe, 0xc6fe, 0xc6fe, 0xc6fe, 0xc6fe, 0xc6fe, 
	0xcf1d, 0xdfbf, 0xe7bf, 0xe7bf, 0xe7bf, 0xe7bf, 0xe7bf, 0xe7bf, 0xe7bf, 0xe7bf, 0xe7bf, 0xe7ff, 0xd3ee, 0x89a5, 0xa984, 0xa984, 
	0xca05, 0xd246, 0xd226, 0xd246, 0xd246, 0xd226, 0xd226, 0xd226, 0xd226, 0xd226, 0xd226, 0xd246, 0xd246, 0xd226, 0xd246, 0xca05, 
	0xa984, 0xa984, 0x89a5, 0xd3ce, 0xe7ff, 0xe7bf, 0xe7bf, 0xe7bf, 0xe7bf, 0xe7bf, 0xe7bf, 0xe7bf, 0xe7bf, 0xe7bf, 0xe7bf, 0xe7bf, 
	0xe7bf, 0xe7bf, 0xe7bf, 0xe7bf, 0xe7bf, 0xe7bf, 0xe7bf, 0xe7bf, 0xe7bf, 0xe7bf, 0xe7bf, 0xe7df, 0xdfdf, 0xe7ff, 0xf554, 0x81e6, 
	0xb1a4, 0xb1a4, 0xc205, 0xd246, 0xd246, 0xd246, 0xd246, 0xd226, 0xd226, 0xd226, 0xd246, 0xd226, 0xd226, 0xd226, 0xd226, 0xd226, 
	0xd226, 0xd246, 0xd246, 0xd226, 0xd226, 0xd246, 0xd226, 0xd226, 0xba46, 0xe38b, 0xff5a, 0xf73a, 0xf739, 0xef19, 0xeef8, 0xeef8, 
	0xf6f8, 0xeef8, 0xeef8, 0xeef8, 0xeef8, 0xeed8, 0xeed8, 0xeed8, 0xeed8, 0xeed8, 0xeed7, 0xeed7, 0xeed7, 0xeeb7, 0xeeb7, 0xeeb7, 
	0xeeb7, 0xeeb7, 0xeeb7, 0xeeb6, 0xee96, 0xee96, 0xee96, 0xee96, 0xee96, 0xee96, 0xee96, 0xee96, 0xee96, 0xee76, 0xee76, 0xee76, 
	0xee75, 0xee75, 0xee75, 0xee75, 0xee75, 0xee75, 0xee75, 0xee75, 0xee75, 0xee75, 0xee75, 0xee75, 0xee75, 0xee75, 0xee75, 0xee75, 
	0xee75, 0xee75, 0xee75, 0xee76, 0xee76, 0xee76, 0xee96, 0xee96, 0xee96, 0xee96, 0xee96, 0xee96, 0xee96, 0xee96, 0xee96, 0xee96, 
	0xeeb7, 0xeeb7, 0xeeb7, 0xeeb7, 0xeeb7, 0xeeb7, 0xeed7, 0xeed7, 0xeed7, 0xeed8, 0xeed8, 0xeed8, 0xeed8, 0xeed8, 0xeef8, 0xeef8, 
	0xeef8, 0xeef8, 0xf6f8, 0xf6f8, 0xeef9, 0xeef9, 0xf6f9, 0xf6f9, 0xf6f9, 0xf6f9, 0xf6f9, 0xf719, 0xf719, 0xf719, 0xf719, 0xf719, 
	0xf73a, 0xf73a, 0xf5f5, 0xdd32, 0xe532, 0xed32, 0xdb09, 0xc246, 0xd246, 0xd246, 0xd246, 0xd246, 0xd246, 0xd246, 0xd246, 0xd246, 
	0xd246, 0xd246, 0xd246, 0xd246, 0xd246, 0xd246, 0xd246, 0xd246, 0xd246, 0xca46, 0xc205, 0xc205, 0xc226, 0xb9e5, 0xa9a4, 0xa9a4, 
	0x91c6, 0xcb8d, 0xbd15, 0xbcf4, 0xad35, 0xd65a, 0xc71e, 0xc6fe, 0xc6fd, 0xc6fd, 0xc6fe, 0xc6fe, 0xc6fe, 0xc6fe, 0xc6fe, 0xc6fe, 
	0xcf1d, 0xdfbf, 0xe7bf, 0xe7bf, 0xe7bf, 0xe7bf, 0xe7bf, 0xe7bf, 0xe7bf, 0xe7bf, 0xe7bf, 0xe7ff, 0xd3ee, 0x89a5, 0xa9a4, 0xa984, 
	0xca25, 0xca66, 0xd246, 0xd246, 0xd246, 0xd246, 0xd246, 0xd246, 0xd246, 0xd246, 0xd246, 0xd246, 0xd246, 0xd246, 0xca66, 0xca25, 
	0xa984, 0xa9a4, 0x89a5, 0xd3ee, 0xe7ff, 0xe7bf, 0xe7bf, 0xe7bf, 0xe7bf, 0xe7bf, 0xe7bf, 0xe7bf, 0xe7bf, 0xe7bf, 0xe7bf, 0xe7bf, 
	0xe7bf, 0xe7bf, 0xe7bf, 0xe7bf, 0xe7bf, 0xe7bf, 0xe7bf, 0xe7bf, 0xe7bf, 0xe7bf, 0xe75d, 0xce7a, 0xd65a, 0xde9a, 0xe470, 0x89e6, 
	0xb1a4, 0xb1a4, 0xb9e5, 0xc206, 0xc205, 0xc205, 0xca26, 0xd246, 0xd246, 0xd246, 0xd246, 0xd246, 0xd246, 0xd246, 0xd246, 0xd246, 
	0xd246, 0xd246, 0xd246, 0xd246, 0xd246, 0xd246, 0xd246, 0xd246, 0xc246, 0xdb09, 0xe511, 0xe511, 0xdd11, 0xedd4, 0xf6f9, 0xeef9, 
	0xf6f8, 0xf6f8, 0xeef8, 0xeef8, 0xeef8, 0xeef8, 0xeed8, 0xeed8, 0xeed8, 0xeed8, 0xeed7, 0xeed7, 0xeed7, 0xeeb7, 0xeeb7, 0xeeb7, 
	0xeeb7, 0xeeb7, 0xeeb7, 0xeeb7, 0xee96, 0xee96, 0xee96, 0xee96, 0xee96, 0xee96, 0xee96, 0xee96, 0xee96, 0xee96, 0xee76, 0xee76, 
	0xee95, 0xee75, 0xee75, 0xee75, 0xee75, 0xee75, 0xee75, 0xee75, 0xee75, 0xee75, 0xee75, 0xee75, 0xee75, 0xee75, 0xee75, 0xee75, 
	0xee75, 0xee75, 0xee76, 0xee76, 0xee76, 0xee96, 0xee96, 0xee96, 0xee96, 0xee96, 0xee96, 0xee96, 0xee96, 0xee96, 0xeeb6, 0xeeb7, 
	0xeeb7, 0xeeb7, 0xeeb7, 0xeeb7, 0xeeb7, 0xeeb7, 0xeed7, 0xeed7, 0xeed8, 0xeed8, 0xeed8, 0xeed8, 0xeed8, 0xeef8, 0xeef8, 0xeef8, 
	0xeef8, 0xf6f8, 0xeef8, 0xeef8, 0xeef9, 0xf6f9, 0xf6f9, 0xf6f9, 0xf6f9, 0xf6f9, 0xf719, 0xf719, 0xf719, 0xf719, 0xf719, 0xf73a, 
	0xf73a, 0xf75a, 0xf3ed, 0xb205, 0xd1e5, 0xd1e5, 0xd226, 0xd226, 0xd226, 0xd246, 0xd246, 0xd226, 0xd226, 0xd246, 0xd246, 0xd226, 
	0xd226, 0xd246, 0xd226, 0xd226, 0xd226, 0xd246, 0xd246, 0xd226, 0xd246, 0xc205, 0xa9a4, 0xa9a4, 0xa9a4, 0xa9a4, 0xa984, 0xa984, 
	0xa984, 0xa9a4, 0xa983, 0xa983, 0x7a08, 0xe554, 0xc71f, 0xc6fe, 0xc6fe, 0xc6fe, 0xc6fe, 0xc6fe, 0xc6fe, 0xc6fe, 0xc6fe, 0xc6fe, 
	0xcf1d, 0xdfbf, 0xe7bf, 0xe7bf, 0xe7bf, 0xe7bf, 0xe7bf, 0xe7bf, 0xe7bf, 0xe7bf, 0xe7bf, 0xe7ff, 0xd3ee, 0x89a5, 0xa984, 0xa984, 
	0xca05, 0xd246, 0xd226, 0xd246, 0xd246, 0xd226, 0xd226, 0xd226, 0xd226, 0xd226, 0xd226, 0xd246, 0xd246, 0xd226, 0xd246, 0xca05, 
	0xa984, 0xa984, 0x89a5, 0xd3ce, 0xe7ff, 0xe7bf, 0xe7bf, 0xe7bf, 0xe7bf, 0xe7bf, 0xe7bf, 0xe7bf, 0xe7bf, 0xe7bf, 0xe7bf, 0xe7bf, 
	0xe7bf, 0xe7bf, 0xe7bf, 0xe7bf, 0xe7bf, 0xe7bf, 0xe7bf, 0xe7bf, 0xdfbf, 0xe7df, 0xf6ba, 0xac71, 0xc430, 0xc450, 0xc32b, 0x91a5, 
	0xa984, 0xa984, 0xa9a4, 0xa184, 0xa184, 0xa184, 0xc205, 0xca46, 0xd226, 0xd246, 0xd246, 0xd226, 0xd226, 0xd226, 0xd246, 0xd226, 
	0xd226, 0xd246, 0xd246, 0xd226, 0xd226, 0xd246, 0xd246, 0xd226, 0xd226, 0xd226, 0xd205, 0xd205, 0xb225, 0xebec, 0xf739, 0xeef9, 
	0xeef8, 0xeef8, 0xf6f8, 0xeef8, 0xeef8, 0xeef8, 0xeed8, 0xeed8, 0xeed8, 0xeed8, 0xeed8, 0xeed8, 0xeed7, 0xeed7, 0xeeb7, 0xeeb7, 
	0xeeb7, 0xeeb7, 0xeeb7, 0xeeb7, 0xeeb7, 0xee96, 0xee96, 0xee96, 0xee96, 0xee96, 0xee96, 0xee96, 0xee96, 0xee96, 0xee96, 0xee76, 
	0xee76, 0xee75, 0xee75, 0xee75, 0xee75, 0xee75, 0xee75, 0xee75, 0xee75, 0xee75, 0xee75, 0xee75, 0xee75, 0xee75, 0xee75, 0xee75, 
	0xee75, 0xee75, 0xee76, 0xee76, 0xee76, 0xee96, 0xee96, 0xee96, 0xee96, 0xee96, 0xee96, 0xee96, 0xee96, 0xee96, 0xeeb7, 0xeeb7, 
	0xeeb7, 0xeeb7, 0xeeb7, 0xeeb7, 0xeeb7, 0xeed7, 0xeed7, 0xeed8, 0xeed8, 0xeed8, 0xeed8, 0xeed8, 0xeed8, 0xeef8, 0xeef8, 0xeef8, 
	0xf6f8, 0xf6f8, 0xeef9, 0xeef9, 0xeef9, 0xf6f9, 0xf6f9, 0xf6f9, 0xf6f9, 0xf719, 0xf719, 0xf719, 0xf719, 0xf719, 0xf73a, 0xf73a, 
	0xf73a, 0xf75a, 0xf40d, 0xba46, 0xd226, 0xd226, 0xd246, 0xd226, 0xd226, 0xd226, 0xd246, 0xd226, 0xd226, 0xd246, 0xd246, 0xd226, 
	0xd226, 0xd226, 0xd226, 0xd226, 0xd226, 0xd246, 0xd246, 0xd246, 0xd246, 0xc205, 0xa9a4, 0xa9a4, 0xa9a4, 0xa9a4, 0xa984, 0xa984, 
	0xa1a4, 0xa9c5, 0xa9c5, 0xa9c5, 0x8228, 0xe555, 0xc71f, 0xc6fe, 0xc6fe, 0xc6fe, 0xc6fe, 0xc6fe, 0xc6fe, 0xc6fe, 0xc6fe, 0xc6fe, 
	0xcf1d, 0xdfbf, 0xe7bf, 0xe7bf, 0xe7bf, 0xe7bf, 0xe7bf, 0xe7bf, 0xe7bf, 0xe7bf, 0xe7bf, 0xe7ff, 0xd3ee, 0x89a5, 0xa984, 0xa984, 
	0xca05, 0xd246, 0xd226, 0xd246, 0xd246, 0xd226, 0xd226, 0xd226, 0xd226, 0xd226, 0xd226, 0xd246, 0xd246, 0xd226, 0xd246, 0xca05, 
	0xa984, 0xa984, 0x8985, 0xd3ce, 0xe7ff, 0xe7bf, 0xe7bf, 0xe7bf, 0xe7bf, 0xe7bf, 0xe7bf, 0xe7bf, 0xe7bf, 0xe7bf, 0xe7bf, 0xe7bf, 
	0xe7bf, 0xe7bf, 0xe7bf, 0xe7bf, 0xe7bf, 0xe7bf, 0xe7bf, 0xe7bf, 0xdfbf, 0xe7df, 0xeebb, 0xacb2, 0xc471, 0xc491, 0xcb4b, 0x91a5, 
	0xa984, 0xa984, 0xa9a4, 0xa984, 0xa984, 0xa184, 0xc205, 0xd246, 0xd246, 0xd246, 0xd246, 0xd226, 0xd226, 0xd226, 0xd226, 0xd226, 
	0xd226, 0xd246, 0xd246, 0xd226, 0xd226, 0xd246, 0xd226, 0xd226, 0xd226, 0xd246, 0xd226, 0xd226, 0xba46, 0xec0d, 0xf739, 0xeef9, 
	0xeef9, 0xeef8, 0xf6f8, 0xf6f8, 0xeef8, 0xeef8, 0xeef8, 0xeed8, 0xeed8, 0xeed8, 0xeed8, 0xeed8, 0xeed7, 0xeed7, 0xeed7, 0xeeb7, 
	0xeeb7, 0xeeb7, 0xeeb7, 0xeeb7, 0xeeb7, 0xeeb6, 0xee96, 0xee96, 0xee96, 0xee96, 0xee96, 0xee96, 0xee96, 0xee96, 0xee96, 0xee76, 
	0xee76, 0xee76, 0xee75, 0xee75, 0xee75, 0xee75, 0xee75, 0xee75, 0xee75, 0xee75, 0xee75, 0xee75, 0xee75, 0xee75, 0xee75, 0xee75, 
	0xee75, 0xee76, 0xee76, 0xee76, 0xee96, 0xee96, 0xee96, 0xee96, 0xee96, 0xee96, 0xee96, 0xee96, 0xee96, 0xee96, 0xeeb7, 0xeeb7, 
	0xeeb7, 0xeeb7, 0xeeb7, 0xeeb7, 0xeed7, 0xeed7, 0xeed8, 0xeed8, 0xeed8, 0xeed8, 0xeed8, 0xeed8, 0xeef8, 0xeef8, 0xeef8, 0xf6f8, 
	0xf6f8, 0xf6f8, 0xeef9, 0xeef9, 0xf6f9, 0xf6f9, 0xf6f9, 0xf6f9, 0xf719, 0xf719, 0xf719, 0xf719, 0xf719, 0xf719, 0xf73a, 0xf73a, 
	0xf73a, 0xf75a, 0xf42d, 0xb246, 0xd246, 0xd246, 0xd246, 0xd246, 0xd246, 0xd246, 0xd246, 0xd246, 0xd246, 0xd246, 0xd246, 0xd246, 
	0xd246, 0xd246, 0xd246, 0xd246, 0xd246, 0xd246, 0xca26, 0xc206, 0xc226, 0xb9e5, 0xa9a4, 0xa9a4, 0xa9c5, 0xa9c5, 0xa9a4, 0xa9a4, 
	0xa1a4, 0xa9c5, 0xa9c5, 0xa9c5, 0x8228, 0xe555, 0xc71e, 0xc6fe, 0xc6fe, 0xc6fe, 0xc6fe, 0xc6fe, 0xc6fe, 0xc6fe, 0xc6fe, 0xc6fe, 
	0xcf1e, 0xdf9f, 0xdf9f, 0xdf9f, 0xdf9f, 0xe7bf, 0xe7bf, 0xe7bf, 0xe7bf, 0xe7bf, 0xe7bf, 0xe7ff, 0xd3ee, 0x89a5, 0xa984, 0xa984, 
	0xca26, 0xca46, 0xd246, 0xd246, 0xd246, 0xd246, 0xd246, 0xd246, 0xd246, 0xd246, 0xd246, 0xd246, 0xd246, 0xd246, 0xca66, 0xca25, 
	0xa984, 0xa984, 0x89a5, 0xd3ee, 0xe7ff, 0xe7bf, 0xe7bf, 0xe7bf, 0xe7bf, 0xe7bf, 0xe7bf, 0xe7bf, 0xe7bf, 0xe7bf, 0xe7bf, 0xe7bf, 
	0xe7bf, 0xe7bf, 0xe7bf, 0xe7bf, 0xe7bf, 0xe7bf, 0xe7bf, 0xe7bf, 0xdfbf, 0xe7df, 0xf699, 0xa410, 0xbbad, 0xc3ce, 0xc2ea, 0x99c5, 
	0xa9a4, 0xa9a4, 0xa9a4, 0xa9a4, 0xa9a4, 0xa9a4, 0xb9e5, 0xc226, 0xc206, 0xca26, 0xd246, 0xd246, 0xd246, 0xd246, 0xd246, 0xd246, 
	0xd246, 0xd246, 0xd246, 0xd246, 0xd246, 0xd246, 0xd246, 0xd246, 0xd246, 0xd246, 0xd246, 0xd246, 0xba46, 0xec0d, 0xf739, 0xeef9, 
	0xeef9, 0xeef9, 0xf6f8, 0xf6f8, 0xeef8, 0xeef8, 0xeef8, 0xeef8, 0xeed8, 0xeed8, 0xeed8, 0xeed8, 0xeed8, 0xeed7, 0xeed7, 0xeeb7, 
	0xeeb7, 0xeeb7, 0xeeb7, 0xeeb7, 0xeeb7, 0xeeb7, 0xee96, 0xee96, 0xee96, 0xee96, 0xee96, 0xee96, 0xee96, 0xee96, 0xee96, 0xee96, 
	0xee76, 0xee76, 0xee75, 0xee75, 0xee75, 0xee75, 0xee75, 0xee75, 0xee75, 0xee75, 0xee75, 0xee75, 0xee75, 0xee75, 0xee75, 0xee75, 
	0xee75, 0xee76, 0xee76, 0xee96, 0xee96, 0xee96, 0xee96, 0xee96, 0xee96, 0xee96, 0xee96, 0xee96, 0xee96, 0xeeb7, 0xeeb7, 0xeeb7, 
	0xeeb7, 0xeeb7, 0xeeb7, 0xeeb7, 0xeed7, 0xeed7, 0xeed8, 0xeed8, 0xeed8, 0xeed8, 0xeed8, 0xeef8, 0xeef8, 0xeef8, 0xf6f8, 0xf6f8, 
	0xeef8, 0xeef9, 0xeef9, 0xf6f9, 0xf6f9, 0xf6f9, 0xf6f9, 0xf6f9, 0xf719, 0xf719, 0xf719, 0xf719, 0xf73a, 0xf73a, 0xf73a, 0xf73a, 
	0xf73a, 0xf75a, 0xf40d, 0xba46, 0xd226, 0xd226, 0xd246, 0xd226, 0xd226, 0xd246, 0xd246, 0xd226, 0xd226, 0xd246, 0xd246, 0xd226, 
	0xd226, 0xd246, 0xd246, 0xd226, 0xd246, 0xca25, 0xa984, 0xa984, 0xa984, 0xa984, 0xa984, 0xa984, 0xa1a4, 0xa9a4, 0xa984, 0xa984, 
	0xa9a4, 0xa9a4, 0xa983, 0xa983, 0x7a07, 0xe554, 0xc71f, 0xc6fe, 0xc6fe, 0xc6fe, 0xc6fe, 0xc6fe, 0xc6fe, 0xc6fe, 0xc6fe, 0xc6fe, 
	0xcefe, 0xcf3e, 0xcf3e, 0xcf1e, 0xd75e, 0xe7bf, 0xe7bf, 0xe7bf, 0xe7bf, 0xe7bf, 0xe7bf, 0xe7ff, 0xd3ee, 0x89a5, 0xa984, 0xa984, 
	0xc205, 0xca26, 0xca26, 0xca26, 0xd246, 0xd246, 0xd226, 0xd226, 0xd226, 0xd226, 0xd226, 0xd246, 0xd246, 0xd226, 0xd246, 0xca05, 
	0xa984, 0xa984, 0x89a5, 0xd3ce, 0xe7ff, 0xe7bf, 0xe7bf, 0xe7bf, 0xe7bf, 0xe7bf, 0xe7bf, 0xe7bf, 0xe7bf, 0xe7bf, 0xe7bf, 0xe7bf, 
	0xe7bf, 0xe7bf, 0xe7bf, 0xe7bf, 0xe7bf, 0xe7bf, 0xe7bf, 0xe7bf, 0xdfbf, 0xe7df, 0xfdd6, 0x8227, 0xa9a4, 0xb1a4, 0xa9c4, 0xa1a4, 
	0xa984, 0xa984, 0xa9a4, 0xa1a4, 0xa984, 0xa984, 0xa984, 0xa984, 0xa1a4, 0xa1a4, 0xca25, 0xd246, 0xd226, 0xd246, 0xd246, 0xd226, 
	0xd226, 0xd246, 0xd246, 0xd226, 0xd226, 0xd246, 0xd246, 0xd226, 0xd226, 0xd246, 0xd226, 0xd226, 0xba46, 0xec0d, 0xf739, 0xeef9, 
	0xf6f9, 0xeef9, 0xf6f8, 0xf6f8, 0xf6f8, 0xeef8, 0xeef8, 0xeef8, 0xeed8, 0xeed8, 0xeed8, 0xeed8, 0xeed8, 0xeed8, 0xeed7, 0xeed7, 
	0xeeb7, 0xeeb7, 0xeeb7, 0xeeb7, 0xeeb7, 0xeeb7, 0xee96, 0xee96, 0xee96, 0xee96, 0xee96, 0xee96, 0xee96, 0xee96, 0xee96, 0xee96, 
	0xee76, 0xee76, 0xee76, 0xee75, 0xee75, 0xee75, 0xee75, 0xee75, 0xee75, 0xee75, 0xee75, 0xee75, 0xee75, 0xee75, 0xee75, 0xee75, 
	0xee76, 0xee76, 0xee76, 0xee96, 0xee96, 0xee96, 0xee96, 0xee96, 0xee96, 0xee96, 0xee96, 0xee96, 0xeeb6, 0xeeb7, 0xeeb7, 0xeeb7, 
	0xeeb7, 0xeeb7, 0xeeb7, 0xeed7, 0xeed7, 0xeed7, 0xeed8, 0xeed8, 0xeed8, 0xeed8, 0xeef8, 0xeef8, 0xeef8, 0xeef8, 0xf6f8, 0xf6f8, 
	0xeef9, 0xeef9, 0xf6f9, 0xf6f9, 0xf6f9, 0xf6f9, 0xf719, 0xf719, 0xf719, 0xf719, 0xf719, 0xf719, 0xf73a, 0xf73a, 0xf73a, 0xf73a, 
	0xf73a, 0xf75b, 0xf40d, 0xba46, 0xd226, 0xd226, 0xd246, 0xd226, 0xd226, 0xd226, 0xd246, 0xd226, 0xd226, 0xd246, 0xd246, 0xd226, 
	0xd226, 0xd226, 0xd246, 0xd226, 0xd246, 0xca26, 0xa984, 0xa984, 0xa984, 0xa984, 0xa984, 0xa984, 0xa984, 0xa984, 0xa163, 0xa163, 
	0xa163, 0xa183, 0xa963, 0xa963, 0x79e7, 0xe534, 0xc73f, 0xbf1e, 0xc6fe, 0xc6fe, 0xc6fe, 0xc6fe, 0xc6fe, 0xc6fe, 0xc6fe, 0xc6fe, 
	0xcefe, 0xcf3e, 0xcf3e, 0xcf1e, 0xd75e, 0xe7bf, 0xe7bf, 0xe7bf, 0xe7bf, 0xe7bf, 0xe7bf, 0xe7ff, 0xd3ce, 0x8985, 0xa983, 0xa983, 
	0xc205, 0xca26, 0xca26, 0xca26, 0xd246, 0xd226, 0xd226, 0xd226, 0xd226, 0xd226, 0xd226, 0xd246, 0xd246, 0xd226, 0xd246, 0xca05, 
	0xa984, 0xa984, 0x8985, 0xd3ce, 0xe7ff, 0xe7bf, 0xe7bf, 0xe7bf, 0xe7bf, 0xe7bf, 0xe7bf, 0xe7bf, 0xe7bf, 0xe7bf, 0xe7bf, 0xe7bf, 
	0xe7bf, 0xe7bf, 0xe7bf, 0xe7bf, 0xe7bf, 0xe7bf, 0xe7bf, 0xe7bf, 0xdfbf, 0xe7df, 0xfdd6, 0x8207, 0xa984, 0xa984, 0xa9a4, 0xa163, 
	0xa163, 0xa163, 0xa984, 0xa984, 0xa984, 0xa984, 0xa984, 0xa984, 0xa984, 0xa984, 0xca25, 0xd246, 0xd226, 0xd246, 0xd226, 0xd226, 
	0xd226, 0xd246, 0xd246, 0xd226, 0xd226, 0xd246, 0xd226, 0xd226, 0xd226, 0xd246, 0xd226, 0xd226, 0xba46, 0xec0d, 0xf73a, 0xeef9, 
	0xf6f9, 0xeef9, 0xeef9, 0xeef9, 0xf6f8, 0xf6f8, 0xeef8, 0xeef8, 0xeef8, 0xeed8, 0xeed8, 0xeed8, 0xeed8, 0xeed8, 0xeed7, 0xeed7, 
	0xeed7, 0xeeb7, 0xeeb7, 0xeeb7, 0xeeb7, 0xeeb7, 0xeeb7, 0xeeb6, 0xee96, 0xee96, 0xee96, 0xee96, 0xee96, 0xee96, 0xee96, 0xee96, 
	0xee96, 0xee76, 0xee76, 0xee75, 0xee75, 0xee75, 0xee75, 0xee75, 0xee75, 0xee75, 0xee75, 0xee75, 0xee75, 0xee75, 0xee75, 0xee75, 
	0xee76, 0xee76, 0xee96, 0xee96, 0xee96, 0xee96, 0xee96, 0xee96, 0xee96, 0xee96, 0xee96, 0xee96, 0xeeb7, 0xeeb7, 0xeeb7, 0xeeb7, 
	0xeeb7, 0xeeb7, 0xeed7, 0xeed7, 0xeed8, 0xeed8, 0xeed8, 0xeed8, 0xeed8, 0xeed8, 0xeef8, 0xeef8, 0xeef8, 0xf6f8, 0xeef8, 0xeef8, 
	0xeef9, 0xeef9, 0xf6f9, 0xf6f9, 0xf6f9, 0xf6f9, 0xf719, 0xf719, 0xf719, 0xf719, 0xf719, 0xf73a, 0xf73a, 0xf73a, 0xf73a, 0xf73a, 
	0xf73a, 0xf75b, 0xf42d, 0xb246, 0xd226, 0xd226, 0xd246, 0xd226, 0xd246, 0xd246, 0xd246, 0xd246, 0xd246, 0xd246, 0xd246, 0xd246, 
	0xd246, 0xd246, 0xca26, 0xca26, 0xca26, 0xc205, 0xa9a4, 0xa9a4, 0xa9a4, 0xa9a4, 0xa9a4, 0xa9a4, 0xa1a4, 0xb226, 0xb288, 0xb288, 
	0xb288, 0xb288, 0xba67, 0xba67, 0x8aeb, 0xe595, 0xc71f, 0xc6fe, 0xc6fe, 0xc6fe, 0xc6fe, 0xc6fe, 0xc6fe, 0xc6fe, 0xc6fe, 0xc6fe, 
	0xcefe, 0xcf1e, 0xcf1e, 0xcf1e, 0xd75e, 0xe7bf, 0xe7bf, 0xe7bf, 0xe7bf, 0xe7bf, 0xe7bf, 0xe7ff, 0xd42f, 0x8a06, 0xa9e5, 0xa9e5, 
	0xc206, 0xca26, 0xca26, 0xca26, 0xd246, 0xd246, 0xd246, 0xd246, 0xd246, 0xd246, 0xd246, 0xd246, 0xd246, 0xd226, 0xd246, 0xca05, 
	0xa984, 0xa984, 0x89a5, 0xd3ce, 0xe7ff, 0xe7bf, 0xe7bf, 0xe7bf, 0xe7bf, 0xe7bf, 0xe7bf, 0xe7bf, 0xe7bf, 0xe7bf, 0xe7bf, 0xe7bf, 
	0xe7bf, 0xe7bf, 0xe7bf, 0xe7bf, 0xe7bf, 0xe7bf, 0xe7bf, 0xe7bf, 0xdfbf, 0xe7df, 0xfe38, 0x92eb, 0xba88, 0xba88, 0xb2a8, 0xb287, 
	0xb287, 0xb288, 0xb206, 0xa1a4, 0xa9a4, 0xa9a4, 0xa9a4, 0xa9a4, 0xa9a4, 0xa9a4, 0xc205, 0xca26, 0xca26, 0xca26, 0xd246, 0xd246, 
	0xd246, 0xd246, 0xd246, 0xd246, 0xd246, 0xd246, 0xd246, 0xd246, 0xd246, 0xd246, 0xd226, 0xd226, 0xba46, 0xf40d, 0xf73a, 0xf719, 
	0xf6f9, 0xf6f9, 0xeef9, 0xeef9, 0xf6f8, 0xf6f8, 0xf6f8, 0xeef8, 0xeef8, 0xeef8, 0xeed8, 0xeed8, 0xeed8, 0xeed8, 0xeed8, 0xeed7, 
	0xeed7, 0xeeb7, 0xeeb7, 0xeeb7, 0xeeb7, 0xeeb7, 0xeeb7, 0xeeb7, 0xee96, 0xee96, 0xee96, 0xee96, 0xee96, 0xee96, 0xee96, 0xee96, 
	0xee96, 0xee76, 0xee76, 0xee76, 0xee75, 0xee75, 0xee75, 0xee75, 0xee75, 0xee75, 0xee75, 0xee75, 0xee75, 0xee75, 0xee75, 0xee75, 
	0xee76, 0xee76, 0xee96, 0xee96, 0xee96, 0xee96, 0xee96, 0xee96, 0xee96, 0xee96, 0xee96, 0xeeb7, 0xeeb7, 0xeeb7, 0xeeb7, 0xeeb7, 
	0xeeb7, 0xeeb7, 0xeed7, 0xeed7, 0xeed8, 0xeed8, 0xeed8, 0xeed8, 0xeed8, 0xeef8, 0xeef8, 0xeef8, 0xf6f8, 0xf6f8, 0xeef8, 0xeef9, 
	0xeef9, 0xf6f9, 0xf6f9, 0xf6f9, 0xf6f9, 0xf719, 0xf719, 0xf719, 0xf719, 0xf719, 0xf73a, 0xf73a, 0xf73a, 0xf73a, 0xf73a, 0xf73a, 
	0xf73a, 0xf77b, 0xec0d, 0xb246, 0xd226, 0xd226, 0xd246, 0xd226, 0xd226, 0xd246, 0xd246, 0xd226, 0xd226, 0xd246, 0xd246, 0xd226, 
	0xd246, 0xca26, 0xa9a4, 0xa9a4, 0xa9a4, 0xa9a4, 0xa9a4, 0xa984, 0xa984, 0xa9a4, 0xa984, 0xa984, 0x89a4, 0xe44f, 0xffbd, 0xf77c, 
	0xf77c, 0xf77c, 0xf77c, 0xf77c, 0xef9e, 0xdefc, 0xc6fe, 0xc6fe, 0xc6fe, 0xc6fe, 0xc6fe, 0xc6fe, 0xc6fe, 0xc6fe, 0xc6fe, 0xc6fe, 
	0xc6fe, 0xc6fe, 0xc6fe, 0xc6fe, 0xd73e, 0xe7bf, 0xe7bf, 0xe7bf, 0xe7bf, 0xe7bf, 0xe7bf, 0xe7df, 0xd554, 0xabce, 0xbbad, 0xbbce, 
	0xc267, 0xb1e5, 0xb9e5, 0xc1e5, 0xd246, 0xd246, 0xd226, 0xd226, 0xd226, 0xd226, 0xd226, 0xd246, 0xd226, 0xd226, 0xca46, 0xca05, 
	0xa984, 0xa984, 0x89a5, 0xd3ce, 0xe7ff, 0xe7bf, 0xe7bf, 0xe7bf, 0xe7bf, 0xe7bf, 0xe7bf, 0xe7bf, 0xe7bf, 0xe7bf, 0xe7bf, 0xe7bf, 
	0xe7bf, 0xe7bf, 0xe7bf, 0xe7bf, 0xe7bf, 0xe7bf, 0xe7bf, 0xe7bf, 0xe7bf, 0xe7bf, 0xef7d, 0xef7d, 0xf75b, 0xf75b, 0xf75b, 0xf75b, 
	0xf75b, 0xff9c, 0xe44f, 0x89a4, 0xa984, 0xa984, 0xa9a4, 0xa984, 0xa984, 0xa9a4, 0xa9a4, 0xa9a4, 0xa9a4, 0xa9a4, 0xca26, 0xd246, 
	0xd226, 0xd246, 0xd246, 0xd226, 0xd226, 0xd246, 0xd246, 0xd226, 0xd226, 0xd246, 0xd226, 0xd226, 0xba46, 0xf40d, 0xf73a, 0xf719, 
	0xf6f9, 0xf6f9, 0xf6f9, 0xeef9, 0xeef9, 0xeef8, 0xf6f8, 0xeef8, 0xeef8, 0xeef8, 0xeef8, 0xeed8, 0xeed8, 0xeed8, 0xeed8, 0xeed8, 
	0xeed7, 0xeed7, 0xeeb7, 0xeeb7, 0xeeb7, 0xeeb7, 0xeeb7, 0xeeb7, 0xee96, 0xee96, 0xee96, 0xee96, 0xee96, 0xee96, 0xee96, 0xee96, 
	0xee96, 0xee96, 0xee76, 0xee76, 0xee95, 0xee75, 0xee75, 0xee75, 0xee75, 0xee75, 0xee75, 0xee75, 0xee75, 0xee75, 0xee75, 0xee75, 
	0xee76, 0xee96, 0xee96, 0xee96, 0xee96, 0xee96, 0xee96, 0xee96, 0xee96, 0xee96, 0xeeb6, 0xeeb7, 0xeeb7, 0xeeb7, 0xeeb7, 0xeeb7, 
	0xeeb7, 0xeed7, 0xeed7, 0xeed7, 0xeed8, 0xeed8, 0xeed8, 0xeed8, 0xeef8, 0xeef8, 0xeef8, 0xeef8, 0xf6f8, 0xf6f8, 0xeef9, 0xeef9, 
	0xf6f9, 0xf6f9, 0xf6f9, 0xf6f9, 0xf719, 0xf719, 0xf719, 0xf719, 0xf719, 0xf73a, 0xf73a, 0xf73a, 0xf73a, 0xf73a, 0xf73a, 0xf73a, 
	0xf73a, 0xf77b, 0xf40d, 0xba46, 0xd226, 0xd226, 0xd246, 0xd226, 0xd226, 0xd226, 0xd246, 0xd226, 0xd226, 0xd246, 0xd246, 0xd226, 
	0xd246, 0xca26, 0xa9a4, 0xa184, 0xa984, 0xa9a4, 0xa184, 0xa184, 0xa184, 0xa184, 0xa963, 0xa963, 0x8984, 0xe46f, 0xffde, 0xf79d, 
	0xff9d, 0xff9d, 0xff9c, 0xffbd, 0xf7bf, 0xdf1c, 0xc6fe, 0xc6fe, 0xc6fe, 0xc6fe, 0xc6fe, 0xc6fe, 0xc6fe, 0xc6fe, 0xc6fe, 0xc6fe, 
	0xc6fe, 0xc6fe, 0xc6fe, 0xc6fe, 0xd73e, 0xe7bf, 0xe7bf, 0xe7bf, 0xe7bf, 0xe7bf, 0xe7bf, 0xe7df, 0xd554, 0xabce, 0xbbad, 0xbbce, 
	0xc267, 0xb1e5, 0xb9e5, 0xc1e5, 0xca26, 0xd246, 0xd226, 0xd226, 0xd226, 0xd226, 0xd226, 0xd246, 0xd226, 0xd226, 0xca46, 0xca05, 
	0xa983, 0xa983, 0x8985, 0xd3cd, 0xe7ff, 0xe7bf, 0xe7bf, 0xe7bf, 0xe7bf, 0xe7bf, 0xe7bf, 0xe7bf, 0xe7bf, 0xe7bf, 0xe7bf, 0xe7bf, 
	0xe7bf, 0xe7bf, 0xe7bf, 0xe7bf, 0xe7bf, 0xe7bf, 0xe7bf, 0xe7bf, 0xe7bf, 0xe7bf, 0xef9d, 0xef9d, 0xff7c, 0xff7c, 0xf79c, 0xf77c, 
	0xf77c, 0xffbd, 0xe44f, 0x8984, 0xa963, 0xa963, 0xa184, 0xa184, 0xa184, 0xa184, 0xa9a4, 0xa984, 0xa184, 0xa9a4, 0xca26, 0xd246, 
	0xd226, 0xd246, 0xd246, 0xd226, 0xd226, 0xd246, 0xd226, 0xd226, 0xd226, 0xd246, 0xd226, 0xd226, 0xba46, 0xf40d, 0xf73a, 0xf719, 
	0xf6f9, 0xf6f9, 0xf6f9, 0xf6f9, 0xeef9, 0xeef9, 0xf6f8, 0xf6f8, 0xeef8, 0xeef8, 0xeef8, 0xeed8, 0xeed8, 0xeed8, 0xeed8, 0xeed8, 
	0xeed7, 0xeed7, 0xeed7, 0xeeb7, 0xeeb7, 0xeeb7, 0xeeb7, 0xeeb7, 0xeeb7, 0xee96, 0xee96, 0xee96, 0xee96, 0xee96, 0xee96, 0xee96, 
	0xee96, 0xee96, 0xee76, 0xee76, 0xee76, 0xee75, 0xee75, 0xee75, 0xee75, 0xee75, 0xee75, 0xee75, 0xee75, 0xee75, 0xee75, 0xee75, 
	0xee76, 0xee96, 0xee96, 0xee96, 0xee96, 0xee96, 0xee96, 0xee96, 0xee96, 0xee96, 0xeeb7, 0xeeb7, 0xeeb7, 0xeeb7, 0xeeb7, 0xeeb7, 
	0xeeb7, 0xeed7, 0xeed7, 0xeed8, 0xeed8, 0xeed8, 0xeed8, 0xeed8, 0xeef8, 0xeef8, 0xeef8, 0xf6f8, 0xf6f8, 0xf6f8, 0xeef9, 0xf6f9, 
	0xf6f9, 0xf6f9, 0xf6f9, 0xf6f9, 0xf719, 0xf719, 0xf719, 0xf719, 0xf73a, 0xf73a, 0xf73a, 0xf73a, 0xf73a, 0xf73a, 0xf73a, 0xf73a, 
	0xf73a, 0xf77b, 0xf40d, 0xba46, 0xd226, 0xd226, 0xd246, 0xd226, 0xd226, 0xd246, 0xd246, 0xd226, 0xd226, 0xd246, 0xd246, 0xca26, 
	0xca46, 0xca25, 0xa9a4, 0xa984, 0xa1a4, 0xa9c4, 0xa9e5, 0xa9e5, 0xa9e5, 0xa9e5, 0xb1e5, 0xb1e5, 0x91e5, 0xe490, 0xffdd, 0xf79d, 
	0xff9d, 0xff9d, 0xff9c, 0xff9c, 0xefbe, 0xdf1c, 0xc6fe, 0xc71e, 0xcefe, 0xc6fd, 0xc6fe, 0xc6fe, 0xc6fe, 0xc6fe, 0xc6fe, 0xc6fe, 
	0xc6fe, 0xc6fe, 0xc6fe, 0xc6fe, 0xcf3e, 0xdfbf, 0xe79f, 0xe79f, 0xe79f, 0xe7bf, 0xe7bf, 0xe7df, 0xdd75, 0xac0f, 0xc40f, 0xc40f, 
	0xc267, 0xb1e5, 0xb9c5, 0xb9e5, 0xca26, 0xd246, 0xd226, 0xd226, 0xd226, 0xd226, 0xd226, 0xd246, 0xd226, 0xca26, 0xca46, 0xc225, 
	0xa9c5, 0xa9c5, 0x89e6, 0xd3ee, 0xe7ff, 0xe7bf, 0xe7bf, 0xe7bf, 0xe7bf, 0xe7bf, 0xe7bf, 0xe7bf, 0xe7bf, 0xe7bf, 0xe7bf, 0xe7bf, 
	0xe7bf, 0xe7bf, 0xe7bf, 0xe7bf, 0xe7bf, 0xe7bf, 0xe7bf, 0xe7bf, 0xe7bf, 0xe7bf, 0xef9d, 0xef9d, 0xf77c, 0xf77c, 0xf77c, 0xf77c, 
	0xf77c, 0xffbc, 0xe490, 0x91e5, 0xb1e5, 0xb1e5, 0xa9e5, 0xa9e5, 0xa9e5, 0xa9e5, 0xa9c4, 0xa1a4, 0xa984, 0xa9a4, 0xca25, 0xca46, 
	0xca26, 0xd246, 0xd246, 0xd246, 0xd226, 0xd246, 0xd246, 0xd226, 0xd226, 0xd246, 0xd226, 0xd226, 0xba46, 0xf40d, 0xf75a, 0xf719, 
	0xf6f9, 0xf6f9, 0xf6f9, 0xf6f9, 0xeef9, 0xeef9, 0xf6f8, 0xf6f8, 0xf6f8, 0xeef8, 0xeef8, 0xeef8, 0xeed8, 0xeed8, 0xeed8, 0xeed8, 
	0xeed7, 0xeed7, 0xeed7, 0xeeb7, 0xeeb7, 0xeeb7, 0xeeb7, 0xeeb7, 0xeeb7, 0xeeb6, 0xee96, 0xee96, 0xee96, 0xee96, 0xee96, 0xee96, 
	0xee96, 0xee96, 0xee96, 0xee76, 0xee76, 0xee76, 0xee75, 0xee75, 0xee75, 0xee75, 0xee75, 0xee75, 0xee75, 0xee75, 0xee75, 0xee75, 
	0xee96, 0xee96, 0xee96, 0xee96, 0xee96, 0xee96, 0xee96, 0xee96, 0xee96, 0xee96, 0xeeb7, 0xeeb7, 0xeeb7, 0xeeb7, 0xeeb7, 0xeeb7, 
	0xeed7, 0xeed7, 0xeed8, 0xeed8, 0xeed8, 0xeed8, 0xeed8, 0xeef8, 0xeef8, 0xeef8, 0xeef8, 0xf6f8, 0xeef8, 0xeef9, 0xeef9, 0xf6f9, 
	0xf6f9, 0xf6f9, 0xf6f9, 0xf719, 0xf719, 0xf719, 0xf719, 0xf719, 0xf73a, 0xf73a, 0xf73a, 0xf73a, 0xf73a, 0xf73a, 0xf73a, 0xf73a, 
	0xf73a, 0xff7b, 0xf40d, 0xba46, 0xd226, 0xd226, 0xd246, 0xd226, 0xd226, 0xd246, 0xd246, 0xd226, 0xd246, 0xd246, 0xb1c4, 0xa9a4, 
	0xa9a4, 0xa9a4, 0xa984, 0xa984, 0x9984, 0xc2e9, 0xf6fa, 0xf6fa, 0xeefa, 0xeefa, 0xf6fa, 0xf6fa, 0xeefa, 0xf73b, 0xff9d, 0xff9d, 
	0xff9d, 0xff9d, 0xff9d, 0xff9d, 0xffbd, 0xf79d, 0xf79d, 0xf79d, 0xef9f, 0xd6fc, 0xc6fe, 0xc6fe, 0xc6fe, 0xc6fe, 0xc6fe, 0xc6fe, 
	0xc6fe, 0xc6fe, 0xc6fe, 0xc6fe, 0xc6fe, 0xc71e, 0xc71e, 0xc6fe, 0xd75e, 0xe7bf, 0xe7bf, 0xe7bf, 0xdf7e, 0xdf5e, 0xdf5d, 0xe77e, 
	0xc30b, 0x91a5, 0xa984, 0xa9a4, 0xca26, 0xd246, 0xd226, 0xd226, 0xd226, 0xd226, 0xd246, 0xd246, 0xc1e5, 0xc1e5, 0xb205, 0xcac9, 
	0xcd34, 0xcd34, 0xbd34, 0xde18, 0xe7bf, 0xe7bf, 0xe7bf, 0xe7bf, 0xe7bf, 0xe7bf, 0xe7bf, 0xe7bf, 0xe7bf, 0xe7bf, 0xe7bf, 0xe7bf, 
	0xe7bf, 0xe7bf, 0xe7bf, 0xe7bf, 0xe7bf, 0xe7bf, 0xef9e, 0xef9e, 0xf79c, 0xf79c, 0xf79c, 0xf79c, 0xf77c, 0xf77c, 0xf77c, 0xf77c, 
	0xf77c, 0xf77c, 0xf73a, 0xeed9, 0xeed9, 0xeed9, 0xeed9, 0xeed9, 0xf6d9, 0xf6d9, 0xc2e9, 0x9984, 0xa984, 0xa9a4, 0xa9a4, 0xa9a4, 
	0xa9a4, 0xb1c4, 0xca26, 0xca26, 0xca26, 0xca26, 0xd246, 0xd226, 0xd226, 0xd246, 0xd226, 0xd226, 0xba46, 0xf40d, 0xf75a, 0xf719, 
	0xf719, 0xf719, 0xf6f9, 0xf6f9, 0xf6f9, 0xeef9, 0xeef8, 0xeef8, 0xf6f8, 0xeef8, 0xeef8, 0xeef8, 0xeed8, 0xeed8, 0xeed8, 0xeed8, 
	0xeed8, 0xeed8, 0xeed7, 0xeed7, 0xeeb7, 0xeeb7, 0xeeb7, 0xeeb7, 0xeeb7, 0xeeb7, 0xee96, 0xee96, 0xee96, 0xee96, 0xee96, 0xee96, 
	0xee96, 0xee96, 0xee96, 0xee76, 0xee76, 0xee76, 0xee75, 0xee75, 0xee75, 0xee75, 0xee75, 0xee75, 0xee75, 0xee75, 0xee75, 0xee75, 
	0xee96, 0xee96, 0xee96, 0xee96, 0xee96, 0xee96, 0xee96, 0xee96, 0xee96, 0xeeb7, 0xeeb7, 0xeeb7, 0xeeb7, 0xeeb7, 0xeeb7, 0xeed7, 
	0xeed7, 0xeed7, 0xeed8, 0xeed8, 0xeed8, 0xeed8, 0xeed8, 0xeef8, 0xeef8, 0xeef8, 0xf6f8, 0xf6f8, 0xeef9, 0xeef9, 0xf6f9, 0xf6f9, 
	0xf6f9, 0xf6f9, 0xf719, 0xf719, 0xf719, 0xf719, 0xf719, 0xf73a, 0xf73a, 0xf73a, 0xf73a, 0xf73a, 0xf73a, 0xf73a, 0xf73a, 0xf73a, 
	0xf73a, 0xff7b, 0xf40d, 0xba46, 0xd226, 0xd226, 0xd246, 0xd226, 0xd226, 0xd226, 0xd246, 0xd226, 0xd246, 0xca26, 0xa9a4, 0xa183, 
	0xa184, 0xa184, 0xa984, 0xa984, 0x9184, 0xc30a, 0xffbd, 0xff9c, 0xff9d, 0xffbd, 0xffbd, 0xffbd, 0xffbd, 0xf7bd, 0xff9d, 0xff9d, 
	0xff9d, 0xff9d, 0xff9d, 0xff9d, 0xff9d, 0xff9d, 0xffbd, 0xffbd, 0xefbf, 0xd6fc, 0xc6fe, 0xc6fe, 0xc6fe, 0xc6fe, 0xc6fe, 0xc6fe, 
	0xc6fe, 0xc6fe, 0xc6fe, 0xc6fe, 0xc6fe, 0xc6fe, 0xc6fe, 0xc6fd, 0xd73e, 0xe7bf, 0xe7bf, 0xe7bf, 0xe7bf, 0xe7bf, 0xe7bf, 0xe7df, 
	0xc32b, 0x91a5, 0xa984, 0xa984, 0xca26, 0xca46, 0xd226, 0xd226, 0xd226, 0xd226, 0xd246, 0xca26, 0xc1e5, 0xb9e5, 0xa9e5, 0xcac9, 
	0xd5b6, 0xd596, 0xc596, 0xde59, 0xe7bf, 0xe7bf, 0xe7bf, 0xe7bf, 0xe7bf, 0xe7bf, 0xe7bf, 0xe7bf, 0xe7bf, 0xe7bf, 0xe7bf, 0xe7bf, 
	0xe7bf, 0xe7bf, 0xe7bf, 0xe7bf, 0xe7bf, 0xe7bf, 0xef9d, 0xefbe, 0xff9c, 0xff9c, 0xff9c, 0xf79c, 0xf79c, 0xf79c, 0xf77c, 0xf77c, 
	0xf77c, 0xf77c, 0xf79c, 0xff9c, 0xf79c, 0xf79c, 0xf79c, 0xf79c, 0xff7b, 0xff9c, 0xc30a, 0x9184, 0xa984, 0xa984, 0xa184, 0xa184, 
	0xa184, 0xa9a4, 0xca26, 0xca26, 0xca26, 0xca26, 0xd226, 0xd226, 0xd226, 0xd246, 0xd226, 0xd226, 0xba46, 0xf40d, 0xf75a, 0xf719, 
	0xf719, 0xf719, 0xf6f9, 0xf6f9, 0xf6f9, 0xf6f9, 0xeef9, 0xeef9, 0xf6f8, 0xf6f8, 0xeef8, 0xeef8, 0xeef8, 0xeed8, 0xeed8, 0xeed8, 
	0xeed8, 0xeed8, 0xeed7, 0xeed7, 0xeeb7, 0xeeb7, 0xeeb7, 0xeeb7, 0xeeb7, 0xeeb7, 0xee96, 0xee96, 0xee96, 0xee96, 0xee96, 0xee96, 
	0xee96, 0xee96, 0xee96, 0xee96, 0xee76, 0xee76, 0xee75, 0xee75, 0xee75, 0xee75, 0xee75, 0xee75, 0xee75, 0xee75, 0xee75, 0xee75, 
	0xee96, 0xee96, 0xee96, 0xee96, 0xee96, 0xee96, 0xee96, 0xee96, 0xeeb6, 0xeeb7, 0xeeb7, 0xeeb7, 0xeeb7, 0xeeb7, 0xeeb7, 0xeed7, 
	0xeed7, 0xeed7, 0xeed8, 0xeed8, 0xeed8, 0xeed8, 0xeef8, 0xeef8, 0xeef8, 0xf6f8, 0xf6f8, 0xf6f8, 0xeef9, 0xeef9, 0xf6f9, 0xf6f9, 
	0xf6f9, 0xf6f9, 0xf719, 0xf719, 0xf719, 0xf719, 0xf73a, 0xf73a, 0xf73a, 0xf73a, 0xf73a, 0xf73a, 0xf73a, 0xf73a, 0xf73a, 0xf73a, 
	0xf73a, 0xff7b, 0xf42e, 0xba46, 0xd226, 0xd226, 0xd246, 0xd226, 0xd226, 0xd246, 0xd246, 0xd226, 0xd246, 0xd246, 0xa9a4, 0xa984, 
	0xa984, 0xa984, 0xa984, 0xa984, 0x9184, 0xc30a, 0xff9c, 0xff9c, 0xff9c, 0xff9c, 0xff9d, 0xff9d, 0xff9d, 0xff9d, 0xff9d, 0xff9d, 
	0xff9d, 0xffbd, 0xff9d, 0xff9d, 0xffbd, 0xffbd, 0xffbd, 0xffbd, 0xefbf, 0xd6fc, 0xc6fe, 0xc6fe, 0xc6fe, 0xc6fe, 0xc6fe, 0xc6fe, 
	0xc6fe, 0xc6fe, 0xc6fe, 0xc6fe, 0xc6fe, 0xc6fe, 0xc6fe, 0xc6fe, 0xd75e, 0xe7bf, 0xe7bf, 0xe7bf, 0xe7bf, 0xe7bf, 0xe7bf, 0xe7df, 
	0xc32b, 0x91a5, 0xa984, 0xa9a4, 0xca26, 0xd246, 0xd226, 0xd226, 0xd226, 0xd226, 0xd246, 0xd246, 0xc1e5, 0xb9e5, 0xa9e5, 0xcac9, 
	0xd596, 0xcd95, 0xc596, 0xde59, 0xe7bf, 0xe7bf, 0xe7bf, 0xe7bf, 0xe7bf, 0xe7bf, 0xe7bf, 0xe7bf, 0xe7bf, 0xe7bf, 0xe7bf, 0xe7bf, 
	0xe7bf, 0xe7bf, 0xe7bf, 0xe7bf, 0xe7bf, 0xe7bf, 0xef9e, 0xefbe, 0xff9c, 0xff9c, 0xff9c, 0xff9c, 0xf79c, 0xf79c, 0xf79c, 0xf77c, 
	0xf77c, 0xf77c, 0xf77c, 0xf77c, 0xf77c, 0xf77b, 0xf77b, 0xf77b, 0xff5b, 0xff7c, 0xc2e9, 0x9184, 0xa984, 0xa984, 0xa984, 0xa984, 
	0xa984, 0xa9a4, 0xca26, 0xca26, 0xca26, 0xca26, 0xd246, 0xd226, 0xd226, 0xd246, 0xd226, 0xd226, 0xba46, 0xf40d, 0xf75a, 0xf719, 
	0xf719, 0xf719, 0xf6f9, 0xf6f9, 0xf6f9, 0xf6f9, 0xeef9, 0xeef9, 0xf6f8, 0xf6f8, 0xeef8, 0xeef8, 0xeef8, 0xeef8, 0xeed8, 0xeed8, 
	0xeed8, 0xeed8, 0xeed7, 0xeed7, 0xeed7, 0xeeb7, 0xeeb7, 0xeeb7, 0xeeb7, 0xeeb7, 0xeeb7, 0xee96, 0xee96, 0xee96, 0xee96, 0xee96, 
	0xee96, 0xee96, 0xee96, 0xee96, 0xee76, 0xee76, 0xee95, 0xee75, 0xee75, 0xee75, 0xee75, 0xee75, 0xee75, 0xee75, 0xee75, 0xee75, 
	0xee96, 0xee96, 0xee96, 0xee96, 0xee96, 0xee96, 0xee96, 0xee96, 0xeeb7, 0xeeb7, 0xeeb7, 0xeeb7, 0xeeb7, 0xeeb7, 0xeed7, 0xeed7, 
	0xeed7, 0xeed8, 0xeed8, 0xeed8, 0xeed8, 0xeed8, 0xeef8, 0xeef8, 0xeef8, 0xf6f8, 0xeef8, 0xeef9, 0xeef9, 0xf6f9, 0xf6f9, 0xf6f9, 
	0xf719, 0xf719, 0xf719, 0xf719, 0xf719, 0xf719, 0xf73a, 0xf73a, 0xf73a, 0xf73a, 0xf73a, 0xf73a, 0xf73a, 0xf73a, 0xf73a, 0xf73a, 
	0xf75b, 0xff7b, 0xf42e, 0xb247, 0xd246, 0xd246, 0xd246, 0xd246, 0xd246, 0xd246, 0xc205, 0xc1e5, 0xb9e5, 0xc246, 0xe5f5, 0xee57, 
	0xe657, 0xe657, 0xe657, 0xe657, 0xe657, 0xee99, 0xff9c, 0xff9c, 0xf79c, 0xff9c, 0xff9d, 0xff9d, 0xff9d, 0xff9d, 0xff9d, 0xffbd, 
	0xff9d, 0xff9d, 0xffbd, 0xffbd, 0xffbd, 0xffbd, 0xffbd, 0xffbd, 0xefdf, 0xd6fc, 0xc6fe, 0xc6fe, 0xc6fe, 0xc6fe, 0xc6fe, 0xc6fe, 
	0xc6fe, 0xc6fe, 0xc6fe, 0xc6fe, 0xc6fe, 0xc6fe, 0xc6fe, 0xc6fe, 0xd75e, 0xe7bf, 0xe7bf, 0xe7bf, 0xe7bf, 0xe7bf, 0xe7bf, 0xe7df, 
	0xc32b, 0x91a5, 0xa984, 0xa9a4, 0xca26, 0xd246, 0xd246, 0xd246, 0xd246, 0xd246, 0xd246, 0xca46, 0xb1c4, 0xb1c4, 0x99c5, 0xcb2b, 
	0xe75e, 0xdf3d, 0xdf3d, 0xdf7e, 0xe7bf, 0xe7bf, 0xe7bf, 0xe7bf, 0xe7bf, 0xe7bf, 0xe7bf, 0xe7bf, 0xe7bf, 0xe7bf, 0xe7bf, 0xe7bf, 
	0xe7bf, 0xe7bf, 0xe7bf, 0xe7bf, 0xe7bf, 0xe7bf, 0xef9d, 0xefbe, 0xff9c, 0xff9c, 0xff9c, 0xff9c, 0xff9c, 0xf79c, 0xf79c, 0xf79c, 
	0xf77c, 0xf77c, 0xf77c, 0xf77c, 0xf77c, 0xf77c, 0xf77b, 0xf77b, 0xf77b, 0xf77b, 0xee98, 0xe637, 0xe636, 0xe636, 0xe636, 0xe636, 
	0xee36, 0xddd5, 0xb206, 0xa9c4, 0xb1a4, 0xb1e5, 0xd246, 0xd246, 0xd246, 0xd246, 0xd246, 0xd246, 0xb246, 0xec0d, 0xf75a, 0xf719, 
	0xf719, 0xf719, 0xf6f9, 0xf6f9, 0xf6f9, 0xf6f9, 0xf6f9, 0xeef9, 0xf6f8, 0xf6f8, 0xf6f8, 0xeef8, 0xeef8, 0xeef8, 0xeed8, 0xeed8, 
	0xeed8, 0xeed8, 0xeed8, 0xeed7, 0xeed7, 0xeeb7, 0xeeb7, 0xeeb7, 0xeeb7, 0xeeb7, 0xeeb7, 0xeeb6, 0xee96, 0xee96, 0xee96, 0xee96, 
	0xee96, 0xee96, 0xee96, 0xee96, 0xee96, 0xee76, 0xee76, 0xee75, 0xee75, 0xee75, 0xee75, 0xee75, 0xee75, 0xee75, 0xee75, 0xee75, 
	0xee96, 0xee96, 0xee96, 0xee96, 0xee96, 0xee96, 0xee96, 0xee96, 0xeeb7, 0xeeb7, 0xeeb7, 0xeeb7, 0xeeb7, 0xeeb7, 0xeed7, 0xeed7, 
	0xeed8, 0xeed8, 0xeed8, 0xeed8, 0xeed8, 0xeef8, 0xeef8, 0xeef8, 0xf6f8, 0xf6f8, 0xeef9, 0xeef9, 0xf6f9, 0xf6f9, 0xf6f9, 0xf6f9, 
	0xf719, 0xf719, 0xf719, 0xf719, 0xf719, 0xf73a, 0xf73a, 0xf73a, 0xf73a, 0xf73a, 0xf73a, 0xf73a, 0xf73a, 0xf73a, 0xf73a, 0xf73a, 
	0xf75b, 0xff7b, 0xf42e, 0xb246, 0xd226, 0xd226, 0xd246, 0xd226, 0xd226, 0xd226, 0xb9e5, 0xb9c4, 0xa9c5, 0xba26, 0xf73a, 0xffbc, 
	0xffbd, 0xffbd, 0xffbd, 0xffbd, 0xffbd, 0xffbd, 0xff9c, 0xff9c, 0xff9d, 0xff9d, 0xff9d, 0xff9d, 0xff9d, 0xff9d, 0xff9d, 0xff9d, 
	0xffbd, 0xffbd, 0xffbd, 0xffbd, 0xffbd, 0xffbd, 0xffbd, 0xffbd, 0xefdf, 0xd6fc, 0xc6fe, 0xc6fe, 0xc6fe, 0xc6fe, 0xc6fe, 0xc6fe, 
	0xc6fe, 0xc6fe, 0xc6fe, 0xc6fe, 0xc6fe, 0xc6fe, 0xc6fe, 0xc6fe, 0xd75e, 0xe7bf, 0xe7bf, 0xe7bf, 0xe7bf, 0xe7bf, 0xe7bf, 0xe7df, 
	0xc32b, 0x91a4, 0xa984, 0xa984, 0xca26, 0xca46, 0xd226, 0xd226, 0xd226, 0xd226, 0xd246, 0xca26, 0xb1a4, 0xb1a4, 0x99a5, 0xcb2b, 
	0xe7df, 0xe7bf, 0xe7bf, 0xe7bf, 0xe7bf, 0xe7bf, 0xe7bf, 0xe7bf, 0xe7bf, 0xe7bf, 0xe7bf, 0xe7bf, 0xe7bf, 0xe7bf, 0xe7bf, 0xe7bf, 
	0xe7bf, 0xe7bf, 0xe7bf, 0xe7bf, 0xe7bf, 0xe7bf, 0xef9d, 0xf7be, 0xff9c, 0xff9c, 0xff9d, 0xff9d, 0xff9c, 0xff9c, 0xf79c, 0xf79c, 
	0xf79c, 0xf77c, 0xf77c, 0xf77c, 0xf77c, 0xf77c, 0xf77c, 0xf77b, 0xf77b, 0xf77b, 0xf79c, 0xff9c, 0xf79c, 0xf79c, 0xf79c, 0xf79b, 
	0xff7b, 0xeef9, 0xa9e5, 0x9984, 0xa983, 0xb1a4, 0xd246, 0xd246, 0xd226, 0xd246, 0xd226, 0xd226, 0xba46, 0xf40d, 0xff5a, 0xf719, 
	0xf719, 0xf719, 0xf719, 0xf719, 0xf6f9, 0xf6f9, 0xf6f9, 0xeef9, 0xeef9, 0xeef8, 0xf6f8, 0xeef8, 0xeef8, 0xeef8, 0xeef8, 0xeed8, 
	0xeed8, 0xeed8, 0xeed8, 0xeed8, 0xeed7, 0xeed7, 0xeeb7, 0xeeb7, 0xeeb7, 0xeeb7, 0xeeb7, 0xeeb7, 0xee96, 0xee96, 0xee96, 0xee96, 
	0xee96, 0xee96, 0xee96, 0xee96, 0xee96, 0xee76, 0xee76, 0xee76, 0xee75, 0xee75, 0xee75, 0xee75, 0xee75, 0xee75, 0xee75, 0xee75, 
	0xee96, 0xee96, 0xee96, 0xee96, 0xee96, 0xee96, 0xee96, 0xeeb7, 0xeeb7, 0xeeb7, 0xeeb7, 0xeeb7, 0xeeb7, 0xeeb7, 0xeed7, 0xeed7, 
	0xeed8, 0xeed8, 0xeed8, 0xeed8, 0xeed8, 0xeef8, 0xeef8, 0xeef8, 0xf6f8, 0xf6f8, 0xeef9, 0xeef9, 0xf6f9, 0xf6f9, 0xf6f9, 0xf6f9, 
	0xf719, 0xf719, 0xf719, 0xf719, 0xf73a, 0xf73a, 0xf73a, 0xf73a, 0xf73a, 0xf73a, 0xf73a, 0xf73a, 0xf73a, 0xf73a, 0xf73a, 0xf73b, 
	0xf75b, 0xff7b, 0xf42e, 0xb246, 0xd226, 0xd226, 0xd246, 0xd226, 0xd226, 0xd246, 0xb9e5, 0xb9c4, 0xb1e5, 0xba26, 0xf6fa, 0xff7c, 
	0xf77c, 0xf77c, 0xf79c, 0xf79c, 0xff9c, 0xff9c, 0xf79c, 0xff9d, 0xff9d, 0xff9d, 0xff9d, 0xff9d, 0xffbd, 0xffbd, 0xff9d, 0xff9d, 
	0xffbd, 0xffbd, 0xffbd, 0xffbd, 0xffbd, 0xffbd, 0xffbd, 0xffbd, 0xefdf, 0xd6fc, 0xc6fe, 0xc6fe, 0xc6fe, 0xc6fe, 0xc6fe, 0xc6fe, 
	0xc6fe, 0xc6fe, 0xc6fe, 0xc6fe, 0xc6fe, 0xc6fe, 0xc6fe, 0xc6fe, 0xd75e, 0xe7bf, 0xe7bf, 0xe7bf, 0xe7bf, 0xe7bf, 0xe7bf, 0xe7df, 
	0xc32b, 0x91a4, 0xa984, 0xa984, 0xca26, 0xd246, 0xd226, 0xd226, 0xd226, 0xd226, 0xd246, 0xca26, 0xb1a4, 0xb1a4, 0x99a5, 0xcb2b, 
	0xe7df, 0xe7bf, 0xe7bf, 0xe7bf, 0xe7bf, 0xe7bf, 0xe7bf, 0xe7bf, 0xe7bf, 0xe7bf, 0xe7bf, 0xe7bf, 0xe7bf, 0xe7bf, 0xe7bf, 0xe7bf, 
	0xe7bf, 0xe7bf, 0xe7bf, 0xe7bf, 0xe7bf, 0xe7bf, 0xef9e, 0xefbe, 0xff9c, 0xff9c, 0xff9d, 0xff9d, 0xff9c, 0xff9c, 0xff9c, 0xf79c, 
	0xf79c, 0xf79c, 0xf77c, 0xf77c, 0xf77c, 0xf77c, 0xf77c, 0xf77c, 0xf77b, 0xf77b, 0xf77b, 0xf77b, 0xf75b, 0xf75b, 0xf75b, 0xf75b, 
	0xff5b, 0xeed9, 0xaa05, 0xa1a4, 0xa984, 0xb1c4, 0xd246, 0xd246, 0xd226, 0xd246, 0xd226, 0xd226, 0xba46, 0xf40d, 0xff5a, 0xf73a, 
	0xf719, 0xf719, 0xf719, 0xf719, 0xf6f9, 0xf6f9, 0xf6f9, 0xf6f9, 0xeef9, 0xeef9, 0xf6f8, 0xf6f8, 0xeef8, 0xeef8, 0xeef8, 0xeed8, 
	0xeed8, 0xeed8, 0xeed8, 0xeed8, 0xeed7, 0xeed7, 0xeeb7, 0xeeb7, 0xeeb7, 0xeeb7, 0xeeb7, 0xeeb7, 0xee96, 0xee96, 0xee96, 0xee96, 
	0xee96, 0xee96, 0xee96, 0xee96, 0xee96, 0xee96, 0xee76, 0xee76, 0xee75, 0xee75, 0xee75, 0xee75, 0xee75, 0xee75, 0xee75, 0xee75, 
	0xee96, 0xee96, 0xee96, 0xee96, 0xee96, 0xee96, 0xee96, 0xeeb7, 0xeeb7, 0xeeb7, 0xeeb7, 0xeeb7, 0xeeb7, 0xeed7, 0xeed7, 0xeed8, 
	0xeed8, 0xeed8, 0xeed8, 0xeed8, 0xeef8, 0xeef8, 0xeef8, 0xf6f8, 0xeef8, 0xeef8, 0xeef9, 0xf6f9, 0xf6f9, 0xf6f9, 0xf6f9, 0xf719, 
	0xf719, 0xf719, 0xf719, 0xf719, 0xf73a, 0xf73a, 0xf73a, 0xf73a, 0xf73a, 0xf73a, 0xf73a, 0xf73a, 0xf73a, 0xf73a, 0xf73b, 0xf73b, 
	0xf75b, 0xff7b, 0xf42e, 0xb247, 0xd246, 0xd246, 0xd246, 0xd246, 0xd246, 0xd246, 0xb1c5, 0xb1a4, 0xa1c4, 0xb226, 0xeefa, 0xff7c, 
	0xf77c, 0xf79c, 0xf79c, 0xff9c, 0xff9c, 0xff9c, 0xff9d, 0xff9d, 0xff9d, 0xff9d, 0xff9d, 0xffbd, 0xff9d, 0xff9d, 0xffbd, 0xffbd, 
	0xffbd, 0xffbd, 0xffbd, 0xffbd, 0xffbd, 0xffbd, 0xffbd, 0xffde, 0xf7be, 0xef7d, 0xef7e, 0xef9e, 0xdf9f, 0xcefc, 0xc6fe, 0xc6fe, 
	0xc6fe, 0xc6fe, 0xc6fe, 0xc6fe, 0xc6fe, 0xc6fe, 0xc6fe, 0xc6fe, 0xcf1e, 0xcf3e, 0xcf3e, 0xcf3e, 0xd75e, 0xd75e, 0xd75e, 0xdf7f, 
	0xc32b, 0x91a5, 0xa9a4, 0xa9a4, 0xca46, 0xd246, 0xd246, 0xd246, 0xd246, 0xd246, 0xd246, 0xca46, 0xa9a4, 0xa9a4, 0x91a5, 0xc32b, 
	0xe7bf, 0xdf9f, 0xdf9f, 0xdf9f, 0xdf9f, 0xdf9f, 0xdf9f, 0xdf9f, 0xdf9f, 0xdf9f, 0xdf9f, 0xdf9f, 0xdf9f, 0xdf9f, 0xdf9f, 0xe79f, 
	0xe79f, 0xe79f, 0xe79e, 0xefbf, 0xf7be, 0xf7be, 0xf7bd, 0xf7bd, 0xffbd, 0xff9d, 0xff9d, 0xff9d, 0xff9d, 0xff9d, 0xff9c, 0xff9c, 
	0xf79c, 0xf79c, 0xf79c, 0xf77c, 0xf77c, 0xf77c, 0xf77c, 0xf77c, 0xf77c, 0xf77b, 0xf77b, 0xf77b, 0xf77b, 0xf77b, 0xf77b, 0xf75b, 
	0xff5b, 0xeed9, 0xaa06, 0xa1a4, 0xa9a4, 0xb1c5, 0xd246, 0xd246, 0xd246, 0xd246, 0xd246, 0xd246, 0xba66, 0xec0d, 0xf75a, 0xf73a, 
	0xf719, 0xf719, 0xf719, 0xf719, 0xf6f9, 0xf6f9, 0xf6f9, 0xf6f9, 0xeef9, 0xeef9, 0xf6f8, 0xf6f8, 0xf6f8, 0xeef8, 0xeef8, 0xeef8, 
	0xeed8, 0xeed8, 0xeed8, 0xeed8, 0xeed7, 0xeed7, 0xeed7, 0xeeb7, 0xeeb7, 0xeeb7, 0xeeb7, 0xeeb7, 0xeeb7, 0xee96, 0xee96, 0xee96, 
	0xee96, 0xee96, 0xee96, 0xee96, 0xee96, 0xee96, 0xee76, 0xee76, 0xee95, 0xee75, 0xee75, 0xee75, 0xee75, 0xee75, 0xee75, 0xee75, 
	0xee96, 0xee96, 0xee96, 0xee96, 0xee96, 0xee96, 0xeeb6, 0xeeb7, 0xeeb7, 0xeeb7, 0xeeb7, 0xeeb7, 0xeeb7, 0xeed7, 0xeed7, 0xeed8, 
	0xeed8, 0xeed8, 0xeed8, 0xeed8, 0xeef8, 0xeef8, 0xeef8, 0xf6f8, 0xeef8, 0xeef9, 0xeef9, 0xf6f9, 0xf6f9, 0xf6f9, 0xf719, 0xf719, 
	0xf719, 0xf719, 0xf719, 0xf73a, 0xf73a, 0xf73a, 0xf73a, 0xf73a, 0xf73a, 0xf73a, 0xf73a, 0xf73a, 0xf73a, 0xf73a, 0xf73b, 0xf73b, 
	0xf75b, 0xff7b, 0xf42e, 0xb246, 0xd226, 0xd226, 0xd246, 0xd226, 0xd226, 0xd226, 0xb1c4, 0xa984, 0x9984, 0xa9e6, 0xeefa, 0xff7c, 
	0xf79c, 0xf79c, 0xff9c, 0xff9c, 0xf79c, 0xff9d, 0xff9d, 0xff9d, 0xff9d, 0xff9d, 0xff9d, 0xff9d, 0xffbd, 0xffbd, 0xffbd, 0xffbd, 
	0xffbd, 0xffbd, 0xffbd, 0xffbd, 0xffbd, 0xffbd, 0xffde, 0xffde, 0xffde, 0xffde, 0xffde, 0xffde, 0xefdf, 0xd6fc, 0xc6fe, 0xc6fe, 
	0xc6fe, 0xc6fe, 0xc6fe, 0xc6fe, 0xc6fe, 0xc6fe, 0xc6fe, 0xc6fe, 0xc6fd, 0xc6fd, 0xc6fd, 0xc6fd, 0xc71e, 0xcf1e, 0xcf1e, 0xcf3e, 
	0xbb0a, 0x91a5, 0xa984, 0xa984, 0xca26, 0xca46, 0xd226, 0xd226, 0xd226, 0xd226, 0xca46, 0xca26, 0xa984, 0xa984, 0x91a4, 0xc30a, 
	0xdf9f, 0xdf7f, 0xdf7f, 0xdf7f, 0xdf7f, 0xdf7f, 0xdf7f, 0xdf7f, 0xdf7f, 0xdf7f, 0xdf7f, 0xdf9f, 0xdf9f, 0xdf9f, 0xdf9f, 0xe79f, 
	0xdf9f, 0xdf9f, 0xef9e, 0xefdf, 0xffbd, 0xffbd, 0xff9d, 0xff9d, 0xffbd, 0xffbd, 0xff9d, 0xff9d, 0xff9d, 0xff9d, 0xff9d, 0xff9c, 
	0xff9c, 0xf79c, 0xf79c, 0xf79c, 0xf77c, 0xf77c, 0xf77c, 0xf77c, 0xf77c, 0xf77c, 0xf77b, 0xf77b, 0xf77b, 0xf77b, 0xf77b, 0xf75b, 
	0xff5b, 0xeed9, 0xaa05, 0xa1a4, 0xa984, 0xb1c4, 0xd246, 0xd246, 0xd226, 0xd246, 0xd226, 0xd226, 0xba46, 0xf40d, 0xf75a, 0xf73a, 
	0xf739, 0xf719, 0xf719, 0xf719, 0xf719, 0xf719, 0xf6f9, 0xf6f9, 0xf6f9, 0xeef9, 0xeef9, 0xeef8, 0xf6f8, 0xeef8, 0xeef8, 0xeef8, 
	0xeed8, 0xeed8, 0xeed8, 0xeed8, 0xeed8, 0xeed7, 0xeed7, 0xeeb7, 0xeeb7, 0xeeb7, 0xeeb7, 0xeeb7, 0xeeb7, 0xeeb6, 0xee96, 0xee96, 
	0xee96, 0xee96, 0xee96, 0xee96, 0xee96, 0xee96, 0xee76, 0xee76, 0xee95, 0xee75, 0xee75, 0xee75, 0xee75, 0xee75, 0xee75, 0xee75, 
	0xee96, 0xee96, 0xee96, 0xee96, 0xee96, 0xee96, 0xeeb7, 0xeeb7, 0xeeb7, 0xeeb7, 0xeeb7, 0xeeb7, 0xeed7, 0xeed7, 0xeed8, 0xeed8, 
	0xeed8, 0xeed8, 0xeed8, 0xeef8, 0xeef8, 0xeef8, 0xf6f8, 0xf6f8, 0xeef9, 0xeef9, 0xf6f9, 0xf6f9, 0xf6f9, 0xf6f9, 0xf719, 0xf719, 
	0xf719, 0xf719, 0xf73a, 0xf73a, 0xf73a, 0xf73a, 0xf73a, 0xf73a, 0xf73a, 0xf73a, 0xf73a, 0xf73a, 0xf73a, 0xf73b, 0xf75b, 0xf75b, 
	0xf75b, 0xff9c, 0xf42e, 0xb246, 0xd226, 0xd226, 0xd246, 0xd226, 0xd226, 0xd226, 0xb1c4, 0xa984, 0xa1a4, 0xaa05, 0xeefa, 0xff9c, 
	0xf79c, 0xf79c, 0xff9c, 0xff9c, 0xff9d, 0xff9d, 0xff9d, 0xff9d, 0xff9d, 0xffbd, 0xff9d, 0xff9d, 0xffbd, 0xffbd, 0xffbd, 0xffbd, 
	0xffbd, 0xffbd, 0xffbd, 0xffbd, 0xffde, 0xffde, 0xffde, 0xffde, 0xffde, 0xffde, 0xffde, 0xffde, 0xefdf, 0xd6fc, 0xc6fe, 0xc6fe, 
	0xc6fe, 0xc6fe, 0xc6fe, 0xc6fe, 0xc6fe, 0xc6fe, 0xc6fe, 0xc6fe, 0xc6fd, 0xc6fd, 0xc6fd, 0xc6fd, 0xc71e, 0xcf1e, 0xcf3e, 0xd73e, 
	0xbb0a, 0x91a5, 0xa984, 0xa984, 0xca26, 0xd246, 0xd226, 0xd226, 0xd226, 0xd226, 0xd246, 0xca26, 0xa984, 0xa984, 0x91a4, 0xc32a, 
	0xe79f, 0xdf7f, 0xdf7f, 0xdf7f, 0xdf9f, 0xdf9f, 0xdf7f, 0xdf9f, 0xdf9f, 0xdf9f, 0xdf9f, 0xdf9f, 0xdf9f, 0xdf9f, 0xdf9f, 0xe7bf, 
	0xe7bf, 0xe7bf, 0xef9e, 0xefdf, 0xffbd, 0xffbd, 0xffbd, 0xffbd, 0xff9d, 0xff9d, 0xffbd, 0xff9d, 0xff9d, 0xff9d, 0xff9d, 0xff9d, 
	0xff9c, 0xff9c, 0xf79c, 0xf79c, 0xf79c, 0xf77c, 0xf77c, 0xf77c, 0xf77c, 0xf77c, 0xf77b, 0xf77b, 0xf77b, 0xf77b, 0xf77b, 0xf77b, 
	0xff5b, 0xeed9, 0xaa05, 0xa1a4, 0xa984, 0xb1c4, 0xd246, 0xd246, 0xd226, 0xd246, 0xd226, 0xd226, 0xba46, 0xf40d, 0xf75a, 0xf73a, 
	0xf73a, 0xf719, 0xf719, 0xf719, 0xf719, 0xf719, 0xf6f9, 0xf6f9, 0xf6f9, 0xeef9, 0xeef9, 0xeef8, 0xf6f8, 0xeef8, 0xeef8, 0xeef8, 
	0xeef8, 0xeed8, 0xeed8, 0xeed8, 0xeed8, 0xeed8, 0xeed7, 0xeed7, 0xeeb7, 0xeeb7, 0xeeb7, 0xeeb7, 0xeeb7, 0xeeb6, 0xee96, 0xee96, 
	0xee96, 0xee96, 0xee96, 0xee96, 0xee96, 0xee96, 0xee96, 0xee76, 0xee76, 0xee75, 0xee75, 0xee75, 0xee75, 0xee75, 0xee75, 0xee75, 
	0xee96, 0xee96, 0xee96, 0xee96, 0xee96, 0xee96, 0xeeb7, 0xeeb7, 0xeeb7, 0xeeb7, 0xeeb7, 0xeeb7, 0xeed7, 0xeed7, 0xeed8, 0xeed8, 
	0xeed8, 0xeed8, 0xeed8, 0xeef8, 0xeef8, 0xeef8, 0xf6f8, 0xf6f8, 0xeef9, 0xeef9, 0xf6f9, 0xf6f9, 0xf6f9, 0xf6f9, 0xf719, 0xf719, 
	0xf719, 0xf719, 0xf73a, 0xf73a, 0xf73a, 0xf73a, 0xf73a, 0xf73a, 0xf73a, 0xf73a, 0xf73a, 0xf73a, 0xf73b, 0xf73b, 0xf75b, 0xf75b, 
	0xf75b, 0xff9c, 0xf42e, 0xba67, 0xd246, 0xd246, 0xd246, 0xd246, 0xd246, 0xd246, 0xb1c5, 0xa9a4, 0xa1a4, 0xaa06, 0xef1a, 0xff9c, 
	0xf79c, 0xf79c, 0xf79c, 0xff9d, 0xff9d, 0xff9d, 0xff9d, 0xff9d, 0xff9d, 0xff9d, 0xffbd, 0xffbd, 0xffbd, 0xffbd, 0xffbd, 0xffbd, 
	0xffbd, 0xffbd, 0xffbd, 0xffde, 0xffde, 0xffde, 0xffde, 0xffde, 0xffde, 0xffde, 0xffde, 0xffde, 0xefdf, 0xd6fc, 0xc6fe, 0xc6fe, 
	0xc6fe, 0xc6fe, 0xc6fe, 0xc6fe, 0xc6fe, 0xc6fe, 0xc6fe, 0xc6fe, 0xc6fe, 0xc6fd, 0xc6fd, 0xc6fd, 0xc71e, 0xc71e, 0xcf1e, 0xcf3e, 
	0xbb0a, 0x91c5, 0xa9a4, 0xa9a4, 0xca46, 0xca66, 0xd246, 0xd246, 0xd246, 0xd246, 0xd246, 0xca46, 0xa9a4, 0xa9a4, 0x91c5, 0xbb2b, 
	0xd75f, 0xd73e, 0xcf3e, 0xcf3e, 0xd73e, 0xd73e, 0xd73e, 0xd73e, 0xd73e, 0xd73e, 0xd73e, 0xd75e, 0xd75e, 0xd75e, 0xd75e, 0xd75e, 
	0xd73f, 0xd73f, 0xdf3d, 0xefbf, 0xffbd, 0xffbd, 0xffbd, 0xffbd, 0xffbd, 0xffbd, 0xff9d, 0xff9d, 0xff9d, 0xff9d, 0xff9d, 0xff9d, 
	0xff9d, 0xff9c, 0xff9c, 0xf79c, 0xf79c, 0xf79c, 0xf77c, 0xf77c, 0xf77c, 0xf77c, 0xf77c, 0xf77b, 0xf77b, 0xf77b, 0xf77b, 0xf77b, 
	0xff5b, 0xeed9, 0xaa06, 0xa1a4, 0xa9a4, 0xb1c5, 0xd246, 0xd246, 0xd246, 0xd246, 0xd246, 0xd246, 0xba66, 0xf42d, 0xf75a, 0xf73a, 
	0xf73a, 0xf73a, 0xf719, 0xf719, 0xf719, 0xf719, 0xf6f9, 0xf6f9, 0xf6f9, 0xf6f9, 0xeef9, 0xeef9, 0xf6f8, 0xf6f8, 0xeef8, 0xeef8, 
	0xeef8, 0xeed8, 0xeed8, 0xeed8, 0xeed8, 0xeed8, 0xeed7, 0xeed7, 0xeeb7, 0xeeb7, 0xeeb7, 0xeeb7, 0xeeb7, 0xeeb7, 0xee96, 0xee96, 
	0xee96, 0xee96, 0xee96, 0xee96, 0xee96, 0xee96, 0xee96, 0xee76, 0xee76, 0xee76, 0xee75, 0xee75, 0xee75, 0xee75, 0xee75, 0xee75, 
	0xee96, 0xee96, 0xee96, 0xee96, 0xee96, 0xeeb7, 0xeeb7, 0xeeb7, 0xeeb7, 0xeeb7, 0xeeb7, 0xeed7, 0xeed7, 0xeed7, 0xeed8, 0xeed8, 
	0xeed8, 0xeed8, 0xeef8, 0xeef8, 0xeef8, 0xf6f8, 0xeef8, 0xeef8, 0xeef9, 0xf6f9, 0xf6f9, 0xf6f9, 0xf6f9, 0xf719, 0xf719, 0xf719, 
	0xf719, 0xf719, 0xf73a, 0xf73a, 0xf73a, 0xf73a, 0xf73a, 0xf73a, 0xf73a, 0xf73a, 0xf73a, 0xf73a, 0xf73b, 0xf73b, 0xf75b, 0xf75b, 
	0xf75b, 0xff9c, 0xf42e, 0xb246, 0xd226, 0xd226, 0xd246, 0xd226, 0xd226, 0xd226, 0xb1c4, 0xa984, 0xa1a4, 0xaa05, 0xf6fa, 0xff9c, 
	0xf79c, 0xf79c, 0xff9d, 0xff9d, 0xff9d, 0xff9d, 0xff9d, 0xffbd, 0xff9d, 0xff9d, 0xffbd, 0xffbd, 0xffbd, 0xffbd, 0xffbd, 0xffbd, 
	0xffbd, 0xffde, 0xffde, 0xffde, 0xffde, 0xffde, 0xffde, 0xffde, 0xffde, 0xffde, 0xffde, 0xffde, 0xefdf, 0xd6fc, 0xc6fe, 0xc6fe, 
	0xc6fe, 0xc6fe, 0xc6fe, 0xc6fe, 0xc6fe, 0xc6fe, 0xc6fe, 0xc6fe, 0xc6fe, 0xc6fe, 0xc6fe, 0xc6fe, 0xc6fe, 0xc6fe, 0xc6fe, 0xcf1e, 
	0xbb0a, 0x91a5, 0xa984, 0xa984, 0xca26, 0xca46, 0xd226, 0xd226, 0xd226, 0xd226, 0xca46, 0xca26, 0xa984, 0xa984, 0x91a5, 0xbb0a, 
	0xcf1e, 0xc6fe, 0xc6fe, 0xc6fe, 0xc6fe, 0xc6fe, 0xc6fe, 0xc6fe, 0xc6fe, 0xc6fe, 0xc6fe, 0xc6fe, 0xc6fe, 0xc6fe, 0xc6fe, 0xc6fe, 
	0xc6fe, 0xc6fe, 0xcedc, 0xefbf, 0xffbd, 0xffbd, 0xffbd, 0xffbd, 0xffbd, 0xffbd, 0xff9d, 0xff9d, 0xffbd, 0xff9d, 0xff9d, 0xff9d, 
	0xff9d, 0xff9d, 0xff9c, 0xff9c, 0xf79c, 0xf79c, 0xf77c, 0xf77c, 0xf77c, 0xf77c, 0xf77c, 0xf77c, 0xf77b, 0xf77b, 0xf77b, 0xf77b, 
	0xff5b, 0xeed9, 0xaa05, 0xa1a4, 0xa984, 0xb1c4, 0xd246, 0xd246, 0xd226, 0xd246, 0xd226, 0xd226, 0xba46, 0xf40d, 0xf75a, 0xf73a, 
	0xf73a, 0xf73a, 0xf719, 0xf719, 0xf719, 0xf719, 0xf6f9, 0xf6f9, 0xf6f9, 0xf6f9, 0xeef9, 0xeef9, 0xf6f8, 0xf6f8, 0xeef8, 0xeef8, 
	0xeef8, 0xeef8, 0xeed8, 0xeed8, 0xeed8, 0xeed8, 0xeed7, 0xeed7, 0xeeb7, 0xeeb7, 0xeeb7, 0xeeb7, 0xeeb7, 0xeeb7, 0xee96, 0xee96, 
	0xee96, 0xee96, 0xee96, 0xee96, 0xee96, 0xee96, 0xee96, 0xee76, 0xee76, 0xee76, 0xee75, 0xee75, 0xee75, 0xee75, 0xee75, 0xee75, 
	0xee96, 0xee96, 0xee96, 0xee96, 0xee96, 0xeeb7, 0xeeb7, 0xeeb7, 0xeeb7, 0xeeb7, 0xeeb7, 0xeed7, 0xeed7, 0xeed8, 0xeed8, 0xeed8, 
	0xeed8, 0xeed8, 0xeef8, 0xeef8, 0xeef8, 0xf6f8, 0xeef8, 0xeef9, 0xeef9, 0xf6f9, 0xf6f9, 0xf6f9, 0xf719, 0xf719, 0xf719, 0xf719, 
	0xf719, 0xf73a, 0xf73a, 0xf73a, 0xf73a, 0xf73a, 0xf73a, 0xf73a, 0xf73a, 0xf73a, 0xf73a, 0xf73b, 0xf73b, 0xf75b, 0xf75b, 0xf75b, 
	0xf75b, 0xff9c, 0xf42e, 0xb246, 0xd226, 0xd226, 0xd246, 0xd226, 0xd226, 0xd226, 0xb1c4, 0xa984, 0xa1a4, 0xaa05, 0xf6fa, 0xff9c, 
	0xf79c, 0xff9d, 0xff9d, 0xff9d, 0xff9d, 0xff9d, 0xff9d, 0xff9d, 0xffbd, 0xffbd, 0xffbd, 0xffbd, 0xffbd, 0xffbd, 0xffbd, 0xffbd, 
	0xffde, 0xffde, 0xffde, 0xffde, 0xffde, 0xffde, 0xffde, 0xffde, 0xffde, 0xffde, 0xffde, 0xfffe, 0xefdf, 0xcefc, 0xc6fe, 0xc6fe, 
	0xc6fe, 0xc6fe, 0xc6fe, 0xc6fe, 0xc6fe, 0xc6fe, 0xc6fe, 0xc6fe, 0xc6fe, 0xc6fe, 0xc6fe, 0xc6fe, 0xc6fe, 0xc6fe, 0xc6fd, 0xcf1e, 
	0xbb0a, 0x91a5, 0xa984, 0xa984, 0xca26, 0xca46, 0xd226, 0xd226, 0xd226, 0xd226, 0xca46, 0xca26, 0xa984, 0xa984, 0x91a5, 0xbaea, 
	0xcf1e, 0xc6fd, 0xc6fe, 0xc6fe, 0xc6fe, 0xc6fe, 0xc6fe, 0xc6fe, 0xc6fe, 0xc6fe, 0xc6fe, 0xc6fe, 0xc6fe, 0xc6fe, 0xc6fe, 0xc6fe, 
	0xc6fe, 0xc6fe, 0xcedc, 0xefbf, 0xffbd, 0xffbd, 0xffbd, 0xffbd, 0xffbd, 0xffbd, 0xffbd, 0xffbd, 0xffbd, 0xffbd, 0xff9d, 0xff9d, 
	0xff9d, 0xff9d, 0xff9c, 0xff9c, 0xff9c, 0xf79c, 0xf79c, 0xf77c, 0xf77c, 0xf77c, 0xf77c, 0xf77c, 0xf77c, 0xf77b, 0xf77b, 0xf77b, 
	0xff5b, 0xeed9, 0xaa05, 0xa1a4, 0xa984, 0xb1c4, 0xd246, 0xd246, 0xd246, 0xd246, 0xd226, 0xd226, 0xba46, 0xf40d, 0xf75a, 0xf73a, 
	0xf73a, 0xf73a, 0xf719, 0xf719, 0xf719, 0xf719, 0xf719, 0xf6f9, 0xf6f9, 0xf6f9, 0xf6f9, 0xeef9, 0xeef8, 0xeef8, 0xf6f8, 0xeef8, 
	0xeef8, 0xeef8, 0xeed8, 0xeed8, 0xeed8, 0xeed8, 0xeed7, 0xeed7, 0xeed7, 0xeeb7, 0xeeb7, 0xeeb7, 0xeeb7, 0xeeb7, 0xeeb7, 0xee96, 
	0xee96, 0xee96, 0xee96, 0xee96, 0xee96, 0xee96, 0xee96, 0xee96, 0xee76, 0xee76, 0xee75, 0xee75, 0xee75, 0xee75, 0xee75, 0xee75, 
	0xee96, 0xee96, 0xee96, 0xee96, 0xeeb6, 0xeeb7, 0xeeb7, 0xeeb7, 0xeeb7, 0xeeb7, 0xeed7, 0xeed7, 0xeed8, 0xeed8, 0xeed8, 0xeed8, 
	0xeed8, 0xeef8, 0xeef8, 0xeef8, 0xf6f8, 0xf6f8, 0xeef9, 0xeef9, 0xf6f9, 0xf6f9, 0xf6f9, 0xf6f9, 0xf719, 0xf719, 0xf719, 0xf719, 
	0xf73a, 0xf73a, 0xf73a, 0xf73a, 0xf73a, 0xf73a, 0xf73a, 0xf73a, 0xf73a, 0xf73a, 0xf73a, 0xf73b, 0xf73b, 0xf75b, 0xf75b, 0xf75b, 
	0xf75b, 0xff9c, 0xf42e, 0xb247, 0xd246, 0xd246, 0xd246, 0xd246, 0xd246, 0xd246, 0xb1c5, 0xa984, 0xa1a4, 0xaa06, 0xf71a, 0xff9c, 
	0xf79d, 0xf79d, 0xff9d, 0xff9d, 0xff9d, 0xffbd, 0xff9d, 0xff9d, 0xffbd, 0xffbd, 0xffbd, 0xffbd, 0xffbd, 0xffbd, 0xffbd, 0xffde, 
	0xffde, 0xffde, 0xffde, 0xffde, 0xffde, 0xffde, 0xffde, 0xffde, 0xffde, 0xffde, 0xffde, 0xffde, 0xf7df, 0xe75d, 0xdf5e, 0xdf5e, 
	0xd75e, 0xc6fd, 0xc6fe, 0xc6fe, 0xc6fe, 0xc6fe, 0xc6fe, 0xc6fe, 0xc6fe, 0xc6fe, 0xc6fe, 0xc6fe, 0xc71e, 0xc6fe, 0xc6fe, 0xcf1e, 
	0xbb0a, 0x91a5, 0xa9a4, 0xa9a4, 0xca26, 0xd246, 0xd246, 0xd246, 0xd246, 0xd246, 0xd246, 0xca46, 0xa9a4, 0xa9a4, 0x91a5, 0xbb0a, 
	0xcf1e, 0xc6fe, 0xc6fe, 0xc71e, 0xc6fe, 0xc6fe, 0xc6fe, 0xc6fe, 0xc6fe, 0xc6fe, 0xc6fe, 0xc6fe, 0xc6fe, 0xc6fe, 0xc6fd, 0xd75e, 
	0xdf5e, 0xdf5e, 0xe75d, 0xf7bf, 0xffdd, 0xffbd, 0xffbd, 0xffbd, 0xffbd, 0xffbd, 0xffbd, 0xffbd, 0xff9d, 0xff9d, 0xffbd, 0xff9d, 
	0xff9d, 0xff9d, 0xff9d, 0xf79c, 0xff9c, 0xff9c, 0xf79c, 0xf79c, 0xf77c, 0xf77c, 0xf77c, 0xf77c, 0xf77c, 0xf77b, 0xf77b, 0xf77b, 
	0xff5b, 0xeed9, 0xaa06, 0xa1a4, 0xa9a4, 0xa9c4, 0xc205, 0xc205, 0xc205, 0xc226, 0xd246, 0xd246, 0xb247, 0xf42e, 0xf75b, 0xf73a, 
	0xf73a, 0xf73a, 0xf73a, 0xf719, 0xf719, 0xf719, 0xf719, 0xf719, 0xf6f9, 0xf6f9, 0xf6f9, 0xeef9, 0xeef9, 0xeef8, 0xf6f8, 0xeef8, 
	0xeef8, 0xeef8, 0xeed8, 0xeed8, 0xeed8, 0xeed8, 0xeed8, 0xeed7, 0xeed7, 0xeeb7, 0xeeb7, 0xeeb7, 0xeeb7, 0xeeb7, 0xeeb7, 0xeeb6, 
	0xee96, 0xee96, 0xee96, 0xee96, 0xee96, 0xee96, 0xee96, 0xee96, 0xee76, 0xee76, 0xee95, 0xee75, 0xee75, 0xee75, 0xee75, 0xee75, 
	0xee96, 0xee96, 0xee96, 0xee96, 0xeeb7, 0xeeb7, 0xeeb7, 0xeeb7, 0xeeb7, 0xeeb7, 0xeed7, 0xeed7, 0xeed8, 0xeed8, 0xeed8, 0xeed8, 
	0xeed8, 0xeef8, 0xeef8, 0xeef8, 0xf6f8, 0xf6f8, 0xeef9, 0xeef9, 0xf6f9, 0xf6f9, 0xf6f9, 0xf6f9, 0xf719, 0xf719, 0xf719, 0xf719, 
	0xf73a, 0xf73a, 0xf73a, 0xf73a, 0xf73a, 0xf73a, 0xf73a, 0xf73a, 0xf73a, 0xf73a, 0xf73b, 0xf73b, 0xf75b, 0xf75b, 0xf75b, 0xf75b, 
	0xf77b, 0xff9c, 0xf42e, 0xb246, 0xd226, 0xd226, 0xd246, 0xd226, 0xd246, 0xd246, 0xb1c4, 0xa984, 0xa1a4, 0xaa05, 0xf71a, 0xff9c, 
	0xf79d, 0xf79d, 0xff9d, 0xff9d, 0xff9d, 0xff9d, 0xffbd, 0xffbd, 0xffbd, 0xffbd, 0xffbd, 0xffbd, 0xffbd, 0xffbd, 0xffde, 0xffde, 
	0xffde, 0xffde, 0xffde, 0xffde, 0xffde, 0xffde, 0xffde, 0xffde, 0xffde, 0xffdf, 0xffdf, 0xffdf, 0xffdf, 0xffff, 0xffff, 0xffff, 
	0xefdf, 0xcefc, 0xc6fe, 0xc6fe, 0xc6fe, 0xc6fe, 0xc6fe, 0xc6fe, 0xc6fe, 0xc6fe, 0xc6fe, 0xc6fe, 0xc6fe, 0xc6fe, 0xc6fd, 0xcf1e, 
	0xbb0a, 0x91a5, 0xa984, 0xa984, 0xca26, 0xd246, 0xd226, 0xd226, 0xd226, 0xd226, 0xd246, 0xca26, 0xa984, 0xa984, 0x91a5, 0xbb0a, 
	0xcf1e, 0xc6fd, 0xc6fe, 0xc6fe, 0xc6fe, 0xc6fe, 0xc6fe, 0xc6fe, 0xc6fe, 0xc6fe, 0xc6fe, 0xc6fe, 0xc6fe, 0xc6fe, 0xcefc, 0xefbf, 
	0xffde, 0xffde, 0xffde, 0xffde, 0xffde, 0xffde, 0xffbd, 0xffbd, 0xffbd, 0xffbd, 0xffbd, 0xffbd, 0xffbd, 0xffbd, 0xffbd, 0xffbd, 
	0xff9d, 0xff9d, 0xff9d, 0xff9d, 0xff9c, 0xff9c, 0xf79c, 0xf79c, 0xf79c, 0xf77c, 0xf77c, 0xf77c, 0xf77c, 0xf77c, 0xf77b, 0xf77b, 
	0xff7b, 0xeed9, 0xaa05, 0xa1a4, 0xa984, 0xa9a4, 0xa184, 0xa184, 0xa183, 0xb1c5, 0xd226, 0xd226, 0xba46, 0xf40d, 0xf75b, 0xf73a, 
	0xf73a, 0xf73a, 0xf73a, 0xf73a, 0xf719, 0xf719, 0xf719, 0xf719, 0xf6f9, 0xf6f9, 0xf6f9, 0xf6f9, 0xeef9, 0xeef9, 0xf6f8, 0xf6f8, 
	0xeef8, 0xeef8, 0xeef8, 0xeed8, 0xeed8, 0xeed8, 0xeed8, 0xeed8, 0xeed7, 0xeed7, 0xeeb7, 0xeeb7, 0xeeb7, 0xeeb7, 0xeeb7, 0xeeb6, 
	0xee96, 0xee96, 0xee96, 0xee96, 0xee96, 0xee96, 0xee96, 0xee96, 0xee76, 0xee76, 0xee76, 0xee75, 0xee75, 0xee75, 0xee75, 0xee75, 
	0xee96, 0xee96, 0xee96, 0xee96, 0xeeb7, 0xeeb7, 0xeeb7, 0xeeb7, 0xeeb7, 0xeeb7, 0xeed7, 0xeed7, 0xeed8, 0xeed8, 0xeed8, 0xeed8, 
	0xeef8, 0xeef8, 0xeef8, 0xeef8, 0xf6f8, 0xf6f8, 0xeef9, 0xf6f9, 0xf6f9, 0xf6f9, 0xf6f9, 0xf719, 0xf719, 0xf719, 0xf719, 0xf719, 
	0xf73a, 0xf73a, 0xf73a, 0xf73a, 0xf73a, 0xf73a, 0xf73a, 0xf73a, 0xf73a, 0xf73a, 0xf73b, 0xf73b, 0xf75b, 0xf75b, 0xf75b, 0xf75b, 
	0xf77b, 0xff9c, 0xf42e, 0xb246, 0xd226, 0xd226, 0xd246, 0xd226, 0xd226, 0xd226, 0xb1c4, 0xa984, 0xa184, 0xa9e6, 0xf71a, 0xff9c, 
	0xf79d, 0xf7bd, 0xff9d, 0xffbd, 0xff9d, 0xff9d, 0xffbd, 0xffbd, 0xffbd, 0xffbd, 0xffbd, 0xffbd, 0xffbd, 0xffde, 0xffde, 0xffde, 
	0xffde, 0xffde, 0xffde, 0xffde, 0xffde, 0xffde, 0xffde, 0xffde, 0xffdf, 0xffdf, 0xffdf, 0xffff, 0xffff, 0xffff, 0xffff, 0xffff, 
	0xefdf, 0xcf1d, 0xc71e, 0xc71e, 0xcf1e, 0xcf1e, 0xcf1e, 0xcf1e, 0xcf1e, 0xcf1e, 0xcf1e, 0xcf1e, 0xcf3e, 0xc71e, 0xcf1e, 0xcf3f, 
	0xbb0a, 0x91a5, 0xa983, 0xa984, 0xca26, 0xca46, 0xd226, 0xd226, 0xd226, 0xd226, 0xca46, 0xca26, 0xa984, 0xa984, 0x91a5, 0xbb0a, 
	0xcf3f, 0xcf1e, 0xc71e, 0xcf3e, 0xcf1e, 0xcf1e, 0xcf1e, 0xcf1e, 0xcf1e, 0xcf1e, 0xcf1e, 0xcf1e, 0xc71e, 0xc71e, 0xd71d, 0xefbf, 
	0xffde, 0xffde, 0xffde, 0xffde, 0xffde, 0xffde, 0xffde, 0xffbd, 0xffbd, 0xffbd, 0xffbd, 0xffbd, 0xffbd, 0xffbd, 0xff9d, 0xff9d, 
	0xff9d, 0xff9d, 0xff9d, 0xff9d, 0xff9d, 0xff9c, 0xff9c, 0xf79c, 0xf79c, 0xf77c, 0xf77c, 0xf77c, 0xf77c, 0xf77c, 0xf77c, 0xf77b, 
	0xff7b, 0xeed9, 0xa9c5, 0x9963, 0xa163, 0xa963, 0xa9a4, 0xa984, 0xa984, 0xb1c5, 0xd226, 0xd226, 0xba46, 0xf40d, 0xf75b, 0xf73a, 
	0xf73a, 0xf73a, 0xf73a, 0xf73a, 0xf719, 0xf719, 0xf719, 0xf719, 0xf6f9, 0xf6f9, 0xf6f9, 0xf6f9, 0xeef9, 0xeef9, 0xf6f8, 0xf6f8, 
	0xeef8, 0xeef8, 0xeef8, 0xeed8, 0xeed8, 0xeed8, 0xeed8, 0xeed8, 0xeed7, 0xeed7, 0xeeb7, 0xeeb7, 0xeeb7, 0xeeb7, 0xeeb7, 0xeeb7, 
	0xee96, 0xee96, 0xee96, 0xee96, 0xee96, 0xee96, 0xee96, 0xee96, 0xee96, 0xee76, 0xee76, 0xee75, 0xee75, 0xee75, 0xee75, 0xee75, 
	0xee96, 0xee96, 0xee96, 0xee96, 0xeeb7, 0xeeb7, 0xeeb7, 0xeeb7, 0xeeb7, 0xeed7, 0xeed7, 0xeed7, 0xeed8, 0xeed8, 0xeed8, 0xeed8, 
	0xeef8, 0xeef8, 0xeef8, 0xf6f8, 0xeef8, 0xeef8, 0xeef9, 0xf6f9, 0xf6f9, 0xf6f9, 0xf6f9, 0xf719, 0xf719, 0xf719, 0xf719, 0xf73a, 
	0xf73a, 0xf73a, 0xf73a, 0xf73a, 0xf73a, 0xf73a, 0xf73a, 0xf73a, 0xf73a, 0xf73b, 0xf73b, 0xf75b, 0xf75b, 0xf75b, 0xf75b, 0xf75b, 
	0xf77b, 0xff9c, 0xf42e, 0xb246, 0xd226, 0xd226, 0xd246, 0xd226, 0xd246, 0xd246, 0xb1c4, 0xa984, 0xa184, 0xaa06, 0xf71a, 0xff9c, 
	0xf7bd, 0xf7bd, 0xff9d, 0xffbd, 0xffbd, 0xffbd, 0xffbd, 0xffbd, 0xffbd, 0xffbd, 0xffbd, 0xffbd, 0xffde, 0xffde, 0xffde, 0xffde, 
	0xffde, 0xffde, 0xffde, 0xffde, 0xffde, 0xffde, 0xffde, 0xffdf, 0xffdf, 0xffdf, 0xffff, 0xffff, 0xffff, 0xffff, 0xffff, 0xffff, 
	0xe79f, 0xb5d8, 0xadf9, 0xadfa, 0xadf9, 0xadf9, 0xadf9, 0xadf9, 0xadfa, 0xadf9, 0xadf9, 0xadf9, 0xadfa, 0xadfa, 0xadf9, 0xadfa, 
	0xb2ca, 0x91c6, 0xa9a4, 0xa9a4, 0xca26, 0xd246, 0xd226, 0xd226, 0xd226, 0xd226, 0xd246, 0xca26, 0xa9a4, 0xa984, 0x91a5, 0xb2a9, 
	0xadfa, 0xadf9, 0xadfa, 0xadfa, 0xadf9, 0xadf9, 0xadf9, 0xadfa, 0xadf9, 0xadf9, 0xadf9, 0xadf9, 0xadfa, 0xadf9, 0xb5d8, 0xe77e, 
	0xfffe, 0xffde, 0xffde, 0xffde, 0xffde, 0xffde, 0xffde, 0xffde, 0xffbd, 0xffbd, 0xffbd, 0xffbd, 0xffbd, 0xffbd, 0xff9d, 0xff9d, 
	0xffbd, 0xff9d, 0xff9d, 0xff9d, 0xff9d, 0xff9d, 0xff9c, 0xff9c, 0xf79c, 0xf79c, 0xf77c, 0xf77c, 0xf77c, 0xf77c, 0xf77c, 0xf77b, 
	0xff7b, 0xf71a, 0xc36b, 0xb30a, 0xc32a, 0xbae9, 0xa9a4, 0xa1a4, 0xa984, 0xb1c5, 0xd226, 0xd226, 0xba46, 0xf40d, 0xf75b, 0xf73a, 
	0xf73a, 0xf73a, 0xf73a, 0xf73a, 0xf719, 0xf719, 0xf719, 0xf719, 0xf719, 0xf6f9, 0xf6f9, 0xf6f9, 0xf6f9, 0xeef9, 0xeef8, 0xeef8, 
	0xf6f8, 0xeef8, 0xeef8, 0xeef8, 0xeed8, 0xeed8, 0xeed8, 0xeed8, 0xeed7, 0xeed7, 0xeeb7, 0xeeb7, 0xeeb7, 0xeeb7, 0xeeb7, 0xeeb7, 
	0xee96, 0xee96, 0xee96, 0xee96, 0xee96, 0xee96, 0xee96, 0xee96, 0xee96, 0xee76, 0xee76, 0xee76, 0xee75, 0xee75, 0xee75, 0xee75, 
	0xee96, 0xee96, 0xee96, 0xeeb7, 0xeeb7, 0xeeb7, 0xeeb7, 0xeeb7, 0xeeb7, 0xeed7, 0xeed7, 0xeed8, 0xeed8, 0xeed8, 0xeed8, 0xeed8, 
	0xeef8, 0xeef8, 0xeef8, 0xf6f8, 0xeef8, 0xeef9, 0xeef9, 0xf6f9, 0xf6f9, 0xf6f9, 0xf719, 0xf719, 0xf719, 0xf719, 0xf719, 0xf73a, 
	0xf73a, 0xf73a, 0xf73a, 0xf73a, 0xf73a, 0xf73a, 0xf73a, 0xf73a, 0xf73a, 0xf73b, 0xf73b, 0xf75b, 0xf75b, 0xf75b, 0xf75b, 0xf75b, 
	0xf77b, 0xff9c, 0xf42e, 0xb246, 0xd226, 0xd226, 0xd246, 0xd226, 0xd226, 0xd246, 0xb1c4, 0xa984, 0xa184, 0xaa06, 0xf71a, 0xff9c, 
	0xf79d, 0xf79d, 0xff9d, 0xff9d, 0xffbd, 0xffbd, 0xffbd, 0xffbd, 0xffbd, 0xffbd, 0xffbd, 0xffde, 0xffde, 0xffde, 0xffde, 0xffde, 
	0xffde, 0xffde, 0xffde, 0xffde, 0xffde, 0xffde, 0xffdf, 0xffdf, 0xffff, 0xffff, 0xffff, 0xffff, 0xffff, 0xffff, 0xffff, 0xffff, 
	0xdedc, 0x5acc, 0x5acd, 0x5aed, 0x5aed, 0x5aed, 0x5aed, 0x5aed, 0x5aed, 0x5aed, 0x5aed, 0x5aed, 0x5aed, 0x5aed, 0x5acd, 0x5aed, 
	0x8a27, 0x8a07, 0x99c6, 0x99e6, 0xca26, 0xca46, 0xd226, 0xd226, 0xd226, 0xd226, 0xd246, 0xca26, 0xa984, 0xa984, 0x99c5, 0x99e6, 
	0x5aed, 0x5acd, 0x5aed, 0x5aed, 0x5aed, 0x5aed, 0x5aed, 0x5aed, 0x5aed, 0x5aed, 0x5aed, 0x5aed, 0x5aed, 0x5aed, 0x5acc, 0xdedc, 
	0xffff, 0xffde, 0xffde, 0xffde, 0xffde, 0xffde, 0xffde, 0xffde, 0xffde, 0xffbd, 0xffbd, 0xffbd, 0xffbd, 0xffbd, 0xffbd, 0xffbd, 
	0xff9d, 0xff9d, 0xff9d, 0xff9d, 0xff9d, 0xff9d, 0xff9c, 0xff9c, 0xf79c, 0xf79c, 0xf79c, 0xf77c, 0xf77c, 0xf77c, 0xf77c, 0xf77c, 
	0xf77b, 0xf77b, 0xf79c, 0xf79c, 0xff7c, 0xe677, 0xa1a4, 0xa1a4, 0xa984, 0xb1c5, 0xd226, 0xd226, 0xba46, 0xf40d, 0xff5b, 0xf73a, 
	0xf73a, 0xf73a, 0xf73a, 0xf73a, 0xf73a, 0xf719, 0xf719, 0xf719, 0xf719, 0xf719, 0xf6f9, 0xf6f9, 0xf6f9, 0xeef9, 0xeef8, 0xeef8, 
	0xf6f8, 0xeef8, 0xeef8, 0xeef8, 0xeed8, 0xeed8, 0xeed8, 0xeed8, 0xeed7, 0xeed7, 0xeed7, 0xeeb7, 0xeeb7, 0xeeb7, 0xeeb7, 0xeeb7, 
	0xee96, 0xee96, 0xee96, 0xee96, 0xee96, 0xee96, 0xee96, 0xee96, 0xee96, 0xee76, 0xee76, 0xee76, 0xee75, 0xee75, 0xee75, 0xee75, 
	0xee96, 0xee96, 0xeeb6, 0xeeb7, 0xeeb7, 0xeeb7, 0xeeb7, 0xeeb7, 0xeeb7, 0xeed7, 0xeed7, 0xeed8, 0xeed8, 0xeed8, 0xeed8, 0xeef8, 
	0xeef8, 0xeef8, 0xf6f8, 0xf6f8, 0xeef9, 0xeef9, 0xf6f9, 0xf6f9, 0xf6f9, 0xf6f9, 0xf719, 0xf719, 0xf719, 0xf719, 0xf73a, 0xf73a, 
	0xf73a, 0xf73a, 0xf73a, 0xf73a, 0xf73a, 0xf73a, 0xf73a, 0xf73a, 0xf73b, 0xf73b, 0xf75b, 0xf75b, 0xf75b, 0xf75b, 0xf75b, 0xf75b, 
	0xf77b, 0xff9c, 0xf42e, 0xb246, 0xd226, 0xd226, 0xd246, 0xd226, 0xd226, 0xd246, 0xb1c4, 0xa984, 0xa184, 0xa9e6, 0xf71a, 0xff9d, 
	0xf79d, 0xffbd, 0xff9d, 0xff9d, 0xffbd, 0xffbd, 0xffbd, 0xffbd, 0xffbd, 0xffbd, 0xffde, 0xffde, 0xffde, 0xffde, 0xffde, 0xffde, 
	0xffde, 0xffde, 0xffde, 0xffde, 0xffdf, 0xffdf, 0xffdf, 0xffff, 0xffff, 0xffff, 0xffff, 0xffff, 0xffff, 0xffff, 0xffff, 0xffff, 
	0xdefc, 0x5aec, 0x5aed, 0x5aed, 0x5aed, 0x5aed, 0x5aed, 0x5aed, 0x630e, 0x5aed, 0x5aed, 0x5aed, 0x630d, 0x5aed, 0x62ed, 0x62ed, 
	0x9227, 0x89e7, 0x99c5, 0x99c6, 0xca26, 0xca46, 0xd226, 0xd226, 0xd226, 0xd226, 0xd246, 0xca26, 0xa984, 0xa983, 0x99a5, 0x99e6, 
	0x62ed, 0x62ed, 0x5aed, 0x630e, 0x5aed, 0x5aed, 0x5aed, 0x630e, 0x5aed, 0x5aed, 0x5aed, 0x5aed, 0x5aed, 0x5aed, 0x5aec, 0xdedc, 
	0xffff, 0xffde, 0xffde, 0xffde, 0xffde, 0xffde, 0xffde, 0xffde, 0xffde, 0xffde, 0xffbd, 0xffbd, 0xffbd, 0xffbd, 0xffbd, 0xffbd, 
	0xff9d, 0xff9d, 0xffbd, 0xff9d, 0xff9d, 0xff9d, 0xff9d, 0xf79c, 0xff9c, 0xf79c, 0xf79c, 0xf77c, 0xf77c, 0xf77c, 0xf77c, 0xf77c, 
	0xf77b, 0xf77b, 0xf77b, 0xf77b, 0xff7b, 0xe657, 0xa1a4, 0xa1a4, 0xa984, 0xb1c5, 0xd226, 0xd226, 0xba46, 0xf40d, 0xf77b, 0xf73a, 
	0xf73a, 0xf73a, 0xf73a, 0xf73a, 0xf73a, 0xf73a, 0xf719, 0xf719, 0xf719, 0xf719, 0xf6f9, 0xf6f9, 0xf6f9, 0xeef9, 0xeef9, 0xeef8, 
	0xf6f8, 0xeef8, 0xeef8, 0xeef8, 0xeed8, 0xeed8, 0xeed8, 0xeed8, 0xeed8, 0xeed7, 0xeed7, 0xeeb7, 0xeeb7, 0xeeb7, 0xeeb7, 0xeeb7, 
	0xeeb7, 0xee96, 0xee96, 0xee96, 0xee96, 0xee96, 0xee96, 0xee96, 0xee96, 0xee96, 0xee76, 0xee76, 0xee75, 0xee75, 0xee75, 0xee75, 
	0xee96, 0xee96, 0xeeb6, 0xeeb7, 0xeeb7, 0xeeb7, 0xeeb7, 0xeeb7, 0xeed7, 0xeed7, 0xeed8, 0xeed8, 0xeed8, 0xeed8, 0xeed8, 0xeef8, 
	0xeef8, 0xeef8, 0xf6f8, 0xf6f8, 0xeef9, 0xeef9, 0xf6f9, 0xf6f9, 0xf6f9, 0xf6f9, 0xf719, 0xf719, 0xf719, 0xf719, 0xf73a, 0xf73a, 
	0xf73a, 0xf73a, 0xf73a, 0xf73a, 0xf73a, 0xf73a, 0xf73a, 0xf73a, 0xf73b, 0xf73b, 0xf75b, 0xf75b, 0xf75b, 0xf75b, 0xf75b, 0xf75b, 
	0xf77b, 0xffbc, 0xf42e, 0xb246, 0xd226, 0xd226, 0xd246, 0xca26, 0xca26, 0xca26, 0xb1c5, 0xa984, 0xa184, 0xaa06, 0xf71a, 0xff9d, 
	0xffbd, 0xffbd, 0xffbd, 0xffbd, 0xffbd, 0xffbd, 0xffbd, 0xffbd, 0xffbd, 0xffde, 0xffde, 0xffde, 0xffde, 0xffde, 0xffde, 0xffde, 
	0xffde, 0xffde, 0xffde, 0xffdf, 0xffdf, 0xffdf, 0xffff, 0xffff, 0xffff, 0xffff, 0xffff, 0xffff, 0xffff, 0xffff, 0xffff, 0xffff, 
	0xdefc, 0x630d, 0x630d, 0x630e, 0x630e, 0x630d, 0x630d, 0x630d, 0x630e, 0x630d, 0x630d, 0x630d, 0x630e, 0x630d, 0x630d, 0x630d, 
	0x8a48, 0x8228, 0x9207, 0x9207, 0xca26, 0xca46, 0xd246, 0xd246, 0xd246, 0xd246, 0xd246, 0xca26, 0xa9a4, 0xa9a4, 0x91c6, 0x99e6, 
	0x62ed, 0x62ed, 0x630d, 0x630e, 0x630d, 0x630d, 0x630d, 0x630e, 0x630d, 0x630d, 0x630d, 0x630e, 0x630e, 0x630d, 0x630d, 0xdedc, 
	0xffff, 0xffde, 0xffde, 0xffde, 0xffde, 0xffde, 0xffde, 0xffde, 0xffde, 0xffde, 0xffbd, 0xffbd, 0xffbd, 0xffbd, 0xffbd, 0xffbd, 
	0xffbd, 0xffbd, 0xffbd, 0xff9d, 0xff9d, 0xff9d, 0xff9d, 0xff9d, 0xff9c, 0xff9c, 0xf79c, 0xf79c, 0xf77c, 0xf77c, 0xf77c, 0xf77c, 
	0xf77c, 0xf77b, 0xf77b, 0xf77b, 0xff5b, 0xe657, 0xa1a4, 0xa1a4, 0xa984, 0xb1c5, 0xd246, 0xd226, 0xb246, 0xf42d, 0xf77b, 0xf73a, 
	0xf73a, 0xf73a, 0xf73a, 0xf73a, 0xf73a, 0xf73a, 0xf719, 0xf719, 0xf719, 0xf719, 0xf6f9, 0xf6f9, 0xf6f9, 0xf6f9, 0xeef9, 0xeef9, 
	0xf6f8, 0xf6f8, 0xeef8, 0xeef8, 0xeef8, 0xeed8, 0xeed8, 0xeed8, 0xeed8, 0xeed7, 0xeed7, 0xeeb7, 0xeeb7, 0xeeb7, 0xeeb7, 0xeeb7, 
	0xeeb7, 0xeeb6, 0xee96, 0xee96, 0xee96, 0xee96, 0xee96, 0xee96, 0xee96, 0xee96, 0xee76, 0xee76, 0xee75, 0xee75, 0xee75, 0xee75, 
	0xee96, 0xee96, 0xeeb7, 0xeeb7, 0xeeb7, 0xeeb7, 0xeeb7, 0xeeb7, 0xeed7, 0xeed7, 0xeed8, 0xeed8, 0xeed8, 0xeed8, 0xeed8, 0xeef8, 
	0xeef8, 0xeef8, 0xf6f8, 0xf6f8, 0xeef9, 0xeef9, 0xf6f9, 0xf6f9, 0xf6f9, 0xf719, 0xf719, 0xf719, 0xf719, 0xf719, 0xf73a, 0xf73a, 
	0xf73a, 0xf73a, 0xf73a, 0xf73a, 0xf73a, 0xf73a, 0xf73a, 0xf73a, 0xf73b, 0xf75b, 0xf75b, 0xf75b, 0xf75b, 0xf75b, 0xf77b, 0xf77b, 
	0xf77b, 0xff9c, 0xf42e, 0xb246, 0xd226, 0xd226, 0xc206, 0xc1e5, 0xc205, 0xc205, 0xa9c4, 0xa984, 0xa184, 0xaa06, 0xf71a, 0xff9d, 
	0xffbd, 0xffbd, 0xffbd, 0xffbd, 0xffbd, 0xffbd, 0xffbd, 0xffbd, 0xffbd, 0xffde, 0xffde, 0xffde, 0xffde, 0xffde, 0xffde, 0xffde, 
	0xffde, 0xffde, 0xffdf, 0xffdf, 0xffdf, 0xffff, 0xffff, 0xffff, 0xffff, 0xffff, 0xffff, 0xffff, 0xffff, 0xffff, 0xffff, 0xffff, 
	0xdefc, 0x632d, 0x632e, 0x632e, 0x632e, 0x5aed, 0x5aed, 0x5aed, 0x630e, 0x5aed, 0x5aed, 0x630d, 0x630e, 0x5aed, 0x5aed, 0x630d, 
	0x6acc, 0x62ac, 0x6aab, 0x72ab, 0xc247, 0xc267, 0xd226, 0xd226, 0xd226, 0xd226, 0xca46, 0xca46, 0x9207, 0x9207, 0x8228, 0x8249, 
	0x62ed, 0x62ed, 0x5aed, 0x630e, 0x630d, 0x5aed, 0x5aed, 0x630e, 0x5aed, 0x5aed, 0x5aed, 0x632e, 0x632e, 0x632e, 0x632d, 0xdedc, 
	0xffff, 0xffdf, 0xffde, 0xffde, 0xffde, 0xffde, 0xffde, 0xffde, 0xffde, 0xffde, 0xffde, 0xffbd, 0xffbd, 0xffbd, 0xffbd, 0xffbd, 
	0xffbd, 0xffbd, 0xff9d, 0xff9d, 0xff9d, 0xff9d, 0xff9d, 0xff9d, 0xff9c, 0xff9c, 0xf79c, 0xf79c, 0xf77c, 0xf77c, 0xf77c, 0xf77c, 
	0xf77c, 0xf77b, 0xf77b, 0xf77b, 0xff7b, 0xe657, 0xa1a4, 0xa1a4, 0xa984, 0xb1c5, 0xd226, 0xd226, 0xba46, 0xf40d, 0xf77b, 0xf73a, 
	0xf73a, 0xf73a, 0xf73a, 0xf73a, 0xf73a, 0xf73a, 0xf719, 0xf719, 0xf719, 0xf719, 0xf6f9, 0xf6f9, 0xf6f9, 0xf6f9, 0xeef9, 0xeef9, 
	0xf6f8, 0xf6f8, 0xeef8, 0xeef8, 0xeef8, 0xeed8, 0xeed8, 0xeed8, 0xeed8, 0xeed8, 0xeed7, 0xeed7, 0xeeb7, 0xeeb7, 0xeeb7, 0xeeb7, 
	0xeeb7, 0xeeb6, 0xee96, 0xee96, 0xee96, 0xee96, 0xee96, 0xee96, 0xee96, 0xee96, 0xee76, 0xee76, 0xee76, 0xee75, 0xee75, 0xee75, 
	0xee96, 0xee96, 0xeeb7, 0xeeb7, 0xeeb7, 0xeeb7, 0xeeb7, 0xeeb7, 0xeed7, 0xeed7, 0xeed8, 0xeed8, 0xeed8, 0xeed8, 0xeef8, 0xeef8, 
	0xeef8, 0xf6f8, 0xf6f8, 0xf6f8, 0xeef9, 0xf6f9, 0xf6f9, 0xf6f9, 0xf6f9, 0xf719, 0xf719, 0xf719, 0xf719, 0xf73a, 0xf73a, 0xf73a, 
	0xf73a, 0xf73a, 0xf73a, 0xf73a, 0xf73a, 0xf73a, 0xf73a, 0xf73b, 0xf73b, 0xf75b, 0xf75b, 0xf75b, 0xf75b, 0xf75b, 0xf77b, 0xf77b, 
	0xf77b, 0xff9c, 0xf42e, 0xb246, 0xd226, 0xd226, 0xc206, 0xc1e5, 0xba05, 0xba05, 0xa9a4, 0xa963, 0xa184, 0xa9e5, 0xf71a, 0xffbd, 
	0xffbd, 0xffbd, 0xffbd, 0xffbd, 0xffbd, 0xffbd, 0xffbd, 0xffbd, 0xffde, 0xffde, 0xffde, 0xffde, 0xffde, 0xffde, 0xffde, 0xffde, 
	0xffde, 0xffdf, 0xffdf, 0xffdf, 0xffff, 0xffff, 0xffff, 0xffff, 0xffff, 0xffff, 0xffff, 0xffff, 0xffff, 0xffff, 0xffff, 0xffff, 
	0xdefc, 0x632d, 0x630e, 0x632e, 0x630e, 0x5aed, 0x5aed, 0x5aed, 0x630e, 0x5aed, 0x5aed, 0x5aed, 0x630d, 0x5aed, 0x5aed, 0x5aed, 
	0x6acc, 0x62ac, 0x6aab, 0x6aab, 0xc246, 0xc267, 0xd226, 0xd226, 0xd226, 0xd226, 0xca46, 0xca26, 0x9207, 0x8a07, 0x8228, 0x8249, 
	0x62ed, 0x62ed, 0x5aed, 0x630e, 0x5aed, 0x5aed, 0x5aed, 0x630e, 0x5aed, 0x5aed, 0x5aed, 0x630e, 0x632e, 0x630e, 0x630d, 0xdedc, 
	0xffff, 0xffdf, 0xffde, 0xffde, 0xffde, 0xffde, 0xffde, 0xffde, 0xffde, 0xffde, 0xffde, 0xffde, 0xffbd, 0xffbd, 0xffbd, 0xffbd, 
	0xffbd, 0xffbd, 0xff9d, 0xff9d, 0xffbd, 0xff9d, 0xff9d, 0xff9d, 0xff9c, 0xff9c, 0xff9c, 0xf79c, 0xf79c, 0xf77c, 0xf77c, 0xf77c, 
	0xf77c, 0xf77c, 0xf77b, 0xf77b, 0xff7b, 0xe657, 0xa1a4, 0xa1a4, 0xa984, 0xb1c5, 0xd226, 0xd226, 0xba46, 0xf40d, 0xff7b, 0xf73a, 
	0xf73a, 0xf73a, 0xf73a, 0xf73a, 0xf73a, 0xf73a, 0xf719, 0xf719, 0xf719, 0xf719, 0xf719, 0xf6f9, 0xf6f9, 0xf6f9, 0xeef9, 0xeef9, 
	0xf6f8, 0xf6f8, 0xeef8, 0xeef8, 0xeef8, 0xeed8, 0xeed8, 0xeed8, 0xeed8, 0xeed8, 0xeed7, 0xeed7, 0xeeb7, 0xeeb7, 0xeeb7, 0xeeb7, 
	0xeeb7, 0xeeb7, 0xee96, 0xee96, 0xee96, 0xee96, 0xee96, 0xee96, 0xee96, 0xee96, 0xee76, 0xee76, 0xee76, 0xee75, 0xee75, 0xee75, 
	0xee96, 0xee96, 0xeeb7, 0xeeb7, 0xeeb7, 0xeeb7, 0xeeb7, 0xeeb7, 0xeed7, 0xeed7, 0xeed8, 0xeed8, 0xeed8, 0xeed8, 0xeef8, 0xeef8, 
	0xeef8, 0xf6f8, 0xeef8, 0xeef8, 0xeef9, 0xf6f9, 0xf6f9, 0xf6f9, 0xf719, 0xf719, 0xf719, 0xf719, 0xf719, 0xf73a, 0xf73a, 0xf73a, 
	0xf73a, 0xf73a, 0xf73a, 0xf73a, 0xf73a, 0xf73a, 0xf73b, 0xf73b, 0xf75b, 0xf75b, 0xf75b, 0xf75b, 0xf75b, 0xf75b, 0xf77b, 0xf77b, 
	0xf77b, 0xffbc, 0xf42e, 0xb247, 0xd226, 0xd226, 0xc226, 0xb9e5, 0xba05, 0xba05, 0xb206, 0xa9e5, 0xa1e5, 0xb247, 0xf71b, 0xffbd, 
	0xf7bd, 0xf7bd, 0xffbd, 0xffbd, 0xffbd, 0xffbd, 0xffbd, 0xffde, 0xffde, 0xffde, 0xffde, 0xffde, 0xffde, 0xffde, 0xffde, 0xffde, 
	0xffdf, 0xffdf, 0xffff, 0xffff, 0xffff, 0xffff, 0xffff, 0xffff, 0xffff, 0xffff, 0xffff, 0xffff, 0xffff, 0xffff, 0xffff, 0xffff, 
	0xdf1c, 0x6b6e, 0x6b6f, 0x6b6f, 0x6b4f, 0x5aed, 0x630d, 0x630d, 0x630e, 0x630d, 0x630d, 0x630d, 0x630e, 0x630d, 0x630d, 0x630d, 
	0x6acc, 0x62cc, 0x6aac, 0x6aac, 0xc247, 0xc267, 0xd246, 0xd246, 0xd246, 0xd246, 0xca47, 0xca46, 0x9228, 0x8a27, 0x8249, 0x8249, 
	0x630d, 0x630d, 0x630d, 0x630e, 0x630d, 0x630d, 0x630d, 0x630e, 0x630d, 0x630d, 0x5aed, 0x6b4f, 0x6b6f, 0x6b6f, 0x6b6e, 0xdefc, 
	0xffff, 0xffdf, 0xffdf, 0xffdf, 0xffde, 0xffde, 0xffde, 0xffde, 0xffde, 0xffde, 0xffde, 0xffde, 0xffde, 0xffbd, 0xffbd, 0xffbd, 
	0xffbd, 0xffbd, 0xffbd, 0xffbd, 0xffbd, 0xff9d, 0xff9d, 0xff9d, 0xff9d, 0xf79c, 0xff9c, 0xf79c, 0xf79c, 0xf77c, 0xf77c, 0xf77c, 
	0xf77c, 0xf77c, 0xf77b, 0xf77b, 0xff7b, 0xe677, 0xa1a4, 0xa1a4, 0xa984, 0xb1c5, 0xd246, 0xd226, 0xb246, 0xf42d, 0xff7b, 0xf73a, 
	0xf73a, 0xf73a, 0xf73a, 0xf73a, 0xf73a, 0xf73a, 0xf73a, 0xf719, 0xf719, 0xf719, 0xf719, 0xf719, 0xf6f9, 0xf6f9, 0xf6f9, 0xeef9, 
	0xeef8, 0xeef8, 0xf6f8, 0xeef8, 0xeef8, 0xeed8, 0xeed8, 0xeed8, 0xeed8, 0xeed8, 0xeed7, 0xeed7, 0xeeb7, 0xeeb7, 0xeeb7, 0xeeb7, 
	0xeeb7, 0xeeb7, 0xee96, 0xee96, 0xee96, 0xee96, 0xee96, 0xee96, 0xee96, 0xee96, 0xee96, 0xee76, 0xee76, 0xee75, 0xee75, 0xee75, 
	0xee96, 0xee96, 0xeeb7, 0xeeb7, 0xeeb7, 0xeeb7, 0xeeb7, 0xeed7, 0xeed7, 0xeed7, 0xeed8, 0xeed8, 0xeed8, 0xeed8, 0xeef8, 0xeef8, 
	0xeef8, 0xf6f8, 0xeef8, 0xeef9, 0xeef9, 0xf6f9, 0xf6f9, 0xf6f9, 0xf719, 0xf719, 0xf719, 0xf719, 0xf73a, 0xf73a, 0xf73a, 0xf73a, 
	0xf73a, 0xf73a, 0xf73a, 0xf73a, 0xf73a, 0xf73a, 0xf73b, 0xf73b, 0xf75b, 0xf75b, 0xf75b, 0xf75b, 0xf75b, 0xf75b, 0xf77b, 0xf77b, 
	0xf77b, 0xffbc, 0xf42e, 0xb247, 0xd246, 0xd246, 0xc206, 0xc1e5, 0xba05, 0xba06, 0xe617, 0xfefa, 0xef1a, 0xef1b, 0xff9d, 0xff9d, 
	0xffbd, 0xffbd, 0xffbd, 0xffbd, 0xffbd, 0xffbd, 0xffde, 0xffde, 0xffde, 0xffde, 0xffde, 0xffde, 0xffde, 0xffde, 0xffde, 0xffdf, 
	0xffdf, 0xffdf, 0xffff, 0xffff, 0xffff, 0xffff, 0xffff, 0xffff, 0xffff, 0xffff, 0xffff, 0xffff, 0xffff, 0xffff, 0xffff, 0xffff, 
	0xffff, 0xf79e, 0xf79e, 0xf79e, 0xc619, 0x5aec, 0x630d, 0x630d, 0x630e, 0x630d, 0x630d, 0x630d, 0x630e, 0x630d, 0x630d, 0x630d, 
	0x630e, 0x630d, 0x62ed, 0x62ed, 0xc267, 0xc267, 0xd246, 0xd246, 0xd246, 0xd246, 0xc267, 0xc247, 0x6acc, 0x6acc, 0x62ed, 0x62ed, 
	0x630d, 0x630d, 0x630d, 0x630e, 0x630d, 0x630d, 0x630d, 0x630e, 0x630d, 0x630d, 0x5aec, 0xbe19, 0xf79e, 0xef7d, 0xef7d, 0xffdf, 
	0xffff, 0xffff, 0xffdf, 0xffdf, 0xffde, 0xffde, 0xffde, 0xffde, 0xffde, 0xffde, 0xffde, 0xffde, 0xffde, 0xffbd, 0xffbd, 0xffbd, 
	0xffbd, 0xffbd, 0xffbd, 0xffbd, 0xffbd, 0xffbd, 0xff9d, 0xff9d, 0xff9d, 0xff9d, 0xff9c, 0xff9c, 0xf79c, 0xf79c, 0xf77c, 0xf77c, 
	0xf77c, 0xf77c, 0xf77c, 0xf77b, 0xff7b, 0xe677, 0xa1a4, 0xa1a4, 0xa984, 0xb1c5, 0xca05, 0xca05, 0xaa26, 0xec0d, 0xff7b, 0xf73a, 
	0xf73a, 0xf73a, 0xf73a, 0xf73a, 0xf73a, 0xf73a, 0xf73a, 0xf719, 0xf719, 0xf719, 0xf719, 0xf719, 0xf6f9, 0xf6f9, 0xf6f9, 0xeef9, 
	0xeef9, 0xeef8, 0xf6f8, 0xeef8, 0xeef8, 0xeef8, 0xeed8, 0xeed8, 0xeed8, 0xeed8, 0xeed7, 0xeed7, 0xeeb7, 0xeeb7, 0xeeb7, 0xeeb7, 
	0xeeb7, 0xeeb7, 0xee96, 0xee96, 0xee96, 0xee96, 0xee96, 0xee96, 0xee96, 0xee96, 0xee96, 0xee76, 0xee76, 0xee75, 0xee75, 0xee75, 
	0xee96, 0xeeb7, 0xeeb7, 0xeeb7, 0xeeb7, 0xeeb7, 0xeeb7, 0xeed7, 0xeed7, 0xeed8, 0xeed8, 0xeed8, 0xeed8, 0xeed8, 0xeef8, 0xeef8, 
	0xeef8, 0xf6f8, 0xeef9, 0xeef9, 0xf6f9, 0xf6f9, 0xf6f9, 0xf6f9, 0xf719, 0xf719, 0xf719, 0xf719, 0xf73a, 0xf73a, 0xf73a, 0xf73a, 
	0xf73a, 0xf73a, 0xf73a, 0xf73a, 0xf73a, 0xf73a, 0xf73b, 0xf73b, 0xf75b, 0xf75b, 0xf75b, 0xf75b, 0xf75b, 0xf77b, 0xf77b, 0xf77b, 
	0xf77c, 0xffbc, 0xf42e, 0xb246, 0xd226, 0xd226, 0xc205, 0xc1e5, 0xb9e5, 0xba05, 0xeeb9, 0xffbd, 0xffbd, 0xffbd, 0xff9d, 0xff9d, 
	0xffbd, 0xffbd, 0xffbd, 0xffbd, 0xffbd, 0xffbd, 0xffde, 0xffde, 0xffde, 0xffde, 0xffde, 0xffde, 0xffde, 0xffde, 0xffdf, 0xffdf, 
	0xffdf, 0xffff, 0xffff, 0xffff, 0xffff, 0xffff, 0xffff, 0xffff, 0xffff, 0xffff, 0xffff, 0xffff, 0xffff, 0xffff, 0xffff, 0xffff, 
	0xffff, 0xffff, 0xffff, 0xffff, 0xce5a, 0x5acc, 0x5aed, 0x5aed, 0x630d, 0x5aed, 0x5aed, 0x5aed, 0x630d, 0x5aed, 0x5aed, 0x5aed, 
	0x5b0e, 0x5aee, 0x62ed, 0x62ed, 0xc247, 0xc267, 0xd226, 0xd226, 0xd226, 0xd226, 0xc247, 0xc247, 0x62ed, 0x62cc, 0x5aed, 0x5aed, 
	0x5aed, 0x5aed, 0x5aed, 0x630d, 0x5aed, 0x5aed, 0x5aed, 0x630d, 0x5aed, 0x5aed, 0x5acc, 0xce5a, 0xffff, 0xffff, 0xffff, 0xffff, 
	0xffff, 0xffff, 0xffff, 0xffdf, 0xffdf, 0xffde, 0xffde, 0xffde, 0xffde, 0xffde, 0xffde, 0xffde, 0xffde, 0xffde, 0xffbd, 0xffbd, 
	0xffbd, 0xffbd, 0xffbd, 0xffbd, 0xff9d, 0xff9d, 0xff9d, 0xff9d, 0xff9d, 0xff9d, 0xff9c, 0xff9c, 0xf79c, 0xf79c, 0xf77c, 0xf77c, 
	0xf77c, 0xf77c, 0xf77c, 0xf77b, 0xff7b, 0xe677, 0xa1a4, 0xa1a4, 0xa984, 0xb1c4, 0xca05, 0xca05, 0xaa26, 0xec0d, 0xff7b, 0xf73a, 
	0xf73a, 0xf73a, 0xf73a, 0xf73a, 0xf73a, 0xf73a, 0xf73a, 0xf73a, 0xf719, 0xf719, 0xf719, 0xf719, 0xf6f9, 0xf6f9, 0xf6f9, 0xeef9, 
	0xeef9, 0xeef8, 0xf6f8, 0xeef8, 0xeef8, 0xeef8, 0xeed8, 0xeed8, 0xeed8, 0xeed8, 0xeed7, 0xeed7, 0xeed7, 0xeeb7, 0xeeb7, 0xeeb7, 
	0xeeb7, 0xeeb7, 0xee96, 0xee96, 0xee96, 0xee96, 0xee96, 0xee96, 0xee96, 0xee96, 0xee96, 0xee76, 0xee76, 0xee76, 0xee75, 0xee75, 
	0xee96, 0xeeb7, 0xeeb7, 0xeeb7, 0xeeb7, 0xeeb7, 0xeeb7, 0xeed7, 0xeed7, 0xeed8, 0xeed8, 0xeed8, 0xeed8, 0xeef8, 0xeef8, 0xeef8, 
	0xf6f8, 0xf6f8, 0xeef9, 0xeef9, 0xf6f9, 0xf6f9, 0xf6f9, 0xf6f9, 0xf719, 0xf719, 0xf719, 0xf719, 0xf73a, 0xf73a, 0xf73a, 0xf73a, 
	0xf73a, 0xf73a, 0xf73a, 0xf73a, 0xf73a, 0xf73a, 0xf73b, 0xf75b, 0xf75b, 0xf75b, 0xf75b, 0xf75b, 0xf75b, 0xf77b, 0xf77b, 0xf77b, 
	0xf77c, 0xffbc, 0xf42e, 0xb246, 0xd226, 0xd226, 0xc206, 0xc1e5, 0xba05, 0xba05, 0xeeb9, 0xff9c, 0xf79d, 0xffbd, 0xffbd, 0xffbd, 
	0xffbd, 0xffbd, 0xffbd, 0xffbd, 0xffbd, 0xffde, 0xffde, 0xffde, 0xffde, 0xffde, 0xffde, 0xffde, 0xffde, 0xffde, 0xffdf, 0xffdf, 
	0xffff, 0xffff, 0xffff, 0xffff, 0xffff, 0xffff, 0xffff, 0xffff, 0xffff, 0xffff, 0xffff, 0xffff, 0xffff, 0xffff, 0xffff, 0xffff, 
	0xffff, 0xffff, 0xffff, 0xffff, 0xce5a, 0x5acc, 0x5aee, 0x5aee, 0x630e, 0x5aed, 0x5aed, 0x5aed, 0x630e, 0x5aed, 0x5aed, 0x630d, 
	0x5b0e, 0x5aee, 0x62ed, 0x62ed, 0xc267, 0xc267, 0xd246, 0xd246, 0xd246, 0xd246, 0xc267, 0xc267, 0x62ed, 0x62cd, 0x5aed, 0x5aed, 
	0x5aed, 0x5aed, 0x5aed, 0x630e, 0x5aee, 0x5aee, 0x5aee, 0x630e, 0x5aee, 0x5aee, 0x5acc, 0xce5a, 0xffff, 0xffff, 0xffff, 0xffff, 
	0xffff, 0xffff, 0xffff, 0xffff, 0xffdf, 0xffdf, 0xffde, 0xffde, 0xffde, 0xffde, 0xffde, 0xffde, 0xffde, 0xffde, 0xffbd, 0xffbd, 
	0xffbd, 0xffbd, 0xffbd, 0xffbd, 0xff9d, 0xff9d, 0xffbd, 0xff9d, 0xff9d, 0xff9d, 0xff9c, 0xff9c, 0xff9c, 0xf79c, 0xf79c, 0xf77c, 
	0xf77c, 0xf77c, 0xf77c, 0xf77c, 0xff7b, 0xe677, 0xa1a4, 0xa1a4, 0xa984, 0xb1c5, 0xca05, 0xca05, 0xaa26, 0xec0d, 0xff7b, 0xf73a, 
	0xf73a, 0xf73a, 0xf73a, 0xf73a, 0xf73a, 0xf73a, 0xf73a, 0xf73a, 0xf719, 0xf719, 0xf719, 0xf719, 0xf6f9, 0xf6f9, 0xf6f9, 0xf6f9, 
	0xeef9, 0xeef9, 0xf6f8, 0xeef8, 0xeef8, 0xeef8, 0xeed8, 0xeed8, 0xeed8, 0xeed8, 0xeed7, 0xeed7, 0xeed7, 0xeeb7, 0xeeb7, 0xeeb7, 
	0xeeb7, 0xeeb7, 0xeeb7, 0xee96, 0xee96, 0xee96, 0xee96, 0xee96, 0xee96, 0xee96, 0xee96, 0xee76, 0xee76, 0xee76, 0xee75, 0xee75, 
	0xeeb6, 0xeeb7, 0xeeb7, 0xeeb7, 0xeeb7, 0xeeb7, 0xeeb7, 0xeed7, 0xeed8, 0xeed8, 0xeed8, 0xeed8, 0xeed8, 0xeef8, 0xeef8, 0xeef8, 
	0xf6f8, 0xf6f8, 0xeef9, 0xeef9, 0xf6f9, 0xf6f9, 0xf6f9, 0xf6f9, 0xf719, 0xf719, 0xf719, 0xf719, 0xf73a, 0xf73a, 0xf73a, 0xf73a, 
	0xf73a, 0xf73a, 0xf73a, 0xf73a, 0xf73a, 0xf73b, 0xf73b, 0xf75b, 0xf75b, 0xf75b, 0xf75b, 0xf75b, 0xf77b, 0xf77b, 0xf77b, 0xf77b, 
	0xf77c, 0xffbc, 0xf44e, 0xb247, 0xd246, 0xd246, 0xc226, 0xc1e5, 0xba05, 0xba06, 0xeeb9, 0xff9c, 0xffbd, 0xffbd, 0xffbd, 0xffbd, 
	0xffbd, 0xffbd, 0xffbd, 0xffbd, 0xffbd, 0xffde, 0xffde, 0xffde, 0xffde, 0xffde, 0xffde, 0xffde, 0xffde, 0xffdf, 0xffdf, 0xffff, 
	0xffff, 0xffff, 0xffff, 0xffff, 0xffff, 0xffff, 0xffff, 0xffff, 0xffff, 0xffff, 0xffff, 0xffff, 0xffff, 0xffff, 0xffff, 0xffff, 
	0xffff, 0xffff, 0xffff, 0xffff, 0xf792, 0xc60b, 0xce45, 0xce65, 0xd508, 0xb445, 0xc407, 0xc407, 0xc3e7, 0xbbe7, 0xc3c7, 0xc3c7, 
	0xc3e7, 0xc3c7, 0xc3c7, 0xc3c7, 0xd287, 0xca46, 0xd226, 0xd226, 0xd246, 0xd246, 0xca46, 0xd286, 0xc3c7, 0xc3c7, 0xc3e7, 0xc3e7, 
	0xc3c7, 0xc3c7, 0xbbe6, 0xc448, 0xcd07, 0xcd07, 0xbd26, 0xcda8, 0xce46, 0xce45, 0xc60b, 0xf792, 0xffff, 0xffff, 0xffff, 0xffff, 
	0xffff, 0xffff, 0xffff, 0xffff, 0xffdf, 0xffdf, 0xffde, 0xffde, 0xffde, 0xffde, 0xffde, 0xffde, 0xffde, 0xffde, 0xffde, 0xffbd, 
	0xffbd, 0xffbd, 0xffbd, 0xffbd, 0xffbd, 0xffbd, 0xffbd, 0xff9d, 0xff9d, 0xff9d, 0xff9d, 0xf79c, 0xff9c, 0xf79c, 0xf79c, 0xf77c, 
	0xf77c, 0xf77c, 0xf77c, 0xf77c, 0xff7b, 0xe677, 0xa1a4, 0xa1a4, 0xa9a4, 0xb1c5, 0xca25, 0xca05, 0xaa26, 0xec0d, 0xff7b, 0xf73a, 
	0xf73a, 0xf73a, 0xf73a, 0xf73a, 0xf73a, 0xf73a, 0xf73a, 0xf73a, 0xf719, 0xf719, 0xf719, 0xf719, 0xf6f9, 0xf6f9, 0xf6f9, 0xf6f9, 
	0xeef9, 0xeef9, 0xf6f8, 0xf6f8, 0xeef8, 0xeef8, 0xeef8, 0xeed8, 0xeed8, 0xeed8, 0xeed8, 0xeed7, 0xeed7, 0xeeb7, 0xeeb7, 0xeeb7, 
	0xeeb7, 0xeeb7, 0xeeb7, 0xee96, 0xee96, 0xee96, 0xee96, 0xee96, 0xee96, 0xee96, 0xee96, 0xee96, 0xee76, 0xee76, 0xee75, 0xee75, 
	0xeeb6, 0xeeb7, 0xeeb7, 0xeeb7, 0xeeb7, 0xeeb7, 0xeed7, 0xeed7, 0xeed8, 0xeed8, 0xeed8, 0xeed8, 0xeed8, 0xeef8, 0xeef8, 0xeef8, 
	0xf6f8, 0xf6f8, 0xeef9, 0xeef9, 0xf6f9, 0xf6f9, 0xf6f9, 0xf719, 0xf719, 0xf719, 0xf719, 0xf719, 0xf73a, 0xf73a, 0xf73a, 0xf73a, 
	0xf73a, 0xf73a, 0xf73a, 0xf73a, 0xf73a, 0xf73b, 0xf73b, 0xf75b, 0xf75b, 0xf75b, 0xf75b, 0xf75b, 0xf77b, 0xf77b, 0xf77b, 0xf77c, 
	0xf77c, 0xffbd, 0xf42e, 0xb246, 0xd226, 0xd226, 0xc205, 0xc1e5, 0xb9e5, 0xba05, 0xeeb9, 0xff9c, 0xffbd, 0xffbd, 0xffbd, 0xffbd, 
	0xffbd, 0xffbd, 0xffbd, 0xffbd, 0xffde, 0xffde, 0xffde, 0xffde, 0xffde, 0xffde, 0xffde, 0xffde, 0xffdf, 0xffdf, 0xffdf, 0xffff, 
	0xffff, 0xffff, 0xffff, 0xffff, 0xffff, 0xffff, 0xffff, 0xffff, 0xffff, 0xffff, 0xffff, 0xffff, 0xffff, 0xffff, 0xffff, 0xffff, 
	0xffff, 0xffff, 0xffff, 0xffff, 0xffef, 0xe70b, 0xef42, 0xef63, 0xf5a7, 0xcc82, 0xe445, 0xe445, 0xdc25, 0xdc05, 0xdc05, 0xdc05, 
	0xdc05, 0xdc05, 0xdc05, 0xdc05, 0xd286, 0xca25, 0xd226, 0xd226, 0xd226, 0xd226, 0xca45, 0xd286, 0xdc05, 0xdc05, 0xdc05, 0xdc05, 
	0xdc05, 0xdc05, 0xd424, 0xe486, 0xeda5, 0xe5a4, 0xddc3, 0xee65, 0xef63, 0xef43, 0xe70b, 0xffef, 0xffff, 0xffff, 0xffff, 0xffff, 
	0xffff, 0xffff, 0xffff, 0xffff, 0xffff, 0xffdf, 0xffdf, 0xffde, 0xffde, 0xffde, 0xffde, 0xffde, 0xffde, 0xffde, 0xffde, 0xffde, 
	0xffbd, 0xffbd, 0xffbd, 0xffbd, 0xffbd, 0xffbd, 0xff9d, 0xff9d, 0xff9d, 0xff9d, 0xff9d, 0xff9d, 0xff9c, 0xff9c, 0xf79c, 0xf77c, 
	0xf77c, 0xf77c, 0xf77c, 0xf77c, 0xff7b, 0xe677, 0xa1a4, 0xa1a4, 0xa984, 0xb1c4, 0xca05, 0xca05, 0xaa26, 0xec0d, 0xff7b, 0xf73a, 
	0xf73a, 0xf73a, 0xf73a, 0xf73a, 0xf73a, 0xf73a, 0xf73a, 0xf73a, 0xf719, 0xf719, 0xf719, 0xf719, 0xf6f9, 0xf6f9, 0xf6f9, 0xf6f9, 
	0xeef9, 0xeef9, 0xf6f8, 0xf6f8, 0xeef8, 0xeef8, 0xeef8, 0xeed8, 0xeed8, 0xeed8, 0xeed8, 0xeed8, 0xeed7, 0xeeb7, 0xeeb7, 0xeeb7, 
	0xeeb7, 0xeeb7, 0xeeb7, 0xeeb6, 0xee96, 0xee96, 0xee96, 0xee96, 0xee96, 0xee96, 0xee96, 0xee96, 0xee76, 0xee76, 0xee75, 0xee75, 
	0xeeb7, 0xeeb7, 0xeeb7, 0xeeb7, 0xeeb7, 0xeeb7, 0xeed7, 0xeed7, 0xeed8, 0xeed8, 0xeed8, 0xeed8, 0xeed8, 0xeef8, 0xeef8, 0xeef8, 
	0xf6f8, 0xf6f8, 0xeef9, 0xf6f9, 0xf6f9, 0xf6f9, 0xf719, 0xf719, 0xf719, 0xf719, 0xf719, 0xf73a, 0xf73a, 0xf73a, 0xf73a, 0xf73a, 
	0xf73a, 0xf73a, 0xf73a, 0xf73a, 0xf73b, 0xf73b, 0xf75b, 0xf75b, 0xf75b, 0xf75b, 0xf75b, 0xf75b, 0xf77b, 0xf77b, 0xf77b, 0xf77c, 
	0xf77c, 0xffbc, 0xf42e, 0xb246, 0xd226, 0xd226, 0xc1e5, 0xb9a4, 0xb9c4, 0xb9c4, 0xeeb9, 0xffbd, 0xf7bd, 0xf7bd, 0xffbd, 0xffbd, 
	0xffbd, 0xffbd, 0xffbd, 0xffbd, 0xffde, 0xffde, 0xffde, 0xffde, 0xffde, 0xffde, 0xffde, 0xffde, 0xffdf, 0xffdf, 0xffff, 0xffff, 
	0xffff, 0xffff, 0xffff, 0xffff, 0xffff, 0xffff, 0xffff, 0xffff, 0xffff, 0xffff, 0xffff, 0xffff, 0xffff, 0xffff, 0xffff, 0xffff, 
	0xffff, 0xffff, 0xffff, 0xffff, 0xffef, 0xdecb, 0xef23, 0xef43, 0xeda7, 0xcc82, 0xdc45, 0xdc45, 0xdc25, 0xd405, 0xdc05, 0xdc05, 
	0xdc05, 0xdc05, 0xdc05, 0xdc05, 0xd286, 0xca45, 0xd226, 0xd226, 0xd226, 0xd226, 0xca45, 0xd286, 0xdc05, 0xdc05, 0xdc05, 0xdc05, 
	0xdc05, 0xdc05, 0xd424, 0xe486, 0xe585, 0xe585, 0xdda3, 0xee46, 0xef23, 0xef23, 0xdecb, 0xffef, 0xffff, 0xffff, 0xffff, 0xffff, 
	0xffff, 0xffff, 0xffff, 0xffff, 0xffff, 0xffff, 0xffdf, 0xffdf, 0xffde, 0xffde, 0xffde, 0xffde, 0xffde, 0xffde, 0xffde, 0xffde, 
	0xffbd, 0xffbd, 0xffbd, 0xffbd, 0xffbd, 0xffbd, 0xff9d, 0xff9d, 0xff9d, 0xff9d, 0xff9d, 0xff9d, 0xff9c, 0xff9c, 0xf79c, 0xf79c, 
	0xf77c, 0xf77c, 0xf77c, 0xf77c, 0xff7b, 0xe657, 0xa163, 0xa163, 0xa143, 0xa9a4, 0xca05, 0xca05, 0xaa26, 0xec0d, 0xff7b, 0xf73a, 
	0xf73a, 0xf73a, 0xf73a, 0xf73a, 0xf73a, 0xf73a, 0xf73a, 0xf73a, 0xf719, 0xf719, 0xf719, 0xf719, 0xf719, 0xf6f9, 0xf6f9, 0xf6f9, 
	0xeef9, 0xeef9, 0xf6f8, 0xf6f8, 0xeef8, 0xeef8, 0xeef8, 0xeed8, 0xeed8, 0xeed8, 0xeed8, 0xeed8, 0xeed7, 0xeed7, 0xeeb7, 0xeeb7, 
	0xeeb7, 0xeeb7, 0xeeb7, 0xeeb6, 0xee96, 0xee96, 0xee96, 0xee96, 0xee96, 0xee96, 0xee96, 0xee96, 0xee76, 0xee76, 0xee75, 0xee75, 
	0xeeb7, 0xeeb7, 0xeeb7, 0xeeb7, 0xeeb7, 0xeeb7, 0xeed7, 0xeed7, 0xeed8, 0xeed8, 0xeed8, 0xeed8, 0xeef8, 0xeef8, 0xeef8, 0xf6f8, 
	0xeef8, 0xeef8, 0xeef9, 0xf6f9, 0xf6f9, 0xf6f9, 0xf719, 0xf719, 0xf719, 0xf719, 0xf719, 0xf73a, 0xf73a, 0xf73a, 0xf73a, 0xf73a, 
	0xf73a, 0xf73a, 0xf73a, 0xf73a, 0xf73b, 0xf73b, 0xf75b, 0xf75b, 0xf75b, 0xf75b, 0xf75b, 0xf75b, 0xf77b, 0xf77b, 0xf77b, 0xf77c, 
	0xf77c, 0xffbc, 0xec2e, 0xaa26, 0xca06, 0xc1e5, 0xd4b1, 0xf5b5, 0xe5d5, 0xe5d5, 0xf75b, 0xff9d, 0xffbd, 0xffbd, 0xffbd, 0xffbd, 
	0xffbd, 0xffbd, 0xffbd, 0xffde, 0xffde, 0xffde, 0xffde, 0xffde, 0xffde, 0xffde, 0xffde, 0xffdf, 0xffdf, 0xffff, 0xffff, 0xffff, 
	0xffff, 0xffff, 0xffff, 0xffff, 0xffff, 0xffff, 0xffff, 0xffff, 0xffff, 0xffff, 0xffff, 0xffff, 0xffff, 0xffff, 0xffff, 0xffff, 
	0xffff, 0xffff, 0xffff, 0xffff, 0xffef, 0xdeeb, 0xef23, 0xef43, 0xeda7, 0xcca3, 0xdc66, 0xdc66, 0xdc26, 0xd405, 0xdc05, 0xdc05, 
	0xdc06, 0xdc05, 0xdc06, 0xdc06, 0xca66, 0xc225, 0xc206, 0xc206, 0xd246, 0xd246, 0xca45, 0xd286, 0xdc06, 0xdc06, 0xdc05, 0xdc06, 
	0xdc05, 0xdc05, 0xd424, 0xe4a6, 0xe5c5, 0xe5c5, 0xdde4, 0xee66, 0xef23, 0xef23, 0xdeeb, 0xffef, 0xffff, 0xffff, 0xffff, 0xffff, 
	0xffff, 0xffff, 0xffff, 0xffff, 0xffff, 0xffff, 0xffdf, 0xffdf, 0xffde, 0xffde, 0xffde, 0xffde, 0xffde, 0xffde, 0xffde, 0xffde, 
	0xffbd, 0xffbd, 0xffbd, 0xffbd, 0xffbd, 0xffbd, 0xff9d, 0xff9d, 0xff9d, 0xff9d, 0xff9d, 0xff9d, 0xff9c, 0xff9c, 0xf79c, 0xf79c, 
	0xf77c, 0xf77c, 0xf77c, 0xf77c, 0xff7b, 0xef1a, 0xdd94, 0xdd94, 0xed73, 0xcc6f, 0xb1a4, 0xb1c5, 0x99e5, 0xdbed, 0xff7b, 0xf75b, 
	0xf73a, 0xf73a, 0xf73a, 0xf73a, 0xf73a, 0xf73a, 0xf73a, 0xf73a, 0xf73a, 0xf719, 0xf719, 0xf719, 0xf719, 0xf6f9, 0xf6f9, 0xf6f9, 
	0xf6f9, 0xeef9, 0xf6f8, 0xf6f8, 0xeef8, 0xeef8, 0xeef8, 0xeed8, 0xeed8, 0xeed8, 0xeed8, 0xeed8, 0xeed7, 0xeed7, 0xeeb7, 0xeeb7, 
	0xeeb7, 0xeeb7, 0xeeb7, 0xeeb6, 0xee96, 0xee96, 0xee96, 0xee96, 0xee96, 0xee96, 0xee96, 0xee96, 0xee76, 0xee76, 0xee95, 0xee75, 
	0xeeb7, 0xeeb7, 0xeeb7, 0xeeb7, 0xeeb7, 0xeeb7, 0xeed7, 0xeed7, 0xeed8, 0xeed8, 0xeed8, 0xeed8, 0xeef8, 0xeef8, 0xeef8, 0xf6f8, 
	0xeef8, 0xeef9, 0xeef9, 0xf6f9, 0xf6f9, 0xf6f9, 0xf719, 0xf719, 0xf719, 0xf719, 0xf73a, 0xf73a, 0xf73a, 0xf73a, 0xf73a, 0xf73a, 
	0xf73a, 0xf73a, 0xf73a, 0xf73a, 0xf73b, 0xf73b, 0xf75b, 0xf75b, 0xf75b, 0xf75b, 0xf75b, 0xf77b, 0xf77b, 0xf77b, 0xf77c, 0xf77c, 
	0xf77c, 0xffbd, 0xe40e, 0xa205, 0xc1e5, 0xb9c4, 0xde37, 0xffdd, 0xffde, 0xffde, 0xff9d, 0xff9d, 0xffbd, 0xffbd, 0xffbd, 0xffbd, 
	0xffbd, 0xffbd, 0xffbd, 0xffde, 0xffde, 0xffde, 0xffde, 0xffde, 0xffde, 0xffde, 0xffde, 0xffdf, 0xffdf, 0xffff, 0xffff, 0xffff, 
	0xffff, 0xffff, 0xffff, 0xffff, 0xffff, 0xffff, 0xffff, 0xffff, 0xffff, 0xffff, 0xffff, 0xffff, 0xffff, 0xffff, 0xffff, 0xffff, 
	0xffff, 0xffff, 0xffff, 0xffff, 0xffef, 0xdecb, 0xef23, 0xef43, 0xeda7, 0xcca3, 0xdc65, 0xdc85, 0xdc26, 0xd405, 0xdc05, 0xdc05, 
	0xdc05, 0xdc05, 0xdc05, 0xdc05, 0xc245, 0xb9e4, 0xb9e5, 0xc1e5, 0xd226, 0xd226, 0xca45, 0xd286, 0xdc05, 0xdc05, 0xdc05, 0xdc05, 
	0xdc05, 0xdc05, 0xd424, 0xe4a6, 0xe5e5, 0xe5c5, 0xdde3, 0xee65, 0xef23, 0xef23, 0xdecb, 0xffef, 0xffff, 0xffff, 0xffff, 0xffff, 
	0xffff, 0xffff, 0xffff, 0xffff, 0xffff, 0xffff, 0xffff, 0xffdf, 0xffdf, 0xffde, 0xffde, 0xffde, 0xffde, 0xffde, 0xffde, 0xffde, 
	0xffde, 0xffbd, 0xffbd, 0xffbd, 0xffbd, 0xffbd, 0xff9d, 0xff9d, 0xffbd, 0xff9d, 0xff9d, 0xff9d, 0xff9c, 0xff9c, 0xff9c, 0xf79c, 
	0xf79c, 0xf77c, 0xf77c, 0xf77c, 0xf77c, 0xf77c, 0xf7bc, 0xf7bd, 0xffbc, 0xd5f5, 0xa163, 0xa984, 0x91a4, 0xdbcd, 0xff7b, 0xf75b, 
	0xf73a, 0xf73a, 0xf73a, 0xf73a, 0xf73a, 0xf73a, 0xf73a, 0xf73a, 0xf73a, 0xf719, 0xf719, 0xf719, 0xf719, 0xf719, 0xf6f9, 0xf6f9, 
	0xf6f9, 0xeef9, 0xf6f8, 0xf6f8, 0xf6f8, 0xeef8, 0xeef8, 0xeed8, 0xeed8, 0xeed8, 0xeed8, 0xeed8, 0xeed7, 0xeed7, 0xeeb7, 0xeeb7, 
	0xeeb7, 0xeeb7, 0xeeb7, 0xeeb7, 0xee96, 0xee96, 0xee96, 0xee96, 0xee96, 0xee96, 0xee96, 0xee96, 0xee76, 0xee76, 0xee76, 0xee75, 
	0xeeb7, 0xeeb7, 0xeeb7, 0xeeb7, 0xeeb7, 0xeeb7, 0xeed7, 0xeed7, 0xeed8, 0xeed8, 0xeed8, 0xeed8, 0xeef8, 0xeef8, 0xeef8, 0xf6f8, 
	0xeef8, 0xeef9, 0xeef9, 0xf6f9, 0xf6f9, 0xf6f9, 0xf719, 0xf719, 0xf719, 0xf719, 0xf73a, 0xf73a, 0xf73a, 0xf73a, 0xf73a, 0xf73a, 
	0xf73a, 0xf73a, 0xf73a, 0xf73a, 0xf73b, 0xf75b, 0xf75b, 0xf75b, 0xf75b, 0xf75b, 0xf77b, 0xf77b, 0xf77b, 0xf77b, 0xf77c, 0xf77c, 
	0xf77c, 0xffbd, 0xe3ed, 0xa1c4, 0xb9a4, 0xb983, 0xddf6, 0xff9c, 0xf79d, 0xf7bd, 0xff9d, 0xff9d, 0xffbd, 0xffbd, 0xffbd, 0xffbd, 
	0xffbd, 0xffbd, 0xffde, 0xffde, 0xffde, 0xffde, 0xffde, 0xffde, 0xffde, 0xffde, 0xffdf, 0xffdf, 0xffff, 0xffff, 0xffff, 0xffff, 
	0xffff, 0xffff, 0xffff, 0xffff, 0xffff, 0xffff, 0xffff, 0xffff, 0xffff, 0xffff, 0xffff, 0xffff, 0xffff, 0xffff, 0xffff, 0xffff, 
	0xffff, 0xffff, 0xffff, 0xffff, 0xffef, 0xdecb, 0xef23, 0xef43, 0xeda7, 0xcca2, 0xdc65, 0xdc65, 0xdc25, 0xd405, 0xdc05, 0xdc05, 
	0xdc05, 0xdc05, 0xdc05, 0xdc05, 0xc246, 0xb9e4, 0xb9c5, 0xb9c5, 0xd206, 0xd226, 0xca25, 0xd286, 0xdc05, 0xdc05, 0xdc05, 0xdc05, 
	0xdc05, 0xdc05, 0xd404, 0xe4a6, 0xe5c5, 0xe5c5, 0xddc3, 0xee65, 0xef23, 0xef23, 0xdecb, 0xffef, 0xffff, 0xffff, 0xffff, 0xffff, 
	0xffff, 0xffff, 0xffff, 0xffff, 0xffff, 0xffff, 0xffff, 0xffdf, 0xffdf, 0xffde, 0xffde, 0xffde, 0xffde, 0xffde, 0xffde, 0xffde, 
	0xffde, 0xffbd, 0xffbd, 0xffbd, 0xffbd, 0xffbd, 0xffbd, 0xffbd, 0xffbd, 0xff9d, 0xff9d, 0xff9d, 0xff9d, 0xf79c, 0xff9c, 0xf79c, 
	0xf79c, 0xf77c, 0xf77c, 0xf77c, 0xf77c, 0xf77c, 0xf77b, 0xf77b, 0xff7b, 0xd5b4, 0xa122, 0xa943, 0x8963, 0xdbac, 0xff9c, 0xf75b, 
	0xf73a, 0xf73a, 0xf73a, 0xf73a, 0xf73a, 0xf73a, 0xf73a, 0xf73a, 0xf73a, 0xf73a, 0xf719, 0xf719, 0xf719, 0xf719, 0xf6f9, 0xf6f9, 
	0xf6f9, 0xeef9, 0xeef8, 0xeef8, 0xf6f8, 0xeef8, 0xeef8, 0xeef8, 0xeed8, 0xeed8, 0xeed8, 0xeed8, 0xeed7, 0xeed7, 0xeeb7, 0xeeb7, 
	0xeeb7, 0xeeb7, 0xeeb7, 0xeeb7, 0xee96, 0xee96, 0xee96, 0xee96, 0xee96, 0xee96, 0xee96, 0xee96, 0xee96, 0xee76, 0xee76, 0xee75, 
	0xeeb7, 0xeeb7, 0xeeb7, 0xeeb7, 0xeeb7, 0xeed7, 0xeed7, 0xeed7, 0xeed8, 0xeed8, 0xeed8, 0xeed8, 0xeef8, 0xeef8, 0xeef8, 0xf6f8, 
	0xeef8, 0xeef9, 0xf6f9, 0xf6f9, 0xf6f9, 0xf6f9, 0xf719, 0xf719, 0xf719, 0xf719, 0xf73a, 0xf73a, 0xf73a, 0xf73a, 0xf73a, 0xf73a, 
	0xf73a, 0xf73a, 0xf73a, 0xf73a, 0xf73b, 0xf75b, 0xf75b, 0xf75b, 0xf75b, 0xf75b, 0xf77b, 0xf77b, 0xf77b, 0xf77b, 0xf77c, 0xf77c, 
	0xf77c, 0xff9c, 0xedf5, 0xd4f1, 0xdcf1, 0xdcd1, 0xeeda, 0xff9c, 0xf7bd, 0xf7bd, 0xff9d, 0xff9d, 0xffbd, 0xffbd, 0xffbd, 0xffbd, 
	0xffbd, 0xffbd, 0xffde, 0xffde, 0xffde, 0xffde, 0xffde, 0xffde, 0xffde, 0xffde, 0xffdf, 0xffdf, 0xffff, 0xffff, 0xffff, 0xffff, 
	0xffff, 0xffff, 0xffff, 0xffff, 0xffff, 0xffff, 0xffff, 0xffff, 0xffff, 0xffff, 0xffff, 0xffff, 0xffff, 0xffff, 0xffff, 0xffff, 
	0xffff, 0xffff, 0xffff, 0xffff, 0xffef, 0xdecb, 0xef23, 0xef23, 0xee06, 0xd543, 0xdd25, 0xe525, 0xdc66, 0xd424, 0xdc05, 0xdc05, 
	0xdc05, 0xdc05, 0xdc05, 0xdc05, 0xd346, 0xcb05, 0xcb05, 0xcb05, 0xd326, 0xd326, 0xd345, 0xdb66, 0xdc05, 0xdc05, 0xdc05, 0xdc05, 
	0xdc05, 0xdc05, 0xcc24, 0xe4e6, 0xe685, 0xe664, 0xe684, 0xeec5, 0xef23, 0xef23, 0xdecb, 0xffef, 0xffff, 0xffff, 0xffff, 0xffff, 
	0xffff, 0xffff, 0xffff, 0xffff, 0xffff, 0xffff, 0xffff, 0xffff, 0xffdf, 0xffdf, 0xffde, 0xffde, 0xffde, 0xffde, 0xffde, 0xffde, 
	0xffde, 0xffde, 0xffbd, 0xffbd, 0xffbd, 0xffbd, 0xffbd, 0xffbd, 0xff9d, 0xff9d, 0xff9d, 0xff9d, 0xff9d, 0xf79c, 0xff9c, 0xf79c, 
	0xf79c, 0xf77c, 0xf77c, 0xf77c, 0xf77c, 0xf77c, 0xf77b, 0xf77b, 0xff7b, 0xe698, 0xd490, 0xd4b0, 0xc4b0, 0xedb4, 0xf77b, 0xf75b, 
	0xf73a, 0xf73a, 0xf73a, 0xf73a, 0xf73a, 0xf73a, 0xf73a, 0xf73a, 0xf73a, 0xf73a, 0xf719, 0xf719, 0xf719, 0xf719, 0xf6f9, 0xf6f9, 
	0xf6f9, 0xeef9, 0xeef9, 0xeef8, 0xf6f8, 0xeef8, 0xeef8, 0xeef8, 0xeed8, 0xeed8, 0xeed8, 0xeed8, 0xeed7, 0xeed7, 0xeeb7, 0xeeb7, 
	0xeeb7, 0xeeb7, 0xeeb7, 0xeeb7, 0xee96, 0xee96, 0xee96, 0xee96, 0xee96, 0xee96, 0xee96, 0xee96, 0xee96, 0xee76, 0xee76, 0xee75, 
	0xeeb7, 0xeeb7, 0xeeb7, 0xeeb7, 0xeeb7, 0xeed7, 0xeed7, 0xeed7, 0xeed8, 0xeed8, 0xeed8, 0xeed8, 0xeef8, 0xeef8, 0xf6f8, 0xf6f8, 
	0xeef9, 0xeef9, 0xf6f9, 0xf6f9, 0xf6f9, 0xf6f9, 0xf719, 0xf719, 0xf719, 0xf719, 0xf73a, 0xf73a, 0xf73a, 0xf73a, 0xf73a, 0xf73a, 
	0xf73a, 0xf73a, 0xf73a, 0xf73a, 0xf73b, 0xf75b, 0xf75b, 0xf75b, 0xf75b, 0xf75b, 0xf77b, 0xf77b, 0xf77b, 0xf77b, 0xf77c, 0xf77c, 
	0xf77c, 0xf77c, 0xffbd, 0xffdd, 0xffdd, 0xffdd, 0xffbd, 0xff9d, 0xff9d, 0xff9d, 0xff9d, 0xff9d, 0xffbd, 0xffbd, 0xffbd, 0xffbd, 
	0xffbd, 0xffbd, 0xffde, 0xffde, 0xffde, 0xffde, 0xffde, 0xffde, 0xffde, 0xffde, 0xffdf, 0xffff, 0xffff, 0xffff, 0xffff, 0xffff, 
	0xffff, 0xffff, 0xffff, 0xffff, 0xffff, 0xffff, 0xffff, 0xffff, 0xffff, 0xffff, 0xffff, 0xffff, 0xffff, 0xffff, 0xffff, 0xffff, 
	0xffff, 0xffff, 0xffff, 0xffff, 0xffef, 0xdecb, 0xef23, 0xef23, 0xee46, 0xddc3, 0xe5a5, 0xe5a5, 0xe4a6, 0xd424, 0xdc05, 0xdc05, 
	0xdc05, 0xdc05, 0xdc05, 0xdc05, 0xdc25, 0xdc05, 0xdc05, 0xdc05, 0xdc05, 0xdc05, 0xdc05, 0xdc25, 0xdc05, 0xdc05, 0xdc05, 0xdc05, 
	0xdc05, 0xdc05, 0xcc23, 0xed07, 0xef24, 0xe704, 0xe704, 0xef24, 0xef23, 0xef23, 0xdecb, 0xffef, 0xffff, 0xffff, 0xffff, 0xffff, 
	0xffff, 0xffff, 0xffff, 0xffff, 0xffff, 0xffff, 0xffff, 0xffff, 0xffdf, 0xffdf, 0xffde, 0xffde, 0xffde, 0xffde, 0xffde, 0xffde, 
	0xffde, 0xffde, 0xffbd, 0xffbd, 0xffbd, 0xffbd, 0xffbd, 0xffbd, 0xff9d, 0xff9d, 0xff9d, 0xff9d, 0xff9d, 0xff9d, 0xff9c, 0xf79c, 
	0xf79c, 0xf77c, 0xf77c, 0xf77c, 0xf77c, 0xf77c, 0xf77b, 0xf77b, 0xf77b, 0xf77b, 0xff9c, 0xff9c, 0xff9c, 0xf77b, 0xf73b, 0xf73b, 
	0xf73a, 0xf73a, 0xf73a, 0xf73a, 0xf73a, 0xf73a, 0xf73a, 0xf73a, 0xf73a, 0xf73a, 0xf719, 0xf719, 0xf719, 0xf719, 0xf6f9, 0xf6f9, 
	0xf6f9, 0xeef9, 0xeef9, 0xeef8, 0xf6f8, 0xeef8, 0xeef8, 0xeef8, 0xeed8, 0xeed8, 0xeed8, 0xeed8, 0xeed7, 0xeed7, 0xeeb7, 0xeeb7, 
	0xeeb7, 0xeeb7, 0xeeb7, 0xeeb7, 0xee96, 0xee96, 0xee96, 0xee96, 0xee96, 0xee96, 0xee96, 0xee96, 0xee96, 0xee76, 0xee76, 0xee75, 
	0xeeb7, 0xeeb7, 0xeeb7, 0xeeb7, 0xeeb7, 0xeed7, 0xeed7, 0xeed8, 0xeed8, 0xeed8, 0xeed8, 0xeef8, 0xeef8, 0xeef8, 0xf6f8, 0xf6f8, 
	0xeef9, 0xeef9, 0xf6f9, 0xf6f9, 0xf6f9, 0xf6f9, 0xf719, 0xf719, 0xf719, 0xf719, 0xf73a, 0xf73a, 0xf73a, 0xf73a, 0xf73a, 0xf73a, 
	0xf73a, 0xf73a, 0xf73a, 0xf73b, 0xf73b, 0xf75b, 0xf75b, 0xf75b, 0xf75b, 0xf75b, 0xf77b, 0xf77b, 0xf77b, 0xf77c, 0xf77c, 0xf77c, 
	0xf77c, 0xf77c, 0xf79c, 0xf79c, 0xff9c, 0xff9c, 0xff9d, 0xff9d, 0xff9d, 0xff9d, 0xff9d, 0xff9d, 0xffbd, 0xffbd, 0xffbd, 0xffbd, 
	0xffbd, 0xffde, 0xffde, 0xffde, 0xffde, 0xffde, 0xffde, 0xffde, 0xffde, 0xffdf, 0xffdf, 0xffff, 0xffff, 0xffff, 0xffff, 0xffff, 
	0xffff, 0xffff, 0xffff, 0xffff, 0xffff, 0xffff, 0xffff, 0xffff, 0xffff, 0xffff, 0xffff, 0xffff, 0xffff, 0xffff, 0xffff, 0xffff, 
	0xffff, 0xffff, 0xffff, 0xffff, 0xffef, 0xdecb, 0xef23, 0xef43, 0xee46, 0xdda3, 0xe585, 0xe585, 0xe486, 0xd404, 0xdc05, 0xdc05, 
	0xdc05, 0xdc05, 0xdc05, 0xdc05, 0xdc05, 0xdc05, 0xdc05, 0xdc05, 0xdc05, 0xdc05, 0xdc05, 0xdc05, 0xdc05, 0xdc05, 0xdc05, 0xdc05, 
	0xdc05, 0xdc05, 0xcc23, 0xed06, 0xef24, 0xef04, 0xef04, 0xef04, 0xef23, 0xef23, 0xdecb, 0xffef, 0xffff, 0xffff, 0xffff, 0xffff, 
	0xffff, 0xffff, 0xffff, 0xffff, 0xffff, 0xffff, 0xffff, 0xffff, 0xffff, 0xffdf, 0xffde, 0xffde, 0xffde, 0xffde, 0xffde, 0xffde, 
	0xffde, 0xffde, 0xffbd, 0xffbd, 0xffbd, 0xffbd, 0xffbd, 0xffbd, 0xff9d, 0xff9d, 0xff9d, 0xff9d, 0xff9d, 0xff9d, 0xff9c, 0xff9c, 
	0xf79c, 0xf79c, 0xf77c, 0xf77c, 0xf77c, 0xf77c, 0xf77b, 0xf77b, 0xf77b, 0xf77b, 0xf75b, 0xf75b, 0xf75b, 0xf75b, 0xf75b, 0xf73b, 
	0xf73a, 0xf73a, 0xf73a, 0xf73a, 0xf73a, 0xf73a, 0xf73a, 0xf73a, 0xf73a, 0xf73a, 0xf719, 0xf719, 0xf719, 0xf719, 0xf6f9, 0xf6f9, 
	0xf6f9, 0xf6f9, 0xeef9, 0xeef8, 0xf6f8, 0xeef8, 0xeef8, 0xeef8, 0xeed8, 0xeed8, 0xeed8, 0xeed8, 0xeed7, 0xeed7, 0xeed7, 0xeeb7, 
	0xeeb7, 0xeeb7, 0xeeb7, 0xeeb7, 0xee96, 0xee96, 0xee96, 0xee96, 0xee96, 0xee96, 0xee96, 0xee96, 0xee96, 0xee76, 0xee76, 0xee75, 
	0xeeb7, 0xeeb7, 0xeeb7, 0xeeb7, 0xeeb7, 0xeed7, 0xeed7, 0xeed8, 0xeed8, 0xeed8, 0xeed8, 0xeef8, 0xeef8, 0xeef8, 0xf6f8, 0xf6f8, 
	0xeef9, 0xeef9, 0xf6f9, 0xf6f9, 0xf6f9, 0xf6f9, 0xf719, 0xf719, 0xf719, 0xf719, 0xf73a, 0xf73a, 0xf73a, 0xf73a, 0xf73a, 0xf73a, 
	0xf73a, 0xf73a, 0xf73a, 0xf73b, 0xf73b, 0xf75b, 0xf75b, 0xf75b, 0xf75b, 0xf75b, 0xf77b, 0xf77b, 0xf77b, 0xf77c, 0xf77c, 0xf77c, 
	0xf77c, 0xf77c, 0xf79c, 0xf79c, 0xff9c, 0xff9c, 0xff9d, 0xff9d, 0xff9d, 0xffbd, 0xff9d, 0xff9d, 0xffbd, 0xffbd, 0xffbd, 0xffbd, 
	0xffbd, 0xffde, 0xffde, 0xffde, 0xffde, 0xffde, 0xffde, 0xffde, 0xffde, 0xffdf, 0xffdf, 0xffff, 0xffff, 0xffff, 0xffff, 0xffff, 
	0xffff, 0xffff, 0xffff, 0xffff, 0xffff, 0xffff, 0xffff, 0xffff, 0xffff, 0xffff, 0xffff, 0xffff, 0xffff, 0xffff, 0xffff, 0xffff, 
	0xffff, 0xffff, 0xffff, 0xffff, 0xffef, 0xdecb, 0xef23, 0xef23, 0xeea5, 0xde44, 0xe624, 0xe645, 0xe4c6, 0xcc24, 0xdc05, 0xdc05, 
	0xdc05, 0xdc05, 0xdc05, 0xdc05, 0xdc05, 0xdc05, 0xdc05, 0xdc05, 0xdc05, 0xdc05, 0xdc05, 0xdc05, 0xdc05, 0xdc05, 0xdc05, 0xdc05, 
	0xdbe6, 0xdbe6, 0xcc23, 0xed06, 0xef24, 0xe704, 0xe704, 0xef04, 0xef23, 0xef23, 0xdecb, 0xffef, 0xffff, 0xffff, 0xffff, 0xffff, 
	0xffff, 0xffff, 0xffff, 0xffff, 0xffff, 0xffff, 0xffff, 0xffff, 0xffff, 0xffdf, 0xffdf, 0xffde, 0xffde, 0xffde, 0xffde, 0xffde, 
	0xffde, 0xffde, 0xffde, 0xffbd, 0xffbd, 0xffbd, 0xffbd, 0xffbd, 0xff9d, 0xff9d, 0xff9d, 0xff9d, 0xff9d, 0xff9d, 0xff9c, 0xff9c, 
	0xf79c, 0xf79c, 0xf77c, 0xf77c, 0xf77c, 0xf77c, 0xf77c, 0xf77b, 0xf77b, 0xf77b, 0xf75b, 0xf75b, 0xf75b, 0xf75b, 0xf75b, 0xf73b, 
	0xf73a, 0xf73a, 0xf73a, 0xf73a, 0xf73a, 0xf73a, 0xf73a, 0xf73a, 0xf73a, 0xf73a, 0xf719, 0xf719, 0xf719, 0xf719, 0xf6f9, 0xf6f9, 
	0xf6f9, 0xf6f9, 0xeef9, 0xeef9, 0xf6f8, 0xeef8, 0xeef8, 0xeef8, 0xeed8, 0xeed8, 0xeed8, 0xeed8, 0xeed7, 0xeed7, 0xeed7, 0xeeb7, 
	0xeeb7, 0xeeb7, 0xeeb7, 0xeeb7, 0xee96, 0xee96, 0xee96, 0xee96, 0xee96, 0xee96, 0xee96, 0xee96, 0xee96, 0xee76, 0xee76, 0xee75, 
	0xeeb7, 0xeeb7, 0xeeb7, 0xeeb7, 0xeeb7, 0xeed7, 0xeed7, 0xeed8, 0xeed8, 0xeed8, 0xeed8, 0xeef8, 0xeef8, 0xeef8, 0xf6f8, 0xf6f8, 
	0xeef9, 0xeef9, 0xf6f9, 0xf6f9, 0xf6f9, 0xf6f9, 0xf719, 0xf719, 0xf719, 0xf719, 0xf73a, 0xf73a, 0xf73a, 0xf73a, 0xf73a, 0xf73a, 
	0xf73a, 0xf73a, 0xf73a, 0xf73b, 0xf75b, 0xf75b, 0xf75b, 0xf75b, 0xf75b, 0xf75b, 0xf77b, 0xf77b, 0xf77b, 0xf77c, 0xf77c, 0xf77c, 
	0xf77c, 0xf77c, 0xf79c, 0xff9c, 0xff9c, 0xff9c, 0xff9d, 0xff9d, 0xff9d, 0xffbd, 0xffbd, 0xffbd, 0xffbd, 0xffbd, 0xffbd, 0xffbd, 
	0xffbd, 0xffde, 0xffde, 0xffde, 0xffde, 0xffde, 0xffde, 0xffde, 0xffdf, 0xffdf, 0xffff, 0xffff, 0xffff, 0xffff, 0xffff, 0xffff, 
	0xffff, 0xffff, 0xffff, 0xffff, 0xffff, 0xffff, 0xffff, 0xffff, 0xffff, 0xffff, 0xffff, 0xffff, 0xffff, 0xffff, 0xffff, 0xffff, 
	0xffff, 0xffff, 0xffff, 0xffff, 0xffef, 0xdecb, 0xef23, 0xef23, 0xef24, 0xef24, 0xef24, 0xef44, 0xed26, 0xcc23, 0xdc05, 0xdc05, 
	0xdc05, 0xdc05, 0xdc05, 0xdc05, 0xdc05, 0xdc05, 0xdc05, 0xdc05, 0xdc05, 0xdc05, 0xdc05, 0xdc05, 0xdc05, 0xdc05, 0xdc05, 0xdc05, 
	0xdc05, 0xdc05, 0xcc23, 0xed07, 0xef24, 0xef24, 0xef24, 0xef24, 0xef23, 0xef23, 0xdecb, 0xffef, 0xffff, 0xffff, 0xffff, 0xffff, 
	0xffff, 0xffff, 0xffff, 0xffff, 0xffff, 0xffff, 0xffff, 0xffff, 0xffff, 0xffdf, 0xffdf, 0xffde, 0xffde, 0xffde, 0xffde, 0xffde, 
	0xffde, 0xffde, 0xffde, 0xffbd, 0xffbd, 0xffbd, 0xffbd, 0xffbd, 0xff9d, 0xff9d, 0xffbd, 0xff9d, 0xff9d, 0xff9d, 0xff9c, 0xff9c, 
	0xf79c, 0xf79c, 0xf77c, 0xf77c, 0xf77c, 0xf77c, 0xf77c, 0xf77b, 0xf77b, 0xf77b, 0xf75b, 0xf75b, 0xf75b, 0xf75b, 0xf75b, 0xf73b, 
	0xf73b, 0xf73a, 0xf73a, 0xf73a, 0xf73a, 0xf73a, 0xf73a, 0xf73a, 0xf73a, 0xf73a, 0xf719, 0xf719, 0xf719, 0xf719, 0xf6f9, 0xf6f9, 
	0xf6f9, 0xf6f9, 0xeef9, 0xeef9, 0xf6f8, 0xf6f8, 0xeef8, 0xeef8, 0xeed8, 0xeed8, 0xeed8, 0xeed8, 0xeed7, 0xeed7, 0xeed7, 0xeeb7, 
	0xeeb7, 0xeeb7, 0xeeb7, 0xeeb7, 0xee96, 0xee96, 0xee96, 0xee96, 0xee96, 0xee96, 0xee96, 0xee96, 0xee96, 0xee76, 0xee76, 0xee76, 
	0xeeb7, 0xeeb7, 0xeeb7, 0xeeb7, 0xeeb7, 0xeed7, 0xeed8, 0xeed8, 0xeed8, 0xeed8, 0xeed8, 0xeef8, 0xeef8, 0xeef8, 0xf6f8, 0xf6f8, 
	0xeef9, 0xeef9, 0xf6f9, 0xf6f9, 0xf6f9, 0xf719, 0xf719, 0xf719, 0xf719, 0xf73a, 0xf73a, 0xf73a, 0xf73a, 0xf73a, 0xf73a, 0xf73a, 
	0xf73a, 0xf73a, 0xf73b, 0xf73b, 0xf75b, 0xf75b, 0xf75b, 0xf75b, 0xf75b, 0xf75b, 0xf77b, 0xf77b, 0xf77b, 0xf77c, 0xf77c, 0xf77c, 
	0xf77c, 0xf79c, 0xf79c, 0xff9c, 0xff9c, 0xff9d, 0xff9d, 0xff9d, 0xff9d, 0xffbd, 0xffbd, 0xffbd, 0xffbd, 0xffbd, 0xffbd, 0xffbd, 
	0xffde, 0xffde, 0xffde, 0xffde, 0xffde, 0xffde, 0xffde, 0xffde, 0xffdf, 0xffdf, 0xffff, 0xffff, 0xffff, 0xffff, 0xffff, 0xffff, 
	0xffff, 0xffff, 0xffff, 0xffff, 0xffff, 0xffff, 0xffff, 0xffff, 0xffff, 0xffff, 0xffff, 0xffff, 0xffff, 0xffff, 0xffff, 0xffff, 
	0xffff, 0xffff, 0xffff, 0xffff, 0xffef, 0xdecb, 0xef23, 0xef23, 0xef24, 0xef24, 0xef24, 0xef24, 0xed06, 0xcc23, 0xdc05, 0xdc05, 
	0xdc05, 0xdc05, 0xdc05, 0xdc05, 0xdc05, 0xdc05, 0xdc05, 0xdc05, 0xdc05, 0xdc05, 0xdc05, 0xdc05, 0xdc05, 0xdc05, 0xdc05, 0xdc05, 
	0xdc05, 0xdc05, 0xcc23, 0xed07, 0xef24, 0xef24, 0xef24, 0xef24, 0xef23, 0xef23, 0xdecb, 0xffef, 0xffff, 0xffff, 0xffff, 0xffff, 
	0xffff, 0xffff, 0xffff, 0xffff, 0xffff, 0xffff, 0xffff, 0xffff, 0xffff, 0xffff, 0xffdf, 0xffdf, 0xffde, 0xffde, 0xffde, 0xffde, 
	0xffde, 0xffde, 0xffde, 0xffbd, 0xffbd, 0xffbd, 0xffbd, 0xffbd, 0xff9d, 0xff9d, 0xffbd, 0xff9d, 0xff9d, 0xff9d, 0xff9c, 0xff9c, 
	0xf79c, 0xf79c, 0xf77c, 0xf77c, 0xf77c, 0xf77c, 0xf77c, 0xf77b, 0xf77b, 0xf77b, 0xf75b, 0xf75b, 0xf75b, 0xf75b, 0xf75b, 0xf73b, 
	0xf73b, 0xf73a, 0xf73a, 0xf73a, 0xf73a, 0xf73a, 0xf73a, 0xf73a, 0xf73a, 0xf73a, 0xf719, 0xf719, 0xf719, 0xf719, 0xf6f9, 0xf6f9, 
	0xf6f9, 0xf6f9, 0xeef9, 0xeef9, 0xf6f8, 0xf6f8, 0xeef8, 0xeef8, 0xeef8, 0xeed8, 0xeed8, 0xeed8, 0xeed8, 0xeed7, 0xeed7, 0xeeb7, 
	0xeeb7, 0xeeb7, 0xeeb7, 0xeeb7, 0xeeb7, 0xee96, 0xee96, 0xee96, 0xee96, 0xee96, 0xee96, 0xee96, 0xee96, 0xee76, 0xee76, 0xee76, 
	0xeeb7, 0xeeb7, 0xeeb7, 0xeeb7, 0xeeb7, 0xeed7, 0xeed8, 0xeed8, 0xeed8, 0xeed8, 0xeed8, 0xeef8, 0xeef8, 0xeef8, 0xf6f8, 0xf6f8, 
	0xeef9, 0xeef9, 0xf6f9, 0xf6f9, 0xf6f9, 0xf719, 0xf719, 0xf719, 0xf719, 0xf73a, 0xf73a, 0xf73a, 0xf73a, 0xf73a, 0xf73a, 0xf73a, 
	0xf73a, 0xf73a, 0xf73b, 0xf73b, 0xf75b, 0xf75b, 0xf75b, 0xf75b, 0xf75b, 0xf75b, 0xf77b, 0xf77b, 0xf77b, 0xf77c, 0xf77c, 0xf77c, 
	0xf77c, 0xf79c, 0xf79c, 0xff9c, 0xf79c, 0xff9d, 0xff9d, 0xff9d, 0xff9d, 0xff9d, 0xffbd, 0xffbd, 0xffbd, 0xffbd, 0xffbd, 0xffbd, 
	0xffde, 0xffde, 0xffde, 0xffde, 0xffde, 0xffde, 0xffde, 0xffde, 0xffdf, 0xffdf, 0xffff, 0xffff, 0xffff, 0xffff, 0xffff, 0xffff, 
	0xffff, 0xffff, 0xffff, 0xffff, 0xffff, 0xffff, 0xffff, 0xffff, 0xffff, 0xffff, 0xffff, 0xffff, 0xffff, 0xffff, 0xffff, 0xffff, 
	0xffff, 0xffff, 0xffff, 0xffff, 0xffef, 0xdecb, 0xef23, 0xef23, 0xef24, 0xef04, 0xe724, 0xef44, 0xed27, 0xcc23, 0xdc06, 0xdc06, 
	0xdc05, 0xdc05, 0xdc05, 0xdc05, 0xdc06, 0xdc05, 0xdc05, 0xdc05, 0xdc05, 0xdc05, 0xdc05, 0xdc06, 0xdc05, 0xdc05, 0xdc05, 0xdc05, 
	0xdc06, 0xdc06, 0xcc23, 0xe507, 0xef24, 0xef24, 0xef04, 0xef24, 0xef23, 0xef23, 0xdecb, 0xffef, 0xffff, 0xffff, 0xffff, 0xffff, 
	0xffff, 0xffff, 0xffff, 0xffff, 0xffff, 0xffff, 0xffff, 0xffff, 0xffff, 0xffff, 0xffdf, 0xffdf, 0xffde, 0xffde, 0xffde, 0xffde, 
	0xffde, 0xffde, 0xffde, 0xffbd, 0xffbd, 0xffbd, 0xffbd, 0xffbd, 0xffbd, 0xffbd, 0xffbd, 0xff9d, 0xff9d, 0xff9d, 0xff9d, 0xff9c, 
	0xff9c, 0xf79c, 0xf77c, 0xf77c, 0xf77c, 0xf77c, 0xf77c, 0xf77b, 0xf77b, 0xf77b, 0xf75b, 0xf75b, 0xf75b, 0xf75b, 0xf75b, 0xf75b, 
	0xf73b, 0xf73a, 0xf73a, 0xf73a, 0xf73a, 0xf73a, 0xf73a, 0xf73a, 0xf73a, 0xf73a, 0xf719, 0xf719, 0xf719, 0xf719, 0xf6f9, 0xf6f9, 
	0xf6f9, 0xf6f9, 0xeef9, 0xeef9, 0xf6f8, 0xf6f8, 0xeef8, 0xeef8, 0xeef8, 0xeed8, 0xeed8, 0xeed8, 0xeed8, 0xeed7, 0xeed7, 0xeeb7, 
	0xeeb7, 0xeeb7, 0xeeb7, 0xeeb7, 0xeeb7, 0xee96, 0xee96, 0xee96, 0xee96, 0xee96, 0xee96, 0xee96, 0xee96, 0xee76, 0xee76, 0xee76, 
	0xeeb7, 0xeeb7, 0xeeb7, 0xeeb7, 0xeeb7, 0xeed7, 0xeed8, 0xeed8, 0xeed8, 0xeed8, 0xeed8, 0xeef8, 0xeef8, 0xeef8, 0xf6f8, 0xf6f8, 
	0xeef9, 0xf6f9, 0xf6f9, 0xf6f9, 0xf6f9, 0xf719, 0xf719, 0xf719, 0xf719, 0xf739, 0xf73a, 0xf73a, 0xf73a, 0xf73a, 0xf73a, 0xf73a, 
	0xf73a, 0xf73a, 0xf73b, 0xf73b, 0xf75b, 0xf75b, 0xf75b, 0xf75b, 0xf75b, 0xf75b, 0xf77b, 0xf77b, 0xf77c, 0xf77c, 0xf77c, 0xf77c, 
	0xf77c, 0xf79c, 0xf79c, 0xff9c, 0xf79c, 0xff9d, 0xff9d, 0xff9d, 0xff9d, 0xff9d, 0xffbd, 0xffbd, 0xffbd, 0xffbd, 0xffbd, 0xffbd, 
	0xffde, 0xffde, 0xffde, 0xffde, 0xffde, 0xffde, 0xffde, 0xffde, 0xffdf, 0xffff, 0xffff, 0xffff, 0xffff, 0xffff, 0xffff, 0xffff, 
	0xffff, 0xffff, 0xffff, 0xffff, 0xffff, 0xffff, 0xffff, 0xffff, 0xffff, 0xffff, 0xffff, 0xffff, 0xffff, 0xffff, 0xffff, 0xffff, 
	0xffff, 0xffff, 0xffff, 0xffff, 0xffef, 0xdecb, 0xef23, 0xef23, 0xef24, 0xef04, 0xef24, 0xef24, 0xe507, 0xcc23, 0xdbe6, 0xdbe6, 
	0xdc05, 0xdc05, 0xdc05, 0xdc05, 0xdc05, 0xdc05, 0xdc05, 0xdc05, 0xdc05, 0xdc05, 0xdc05, 0xdc05, 0xdc05, 0xdc05, 0xdc05, 0xdc05, 
	0xdc05, 0xdc05, 0xcc23, 0xed07, 0xef24, 0xef24, 0xef04, 0xef24, 0xef23, 0xef23, 0xdecb, 0xffef, 0xffff, 0xffff, 0xffff, 0xffff, 
	0xffff, 0xffff, 0xffff, 0xffff, 0xffff, 0xffff, 0xffff, 0xffff, 0xffff, 0xffff, 0xffdf, 0xffdf, 0xffde, 0xffde, 0xffde, 0xffde, 
	0xffde, 0xffde, 0xffde, 0xffde, 0xffbd, 0xffbd, 0xffbd, 0xffbd, 0xffbd, 0xffbd, 0xffbd, 0xff9d, 0xff9d, 0xff9d, 0xff9d, 0xff9c, 
	0xff9c, 0xf79c, 0xf79c, 0xf77c, 0xf77c, 0xf77c, 0xf77c, 0xf77b, 0xf77b, 0xf77b, 0xf75b, 0xf75b, 0xf75b, 0xf75b, 0xf75b, 0xf75b, 
	0xf73b, 0xf73b, 0xf73a, 0xf73a, 0xf73a, 0xf73a, 0xf73a, 0xf73a, 0xf73a, 0xf73a, 0xf719, 0xf719, 0xf719, 0xf719, 0xf6f9, 0xf6f9, 
	0xf6f9, 0xf6f9, 0xeef9, 0xeef9, 0xf6f8, 0xf6f8, 0xeef8, 0xeef8, 0xeef8, 0xeed8, 0xeed8, 0xeed8, 0xeed8, 0xeed7, 0xeed7, 0xeeb7, 
	0xeeb7, 0xeeb7, 0xeeb7, 0xeeb7, 0xeeb7, 0xee96, 0xee96, 0xee96, 0xee96, 0xee96, 0xee96, 0xee96, 0xee96, 0xee76, 0xee76, 0xee76, 
	0xeeb7, 0xeeb7, 0xeeb7, 0xeeb7, 0xeed7, 0xeed7, 0xeed8, 0xeed8, 0xeed8, 0xeed8, 0xeed8, 0xeef8, 0xeef8, 0xeef8, 0xf6f8, 0xf6f8, 
	0xeef9, 0xf6f9, 0xf6f9, 0xf6f9, 0xf6f9, 0xf719, 0xf719, 0xf719, 0xf719, 0xf73a, 0xf73a, 0xf73a, 0xf73a, 0xf73a, 0xf73a, 0xf73a, 
	0xf73a, 0xf73a, 0xf73b, 0xf73b, 0xf75b, 0xf75b, 0xf75b, 0xf75b, 0xf75b, 0xf75b, 0xf77b, 0xf77b, 0xf77c, 0xf77c, 0xf77c, 0xf77c, 
	0xf77c, 0xf79c, 0xf79c, 0xff9c, 0xf79c, 0xff9d, 0xff9d, 0xff9d, 0xff9d, 0xff9d, 0xffbd, 0xffbd, 0xffbd, 0xffbd, 0xffbd, 0xffbd, 
	0xffde, 0xffde, 0xffde, 0xffde, 0xffde, 0xffde, 0xffde, 0xffde, 0xffdf, 0xffff, 0xffff, 0xffff, 0xffff, 0xffff, 0xffff, 0xffff, 
	0xffff, 0xffff, 0xffff, 0xffff, 0xffff, 0xffff, 0xffff, 0xffff, 0xffff, 0xffff, 0xffff, 0xffff, 0xffff, 0xffff, 0xffff, 0xffff, 
	0xffff, 0xffff, 0xffff, 0xffff, 0xffef, 0xdecb, 0xef23, 0xef23, 0xef24, 0xef24, 0xef24, 0xef24, 0xed06, 0xcc23, 0xdc05, 0xdc05, 
	0xdc05, 0xdc05, 0xdc05, 0xdc05, 0xdc05, 0xdc05, 0xdc05, 0xdc05, 0xdc05, 0xdc05, 0xdc05, 0xdc05, 0xdc05, 0xdc05, 0xdc05, 0xdc05, 
	0xdc05, 0xdc05, 0xcc23, 0xed07, 0xef24, 0xef24, 0xef24, 0xef24, 0xef23, 0xef23, 0xdecb, 0xffef, 0xffff, 0xffff, 0xffff, 0xffff, 
	0xffff, 0xffff, 0xffff, 0xffff, 0xffff, 0xffff, 0xffff, 0xffff, 0xffff, 0xffff, 0xffdf, 0xffdf, 0xffde, 0xffde, 0xffde, 0xffde, 
	0xffde, 0xffde, 0xffde, 0xffde, 0xffbd, 0xffbd, 0xffbd, 0xffbd, 0xffbd, 0xffbd, 0xffbd, 0xff9d, 0xff9d, 0xff9d, 0xff9d, 0xf79c, 
	0xff9c, 0xf79c, 0xf79c, 0xf77c, 0xf77c, 0xf77c, 0xf77c, 0xf77b, 0xf77b, 0xf77b, 0xf75b, 0xf75b, 0xf75b, 0xf75b, 0xf75b, 0xf75b, 
	0xf73b, 0xf73b, 0xf73a, 0xf73a, 0xf73a, 0xf73a, 0xf73a, 0xf73a, 0xf73a, 0xf73a, 0xf73a, 0xf719, 0xf719, 0xf719, 0xf719, 0xf6f9, 
	0xf6f9, 0xf6f9, 0xeef9, 0xeef9, 0xf6f8, 0xf6f8, 0xeef8, 0xeef8, 0xeef8, 0xeed8, 0xeed8, 0xeed8, 0xeed8, 0xeed7, 0xeed7, 0xeeb7, 
	0xeeb7, 0xeeb7, 0xeeb7, 0xeeb7, 0xeeb7, 0xee96, 0xee96, 0xee96, 0xee96, 0xee96, 0xee96, 0xee96, 0xee96, 0xee96, 0xee76, 0xee76, 
	0xeeb7, 0xeeb7, 0xeeb7, 0xeeb7, 0xeed7, 0xeed7, 0xeed8, 0xeed8, 0xeed8, 0xeed8, 0xeed8, 0xeef8, 0xeef8, 0xeef8, 0xf6f8, 0xf6f8, 
	0xeef9, 0xf6f9, 0xf6f9, 0xf6f9, 0xf6f9, 0xf719, 0xf719, 0xf719, 0xf719, 0xf73a, 0xf73a, 0xf73a, 0xf73a, 0xf73a, 0xf73a, 0xf73a, 
	0xf73a, 0xf73a, 0xf73b, 0xf73b, 0xf75b, 0xf75b, 0xf75b, 0xf75b, 0xf75b, 0xf77b, 0xf77b, 0xf77b, 0xf77c, 0xf77c, 0xf77c, 0xf77c, 
	0xf77c, 0xf79c, 0xf79c, 0xff9c, 0xff9d, 0xff9d, 0xff9d, 0xff9d, 0xff9d, 0xff9d, 0xffbd, 0xffbd, 0xffbd, 0xffbd, 0xffbd, 0xffbd, 
	0xffde, 0xffde, 0xffde, 0xffde, 0xffde, 0xffde, 0xffde, 0xffdf, 0xffdf, 0xffff, 0xffff, 0xffff, 0xffff, 0xffff, 0xffff, 0xffff, 
	0xffff, 0xffff, 0xffff, 0xffff, 0xffff, 0xffff, 0xffff, 0xffff, 0xffff, 0xffff, 0xffff, 0xffff, 0xffff, 0xffff, 0xffff, 0xffff, 
	0xffff, 0xffff, 0xffff, 0xffff, 0xffef, 0xdeeb, 0xef23, 0xef23, 0xef24, 0xef04, 0xef24, 0xef24, 0xed27, 0xcc23, 0xdc06, 0xdc06, 
	0xdc06, 0xdc05, 0xdc05, 0xdc05, 0xdc06, 0xdc05, 0xdc05, 0xdc05, 0xdc05, 0xdc05, 0xdc05, 0xdc06, 0xdc05, 0xdc05, 0xdc05, 0xdc06, 
	0xdc06, 0xdc06, 0xcc23, 0xe507, 0xef24, 0xef24, 0xef04, 0xef24, 0xef23, 0xef23, 0xdeeb, 0xffef, 0xffff, 0xffff, 0xffff, 0xffff, 
	0xffff, 0xffff, 0xffff, 0xffff, 0xffff, 0xffff, 0xffff, 0xffff, 0xffff, 0xffff, 0xffff, 0xffdf, 0xffde, 0xffde, 0xffde, 0xffde, 
	0xffde, 0xffde, 0xffde, 0xffde, 0xffbd, 0xffbd, 0xffbd, 0xffbd, 0xffbd, 0xffbd, 0xff9d, 0xff9d, 0xff9d, 0xff9d, 0xff9d, 0xf79c, 
	0xff9c, 0xf79c, 0xf79c, 0xf77c, 0xf77c, 0xf77c, 0xf77c, 0xf77b, 0xf77b, 0xf77b, 0xf75b, 0xf75b, 0xf75b, 0xf75b, 0xf75b, 0xf75b, 
	0xf73b, 0xf73b, 0xf73a, 0xf73a, 0xf73a, 0xf73a, 0xf73a, 0xf73a, 0xf73a, 0xf73a, 0xf73a, 0xf719, 0xf719, 0xf719, 0xf719, 0xf6f9, 
	0xf6f9, 0xf6f9, 0xeef9, 0xeef9, 0xf6f8, 0xf6f8, 0xeef8, 0xeef8, 0xeef8, 0xeed8, 0xeed8, 0xeed8, 0xeed8, 0xeed7, 0xeed7, 0xeeb7, 
	0xeeb7, 0xeeb7, 0xeeb7, 0xeeb7, 0xeeb7, 0xee96, 0xee96, 0xee96, 0xee96, 0xee96, 0xee96, 0xee96, 0xee96, 0xee96, 0xee76, 0xee76, 
	0xeeb7, 0xeeb7, 0xeeb7, 0xeeb7, 0xeed7, 0xeed7, 0xeed8, 0xeed8, 0xeed8, 0xeed8, 0xeed8, 0xeef8, 0xeef8, 0xf6f8, 0xf6f8, 0xf6f8, 
	0xeef9, 0xf6f9, 0xf6f9, 0xf6f9, 0xf719, 0xf719, 0xf719, 0xf719, 0xf719, 0xf73a, 0xf73a, 0xf73a, 0xf73a, 0xf73a, 0xf73a, 0xf73a, 
	0xf73a, 0xf73a, 0xf73b, 0xf73b, 0xf75b, 0xf75b, 0xf75b, 0xf75b, 0xf75b, 0xf77b, 0xf77b, 0xf77b, 0xf77c, 0xf77c, 0xf77c, 0xf77c, 
	0xf77c, 0xf79c, 0xf79c, 0xff9c, 0xff9d, 0xff9d, 0xff9d, 0xff9d, 0xff9d, 0xff9d, 0xffbd, 0xffbd, 0xffbd, 0xffbd, 0xffbd, 0xffbd, 
	0xffde, 0xffde, 0xffde, 0xffde, 0xffde, 0xffde, 0xffde, 0xffdf, 0xffdf, 0xffff, 0xffff, 0xffff, 0xffff, 0xffff, 0xffff, 0xffff, 
	0xffff, 0xffff, 0xffff, 0xffff, 0xffff, 0xffff, 0xffff, 0xffff, 0xffff, 0xffff, 0xffff, 0xffff, 0xffff, 0xffff, 0xffff, 0xffff, 
	0xffff, 0xffff, 0xffff, 0xffff, 0xffef, 0xdecb, 0xef23, 0xef23, 0xef24, 0xef04, 0xef24, 0xef24, 0xed26, 0xcc43, 0xdc06, 0xdc06, 
	0xdc05, 0xdc05, 0xdc05, 0xdc05, 0xdc06, 0xd405, 0xdc05, 0xdc05, 0xdc05, 0xdc05, 0xd405, 0xdc06, 0xdc05, 0xdc05, 0xdc05, 0xdc05, 
	0xdc06, 0xdc06, 0xcc23, 0xe507, 0xef24, 0xef24, 0xef04, 0xef24, 0xef23, 0xef23, 0xdecb, 0xffef, 0xffff, 0xffff, 0xffff, 0xffff, 
	0xffff, 0xffff, 0xffff, 0xffff, 0xffff, 0xffff, 0xffff, 0xffff, 0xffff, 0xffff, 0xffff, 0xffdf, 0xffde, 0xffde, 0xffde, 0xffde, 
	0xffde, 0xffde, 0xffde, 0xffde, 0xffbd, 0xffbd, 0xffbd, 0xffbd, 0xffbd, 0xffbd, 0xffbd, 0xffbd, 0xff9d, 0xff9d, 0xff9d, 0xf79c, 
	0xff9c, 0xf79c, 0xf79c, 0xf77c, 0xf77c, 0xf77c, 0xf77c, 0xf77c, 0xf77b, 0xf77b, 0xf75b, 0xf75b, 0xf75b, 0xf75b, 0xf75b, 0xf75b, 
	0xf73b, 0xf73b, 0xf73a, 0xf73a, 0xf73a, 0xf73a, 0xf73a, 0xf73a, 0xf73a, 0xf73a, 0xf73a, 0xf719, 0xf719, 0xf719, 0xf719, 0xf6f9, 
	0xf6f9, 0xf6f9, 0xeef9, 0xeef9, 0xf6f8, 0xf6f8, 0xeef8, 0xeef8, 0xeef8, 0xeed8, 0xeed8, 0xeed8, 0xeed8, 0xeed8, 0xeed7, 0xeeb7, 
	0xeeb7, 0xeeb7, 0xeeb7, 0xeeb7, 0xeeb7, 0xee96, 0xee96, 0xee96, 0xee96, 0xee96, 0xee96, 0xee96, 0xee96, 0xee96, 0xee76, 0xee76, 
	0xeeb7, 0xeeb7, 0xeeb7, 0xeeb7, 0xeed7, 0xeed7, 0xeed8, 0xeed8, 0xeed8, 0xeed8, 0xeed8, 0xeef8, 0xeef8, 0xf6f8, 0xf6f8, 0xf6f8, 
	0xeef9, 0xf6f9, 0xf6f9, 0xf6f9, 0xf719, 0xf719, 0xf719, 0xf719, 0xf73a, 0xf73a, 0xf73a, 0xf73a, 0xf73a, 0xf73a, 0xf73a, 0xf73a, 
	0xf73a, 0xf73a, 0xf73b, 0xf73b, 0xf75b, 0xf75b, 0xf75b, 0xf75b, 0xf75b, 0xf77b, 0xf77b, 0xf77b, 0xf77c, 0xf77c, 0xf77c, 0xf77c, 
	0xf77c, 0xf79c, 0xff9c, 0xff9c, 0xff9d, 0xff9d, 0xff9d, 0xff9d, 0xff9d, 0xff9d, 0xffbd, 0xffbd, 0xffbd, 0xffbd, 0xffbd, 0xffde, 
	0xffde, 0xffde, 0xffde, 0xffde, 0xffde, 0xffde, 0xffde, 0xffdf, 0xffdf, 0xffff, 0xffff, 0xffff, 0xffff, 0xffff, 0xffff, 0xffff, 
	0xffff, 0xffff, 0xffff, 0xffff, 0xffff, 0xffff, 0xffff, 0xffff, 0xffff, 0xffff, 0xffff, 0xffff, 0xffff, 0xffff, 0xffff, 0xffff, 
	0xffff, 0xffff, 0xffff, 0xffff, 0xffef, 0xdecb, 0xef23, 0xef23, 0xef24, 0xef24, 0xef24, 0xef24, 0xed06, 0xcc23, 0xdc05, 0xdc05, 
	0xdc05, 0xdc05, 0xdc05, 0xdc05, 0xdc05, 0xdc05, 0xdc05, 0xdc05, 0xdc05, 0xdc05, 0xdc05, 0xdc05, 0xdc05, 0xdc05, 0xdc05, 0xdc05, 
	0xdbe5, 0xdbe5, 0xcc23, 0xed06, 0xef24, 0xef24, 0xef24, 0xef24, 0xef23, 0xef23, 0xdecb, 0xffef, 0xffff, 0xffff, 0xffff, 0xffff, 
	0xffff, 0xffff, 0xffff, 0xffff, 0xffff, 0xffff, 0xffff, 0xffff, 0xffff, 0xffff, 0xffff, 0xffdf, 0xffdf, 0xffde, 0xffde, 0xffde, 
	0xffde, 0xffde, 0xffde, 0xffde, 0xffbd, 0xffbd, 0xffbd, 0xffbd, 0xffbd, 0xffbd, 0xffbd, 0xffbd, 0xff9d, 0xff9d, 0xff9d, 0xf79c, 
	0xff9c, 0xf79c, 0xf79c, 0xf77c, 0xf77c, 0xf77c, 0xf77c, 0xf77c, 0xf77b, 0xf77b, 0xf75b, 0xf75b, 0xf75b, 0xf75b, 0xf75b, 0xf75b, 
	0xf73b, 0xf73b, 0xf73a, 0xf73a, 0xf73a, 0xf73a, 0xf73a, 0xf73a, 0xf73a, 0xf73a, 0xf739, 0xf719, 0xf719, 0xf719, 0xf719, 0xf6f9, 
	0xf6f9, 0xf6f9, 0xeef9, 0xeef9, 0xf6f8, 0xf6f8, 0xeef8, 0xeef8, 0xeef8, 0xeed8, 0xeed8, 0xeed8, 0xeed8, 0xeed8, 0xeed7, 0xeeb7, 
	0xeeb7, 0xeeb7, 0xeeb7, 0xeeb7, 0xeeb7, 0xee96, 0xee96, 0xee96, 0xee96, 0xee96, 0xee96, 0xee96, 0xee96, 0xee96, 0xee76, 0xee76, 
	0xeeb7, 0xeeb7, 0xeeb7, 0xeeb7, 0xeed7, 0xeed7, 0xeed8, 0xeed8, 0xeed8, 0xeed8, 0xeed8, 0xeef8, 0xeef8, 0xf6f8, 0xf6f8, 0xf6f8, 
	0xeef9, 0xf6f9, 0xf6f9, 0xf6f9, 0xf719, 0xf719, 0xf719, 0xf719, 0xf73a, 0xf73a, 0xf73a, 0xf73a, 0xf73a, 0xf73a, 0xf73a, 0xf73a, 
	0xf73a, 0xf73a, 0xf73b, 0xf73b, 0xf75b, 0xf75b, 0xf75b, 0xf75b, 0xf75b, 0xf77b, 0xf77b, 0xf77b, 0xf77c, 0xf77c, 0xf77c, 0xf77c, 
	0xf79c, 0xf79c, 0xff9c, 0xff9c, 0xff9d, 0xff9d, 0xff9d, 0xff9d, 0xff9d, 0xff9d, 0xffbd, 0xffbd, 0xffbd, 0xffbd, 0xffbd, 0xffde, 
	0xffde, 0xffde, 0xffde, 0xffde, 0xffde, 0xffde, 0xffde, 0xffdf, 0xffdf, 0xffff, 0xffff, 0xffff, 0xffff, 0xffff, 0xffff, 0xffff, 
	0xffff, 0xffff, 0xffff, 0xffff, 0xffff, 0xffff, 0xffff, 0xffff, 0xffff, 0xffff, 0xffff, 0xffff, 0xffff, 0xffff, 0xffff, 0xffff, 
	0xffff, 0xffff, 0xffff, 0xffff, 0xffef, 0xdecb, 0xef23, 0xef23, 0xef24, 0xef04, 0xef24, 0xef24, 0xed47, 0xcc63, 0xdc26, 0xdc26, 
	0xdc25, 0xd405, 0xdc05, 0xdc05, 0xdc06, 0xdc05, 0xdc05, 0xdc05, 0xdc05, 0xdc05, 0xdc05, 0xdc06, 0xdc05, 0xdc05, 0xdc05, 0xdc05, 
	0xdc26, 0xdc26, 0xcc63, 0xed26, 0xef24, 0xef24, 0xef04, 0xef24, 0xef23, 0xef23, 0xdecb, 0xffef, 0xffff, 0xffff, 0xffff, 0xffff, 
	0xffff, 0xffff, 0xffff, 0xffff, 0xffff, 0xffff, 0xffff, 0xffff, 0xffff, 0xffff, 0xffff, 0xffdf, 0xffdf, 0xffde, 0xffde, 0xffde, 
	0xffde, 0xffde, 0xffde, 0xffde, 0xffbd, 0xffbd, 0xffbd, 0xffbd, 0xffbd, 0xffbd, 0xff9d, 0xff9d, 0xff9d, 0xff9d, 0xff9d, 0xf79c, 
	0xff9c, 0xf79c, 0xf79c, 0xf77c, 0xf77c, 0xf77c, 0xf77c, 0xf77c, 0xf77b, 0xf77b, 0xf75b, 0xf75b, 0xf75b, 0xf75b, 0xf75b, 0xf75b, 
	0xf73b, 0xf73b, 0xf73a, 0xf73a, 0xf73a, 0xf73a, 0xf73a, 0xf73a, 0xf73a, 0xf73a, 0xf73a, 0xf719, 0xf719, 0xf719, 0xf719, 0xf6f9, 
	0xf6f9, 0xf6f9, 0xeef9, 0xeef9, 0xeef8, 0xeef8, 0xeef8, 0xeef8, 0xeef8, 0xeed8, 0xeed8, 0xeed8, 0xeed8, 0xeed8, 0xeed7, 0xeeb7, 
	0xeeb7, 0xeeb7, 0xeeb7, 0xeeb7, 0xeeb7, 0xee96, 0xee96, 0xee96, 0xee96, 0xee96, 0xee96, 0xee96, 0xee96, 0xee96, 0xee76, 0xee76, 
	0xeeb7, 0xeeb7, 0xeeb7, 0xeeb7, 0xeed7, 0xeed7, 0xeed8, 0xeed8, 0xeed8, 0xeed8, 0xeed8, 0xeef8, 0xeef8, 0xf6f8, 0xeef8, 0xeef8, 
	0xeef9, 0xf6f9, 0xf6f9, 0xf6f9, 0xf719, 0xf719, 0xf719, 0xf719, 0xf73a, 0xf73a, 0xf73a, 0xf73a, 0xf73a, 0xf73a, 0xf73a, 0xf73a, 
	0xf73a, 0xf73a, 0xf73b, 0xf73b, 0xf75b, 0xf75b, 0xf75b, 0xf75b, 0xf75b, 0xf77b, 0xf77b, 0xf77b, 0xf77c, 0xf77c, 0xf77c, 0xf77c, 
	0xf79c, 0xf79c, 0xff9c, 0xff9c, 0xff9d, 0xff9d, 0xff9d, 0xff9d, 0xff9d, 0xff9d, 0xffbd, 0xffbd, 0xffbd, 0xffbd, 0xffbd, 0xffde, 
	0xffde, 0xffde, 0xffde, 0xffde, 0xffde, 0xffde, 0xffde, 0xffdf, 0xffff, 0xffff, 0xffff, 0xffff, 0xffff, 0xffff, 0xffff, 0xffff, 
	0xffff, 0xffff, 0xffff, 0xffff, 0xffff, 0xffff, 0xffff, 0xffff, 0xffff, 0xffff, 0xffff, 0xffff, 0xffff, 0xffff, 0xffff, 0xffff, 
	0xffff, 0xffff, 0xffff, 0xffff, 0xffef, 0xdeeb, 0xef23, 0xef23, 0xef24, 0xef04, 0xef04, 0xef24, 0xeee5, 0xe6c4, 0xeec4, 0xeec5, 
	0xe4a6, 0xd424, 0xdc06, 0xdc06, 0xdc06, 0xdc05, 0xdc05, 0xdc05, 0xdc05, 0xdc05, 0xdc05, 0xdc06, 0xdc06, 0xdc06, 0xd424, 0xe4a6, 
	0xeec5, 0xeec5, 0xe6c4, 0xeee5, 0xef24, 0xef04, 0xef04, 0xef24, 0xef23, 0xef23, 0xdeeb, 0xffef, 0xffff, 0xffff, 0xffff, 0xffff, 
	0xffff, 0xffff, 0xffff, 0xffff, 0xffff, 0xffff, 0xffff, 0xffff, 0xffff, 0xffff, 0xffff, 0xffdf, 0xffdf, 0xffde, 0xffde, 0xffde, 
	0xffde, 0xffde, 0xffde, 0xffde, 0xffbd, 0xffbd, 0xffbd, 0xffbd, 0xffbd, 0xffbd, 0xff9d, 0xff9d, 0xff9d, 0xff9d, 0xff9d, 0xf79c, 
	0xff9c, 0xf79c, 0xf79c, 0xf77c, 0xf77c, 0xf77c, 0xf77c, 0xf77c, 0xf77b, 0xf77b, 0xf75b, 0xf75b, 0xf75b, 0xf75b, 0xf75b, 0xf75b, 
	0xf73b, 0xf73b, 0xf73a, 0xf73a, 0xf73a, 0xf73a, 0xf73a, 0xf73a, 0xf73a, 0xf73a, 0xf73a, 0xf719, 0xf719, 0xf719, 0xf719, 0xf6f9, 
	0xf6f9, 0xf6f9, 0xf6f9, 0xeef9, 0xeef8, 0xeef8, 0xeef8, 0xeef8, 0xeef8, 0xeed8, 0xeed8, 0xeed8, 0xeed8, 0xeed8, 0xeed7, 0xeeb7, 
	0xeeb7, 0xeeb7, 0xeeb7, 0xeeb7, 0xeeb7, 0xee96, 0xee96, 0xee96, 0xee96, 0xee96, 0xee96, 0xee96, 0xee96, 0xee96, 0xee76, 0xee76, 
	0xeeb7, 0xeeb7, 0xeeb7, 0xeeb7, 0xeed7, 0xeed7, 0xeed8, 0xeed8, 0xeed8, 0xeed8, 0xeed8, 0xeef8, 0xeef8, 0xf6f8, 0xeef8, 0xeef8, 
	0xeef9, 0xf6f9, 0xf6f9, 0xf6f9, 0xf719, 0xf719, 0xf719, 0xf719, 0xf73a, 0xf73a, 0xf73a, 0xf73a, 0xf73a, 0xf73a, 0xf73a, 0xf73a, 
	0xf73a, 0xf73a, 0xf73b, 0xf73b, 0xf75b, 0xf75b, 0xf75b, 0xf75b, 0xf77b, 0xf77b, 0xf77b, 0xf77b, 0xf77c, 0xf77c, 0xf77c, 0xf77c, 
	0xf79c, 0xf79c, 0xff9c, 0xff9c, 0xff9d, 0xff9d, 0xff9d, 0xff9d, 0xff9d, 0xff9d, 0xffbd, 0xffbd, 0xffbd, 0xffbd, 0xffbd, 0xffde, 
	0xffde, 0xffde, 0xffde, 0xffde, 0xffde, 0xffde, 0xffde, 0xffdf, 0xffff, 0xffff, 0xffff, 0xffff, 0xffff, 0xffff, 0xffff, 0xffff, 
	0xffff, 0xffff, 0xffff, 0xffff, 0xffff, 0xffff, 0xffff, 0xffff, 0xffff, 0xffff, 0xffff, 0xffff, 0xffff, 0xffff, 0xffff, 0xffff, 
	0xffff, 0xffff, 0xffff, 0xffff, 0xffef, 0xdecb, 0xef23, 0xef23, 0xef24, 0xef24, 0xef24, 0xef24, 0xef24, 0xef24, 0xef24, 0xef24, 
	0xe4c6, 0xcc23, 0xdc05, 0xdc05, 0xdc05, 0xdc05, 0xdc05, 0xdc05, 0xdc05, 0xdc05, 0xdc05, 0xdc05, 0xdc05, 0xdc05, 0xcc23, 0xe4c6, 
	0xef24, 0xef24, 0xef24, 0xef24, 0xef24, 0xef24, 0xef24, 0xef24, 0xef23, 0xef23, 0xdecb, 0xffef, 0xffff, 0xffff, 0xffff, 0xffff, 
	0xffff, 0xffff, 0xffff, 0xffff, 0xffff, 0xffff, 0xffff, 0xffff, 0xffff, 0xffff, 0xffff, 0xffdf, 0xffdf, 0xffde, 0xffde, 0xffde, 
	0xffde, 0xffde, 0xffde, 0xffde, 0xffbd, 0xffbd, 0xffbd, 0xffbd, 0xffbd, 0xffbd, 0xff9d, 0xff9d, 0xff9d, 0xff9d, 0xff9d, 0xf79c, 
	0xff9c, 0xf79c, 0xf79c, 0xf77c, 0xf77c, 0xf77c, 0xf77c, 0xf77c, 0xf77b, 0xf77b, 0xf75b, 0xf75b, 0xf75b, 0xf75b, 0xf75b, 0xf75b, 
	0xf73b, 0xf73b, 0xf73a, 0xf73a, 0xf73a, 0xf73a, 0xf73a, 0xf73a, 0xf73a, 0xf73a, 0xf73a, 0xf719, 0xf719, 0xf719, 0xf719, 0xf6f9, 
	0xf6f9, 0xf6f9, 0xf6f9, 0xeef9, 0xeef8, 0xeef8, 0xeef8, 0xeef8, 0xeef8, 0xeed8, 0xeed8, 0xeed8, 0xeed8, 0xeed8, 0xeed7, 0xeeb7, 
	0xeeb7, 0xeeb7, 0xeeb7, 0xeeb7, 0xeeb7, 0xee96, 0xee96, 0xee96, 0xee96, 0xee96, 0xee96, 0xee96, 0xee96, 0xee96, 0xee76, 0xee76, 
	0xeeb7, 0xeeb7, 0xeeb7, 0xeeb7, 0xeed7, 0xeed7, 0xeed8, 0xeed8, 0xeed8, 0xeed8, 0xeed8, 0xeef8, 0xeef8, 0xf6f8, 0xeef8, 0xeef9, 
	0xeef9, 0xf6f9, 0xf6f9, 0xf6f9, 0xf719, 0xf719, 0xf719, 0xf719, 0xf73a, 0xf73a, 0xf73a, 0xf73a, 0xf73a, 0xf73a, 0xf73a, 0xf73a, 
	0xf73a, 0xf73a, 0xf73b, 0xf75b, 0xf75b, 0xf75b, 0xf75b, 0xf75b, 0xf77b, 0xf77b, 0xf77b, 0xf77b, 0xf77c, 0xf77c, 0xf77c, 0xf77c, 
	0xf79c, 0xf79c, 0xff9c, 0xff9c, 0xff9d, 0xff9d, 0xff9d, 0xff9d, 0xff9d, 0xff9d, 0xffbd, 0xffbd, 0xffbd, 0xffbd, 0xffbd, 0xffde, 
	0xffde, 0xffde, 0xffde, 0xffde, 0xffde, 0xffde, 0xffde, 0xffdf, 0xffff, 0xffff, 0xffff, 0xffff, 0xffff, 0xffff, 0xffff, 0xffff, 
	0xffff, 0xffff, 0xffff, 0xffff, 0xffff, 0xffff, 0xffff, 0xffff, 0xffff, 0xffff, 0xffff, 0xffff, 0xffff, 0xffff, 0xffff, 0xffff, 
	0xffff, 0xffff, 0xffff, 0xffff, 0xffef, 0xdecb, 0xef23, 0xef23, 0xef24, 0xef04, 0xef24, 0xef24, 0xef24, 0xef24, 0xef04, 0xef24, 
	0xe4c6, 0xcc24, 0xdbe6, 0xdc06, 0xdc05, 0xdc05, 0xdc05, 0xdc05, 0xdc05, 0xdc05, 0xdc05, 0xdc05, 0xdc05, 0xdc05, 0xcc24, 0xe4c6, 
	0xef24, 0xef04, 0xef24, 0xef24, 0xef24, 0xef24, 0xef04, 0xef24, 0xef23, 0xef23, 0xdecb, 0xffef, 0xffff, 0xffff, 0xffff, 0xffff, 
	0xffff, 0xffff, 0xffff, 0xffff, 0xffff, 0xffff, 0xffff, 0xffff, 0xffff, 0xffff, 0xffff, 0xffdf, 0xffdf, 0xffde, 0xffde, 0xffde, 
	0xffde, 0xffde, 0xffde, 0xffde, 0xffbd, 0xffbd, 0xffbd, 0xffbd, 0xffbd, 0xffbd, 0xff9d, 0xff9d, 0xff9d, 0xff9d, 0xff9d, 0xff9d, 
	0xff9c, 0xf79c, 0xf79c, 0xf77c, 0xf77c, 0xf77c, 0xf77c, 0xf77c, 0xf77b, 0xf77b, 0xf75b, 0xf75b, 0xf75b, 0xf75b, 0xf75b, 0xf75b, 
	0xf73b, 0xf73b, 0xf73a, 0xf73a, 0xf73a, 0xf73a, 0xf73a, 0xf73a, 0xf73a, 0xf73a, 0xf73a, 0xf719, 0xf719, 0xf719, 0xf719, 0xf6f9, 
	0xf6f9, 0xf6f9, 0xf6f9, 0xeef9, 0xeef8, 0xeef8, 0xeef8, 0xeef8, 0xeef8, 0xeed8, 0xeed8, 0xeed8, 0xeed8, 0xeed8, 0xeed7, 0xeeb7, 
	0xeeb7, 0xeeb7, 0xeeb7, 0xeeb7, 0xeeb7, 0xee96, 0xee96, 0xee96, 0xee96, 0xee96, 0xee96, 0xee96, 0xee96, 0xee96, 0xee76, 0xee76, 
	0xeeb7, 0xeeb7, 0xeeb7, 0xeeb7, 0xeed7, 0xeed7, 0xeed8, 0xeed8, 0xeed8, 0xeed8, 0xeed8, 0xeef8, 0xeef8, 0xf6f8, 0xeef8, 0xeef8, 
	0xeef9, 0xf6f9, 0xf6f9, 0xf6f9, 0xf719, 0xf719, 0xf719, 0xf719, 0xf73a, 0xf73a, 0xf73a, 0xf73a, 0xf73a, 0xf73a, 0xf73a, 0xf73a, 
	0xf73a, 0xf73a, 0xf73b, 0xf75b, 0xf75b, 0xf75b, 0xf75b, 0xf75b, 0xf77b, 0xf77b, 0xf77b, 0xf77b, 0xf77c, 0xf77c, 0xf77c, 0xf77c, 
	0xf79c, 0xf79c, 0xff9c, 0xff9c, 0xff9d, 0xff9d, 0xff9d, 0xff9d, 0xff9d, 0xff9d, 0xffbd, 0xffbd, 0xffbd, 0xffbd, 0xffbd, 0xffde, 
	0xffde, 0xffde, 0xffde, 0xffde, 0xffde, 0xffde, 0xffde, 0xffdf, 0xffff, 0xffff, 0xffff, 0xffff, 0xffff, 0xffff, 0xffff, 0xffff, 
	0xffff, 0xffff, 0xffff, 0xffff, 0xffff, 0xffff, 0xffff, 0xffff, 0xffff, 0xffff, 0xffff, 0xffff, 0xffff, 0xffff, 0xffff, 0xffff, 
	0xffff, 0xffff, 0xffff, 0xffff, 0xffef, 0xdecb, 0xef23, 0xef23, 0xef24, 0xef04, 0xef04, 0xef04, 0xef24, 0xef04, 0xef04, 0xef24, 
	0xe565, 0xd4e4, 0xdcc5, 0xdcc5, 0xdc25, 0xd405, 0xdc05, 0xdc05, 0xdc05, 0xdc05, 0xd405, 0xdc05, 0xdc25, 0xdc05, 0xcc44, 0xe4c6, 
	0xef24, 0xef04, 0xef04, 0xef24, 0xef04, 0xef04, 0xef04, 0xef24, 0xef23, 0xef23, 0xdecb, 0xffef, 0xffff, 0xffff, 0xffff, 0xffff, 
	0xffff, 0xffff, 0xffff, 0xffff, 0xffff, 0xffff, 0xffff, 0xffff, 0xffff, 0xffff, 0xffff, 0xffdf, 0xffdf, 0xffde, 0xffde, 0xffde, 
	0xffde, 0xffde, 0xffde, 0xffde, 0xffbd, 0xffbd, 0xffbd, 0xffbd, 0xffbd, 0xffbd, 0xff9d, 0xff9d, 0xff9d, 0xff9d, 0xff9d, 0xf79c, 
	0xff9c, 0xf79c, 0xf79c, 0xf77c, 0xf77c, 0xf77c, 0xf77c, 0xf77c, 0xf77b, 0xf77b, 0xf75b, 0xf75b, 0xf75b, 0xf75b, 0xf75b, 0xf75b, 
	0xf73b, 0xf73b, 0xf73a, 0xf73a, 0xf73a, 0xf73a, 0xf73a, 0xf73a, 0xf73a, 0xf73a, 0xf73a, 0xf719, 0xf719, 0xf719, 0xf719, 0xf6f9, 
	0xf6f9, 0xf6f9, 0xf6f9, 0xeef9, 0xeef8, 0xeef8, 0xeef8, 0xeef8, 0xeef8, 0xeed8, 0xeed8, 0xeed8, 0xeed8, 0xeed8, 0xeed7, 0xeeb7, 
	0xeeb7, 0xeeb7, 0xeeb7, 0xeeb7, 0xeeb7, 0xee96, 0xee96, 0xee96, 0xee96, 0xee96, 0xee96, 0xee96, 0xee96, 0xee96, 0xee76, 0xee76, 
	0xeeb7, 0xeeb7, 0xeeb7, 0xeeb7, 0xeed7, 0xeed7, 0xeed8, 0xeed8, 0xeed8, 0xeed8, 0xeed8, 0xeef8, 0xeef8, 0xf6f8, 0xeef8, 0xeef8, 
	0xeef9, 0xf6f9, 0xf6f9, 0xf6f9, 0xf719, 0xf719, 0xf719, 0xf719, 0xf73a, 0xf73a, 0xf73a, 0xf73a, 0xf73a, 0xf73a, 0xf73a, 0xf73a, 
	0xf73a, 0xf73a, 0xf73b, 0xf73b, 0xf75b, 0xf75b, 0xf75b, 0xf75b, 0xf77b, 0xf77b, 0xf77b, 0xf77b, 0xf77c, 0xf77c, 0xf77c, 0xf77c, 
	0xf79c, 0xf79c, 0xff9c, 0xff9c, 0xff9d, 0xff9d, 0xff9d, 0xff9d, 0xff9d, 0xff9d, 0xffbd, 0xffbd, 0xffbd, 0xffbd, 0xffbd, 0xffde, 
	0xffde, 0xffde, 0xffde, 0xffde, 0xffde, 0xffde, 0xffde, 0xffdf, 0xffff, 0xffff, 0xffff, 0xffff, 0xffff, 0xffff, 0xffff, 0xffff, 
	0xffff, 0xffff, 0xffff, 0xffff, 0xffff, 0xffff, 0xffff, 0xffff, 0xffff, 0xffff, 0xffff, 0xffff, 0xffff, 0xffff, 0xffff, 0xffff, 
	0xffff, 0xffff, 0xffff, 0xffff, 0xffef, 0xdecb, 0xef23, 0xef23, 0xef24, 0xef24, 0xef24, 0xef24, 0xef24, 0xef24, 0xef24, 0xef24, 
	0xe585, 0xd503, 0xe4e5, 0xe4e5, 0xdc25, 0xd405, 0xdc05, 0xdc05, 0xdc05, 0xdc05, 0xdc05, 0xdc05, 0xdc25, 0xdc05, 0xd443, 0xe4c6, 
	0xef24, 0xef04, 0xef24, 0xef24, 0xef24, 0xef24, 0xef24, 0xef24, 0xef23, 0xef23, 0xdecb, 0xffef, 0xffff, 0xffff, 0xffff, 0xffff, 
	0xffff, 0xffff, 0xffff, 0xffff, 0xffff, 0xffff, 0xffff, 0xffff, 0xffff, 0xffff, 0xffff, 0xffdf, 0xffdf, 0xffde, 0xffde, 0xffde, 
	0xffde, 0xffde, 0xffde, 0xffde, 0xffbd, 0xffbd, 0xffbd, 0xffbd, 0xffbd, 0xffbd, 0xff9d, 0xff9d, 0xff9d, 0xff9d, 0xff9d, 0xf79c, 
	0xff9c, 0xf79c, 0xf79c, 0xf77c, 0xf77c, 0xf77c, 0xf77c, 0xf77c, 0xf77b, 0xf77b, 0xf75b, 0xf75b, 0xf75b, 0xf75b, 0xf75b, 0xf75b, 
	0xf73b, 0xf73b, 0xf73a, 0xf73a, 0xf73a, 0xf73a, 0xf73a, 0xf73a, 0xf73a, 0xf73a, 0xf73a, 0xf719, 0xf719, 0xf719, 0xf719, 0xf6f9, 
	0xf6f9, 0xf6f9, 0xf6f9, 0xeef9, 0xeef8, 0xeef8, 0xeef8, 0xeef8, 0xeef8, 0xeed8, 0xeed8, 0xeed8, 0xeed8, 0xeed8, 0xeed7, 0xeeb7, 
	0xeeb7, 0xeeb7, 0xeeb7, 0xeeb7, 0xeeb7, 0xee96, 0xee96, 0xee96, 0xee96, 0xee96, 0xee96, 0xee96, 0xee96, 0xee96, 0xee76, 0xee76, 
	0xeeb7, 0xeeb7, 0xeeb7, 0xeeb7, 0xeed7, 0xeed7, 0xeed8, 0xeed8, 0xeed8, 0xeed8, 0xeed8, 0xeef8, 0xeef8, 0xf6f8, 0xf6f8, 0xf6f8, 
	0xeef9, 0xf6f9, 0xf6f9, 0xf6f9, 0xf719, 0xf719, 0xf719, 0xf719, 0xf73a, 0xf73a, 0xf73a, 0xf73a, 0xf73a, 0xf73a, 0xf73a, 0xf73a, 
	0xf73a, 0xf73a, 0xf73b, 0xf73b, 0xf75b, 0xf75b, 0xf75b, 0xf75b, 0xf75b, 0xf77b, 0xf77b, 0xf77b, 0xf77c, 0xf77c, 0xf77c, 0xf77c, 
	0xf79c, 0xf79c, 0xff9c, 0xff9c, 0xff9d, 0xff9d, 0xff9d, 0xff9d, 0xff9d, 0xff9d, 0xffbd, 0xffbd, 0xffbd, 0xffbd, 0xffbd, 0xffde, 
	0xffde, 0xffde, 0xffde, 0xffde, 0xffde, 0xffde, 0xffde, 0xffdf, 0xffdf, 0xffff, 0xffff, 0xffff, 0xffff, 0xffff, 0xffff, 0xffff, 
	0xffff, 0xffff, 0xffff, 0xffff, 0xffff, 0xffff, 0xffff, 0xffff, 0xffff, 0xffff, 0xffff, 0xffff, 0xffff, 0xffff, 0xffff, 0xffff, 
	0xffff, 0xffff, 0xffff, 0xffff, 0xffef, 0xdeca, 0xef22, 0xef22, 0xe704, 0xef24, 0xef24, 0xef24, 0xef24, 0xef24, 0xef24, 0xef24, 
	0xe565, 0xd503, 0xdcc5, 0xdce5, 0xdc25, 0xd405, 0xd405, 0xdc05, 0xdc05, 0xdc05, 0xdc05, 0xdc05, 0xdc05, 0xdc05, 0xcc03, 0xe4a6, 
	0xef24, 0xef04, 0xef24, 0xef24, 0xef24, 0xef24, 0xef24, 0xef24, 0xef23, 0xef23, 0xdeeb, 0xffef, 0xffff, 0xffff, 0xffff, 0xffff, 
	0xffff, 0xffff, 0xffff, 0xffff, 0xffff, 0xffff, 0xffff, 0xffff, 0xffff, 0xffff, 0xffff, 0xffdf, 0xffdf, 0xffde, 0xffde, 0xffde, 
	0xffde, 0xffde, 0xffde, 0xffde, 0xffbd, 0xffbd, 0xffbd, 0xffbd, 0xffbd, 0xffbd, 0xff9d, 0xff9d, 0xff9d, 0xff9d, 0xff9d, 0xf79c, 
	0xff9c, 0xf79c, 0xf79c, 0xf77c, 0xf77c, 0xf77c, 0xf77c, 0xf77c, 0xf77b, 0xf77b, 0xf75b, 0xf75b, 0xf75b, 0xf75b, 0xf75b, 0xf75b, 
	0xf73b, 0xf73b, 0xf73a, 0xf73a, 0xf73a, 0xf73a, 0xf73a, 0xf73a, 0xf73a, 0xf73a, 0xf73a, 0xf719, 0xf719, 0xf719, 0xf719, 0xf6f9, 
	0xf6f9, 0xf6f9, 0xf6f9, 0xeef9, 0xeef8, 0xeef8, 0xeef8, 0xeef8, 0xeef8, 0xeed8, 0xeed8, 0xeed8, 0xeed8, 0xeed8, 0xeed7, 0xeeb7, 
	0xeeb7, 0xeeb7, 0xeeb7, 0xeeb7, 0xeeb7, 0xee96, 0xee96, 0xee96, 0xee96, 0xee96, 0xee96, 0xee96, 0xee96, 0xee96, 0xee76, 0xee76, 
	0xeeb7, 0xeeb7, 0xeeb7, 0xeeb7, 0xeed7, 0xeed7, 0xeed8, 0xeed8, 0xeed8, 0xeed8, 0xeed8, 0xeef8, 0xeef8, 0xf6f8, 0xf6f8, 0xf6f8, 
	0xeef9, 0xf6f9, 0xf6f9, 0xf6f9, 0xf719, 0xf719, 0xf719, 0xf719, 0xf73a, 0xf73a, 0xf73a, 0xf73a, 0xf73a, 0xf73a, 0xf73a, 0xf73a, 
	0xf73a, 0xf73a, 0xf73b, 0xf73b, 0xf75b, 0xf75b, 0xf75b, 0xf75b, 0xf75b, 0xf77b, 0xf77b, 0xf77b, 0xf77c, 0xf77c, 0xf77c, 0xf77c, 
	0xf77c, 0xf79c, 0xff9c, 0xff9c, 0xff9d, 0xff9d, 0xff9d, 0xff9d, 0xff9d, 0xff9d, 0xffbd, 0xffbd, 0xffbd, 0xffbd, 0xffbd, 0xffde, 
	0xffde, 0xffde, 0xffde, 0xffde, 0xffde, 0xffde, 0xffde, 0xffdf, 0xffdf, 0xffff, 0xffff, 0xffff, 0xffff, 0xffff, 0xffff, 0xffff, 
	0xffff, 0xffff, 0xffff, 0xffff, 0xffff, 0xffff, 0xffff, 0xffff, 0xffff, 0xffff, 0xffff, 0xffff, 0xffff, 0xffff, 0xffff, 0xffff, 
	0xffff, 0xffff, 0xffff, 0xffff, 0xfffa, 0xf799, 0xf7b6, 0xffb7, 0xf78a, 0xe6e8, 0xef24, 0xef24, 0xef24, 0xef24, 0xef24, 0xef24, 
	0xe685, 0xe664, 0xe665, 0xe665, 0xe4c5, 0xd484, 0xdc85, 0xdc65, 0xdc05, 0xdc05, 0xd424, 0xdc65, 0xe605, 0xe605, 0xe624, 0xe665, 
	0xef24, 0xef24, 0xef24, 0xef24, 0xef24, 0xef24, 0xe705, 0xef46, 0xef48, 0xef48, 0xe70f, 0xfff2, 0xffff, 0xffff, 0xffff, 0xffff, 
	0xffff, 0xffff, 0xffff, 0xffff, 0xffff, 0xffff, 0xffff, 0xffff, 0xffff, 0xffff, 0xffff, 0xffdf, 0xffde, 0xffde, 0xffde, 0xffde, 
	0xffde, 0xffde, 0xffde, 0xffde, 0xffbd, 0xffbd, 0xffbd, 0xffbd, 0xffbd, 0xffbd, 0xff9d, 0xff9d, 0xff9d, 0xff9d, 0xff9d, 0xf79c, 
	0xff9c, 0xf79c, 0xf79c, 0xf77c, 0xf77c, 0xf77c, 0xf77c, 0xf77c, 0xf77b, 0xf77b, 0xf75b, 0xf75b, 0xf75b, 0xf75b, 0xf75b, 0xf75b, 
	0xf73b, 0xf73b, 0xf73a, 0xf73a, 0xf73a, 0xf73a, 0xf73a, 0xf73a, 0xf73a, 0xf73a, 0xf73a, 0xf719, 0xf719, 0xf719, 0xf719, 0xf6f9, 
	0xf6f9, 0xf6f9, 0xeef9, 0xeef9, 0xeef8, 0xeef8, 0xeef8, 0xeef8, 0xeef8, 0xeed8, 0xeed8, 0xeed8, 0xeed8, 0xeed8, 0xeed7, 0xeeb7, 
	0xeeb7, 0xeeb7, 0xeeb7, 0xeeb7, 0xeeb7, 0xee96, 0xee96, 0xee96, 0xee96, 0xee96, 0xee96, 0xee96, 0xee96, 0xee96, 0xee76, 0xee76, 
	0xeeb7, 0xeeb7, 0xeeb7, 0xeeb7, 0xeed7, 0xeed7, 0xeed8, 0xeed8, 0xeed8, 0xeed8, 0xeed8, 0xeef8, 0xeef8, 0xf6f8, 0xf6f8, 0xf6f8, 
	0xeef9, 0xf6f9, 0xf6f9, 0xf6f9, 0xf719, 0xf719, 0xf719, 0xf719, 0xf719, 0xf73a, 0xf73a, 0xf73a, 0xf73a, 0xf73a, 0xf73a, 0xf73a, 
	0xf73a, 0xf73a, 0xf73b, 0xf73b, 0xf75b, 0xf75b, 0xf75b, 0xf75b, 0xf75b, 0xf77b, 0xf77b, 0xf77b, 0xf77c, 0xf77c, 0xf77c, 0xf77c, 
	0xf77c, 0xf79c, 0xff9c, 0xff9c, 0xff9d, 0xff9d, 0xff9d, 0xff9d, 0xff9d, 0xff9d, 0xffbd, 0xffbd, 0xffbd, 0xffbd, 0xffbd, 0xffde, 
	0xffde, 0xffde, 0xffde, 0xffde, 0xffde, 0xffde, 0xffde, 0xffdf, 0xffdf, 0xffff, 0xffff, 0xffff, 0xffff, 0xffff, 0xffff, 0xffff, 
	0xffff, 0xffff, 0xffff, 0xffff, 0xffff, 0xffff, 0xffff, 0xffff, 0xffff, 0xffff, 0xffff, 0xffff, 0xffff, 0xffff, 0xffff, 0xffff, 
	0xffff, 0xffff, 0xffff, 0xffff, 0xffff, 0xffff, 0xffff, 0xffff, 0xffce, 0xdeea, 0xef23, 0xef23, 0xef24, 0xef24, 0xef24, 0xef24, 
	0xef24, 0xef24, 0xef24, 0xef24, 0xe525, 0xd4c4, 0xdca5, 0xdca5, 0xdc05, 0xdc05, 0xd424, 0xdc85, 0xef24, 0xef24, 0xef44, 0xef44, 
	0xef24, 0xef24, 0xef24, 0xef24, 0xef24, 0xef24, 0xe706, 0xef47, 0xef6b, 0xef4b, 0xe731, 0xfff4, 0xffff, 0xffff, 0xffff, 0xffff, 
	0xffff, 0xffff, 0xffff, 0xffff, 0xffff, 0xffff, 0xffff, 0xffff, 0xffff, 0xffff, 0xffff, 0xffdf, 0xffde, 0xffde, 0xffde, 0xffde, 
	0xffde, 0xffde, 0xffde, 0xffde, 0xffbd, 0xffbd, 0xffbd, 0xffbd, 0xffbd, 0xffbd, 0xffbd, 0xffbd, 0xff9d, 0xff9d, 0xff9d, 0xf79c, 
	0xff9c, 0xf79c, 0xf79c, 0xf77c, 0xf77c, 0xf77c, 0xf77c, 0xf77c, 0xf77b, 0xf77b, 0xf75b, 0xf75b, 0xf75b, 0xf75b, 0xf75b, 0xf75b, 
	0xf73b, 0xf73b, 0xf73a, 0xf73a, 0xf73a, 0xf73a, 0xf73a, 0xf73a, 0xf73a, 0xf73a, 0xf73a, 0xf719, 0xf719, 0xf719, 0xf719, 0xf6f9, 
	0xf6f9, 0xf6f9, 0xeef9, 0xeef9, 0xf6f8, 0xf6f8, 0xeef8, 0xeef8, 0xeef8, 0xeed8, 0xeed8, 0xeed8, 0xeed8, 0xeed8, 0xeed7, 0xeeb7, 
	0xeeb7, 0xeeb7, 0xeeb7, 0xeeb7, 0xeeb7, 0xee96, 0xee96, 0xee96, 0xee96, 0xee96, 0xee96, 0xee96, 0xee96, 0xee96, 0xee76, 0xee76, 
	0xeeb7, 0xeeb7, 0xeeb7, 0xeeb7, 0xeed7, 0xeed7, 0xeed8, 0xeed8, 0xeed8, 0xeed8, 0xeed8, 0xeef8, 0xeef8, 0xf6f8, 0xf6f8, 0xf6f8, 
	0xeef9, 0xf6f9, 0xf6f9, 0xf6f9, 0xf6f9, 0xf719, 0xf719, 0xf719, 0xf719, 0xf73a, 0xf73a, 0xf73a, 0xf73a, 0xf73a, 0xf73a, 0xf73a, 
	0xf73a, 0xf73a, 0xf73b, 0xf73b, 0xf75b, 0xf75b, 0xf75b, 0xf75b, 0xf75b, 0xf77b, 0xf77b, 0xf77b, 0xf77c, 0xf77c, 0xf77c, 0xf77c, 
	0xf77c, 0xf79c, 0xf79c, 0xff9c, 0xff9d, 0xff9d, 0xff9d, 0xff9d, 0xff9d, 0xff9d, 0xffbd, 0xffbd, 0xffbd, 0xffbd, 0xffbd, 0xffbd, 
	0xffde, 0xffde, 0xffde, 0xffde, 0xffde, 0xffde, 0xffde, 0xffdf, 0xffdf, 0xffff, 0xffff, 0xffff, 0xffff, 0xffff, 0xffff, 0xffff, 
	0xffff, 0xffff, 0xffff, 0xffff, 0xffff, 0xffff, 0xffff, 0xffff, 0xffff, 0xffff, 0xffff, 0xffff, 0xffff, 0xffff, 0xffff, 0xffff, 
	0xffff, 0xffff, 0xffff, 0xffff, 0xffff, 0xffff, 0xffff, 0xffff, 0xffcd, 0xdeea, 0xef23, 0xef23, 0xef24, 0xef24, 0xef24, 0xef24, 
	0xef24, 0xef24, 0xef04, 0xef04, 0xe505, 0xd4a4, 0xdc85, 0xdc85, 0xdbe5, 0xdbe5, 0xd404, 0xdc66, 0xef04, 0xef04, 0xef24, 0xef24, 
	0xef24, 0xef24, 0xef24, 0xef24, 0xef24, 0xef24, 0xe706, 0xef46, 0xef4a, 0xef4a, 0xe710, 0xfff3, 0xffff, 0xffff, 0xffff, 0xffff, 
	0xffff, 0xffff, 0xffff, 0xffff, 0xffff, 0xffff, 0xffff, 0xffff, 0xffff, 0xffff, 0xffff, 0xffdf, 0xffde, 0xffde, 0xffde, 0xffde, 
	0xffde, 0xffde, 0xffde, 0xffde, 0xffbd, 0xffbd, 0xffbd, 0xffbd, 0xffbd, 0xffbd, 0xff9d, 0xff9d, 0xff9d, 0xff9d, 0xff9d, 0xf79c, 
	0xff9c, 0xf79c, 0xf79c, 0xf77c, 0xf77c, 0xf77c, 0xf77c, 0xf77b, 0xf77b, 0xf77b, 0xf75b, 0xf75b, 0xf75b, 0xf75b, 0xf75b, 0xf75b, 
	0xf73b, 0xf73b, 0xf73a, 0xf73a, 0xf73a, 0xf73a, 0xf73a, 0xf73a, 0xf73a, 0xf73a, 0xf73a, 0xf719, 0xf719, 0xf719, 0xf719, 0xf6f9, 
	0xf6f9, 0xf6f9, 0xeef9, 0xeef9, 0xf6f8, 0xf6f8, 0xeef8, 0xeef8, 0xeef8, 0xeed8, 0xeed8, 0xeed8, 0xeed8, 0xeed8, 0xeed7, 0xeeb7, 
	0xeeb7, 0xeeb7, 0xeeb7, 0xeeb7, 0xeeb7, 0xee96, 0xee96, 0xee96, 0xee96, 0xee96, 0xee96, 0xee96, 0xee96, 0xee96, 0xee76, 0xee76, 
	0xeeb7, 0xeeb7, 0xeeb7, 0xeeb7, 0xeed7, 0xeed7, 0xeed8, 0xeed8, 0xeed8, 0xeed8, 0xeed8, 0xeef8, 0xeef8, 0xeef8, 0xf6f8, 0xf6f8, 
	0xeef9, 0xf6f9, 0xf6f9, 0xf6f9, 0xf6f9, 0xf719, 0xf719, 0xf719, 0xf719, 0xf73a, 0xf73a, 0xf73a, 0xf73a, 0xf73a, 0xf73a, 0xf73a, 
	0xf73a, 0xf73a, 0xf73b, 0xf73b, 0xf75b, 0xf75b, 0xf75b, 0xf75b, 0xf75b, 0xf77b, 0xf77b, 0xf77b, 0xf77c, 0xf77c, 0xf77c, 0xf77c, 
	0xf77c, 0xf79c, 0xf79c, 0xff9c, 0xf79c, 0xff9d, 0xff9d, 0xff9d, 0xff9d, 0xff9d, 0xffbd, 0xffbd, 0xffbd, 0xffbd, 0xffbd, 0xffbd, 
	0xffde, 0xffde, 0xffde, 0xffde, 0xffde, 0xffde, 0xffde, 0xffde, 0xffdf, 0xffff, 0xffff, 0xffff, 0xffff, 0xffff, 0xffff, 0xffff, 
	0xffff, 0xffff, 0xffff, 0xffff, 0xffff, 0xffff, 0xffff, 0xffff, 0xffff, 0xffff, 0xffff, 0xffff, 0xffff, 0xffff, 0xffff, 0xffff, 
	0xffff, 0xffff, 0xffff, 0xffff, 0xffff, 0xffff, 0xffff, 0xffff, 0xffcd, 0xdeea, 0xef23, 0xef23, 0xef24, 0xef04, 0xef04, 0xef04, 
	0xef24, 0xef04, 0xef04, 0xef04, 0xe625, 0xde04, 0xe5e5, 0xe5e5, 0xe5a5, 0xe5a5, 0xddc4, 0xe5e5, 0xef04, 0xef25, 0xef04, 0xef24, 
	0xef04, 0xef04, 0xef04, 0xef24, 0xef24, 0xef24, 0xe6e8, 0xf78a, 0xf7b6, 0xf7b6, 0xf798, 0xfffa, 0xffff, 0xffff, 0xffff, 0xffff, 
	0xffff, 0xffff, 0xffff, 0xffff, 0xffff, 0xffff, 0xffff, 0xffff, 0xffff, 0xffff, 0xffff, 0xffdf, 0xffde, 0xffde, 0xffde, 0xffde, 
	0xffde, 0xffde, 0xffde, 0xffde, 0xffbd, 0xffbd, 0xffbd, 0xffbd, 0xffbd, 0xffbd, 0xff9d, 0xff9d, 0xff9d, 0xff9d, 0xff9d, 0xf79c, 
	0xff9c, 0xf79c, 0xf79c, 0xf77c, 0xf77c, 0xf77c, 0xf77c, 0xf77b, 0xf77b, 0xf77b, 0xf75b, 0xf75b, 0xf75b, 0xf75b, 0xf75b, 0xf75b, 
	0xf73b, 0xf73b, 0xf73a, 0xf73a, 0xf73a, 0xf73a, 0xf73a, 0xf73a, 0xf73a, 0xf73a, 0xf73a, 0xf719, 0xf719, 0xf719, 0xf719, 0xf6f9, 
	0xf6f9, 0xf6f9, 0xeef9, 0xeef9, 0xf6f8, 0xf6f8, 0xeef8, 0xeef8, 0xeef8, 0xeed8, 0xeed8, 0xeed8, 0xeed8, 0xeed7, 0xeed7, 0xeeb7, 
	0xeeb7, 0xeeb7, 0xeeb7, 0xeeb7, 0xeeb7, 0xee96, 0xee96, 0xee96, 0xee96, 0xee96, 0xee96, 0xee96, 0xee96, 0xee96, 0xee76, 0xee76, 
	0xeeb7, 0xeeb7, 0xeeb7, 0xeeb7, 0xeed7, 0xeed7, 0xeed8, 0xeed8, 0xeed8, 0xeed8, 0xeed8, 0xeef8, 0xeef8, 0xeef8, 0xf6f8, 0xf6f8, 
	0xeef9, 0xf6f9, 0xf6f9, 0xf6f9, 0xf6f9, 0xf719, 0xf719, 0xf719, 0xf719, 0xf73a, 0xf73a, 0xf73a, 0xf73a, 0xf73a, 0xf73a, 0xf73a, 
	0xf73a, 0xf73a, 0xf73b, 0xf73b, 0xf75b, 0xf75b, 0xf75b, 0xf75b, 0xf75b, 0xf75b, 0xf77b, 0xf77b, 0xf77c, 0xf77c, 0xf77c, 0xf77c, 
	0xf77c, 0xf79c, 0xf79c, 0xff9c, 0xf79c, 0xff9d, 0xff9d, 0xff9d, 0xff9d, 0xff9d, 0xffbd, 0xffbd, 0xffbd, 0xffbd, 0xffbd, 0xffbd, 
	0xffde, 0xffde, 0xffde, 0xffde, 0xffde, 0xffde, 0xffde, 0xffde, 0xffdf, 0xffff, 0xffff, 0xffff, 0xffff, 0xffff, 0xffff, 0xffff, 
	0xffff, 0xffff, 0xffff, 0xffff, 0xffff, 0xffff, 0xffff, 0xffff, 0xffff, 0xffff, 0xffff, 0xffff, 0xffff, 0xffff, 0xffff, 0xffff, 
	0xffff, 0xffff, 0xffff, 0xffff, 0xffff, 0xffff, 0xffff, 0xffff, 0xffcd, 0xdeea, 0xef23, 0xef23, 0xef24, 0xef24, 0xef24, 0xef24, 
	0xef24, 0xef24, 0xef24, 0xef24, 0xef24, 0xef24, 0xef44, 0xef44, 0xef44, 0xef44, 0xef44, 0xef44, 0xef24, 0xef24, 0xef24, 0xef24, 
	0xef24, 0xef24, 0xef24, 0xef24, 0xef23, 0xef23, 0xdeea, 0xffce, 0xffff, 0xffff, 0xffff, 0xffff, 0xffff, 0xffff, 0xffff, 0xffff, 
	0xffff, 0xffff, 0xffff, 0xffff, 0xffff, 0xffff, 0xffff, 0xffff, 0xffff, 0xffff, 0xffdf, 0xffdf, 0xffde, 0xffde, 0xffde, 0xffde, 
	0xffde, 0xffde, 0xffde, 0xffde, 0xffbd, 0xffbd, 0xffbd, 0xffbd, 0xffbd, 0xffbd, 0xffbd, 0xff9d, 0xff9d, 0xff9d, 0xff9d, 0xf79c, 
	0xff9c, 0xf79c, 0xf79c, 0xf77c, 0xf77c, 0xf77c, 0xf77c, 0xf77b, 0xf77b, 0xf77b, 0xf75b, 0xf75b, 0xf75b, 0xf75b, 0xf75b, 0xf75b, 
	0xf73b, 0xf73b, 0xf73a, 0xf73a, 0xf73a, 0xf73a, 0xf73a, 0xf73a, 0xf73a, 0xf73a, 0xf71a, 0xf719, 0xf719, 0xf719, 0xf719, 0xf6f9, 
	0xf6f9, 0xf6f9, 0xeef9, 0xeef9, 0xf6f8, 0xf6f8, 0xeef8, 0xeef8, 0xeef8, 0xeed8, 0xeed8, 0xeed8, 0xeed8, 0xeed7, 0xeed7, 0xeeb7, 
	0xeeb7, 0xeeb7, 0xeeb7, 0xeeb7, 0xeeb7, 0xee96, 0xee96, 0xee96, 0xee96, 0xee96, 0xee96, 0xee96, 0xee96, 0xee76, 0xee76, 0xee76, 
	0xeeb7, 0xeeb7, 0xeeb7, 0xeeb7, 0xeeb7, 0xeed7, 0xeed8, 0xeed8, 0xeed8, 0xeed8, 0xeed8, 0xeef8, 0xeef8, 0xeef8, 0xf6f8, 0xf6f8, 
	0xeef9, 0xeef9, 0xf6f9, 0xf6f9, 0xf6f9, 0xf719, 0xf719, 0xf719, 0xf719, 0xf73a, 0xf73a, 0xf73a, 0xf73a, 0xf73a, 0xf73a, 0xf73a, 
	0xf73a, 0xf73a, 0xf73b, 0xf73b, 0xf75b, 0xf75b, 0xf75b, 0xf75b, 0xf75b, 0xf75b, 0xf77b, 0xf77b, 0xf77b, 0xf77c, 0xf77c, 0xf77c, 
	0xf77c, 0xf79c, 0xf79c, 0xff9c, 0xf79c, 0xff9d, 0xff9d, 0xff9d, 0xff9d, 0xff9d, 0xffbd, 0xffbd, 0xffbd, 0xffbd, 0xffbd, 0xffbd, 
	0xffde, 0xffde, 0xffde, 0xffde, 0xffde, 0xffde, 0xffde, 0xffde, 0xffdf, 0xffdf, 0xffff, 0xffff, 0xffff, 0xffff, 0xffff, 0xffff, 
	0xffff, 0xffff, 0xffff, 0xffff, 0xffff, 0xffff, 0xffff, 0xffff, 0xffff, 0xffff, 0xffff, 0xffff, 0xffff, 0xffff, 0xffff, 0xffff, 
	0xffff, 0xffff, 0xffff, 0xffff, 0xffff, 0xffff, 0xffff, 0xffff, 0xffcd, 0xdeea, 0xef23, 0xef23, 0xef24, 0xef24, 0xef24, 0xef24, 
	0xef24, 0xef24, 0xef24, 0xef24, 0xef24, 0xef24, 0xef24, 0xef24, 0xef24, 0xef24, 0xef24, 0xef24, 0xef24, 0xef24, 0xef24, 0xef24, 
	0xef24, 0xef24, 0xef24, 0xef24, 0xef23, 0xef23, 0xdeea, 0xffcd, 0xffff, 0xffff, 0xffff, 0xffff, 0xffff, 0xffff, 0xffff, 0xffff, 
	0xffff, 0xffff, 0xffff, 0xffff, 0xffff, 0xffff, 0xffff, 0xffff, 0xffff, 0xffff, 0xffdf, 0xffdf, 0xffde, 0xffde, 0xffde, 0xffde, 
	0xffde, 0xffde, 0xffde, 0xffbd, 0xffbd, 0xffbd, 0xffbd, 0xffbd, 0xffbd, 0xffbd, 0xffbd, 0xff9d, 0xff9d, 0xff9d, 0xff9c, 0xff9c, 
	0xff9c, 0xf79c, 0xf79c, 0xf77c, 0xf77c, 0xf77c, 0xf77c, 0xf77b, 0xf77b, 0xf77b, 0xf75b, 0xf75b, 0xf75b, 0xf75b, 0xf75b, 0xf75b, 
	0xf73b, 0xf73a, 0xf73a, 0xf73a, 0xf73a, 0xf73a, 0xf73a, 0xf73a, 0xf73a, 0xf73a, 0xf719, 0xf719, 0xf719, 0xf719, 0xf6f9, 0xf6f9, 
	0xf6f9, 0xf6f9, 0xeef9, 0xeef9, 0xf6f8, 0xf6f8, 0xeef8, 0xeef8, 0xeef8, 0xeed8, 0xeed8, 0xeed8, 0xeed8, 0xeed7, 0xeed7, 0xeeb7, 
	0xeeb7, 0xeeb7, 0xeeb7, 0xeeb7, 0xeeb7, 0xee96, 0xee96, 0xee96, 0xee96, 0xee96, 0xee96, 0xee96, 0xee96, 0xee76, 0xee76, 0xee76, 
	0xeeb7, 0xeeb7, 0xeeb7, 0xeeb7, 0xeeb7, 0xeed7, 0xeed8, 0xeed8, 0xeed8, 0xeed8, 0xeed8, 0xeef8, 0xeef8, 0xeef8, 0xf6f8, 0xf6f8, 
	0xeef9, 0xeef9, 0xf6f9, 0xf6f9, 0xf6f9, 0xf719, 0xf719, 0xf719, 0xf719, 0xf73a, 0xf73a, 0xf73a, 0xf73a, 0xf73a, 0xf73a, 0xf73a, 
	0xf73a, 0xf73a, 0xf73b, 0xf73b, 0xf75b, 0xf75b, 0xf75b, 0xf75b, 0xf75b, 0xf75b, 0xf77b, 0xf77b, 0xf77b, 0xf77c, 0xf77c, 0xf77c, 
	0xf77c, 0xf79c, 0xf79c, 0xff9c, 0xf79c, 0xff9d, 0xff9d, 0xff9d, 0xff9d, 0xffbd, 0xffbd, 0xffbd, 0xffbd, 0xffbd, 0xffbd, 0xffbd, 
	0xffde, 0xffde, 0xffde, 0xffde, 0xffde, 0xffde, 0xffde, 0xffde, 0xffdf, 0xffdf, 0xffff, 0xffff, 0xffff, 0xffff, 0xffff, 0xffff, 
	0xffff, 0xffff, 0xffff, 0xffff, 0xffff, 0xffff, 0xffff, 0xffff, 0xffff, 0xffff, 0xffff, 0xffff, 0xffff, 0xffff, 0xffff, 0xffff, 
	0xffff, 0xffff, 0xffff, 0xffff, 0xffff, 0xffff, 0xffff, 0xffff, 0xffcd, 0xdeea, 0xef24, 0xef24, 0xef25, 0xef25, 0xef24, 0xef24, 
	0xef24, 0xef24, 0xef24, 0xef24, 0xef25, 0xef04, 0xef24, 0xef24, 0xef24, 0xef24, 0xef04, 0xef25, 0xef25, 0xef25, 0xef24, 0xef24, 
	0xef24, 0xef24, 0xef25, 0xef25, 0xef24, 0xef24, 0xdeea, 0xffcd, 0xffff, 0xffff, 0xffff, 0xffff, 0xffff, 0xffff, 0xffff, 0xffff, 
	0xffff, 0xffff, 0xffff, 0xffff, 0xffff, 0xffff, 0xffff, 0xffff, 0xffff, 0xffff, 0xffdf, 0xffdf, 0xffde, 0xffde, 0xffde, 0xffde, 
	0xffde, 0xffde, 0xffde, 0xffbd, 0xffbd, 0xffbd, 0xffbd, 0xffbd, 0xff9d, 0xff9d, 0xffbd, 0xff9d, 0xff9d, 0xff9d, 0xff9c, 0xff9c, 
	0xf79c, 0xf79c, 0xf77c, 0xf77c, 0xf77c, 0xf77c, 0xf77c, 0xf77b, 0xf77b, 0xf77b, 0xf75b, 0xf75b, 0xf75b, 0xf75b, 0xf75b, 0xf73b, 
	0xf73b, 0xf73a, 0xf73a, 0xf73a, 0xf73a, 0xf73a, 0xf73a, 0xf73a, 0xf73a, 0xf73a, 0xf719, 0xf719, 0xf719, 0xf719, 0xf6f9, 0xf6f9, 
	0xf6f9, 0xf6f9, 0xeef9, 0xeef9, 0xf6f8, 0xf6f8, 0xeef8, 0xeef8, 0xeef8, 0xeed8, 0xeed8, 0xeed8, 0xeed8, 0xeed7, 0xeed7, 0xeeb7, 
	0xeeb7, 0xeeb7, 0xeeb7, 0xeeb7, 0xeeb7, 0xee96, 0xee96, 0xee96, 0xee96, 0xee96, 0xee96, 0xee96, 0xee96, 0xee76, 0xee76, 0xee76, 
	0xeeb7, 0xeeb7, 0xeeb7, 0xeeb7, 0xeeb7, 0xeed7, 0xeed7, 0xeed8, 0xeed8, 0xeed8, 0xeed8, 0xeef8, 0xeef8, 0xeef8, 0xf6f8, 0xf6f8, 
	0xeef9, 0xeef9, 0xf6f9, 0xf6f9, 0xf6f9, 0xf719, 0xf719, 0xf719, 0xf719, 0xf719, 0xf73a, 0xf73a, 0xf73a, 0xf73a, 0xf73a, 0xf73a, 
	0xf73a, 0xf73a, 0xf73b, 0xf73b, 0xf75b, 0xf75b, 0xf75b, 0xf75b, 0xf75b, 0xf75b, 0xf77b, 0xf77b, 0xf77b, 0xf77c, 0xf77c, 0xf77c, 
	0xf77c, 0xf79c, 0xf79c, 0xff9c, 0xff9c, 0xff9d, 0xff9d, 0xff9d, 0xff9d, 0xffbd, 0xffbd, 0xffbd, 0xffbd, 0xffbd, 0xffbd, 0xffbd, 
	0xffbd, 0xffde, 0xffde, 0xffde, 0xffde, 0xffde, 0xffde, 0xffde, 0xffdf, 0xffdf, 0xffff, 0xffff, 0xffff, 0xffff, 0xffff, 0xffff, 
	0xffff, 0xffff, 0xffff, 0xffff, 0xffff, 0xffff, 0xffff, 0xffff, 0xffff, 0xffff, 0xffff, 0xffff, 0xffff, 0xffff, 0xffff, 0xffff, 
	0xffff, 0xffff, 0xffff, 0xffff, 0xffff, 0xffff, 0xffff, 0xffff, 0xffcd, 0xdeea, 0xef23, 0xef23, 0xef24, 0xef24, 0xef24, 0xef24, 
	0xef24, 0xef24, 0xef24, 0xef24, 0xef24, 0xef04, 0xef24, 0xef24, 0xef24, 0xef24, 0xef04, 0xef24, 0xef24, 0xef24, 0xef24, 0xef24, 
	0xef24, 0xef24, 0xef24, 0xef24, 0xef23, 0xef23, 0xdeea, 0xffcd, 0xffff, 0xffff, 0xffff, 0xffff, 0xffff, 0xffff, 0xffff, 0xffff, 
	0xffff, 0xffff, 0xffff, 0xffff, 0xffff, 0xffff, 0xffff, 0xffff, 0xffff, 0xffff, 0xffdf, 0xffde, 0xffde, 0xffde, 0xffde, 0xffde, 
	0xffde, 0xffde, 0xffde, 0xffbd, 0xffbd, 0xffbd, 0xffbd, 0xffbd, 0xff9d, 0xff9d, 0xffbd, 0xff9d, 0xff9d, 0xff9d, 0xff9c, 0xff9c, 
	0xf79c, 0xf79c, 0xf77c, 0xf77c, 0xf77c, 0xf77c, 0xf77c, 0xf77b, 0xf77b, 0xf77b, 0xf75b, 0xf75b, 0xf75b, 0xf75b, 0xf75b, 0xf73b, 
	0xf73b, 0xf73a, 0xf73a, 0xf73a, 0xf73a, 0xf73a, 0xf73a, 0xf73a, 0xf73a, 0xf73a, 0xf719, 0xf719, 0xf719, 0xf719, 0xf6f9, 0xf6f9, 
	0xf6f9, 0xf6f9, 0xeef9, 0xeef9, 0xf6f8, 0xf6f8, 0xeef8, 0xeef8, 0xeed8, 0xeed8, 0xeed8, 0xeed8, 0xeed8, 0xeed7, 0xeed7, 0xeeb7, 
	0xeeb7, 0xeeb7, 0xeeb7, 0xeeb7, 0xee96, 0xee96, 0xee96, 0xee96, 0xee96, 0xee96, 0xee96, 0xee96, 0xee96, 0xee76, 0xee76, 0xee76, 
	0xeeb7, 0xeeb7, 0xeeb7, 0xeeb7, 0xeeb7, 0xeed7, 0xeed7, 0xeed8, 0xeed8, 0xeed8, 0xeed8, 0xeef8, 0xeef8, 0xeef8, 0xeef8, 0xeef8, 
	0xeef9, 0xeef9, 0xf6f9, 0xf6f9, 0xf6f9, 0xf6f9, 0xf719, 0xf719, 0xf719, 0xf719, 0xf73a, 0xf73a, 0xf73a, 0xf73a, 0xf73a, 0xf73a, 
	0xf73a, 0xf73a, 0xf73a, 0xf73b, 0xf73b, 0xf75b, 0xf75b, 0xf75b, 0xf75b, 0xf75b, 0xf77b, 0xf77b, 0xf77b, 0xf77c, 0xf77c, 0xf77c, 
	0xf77c, 0xf77c, 0xf79c, 0xf79c, 0xff9c, 0xff9c, 0xff9d, 0xff9d, 0xff9d, 0xffbd, 0xff9d, 0xff9d, 0xffbd, 0xffbd, 0xffbd, 0xffbd, 
	0xffbd, 0xffde, 0xffde, 0xffde, 0xffde, 0xffde, 0xffde, 0xffde, 0xffde, 0xffdf, 0xffff, 0xffff, 0xffff, 0xffff, 0xffff, 0xffff, 
	0xffff, 0xffff, 0xffff, 0xffff, 0xffff, 0xffff, 0xffff, 0xffff, 0xffff, 0xffff, 0xffff, 0xffff, 0xffff, 0xffff, 0xffff, 0xffff, 
	0xffff, 0xffff, 0xffff, 0xffff, 0xffff, 0xffff, 0xffff, 0xffff, 0xffcd, 0xdec9, 0xef22, 0xef22, 0xef24, 0xef24, 0xef24, 0xef24, 
	0xef24, 0xef24, 0xef24, 0xef24, 0xef24, 0xef24, 0xef24, 0xef24, 0xef24, 0xef24, 0xef24, 0xef24, 0xef24, 0xef24, 0xef24, 0xef24, 
	0xef24, 0xef24, 0xef24, 0xef24, 0xef22, 0xef22, 0xdee9, 0xffcc, 0xffff, 0xffff, 0xffff, 0xffff, 0xffff, 0xffff, 0xffff, 0xffff, 
	0xffff, 0xffff, 0xffff, 0xffff, 0xffff, 0xffff, 0xffff, 0xffff, 0xffff, 0xffdf, 0xffdf, 0xffde, 0xffde, 0xffde, 0xffde, 0xffde, 
	0xffde, 0xffde, 0xffde, 0xffbd, 0xffbd, 0xffbd, 0xffbd, 0xffbd, 0xff9d, 0xff9d, 0xff9d, 0xff9d, 0xff9d, 0xff9d, 0xff9c, 0xff9c, 
	0xf79c, 0xf79c, 0xf77c, 0xf77c, 0xf77c, 0xf77c, 0xf77c, 0xf77b, 0xf77b, 0xf77b, 0xf75b, 0xf75b, 0xf75b, 0xf75b, 0xf75b, 0xf73b, 
	0xf73a, 0xf73a, 0xf73a, 0xf73a, 0xf73a, 0xf73a, 0xf73a, 0xf73a, 0xf73a, 0xf73a, 0xf719, 0xf719, 0xf719, 0xf719, 0xf6f9, 0xf6f9, 
	0xf6f9, 0xf6f9, 0xeef9, 0xeef9, 0xf6f8, 0xf6f8, 0xeef8, 0xeef8, 0xeed8, 0xeed8, 0xeed8, 0xeed8, 0xeed7, 0xeed7, 0xeed7, 0xeeb7, 
	0xeeb7, 0xeeb7, 0xeeb7, 0xeeb7, 0xee96, 0xee96, 0xee96, 0xee96, 0xee96, 0xee96, 0xee96, 0xee96, 0xee96, 0xee76, 0xee76, 0xee76, 
	0xeeb7, 0xeeb7, 0xeeb7, 0xeeb7, 0xeeb7, 0xeed7, 0xeed7, 0xeed8, 0xeed8, 0xeed8, 0xeed8, 0xeef8, 0xeef8, 0xeef8, 0xf6f8, 0xf6f8, 
	0xeef9, 0xeef9, 0xf6f9, 0xf6f9, 0xf6f9, 0xf6f9, 0xf719, 0xf719, 0xf719, 0xf719, 0xf73a, 0xf73a, 0xf73a, 0xf73a, 0xf73a, 0xf73a, 
	0xf73a, 0xf73a, 0xf73a, 0xf73b, 0xf73b, 0xf75b, 0xf75b, 0xf75b, 0xf75b, 0xf75b, 0xf77b, 0xf77b, 0xf77b, 0xf77c, 0xf77c, 0xf77c, 
	0xf77c, 0xf77c, 0xf79c, 0xf79c, 0xff9c, 0xff9c, 0xff9d, 0xff9d, 0xff9d, 0xffbd, 0xff9d, 0xff9d, 0xffbd, 0xffbd, 0xffbd, 0xffbd, 
	0xffbd, 0xffde, 0xffde, 0xffde, 0xffde, 0xffde, 0xffde, 0xffde, 0xffde, 0xffdf, 0xffdf, 0xffff, 0xffff, 0xffff, 0xffff, 0xffff, 
	0xffff, 0xffff, 0xffff, 0xffff, 0xffff, 0xffff, 0xffff, 0xffff, 0xffff, 0xffff, 0xffff, 0xffff, 0xffff, 0xffff, 0xffff, 0xffff, 
	0xffff, 0xffff, 0xffff, 0xffff, 0xffff, 0xffff, 0xffff, 0xffff, 0xffd2, 0xe72f, 0xef4a, 0xef4a, 0xef46, 0xe705, 0xef24, 0xef24, 
	0xef24, 0xef04, 0xef04, 0xef24, 0xef24, 0xef04, 0xef24, 0xef24, 0xef24, 0xef24, 0xef04, 0xef24, 0xef24, 0xef04, 0xef04, 0xef24, 
	0xef24, 0xef24, 0xe705, 0xef46, 0xef4a, 0xef4a, 0xe72f, 0xffd2, 0xffff, 0xffff, 0xffff, 0xffff, 0xffff, 0xffff, 0xffff, 0xffff, 
	0xffff, 0xffff, 0xffff, 0xffff, 0xffff, 0xffff, 0xffff, 0xffff, 0xffff, 0xffdf, 0xffdf, 0xffde, 0xffde, 0xffde, 0xffde, 0xffde, 
	0xffde, 0xffde, 0xffbd, 0xffbd, 0xffbd, 0xffbd, 0xffbd, 0xffbd, 0xff9d, 0xff9d, 0xff9d, 0xff9d, 0xff9d, 0xff9d, 0xff9c, 0xff9c, 
	0xf79c, 0xf79c, 0xf77c, 0xf77c, 0xf77c, 0xf77c, 0xf77b, 0xf77b, 0xf77b, 0xf77b, 0xf75b, 0xf75b, 0xf75b, 0xf75b, 0xf75b, 0xf73b, 
	0xf73a, 0xf73a, 0xf73a, 0xf73a, 0xf73a, 0xf73a, 0xf73a, 0xf73a, 0xf73a, 0xf73a, 0xf719, 0xf719, 0xf719, 0xf719, 0xf6f9, 0xf6f9, 
	0xf6f9, 0xf6f9, 0xeef9, 0xeef8, 0xf6f8, 0xeef8, 0xeef8, 0xeef8, 0xeed8, 0xeed8, 0xeed8, 0xeed8, 0xeed7, 0xeed7, 0xeed7, 0xeeb7, 
	0xeeb7, 0xeeb7, 0xeeb7, 0xeeb7, 0xee96, 0xee96, 0xee96, 0xee96, 0xee96, 0xee96, 0xee96, 0xee96, 0xee96, 0xee76, 0xee76, 0xee75, 
	0xeeb7, 0xeeb7, 0xeeb7, 0xeeb7, 0xeeb7, 0xeed7, 0xeed7, 0xeed7, 0xeed8, 0xeed8, 0xeed8, 0xeed8, 0xeef8, 0xeef8, 0xf6f8, 0xf6f8, 
	0xeef9, 0xeef9, 0xf6f9, 0xf6f9, 0xf6f9, 0xf6f9, 0xf719, 0xf719, 0xf719, 0xf719, 0xf73a, 0xf73a, 0xf73a, 0xf73a, 0xf73a, 0xf73a, 
	0xf73a, 0xf73a, 0xf73a, 0xf73a, 0xf73b, 0xf75b, 0xf75b, 0xf75b, 0xf75b, 0xf75b, 0xf77b, 0xf77b, 0xf77b, 0xf77c, 0xf77c, 0xf77c, 
	0xf77c, 0xf77c, 0xf79c, 0xf79c, 0xff9c, 0xff9c, 0xff9d, 0xff9d, 0xff9d, 0xff9d, 0xff9d, 0xff9d, 0xffbd, 0xffbd, 0xffbd, 0xffbd, 
	0xffbd, 0xffde, 0xffde, 0xffde, 0xffde, 0xffde, 0xffde, 0xffde, 0xffde, 0xffdf, 0xffdf, 0xffff, 0xffff, 0xffff, 0xffff, 0xffff, 
	0xffff, 0xffff, 0xffff, 0xffff, 0xffff, 0xffff, 0xffff, 0xffff, 0xffff, 0xffff, 0xffff, 0xffff, 0xffff, 0xffff, 0xffff, 0xffff, 
	0xffff, 0xffff, 0xffff, 0xffff, 0xffff, 0xffff, 0xffff, 0xffff, 0xffff, 0xffff, 0xffff, 0xffff, 0xf78b, 0xe6e9, 0xef23, 0xef23, 
	0xef24, 0xef24, 0xef04, 0xef04, 0xef24, 0xef04, 0xef24, 0xef24, 0xef24, 0xef24, 0xef04, 0xef24, 0xef04, 0xef04, 0xef24, 0xef24, 
	0xef23, 0xef23, 0xe6e9, 0xf78b, 0xffff, 0xffff, 0xffff, 0xffff, 0xffff, 0xffff, 0xffff, 0xffff, 0xffff, 0xffff, 0xffff, 0xffff, 
	0xffff, 0xffff, 0xffff, 0xffff, 0xffff, 0xffff, 0xffff, 0xffff, 0xffdf, 0xffdf, 0xffde, 0xffde, 0xffde, 0xffde, 0xffde, 0xffde, 
	0xffde, 0xffde, 0xffbd, 0xffbd, 0xffbd, 0xffbd, 0xffbd, 0xffbd, 0xff9d, 0xff9d, 0xff9d, 0xff9d, 0xff9d, 0xff9d, 0xff9c, 0xff9c, 
	0xf79c, 0xf77c, 0xf77c, 0xf77c, 0xf77c, 0xf77c, 0xf77b, 0xf77b, 0xf77b, 0xf77b, 0xf75b, 0xf75b, 0xf75b, 0xf75b, 0xf75b, 0xf73b, 
	0xf73a, 0xf73a, 0xf73a, 0xf73a, 0xf73a, 0xf73a, 0xf73a, 0xf73a, 0xf73a, 0xf73a, 0xf719, 0xf719, 0xf719, 0xf719, 0xf6f9, 0xf6f9, 
	0xf6f9, 0xeef9, 0xeef9, 0xeef8, 0xf6f8, 0xeef8, 0xeef8, 0xeef8, 0xeed8, 0xeed8, 0xeed8, 0xeed8, 0xeed7, 0xeed7, 0xeed7, 0xeeb7, 
	0xeeb7, 0xeeb7, 0xeeb7, 0xeeb7, 0xee96, 0xee96, 0xee96, 0xee96, 0xee96, 0xee96, 0xee96, 0xee96, 0xee96, 0xee76, 0xee76, 0xee75, 
	0xeeb7, 0xeeb7, 0xeeb7, 0xeeb7, 0xeeb7, 0xeed7, 0xeed7, 0xeed7, 0xeed8, 0xeed8, 0xeed8, 0xeed8, 0xeef8, 0xeef8, 0xeef8, 0xf6f8, 
	0xeef8, 0xeef9, 0xf6f9, 0xf6f9, 0xf6f9, 0xf6f9, 0xf719, 0xf719, 0xf719, 0xf719, 0xf73a, 0xf73a, 0xf73a, 0xf73a, 0xf73a, 0xf73a, 
	0xf73a, 0xf73a, 0xf73a, 0xf73a, 0xf73b, 0xf75b, 0xf75b, 0xf75b, 0xf75b, 0xf75b, 0xf77b, 0xf77b, 0xf77b, 0xf77b, 0xf77c, 0xf77c, 
	0xf77c, 0xf77c, 0xf79c, 0xf79c, 0xff9c, 0xff9c, 0xff9d, 0xff9d, 0xff9d, 0xff9d, 0xff9d, 0xff9d, 0xffbd, 0xffbd, 0xffbd, 0xffbd, 
	0xffbd, 0xffbd, 0xffde, 0xffde, 0xffde, 0xffde, 0xffde, 0xffde, 0xffde, 0xffde, 0xffdf, 0xffdf, 0xffff, 0xffff, 0xffff, 0xffff, 
	0xffff, 0xffff, 0xffff, 0xffff, 0xffff, 0xffff, 0xffff, 0xffff, 0xffff, 0xffff, 0xffff, 0xffff, 0xffff, 0xffff, 0xffff, 0xffff, 
	0xffff, 0xffff, 0xffff, 0xffff, 0xffff, 0xffff, 0xffff, 0xffff, 0xffff, 0xffff, 0xffff, 0xffff, 0xf78b, 0xe6e8, 0xef23, 0xef23, 
	0xef24, 0xef24, 0xef24, 0xef24, 0xef24, 0xef24, 0xef24, 0xef24, 0xef24, 0xef24, 0xef24, 0xef24, 0xef24, 0xef24, 0xef24, 0xef24, 
	0xef23, 0xef23, 0xe6e8, 0xf78b, 0xffff, 0xffff, 0xffff, 0xffff, 0xffff, 0xffff, 0xffff, 0xffff, 0xffff, 0xffff, 0xffff, 0xffff, 
	0xffff, 0xffff, 0xffff, 0xffff, 0xffff, 0xffff, 0xffff, 0xffff, 0xffdf, 0xffdf, 0xffde, 0xffde, 0xffde, 0xffde, 0xffde, 0xffde, 
	0xffde, 0xffde, 0xffbd, 0xffbd, 0xffbd, 0xffbd, 0xffbd, 0xffbd, 0xffbd, 0xffbd, 0xff9d, 0xff9d, 0xff9d, 0xf79c, 0xff9c, 0xf79c, 
	0xf79c, 0xf77c, 0xf77c, 0xf77c, 0xf77c, 0xf77c, 0xf77b, 0xf77b, 0xf77b, 0xf77b, 0xf75b, 0xf75b, 0xf75b, 0xf75b, 0xf73b, 0xf73b, 
	0xf73a, 0xf73a, 0xf73a, 0xf73a, 0xf73a, 0xf73a, 0xf73a, 0xf73a, 0xf73a, 0xf73a, 0xf719, 0xf719, 0xf719, 0xf719, 0xf6f9, 0xf6f9, 
	0xf6f9, 0xeef9, 0xeef9, 0xeef8, 0xf6f8, 0xeef8, 0xeef8, 0xeef8, 0xeed8, 0xeed8, 0xeed8, 0xeed8, 0xeed7, 0xeed7, 0xeeb7, 0xeeb7, 
	0xeeb7, 0xeeb7, 0xeeb7, 0xeeb7, 0xee96, 0xee96, 0xee96, 0xee96, 0xee96, 0xee96, 0xee96, 0xee96, 0xee96, 0xee76, 0xee76, 0xee75, 
	0xeeb7, 0xeeb7, 0xeeb7, 0xeeb7, 0xeeb7, 0xeed7, 0xeed7, 0xeed7, 0xeed8, 0xeed8, 0xeed8, 0xeed8, 0xeef8, 0xeef8, 0xeef8, 0xf6f8, 
	0xeef8, 0xeef9, 0xeef9, 0xf6f9, 0xf6f9, 0xf6f9, 0xf719, 0xf719, 0xf719, 0xf719, 0xf73a, 0xf73a, 0xf73a, 0xf73a, 0xf73a, 0xf73a, 
	0xf73a, 0xf73a, 0xf73a, 0xf73a, 0xf73b, 0xf75b, 0xf75b, 0xf75b, 0xf75b, 0xf75b, 0xf75b, 0xf77b, 0xf77b, 0xf77b, 0xf77c, 0xf77c, 
	0xf77c, 0xf77c, 0xf77c, 0xf79c, 0xf79c, 0xff9c, 0xf79c, 0xff9d, 0xff9d, 0xff9d, 0xff9d, 0xff9d, 0xffbd, 0xffbd, 0xffbd, 0xffbd, 
	0xffbd, 0xffbd, 0xffde, 0xffde, 0xffde, 0xffde, 0xffde, 0xffde, 0xffde, 0xffde, 0xffdf, 0xffdf, 0xffff, 0xffff, 0xffff, 0xffff, 
	0xffff, 0xffff, 0xffff, 0xffff, 0xffff, 0xffff, 0xffff, 0xffff, 0xffff, 0xffff, 0xffff, 0xffff, 0xffff, 0xffff, 0xffff, 0xffff, 
	0xffff, 0xffff, 0xffff, 0xffff, 0xffff, 0xffff, 0xffff, 0xffff, 0xffff, 0xffff, 0xffff, 0xffff, 0xf78b, 0xe6e9, 0xef24, 0xef24, 
	0xef24, 0xef04, 0xef04, 0xef24, 0xef24, 0xef04, 0xef04, 0xef04, 0xef04, 0xef04, 0xef04, 0xef24, 0xef24, 0xef04, 0xef04, 0xef24, 
	0xef24, 0xef24, 0xe6e9, 0xf78b, 0xffff, 0xffff, 0xffff, 0xffff, 0xffff, 0xffff, 0xffff, 0xffff, 0xffff, 0xffff, 0xffff, 0xffff, 
	0xffff, 0xffff, 0xffff, 0xffff, 0xffff, 0xffff, 0xffff, 0xffff, 0xffdf, 0xffdf, 0xffde, 0xffde, 0xffde, 0xffde, 0xffde, 0xffde, 
	0xffde, 0xffbd, 0xffbd, 0xffbd, 0xffbd, 0xffbd, 0xffbd, 0xffbd, 0xffbd, 0xff9d, 0xff9d, 0xff9d, 0xff9d, 0xf79c, 0xff9c, 0xf79c, 
	0xf79c, 0xf77c, 0xf77c, 0xf77c, 0xf77c, 0xf77c, 0xf77b, 0xf77b, 0xf77b, 0xf75b, 0xf75b, 0xf75b, 0xf75b, 0xf75b, 0xf73b, 0xf73b, 
	0xf73a, 0xf73a, 0xf73a, 0xf73a, 0xf73a, 0xf73a, 0xf73a, 0xf73a, 0xf73a, 0xf73a, 0xf719, 0xf719, 0xf719, 0xf719, 0xf6f9, 0xf6f9, 
	0xf6f9, 0xeef9, 0xeef8, 0xeef8, 0xf6f8, 0xeef8, 0xeef8, 0xeef8, 0xeed8, 0xeed8, 0xeed8, 0xeed8, 0xeed7, 0xeed7, 0xeeb7, 0xeeb7, 
	0xeeb7, 0xeeb7, 0xeeb7, 0xeeb7, 0xee96, 0xee96, 0xee96, 0xee96, 0xee96, 0xee96, 0xee96, 0xee96, 0xee96, 0xee76, 0xee76, 0xee75, 
	0xeeb7, 0xeeb7, 0xeeb7, 0xeeb7, 0xeeb7, 0xeeb7, 0xeed7, 0xeed7, 0xeed8, 0xeed8, 0xeed8, 0xeed8, 0xeef8, 0xeef8, 0xeef8, 0xf6f8, 
	0xeef8, 0xeef9, 0xeef9, 0xf6f9, 0xf6f9, 0xf6f9, 0xf719, 0xf719, 0xf719, 0xf719, 0xf73a, 0xf73a, 0xf73a, 0xf73a, 0xf73a, 0xf73a, 
	0xf73a, 0xf73a, 0xf73a, 0xf73a, 0xf73b, 0xf73b, 0xf75b, 0xf75b, 0xf75b, 0xf75b, 0xf75b, 0xf77b, 0xf77b, 0xf77b, 0xf77c, 0xf77c, 
	0xf77c, 0xf77c, 0xf77c, 0xf79c, 0xf79c, 0xff9c, 0xf79c, 0xff9d, 0xff9d, 0xff9d, 0xff9d, 0xffbd, 0xffbd, 0xffbd, 0xffbd, 0xffbd, 
	0xffbd, 0xffbd, 0xffbd, 0xffde, 0xffde, 0xffde, 0xffde, 0xffde, 0xffde, 0xffde, 0xffde, 0xffdf, 0xffdf, 0xffff, 0xffff, 0xffff, 
	0xffff, 0xffff, 0xffff, 0xffff, 0xffff, 0xffff, 0xffff, 0xffff, 0xffff, 0xffff, 0xffff, 0xffff, 0xffff, 0xffff, 0xffff, 0xffff, 
	0xffff, 0xffff, 0xffff, 0xffff, 0xffff, 0xffff, 0xffff, 0xffff, 0xffff, 0xffff, 0xffff, 0xffff, 0xf78b, 0xe6e9, 0xef23, 0xef23, 
	0xef24, 0xef04, 0xef04, 0xef04, 0xef24, 0xef04, 0xef24, 0xef24, 0xef24, 0xef24, 0xef04, 0xef24, 0xef04, 0xef04, 0xef04, 0xef24, 
	0xef23, 0xef23, 0xe6e9, 0xf78b, 0xffff, 0xffff, 0xffff, 0xffff, 0xffff, 0xffff, 0xffff, 0xffff, 0xffff, 0xffff, 0xffff, 0xffff, 
	0xffff, 0xffff, 0xffff, 0xffff, 0xffff, 0xffff, 0xffff, 0xffdf, 0xffdf, 0xffde, 0xffde, 0xffde, 0xffde, 0xffde, 0xffde, 0xffde, 
	0xffde, 0xffbd, 0xffbd, 0xffbd, 0xffbd, 0xffbd, 0xffbd, 0xffbd, 0xffbd, 0xff9d, 0xff9d, 0xff9d, 0xff9c, 0xff9c, 0xff9c, 0xf79c, 
	0xf79c, 0xf77c, 0xf77c, 0xf77c, 0xf77c, 0xf77b, 0xf77b, 0xf77b, 0xf75b, 0xf75b, 0xf75b, 0xf75b, 0xf75b, 0xf75b, 0xf73b, 0xf73b, 
	0xf73a, 0xf73a, 0xf73a, 0xf73a, 0xf73a, 0xf73a, 0xf73a, 0xf73a, 0xf73a, 0xf719, 0xf719, 0xf719, 0xf719, 0xf719, 0xf6f9, 0xf6f9, 
	0xf6f9, 0xeef9, 0xeef8, 0xeef8, 0xf6f8, 0xeef8, 0xeef8, 0xeef8, 0xeed8, 0xeed8, 0xeed8, 0xeed8, 0xeed7, 0xeed7, 0xeeb7, 0xeeb7, 
	0xeeb7, 0xeeb7, 0xeeb7, 0xeeb7, 0xee96, 0xee96, 0xee96, 0xee96, 0xee96, 0xee96, 0xee96, 0xee96, 0xee76, 0xee76, 0xee76, 0xee75, 
	0xeeb7, 0xeeb7, 0xeeb7, 0xeeb7, 0xeeb7, 0xeeb7, 0xeed7, 0xeed7, 0xeed8, 0xeed8, 0xeed8, 0xeed8, 0xeef8, 0xeef8, 0xeef8, 0xf6f8, 
	0xeef8, 0xeef9, 0xeef9, 0xf6f9, 0xf6f9, 0xf6f9, 0xf719, 0xf719, 0xf719, 0xf719, 0xf73a, 0xf73a, 0xf73a, 0xf73a, 0xf73a, 0xf73a, 
	0xf73a, 0xf73a, 0xf73a, 0xf73a, 0xf73b, 0xf73b, 0xf75b, 0xf75b, 0xf75b, 0xf75b, 0xf75b, 0xf75b, 0xf77b, 0xf77b, 0xf77b, 0xf77c, 
	0xf77c, 0xf77c, 0xf77c, 0xf79c, 0xf79c, 0xff9c, 0xff9c, 0xff9d, 0xff9d, 0xff9d, 0xff9d, 0xffbd, 0xff9d, 0xff9d, 0xffbd, 0xffbd, 
	0xffbd, 0xffbd, 0xffbd, 0xffde, 0xffde, 0xffde, 0xffde, 0xffde, 0xffde, 0xffde, 0xffde, 0xffdf, 0xffdf, 0xffff, 0xffff, 0xffff, 
	0xffff, 0xffff, 0xffff, 0xffff, 0xffff, 0xffff, 0xffff, 0xffff, 0xffff, 0xffff, 0xffff, 0xffff, 0xffff, 0xffff, 0xffff, 0xffff, 
	0xffff, 0xffff, 0xffff, 0xffff, 0xffff, 0xffff, 0xffff, 0xffff, 0xffff, 0xffff, 0xffff, 0xffff, 0xf78b, 0xe6e8, 0xef23, 0xef23, 
	0xef24, 0xef24, 0xef24, 0xef24, 0xef24, 0xef24, 0xef24, 0xef24, 0xef24, 0xef24, 0xef24, 0xef24, 0xef24, 0xef24, 0xef24, 0xef24, 
	0xef23, 0xef23, 0xe6e8, 0xf78b, 0xffff, 0xffff, 0xffff, 0xffff, 0xffff, 0xffff, 0xffff, 0xffff, 0xffff, 0xffff, 0xffff, 0xffff, 
	0xffff, 0xffff, 0xffff, 0xffff, 0xffff, 0xffff, 0xffff, 0xffdf, 0xffdf, 0xffde, 0xffde, 0xffde, 0xffde, 0xffde, 0xffde, 0xffde, 
	0xffde, 0xffbd, 0xffbd, 0xffbd, 0xffbd, 0xffbd, 0xff9d, 0xff9d, 0xffbd, 0xff9d, 0xff9d, 0xff9d, 0xff9c, 0xff9c, 0xf79c, 0xf79c, 
	0xf77c, 0xf77c, 0xf77c, 0xf77c, 0xf77c, 0xf77b, 0xf77b, 0xf77b, 0xf75b, 0xf75b, 0xf75b, 0xf75b, 0xf75b, 0xf75b, 0xf73b, 0xf73b, 
	0xf73a, 0xf73a, 0xf73a, 0xf73a, 0xf73a, 0xf73a, 0xf73a, 0xf73a, 0xf73a, 0xf719, 0xf719, 0xf719, 0xf719, 0xf6f9, 0xf6f9, 0xf6f9, 
	0xf6f9, 0xeef9, 0xeef8, 0xeef8, 0xeef8, 0xeef8, 0xeef8, 0xeed8, 0xeed8, 0xeed8, 0xeed8, 0xeed8, 0xeed7, 0xeed7, 0xeeb7, 0xeeb7, 
	0xeeb7, 0xeeb7, 0xeeb7, 0xeeb6, 0xee96, 0xee96, 0xee96, 0xee96, 0xee96, 0xee96, 0xee96, 0xee96, 0xee76, 0xee76, 0xee75, 0xee75, 
	0xeeb7, 0xeeb7, 0xeeb7, 0xeeb7, 0xeeb7, 0xeeb7, 0xeed7, 0xeed7, 0xeed8, 0xeed8, 0xeed8, 0xeed8, 0xeed8, 0xeef8, 0xeef8, 0xf6f8, 
	0xf6f8, 0xf6f8, 0xeef9, 0xf6f9, 0xf6f9, 0xf6f9, 0xf719, 0xf719, 0xf719, 0xf719, 0xf719, 0xf73a, 0xf73a, 0xf73a, 0xf73a, 0xf73a, 
	0xf73a, 0xf73a, 0xf73a, 0xf73a, 0xf73b, 0xf73b, 0xf75b, 0xf75b, 0xf75b, 0xf75b, 0xf75b, 0xf75b, 0xf77b, 0xf77b, 0xf77b, 0xf77c, 
	0xf77c, 0xf77c, 0xf77c, 0xf77c, 0xf79c, 0xf79c, 0xff9c, 0xff9c, 0xff9d, 0xff9d, 0xff9d, 0xffbd, 0xff9d, 0xff9d, 0xffbd, 0xffbd, 
	0xffbd, 0xffbd, 0xffbd, 0xffde, 0xffde, 0xffde, 0xffde, 0xffde, 0xffde, 0xffde, 0xffde, 0xffde, 0xffdf, 0xffdf, 0xffff, 0xffff, 
	0xffff, 0xffff, 0xffff, 0xffff, 0xffff, 0xffff, 0xffff, 0xffff, 0xffff, 0xffff, 0xffff, 0xffff, 0xffff, 0xffff, 0xffff, 0xffff, 
	0xffff, 0xffff, 0xffff, 0xffff, 0xffff, 0xffff, 0xffff, 0xffff, 0xffff, 0xffff, 0xffff, 0xffff, 0xf7ac, 0xe6ea, 0xef25, 0xef25, 
	0xef24, 0xef04, 0xef24, 0xef24, 0xef24, 0xef04, 0xef24, 0xef24, 0xef24, 0xef24, 0xef04, 0xef24, 0xef24, 0xef24, 0xef04, 0xef24, 
	0xef25, 0xef25, 0xe6ea, 0xf7ac, 0xffff, 0xffff, 0xffff, 0xffff, 0xffff, 0xffff, 0xffff, 0xffff, 0xffff, 0xffff, 0xffff, 0xffff, 
	0xffff, 0xffff, 0xffff, 0xffff, 0xffff, 0xffff, 0xffdf, 0xffdf, 0xffde, 0xffde, 0xffde, 0xffde, 0xffde, 0xffde, 0xffde, 0xffde, 
	0xffbd, 0xffbd, 0xffbd, 0xffbd, 0xffbd, 0xffbd, 0xff9d, 0xff9d, 0xff9d, 0xff9d, 0xff9d, 0xff9d, 0xff9c, 0xff9c, 0xf79c, 0xf79c, 
	0xf77c, 0xf77c, 0xf77c, 0xf77c, 0xf77c, 0xf77b, 0xf77b, 0xf77b, 0xf75b, 0xf75b, 0xf75b, 0xf75b, 0xf75b, 0xf73b, 0xf73b, 0xf73a, 
	0xf73a, 0xf73a, 0xf73a, 0xf73a, 0xf73a, 0xf73a, 0xf73a, 0xf73a, 0xf719, 0xf719, 0xf719, 0xf719, 0xf719, 0xf6f9, 0xf6f9, 0xf6f9, 
	0xeef9, 0xeef9, 0xf6f8, 0xf6f8, 0xeef8, 0xeef8, 0xeef8, 0xeed8, 0xeed8, 0xeed8, 0xeed8, 0xeed8, 0xeed7, 0xeed7, 0xeeb7, 0xeeb7, 
	0xeeb7, 0xeeb7, 0xeeb7, 0xeeb6, 0xee96, 0xee96, 0xee96, 0xee96, 0xee96, 0xee96, 0xee96, 0xee96, 0xee76, 0xee76, 0xee76, 0xee75, 
	0xeeb6, 0xeeb7, 0xeeb7, 0xeeb7, 0xeeb7, 0xeeb7, 0xeed7, 0xeed7, 0xeed8, 0xeed8, 0xeed8, 0xeed8, 0xeed8, 0xeef8, 0xeef8, 0xeef8, 
	0xf6f8, 0xf6f8, 0xeef9, 0xf6f9, 0xf6f9, 0xf6f9, 0xf6f9, 0xf719, 0xf719, 0xf719, 0xf719, 0xf73a, 0xf73a, 0xf73a, 0xf73a, 0xf73a, 
	0xf73a, 0xf73a, 0xf73a, 0xf73a, 0xf73a, 0xf73b, 0xf75b, 0xf75b, 0xf75b, 0xf75b, 0xf75b, 0xf75b, 0xf77b, 0xf77b, 0xf77b, 0xf77c, 
	0xf77c, 0xf77c, 0xf77c, 0xf77c, 0xf79c, 0xf79c, 0xff9c, 0xff9c, 0xff9d, 0xff9d, 0xff9d, 0xff9d, 0xff9d, 0xff9d, 0xffbd, 0xffbd, 
	0xffbd, 0xffbd, 0xffbd, 0xffbd, 0xffde, 0xffde, 0xffde, 0xffde, 0xffde, 0xffde, 0xffde, 0xffde, 0xffdf, 0xffdf, 0xffff, 0xffff, 
	0xffff, 0xffff, 0xffff, 0xffff, 0xffff, 0xffff, 0xffff, 0xffff, 0xffff, 0xffff, 0xffff, 0xffff, 0xffff, 0xffff, 0xffff, 0xffff, 
	0xffff, 0xffff, 0xffff, 0xffff, 0xffff, 0xffff, 0xffff, 0xffff, 0xffff, 0xffff, 0xffff, 0xffff, 0xfffd, 0xffdd, 0xfffc, 0xfffc, 
	0xf769, 0xe6e7, 0xef24, 0xef24, 0xef24, 0xef04, 0xef24, 0xef24, 0xef24, 0xef24, 0xef04, 0xef24, 0xef24, 0xef24, 0xe6e7, 0xf769, 
	0xfffc, 0xfffc, 0xffdd, 0xfffd, 0xffff, 0xffff, 0xffff, 0xffff, 0xffff, 0xffff, 0xffff, 0xffff, 0xffff, 0xffff, 0xffff, 0xffff, 
	0xffff, 0xffff, 0xffff, 0xffff, 0xffff, 0xffdf, 0xffdf, 0xffde, 0xffde, 0xffde, 0xffde, 0xffde, 0xffde, 0xffde, 0xffde, 0xffde, 
	0xffbd, 0xffbd, 0xffbd, 0xffbd, 0xffbd, 0xffbd, 0xff9d, 0xff9d, 0xff9d, 0xff9d, 0xff9d, 0xff9d, 0xff9c, 0xff9c, 0xf79c, 0xf79c, 
	0xf77c, 0xf77c, 0xf77c, 0xf77c, 0xf77b, 0xf77b, 0xf77b, 0xf77b, 0xf75b, 0xf75b, 0xf75b, 0xf75b, 0xf75b, 0xf73b, 0xf73b, 0xf73a, 
	0xf73a, 0xf73a, 0xf73a, 0xf73a, 0xf73a, 0xf73a, 0xf73a, 0xf73a, 0xf719, 0xf719, 0xf719, 0xf719, 0xf6f9, 0xf6f9, 0xf6f9, 0xf6f9, 
	0xeef9, 0xeef9, 0xf6f8, 0xf6f8, 0xeef8, 0xeef8, 0xeef8, 0xeed8, 0xeed8, 0xeed8, 0xeed8, 0xeed8, 0xeed7, 0xeeb7, 0xeeb7, 0xeeb7, 
	0xeeb7, 0xeeb7, 0xeeb7, 0xeeb6, 0xee96, 0xee96, 0xee96, 0xee96, 0xee96, 0xee96, 0xee96, 0xee96, 0xee76, 0xee76, 0xee75, 0xee75, 
	0xeeb6, 0xeeb7, 0xeeb7, 0xeeb7, 0xeeb7, 0xeeb7, 0xeed7, 0xeed7, 0xeed8, 0xeed8, 0xeed8, 0xeed8, 0xeed8, 0xeef8, 0xeef8, 0xeef8, 
	0xf6f8, 0xf6f8, 0xeef9, 0xeef9, 0xf6f9, 0xf6f9, 0xf6f9, 0xf719, 0xf719, 0xf719, 0xf719, 0xf719, 0xf73a, 0xf73a, 0xf73a, 0xf73a, 
	0xf73a, 0xf73a, 0xf73a, 0xf73a, 0xf73a, 0xf73b, 0xf73b, 0xf75b, 0xf75b, 0xf75b, 0xf75b, 0xf75b, 0xf77b, 0xf77b, 0xf77b, 0xf77b, 
	0xf77c, 0xf77c, 0xf77c, 0xf77c, 0xf79c, 0xf79c, 0xff9c, 0xff9c, 0xff9d, 0xff9d, 0xff9d, 0xff9d, 0xff9d, 0xff9d, 0xffbd, 0xffbd, 
	0xffbd, 0xffbd, 0xffbd, 0xffbd, 0xffde, 0xffde, 0xffde, 0xffde, 0xffde, 0xffde, 0xffde, 0xffde, 0xffde, 0xffdf, 0xffdf, 0xffff, 
	0xffff, 0xffff, 0xffff, 0xffff, 0xffff, 0xffff, 0xffff, 0xffff, 0xffff, 0xffff, 0xffff, 0xffff, 0xffff, 0xffff, 0xffff, 0xffff, 
	0xffff, 0xffff, 0xffff, 0xffff, 0xffff, 0xffff, 0xffff, 0xffff, 0xffff, 0xffff, 0xffff, 0xffff, 0xffff, 0xffff, 0xffff, 0xffff, 
	0xf769, 0xe6e7, 0xef23, 0xef23, 0xef24, 0xef24, 0xef24, 0xef24, 0xef24, 0xef24, 0xef24, 0xef24, 0xef24, 0xef24, 0xe6e7, 0xf769, 
	0xffff, 0xffff, 0xffff, 0xffff, 0xffff, 0xffff, 0xffff, 0xffff, 0xffff, 0xffff, 0xffff, 0xffff, 0xffff, 0xffff, 0xffff, 0xffff, 
	0xffff, 0xffff, 0xffff, 0xffff, 0xffff, 0xffdf, 0xffdf, 0xffde, 0xffde, 0xffde, 0xffde, 0xffde, 0xffde, 0xffde, 0xffde, 0xffbd, 
	0xffbd, 0xffbd, 0xffbd, 0xffbd, 0xffbd, 0xffbd, 0xff9d, 0xff9d, 0xff9d, 0xff9d, 0xff9d, 0xf79c, 0xff9c, 0xf79c, 0xf79c, 0xf77c, 
	0xf77c, 0xf77c, 0xf77c, 0xf77c, 0xf77b, 0xf77b, 0xf77b, 0xf75b, 0xf75b, 0xf75b, 0xf75b, 0xf75b, 0xf75b, 0xf73b, 0xf73a, 0xf73a, 
	0xf73a, 0xf73a, 0xf73a, 0xf73a, 0xf73a, 0xf73a, 0xf73a, 0xf73a, 0xf719, 0xf719, 0xf719, 0xf719, 0xf6f9, 0xf6f9, 0xf6f9, 0xf6f9, 
	0xeef9, 0xeef9, 0xf6f8, 0xf6f8, 0xeef8, 0xeef8, 0xeef8, 0xeed8, 0xeed8, 0xeed8, 0xeed8, 0xeed7, 0xeed7, 0xeeb7, 0xeeb7, 0xeeb7, 
	0xeeb7, 0xeeb7, 0xeeb7, 0xee96, 0xee96, 0xee96, 0xee96, 0xee96, 0xee96, 0xee96, 0xee96, 0xee96, 0xee76, 0xee76, 0xee75, 0xee75, 
	0xeeb6, 0xeeb7, 0xeeb7, 0xeeb7, 0xeeb7, 0xeeb7, 0xeeb7, 0xeed7, 0xeed7, 0xeed8, 0xeed8, 0xeed8, 0xeed8, 0xeef8, 0xeef8, 0xeef8, 
	0xf6f8, 0xf6f8, 0xeef9, 0xeef9, 0xf6f9, 0xf6f9, 0xf6f9, 0xf6f9, 0xf719, 0xf719, 0xf719, 0xf719, 0xf73a, 0xf73a, 0xf73a, 0xf73a, 
	0xf73a, 0xf73a, 0xf73a, 0xf73a, 0xf73a, 0xf73a, 0xf73b, 0xf75b, 0xf75b, 0xf75b, 0xf75b, 0xf75b, 0xf75b, 0xf77b, 0xf77b, 0xf77b, 
	0xf77c, 0xf77c, 0xf77c, 0xf77c, 0xf77c, 0xf79c, 0xf79c, 0xff9c, 0xf79c, 0xff9d, 0xff9d, 0xff9d, 0xff9d, 0xffbd, 0xffbd, 0xffbd, 
	0xffbd, 0xffbd, 0xffbd, 0xffbd, 0xffbd, 0xffde, 0xffde, 0xffde, 0xffde, 0xffde, 0xffde, 0xffde, 0xffde, 0xffde, 0xffdf, 0xffdf, 
	0xffff, 0xffff, 0xffff, 0xffff, 0xffff, 0xffff, 0xffff, 0xffff, 0xffff, 0xffff, 0xffff, 0xffff, 0xffff, 0xffff, 0xffff, 0xffff, 
	0xffff, 0xffff, 0xffff, 0xffff, 0xffff, 0xffff, 0xffff, 0xffff, 0xffff, 0xffff, 0xffff, 0xffff, 0xffff, 0xffff, 0xffff, 0xffff, 
	0xf769, 0xe6e7, 0xef23, 0xef23, 0xef24, 0xef24, 0xef24, 0xef24, 0xef24, 0xef24, 0xef04, 0xef24, 0xef24, 0xef24, 0xe6e7, 0xf769, 
	0xffff, 0xffff, 0xffff, 0xffff, 0xffff, 0xffff, 0xffff, 0xffff, 0xffff, 0xffff, 0xffff, 0xffff, 0xffff, 0xffff, 0xffff, 0xffff, 
	0xffff, 0xffff, 0xffff, 0xffff, 0xffdf, 0xffdf, 0xffde, 0xffde, 0xffde, 0xffde, 0xffde, 0xffde, 0xffde, 0xffde, 0xffde, 0xffbd, 
	0xffbd, 0xffbd, 0xffbd, 0xffbd, 0xff9d, 0xff9d, 0xffbd, 0xff9d, 0xff9d, 0xff9d, 0xff9d, 0xff9c, 0xff9c, 0xf79c, 0xf79c, 0xf77c, 
	0xf77c, 0xf77c, 0xf77c, 0xf77c, 0xf77b, 0xf77b, 0xf77b, 0xf75b, 0xf75b, 0xf75b, 0xf75b, 0xf75b, 0xf75b, 0xf73b, 0xf73a, 0xf73a, 
	0xf73a, 0xf73a, 0xf73a, 0xf73a, 0xf73a, 0xf73a, 0xf73a, 0xf73a, 0xf719, 0xf719, 0xf719, 0xf719, 0xf6f9, 0xf6f9, 0xf6f9, 0xf6f9, 
	0xeef9, 0xeef9, 0xf6f8, 0xeef8, 0xeef8, 0xeef8, 0xeed8, 0xeed8, 0xeed8, 0xeed8, 0xeed7, 0xeed7, 0xeed7, 0xeeb7, 0xeeb7, 0xeeb7, 
	0xeeb7, 0xeeb7, 0xeeb7, 0xee96, 0xee96, 0xee96, 0xee96, 0xee96, 0xee96, 0xee96, 0xee96, 0xee76, 0xee76, 0xee76, 0xee75, 0xee75, 
	0xee96, 0xeeb7, 0xeeb7, 0xeeb7, 0xeeb7, 0xeeb7, 0xeeb7, 0xeed7, 0xeed7, 0xeed8, 0xeed8, 0xeed8, 0xeed8, 0xeef8, 0xeef8, 0xeef8, 
	0xf6f8, 0xf6f8, 0xeef9, 0xeef9, 0xf6f9, 0xf6f9, 0xf6f9, 0xf6f9, 0xf719, 0xf719, 0xf719, 0xf719, 0xf73a, 0xf73a, 0xf73a, 0xf73a, 
	0xf73a, 0xf73a, 0xf73a, 0xf73a, 0xf73a, 0xf73a, 0xf73b, 0xf75b, 0xf75b, 0xf75b, 0xf75b, 0xf75b, 0xf75b, 0xf77b, 0xf77b, 0xf77b, 
	0xf77c, 0xf77c, 0xf77c, 0xf77c, 0xf77c, 0xf79c, 0xf79c, 0xff9c, 0xff9c, 0xff9d, 0xff9d, 0xff9d, 0xff9d, 0xffbd, 0xff9d, 0xff9d, 
	0xffbd, 0xffbd, 0xffbd, 0xffbd, 0xffbd, 0xffbd, 0xffde, 0xffde, 0xffde, 0xffde, 0xffde, 0xffde, 0xffde, 0xffde, 0xffdf, 0xffdf, 
	0xffff, 0xffff, 0xffff, 0xffff, 0xffff, 0xffff, 0xffff, 0xffff, 0xffff, 0xffff, 0xffff, 0xffff, 0xffff, 0xffff, 0xffff, 0xffff, 
	0xffff, 0xffff, 0xffff, 0xffff, 0xffff, 0xffff, 0xffff, 0xffff, 0xffff, 0xffff, 0xffff, 0xffff, 0xffff, 0xffff, 0xffff, 0xffff, 
	0xfffb, 0xffdb, 0xffd9, 0xffd9, 0xef47, 0xe706, 0xef24, 0xef24, 0xef24, 0xef24, 0xef04, 0xef24, 0xef24, 0xef24, 0xe6e8, 0xf769, 
	0xffff, 0xffff, 0xffff, 0xffff, 0xffff, 0xffff, 0xffff, 0xffff, 0xffff, 0xffff, 0xffff, 0xffff, 0xffff, 0xffff, 0xffff, 0xffff, 
	0xffff, 0xffff, 0xffff, 0xffdf, 0xffdf, 0xffde, 0xffde, 0xffde, 0xffde, 0xffde, 0xffde, 0xffde, 0xffde, 0xffde, 0xffbd, 0xffbd, 
	0xffbd, 0xffbd, 0xffbd, 0xffbd, 0xff9d, 0xff9d, 0xff9d, 0xff9d, 0xff9d, 0xff9d, 0xff9c, 0xff9c, 0xf79c, 0xf79c, 0xf77c, 0xf77c, 
	0xf77c, 0xf77c, 0xf77c, 0xf77b, 0xf77b, 0xf77b, 0xf75b, 0xf75b, 0xf75b, 0xf75b, 0xf75b, 0xf75b, 0xf73b, 0xf73b, 0xf73a, 0xf73a, 
	0xf73a, 0xf73a, 0xf73a, 0xf73a, 0xf73a, 0xf73a, 0xf73a, 0xf73a, 0xf719, 0xf719, 0xf719, 0xf719, 0xf6f9, 0xf6f9, 0xf6f9, 0xeef9, 
	0xeef9, 0xeef8, 0xf6f8, 0xeef8, 0xeef8, 0xeef8, 0xeed8, 0xeed8, 0xeed8, 0xeed8, 0xeed7, 0xeed7, 0xeed7, 0xeeb7, 0xeeb7, 0xeeb7, 
	0xeeb7, 0xeeb7, 0xee96, 0xee96, 0xee96, 0xee96, 0xee96, 0xee96, 0xee96, 0xee96, 0xee96, 0xee76, 0xee76, 0xee76, 0xee75, 0xee75, 
	0xee96, 0xeeb7, 0xeeb7, 0xeeb7, 0xeeb7, 0xeeb7, 0xeeb7, 0xeed7, 0xeed7, 0xeed7, 0xeed8, 0xeed8, 0xeed8, 0xeed8, 0xeef8, 0xeef8, 
	0xeef8, 0xf6f8, 0xeef8, 0xeef9, 0xf6f9, 0xf6f9, 0xf6f9, 0xf6f9, 0xf719, 0xf719, 0xf719, 0xf719, 0xf73a, 0xf73a, 0xf73a, 0xf73a, 
	0xf73a, 0xf73a, 0xf73a, 0xf73a, 0xf73a, 0xf73a, 0xf73b, 0xf73b, 0xf75b, 0xf75b, 0xf75b, 0xf75b, 0xf75b, 0xf75b, 0xf77b, 0xf77b, 
	0xf77b, 0xf77c, 0xf77c, 0xf77c, 0xf77c, 0xf77c, 0xf79c, 0xf79c, 0xff9c, 0xff9c, 0xff9d, 0xff9d, 0xff9d, 0xff9d, 0xff9d, 0xff9d, 
	0xffbd, 0xffbd, 0xffbd, 0xffbd, 0xffbd, 0xffbd, 0xffde, 0xffde, 0xffde, 0xffde, 0xffde, 0xffde, 0xffde, 0xffde, 0xffde, 0xffdf, 
	0xffdf, 0xffff, 0xffff, 0xffff, 0xffff, 0xffff, 0xffff, 0xffff, 0xffff, 0xffff, 0xffff, 0xffff, 0xffff, 0xffff, 0xffff, 0xffff, 
	0xffff, 0xffff, 0xffff, 0xffff, 0xffff, 0xffff, 0xffff, 0xffff, 0xffff, 0xffff, 0xffff, 0xffff, 0xffff, 0xffff, 0xffff, 0xffff, 
	0xffff, 0xffff, 0xffff, 0xffff, 0xef48, 0xe707, 0xef24, 0xef24, 0xef24, 0xef24, 0xef04, 0xef04, 0xef24, 0xef24, 0xe6e8, 0xf769, 
	0xffff, 0xffff, 0xffff, 0xffff, 0xffff, 0xffff, 0xffff, 0xffff, 0xffff, 0xffff, 0xffff, 0xffff, 0xffff, 0xffff, 0xffff, 0xffff, 
	0xffff, 0xffff, 0xffdf, 0xffdf, 0xffde, 0xffde, 0xffde, 0xffde, 0xffde, 0xffde, 0xffde, 0xffde, 0xffde, 0xffbd, 0xffbd, 0xffbd, 
	0xffbd, 0xffbd, 0xffbd, 0xffbd, 0xff9d, 0xff9d, 0xff9d, 0xff9d, 0xff9d, 0xff9d, 0xff9c, 0xff9c, 0xf79c, 0xf79c, 0xf77c, 0xf77c, 
	0xf77c, 0xf77c, 0xf77c, 0xf77b, 0xf77b, 0xf77b, 0xf75b, 0xf75b, 0xf75b, 0xf75b, 0xf75b, 0xf75b, 0xf73b, 0xf73b, 0xf73a, 0xf73a, 
	0xf73a, 0xf73a, 0xf73a, 0xf73a, 0xf73a, 0xf73a, 0xf73a, 0xf719, 0xf719, 0xf719, 0xf719, 0xf719, 0xf6f9, 0xf6f9, 0xf6f9, 0xeef9, 
	0xeef8, 0xeef8, 0xf6f8, 0xeef8, 0xeef8, 0xeef8, 0xeed8, 0xeed8, 0xeed8, 0xeed8, 0xeed7, 0xeed7, 0xeeb7, 0xeeb7, 0xeeb7, 0xeeb7, 
	0xeeb7, 0xeeb7, 0xee96, 0xee96, 0xee96, 0xee96, 0xee96, 0xee96, 0xee96, 0xee96, 0xee96, 0xee76, 0xee76, 0xee75, 0xee75, 0xee75, 
	0xee96, 0xee96, 0xeeb7, 0xeeb7, 0xeeb7, 0xeeb7, 0xeeb7, 0xeed7, 0xeed7, 0xeed7, 0xeed8, 0xeed8, 0xeed8, 0xeed8, 0xeef8, 0xeef8, 
	0xeef8, 0xf6f8, 0xeef8, 0xeef9, 0xeef9, 0xf6f9, 0xf6f9, 0xf6f9, 0xf719, 0xf719, 0xf719, 0xf719, 0xf73a, 0xf73a, 0xf73a, 0xf73a, 
	0xf73a, 0xf73a, 0xf73a, 0xf73a, 0xf73a, 0xf73a, 0xf73b, 0xf73b, 0xf75b, 0xf75b, 0xf75b, 0xf75b, 0xf75b, 0xf75b, 0xf77b, 0xf77b, 
	0xf77b, 0xf77c, 0xf77c, 0xf77c, 0xf77c, 0xf77c, 0xf79c, 0xf79c, 0xff9c, 0xff9c, 0xff9d, 0xff9d, 0xff9d, 0xff9d, 0xff9d, 0xff9d, 
	0xffbd, 0xffbd, 0xffbd, 0xffbd, 0xffbd, 0xffbd, 0xffbd, 0xffde, 0xffde, 0xffde, 0xffde, 0xffde, 0xffde, 0xffde, 0xffde, 0xffde, 
	0xffdf, 0xffdf, 0xffff, 0xffff, 0xffff, 0xffff, 0xffff, 0xffff, 0xffff, 0xffff, 0xffff, 0xffff, 0xffff, 0xffff, 0xffff, 0xffff, 
	0xffff, 0xffff, 0xffff, 0xffff, 0xffff, 0xffff, 0xffff, 0xffff, 0xffff, 0xffff, 0xffff, 0xffff, 0xffff, 0xffff, 0xffff, 0xffff, 
	0xffff, 0xffff, 0xffff, 0xfffe, 0xef47, 0xe705, 0xef22, 0xef22, 0xe704, 0xef24, 0xe704, 0xef24, 0xef23, 0xef23, 0xe6e7, 0xf769, 
	0xffff, 0xffff, 0xffff, 0xffff, 0xffff, 0xffff, 0xffff, 0xffff, 0xffff, 0xffff, 0xffff, 0xffff, 0xffff, 0xffff, 0xffff, 0xffff, 
	0xffff, 0xffdf, 0xffdf, 0xffdf, 0xffde, 0xffde, 0xffde, 0xffde, 0xffde, 0xffde, 0xffde, 0xffde, 0xffde, 0xffbd, 0xffbd, 0xffbd, 
	0xffbd, 0xffbd, 0xffbd, 0xffbd, 0xff9d, 0xff9d, 0xff9d, 0xff9d, 0xff9d, 0xf79c, 0xff9c, 0xf79c, 0xf79c, 0xf77c, 0xf77c, 0xf77c, 
	0xf77c, 0xf77c, 0xf77b, 0xf77b, 0xf77b, 0xf77b, 0xf75b, 0xf75b, 0xf75b, 0xf75b, 0xf75b, 0xf73b, 0xf73b, 0xf73a, 0xf73a, 0xf73a, 
	0xf73a, 0xf73a, 0xf73a, 0xf73a, 0xf73a, 0xf73a, 0xf73a, 0xf719, 0xf719, 0xf719, 0xf719, 0xf719, 0xf6f9, 0xf6f9, 0xf6f9, 0xeef9, 
	0xeef8, 0xeef8, 0xf6f8, 0xeef8, 0xeef8, 0xeef8, 0xeed8, 0xeed8, 0xeed8, 0xeed8, 0xeed7, 0xeed7, 0xeeb7, 0xeeb7, 0xeeb7, 0xeeb7, 
	0xeeb7, 0xeeb7, 0xee96, 0xee96, 0xee96, 0xee96, 0xee96, 0xee96, 0xee96, 0xee96, 0xee96, 0xee76, 0xee76, 0xee75, 0xee75, 0xee75, 
	0xee96, 0xee96, 0xeeb7, 0xeeb7, 0xeeb7, 0xeeb7, 0xeeb7, 0xeeb7, 0xeed7, 0xeed7, 0xeed8, 0xeed8, 0xeed8, 0xeed8, 0xeef8, 0xeef8, 
	0xeef8, 0xf6f8, 0xeef8, 0xeef8, 0xeef9, 0xf6f9, 0xf6f9, 0xf6f9, 0xf719, 0xf719, 0xf719, 0xf719, 0xf719, 0xf73a, 0xf73a, 0xf73a, 
	0xf73a, 0xf73a, 0xf73a, 0xf73a, 0xf73a, 0xf73a, 0xf73a, 0xf73b, 0xf73b, 0xf75b, 0xf75b, 0xf75b, 0xf75b, 0xf75b, 0xf77b, 0xf77b, 
	0xf77b, 0xf77b, 0xf77c, 0xf77c, 0xf77c, 0xf77c, 0xf77c, 0xf79c, 0xf79c, 0xff9c, 0xf79c, 0xff9d, 0xff9d, 0xff9d, 0xff9d, 0xffbd, 
	0xffbd, 0xffbd, 0xffbd, 0xffbd, 0xffbd, 0xffbd, 0xffbd, 0xffbd, 0xffde, 0xffde, 0xffde, 0xffde, 0xffde, 0xffde, 0xffde, 0xffde, 
	0xffde, 0xffdf, 0xffdf, 0xffff, 0xffff, 0xffff, 0xffff, 0xffff, 0xffff, 0xffff, 0xffff, 0xffff, 0xffff, 0xffff, 0xffff, 0xffff, 
	0xffff, 0xffff, 0xffff, 0xffff, 0xffff, 0xffff, 0xffff, 0xffff, 0xffff, 0xffff, 0xffff, 0xffff, 0xffff, 0xffff, 0xffff, 0xffff, 
	0xffff, 0xffff, 0xffff, 0xffff, 0xffd8, 0xf7b7, 0xffb5, 0xf7b5, 0xef4a, 0xef4a, 0xef2b, 0xf74b, 0xffb6, 0xffb6, 0xf7b7, 0xffd8, 
	0xffff, 0xffff, 0xffff, 0xffff, 0xffff, 0xffff, 0xffff, 0xffff, 0xffff, 0xffff, 0xffff, 0xffff, 0xffff, 0xffff, 0xffff, 0xffff, 
	0xffdf, 0xffdf, 0xffdf, 0xffde, 0xffde, 0xffde, 0xffde, 0xffde, 0xffde, 0xffde, 0xffde, 0xffde, 0xffbd, 0xffbd, 0xffbd, 0xffbd, 
	0xffbd, 0xffbd, 0xff9d, 0xff9d, 0xffbd, 0xff9d, 0xff9d, 0xff9d, 0xff9d, 0xff9c, 0xff9c, 0xf79c, 0xf79c, 0xf77c, 0xf77c, 0xf77c, 
	0xf77c, 0xf77c, 0xf77b, 0xf77b, 0xf77b, 0xf77b, 0xf75b, 0xf75b, 0xf75b, 0xf75b, 0xf75b, 0xf73b, 0xf73b, 0xf73a, 0xf73a, 0xf73a, 
	0xf73a, 0xf73a, 0xf73a, 0xf73a, 0xf73a, 0xf73a, 0xf719, 0xf719, 0xf719, 0xf719, 0xf719, 0xf6f9, 0xf6f9, 0xf6f9, 0xf6f9, 0xeef9, 
	0xf6f8, 0xf6f8, 0xeef8, 0xeef8, 0xeef8, 0xeed8, 0xeed8, 0xeed8, 0xeed8, 0xeed8, 0xeed7, 0xeed7, 0xeeb7, 0xeeb7, 0xeeb7, 0xeeb7, 
	0xeeb7, 0xeeb7, 0xee96, 0xee96, 0xee96, 0xee96, 0xee96, 0xee96, 0xee96, 0xee96, 0xee96, 0xee76, 0xee76, 0xee75, 0xee75, 0xee75, 
	0xee96, 0xee96, 0xeeb7, 0xeeb7, 0xeeb7, 0xeeb7, 0xeeb7, 0xeeb7, 0xeed7, 0xeed7, 0xeed8, 0xeed8, 0xeed8, 0xeed8, 0xeed8, 0xeef8, 
	0xeef8, 0xeef8, 0xf6f8, 0xf6f8, 0xeef9, 0xf6f9, 0xf6f9, 0xf6f9, 0xf6f9, 0xf719, 0xf719, 0xf719, 0xf719, 0xf719, 0xf73a, 0xf73a, 
	0xf73a, 0xf73a, 0xf73a, 0xf73a, 0xf73a, 0xf73a, 0xf73a, 0xf73b, 0xf73b, 0xf75b, 0xf75b, 0xf75b, 0xf75b, 0xf75b, 0xf77b, 0xf77b, 
	0xf77b, 0xf77b, 0xf77c, 0xf77c, 0xf77c, 0xf77c, 0xf77c, 0xf79c, 0xf79c, 0xff9c, 0xff9c, 0xff9d, 0xff9d, 0xff9d, 0xff9d, 0xff9d, 
	0xff9d, 0xff9d, 0xffbd, 0xffbd, 0xffbd, 0xffbd, 0xffbd, 0xffbd, 0xffde, 0xffde, 0xffde, 0xffde, 0xffde, 0xffde, 0xffde, 0xffde, 
	0xffde, 0xffde, 0xffdf, 0xffdf, 0xffff, 0xffff, 0xffff, 0xffff, 0xffff, 0xffff, 0xffff, 0xffff, 0xffff, 0xffff, 0xffff, 0xffff, 
	0xffff, 0xffff, 0xffff, 0xffff, 0xffff, 0xffff, 0xffff, 0xffff, 0xffff, 0xffff, 0xffff, 0xffff, 0xffff, 0xffff, 0xffff, 0xffff, 
	0xffff, 0xffff, 0xffff, 0xffff, 0xffff, 0xffff, 0xffff, 0xffff, 0xf76e, 0xef4d, 0xef4e, 0xf78f, 0xffff, 0xffff, 0xffff, 0xffff, 
	0xffff, 0xffff, 0xffff, 0xffff, 0xffff, 0xffff, 0xffff, 0xffff, 0xffff, 0xffff, 0xffff, 0xffff, 0xffff, 0xffff, 0xffff, 0xffdf, 
	0xffdf, 0xffdf, 0xffde, 0xffde, 0xffde, 0xffde, 0xffde, 0xffde, 0xffde, 0xffde, 0xffde, 0xffbd, 0xffbd, 0xffbd, 0xffbd, 0xffbd, 
	0xffbd, 0xffbd, 0xff9d, 0xff9d, 0xff9d, 0xff9d, 0xff9d, 0xff9d, 0xff9c, 0xff9c, 0xf79c, 0xf79c, 0xf77c, 0xf77c, 0xf77c, 0xf77c, 
	0xf77c, 0xf77c, 0xf77b, 0xf77b, 0xf77b, 0xf75b, 0xf75b, 0xf75b, 0xf75b, 0xf75b, 0xf75b, 0xf73b, 0xf73a, 0xf73a, 0xf73a, 0xf73a, 
	0xf73a, 0xf73a, 0xf73a, 0xf73a, 0xf73a, 0xf73a, 0xf719, 0xf719, 0xf719, 0xf719, 0xf6f9, 0xf6f9, 0xf6f9, 0xf6f9, 0xeef9, 0xeef9, 
	0xf6f8, 0xf6f8, 0xeef8, 0xeef8, 0xeef8, 0xeed8, 0xeed8, 0xeed8, 0xeed8, 0xeed8, 0xeed7, 0xeed7, 0xeeb7, 0xeeb7, 0xeeb7, 0xeeb7, 
	0xeeb7, 0xeeb6, 0xee96, 0xee96, 0xee96, 0xee96, 0xee96, 0xee96, 0xee96, 0xee96, 0xee76, 0xee76, 0xee75, 0xee75, 0xee75, 0xee75, 
	0xee96, 0xee96, 0xeeb6, 0xeeb7, 0xeeb7, 0xeeb7, 0xeeb7, 0xeeb7, 0xeed7, 0xeed7, 0xeed8, 0xeed8, 0xeed8, 0xeed8, 0xeed8, 0xeef8, 
	0xeef8, 0xeef8, 0xf6f8, 0xf6f8, 0xeef9, 0xeef9, 0xf6f9, 0xf6f9, 0xf6f9, 0xf6f9, 0xf719, 0xf719, 0xf719, 0xf719, 0xf73a, 0xf73a, 
	0xf73a, 0xf73a, 0xf73a, 0xf73a, 0xf73a, 0xf73a, 0xf73a, 0xf73a, 0xf73b, 0xf75b, 0xf75b, 0xf75b, 0xf75b, 0xf75b, 0xf77b, 0xf77b, 
	0xf77b, 0xf77b, 0xf77b, 0xf77c, 0xf77c, 0xf77c, 0xf77c, 0xf77c, 0xf79c, 0xf79c, 0xff9c, 0xff9c, 0xff9d, 0xff9d, 0xff9d, 0xff9d, 
	0xff9d, 0xff9d, 0xffbd, 0xffbd, 0xffbd, 0xffbd, 0xffbd, 0xffbd, 0xffbd, 0xffde, 0xffde, 0xffde, 0xffde, 0xffde, 0xffde, 0xffde, 
	0xffde, 0xffde, 0xffde, 0xffdf, 0xffdf, 0xffff, 0xffff, 0xffff, 0xffff, 0xffff, 0xffff, 0xffff, 0xffff, 0xffff, 0xffff, 0xffff, 
	0xffff, 0xffff, 0xffff, 0xffff, 0xffff, 0xffff, 0xffff, 0xffff, 0xffff, 0xffff, 0xffff, 0xffff, 0xffff, 0xffff, 0xffff, 0xffff, 
	0xffff, 0xffff, 0xffff, 0xffff, 0xffff, 0xffff, 0xfffe, 0xfffe, 0xf76d, 0xef4c, 0xef4d, 0xf76e, 0xffff, 0xffff, 0xffff, 0xffff, 
	0xffff, 0xffff, 0xffff, 0xffff, 0xffff, 0xffff, 0xffff, 0xffff, 0xffff, 0xffff, 0xffff, 0xffff, 0xffff, 0xffff, 0xffdf, 0xffdf, 
	0xffdf, 0xffde, 0xffde, 0xffde, 0xffde, 0xffde, 0xffde, 0xffde, 0xffde, 0xffde, 0xffde, 0xffbd, 0xffbd, 0xffbd, 0xffbd, 0xffbd, 
	0xffbd, 0xffbd, 0xffbd, 0xffbd, 0xff9d, 0xff9d, 0xff9d, 0xff9d, 0xff9c, 0xff9c, 0xf79c, 0xf79c, 0xf77c, 0xf77c, 0xf77c, 0xf77c, 
	0xf77c, 0xf77b, 0xf77b, 0xf77b, 0xf75b, 0xf75b, 0xf75b, 0xf75b, 0xf75b, 0xf75b, 0xf73b, 0xf73b, 0xf73a, 0xf73a, 0xf73a, 0xf73a, 
	0xf73a, 0xf73a, 0xf73a, 0xf73a, 0xf73a, 0xf73a, 0xf719, 0xf719, 0xf719, 0xf719, 0xf6f9, 0xf6f9, 0xf6f9, 0xf6f9, 0xeef9, 0xeef9, 
	0xf6f8, 0xf6f8, 0xeef8, 0xeef8, 0xeef8, 0xeed8, 0xeed8, 0xeed8, 0xeed8, 0xeed7, 0xeed7, 0xeeb7, 0xeeb7, 0xeeb7, 0xeeb7, 0xeeb7, 
	0xeeb7, 0xeeb6, 0xee96, 0xee96, 0xee96, 0xee96, 0xee96, 0xee96, 0xee96, 0xee96, 0xee76, 0xee76, 0xee76, 0xee75, 0xee75, 0xee75, 
	0xee96, 0xee96, 0xeeb6, 0xeeb7, 0xeeb7, 0xeeb7, 0xeeb7, 0xeeb7, 0xeeb7, 0xeed7, 0xeed7, 0xeed8, 0xeed8, 0xeed8, 0xeed8, 0xeef8, 
	0xeef8, 0xeef8, 0xf6f8, 0xf6f8, 0xeef9, 0xeef9, 0xf6f9, 0xf6f9, 0xf6f9, 0xf6f9, 0xf719, 0xf719, 0xf719, 0xf719, 0xf73a, 0xf73a, 
	0xf73a, 0xf73a, 0xf73a, 0xf73a, 0xf73a, 0xf73a, 0xf73a, 0xf73a, 0xf73b, 0xf73b, 0xf75b, 0xf75b, 0xf75b, 0xf75b, 0xf75b, 0xf75b, 
	0xf77b, 0xf77b, 0xf77b, 0xf77c, 0xf77c, 0xf77c, 0xf77c, 0xf77c, 0xf79c, 0xf79c, 0xff9c, 0xff9c, 0xff9d, 0xff9d, 0xff9d, 0xff9d, 
	0xff9d, 0xffbd, 0xffbd, 0xffbd, 0xffbd, 0xffbd, 0xffbd, 0xffbd, 0xffbd, 0xffbd, 0xffde, 0xffde, 0xffde, 0xffde, 0xffde, 0xffde, 
	0xffde, 0xffde, 0xffde, 0xffde, 0xffdf, 0xffdf, 0xffff, 0xffff, 0xffff, 0xffff, 0xffff, 0xffff, 0xffff, 0xffff, 0xffff, 0xffff, 
	0xffff, 0xffff, 0xffff, 0xffff, 0xffff, 0xffff, 0xffff, 0xffff, 0xffff, 0xffff, 0xffff, 0xffff, 0xffff, 0xffff, 0xffff, 0xffff, 
	0xffff, 0xffff, 0xffff, 0xffff, 0xffff, 0xffff, 0xffff, 0xffff, 0xffb7, 0xf7b7, 0xf7b7, 0xffb7, 0xffff, 0xffff, 0xffff, 0xffff, 
	0xffff, 0xffff, 0xffff, 0xffff, 0xffff, 0xffff, 0xffff, 0xffff, 0xffff, 0xffff, 0xffff, 0xffff, 0xffff, 0xffdf, 0xffdf, 0xffdf, 
	0xffde, 0xffde, 0xffde, 0xffde, 0xffde, 0xffde, 0xffde, 0xffde, 0xffde, 0xffde, 0xffbd, 0xffbd, 0xffbd, 0xffbd, 0xffbd, 0xffbd, 
	0xff9d, 0xff9d, 0xffbd, 0xff9d, 0xff9d, 0xff9d, 0xff9d, 0xf79c, 0xff9c, 0xf79c, 0xf79c, 0xf77c, 0xf77c, 0xf77c, 0xf77c, 0xf77c, 
	0xf77b, 0xf77b, 0xf77b, 0xf77b, 0xf75b, 0xf75b, 0xf75b, 0xf75b, 0xf75b, 0xf75b, 0xf73b, 0xf73b, 0xf73a, 0xf73a, 0xf73a, 0xf73a, 
	0xf73a, 0xf73a, 0xf73a, 0xf73a, 0xf73a, 0xf73a, 0xf719, 0xf719, 0xf719, 0xf719, 0xf6f9, 0xf6f9, 0xf6f9, 0xeef9, 0xeef9, 0xeef8, 
	0xf6f8, 0xeef8, 0xeef8, 0xeef8, 0xeed8, 0xeed8, 0xeed8, 0xeed8, 0xeed8, 0xeed7, 0xeed7, 0xeeb7, 0xeeb7, 0xeeb7, 0xeeb7, 0xeeb7, 
	0xeeb7, 0xee96, 0xee96, 0xee96, 0xee96, 0xee96, 0xee96, 0xee96, 0xee96, 0xee96, 0xee76, 0xee76, 0xee75, 0xee75, 0xee75, 0xee75, 
	0xee96, 0xee96, 0xee96, 0xeeb7, 0xeeb7, 0xeeb7, 0xeeb7, 0xeeb7, 0xeeb7, 0xeed7, 0xeed7, 0xeed8, 0xeed8, 0xeed8, 0xeed8, 0xeed8, 
	0xeef8, 0xeef8, 0xeef8, 0xf6f8, 0xeef8, 0xeef9, 0xeef9, 0xf6f9, 0xf6f9, 0xf6f9, 0xf719, 0xf719, 0xf719, 0xf719, 0xf73a, 0xf73a, 
	0xf73a, 0xf73a, 0xf73a, 0xf73a, 0xf73a, 0xf73a, 0xf73a, 0xf73a, 0xf73b, 0xf73b, 0xf75b, 0xf75b, 0xf75b, 0xf75b, 0xf75b, 0xf75b, 
	0xf77b, 0xf77b, 0xf77b, 0xf77b, 0xf77c, 0xf77c, 0xf77c, 0xf77c, 0xf77c, 0xf79c, 0xf79c, 0xff9c, 0xff9c, 0xff9d, 0xff9d, 0xff9d, 
	0xff9d, 0xffbd, 0xff9d, 0xff9d, 0xffbd, 0xffbd, 0xffbd, 0xffbd, 0xffbd, 0xffbd, 0xffbd, 0xffde, 0xffde, 0xffde, 0xffde, 0xffde, 
	0xffde, 0xffde, 0xffde, 0xffde, 0xffde, 0xffdf, 0xffdf, 0xffdf, 0xffff, 0xffff, 0xffff, 0xffff, 0xffff, 0xffff, 0xffff, 0xffff, 
	0xffff, 0xffff, 0xffff, 0xffff, 0xffff, 0xffff, 0xffff, 0xffff, 0xffff, 0xffff, 0xffff, 0xffff, 0xffff, 0xffff, 0xffff, 0xffff, 
	0xffff, 0xffff, 0xffff, 0xffff, 0xffff, 0xffff, 0xffff, 0xffff, 0xffff, 0xffff, 0xffff, 0xffff, 0xffff, 0xffff, 0xffff, 0xffff, 
	0xffff, 0xffff, 0xffff, 0xffff, 0xffff, 0xffff, 0xffff, 0xffff, 0xffff, 0xffff, 0xffff, 0xffff, 0xffdf, 0xffdf, 0xffdf, 0xffde, 
	0xffde, 0xffde, 0xffde, 0xffde, 0xffde, 0xffde, 0xffde, 0xffde, 0xffde, 0xffbd, 0xffbd, 0xffbd, 0xffbd, 0xffbd, 0xffbd, 0xffbd, 
	0xff9d, 0xff9d, 0xff9d, 0xff9d, 0xff9d, 0xff9d, 0xff9c, 0xff9c, 0xff9c, 0xf79c, 0xf79c, 0xf77c, 0xf77c, 0xf77c, 0xf77c, 0xf77c, 
	0xf77b, 0xf77b, 0xf77b, 0xf77b, 0xf75b, 0xf75b, 0xf75b, 0xf75b, 0xf75b, 0xf73b, 0xf73b, 0xf73a, 0xf73a, 0xf73a, 0xf73a, 0xf73a, 
	0xf73a, 0xf73a, 0xf73a, 0xf73a, 0xf73a, 0xf719, 0xf719, 0xf719, 0xf719, 0xf719, 0xf6f9, 0xf6f9, 0xf6f9, 0xeef9, 0xeef9, 0xeef8, 
	0xf6f8, 0xeef8, 0xeef8, 0xeef8, 0xeed8, 0xeed8, 0xeed8, 0xeed8, 0xeed7, 0xeed7, 0xeed7, 0xeeb7, 0xeeb7, 0xeeb7, 0xeeb7, 0xeeb7, 
	0xeeb7, 0xee96, 0xee96, 0xee96, 0xee96, 0xee96, 0xee96, 0xee96, 0xee96, 0xee96, 0xee76, 0xee76, 0xee75, 0xee75, 0xee75, 0xee75, 
	0xee96, 0xee96, 0xee96, 0xeeb7, 0xeeb7, 0xeeb7, 0xeeb7, 0xeeb7, 0xeeb7, 0xeed7, 0xeed7, 0xeed7, 0xeed8, 0xeed8, 0xeed8, 0xeed8, 
	0xeef8, 0xeef8, 0xeef8, 0xf6f8, 0xeef8, 0xeef9, 0xeef9, 0xf6f9, 0xf6f9, 0xf6f9, 0xf719, 0xf719, 0xf719, 0xf719, 0xf719, 0xf73a, 
	0xf73a, 0xf73a, 0xf73a, 0xf73a, 0xf73a, 0xf73a, 0xf73a, 0xf73a, 0xf73a, 0xf73b, 0xf73b, 0xf75b, 0xf75b, 0xf75b, 0xf75b, 0xf75b, 
	0xf77b, 0xf77b, 0xf77b, 0xf77b, 0xf77c, 0xf77c, 0xf77c, 0xf77c, 0xf77c, 0xf79c, 0xf79c, 0xf79c, 0xff9c, 0xff9c, 0xff9d, 0xff9d, 
	0xff9d, 0xff9d, 0xff9d, 0xff9d, 0xffbd, 0xffbd, 0xffbd, 0xffbd, 0xffbd, 0xffbd, 0xffbd, 0xffbd, 0xffde, 0xffde, 0xffde, 0xffde, 
	0xffde, 0xffde, 0xffde, 0xffde, 0xffde, 0xffde, 0xffdf, 0xffdf, 0xffdf, 0xffff, 0xffff, 0xffff, 0xffff, 0xffff, 0xffff, 0xffff, 
	0xffff, 0xffff, 0xffff, 0xffff, 0xffff, 0xffff, 0xffff, 0xffff, 0xffff, 0xffff, 0xffff, 0xffff, 0xffff, 0xffff, 0xffff, 0xffff, 
	0xffff, 0xffff, 0xffff, 0xffff, 0xffff, 0xffff, 0xffff, 0xffff, 0xffff, 0xffff, 0xffff, 0xffff, 0xffff, 0xffff, 0xffff, 0xffff, 
	0xffff, 0xffff, 0xffff, 0xffff, 0xffff, 0xffff, 0xffff, 0xffff, 0xffff, 0xffff, 0xffff, 0xffdf, 0xffdf, 0xffdf, 0xffde, 0xffde, 
	0xffde, 0xffde, 0xffde, 0xffde, 0xffde, 0xffde, 0xffde, 0xffde, 0xffbd, 0xffbd, 0xffbd, 0xffbd, 0xffbd, 0xffbd, 0xffbd, 0xffbd, 
	0xffbd, 0xff9d, 0xff9d, 0xff9d, 0xff9d, 0xff9d, 0xff9c, 0xff9c, 0xf79c, 0xf79c, 0xf77c, 0xf77c, 0xf77c, 0xf77c, 0xf77c, 0xf77b, 
	0xf77b, 0xf77b, 0xf77b, 0xf77b, 0xf75b, 0xf75b, 0xf75b, 0xf75b, 0xf75b, 0xf73b, 0xf73a, 0xf73a, 0xf73a, 0xf73a, 0xf73a, 0xf73a, 
	0xf73a, 0xf73a, 0xf73a, 0xf73a, 0xf719, 0xf719, 0xf719, 0xf719, 0xf719, 0xf6f9, 0xf6f9, 0xf6f9, 0xf6f9, 0xeef9, 0xeef8, 0xeef8, 
	0xf6f8, 0xeef8, 0xeef8, 0xeef8, 0xeed8, 0xeed8, 0xeed8, 0xeed8, 0xeed7, 0xeed7, 0xeeb7, 0xeeb7, 0xeeb7, 0xeeb7, 0xeeb7, 0xeeb7, 
	0xee96, 0xee96, 0xee96, 0xee96, 0xee96, 0xee96, 0xee96, 0xee96, 0xee96, 0xee76, 0xee76, 0xee76, 0xee75, 0xee75, 0xee75, 0xee75, 
	0xee96, 0xee96, 0xee96, 0xee96, 0xeeb7, 0xeeb7, 0xeeb7, 0xeeb7, 0xeeb7, 0xeeb7, 0xeed7, 0xeed7, 0xeed8, 0xeed8, 0xeed8, 0xeed8, 
	0xeef8, 0xeef8, 0xeef8, 0xf6f8, 0xeef8, 0xeef8, 0xeef9, 0xf6f9, 0xf6f9, 0xf6f9, 0xf6f9, 0xf719, 0xf719, 0xf719, 0xf719, 0xf719, 
	0xf73a, 0xf73a, 0xf73a, 0xf73a, 0xf73a, 0xf73a, 0xf73a, 0xf73a, 0xf73a, 0xf73a, 0xf73b, 0xf75b, 0xf75b, 0xf75b, 0xf75b, 0xf75b, 
	0xf75b, 0xf75b, 0xf77b, 0xf77b, 0xf77b, 0xf77c, 0xf77c, 0xf77c, 0xf77c, 0xf77c, 0xf79c, 0xf79c, 0xff9c, 0xff9c, 0xf79c, 0xff9d, 
	0xff9d, 0xff9d, 0xff9d, 0xffbd, 0xff9d, 0xff9d, 0xffbd, 0xffbd, 0xffbd, 0xffbd, 0xffbd, 0xffbd, 0xffbd, 0xffde, 0xffde, 0xffde, 
	0xffde, 0xffde, 0xffde, 0xffde, 0xffde, 0xffde, 0xffde, 0xffdf, 0xffdf, 0xffdf, 0xffdf, 0xffff, 0xffff, 0xffff, 0xffff, 0xffff, 
	0xffff, 0xffff, 0xffff, 0xffff, 0xffff, 0xffff, 0xffff, 0xffff, 0xffff, 0xffff, 0xffff, 0xffff, 0xffff, 0xffff, 0xffff, 0xffff, 
	0xffff, 0xffff, 0xffff, 0xffff, 0xffff, 0xffff, 0xffff, 0xffff, 0xffff, 0xffff, 0xffff, 0xffff, 0xffff, 0xffff, 0xffff, 0xffff, 
	0xffff, 0xffff, 0xffff, 0xffff, 0xffff, 0xffff, 0xffff, 0xffff, 0xffff, 0xffdf, 0xffdf, 0xffdf, 0xffde, 0xffde, 0xffde, 0xffde, 
	0xffde, 0xffde, 0xffde, 0xffde, 0xffde, 0xffde, 0xffde, 0xffbd, 0xffbd, 0xffbd, 0xffbd, 0xffbd, 0xffbd, 0xffbd, 0xff9d, 0xff9d, 
	0xffbd, 0xff9d, 0xff9d, 0xff9d, 0xff9d, 0xf79c, 0xff9c, 0xf79c, 0xf79c, 0xf79c, 0xf77c, 0xf77c, 0xf77c, 0xf77c, 0xf77c, 0xf77b, 
	0xf77b, 0xf77b, 0xf75b, 0xf75b, 0xf75b, 0xf75b, 0xf75b, 0xf75b, 0xf73b, 0xf73b, 0xf73a, 0xf73a, 0xf73a, 0xf73a, 0xf73a, 0xf73a, 
	0xf73a, 0xf73a, 0xf73a, 0xf73a, 0xf719, 0xf719, 0xf719, 0xf719, 0xf6f9, 0xf6f9, 0xf6f9, 0xf6f9, 0xeef9, 0xeef9, 0xf6f8, 0xf6f8, 
	0xeef8, 0xeef8, 0xeef8, 0xeed8, 0xeed8, 0xeed8, 0xeed8, 0xeed8, 0xeed7, 0xeed7, 0xeeb7, 0xeeb7, 0xeeb7, 0xeeb7, 0xeeb7, 0xeeb7, 
	0xee96, 0xee96, 0xee96, 0xee96, 0xee96, 0xee96, 0xee96, 0xee96, 0xee96, 0xee76, 0xee76, 0xee75, 0xee75, 0xee75, 0xee75, 0xee75, 
	0xee96, 0xee96, 0xee96, 0xee96, 0xeeb7, 0xeeb7, 0xeeb7, 0xeeb7, 0xeeb7, 0xeeb7, 0xeed7, 0xeed7, 0xeed8, 0xeed8, 0xeed8, 0xeed8, 
	0xeed8, 0xeef8, 0xeef8, 0xeef8, 0xf6f8, 0xf6f8, 0xeef9, 0xeef9, 0xf6f9, 0xf6f9, 0xf6f9, 0xf6f9, 0xf719, 0xf719, 0xf719, 0xf719, 
	0xf73a, 0xf73a, 0xf73a, 0xf73a, 0xf73a, 0xf73a, 0xf73a, 0xf73a, 0xf73a, 0xf73a, 0xf73b, 0xf73b, 0xf75b, 0xf75b, 0xf75b, 0xf75b, 
	0xf75b, 0xf75b, 0xf77b, 0xf77b, 0xf77b, 0xf77b, 0xf77c, 0xf77c, 0xf77c, 0xf77c, 0xf77c, 0xf79c, 0xf79c, 0xff9c, 0xff9c, 0xff9c, 
	0xff9d, 0xff9d, 0xff9d, 0xff9d, 0xff9d, 0xff9d, 0xffbd, 0xffbd, 0xffbd, 0xffbd, 0xffbd, 0xffbd, 0xffbd, 0xffbd, 0xffde, 0xffde, 
	0xffde, 0xffde, 0xffde, 0xffde, 0xffde, 0xffde, 0xffde, 0xffde, 0xffde, 0xffdf, 0xffdf, 0xffdf, 0xffff, 0xffff, 0xffff, 0xffff, 
	0xffff, 0xffff, 0xffff, 0xffff, 0xffff, 0xffff, 0xffff, 0xffff, 0xffff, 0xffff, 0xffff, 0xffff, 0xffff, 0xffff, 0xffff, 0xffff, 
	0xffff, 0xffff, 0xffff, 0xffff, 0xffff, 0xffff, 0xffff, 0xffff, 0xffff, 0xffff, 0xffff, 0xffff, 0xffff, 0xffff, 0xffff, 0xffff, 
	0xffff, 0xffff, 0xffff, 0xffff, 0xffff, 0xffff, 0xffff, 0xffdf, 0xffdf, 0xffdf, 0xffdf, 0xffde, 0xffde, 0xffde, 0xffde, 0xffde, 
	0xffde, 0xffde, 0xffde, 0xffde, 0xffde, 0xffde, 0xffbd, 0xffbd, 0xffbd, 0xffbd, 0xffbd, 0xffbd, 0xffbd, 0xffbd, 0xffbd, 0xffbd, 
	0xff9d, 0xff9d, 0xff9d, 0xff9d, 0xff9c, 0xff9c, 0xff9c, 0xf79c, 0xf79c, 0xf77c, 0xf77c, 0xf77c, 0xf77c, 0xf77c, 0xf77b, 0xf77b, 
	0xf77b, 0xf77b, 0xf75b, 0xf75b, 0xf75b, 0xf75b, 0xf75b, 0xf75b, 0xf73b, 0xf73b, 0xf73a, 0xf73a, 0xf73a, 0xf73a, 0xf73a, 0xf73a, 
	0xf73a, 0xf73a, 0xf73a, 0xf73a, 0xf719, 0xf719, 0xf719, 0xf719, 0xf6f9, 0xf6f9, 0xf6f9, 0xf6f9, 0xeef9, 0xeef9, 0xf6f8, 0xf6f8, 
	0xeef8, 0xeef8, 0xeef8, 0xeed8, 0xeed8, 0xeed8, 0xeed8, 0xeed8, 0xeed7, 0xeed7, 0xeeb7, 0xeeb7, 0xeeb7, 0xeeb7, 0xeeb7, 0xeeb7, 
	0xee96, 0xee96, 0xee96, 0xee96, 0xee96, 0xee96, 0xee96, 0xee96, 0xee96, 0xee76, 0xee76, 0xee75, 0xee75, 0xee75, 0xee75, 0xee75, 
	0xee96, 0xee96, 0xee96, 0xee96, 0xeeb7, 0xeeb7, 0xeeb7, 0xeeb7, 0xeeb7, 0xeeb7, 0xeed7, 0xeed7, 0xeed8, 0xeed8, 0xeed8, 0xeed8, 
	0xeed8, 0xeef8, 0xeef8, 0xeef8, 0xf6f8, 0xf6f8, 0xeef9, 0xeef9, 0xf6f9, 0xf6f9, 0xf6f9, 0xf6f9, 0xf719, 0xf719, 0xf719, 0xf719, 
	0xf73a, 0xf73a, 0xf73a, 0xf73a, 0xf73a, 0xf73a, 0xf73a, 0xf73a, 0xf73a, 0xf73a, 0xf73b, 0xf73b, 0xf73b, 0xf75b, 0xf75b, 0xf75b, 
	0xf75b, 0xf75b, 0xf77b, 0xf77b, 0xf77b, 0xf77b, 0xf77c, 0xf77c, 0xf77c, 0xf77c, 0xf77c, 0xf79c, 0xf79c, 0xf79c, 0xff9c, 0xff9c, 
	0xff9d, 0xff9d, 0xff9d, 0xff9d, 0xff9d, 0xffbd, 0xff9d, 0xff9d, 0xffbd, 0xffbd, 0xffbd, 0xffbd, 0xffbd, 0xffbd, 0xffbd, 0xffde, 
	0xffde, 0xffde, 0xffde, 0xffde, 0xffde, 0xffde, 0xffde, 0xffde, 0xffde, 0xffde, 0xffdf, 0xffdf, 0xffdf, 0xffdf, 0xffff, 0xffff, 
	0xffff, 0xffff, 0xffff, 0xffff, 0xffff, 0xffff, 0xffff, 0xffff, 0xffff, 0xffff, 0xffff, 0xffff, 0xffff, 0xffff, 0xffff, 0xffff, 
	0xffff, 0xffff, 0xffff, 0xffff, 0xffff, 0xffff, 0xffff, 0xffff, 0xffff, 0xffff, 0xffff, 0xffff, 0xffff, 0xffff, 0xffff, 0xffff, 
	0xffff, 0xffff, 0xffff, 0xffff, 0xffff, 0xffff, 0xffdf, 0xffdf, 0xffdf, 0xffde, 0xffde, 0xffde, 0xffde, 0xffde, 0xffde, 0xffde, 
	0xffde, 0xffde, 0xffde, 0xffde, 0xffde, 0xffbd, 0xffbd, 0xffbd, 0xffbd, 0xffbd, 0xffbd, 0xffbd, 0xff9d, 0xff9d, 0xffbd, 0xff9d, 
	0xff9d, 0xff9d, 0xff9d, 0xff9d, 0xff9c, 0xff9c, 0xf79c, 0xf79c, 0xf77c, 0xf77c, 0xf77c, 0xf77c, 0xf77c, 0xf77c, 0xf77b, 0xf77b, 
	0xf77b, 0xf77b, 0xf75b, 0xf75b, 0xf75b, 0xf75b, 0xf75b, 0xf73b, 0xf73b, 0xf73a, 0xf73a, 0xf73a, 0xf73a, 0xf73a, 0xf73a, 0xf73a, 
	0xf73a, 0xf73a, 0xf73a, 0xf719, 0xf719, 0xf719, 0xf719, 0xf719, 0xf6f9, 0xf6f9, 0xf6f9, 0xeef9, 0xeef9, 0xeef8, 0xf6f8, 0xeef8, 
	0xeef8, 0xeef8, 0xeed8, 0xeed8, 0xeed8, 0xeed8, 0xeed8, 0xeed7, 0xeed7, 0xeeb7, 0xeeb7, 0xeeb7, 0xeeb7, 0xeeb7, 0xeeb7, 0xeeb6, 
	0xee96, 0xee96, 0xee96, 0xee96, 0xee96, 0xee96, 0xee96, 0xee96, 0xee76, 0xee76, 0xee76, 0xee75, 0xee75, 0xee75, 0xee75, 0xee75, 
	0xee96, 0xee96, 0xee96, 0xee96, 0xeeb6, 0xeeb7, 0xeeb7, 0xeeb7, 0xeeb7, 0xeeb7, 0xeeb7, 0xeed7, 0xeed7, 0xeed8, 0xeed8, 0xeed8, 
	0xeed8, 0xeed8, 0xeef8, 0xeef8, 0xeef8, 0xf6f8, 0xeef8, 0xeef9, 0xeef9, 0xf6f9, 0xf6f9, 0xf6f9, 0xf719, 0xf719, 0xf719, 0xf719, 
	0xf719, 0xf73a, 0xf73a, 0xf73a, 0xf73a, 0xf73a, 0xf73a, 0xf73a, 0xf73a, 0xf73a, 0xf73a, 0xf73b, 0xf73b, 0xf75b, 0xf75b, 0xf75b, 
	0xf75b, 0xf75b, 0xf75b, 0xf77b, 0xf77b, 0xf77b, 0xf77b, 0xf77c, 0xf77c, 0xf77c, 0xf77c, 0xf77c, 0xf79c, 0xf79c, 0xff9c, 0xff9c, 
	0xf79c, 0xff9d, 0xff9d, 0xff9d, 0xff9d, 0xff9d, 0xff9d, 0xff9d, 0xffbd, 0xffbd, 0xffbd, 0xffbd, 0xffbd, 0xffbd, 0xffbd, 0xffbd, 
	0xffde, 0xffde, 0xffde, 0xffde, 0xffde, 0xffde, 0xffde, 0xffde, 0xffde, 0xffde, 0xffde, 0xffde, 0xffdf, 0xffdf, 0xffdf, 0xffdf, 
	0xffff, 0xffff, 0xffff, 0xffff, 0xffff, 0xffff, 0xffff, 0xffff, 0xffff, 0xffff, 0xffff, 0xffff, 0xffff, 0xffff, 0xffff, 0xffff, 
	0xffff, 0xffff, 0xffff, 0xffff, 0xffff, 0xffff, 0xffff, 0xffff, 0xffff, 0xffff, 0xffff, 0xffff, 0xffff, 0xffff, 0xffff, 0xffff, 
	0xffff, 0xffff, 0xffff, 0xffdf, 0xffdf, 0xffdf, 0xffdf, 0xffde, 0xffde, 0xffde, 0xffde, 0xffde, 0xffde, 0xffde, 0xffde, 0xffde, 
	0xffde, 0xffde, 0xffde, 0xffde, 0xffbd, 0xffbd, 0xffbd, 0xffbd, 0xffbd, 0xffbd, 0xffbd, 0xffbd, 0xff9d, 0xff9d, 0xff9d, 0xff9d, 
	0xff9d, 0xff9d, 0xff9d, 0xff9c, 0xff9c, 0xf79c, 0xf79c, 0xf77c, 0xf77c, 0xf77c, 0xf77c, 0xf77c, 0xf77c, 0xf77b, 0xf77b, 0xf77b, 
	0xf75b, 0xf75b, 0xf75b, 0xf75b, 0xf75b, 0xf75b, 0xf75b, 0xf73b, 0xf73a, 0xf73a, 0xf73a, 0xf73a, 0xf73a, 0xf73a, 0xf73a, 0xf73a, 
	0xf73a, 0xf73a, 0xf719, 0xf719, 0xf719, 0xf719, 0xf719, 0xf719, 0xf6f9, 0xf6f9, 0xf6f9, 0xeef9, 0xeef9, 0xeef8, 0xf6f8, 0xeef8, 
	0xeef8, 0xeef8, 0xeed8, 0xeed8, 0xeed8, 0xeed8, 0xeed8, 0xeed7, 0xeed7, 0xeeb7, 0xeeb7, 0xeeb7, 0xeeb7, 0xeeb7, 0xeeb7, 0xee96, 
	0xee96, 0xee96, 0xee96, 0xee96, 0xee96, 0xee96, 0xee96, 0xee96, 0xee76, 0xee76, 0xee75, 0xee75, 0xee75, 0xee75, 0xee75, 0xee75, 
	0xee96, 0xee96, 0xee96, 0xee96, 0xee96, 0xeeb7, 0xeeb7, 0xeeb7, 0xeeb7, 0xeeb7, 0xeeb7, 0xeed7, 0xeed7, 0xeed7, 0xeed8, 0xeed8, 
	0xeed8, 0xeed8, 0xeef8, 0xeef8, 0xeef8, 0xf6f8, 0xf6f8, 0xf6f8, 0xeef9, 0xf6f9, 0xf6f9, 0xf6f9, 0xf719, 0xf719, 0xf719, 0xf719, 
	0xf719, 0xf719, 0xf73a, 0xf73a, 0xf73a, 0xf73a, 0xf73a, 0xf73a, 0xf73a, 0xf73a, 0xf73a, 0xf73a, 0xf73b, 0xf73b, 0xf75b, 0xf75b, 
	0xf75b, 0xf75b, 0xf75b, 0xf75b, 0xf77b, 0xf77b, 0xf77b, 0xf77c, 0xf77c, 0xf77c, 0xf77c, 0xf77c, 0xf77c, 0xf79c, 0xf79c, 0xff9c, 
	0xff9c, 0xff9c, 0xff9d, 0xff9d, 0xff9d, 0xff9d, 0xff9d, 0xffbd, 0xffbd, 0xffbd, 0xffbd, 0xffbd, 0xffbd, 0xffbd, 0xffbd, 0xffbd, 
	0xffbd, 0xffde, 0xffde, 0xffde, 0xffde, 0xffde, 0xffde, 0xffde, 0xffde, 0xffde, 0xffde, 0xffde, 0xffde, 0xffde, 0xffdf, 0xffdf, 
	0xffdf, 0xffdf, 0xffdf, 0xffff, 0xffff, 0xffff, 0xffff, 0xffff, 0xffff, 0xffff, 0xffff, 0xffff, 0xffff, 0xffff, 0xffff, 0xffff, 
	0xffff, 0xffff, 0xffff, 0xffff, 0xffff, 0xffff, 0xffff, 0xffff, 0xffff, 0xffff, 0xffff, 0xffff, 0xffff, 0xffff, 0xffff, 0xffff, 
	0xffff, 0xffdf, 0xffdf, 0xffdf, 0xffdf, 0xffde, 0xffde, 0xffde, 0xffde, 0xffde, 0xffde, 0xffde, 0xffde, 0xffde, 0xffde, 0xffde, 
	0xffde, 0xffde, 0xffde, 0xffbd, 0xffbd, 0xffbd, 0xffbd, 0xffbd, 0xffbd, 0xffbd, 0xff9d, 0xff9d, 0xffbd, 0xff9d, 0xff9d, 0xff9d, 
	0xff9d, 0xff9d, 0xff9c, 0xff9c, 0xf79c, 0xf79c, 0xf79c, 0xf77c, 0xf77c, 0xf77c, 0xf77c, 0xf77c, 0xf77b, 0xf77b, 0xf77b, 0xf77b, 
	0xf75b, 0xf75b, 0xf75b, 0xf75b, 0xf75b, 0xf75b, 0xf73b, 0xf73b, 0xf73a, 0xf73a, 0xf73a, 0xf73a, 0xf73a, 0xf73a, 0xf73a, 0xf73a, 
	0xf73a, 0xf73a, 0xf719, 0xf719, 0xf719, 0xf719, 0xf719, 0xf6f9, 0xf6f9, 0xf6f9, 0xf6f9, 0xeef9, 0xf6f8, 0xf6f8, 0xf6f8, 0xeef8, 
	0xeef8, 0xeef8, 0xeed8, 0xeed8, 0xeed8, 0xeed8, 0xeed7, 0xeed7, 0xeeb7, 0xeeb7, 0xeeb7, 0xeeb7, 0xeeb7, 0xeeb7, 0xee96, 0xee96, 
	0xee96, 0xee96, 0xee96, 0xee96, 0xee96, 0xee96, 0xee96, 0xee96, 0xee76, 0xee76, 0xee75, 0xee75, 0xee75, 0xee75, 0xee75, 0xee75
};

// Array of all bitmaps for convenience. (Total bytes used to store images = 57616)
const int epd_bitmap_allArray_LEN = 1;
const uint16_t* epd_bitmap_allArray[1] = {
	epd_bitmap_small_pixel_rocket
};
