// 'small-pixel-waves', 240x240px
const uint16_t epd_bitmap_small_pixel_waves [] = {
	0xb6bc, 0xae9c, 0xae9c, 0xae9c, 0xa65b, 0x9e1a, 0x9e3b, 0x9e1a, 0xe75d, 0xf7df, 0xf7be, 0xf79e, 0x9598, 0x84f6, 0xdf1c, 0xefbe, 
	0xf79e, 0xef7e, 0x8d78, 0x84f6, 0x8537, 0x8517, 0x8517, 0x8537, 0x8537, 0x8537, 0x8517, 0x8537, 0x8517, 0x8537, 0x84f6, 0x9dd9, 
	0xffff, 0xffff, 0xffff, 0xffff, 0xffff, 0xffff, 0xffff, 0xffff, 0xffff, 0xdf3d, 0x9dd9, 0xc71e, 0xffff, 0xffff, 0xffff, 0xc67a, 
	0x7cf6, 0x8537, 0x8517, 0x8537, 0x84f5, 0xcf1e, 0xffff, 0xffff, 0xffff, 0xffff, 0xf7ff, 0xadb7, 0x7d16, 0x8537, 0x8536, 0xb6dd, 
	0xc75e, 0xc75e, 0xc73e, 0xb6bc, 0xae9c, 0xae9c, 0xb6bc, 0xb6bc, 0xae9c, 0xb6bc, 0xae9c, 0x9e3b, 0x9e3b, 0x9e1b, 0xbe7a, 0xf7ff, 
	0xffff, 0xffff, 0xffff, 0xffff, 0xffff, 0xf7be, 0xf7de, 0xffff, 0xc6fd, 0x84f5, 0x8537, 0x8517, 0x8537, 0x7cf6, 0xa63a, 0xc75f, 
	0xc75e, 0xc75e, 0xbefd, 0xae9c, 0xb6bc, 0xae9c, 0xb6bc, 0xb6bc, 0xa65b, 0x9e1a, 0x9e3b, 0x9e1a, 0xe75d, 0xf7df, 0xf7be, 0xf79e, 
	0x9d98, 0x8516, 0xe73d, 0xf7be, 0xf79e, 0xef7d, 0x8d78, 0x84f6, 0x8517, 0x8537, 0x8537, 0x8537, 0x8517, 0x8537, 0x8517, 0x8537, 
	0x8517, 0x8537, 0x8517, 0x8537, 0x84f5, 0xa5f9, 0xffff, 0xffff, 0xffff, 0xffff, 0xffff, 0xffff, 0xf7be, 0xffdf, 0xffff, 0xffff, 
	0xffff, 0xc69a, 0x7cf6, 0x8537, 0x8517, 0x8537, 0x84d5, 0xcf1d, 0xffff, 0xb618, 0x7cf6, 0x8537, 0x8517, 0x8537, 0x8517, 0x8537, 
	0x8517, 0x8537, 0x8517, 0x8517, 0x8537, 0xbefe, 0xc75e, 0xb6bc, 0xb6bc, 0xb6bc, 0xae9c, 0xae9c, 0xb6bc, 0xb6bc, 0xae9c, 0x9e3b, 
	0x9e3b, 0x9e1b, 0xbe7a, 0xf7ff, 0xffff, 0xffff, 0xffff, 0xffff, 0xffff, 0xffff, 0xffff, 0xf7be, 0xf7be, 0xffdf, 0xd7bf, 0xc73d, 
	0xc75f, 0xbf5e, 0xc75e, 0xc75e, 0xbefd, 0xae9c, 0xb6bc, 0xae9c, 0xb6bc, 0xb6bc, 0xa65b, 0x9e1a, 0x9e3b, 0x9e1a, 0xe75d, 0xf7ff, 
	0xf79e, 0xf79e, 0x9598, 0x8516, 0x8537, 0x8517, 0x8516, 0x8d37, 0xe75d, 0xf7be, 0xffff, 0xf7bf, 0x8d57, 0x8537, 0x8537, 0x8537, 
	0x8537, 0x8537, 0x8537, 0x8537, 0x8517, 0x8537, 0x8537, 0x8537, 0x84f5, 0xa61a, 0xffff, 0xffff, 0xffff, 0xffff, 0xffff, 0xffff, 
	0x6d7a, 0x6d7a, 0x6d7a, 0x6d7a, 0x54f8, 0x4476, 0x4c97, 0x4456, 0xcebb, 0xf7ff, 0xef5d, 0xe73c, 0x3351, 0x0a0d, 0xbe5a, 0xe77e, 
	0xef7d, 0xe75c, 0x2b31, 0x126e, 0x128f, 0x128f, 0x128f, 0x12af, 0x128f, 0x128f, 0x128f, 0x12af, 0x128f, 0x128f, 0x01ec, 0x3b93, 
	0xffff, 0xffff, 0xffff, 0xffff, 0xffff, 0xffff, 0xffff, 0xffff, 0xffff, 0xc69b, 0x43f3, 0x965c, 0xffff, 0xffff, 0xf7ff, 0x8cf5, 
	0x01ed, 0x0a8f, 0x0a8f, 0x12b0, 0x1a0b, 0xa67d, 0xffff, 0xffff, 0xffff, 0xffff, 0xf7ff, 0x5390, 0x020e, 0x0a8f, 0x0a6e, 0x7ddb, 
	0x8ede, 0x8edd, 0x8ebe, 0x6dba, 0x6d7a, 0x6d7a, 0x6d7a, 0x6d7a, 0x6d7a, 0x6d7a, 0x657a, 0x4c96, 0x4497, 0x4457, 0x8515, 0xefff, 
	0xffff, 0xffff, 0xffff, 0xffff, 0xffff, 0xef9e, 0xf79d, 0xffde, 0x95fb, 0x120b, 0x12b0, 0x0a6f, 0x128f, 0x0a2e, 0x54d6, 0x9f1f, 
	0x8ede, 0x8edd, 0x7e1c, 0x6559, 0x6d7a, 0x6d7a, 0x6d7a, 0x6d7a, 0x54f8, 0x4476, 0x4c77, 0x4456, 0xd6db, 0xf7ff, 0xef5d, 0xe73c, 
	0x3351, 0x0a2d, 0xc67a, 0xe75d, 0xef7d, 0xe73c, 0x2b11, 0x124e, 0x0a6f, 0x128f, 0x128f, 0x128f, 0x128f, 0x128f, 0x128f, 0x12af, 
	0x128f, 0x128f, 0x0a8f, 0x12af, 0x09ec, 0x4c14, 0xffff, 0xffff, 0xffff, 0xffff, 0xffff, 0xffdf, 0xef7d, 0xffdf, 0xffff, 0xffff, 
	0xf7ff, 0x8d15, 0x01ed, 0x0a8f, 0x0a8f, 0x12b0, 0x1a0b, 0xa67c, 0xffff, 0x7411, 0x020d, 0x0a6f, 0x024e, 0x0a4e, 0x0a4e, 0x128f, 
	0x128f, 0x128f, 0x128f, 0x126f, 0x0a8e, 0x7e3c, 0x8ebe, 0x6d9a, 0x6d7a, 0x6d7a, 0x6d7a, 0x6d7a, 0x6d7a, 0x6d7a, 0x657a, 0x4c96, 
	0x4477, 0x4457, 0x8516, 0xefff, 0xffff, 0xffff, 0xffff, 0xffff, 0xffff, 0xffff, 0xffdf, 0xef9d, 0xf7be, 0xffdf, 0xbf9f, 0x9ebc, 
	0x8efe, 0x8efe, 0x8ede, 0x8ede, 0x7e1c, 0x6559, 0x6d7a, 0x6d7a, 0x6d7a, 0x6d7a, 0x54d8, 0x4476, 0x4c77, 0x4456, 0xd6db, 0xf7ff, 
	0xef5d, 0xe73c, 0x3351, 0x0a2d, 0x12b0, 0x0a6f, 0x0a2d, 0x128f, 0xd6bb, 0xe77d, 0xffff, 0xf7be, 0x1ad0, 0x128e, 0x128f, 0x128f, 
	0x126f, 0x12af, 0x128f, 0x128f, 0x126f, 0x12af, 0x0a8f, 0x128f, 0x01ec, 0x4c35, 0xffff, 0xffff, 0xffff, 0xffff, 0xffff, 0xffdf, 
	0x7dfb, 0x759a, 0x75ba, 0x75ba, 0x6519, 0x54b7, 0x54d7, 0x54b7, 0x8599, 0x8dda, 0xdf1c, 0xef9e, 0xae19, 0xa597, 0xe77d, 0xf7bf, 
	0x7d17, 0x6c74, 0x3331, 0x22f0, 0x22f0, 0x22d0, 0x22f0, 0x22f0, 0x22f0, 0x22f0, 0x22d0, 0x22f0, 0x22cf, 0x3b92, 0xadf9, 0xbe7b, 
	0xffff, 0xffff, 0xf79e, 0xf79e, 0xefbe, 0xe77d, 0xbf5e, 0xb71d, 0xa69d, 0x961b, 0x6518, 0x7dba, 0x9dd8, 0xc71d, 0xffff, 0xdefc, 
	0x9dfa, 0x6433, 0x1aaf, 0x2311, 0x22af, 0x5455, 0x74d6, 0x7cf6, 0x74d6, 0x7cf6, 0x7cb5, 0x9db9, 0x9e1a, 0x8557, 0x6558, 0x8e9d, 
	0x96de, 0x863b, 0x861b, 0x75ba, 0x759a, 0x759a, 0x759a, 0x759a, 0x759a, 0x759a, 0x759a, 0x54b7, 0x54b8, 0x54b7, 0x64f7, 0x8e1c, 
	0xbe5a, 0xf7ff, 0xffff, 0xffff, 0xffff, 0xf79e, 0xf79e, 0xffde, 0x9e5c, 0x330f, 0x3393, 0x2b52, 0x2b31, 0x1aaf, 0x3bd3, 0x4c55, 
	0x75b9, 0x96de, 0x8e9d, 0x865c, 0x7dfb, 0x7599, 0x759a, 0x759a, 0x5d18, 0x54b7, 0x54d7, 0x54b7, 0x8599, 0x8dda, 0xdf1c, 0xef9e, 
	0xadf8, 0x9d97, 0xe77d, 0xefbe, 0x7d16, 0x6c74, 0x2b11, 0x1aaf, 0x22d0, 0x22f0, 0x22f0, 0x22f0, 0x22f0, 0x22f0, 0x22d0, 0x22f0, 
	0x22f0, 0x22f0, 0x22cf, 0x43d3, 0xadf9, 0xc69b, 0xffff, 0xffff, 0xffff, 0xffff, 0xffff, 0xffff, 0xf7ff, 0xd71c, 0x95b8, 0xc71e, 
	0xffff, 0xdefc, 0x9e1a, 0x6453, 0x1aaf, 0x2311, 0x22af, 0x5455, 0x74b5, 0x95b9, 0xadf9, 0xae1a, 0xae19, 0xae19, 0xa63b, 0x4b91, 
	0x1ad0, 0x22f0, 0x22f0, 0x64f7, 0x6d78, 0x969d, 0x96be, 0x75da, 0x759a, 0x759a, 0x759a, 0x759a, 0x759a, 0x759a, 0x759a, 0x54b7, 
	0x54b8, 0x4c97, 0x8d36, 0xefff, 0xffff, 0xffff, 0xffff, 0xffff, 0xffff, 0xf7de, 0xf7be, 0xf7be, 0xbe9c, 0x7474, 0x5cb6, 0x4c54, 
	0x5496, 0x4c35, 0x75b9, 0x96de, 0x8e9d, 0x865c, 0x7dfb, 0x759a, 0x759a, 0x759a, 0x6d7a, 0x6539, 0x5cf8, 0x54b7, 0x8599, 0x8dda, 
	0xdf1c, 0xef9e, 0xadf9, 0x9d77, 0x3351, 0x22cf, 0x8d36, 0x9dd9, 0xdf3c, 0xdf3c, 0x7d17, 0x74b5, 0x22f0, 0x22d0, 0x1ad0, 0x1ad0, 
	0x1acf, 0x22f0, 0x1ad0, 0x1ad0, 0x1ab0, 0x1af0, 0x1a8e, 0x43d3, 0xa5d8, 0xbe9c, 0xffff, 0xffff, 0xffff, 0xffff, 0xffff, 0xffff, 
	0x863c, 0x6d99, 0x759a, 0x759a, 0x5d19, 0x4c97, 0x54b7, 0x4cb7, 0x4c97, 0x4456, 0xd6fc, 0xf7ff, 0xffbd, 0xffbd, 0xffff, 0xffff, 
	0x3372, 0x126e, 0x1ad0, 0x1ad0, 0x1ad0, 0x1ad0, 0x1ad0, 0x22f0, 0x1ad0, 0x1ad0, 0x1ad0, 0x1af0, 0x228e, 0x4bf3, 0xffff, 0xffff, 
	0xffff, 0xffdf, 0xe73c, 0xe73c, 0xdf7d, 0xd71c, 0x8ebe, 0x7e5c, 0x6d59, 0x6d9a, 0x75bb, 0x6539, 0x4c14, 0x965d, 0xffff, 0xffff, 
	0xffff, 0x8cf4, 0x022e, 0x1ad0, 0x1ad0, 0x1acf, 0x128f, 0x1aaf, 0x0a8f, 0x12b0, 0x222b, 0xc71e, 0xffff, 0xcefc, 0x96fe, 0x8efe, 
	0x96be, 0x75da, 0x757a, 0x759a, 0x759a, 0x759a, 0x759a, 0x759a, 0x759a, 0x759a, 0x6d9a, 0x54b7, 0x54b7, 0x54b7, 0x4cb8, 0x4476, 
	0x8516, 0xefff, 0xffff, 0xffff, 0xffff, 0xf79e, 0xf79e, 0xffff, 0xa67d, 0x3b50, 0x3bd4, 0x33b4, 0x2b52, 0x1aaf, 0x22d0, 0x124e, 
	0x5d17, 0x9f1f, 0x96fe, 0x96de, 0x861c, 0x6d9a, 0x759a, 0x759a, 0x5d18, 0x4c97, 0x54b7, 0x54b7, 0x4cb7, 0x4c76, 0xd71c, 0xf7ff, 
	0xffbd, 0xffbd, 0xffff, 0xffff, 0x3351, 0x1a8e, 0x1af0, 0x1ab0, 0x1ab0, 0x22f0, 0x22d0, 0x22d0, 0x1ad0, 0x22d0, 0x1ad0, 0x22f0, 
	0x1ad0, 0x1ad0, 0x124d, 0x4c14, 0xffff, 0xffff, 0xffff, 0xffff, 0xffff, 0xffff, 0xffff, 0xffff, 0xffff, 0xbe9b, 0x43f3, 0x965d, 
	0xffff, 0xffff, 0xffff, 0x8d15, 0x022e, 0x1ad0, 0x1ad0, 0x1ad0, 0x1a0b, 0xaebd, 0xffff, 0xffff, 0xffff, 0xffff, 0xffff, 0x63d0, 
	0x0a4f, 0x12b0, 0x12ae, 0x863c, 0x9f1e, 0x96fe, 0x8ebe, 0x75da, 0x759a, 0x759a, 0x759a, 0x759a, 0x759a, 0x759a, 0x6d7a, 0x54b7, 
	0x4cb7, 0x4c97, 0x8d36, 0xf7ff, 0xffff, 0xffff, 0xffff, 0xffff, 0xffdf, 0xef9e, 0xf79e, 0xffdf, 0x8dda, 0x120c, 0x126f, 0x128f, 
	0x1ad0, 0x124e, 0x5cf7, 0x9f1f, 0x96fe, 0x96fe, 0x861c, 0x6d79, 0x759a, 0x759a, 0x75ba, 0x759a, 0x5cf8, 0x4cb7, 0x4c97, 0x4c76, 
	0xd71c, 0xf7ff, 0xf79d, 0xef7d, 0x3371, 0x1a8e, 0xd6db, 0xef9e, 0xef9e, 0xdf1c, 0x22f0, 0x128e, 0x1ad0, 0x22f0, 0x1ad0, 0x1ad0, 
	0x1ad0, 0x22f0, 0x1ad0, 0x1ad0, 0x1ad0, 0x1af0, 0x124d, 0x5455, 0xffff, 0xffff, 0xffff, 0xffff, 0xffff, 0xffff, 0xffff, 0xffff, 
	0x863c, 0x759a, 0x75ba, 0x759a, 0x6d7a, 0x6d59, 0x5cf8, 0x54b7, 0x54d7, 0x54b7, 0x8599, 0x8dda, 0x6cb5, 0x6474, 0x74d6, 0x6cb5, 
	0x3331, 0x22f0, 0x22f0, 0x22f0, 0x2b11, 0x22f0, 0x2310, 0x2b10, 0x2b10, 0x2310, 0x22f0, 0x2b11, 0x2acf, 0x4bf4, 0xffff, 0xffff, 
	0xef9d, 0xef7d, 0xe75d, 0xdf3c, 0xaefd, 0xaefd, 0x96de, 0x867c, 0x759a, 0x7dba, 0x75ba, 0x759a, 0x6d39, 0x7dba, 0x95b8, 0xbedd, 
	0xefbe, 0xd6bb, 0xa63b, 0x6c53, 0x22d0, 0x2b11, 0x22f0, 0x2b11, 0x22f0, 0x2b11, 0x22ce, 0x963c, 0xb77f, 0xa6dd, 0x96be, 0x863c, 
	0x861b, 0x75ba, 0x75ba, 0x7dba, 0x759a, 0x759a, 0x75ba, 0x75ba, 0x75ba, 0x75ba, 0x759a, 0x5cd7, 0x54d7, 0x54d7, 0x54d8, 0x54b7, 
	0x8d57, 0xefff, 0xffff, 0xf7be, 0xf7be, 0xef7d, 0xbebc, 0x84f5, 0x64d7, 0x3bb3, 0x3bb3, 0x2b31, 0x2b31, 0x22f0, 0x2b31, 0x22f0, 
	0x3bd3, 0x4c35, 0x75ba, 0x9efe, 0x861c, 0x759a, 0x7dba, 0x75ba, 0x757a, 0x6d59, 0x5cf8, 0x54b7, 0x5cd8, 0x54b7, 0x8599, 0x8dda, 
	0x74d6, 0x6c74, 0x74d6, 0x6cb5, 0x3331, 0x2b10, 0x2b11, 0x22f0, 0x22d0, 0x2b11, 0x22f0, 0x2b11, 0x22f0, 0x22f0, 0x22f0, 0x2b11, 
	0x22cf, 0x43b3, 0xae19, 0xc6bb, 0xffff, 0xffdf, 0xef9d, 0xf79d, 0xef9e, 0xe75d, 0xbf3e, 0xb6fd, 0xa69d, 0x961b, 0x6d38, 0x75ba, 
	0x95b8, 0xc71e, 0xffff, 0xdefb, 0xa63b, 0x6453, 0x1ad0, 0x2b31, 0x22cf, 0x5455, 0x74d6, 0x74d6, 0x74d6, 0x74d6, 0x7cb5, 0x9dfa, 
	0xa63b, 0x8578, 0x6578, 0x8e9d, 0x96de, 0x863b, 0x7dfb, 0x75ba, 0x75ba, 0x7dba, 0x759a, 0x759a, 0x75ba, 0x75ba, 0x759a, 0x5cd7, 
	0x54d7, 0x54b7, 0x6cf7, 0x85fb, 0xbe5a, 0xf7ff, 0xffff, 0xffff, 0xffff, 0xf79e, 0xf79e, 0xffde, 0x9e3b, 0x3b0f, 0x3372, 0x3372, 
	0x3352, 0x22d0, 0x3bd3, 0x4c35, 0x75da, 0x96fe, 0x8e9d, 0x865c, 0x7dfb, 0x759a, 0x7dba, 0x75ba, 0x5d18, 0x54b7, 0x54d7, 0x54b7, 
	0x8599, 0x8dda, 0xdf3d, 0xef9e, 0xadf8, 0xa5b7, 0xef7e, 0xefbf, 0x7cf6, 0x6453, 0x2b10, 0x2af0, 0x22f0, 0x2b11, 0x22f0, 0x22f0, 
	0x22f0, 0x2b11, 0x22f0, 0x22f0, 0x22cf, 0x43d3, 0xae19, 0xc6bc, 0xffff, 0xffdf, 0xef9d, 0xf79d, 0xef9e, 0xdf5d, 0xbf3e, 0xb6fd, 
	0x863c, 0x6d99, 0x759a, 0x759a, 0x75ba, 0x759a, 0x5d18, 0x4cb7, 0x54d7, 0x54b7, 0x4cb7, 0x4c77, 0x1af1, 0x128f, 0x1ab0, 0x128f, 
	0x1ad0, 0x1ad0, 0x22d0, 0x22d0, 0x22f0, 0x1ad0, 0x1ad0, 0x22f0, 0x1ad0, 0x1ad0, 0x1ad0, 0x22f0, 0x228e, 0x43d3, 0xffff, 0xffdf, 
	0xe73c, 0xe73c, 0xdf7d, 0xd71c, 0x8ebd, 0x96de, 0x96de, 0x865c, 0x6d7a, 0x759a, 0x759a, 0x75ba, 0x75bb, 0x5d18, 0x4c14, 0x8e3c, 
	0xf77d, 0xffde, 0xffff, 0x8cd4, 0x0a4e, 0x1ad0, 0x1acf, 0x22f0, 0x1ad0, 0x1ad0, 0x0a8e, 0x759a, 0x96de, 0x96de, 0x96de, 0x75da, 
	0x6d7a, 0x6d7a, 0x6d7a, 0x6d9a, 0x6d7a, 0x6d7a, 0x6d9a, 0x6d9a, 0x6d7a, 0x759a, 0x6d9a, 0x54b7, 0x54b7, 0x54b7, 0x4cb8, 0x4c97, 
	0x8d36, 0xf7ff, 0xffff, 0xffbe, 0xf79d, 0xf79d, 0x9e5c, 0x330f, 0x3393, 0x33b4, 0x3372, 0x1aaf, 0x1ad0, 0x1acf, 0x22f0, 0x1ad0, 
	0x1ab0, 0x0a2e, 0x5cf7, 0x9eff, 0x861b, 0x6d99, 0x759a, 0x759a, 0x75ba, 0x759a, 0x5cf8, 0x5497, 0x54d7, 0x54b7, 0x4c97, 0x4c97, 
	0x2311, 0x128f, 0x12af, 0x128f, 0x1ad0, 0x22f0, 0x22f0, 0x1aaf, 0x1aaf, 0x22f0, 0x22d0, 0x22d0, 0x1ad0, 0x22d0, 0x1ad0, 0x22f0, 
	0x1a8e, 0x4c14, 0xffff, 0xffff, 0xffff, 0xffdf, 0xe73c, 0xe73c, 0xdf7d, 0xcefc, 0x8ebe, 0x7e5c, 0x6d59, 0x759a, 0x75bb, 0x5d18, 
	0x4c13, 0x9e9d, 0xffff, 0xffff, 0xffff, 0x8cd4, 0x0a4e, 0x1af1, 0x1acf, 0x1aaf, 0x128f, 0x1aaf, 0x128f, 0x12b0, 0x224b, 0xc73f, 
	0xffff, 0xc6fc, 0x96fe, 0x96fe, 0x96be, 0x75da, 0x6d7a, 0x759a, 0x759a, 0x759a, 0x759a, 0x759a, 0x759a, 0x759a, 0x6d9a, 0x54b7, 
	0x54b7, 0x54b7, 0x4cd8, 0x4476, 0x8d36, 0xefff, 0xffff, 0xffff, 0xffff, 0xf79e, 0xf79e, 0xffff, 0x9e5c, 0x3b50, 0x33b4, 0x33b4, 
	0x3372, 0x1aaf, 0x1ad0, 0x126e, 0x5d17, 0x9f1f, 0x96fe, 0x96de, 0x7e1c, 0x6d9a, 0x759a, 0x759a, 0x5cf8, 0x4c97, 0x54b7, 0x4cb7, 
	0x4c97, 0x4c96, 0xdf1c, 0xf7ff, 0xf79d, 0xffbd, 0xffff, 0xffff, 0x2b31, 0x126e, 0x1ad0, 0x1ad0, 0x22d0, 0x22f0, 0x1ad0, 0x1ad0, 
	0x1ad0, 0x22f0, 0x1ad0, 0x1ad0, 0x1a8e, 0x5434, 0xffff, 0xffff, 0xffff, 0xffdf, 0xe73c, 0xe73c, 0xdf7e, 0xcefc, 0x8ebd, 0x865c, 
	0x863c, 0x759a, 0x75ba, 0x759a, 0x7dba, 0x75ba, 0x6518, 0x54b7, 0x54d7, 0x54b7, 0x54d8, 0x54b7, 0x2b51, 0x22f0, 0x2b10, 0x22f0, 
	0x22f0, 0x22f0, 0x22f0, 0x22f0, 0x22f0, 0x22f0, 0x22f0, 0x22f0, 0x22f0, 0x22f0, 0x22f0, 0x2311, 0x22af, 0x4bf3, 0xffff, 0xffff, 
	0xe73c, 0xef5d, 0xefff, 0xdf7d, 0x96bd, 0x96de, 0x96dd, 0x8ebd, 0x8e7d, 0x863c, 0x759a, 0x7dba, 0x759a, 0x757a, 0x6d59, 0x759a, 
	0x8d57, 0xb6bd, 0xefbe, 0xce9a, 0xa61a, 0x5bf2, 0x1aaf, 0x2311, 0x22cf, 0x5cd7, 0x6db9, 0x8e7c, 0x96de, 0x863c, 0x7dfb, 0x75ba, 
	0x8578, 0xb71f, 0xd75e, 0xd73e, 0xd73e, 0xd73e, 0xd73e, 0xd75e, 0xbf3f, 0x8598, 0x6d9a, 0x54d7, 0x54b7, 0x54b7, 0x54d7, 0x54b7, 
	0x64d7, 0x7538, 0x7517, 0x74f7, 0x7517, 0x74f6, 0x5c96, 0x3b92, 0x3bd4, 0x3bb4, 0x3393, 0x22d0, 0x22f0, 0x22d0, 0x2b11, 0x1aaf, 
	0x4c75, 0x759a, 0x865c, 0x96fe, 0x861c, 0x759a, 0x75ba, 0x759a, 0x75ba, 0x759a, 0x5cf8, 0x54b7, 0x54d8, 0x54b7, 0x54b7, 0x54d7, 
	0x3352, 0x22d0, 0x22f0, 0x22d0, 0x22f0, 0x2310, 0x2310, 0x22d0, 0x22d0, 0x22f0, 0x22f0, 0x22f0, 0x22f0, 0x22f0, 0x22f0, 0x2310, 
	0x22af, 0x5414, 0xffff, 0xffff, 0xef7d, 0xef7d, 0xe75d, 0xdf1c, 0xaefd, 0xa6dd, 0x96de, 0x865c, 0x759a, 0x7dba, 0x75ba, 0x6d7a, 
	0x6d59, 0x7dba, 0x9598, 0xbedd, 0xef9e, 0xd6db, 0xae7c, 0x6433, 0x1aaf, 0x22f0, 0x22f0, 0x2b11, 0x22f0, 0x22f0, 0x22ce, 0x963c, 
	0xb75f, 0xa6dd, 0x96be, 0x863c, 0x7dfb, 0x75ba, 0x759a, 0x759a, 0x75ba, 0x75ba, 0x759a, 0x759a, 0x759a, 0x75ba, 0x759a, 0x54b7, 
	0x54b7, 0x54b7, 0x54d8, 0x4c97, 0x9557, 0xefff, 0xffff, 0xf7be, 0xf79e, 0xef7d, 0xbebc, 0x7cd5, 0x5c97, 0x3b93, 0x3372, 0x2311, 
	0x2b31, 0x22d0, 0x22f0, 0x22d0, 0x3bb3, 0x4414, 0x75da, 0x96fe, 0x861b, 0x759a, 0x7dba, 0x759a, 0x6d7a, 0x6d59, 0x5cf8, 0x54b7, 
	0x54d7, 0x54b7, 0x8599, 0x85ba, 0x6495, 0x5c34, 0x6475, 0x6495, 0x2b31, 0x22f0, 0x22f0, 0x22f0, 0x22f0, 0x2b11, 0x22f0, 0x22f0, 
	0x22f0, 0x2b11, 0x22f0, 0x2310, 0x22ae, 0x5435, 0xffff, 0xffff, 0xef7d, 0xef7d, 0xe75d, 0xdf1c, 0xaefd, 0xa6dd, 0x96de, 0x865c, 
	0x863c, 0x6d99, 0x759a, 0x759a, 0x759a, 0x759a, 0x5d18, 0x4c97, 0x54b7, 0x54b7, 0x54b8, 0x4c97, 0x2311, 0x1ab0, 0x22f0, 0x1acf, 
	0x1ad0, 0x1ad0, 0x1ad0, 0x1ad0, 0x1ad0, 0x1ad0, 0x1ad0, 0x22f0, 0x1ad0, 0x1ad0, 0x1ad0, 0x1af0, 0x1aae, 0x43d3, 0xffff, 0xffdf, 
	0xe73c, 0xef7d, 0xffff, 0xe79e, 0x8e9d, 0x8ebd, 0x8ebd, 0x8edd, 0x96de, 0x865c, 0x6d79, 0x759a, 0x759a, 0x759a, 0x75bb, 0x6539, 
	0x5434, 0x965c, 0xf77c, 0xef5c, 0xe7df, 0x7452, 0x0a4f, 0x1ad0, 0x128e, 0x75bb, 0x9f1e, 0x96dd, 0x96de, 0x75da, 0x657a, 0x6d7a, 
	0x8557, 0xd7ff, 0xffff, 0xffff, 0xffff, 0xffff, 0xffff, 0xffff, 0xe7ff, 0x8d77, 0x657a, 0x4cb7, 0x4c97, 0x4c97, 0x4c97, 0x4c97, 
	0x4c76, 0x2b72, 0x2b73, 0x2b73, 0x3393, 0x2b73, 0x3393, 0x3393, 0x3bb3, 0x3393, 0x3372, 0x1aaf, 0x1ad0, 0x1aaf, 0x22f0, 0x128f, 
	0x5d17, 0x9f1f, 0x96fe, 0x96de, 0x861b, 0x6d99, 0x759a, 0x759a, 0x75ba, 0x759a, 0x5cf8, 0x4cb7, 0x54b8, 0x4c97, 0x54b7, 0x54b7, 
	0x2b31, 0x1aaf, 0x1ad0, 0x1acf, 0x1ad0, 0x1ad0, 0x1af0, 0x1ab0, 0x1ab0, 0x1af0, 0x1ad0, 0x22f0, 0x1ad0, 0x22f0, 0x1ad0, 0x1af0, 
	0x1a8e, 0x4bf4, 0xffff, 0xffdf, 0xe73c, 0xe73c, 0xdf7d, 0xd71c, 0x8ebd, 0x8ede, 0x96de, 0x865c, 0x6d79, 0x759a, 0x759a, 0x759a, 
	0x75bb, 0x6539, 0x4c13, 0x963c, 0xf75c, 0xffde, 0xffff, 0x8493, 0x0a4e, 0x1ad0, 0x1ad0, 0x22f0, 0x1ad0, 0x1ad0, 0x12ae, 0x75db, 
	0x8ede, 0x8ede, 0x96be, 0x75da, 0x757a, 0x757a, 0x6d7a, 0x6d7a, 0x6d9a, 0x6d9a, 0x6d9a, 0x6d9a, 0x6d9a, 0x759a, 0x6d7a, 0x54b7, 
	0x4cb7, 0x4cb7, 0x54d8, 0x4c97, 0x9557, 0xf7ff, 0xffff, 0xffbe, 0xf79d, 0xf77d, 0x9e3c, 0x330f, 0x33b4, 0x33b4, 0x2b31, 0x12af, 
	0x22f0, 0x1aaf, 0x1ad0, 0x1acf, 0x1ad0, 0x0a4e, 0x6538, 0x9eff, 0x7e1b, 0x6d9a, 0x75ba, 0x759a, 0x759a, 0x75ba, 0x5cf8, 0x4cb7, 
	0x54b7, 0x54b7, 0x4c97, 0x4c97, 0x22f1, 0x126f, 0x128f, 0x12af, 0x22f0, 0x1ad0, 0x1ad0, 0x1ad0, 0x1ad0, 0x22f0, 0x1ad0, 0x1ad0, 
	0x1ad0, 0x22f0, 0x1ad0, 0x1ad0, 0x1a8e, 0x5414, 0xffff, 0xf7df, 0xe73c, 0xe73c, 0xdf7e, 0xcefc, 0x8ebd, 0x8ebd, 0x96de, 0x865c, 
	0x7ddb, 0x759a, 0x759a, 0x759a, 0x75ba, 0x759a, 0x6518, 0x5497, 0x54d7, 0x54b7, 0x54d7, 0x54b7, 0x4456, 0x4435, 0x2b31, 0x22d0, 
	0x22f0, 0x22f0, 0x22f0, 0x22f0, 0x22f0, 0x22d0, 0x22d0, 0x22f0, 0x22f0, 0x22f0, 0x22d0, 0x22f0, 0x22ae, 0x4bd3, 0xffff, 0xffff, 
	0xffdf, 0xf7be, 0xef7d, 0xef7d, 0xe7bf, 0xe7bf, 0xdfdf, 0xcf5e, 0x96bd, 0x8ebd, 0x8e7d, 0x863c, 0x759a, 0x759a, 0x75ba, 0x6539, 
	0x5496, 0x6539, 0x8537, 0xb69c, 0xef7d, 0xce79, 0x9e1a, 0x95b9, 0x6db9, 0x8e9d, 0x96de, 0x7e3b, 0x8db9, 0xb73f, 0xdf5e, 0xdf5e, 
	0xdf5d, 0xf7ff, 0xffff, 0xffff, 0xffff, 0xf7be, 0xf7be, 0xef7d, 0xe77e, 0xcedb, 0xc6bc, 0xbe9b, 0xbe9b, 0xbe9b, 0xbe9b, 0xc69b, 
	0x961b, 0x4371, 0x3393, 0x3393, 0x3bd4, 0x3bb3, 0x3bb3, 0x3bb3, 0x3bd3, 0x3bb3, 0x3372, 0x1acf, 0x22f0, 0x22d0, 0x22f0, 0x1a8f, 
	0x5d17, 0x9eff, 0x865c, 0x7dfb, 0x7dbb, 0x759a, 0x759a, 0x759a, 0x75ba, 0x759a, 0x5cf8, 0x54b7, 0x54d7, 0x54b7, 0x54b7, 0x54b7, 
	0x4c56, 0x4435, 0x2b11, 0x1ad0, 0x22d0, 0x22f0, 0x22f0, 0x1ad0, 0x22d0, 0x2310, 0x22f0, 0x22f0, 0x22f0, 0x22f0, 0x22f0, 0x2311, 
	0x22af, 0x5414, 0xffff, 0xffdf, 0xe73c, 0xef7d, 0xefff, 0xdf7e, 0x96bd, 0x96dd, 0x96dd, 0x8ebd, 0x8e7c, 0x863b, 0x759a, 0x759a, 
	0x759a, 0x759a, 0x6d59, 0x757a, 0x8537, 0xb6bd, 0xef9e, 0xce9a, 0xa63b, 0x5bf2, 0x1ab0, 0x2b11, 0x22ef, 0x6518, 0x75da, 0x8e9d, 
	0x96de, 0x863b, 0x7dfb, 0x75ba, 0x8598, 0xbf5f, 0xdf5e, 0xdf5e, 0xd75e, 0xd75e, 0xdf5e, 0xdf5e, 0xbf5f, 0x8598, 0x6d9a, 0x54d7, 
	0x54b7, 0x54b7, 0x54d7, 0x54d7, 0x64b7, 0x6cf7, 0x74f7, 0x6cd6, 0x74d6, 0x6cb6, 0x5c96, 0x3bb2, 0x3bd4, 0x3bb3, 0x3352, 0x22d0, 
	0x2b31, 0x22f0, 0x22f0, 0x1aaf, 0x5495, 0x75ba, 0x867c, 0x96de, 0x861b, 0x759a, 0x7dba, 0x759a, 0x759a, 0x75ba, 0x6518, 0x54b7, 
	0x54d7, 0x54b7, 0x5cd7, 0x54b7, 0x2b52, 0x22d0, 0x22d0, 0x22f0, 0x2b10, 0x22f0, 0x22f0, 0x22f0, 0x22f0, 0x2310, 0x22f0, 0x22f0, 
	0x22f0, 0x2b11, 0x22f0, 0x22f0, 0x22ae, 0x5434, 0xffff, 0xffdf, 0xe73c, 0xef7d, 0xefff, 0xdf5e, 0x8ebd, 0x96dd, 0x96dd, 0x8ebd, 
	0x759a, 0x759a, 0x759a, 0x759a, 0x759a, 0x759a, 0x5d18, 0x4cb7, 0x54d7, 0x54b7, 0x54d7, 0x54b7, 0x54b7, 0x54d8, 0x2b52, 0x1acf, 
	0x1ad0, 0x1ad0, 0x22d0, 0x22d0, 0x22f0, 0x1ad0, 0x1ad0, 0x22f0, 0x22f0, 0x22f0, 0x1ad0, 0x22f0, 0x22ae, 0x4bf3, 0xffff, 0xffff, 
	0xffff, 0xffdf, 0xe73c, 0xef9d, 0xffff, 0xffff, 0xffff, 0xe79e, 0x8edd, 0x96fe, 0x96de, 0x865c, 0x757a, 0x759a, 0x75ba, 0x6539, 
	0x4cb7, 0x4cb7, 0x5434, 0x9e7d, 0xf77d, 0xf77d, 0xdfbf, 0xc6fc, 0x96fe, 0x8ede, 0x8ebe, 0x75da, 0x7d37, 0xd7df, 0xffff, 0xffff, 
	0xffff, 0xffff, 0xffff, 0xffff, 0xffff, 0xf79e, 0xef9e, 0xe73c, 0xe73c, 0xef5c, 0xef5d, 0xef5d, 0xef5d, 0xef5d, 0xef5c, 0xf77d, 
	0xb6de, 0x4350, 0x2b93, 0x3393, 0x3bd4, 0x3bb3, 0x33b3, 0x3393, 0x3bb4, 0x3bb3, 0x3372, 0x1acf, 0x22f0, 0x1ad0, 0x22f0, 0x126e, 
	0x5cf7, 0x9eff, 0x863c, 0x6d99, 0x759a, 0x759a, 0x759a, 0x759a, 0x759a, 0x759a, 0x5cf8, 0x54b7, 0x54d7, 0x54b7, 0x54b7, 0x54b7, 
	0x54d8, 0x54d7, 0x2b31, 0x1ad0, 0x22d0, 0x22f0, 0x22f0, 0x1acf, 0x1ad0, 0x22f0, 0x22d0, 0x22f0, 0x22d0, 0x22d0, 0x1ad0, 0x22f0, 
	0x228e, 0x4bf4, 0xffff, 0xffdf, 0xe73c, 0xef7d, 0xffff, 0xe79e, 0x8ebd, 0x8ebd, 0x8ebd, 0x8ebd, 0x96de, 0x865c, 0x6d7a, 0x759a, 
	0x759a, 0x75ba, 0x75bb, 0x5d18, 0x5434, 0x9e5d, 0xf77d, 0xef5c, 0xe7df, 0x7431, 0x126f, 0x1ad0, 0x12ae, 0x7ddb, 0x9f1e, 0x96de, 
	0x96de, 0x75da, 0x6d7a, 0x6d9a, 0x8d77, 0xdfff, 0xffff, 0xffff, 0xffff, 0xffff, 0xffff, 0xffff, 0xdfff, 0x8d77, 0x6d7a, 0x4cb7, 
	0x4c97, 0x4c97, 0x54b7, 0x4cb7, 0x4c56, 0x2b72, 0x3393, 0x2b73, 0x3393, 0x2b73, 0x3393, 0x3393, 0x3bb4, 0x33b3, 0x2b32, 0x1ab0, 
	0x2311, 0x1ad0, 0x22f0, 0x128f, 0x6538, 0x9f1f, 0x96fe, 0x96dd, 0x7e1b, 0x6d99, 0x759a, 0x759a, 0x759a, 0x759a, 0x5cf8, 0x4cb7, 
	0x54b7, 0x54b7, 0x54d7, 0x54b7, 0x2331, 0x12af, 0x1acf, 0x22f0, 0x22f0, 0x1ad0, 0x1ad0, 0x22f0, 0x1ad0, 0x22f0, 0x22f0, 0x1ad0, 
	0x1ad0, 0x22f0, 0x1ad0, 0x22f0, 0x1a8e, 0x5434, 0xffff, 0xffdf, 0xe73c, 0xef7d, 0xffff, 0xe79e, 0x8ebd, 0x8ebd, 0x8ebd, 0x96de, 
	0x7dba, 0x759a, 0x75ba, 0x759a, 0x7dba, 0x75ba, 0x5d18, 0x54b7, 0x54d7, 0x54b7, 0x54d7, 0x54b7, 0x54b7, 0x54d7, 0x3352, 0x22f0, 
	0x22f0, 0x22f0, 0x2310, 0x22f0, 0x2b10, 0x22f0, 0x22f0, 0x22f0, 0x22f0, 0x22f0, 0x22f0, 0x2b11, 0x22f0, 0x3351, 0x5bf3, 0x7d17, 
	0xffff, 0xffdf, 0xe77e, 0xc659, 0x53f3, 0x6475, 0x6cd7, 0x64b6, 0x4c55, 0x6d79, 0x9efe, 0x8e5c, 0x759a, 0x75ba, 0x75ba, 0x6d39, 
	0x54b7, 0x54d7, 0x5cb7, 0x6d39, 0x7d59, 0x7d79, 0x6d58, 0x8e5c, 0xa6bc, 0xbf9f, 0xe7bf, 0xdf7e, 0xe75d, 0xf7ff, 0xffff, 0xffff, 
	0xffff, 0xffff, 0xffff, 0xffff, 0xffff, 0xf79e, 0xf79e, 0xef9d, 0xef9e, 0xffdf, 0xf7df, 0xef9d, 0xef9d, 0xef9d, 0xef7d, 0xe75d, 
	0xdf1c, 0xc67a, 0x8dda, 0x4391, 0x43f4, 0x3bb4, 0x3bd4, 0x3bb3, 0x3b93, 0x2b11, 0x2b51, 0x22f0, 0x2b11, 0x22d0, 0x5495, 0x7dfb, 
	0x867c, 0x96fe, 0x863c, 0x7599, 0x7dba, 0x759a, 0x7dba, 0x75ba, 0x7dba, 0x75ba, 0x6518, 0x54b7, 0x5cd8, 0x54d7, 0x54d7, 0x54d7, 
	0x5cd8, 0x54b7, 0x2b52, 0x22f0, 0x22f0, 0x2b10, 0x2b11, 0x22d0, 0x22d0, 0x22f0, 0x22f0, 0x22f0, 0x22f0, 0x22f0, 0x22f0, 0x2311, 
	0x22af, 0x5414, 0xffff, 0xffff, 0xffdf, 0xf7be, 0xef7d, 0xef9e, 0xe7bf, 0xe7bf, 0xdfdf, 0xcf5e, 0x96bd, 0x96bd, 0x8e9d, 0x7e1b, 
	0x759a, 0x7dba, 0x75ba, 0x6538, 0x5497, 0x6539, 0x8536, 0xb6bd, 0xef7d, 0xce7a, 0xae5b, 0x9dd9, 0x75da, 0x8e9d, 0x96de, 0x7e3c, 
	0x8db9, 0xbf5f, 0xdf7e, 0xdf7e, 0xe75d, 0xf7ff, 0xffff, 0xffff, 0xffff, 0xf7be, 0xf7be, 0xef7d, 0xe77e, 0xd6db, 0xc6dc, 0xc6bb, 
	0xc69b, 0xc69b, 0xc69b, 0xc6bb, 0x961b, 0x4371, 0x3bd4, 0x3bb3, 0x3bd4, 0x3bb3, 0x3bd4, 0x3bb3, 0x3bd4, 0x3bb3, 0x3352, 0x22d0, 
	0x2b31, 0x22f0, 0x22f0, 0x1aaf, 0x6537, 0x9efe, 0x865c, 0x7dfb, 0x7dda, 0x759a, 0x7dba, 0x759a, 0x75ba, 0x75ba, 0x6518, 0x54b7, 
	0x54d7, 0x54b7, 0x5cd7, 0x54b7, 0x4c76, 0x4435, 0x2311, 0x22f0, 0x2b10, 0x22f0, 0x22f0, 0x22f0, 0x22f0, 0x2b10, 0x22f0, 0x22f0, 
	0x22f0, 0x2b10, 0x22f0, 0x22f0, 0x22ae, 0x5434, 0xffff, 0xffff, 0xffdf, 0xf7be, 0xef7d, 0xef9e, 0xe7bf, 0xe7bf, 0xdfdf, 0xcf3e, 
	0x759a, 0x759a, 0x759a, 0x759a, 0x759a, 0x759a, 0x5d18, 0x4cb7, 0x54d7, 0x54b7, 0x54d7, 0x4cb7, 0x4cb7, 0x54b7, 0x2b51, 0x1aaf, 
	0x1ad0, 0x1ad0, 0x22d0, 0x22d0, 0x1ad0, 0x1acf, 0x1aaf, 0x1ad0, 0x1acf, 0x1acf, 0x1aaf, 0x1ad0, 0x1ad0, 0x1ad0, 0x124d, 0x43d3, 
	0xffff, 0xffdf, 0xe79e, 0xadd8, 0x0a4e, 0x2311, 0x2b73, 0x3373, 0x2b51, 0x5cd7, 0x96fe, 0x865c, 0x6d7a, 0x759a, 0x759a, 0x6539, 
	0x4c97, 0x54b7, 0x4c97, 0x4cb7, 0x4c97, 0x4c97, 0x4476, 0x761c, 0xa69c, 0xcfdf, 0xffff, 0xffff, 0xffff, 0xffff, 0xffff, 0xffff, 
	0xffff, 0xffff, 0xffff, 0xffff, 0xffff, 0xf79e, 0xf79e, 0xf79e, 0xf7be, 0xffff, 0xffff, 0xf79e, 0xf79e, 0xf79e, 0xef9e, 0xe73c, 
	0xef3c, 0xf79d, 0xae9d, 0x3b50, 0x33b4, 0x3393, 0x33b3, 0x3393, 0x3372, 0x1aaf, 0x22f0, 0x1aaf, 0x1ad0, 0x128f, 0x54d6, 0x9f1f, 
	0x96de, 0x96dd, 0x861c, 0x6d79, 0x759a, 0x759a, 0x759a, 0x759a, 0x759a, 0x759a, 0x5cf8, 0x4c97, 0x54b7, 0x4c97, 0x4cb7, 0x4cb7, 
	0x54b7, 0x4cb7, 0x2311, 0x1aaf, 0x1acf, 0x1ad0, 0x1af0, 0x1aaf, 0x1aaf, 0x1ad0, 0x1ad0, 0x1ad0, 0x1ad0, 0x1ad0, 0x1ad0, 0x1af0, 
	0x1a8e, 0x4bf3, 0xffff, 0xffff, 0xffff, 0xffdf, 0xe73c, 0xef9d, 0xffff, 0xffff, 0xffff, 0xe77e, 0x8ebd, 0x96de, 0x96de, 0x863c, 
	0x6d79, 0x759a, 0x6d9a, 0x5d18, 0x4c97, 0x4cb7, 0x5434, 0x9e7d, 0xef5c, 0xef5c, 0xdfbf, 0xc6dc, 0x96de, 0x8ede, 0x8ebe, 0x75db, 
	0x8537, 0xd7df, 0xffff, 0xffff, 0xffff, 0xffff, 0xffff, 0xffff, 0xffff, 0xf79e, 0xef9d, 0xe73c, 0xe73c, 0xef5d, 0xef5d, 0xef5d, 
	0xef5d, 0xef5d, 0xef5c, 0xf77d, 0xae9d, 0x4350, 0x33b3, 0x3393, 0x33b3, 0x3393, 0x3bb3, 0x3393, 0x3bb3, 0x3393, 0x2331, 0x12af, 
	0x22f0, 0x1aaf, 0x1ad0, 0x126f, 0x5d17, 0x9eff, 0x861b, 0x6d79, 0x759a, 0x759a, 0x759a, 0x759a, 0x759a, 0x759a, 0x5cf8, 0x4c97, 
	0x54b7, 0x54b7, 0x54b7, 0x54b7, 0x54d8, 0x4c97, 0x22f0, 0x1ad0, 0x1ad0, 0x1acf, 0x1acf, 0x1ad0, 0x1ad0, 0x22f0, 0x1ad0, 0x1ad0, 
	0x1ad0, 0x22f0, 0x1ad0, 0x1ad0, 0x1a8e, 0x5434, 0xffff, 0xffff, 0xffff, 0xffdf, 0xe73c, 0xef9e, 0xffff, 0xffff, 0xffff, 0xdf7e, 
	0x75ba, 0x759a, 0x759a, 0x759a, 0x759a, 0x759a, 0x5d18, 0x54b7, 0x54d7, 0x54b7, 0x54d7, 0x54b7, 0x54b7, 0x54b7, 0x2b51, 0x1acf, 
	0x22d0, 0x22d0, 0x22f0, 0x22f0, 0x1acf, 0x2b10, 0xc6bb, 0xcf1d, 0xd6fc, 0xcedc, 0xbe7b, 0xa5d8, 0x1ad0, 0x1acf, 0x1aaf, 0x2b11, 
	0x4bf3, 0x4bf3, 0x43d3, 0x3b71, 0x1aaf, 0x2310, 0x1acf, 0x4415, 0x7e3c, 0x867c, 0x96de, 0x865c, 0x6d7a, 0x759a, 0x759a, 0x6538, 
	0x4c97, 0x54b7, 0x4c97, 0x54b8, 0x5454, 0x9e9d, 0xdf5d, 0xe79e, 0xefbf, 0xf7ff, 0xffff, 0xffff, 0xffff, 0xffff, 0xffff, 0xffff, 
	0xffff, 0xffff, 0xefff, 0xae3a, 0x8e1b, 0x8e1b, 0x8dfb, 0x8dfb, 0x8dfb, 0x8e1b, 0x961b, 0x8dfb, 0x85fb, 0x6d38, 0x9d97, 0xdfbf, 
	0xf79d, 0xf79d, 0xdf5d, 0xc67a, 0xc67a, 0xc69b, 0x8579, 0x22ae, 0x2311, 0x1ab0, 0x22f0, 0x1aaf, 0x1ad0, 0x128f, 0x54d6, 0x9eff, 
	0x865c, 0x75da, 0x75ba, 0x759a, 0x759a, 0x759a, 0x759a, 0x759a, 0x759a, 0x759a, 0x5cf8, 0x4cb7, 0x54b7, 0x4c97, 0x4cb7, 0x4cb7, 
	0x54d7, 0x4cb7, 0x2311, 0x1aaf, 0x1acf, 0x1ad0, 0x1af0, 0x1aaf, 0x1aaf, 0x1ad0, 0x1ad0, 0x1ad0, 0x1acf, 0x1ad0, 0x1acf, 0x1ad0, 
	0x1aaf, 0x2311, 0x4bb1, 0x74f7, 0xffff, 0xffdf, 0xe77e, 0xbe39, 0x43b2, 0x5434, 0x5c96, 0x5c75, 0x4434, 0x6d79, 0x96fe, 0x7e3c, 
	0x6d79, 0x759a, 0x6d9a, 0x5d18, 0x4c97, 0x54b7, 0x5496, 0x6519, 0x7538, 0x7538, 0x6538, 0x8e5c, 0x9e9c, 0xc7bf, 0xefbf, 0xe79e, 
	0xe77e, 0xf7ff, 0xffff, 0xffff, 0xffff, 0xffff, 0xffff, 0xffff, 0xffff, 0xf79e, 0xf79e, 0xef9d, 0xf79e, 0xffdf, 0xffdf, 0xef9d, 
	0xef9d, 0xef9e, 0xef7d, 0xe75c, 0xdf1c, 0xc67a, 0x8ddb, 0x3b51, 0x33b4, 0x2b93, 0x33b3, 0x3393, 0x3373, 0x1af0, 0x1ad0, 0x1aaf, 
	0x22f0, 0x128f, 0x4c95, 0x7dfb, 0x867c, 0x96de, 0x861c, 0x6d99, 0x759a, 0x759a, 0x759a, 0x759a, 0x759a, 0x759a, 0x5cf8, 0x4c97, 
	0x54b7, 0x54b7, 0x54b7, 0x54b7, 0x54b7, 0x4c97, 0x1af0, 0x1ad0, 0x22f0, 0x1acf, 0x1acf, 0x1ad0, 0x22f0, 0x22f0, 0x22f0, 0x22d0, 
	0x22d0, 0x22f0, 0x22d0, 0x22f0, 0x1ad0, 0x2b51, 0x53b2, 0x8537, 0xffff, 0xffde, 0xe77e, 0xbe18, 0x4bd2, 0x5c34, 0x64b6, 0x6496, 
	0x75ba, 0x759a, 0x759a, 0x759a, 0x759a, 0x759a, 0x5d18, 0x54b7, 0x54d7, 0x54b7, 0x54d7, 0x54b7, 0x54b7, 0x54b7, 0x2b52, 0x1ad0, 
	0x1ad0, 0x1ad0, 0x22f0, 0x22f0, 0x22cf, 0x3351, 0xf7df, 0xffff, 0xffff, 0xffff, 0xef9e, 0xcedb, 0x22f0, 0x22d0, 0x1ad0, 0x22f0, 
	0x1aaf, 0x1ad0, 0x1aaf, 0x1aaf, 0x1ad0, 0x2311, 0x1aaf, 0x4c55, 0x9f1e, 0x96fe, 0x96de, 0x865c, 0x757a, 0x759a, 0x759a, 0x6539, 
	0x4cb7, 0x54d7, 0x54b7, 0x54d8, 0x5c54, 0xb71f, 0xffff, 0xffff, 0xffff, 0xffff, 0xffff, 0xffff, 0xffff, 0xffff, 0xffff, 0xffff, 
	0xffff, 0xffff, 0xe7ff, 0x95b8, 0x6d7a, 0x6d9a, 0x759a, 0x759a, 0x6d9a, 0x6d7a, 0x759a, 0x759a, 0x657a, 0x4c77, 0x7cf5, 0xdfdf, 
	0xf79d, 0xf79d, 0xf79d, 0xef5d, 0xef5d, 0xf79d, 0x9e1b, 0x226c, 0x22f0, 0x1ad0, 0x2310, 0x1ad0, 0x22f0, 0x128f, 0x54d6, 0x9eff, 
	0x863c, 0x6d99, 0x759a, 0x759a, 0x759a, 0x759a, 0x759a, 0x759a, 0x759a, 0x759a, 0x5cf8, 0x54b7, 0x54d7, 0x54b7, 0x54b7, 0x54b7, 
	0x54d7, 0x54b7, 0x2b31, 0x1ad0, 0x22d0, 0x22f0, 0x22f0, 0x1ad0, 0x1ad0, 0x22f0, 0x22d0, 0x22f0, 0x22d0, 0x22f0, 0x22d0, 0x22f0, 
	0x22f0, 0x22f0, 0x1a6d, 0x4c14, 0xffff, 0xffdf, 0xe77e, 0xadd8, 0x126e, 0x2311, 0x3373, 0x3393, 0x2b52, 0x64f8, 0x9efe, 0x863b, 
	0x7599, 0x7dba, 0x75ba, 0x6518, 0x4cb7, 0x54d7, 0x54b7, 0x54d7, 0x4c97, 0x4c97, 0x4c96, 0x7e3d, 0xa69b, 0xd7ff, 0xffff, 0xffff, 
	0xffff, 0xffff, 0xffff, 0xffff, 0xffff, 0xffff, 0xffff, 0xffff, 0xffff, 0xf79e, 0xf79e, 0xf79e, 0xf79e, 0xffff, 0xffff, 0xf79e, 
	0xf79e, 0xf79e, 0xef9e, 0xe73c, 0xef5c, 0xf79d, 0xae9d, 0x4350, 0x3bb4, 0x3393, 0x3bd3, 0x3bb3, 0x3372, 0x1aaf, 0x1ad0, 0x1ad0, 
	0x2311, 0x1a8f, 0x5d17, 0x9f1f, 0x96fe, 0x96dd, 0x861c, 0x7599, 0x759a, 0x759a, 0x75ba, 0x759a, 0x759a, 0x759a, 0x5cf8, 0x54b7, 
	0x54b7, 0x54b7, 0x54d7, 0x54b7, 0x54d7, 0x4c97, 0x2311, 0x22f0, 0x22f0, 0x22d0, 0x22d0, 0x22f0, 0x22d0, 0x22f0, 0x1ad0, 0x1ad0, 
	0x1ad0, 0x22f0, 0x1ad0, 0x22f0, 0x1ad0, 0x1af0, 0x1a4d, 0x5455, 0xffff, 0xffde, 0xe79f, 0xa5b7, 0x0a6e, 0x1af1, 0x3373, 0x33b4, 
	0x7dba, 0x759a, 0x75ba, 0x75ba, 0x6539, 0x5cd7, 0x5cd8, 0x54b7, 0x54d7, 0x54b7, 0x54d8, 0x54b7, 0x54b7, 0x54d7, 0x5476, 0x4c76, 
	0xbe7b, 0xc6dc, 0x3b72, 0x2acf, 0x22f0, 0x22f0, 0x43b2, 0x5c34, 0xe75d, 0xef9e, 0xffff, 0xf7de, 0xdf3d, 0xdf1c, 0xd73e, 0xb63a, 
	0x22d0, 0x22f0, 0x22f0, 0x1ad0, 0x1aaf, 0x43f4, 0x863b, 0x865c, 0x96dd, 0x96de, 0x96de, 0x865c, 0x759a, 0x759a, 0x759a, 0x6539, 
	0x4cb7, 0x54d8, 0x5c75, 0x9e7d, 0xe75d, 0xef9e, 0xf79e, 0xffdf, 0xffff, 0xffff, 0xffff, 0xffff, 0xffff, 0xffff, 0xffff, 0xf77d, 
	0xdf9f, 0xc6dc, 0x9f1e, 0x969d, 0x8e9d, 0x8e9d, 0x8e9d, 0x8e9d, 0x8e9d, 0x8e9d, 0x8e7d, 0x75ba, 0x759a, 0x6d7a, 0x7579, 0x6d38, 
	0x9d97, 0xe7df, 0xf79e, 0xf77d, 0xef7d, 0xef7d, 0x961b, 0x2a8d, 0x2311, 0x1ad0, 0x2b11, 0x1aaf, 0x4c55, 0x863c, 0x8e9c, 0x96fe, 
	0x863c, 0x7599, 0x75ba, 0x759a, 0x75ba, 0x759a, 0x75ba, 0x759a, 0x6539, 0x5cd7, 0x54d8, 0x54b7, 0x54d7, 0x54b7, 0x54b7, 0x54b7, 
	0x54d8, 0x54b7, 0x4c76, 0x4c76, 0xbe7b, 0xc6bc, 0x3371, 0x22cf, 0x22cf, 0x3372, 0xcefc, 0xdf3d, 0xdf1c, 0xd71c, 0xc6bb, 0xadf8, 
	0x22f0, 0x22f0, 0x22d0, 0x2b51, 0x4bd3, 0x4bd3, 0x43b2, 0x4392, 0x22d0, 0x2b11, 0x22f0, 0x4c55, 0x865c, 0x8e9d, 0x96de, 0x863c, 
	0x759a, 0x7dba, 0x75ba, 0x6538, 0x54b7, 0x54d8, 0x54b8, 0x54d8, 0x5c75, 0xa6be, 0xe77e, 0xefbf, 0xefdf, 0xf7ff, 0xffff, 0xffff, 
	0xffff, 0xffff, 0xffff, 0xffff, 0xffff, 0xffff, 0xefff, 0xae19, 0x8e1b, 0x8e1b, 0x8dfb, 0x8dfb, 0x8dfb, 0x8e1b, 0x8e1b, 0x8dfb, 
	0x85fb, 0x6d38, 0x9d97, 0xdfbf, 0xf79d, 0xf79d, 0xe75d, 0xce9a, 0xcebb, 0xcedb, 0x8599, 0x2ace, 0x2b31, 0x22f0, 0x22f0, 0x22f0, 
	0x2b11, 0x1aaf, 0x5cf7, 0x9eff, 0x865c, 0x7dda, 0x7ddb, 0x759a, 0x75ba, 0x759a, 0x7dba, 0x759a, 0x75ba, 0x75ba, 0x6518, 0x54b7, 
	0x54d7, 0x54d7, 0x54d7, 0x54d7, 0x54d8, 0x54b7, 0x2b11, 0x22f0, 0x22f0, 0x22f0, 0x22f0, 0x22f0, 0x22cf, 0x3b92, 0xd6fd, 0xd71d, 
	0xd71c, 0xd6fc, 0xc69b, 0xa5b8, 0x22d0, 0x22f0, 0x22cf, 0x2b51, 0x4bd3, 0x4bf3, 0x43b3, 0x4392, 0x22d0, 0x22f0, 0x1aef, 0x5496, 
	0x75ba, 0x759a, 0x759a, 0x759a, 0x5d18, 0x4c96, 0x54d7, 0x54b7, 0x54b7, 0x54b7, 0x54d7, 0x54b7, 0x54b7, 0x54b7, 0x5cd7, 0x5cd7, 
	0xdf5d, 0xefbf, 0x3b72, 0x22af, 0x22f0, 0x1ad0, 0x1aaf, 0x2b31, 0xd6fb, 0xe77d, 0xffff, 0xffff, 0xffff, 0xffff, 0xffff, 0xdf1c, 
	0x22cf, 0x2310, 0x22f0, 0x22f0, 0x1aaf, 0x4c35, 0x9f1e, 0x96fe, 0x96dd, 0x96dd, 0x96de, 0x865c, 0x757a, 0x759a, 0x75ba, 0x6539, 
	0x4c97, 0x54b7, 0x5c54, 0xaede, 0xffff, 0xffbe, 0xef9e, 0xffdf, 0xffff, 0xffff, 0xffff, 0xffff, 0xffff, 0xffff, 0xffff, 0xef5d, 
	0xcf7f, 0xb69b, 0x8ebe, 0x8ede, 0x96dd, 0x96dd, 0x96dd, 0x96dd, 0x96dd, 0x96dd, 0x96be, 0x75ba, 0x759a, 0x759a, 0x6d9a, 0x4c96, 
	0x8516, 0xdfdf, 0xf79d, 0xf79e, 0xef9d, 0xef7d, 0x9dfb, 0x2a8d, 0x2311, 0x22f0, 0x2b11, 0x1aaf, 0x54b6, 0x9f1f, 0x96fe, 0x96dd, 
	0x863c, 0x6d99, 0x75ba, 0x759a, 0x759a, 0x759a, 0x759a, 0x759a, 0x5d18, 0x4c96, 0x54b7, 0x54b7, 0x54d7, 0x54b7, 0x54b7, 0x54b7, 
	0x54d7, 0x54b7, 0x5cb7, 0x5cd7, 0xe77e, 0xefbf, 0x3372, 0x1aaf, 0x1aaf, 0x3351, 0xf7df, 0xffff, 0xffff, 0xffff, 0xef9e, 0xce9a, 
	0x22d0, 0x22f0, 0x22f0, 0x22f0, 0x1aaf, 0x1ab0, 0x1aaf, 0x22f0, 0x1ad0, 0x22f0, 0x12af, 0x4c76, 0x9f1e, 0x96fe, 0x96de, 0x7e3c, 
	0x757a, 0x75ba, 0x759a, 0x6518, 0x4c97, 0x54b7, 0x4cb7, 0x54d8, 0x5c74, 0xb73f, 0xffff, 0xffff, 0xffff, 0xffff, 0xffff, 0xffff, 
	0xffff, 0xffff, 0xffff, 0xffff, 0xffff, 0xffff, 0xe7ff, 0x9598, 0x6d9a, 0x6d9a, 0x6d9a, 0x6d9a, 0x759a, 0x6d9a, 0x759a, 0x759a, 
	0x657a, 0x4476, 0x8516, 0xdfdf, 0xf79e, 0xf79e, 0xf79e, 0xef5d, 0xef5c, 0xf79d, 0x95fb, 0x226c, 0x22f0, 0x1ad0, 0x1acf, 0x1acf, 
	0x2311, 0x1a8f, 0x5cf7, 0x9eff, 0x861c, 0x6d99, 0x759a, 0x759a, 0x759a, 0x759a, 0x759a, 0x759a, 0x759a, 0x759a, 0x5cf8, 0x5497, 
	0x54b7, 0x54b7, 0x54b7, 0x54b7, 0x54d7, 0x4c97, 0x2310, 0x22f0, 0x22f0, 0x22d0, 0x1ad0, 0x1ad0, 0x22af, 0x3b72, 0xffff, 0xffff, 
	0xffff, 0xffff, 0xef9e, 0xc67a, 0x1aaf, 0x22f0, 0x22f0, 0x22f0, 0x128f, 0x1ad0, 0x1aaf, 0x22f0, 0x1ad0, 0x1ad0, 0x1aaf, 0x54b6, 
	0x75ba, 0x759a, 0x759a, 0x759a, 0x6519, 0x54b7, 0x54d7, 0x54b7, 0x54d7, 0x54b7, 0x54d7, 0x54b7, 0x5497, 0x54b7, 0xc6bb, 0xd75e, 
	0xef9e, 0xef7d, 0x3b92, 0x22cf, 0x22f0, 0x22f0, 0x22f0, 0x2310, 0x3b50, 0x5434, 0xf7ff, 0xe79e, 0x5c34, 0x74f7, 0xffff, 0xf7df, 
	0xce9a, 0xd6db, 0xdf7e, 0xcefc, 0x861b, 0x8e7c, 0x96dd, 0x96dd, 0x96de, 0x8e7c, 0x75ba, 0x7dbb, 0x759a, 0x759a, 0x75ba, 0x6539, 
	0x4c97, 0x54b8, 0x5c54, 0xaede, 0xffff, 0xffff, 0xffff, 0xffff, 0xffff, 0xffff, 0xffff, 0xffff, 0xffff, 0xf77d, 0xd79e, 0xbedb, 
	0x9ede, 0x96dd, 0x96dd, 0x96de, 0x96dd, 0x96dd, 0x96de, 0x96de, 0x96dd, 0x96dd, 0x96dd, 0x8ebd, 0x8e7d, 0x75ba, 0x6d7a, 0x54b7, 
	0x54b6, 0x4414, 0x84f4, 0xe7ff, 0xf79e, 0xf79e, 0xe75d, 0xce9a, 0xcebb, 0xcebb, 0xa6bd, 0x8dfa, 0x8e9d, 0x96de, 0x8e5c, 0x75ba, 
	0x75ba, 0x759a, 0x75ba, 0x759a, 0x75ba, 0x759a, 0x75ba, 0x759a, 0x5d18, 0x54b7, 0x54b7, 0x54b7, 0x54d7, 0x54b7, 0x54d7, 0x54d7, 
	0x54b7, 0x54b7, 0xc6dc, 0xdf5e, 0xef9e, 0xe77d, 0x3372, 0x22af, 0x1acf, 0x2310, 0x4371, 0x5434, 0xe75d, 0xef9e, 0xffdf, 0xffdf, 
	0xe73d, 0xe73d, 0xdf5e, 0xb639, 0x1aaf, 0x22d0, 0x1aaf, 0x22f0, 0x1aaf, 0x4414, 0x865c, 0x8e7c, 0x96dd, 0x96de, 0x96de, 0x863b, 
	0x757a, 0x75ba, 0x759a, 0x6518, 0x4c97, 0x54b8, 0x5c75, 0xa6be, 0xef7e, 0xef9e, 0xf79e, 0xffff, 0xffff, 0xffff, 0xffff, 0xffff, 
	0xffff, 0xffff, 0xffff, 0xef7d, 0xd79f, 0xbedc, 0x9efe, 0x8e9d, 0x8e9d, 0x8e9d, 0x8e9d, 0x8e9d, 0x8e9d, 0x8e9d, 0x8e7d, 0x75ba, 
	0x759a, 0x6d7a, 0x6d7a, 0x6518, 0x9d97, 0xe7df, 0xf79e, 0xf79d, 0xef7d, 0xef7d, 0x95fa, 0x226d, 0x22f0, 0x1ad0, 0x1acf, 0x128f, 
	0x5495, 0x865c, 0x8e9c, 0x96de, 0x863c, 0x6d99, 0x75ba, 0x759a, 0x759a, 0x759a, 0x75ba, 0x759a, 0x5d18, 0x54d7, 0x54d7, 0x54b7, 
	0x54b7, 0x54b7, 0x54d7, 0x54b7, 0x54b8, 0x54b7, 0x4c55, 0x5476, 0xc6bc, 0xc6bc, 0x2b30, 0x22cf, 0x1ad0, 0x2311, 0x4391, 0x5434, 
	0xe75d, 0xef9e, 0xffff, 0xf7be, 0xe73d, 0xe73d, 0xdf5e, 0xae19, 0x1a8f, 0x22f0, 0x1ad0, 0x22f0, 0x1aaf, 0x4415, 0x865c, 0x8e7d, 
	0x759a, 0x759a, 0x759a, 0x759a, 0x5d19, 0x5497, 0x54b7, 0x54b7, 0x54d7, 0x54b7, 0x54b8, 0x4c97, 0x54b7, 0x5cd7, 0xdf1c, 0xf7df, 
	0xf7be, 0xef7d, 0x3372, 0x22af, 0x22f0, 0x1ad0, 0x1ad0, 0x22f0, 0x1a8e, 0x3b72, 0xf7ff, 0xe77e, 0x3b71, 0x5455, 0xf7ff, 0xf7df, 
	0xe73c, 0xef7d, 0xffff, 0xe7be, 0x96dd, 0x96fe, 0x96dd, 0x96dd, 0x96de, 0x865c, 0x6d79, 0x759a, 0x759a, 0x759a, 0x759a, 0x6539, 
	0x54b7, 0x54d8, 0x5c74, 0xaede, 0xffff, 0xffff, 0xffff, 0xffff, 0xffff, 0xffff, 0xffff, 0xffff, 0xffff, 0xef7d, 0xcf7e, 0xb69b, 
	0x8ede, 0x8ede, 0x96dd, 0x8ebd, 0x8ebd, 0x8ebd, 0x8ebd, 0x8ebd, 0x8ebd, 0x96bd, 0x96dd, 0x96de, 0x8e9d, 0x75ba, 0x6d7a, 0x54b7, 
	0x4c96, 0x2372, 0x6c73, 0xdfdf, 0xef9d, 0xf79e, 0xef7d, 0xef5d, 0xef5c, 0xef5d, 0xbf5f, 0xa6bc, 0x96de, 0x8ede, 0x863c, 0x6d99, 
	0x759a, 0x759a, 0x759a, 0x759a, 0x759a, 0x759a, 0x75ba, 0x759a, 0x5d18, 0x5497, 0x54b7, 0x54b7, 0x54d7, 0x54b7, 0x54b7, 0x54b7, 
	0x5cb7, 0x5cd7, 0xdf3d, 0xf7df, 0xf7be, 0xe77d, 0x3372, 0x1aaf, 0x1ad0, 0x1af0, 0x1a8e, 0x3351, 0xdefc, 0xe75d, 0xffff, 0xffff, 
	0xffff, 0xffff, 0xffff, 0xd6fc, 0x22d0, 0x22f0, 0x22f0, 0x2b31, 0x1acf, 0x4c75, 0x9f1e, 0x96de, 0x96dd, 0x96dd, 0x96de, 0x7e3c, 
	0x757a, 0x75ba, 0x759a, 0x6518, 0x4cb7, 0x54d8, 0x5c54, 0xb71f, 0xffff, 0xffbe, 0xef9e, 0xffff, 0xffff, 0xffff, 0xffff, 0xffff, 
	0xffff, 0xffff, 0xffff, 0xef5d, 0xcf7e, 0xae9b, 0x8ebd, 0x8ede, 0x96de, 0x96de, 0x96dd, 0x96dd, 0x96de, 0x96de, 0x8ebe, 0x75ba, 
	0x759a, 0x759a, 0x6d7a, 0x4c76, 0x8d36, 0xdfbf, 0xef9d, 0xf79e, 0xef7d, 0xef7d, 0x95fa, 0x2a8d, 0x2b31, 0x22f0, 0x22f0, 0x1ab0, 
	0x5cf7, 0x9f1f, 0x96dd, 0x96dd, 0x863c, 0x6d99, 0x75ba, 0x759a, 0x759a, 0x759a, 0x75ba, 0x759a, 0x5cf8, 0x4cb7, 0x54d7, 0x54b7, 
	0x54d7, 0x54b7, 0x54d7, 0x54b7, 0x54b8, 0x4cb7, 0x54b7, 0x5cf8, 0xe79e, 0xe77e, 0x3331, 0x22cf, 0x22f0, 0x22f0, 0x1aaf, 0x3371, 
	0xdf1c, 0xe75d, 0xffff, 0xffff, 0xffff, 0xffff, 0xffff, 0xcebb, 0x1aaf, 0x2b11, 0x22f0, 0x2b11, 0x1acf, 0x4c76, 0x9f1e, 0x96fe, 
	0x75ba, 0x759a, 0x759a, 0x759a, 0x5d18, 0x5497, 0x54d7, 0x54b7, 0x54b7, 0x4cb7, 0x54b7, 0x4c97, 0xc6bb, 0xdf7e, 0xf79d, 0xf7be, 
	0xf7be, 0xef9e, 0x3b72, 0x22af, 0x22d0, 0x22d0, 0x22d0, 0x22d0, 0x22af, 0x3b72, 0xefbf, 0xdf3d, 0x3bb3, 0x43d3, 0x4c35, 0x5455, 
	0x4c14, 0x64d7, 0xa71e, 0x9efe, 0x96dd, 0x96de, 0x96de, 0x867c, 0x75ba, 0x75ba, 0x759a, 0x759a, 0x759a, 0x6539, 0x5c75, 0x8e1b, 
	0xd71c, 0xd6fc, 0xd6fb, 0xef9e, 0xffff, 0xffff, 0xffff, 0xffff, 0xffff, 0xffff, 0xffff, 0xffff, 0xffff, 0xef7d, 0xcf7e, 0xb6bb, 
	0x8edd, 0x96fe, 0x96be, 0x3bf3, 0x2b51, 0x2b52, 0x3352, 0x2b52, 0x33d2, 0x969e, 0x96fe, 0x96dd, 0x96dd, 0x8ebd, 0x8e7d, 0x6d99, 
	0x6d5a, 0x5496, 0x4c75, 0x3bf3, 0x8d15, 0xe7df, 0xf79e, 0xf79d, 0xef7d, 0xe73c, 0xe73c, 0xe73c, 0xa6bd, 0x8599, 0x75bb, 0x759a, 
	0x759a, 0x759a, 0x75ba, 0x759a, 0x75ba, 0x759a, 0x759a, 0x759a, 0x5d18, 0x54b7, 0x54b7, 0x54b7, 0x54d7, 0x54b7, 0x54b7, 0x54b7, 
	0xc6dc, 0xdf7e, 0xf79e, 0xf7be, 0xf7be, 0xef7d, 0x3371, 0x1aaf, 0x1ad0, 0x22f0, 0x22d0, 0x22f0, 0x3b50, 0x5413, 0xffff, 0xe77e, 
	0x53f3, 0x7517, 0xffff, 0xf7df, 0xceba, 0xd6fb, 0xdf7e, 0xcefc, 0x863b, 0x8e7d, 0x96dd, 0x96dd, 0x96de, 0x867c, 0x75ba, 0x75ba, 
	0x759a, 0x75ba, 0x75ba, 0x6518, 0x4c97, 0x54d8, 0x5c54, 0xb6ff, 0xffff, 0xffff, 0xffff, 0xffff, 0xffff, 0xffff, 0xffff, 0xffff, 
	0xffff, 0xef7d, 0xd79f, 0xbebb, 0x96dd, 0x96dd, 0x8ebd, 0x96de, 0x96de, 0x96de, 0x96dd, 0x96dd, 0x96de, 0x96dd, 0x96dd, 0x8ebd, 
	0x8e7d, 0x75ba, 0x6d7a, 0x54b7, 0x5496, 0x43f4, 0x8cf4, 0xefff, 0xf79e, 0xf79e, 0xe75d, 0xceba, 0xcebb, 0xcebb, 0x9ebd, 0x8e1a, 
	0x8e9d, 0x96de, 0x863c, 0x75ba, 0x75ba, 0x759a, 0x75ba, 0x759a, 0x759a, 0x759a, 0x75ba, 0x759a, 0x5cf8, 0x54b7, 0x54d7, 0x54b7, 
	0x54b7, 0x54b7, 0x54d7, 0x54b7, 0x54b7, 0x54b7, 0xcedc, 0xdf5e, 0xefbe, 0xe75d, 0x3331, 0x22cf, 0x22f0, 0x2310, 0x22f0, 0x2310, 
	0x3b30, 0x5c54, 0xffff, 0xdf3d, 0x53f3, 0x7d38, 0xffff, 0xf7be, 0xceba, 0xdefc, 0xdf7e, 0xcefc, 0x863b, 0x8e7c, 0x96dd, 0x96fe, 
	0x75ba, 0x759a, 0x759a, 0x759a, 0x6519, 0x54b7, 0x54d7, 0x54b7, 0x5cf8, 0x5cd8, 0x64f8, 0x5cd7, 0xd71c, 0xf7df, 0xef7d, 0xef5d, 
	0xe77e, 0xdf3d, 0x43b2, 0x2b10, 0x2b31, 0x2b11, 0x3311, 0x3311, 0x32f0, 0x4bb3, 0xef9f, 0xd71d, 0x3bb3, 0x3bb3, 0x3393, 0x33b4, 
	0x3372, 0x4c56, 0x8ebd, 0x8e9d, 0x8ebd, 0x96dd, 0x9efe, 0x8e7c, 0x7dba, 0x7dda, 0x7dba, 0x7dda, 0x7dbb, 0x6d59, 0x5c75, 0x9e5c, 
	0xef7d, 0xe73c, 0xdf1c, 0xefbe, 0xffff, 0xffff, 0xffff, 0xffff, 0xffff, 0xffff, 0xffff, 0xffff, 0xffff, 0xef7d, 0xcf7e, 0xb6bb, 
	0x8edd, 0x8ebd, 0x8e7d, 0x2b51, 0x1aaf, 0x1ad0, 0x22d0, 0x1ad0, 0x2b31, 0x8e5d, 0x8ebd, 0x96dd, 0x96dd, 0x96de, 0x969d, 0x75ba, 
	0x6d7a, 0x54b7, 0x4476, 0x2372, 0x7cb4, 0xe7ff, 0xf79e, 0xf79e, 0xef7d, 0xe73c, 0xef5c, 0xef5d, 0xa6bd, 0x7d58, 0x75ba, 0x759a, 
	0x759a, 0x759a, 0x75ba, 0x759a, 0x75ba, 0x759a, 0x759a, 0x759a, 0x5d18, 0x54b7, 0x54d7, 0x54b7, 0x5cd8, 0x5cd8, 0x5cd7, 0x5cd7, 
	0xdf3c, 0xefdf, 0xef7d, 0xef5d, 0xe77e, 0xdf3d, 0x3bb2, 0x2aef, 0x1ad0, 0x22f0, 0x22f0, 0x22f0, 0x22ae, 0x3b92, 0xf7ff, 0xdf5e, 
	0x3b51, 0x5c76, 0xf7df, 0xefbf, 0xe71c, 0xef7d, 0xf7ff, 0xe7bf, 0x96dd, 0x96fe, 0x96dd, 0x96dd, 0x96be, 0x865c, 0x757a, 0x759a, 
	0x759a, 0x75ba, 0x759a, 0x6539, 0x54d7, 0x5cf8, 0x6495, 0xb71f, 0xffff, 0xffff, 0xffff, 0xffff, 0xffff, 0xffff, 0xffff, 0xffff, 
	0xffff, 0xef5d, 0xcf7e, 0xb6bb, 0x8ede, 0x8ede, 0x96de, 0x8e9d, 0x8e9d, 0x8e9d, 0x8e9d, 0x8e9d, 0x8ebd, 0x96dd, 0x96dd, 0x96de, 
	0x8e9d, 0x75ba, 0x759a, 0x5cd7, 0x4c96, 0x2b72, 0x7493, 0xdfbf, 0xef7d, 0xf79e, 0xef9d, 0xef5d, 0xef5d, 0xef5d, 0xbf5e, 0xa6bc, 
	0x96fe, 0x96de, 0x861c, 0x6d9a, 0x759a, 0x759a, 0x75ba, 0x759a, 0x759a, 0x759a, 0x75ba, 0x759a, 0x5cf8, 0x54b7, 0x54d7, 0x54b7, 
	0x54d7, 0x54b7, 0x54d7, 0x54d7, 0x5cd7, 0x64f8, 0xe75d, 0xf7df, 0xf7bf, 0xe75d, 0x3351, 0x22cf, 0x22d0, 0x22f0, 0x22f0, 0x1ad0, 
	0x1a8e, 0x43b3, 0xf7ff, 0xd71d, 0x3331, 0x6496, 0xf7df, 0xefbe, 0xe71c, 0xef7d, 0xf7ff, 0xe79e, 0x96de, 0x96de, 0x96dd, 0x96dd, 
	0x7dba, 0x759a, 0x75ba, 0x75ba, 0x6519, 0x54b7, 0x54b7, 0x4c97, 0xbe9b, 0xdf9f, 0xe77d, 0xe77d, 0xefbe, 0xf7be, 0x64d7, 0x4bd3, 
	0x4c14, 0x4c34, 0xd6db, 0xe75d, 0xe73c, 0xe73c, 0xef9e, 0xef9e, 0xef9e, 0xef9e, 0xf7df, 0xdf1c, 0x3bb3, 0x3bb3, 0x3bb3, 0x3bd3, 
	0x3bb3, 0x3bd4, 0x3bf4, 0x3bf4, 0x3bb2, 0x7559, 0xffff, 0xf7ff, 0xf7df, 0xf7df, 0xf7df, 0xf7df, 0xf7df, 0xef7e, 0xdf1c, 0xe73c, 
	0xe79f, 0x9d56, 0x4391, 0x9e3b, 0xf77d, 0xffbe, 0xffff, 0xffff, 0xffff, 0xffff, 0xffff, 0xffff, 0xffff, 0xef7d, 0xcf7e, 0xb6bb, 
	0x8ebe, 0x33f3, 0x2b31, 0x2310, 0x22d0, 0x22f0, 0x22f0, 0x22f0, 0x22f0, 0x2b11, 0x33d2, 0x969e, 0x96de, 0x96dd, 0x8e9d, 0x75ba, 
	0x6d7a, 0x54b7, 0x4cb7, 0x4c76, 0x9556, 0xe7ff, 0xf79e, 0xf7be, 0xf79e, 0xf79e, 0xef7d, 0xef5d, 0xa6bd, 0x7d58, 0x75ba, 0x6d9a, 
	0x759a, 0x759a, 0x75ba, 0x759a, 0x75ba, 0x759a, 0x75ba, 0x759a, 0x5d18, 0x54b7, 0x54b7, 0x4c97, 0xc6bb, 0xdf9f, 0xe75d, 0xe77d, 
	0xf7be, 0xefbe, 0x64b6, 0x4bf3, 0x4c14, 0x5435, 0xd71d, 0xcefc, 0x2b10, 0x22cf, 0x22d0, 0x22d0, 0x228e, 0x4372, 0xefbf, 0xd71c, 
	0x3bb3, 0x3bd3, 0x4c14, 0x4c35, 0x43f3, 0x64d7, 0x9f1e, 0x9efe, 0x96de, 0x96de, 0x96de, 0x867c, 0x759a, 0x75ba, 0x759a, 0x759a, 
	0x759a, 0x6559, 0x5c75, 0x963c, 0xdf3c, 0xdf1c, 0xdf1c, 0xf7be, 0xffff, 0xffff, 0xffff, 0xffff, 0xffff, 0xffff, 0xffff, 0xffff, 
	0xffff, 0xef5d, 0xcf7f, 0xb6bb, 0x8ede, 0x96fe, 0x969d, 0x33b2, 0x2b31, 0x2b52, 0x2b31, 0x2b31, 0x33d2, 0x96be, 0x96fe, 0x96dd, 
	0x96dd, 0x8ebd, 0x8e7d, 0x7599, 0x6d59, 0x5496, 0x5496, 0x3bd3, 0x8d15, 0xe7ff, 0xf79e, 0xf79d, 0xef7d, 0xe73c, 0xe73c, 0xe75d, 
	0xa6bd, 0x7d98, 0x75bb, 0x759a, 0x75ba, 0x759a, 0x7dba, 0x759a, 0x759a, 0x759a, 0x75ba, 0x759a, 0x5cf8, 0x54b7, 0x54d7, 0x54b7, 
	0x54d7, 0x54b7, 0x54b7, 0x54b7, 0xcefc, 0xdf7e, 0xf79e, 0xf7be, 0xf7df, 0xe75d, 0x2b31, 0x22cf, 0x22d0, 0x22f0, 0x22d0, 0x22d0, 
	0x228e, 0x43b3, 0xefdf, 0xcedc, 0x3372, 0x43d4, 0x4c15, 0x4c35, 0x43f3, 0x64f8, 0xa71e, 0x9efe, 0x96dd, 0x96dd, 0x96de, 0x867c, 
	0x75ba, 0x759a, 0x759a, 0x6d7a, 0x5d18, 0x4c97, 0x5cd8, 0x5cd7, 0xcedb, 0xefdf, 0xe77d, 0xe75d, 0xdf5d, 0xdf5d, 0x5455, 0x3351, 
	0x3373, 0x33b3, 0xcedc, 0xe77e, 0xe75d, 0xe77d, 0xf7bf, 0xf7df, 0xffff, 0xffff, 0xe77e, 0xcedb, 0x3bb3, 0x3bb3, 0x3393, 0x3bb3, 
	0x3bb3, 0x3bb3, 0x3393, 0x3393, 0x3351, 0x6d18, 0xf7bf, 0xf7bf, 0xf7be, 0xf7be, 0xf7be, 0xf7be, 0xf7df, 0xe77d, 0xdefb, 0xdf1c, 
	0xcf5f, 0x84f5, 0x3310, 0x8ddb, 0xdf1c, 0xf79e, 0xffff, 0xffff, 0xffff, 0xffff, 0xffff, 0xffff, 0xffff, 0xef7d, 0xd77e, 0xbebb, 
	0x96be, 0x2b91, 0x1aaf, 0x22f0, 0x1ad0, 0x22d0, 0x22f0, 0x22f0, 0x22d0, 0x1aaf, 0x2b51, 0x969d, 0x96de, 0x96dd, 0x8e9d, 0x75ba, 
	0x6d7a, 0x54b7, 0x4cb8, 0x4c97, 0x8d57, 0xd7bf, 0xe75d, 0xe75d, 0xe75d, 0xe75d, 0xe75c, 0xef5d, 0xaebd, 0x8578, 0x7ddb, 0x7dda, 
	0x7dba, 0x759a, 0x759a, 0x759a, 0x759a, 0x759a, 0x759a, 0x759a, 0x5d18, 0x5497, 0x5cd8, 0x5cd7, 0xd6fc, 0xefdf, 0xef7d, 0xe75d, 
	0xe75d, 0xdf5d, 0x4c35, 0x3372, 0x3372, 0x3bd4, 0xd71d, 0xd73d, 0x3b71, 0x3330, 0x3331, 0x3331, 0x32f0, 0x4bd3, 0xefbf, 0xd6fc, 
	0x3bb3, 0x3393, 0x3393, 0x33b3, 0x2b72, 0x4c76, 0x8e9d, 0x8e9d, 0x8e9c, 0x96bd, 0x9ede, 0x8e7c, 0x7dba, 0x7ddb, 0x7dda, 0x7dba, 
	0x7ddb, 0x6d79, 0x6475, 0x9e5c, 0xef7d, 0xe71c, 0xdefb, 0xefbe, 0xffff, 0xffff, 0xffff, 0xffff, 0xffff, 0xffff, 0xffff, 0xffff, 
	0xffff, 0xef5d, 0xcf7e, 0xb6bb, 0x8ede, 0x8ebd, 0x863c, 0x2330, 0x1ad0, 0x22d0, 0x1aaf, 0x1aaf, 0x2b31, 0x8e3d, 0x8ebd, 0x96dd, 
	0x96dd, 0x96dd, 0x8e9d, 0x75ba, 0x6d7a, 0x54b7, 0x4c96, 0x2b72, 0x84d4, 0xe7ff, 0xf79e, 0xf79e, 0xef7d, 0xe73c, 0xe75c, 0xef5d, 
	0xa6bd, 0x7d58, 0x759a, 0x759a, 0x759a, 0x759a, 0x759a, 0x759a, 0x759a, 0x759a, 0x759a, 0x759a, 0x5cf8, 0x4cb7, 0x54d7, 0x54b7, 
	0x5cd8, 0x5cf8, 0x64f8, 0x5cf7, 0xdf3d, 0xefdf, 0xe75d, 0xe75d, 0xe77e, 0xd71c, 0x3b72, 0x2b30, 0x2b31, 0x3351, 0x3331, 0x3311, 
	0x32ef, 0x53f4, 0xefdf, 0xcebb, 0x3393, 0x3bb3, 0x3393, 0x33b3, 0x3372, 0x5496, 0x8ebd, 0x8e9d, 0x8e9c, 0x8ebd, 0x9ede, 0x8e7c, 
	0x759a, 0x759a, 0x5d18, 0x4c97, 0x54b7, 0x4c76, 0xbe7a, 0xdf9f, 0xf79e, 0xf7de, 0x6cf7, 0x4392, 0x3bd4, 0x43f4, 0x3bb4, 0x3393, 
	0x3393, 0x3393, 0x43d4, 0x43f4, 0x43f4, 0x43f4, 0x43d3, 0x5455, 0xefbf, 0xdf5d, 0x4c14, 0x43f3, 0x33b3, 0x3bb3, 0x3393, 0x33b3, 
	0x3393, 0x33b3, 0x3393, 0x3393, 0x3373, 0x3bd4, 0x43f4, 0x43f4, 0x43f4, 0x4414, 0x43f4, 0x4c14, 0x43d4, 0x43f4, 0x43d4, 0x4414, 
	0x43d4, 0x3bd4, 0x3393, 0x3bf4, 0x4b91, 0xb6bd, 0xffff, 0xffff, 0xffff, 0xf7be, 0xf79e, 0xffff, 0xffff, 0xef7d, 0xe73c, 0xe73c, 
	0xcf5f, 0x4b6f, 0x1ad0, 0x22f0, 0x1ad0, 0x1ad0, 0x22f0, 0x22f0, 0x22d0, 0x1aaf, 0x2b71, 0x96be, 0x96fe, 0x96dd, 0x8e9d, 0x75ba, 
	0x759a, 0x759a, 0x6559, 0x4cb7, 0x5cd7, 0x5cf8, 0x5496, 0x3bd3, 0x4413, 0x3bb2, 0x9535, 0xe7bf, 0xe73c, 0xdf1c, 0xef9e, 0xffff, 
	0xaede, 0x7d58, 0x759a, 0x6d9a, 0x759a, 0x759a, 0x5d18, 0x54b7, 0x54b7, 0x4c96, 0xc69b, 0xe79f, 0xf79e, 0xf7be, 0x64b6, 0x43b2, 
	0x4414, 0x43f4, 0x3bb4, 0x3393, 0x33b3, 0x3bb3, 0x43d3, 0x4c14, 0xd71c, 0xe77e, 0xf7be, 0xf7be, 0xf79e, 0xf79e, 0xf7df, 0xd6fc, 
	0x3bb3, 0x3bb3, 0x3393, 0x3bb4, 0x3393, 0x3bb4, 0x3bd4, 0x4415, 0x3b92, 0x7d79, 0xffff, 0xffff, 0xffff, 0xffff, 0xffff, 0xffff, 
	0xffff, 0xef9e, 0xdf1b, 0xe73c, 0xe7bf, 0x9536, 0x4370, 0xa65c, 0xf77d, 0xffde, 0xffff, 0xffff, 0xffff, 0xffff, 0xffff, 0xffff, 
	0xffff, 0xef5d, 0xcf7e, 0xb6bb, 0x8e9e, 0x33d3, 0x22f1, 0x1ad0, 0x22f0, 0x22f0, 0x1ad0, 0x1ad0, 0x22f0, 0x2311, 0x33d2, 0x96be, 
	0x96dd, 0x96dd, 0x8e9d, 0x75ba, 0x6d5a, 0x5497, 0x54b7, 0x4c76, 0x9577, 0xe7ff, 0xf79e, 0xf7be, 0xf7be, 0xf7be, 0xef7d, 0xef5d, 
	0xa69d, 0x7d58, 0x6d9a, 0x6d9a, 0x759a, 0x759a, 0x75ba, 0x759a, 0x759a, 0x759a, 0x75ba, 0x759a, 0x5cf8, 0x4cb7, 0x54b7, 0x4c97, 
	0xc6dc, 0xdf9f, 0xef7d, 0xef7d, 0xf7be, 0xef9e, 0x5475, 0x43f3, 0x4bf4, 0x4c35, 0xd71c, 0xe77e, 0xe75d, 0xe75d, 0xf7bf, 0xf7bf, 
	0xf79e, 0xf79e, 0xf7df, 0xcedb, 0x3393, 0x3bb3, 0x3bb3, 0x3bd4, 0x3bb3, 0x3bd4, 0x3bf4, 0x4415, 0x4392, 0x859a, 0xffff, 0xffff, 
	0x85db, 0x85da, 0x6d59, 0x64f7, 0x6518, 0x5cf7, 0xcebb, 0xefdf, 0xe75d, 0xe75d, 0x5c96, 0x3372, 0x3393, 0x33b4, 0x3bd4, 0x3bb3, 
	0x3bb3, 0x3bb3, 0x3bb3, 0x3bb3, 0x33b3, 0x33b3, 0x3b92, 0x4bf4, 0xd73d, 0xcedc, 0x3bb3, 0x3bb3, 0x3bb3, 0x3bd4, 0x4c14, 0x4c35, 
	0x4c14, 0x4c35, 0x4c14, 0x4c14, 0x4c14, 0x4c14, 0x3393, 0x33b3, 0x3393, 0x3bb3, 0x3393, 0x3bd4, 0x3393, 0x33b3, 0x3393, 0x3bd4, 
	0x3393, 0x3bb4, 0x33b4, 0x3bb4, 0x3b30, 0xae9d, 0xffff, 0xffff, 0xffff, 0xf7be, 0xef9e, 0xffff, 0xffff, 0xef7d, 0xef5c, 0xef5c, 
	0xd75f, 0x536f, 0x1ad0, 0x2310, 0x22d0, 0x22f0, 0x22f0, 0x22f0, 0x22f0, 0x22d0, 0x2b71, 0x863c, 0x8e9c, 0x96dd, 0x8e9d, 0x75ba, 
	0x75ba, 0x75ba, 0x6d59, 0x54b7, 0x54d8, 0x54b7, 0x4c76, 0x33b3, 0x33d3, 0x2b71, 0x84f5, 0xcf3e, 0xe71c, 0xef5d, 0xef9e, 0xef9e, 
	0xaebd, 0x8599, 0x85db, 0x7dda, 0x85da, 0x7dda, 0x6d59, 0x64f7, 0x6518, 0x5cd7, 0xcedb, 0xefdf, 0xe75d, 0xe73d, 0x5c76, 0x3b72, 
	0x3bb4, 0x33b3, 0x3bb4, 0x3bb3, 0x3bb3, 0x3bd4, 0x3b93, 0x43d4, 0xd6fc, 0xe77e, 0xefbe, 0xf7bf, 0xffff, 0xffff, 0xdf5e, 0xc69b, 
	0x3bb3, 0x3bb3, 0x3bb3, 0x3bd4, 0x3bb3, 0x3bb3, 0x3393, 0x3bd4, 0x3b51, 0x7538, 0xefbe, 0xefbe, 0xefbe, 0xefbe, 0xefbe, 0xefbe, 
	0xefbe, 0xe75d, 0xdefb, 0xdefb, 0xcf3e, 0x84f5, 0x3330, 0x8dfb, 0xdf1c, 0xf7be, 0xffff, 0xffff, 0xffff, 0xffff, 0xffff, 0xffff, 
	0xffff, 0xef7d, 0xd77e, 0xbebb, 0x96be, 0x2b71, 0x1aaf, 0x1ad0, 0x22f0, 0x22f0, 0x22f0, 0x22f0, 0x22f0, 0x1aaf, 0x3391, 0x96be, 
	0x96dd, 0x96dd, 0x8e7d, 0x75ba, 0x6d7a, 0x54b7, 0x54f8, 0x4cb7, 0x9577, 0xd79f, 0xe75d, 0xe73c, 0xdf5d, 0xdf3d, 0xe73c, 0xef5d, 
	0xaebd, 0x8598, 0x7ddb, 0x7ddb, 0x7dda, 0x759a, 0x7dba, 0x759a, 0x759a, 0x759a, 0x759a, 0x759a, 0x5cf8, 0x54b7, 0x64f7, 0x64f7, 
	0xd71c, 0xefdf, 0xe75d, 0xe75d, 0xdf5d, 0xd71d, 0x4c14, 0x3b92, 0x3b93, 0x43d4, 0xd71c, 0xe77e, 0xe75d, 0xe75d, 0xf7bf, 0xf7df, 
	0xffff, 0xffff, 0xdf7e, 0xbe7a, 0x3b93, 0x3bb3, 0x3bb3, 0x3bd4, 0x3bb3, 0x3bd3, 0x3393, 0x3bd4, 0x3b51, 0x7559, 0xf7be, 0xf7be, 
	0xef9e, 0xef9e, 0xef9e, 0xef9e, 0xef9e, 0xef9d, 0xf7be, 0xffdf, 0x6d18, 0x4392, 0x3bd4, 0x3393, 0x3393, 0x3bb3, 0x3bd3, 0x3bb3, 
	0x33b3, 0x33b3, 0x3bb3, 0x3bb3, 0x3bb3, 0x3bb3, 0x3bb3, 0x3bd3, 0x43d4, 0x43d4, 0x33b3, 0x3bb4, 0x3372, 0x5476, 0xf7df, 0xf7df, 
	0xf7df, 0xf7df, 0xf7df, 0xf7df, 0xefff, 0xbe7a, 0x2b72, 0x3393, 0x3393, 0x3bb3, 0x3bb3, 0x3bd4, 0x33b3, 0x3bb3, 0x3bb3, 0x3bd4, 
	0x3bb3, 0x3bb4, 0x33b3, 0x3bd4, 0x4350, 0x9e5c, 0xf77d, 0xffde, 0xffff, 0xf7be, 0xf79e, 0xffff, 0xffff, 0xffff, 0xffff, 0xef7d, 
	0xcf5f, 0x536f, 0x1ad0, 0x22f1, 0x22d0, 0x22d0, 0x22f0, 0x22f0, 0x22f0, 0x22d0, 0x22f0, 0x22f0, 0x33b2, 0x96be, 0x969d, 0x75ba, 
	0x759a, 0x759a, 0x6559, 0x5497, 0x54d8, 0x54b7, 0x54b7, 0x54b7, 0x4c75, 0x3392, 0x3bf3, 0x3392, 0xa597, 0xf7ff, 0x9e3b, 0x3b2f, 
	0x9db8, 0xe7df, 0xef7d, 0xef7d, 0xef9e, 0xef9e, 0xef9e, 0xef9e, 0xef9e, 0xef9e, 0xf7be, 0xf7df, 0x6cf7, 0x4392, 0x3bb4, 0x33b3, 
	0x3bd3, 0x3bb3, 0x3bb4, 0x3bb3, 0x3bb3, 0x3bb3, 0x3bd4, 0x3bb3, 0x3bd4, 0x43f4, 0x43d3, 0x5c75, 0xefbf, 0xdf3d, 0x43f4, 0x43d4, 
	0x33b3, 0x33b3, 0x3393, 0x33b3, 0x3393, 0x3393, 0x3393, 0x3bb3, 0x3393, 0x3bd3, 0x43d4, 0x43f4, 0x43d4, 0x4414, 0x43d4, 0x43d4, 
	0x43d4, 0x43f4, 0x3bd4, 0x43d4, 0x3bd4, 0x3bd4, 0x33b3, 0x3bf4, 0x4391, 0xb6de, 0xffff, 0xffff, 0xffff, 0xf7be, 0xf79e, 0xffff, 
	0xffff, 0xef5d, 0xe73c, 0xe73c, 0xcf5f, 0x4b4f, 0x1ab0, 0x1ad0, 0x22f0, 0x22f0, 0x22d0, 0x22d0, 0x22f0, 0x1ad0, 0x3392, 0x96de, 
	0x96fe, 0x96dd, 0x8e9d, 0x75ba, 0x759a, 0x759a, 0x6d7a, 0x54b7, 0x54d7, 0x5cf8, 0x5496, 0x3bb3, 0x3bf3, 0x33b2, 0x9535, 0xe7bf, 
	0xe75c, 0xe71c, 0xef9e, 0xffff, 0xa6be, 0x7d58, 0x75bb, 0x6d9a, 0x759a, 0x759a, 0x5d19, 0x4cb7, 0x54b7, 0x4c96, 0xc6bb, 0xe79f, 
	0xf7be, 0xf7be, 0x64b6, 0x43b2, 0x43f4, 0x3bd4, 0x33b3, 0x3bb4, 0x3bb3, 0x3bb3, 0x43d4, 0x43f4, 0x43f4, 0x43f4, 0x43d3, 0x5c75, 
	0xefdf, 0xd71c, 0x43f4, 0x43d3, 0x33b3, 0x3bb4, 0x3393, 0x33b3, 0x3393, 0x33b3, 0x3393, 0x33b3, 0x3393, 0x33b3, 0x43d4, 0x4415, 
	0xe75d, 0xd6fb, 0xd71c, 0xd71c, 0xdf1c, 0xdf1c, 0xdf1c, 0xdf3d, 0x64b7, 0x3b72, 0x3bd4, 0x33b3, 0x3bb3, 0x3bb4, 0x3bd4, 0x3bb3, 
	0x3bb3, 0x3bb3, 0x3bb3, 0x3bb3, 0x3bb3, 0x3bb3, 0x33b3, 0x3bb3, 0x33b3, 0x3393, 0x3393, 0x3bd4, 0x5413, 0x74f7, 0xffff, 0xffff, 
	0xffff, 0xffff, 0xffff, 0xffff, 0xffff, 0xcedb, 0x4bf4, 0x4c35, 0x4c14, 0x4c14, 0x3393, 0x3bd4, 0x3393, 0x3bb3, 0x3393, 0x3bd3, 
	0x3393, 0x3bb3, 0x33b3, 0x3bd4, 0x3b50, 0x8dda, 0xd6db, 0xef9e, 0xffff, 0xf79e, 0xef9d, 0xffdf, 0xffff, 0xffff, 0xffff, 0xef7d, 
	0xcf5f, 0x536f, 0x1ad0, 0x22f0, 0x22d0, 0x22d0, 0x22f0, 0x22f0, 0x22d0, 0x22d0, 0x22f0, 0x2b31, 0x3bf3, 0x96be, 0x8e9d, 0x75ba, 
	0x759a, 0x759a, 0x6d5a, 0x54b7, 0x5cd8, 0x54b7, 0x54b7, 0x54b7, 0x4c75, 0x3392, 0x33d3, 0x2b51, 0x8d36, 0xdf9f, 0x95fa, 0x4b91, 
	0xadf8, 0xefff, 0xf79e, 0xf79e, 0xdf3d, 0xd6fc, 0xd71c, 0xd71c, 0xdf1c, 0xdf1c, 0xdf1c, 0xdf3d, 0x5c96, 0x3372, 0x33b3, 0x33b3, 
	0x3bd3, 0x3bb3, 0x3bb3, 0x33b3, 0x3bb3, 0x3bb3, 0x3bb4, 0x3393, 0x3393, 0x33b4, 0x3b92, 0x4c14, 0xd73d, 0xc6bb, 0x3bb3, 0x3bb3, 
	0x3bb3, 0x3bd4, 0x5435, 0x5455, 0x5435, 0x5435, 0x5434, 0x5455, 0x5435, 0x4c14, 0x3393, 0x33b3, 0x3393, 0x3bd4, 0x3393, 0x3393, 
	0x3393, 0x3bd4, 0x3393, 0x33b3, 0x3393, 0x3bb4, 0x33b3, 0x3bd4, 0x3b50, 0xaebd, 0xffff, 0xffff, 0xffff, 0xf7be, 0xf79e, 0xffff, 
	0xffff, 0xef7d, 0xef5c, 0xef5c, 0xcf5f, 0x4b4f, 0x1ab0, 0x1ad0, 0x22f0, 0x22f0, 0x22d0, 0x22d0, 0x22f0, 0x1ad0, 0x3391, 0x863c, 
	0x867c, 0x96dd, 0x8e9d, 0x759a, 0x759a, 0x759a, 0x6d7a, 0x5497, 0x54d7, 0x54b7, 0x4c76, 0x33b3, 0x3bd3, 0x2b71, 0x84d5, 0xc71d, 
	0xdf1c, 0xef5d, 0xef7d, 0xef7d, 0xaebd, 0x85b9, 0x85fb, 0x85da, 0x85db, 0x85fb, 0x7579, 0x6517, 0x6d18, 0x64f8, 0xd6fc, 0xefdf, 
	0xdf3d, 0xdf1c, 0x5455, 0x3b72, 0x33b4, 0x3393, 0x3393, 0x3bb4, 0x3bb3, 0x3bb3, 0x3393, 0x33b3, 0x3393, 0x3393, 0x3372, 0x4c14, 
	0xd73e, 0xbe7b, 0x3393, 0x3393, 0x3393, 0x3bd4, 0x4c35, 0x5435, 0x4c34, 0x5455, 0x4c34, 0x5455, 0x4c35, 0x43d4, 0x2b73, 0x33b4, 
	0x7d38, 0x228d, 0x2311, 0x22f0, 0x3393, 0x3bd3, 0x3bb4, 0x3393, 0x33b3, 0x3393, 0x3393, 0x3373, 0x3393, 0x33b3, 0x3bd4, 0x3393, 
	0x33b3, 0x33b3, 0x3bb3, 0x3bb3, 0x33b3, 0x3393, 0x3393, 0x33b3, 0x33b3, 0x3393, 0x3351, 0x4c35, 0xf7df, 0xffff, 0xffff, 0xffff, 
	0xf79e, 0xf79e, 0xf7be, 0xf7de, 0xffff, 0xffdf, 0xe71c, 0xe73c, 0xdf7e, 0xa5b7, 0x2b52, 0x3bb3, 0x3393, 0x33b3, 0x3393, 0x3bb4, 
	0x3393, 0x33b3, 0x3393, 0x3bb4, 0x3393, 0x3bd4, 0x4370, 0xa65c, 0xf79d, 0xef5c, 0xe73c, 0xe75c, 0xe75c, 0xe75c, 0xef3c, 0xef5d, 
	0xd77f, 0x536f, 0x1ab0, 0x1af0, 0x1ad0, 0x1ad0, 0x22d0, 0x22d0, 0x1ad0, 0x1aaf, 0x2b51, 0x8e7d, 0x8edd, 0x96dd, 0x8e9d, 0x6dba, 
	0x759a, 0x759a, 0x759a, 0x759a, 0x6d7a, 0x5497, 0x54b7, 0x54b7, 0x4c55, 0x2b92, 0x33b2, 0x3392, 0x33b2, 0x2b71, 0x9d76, 0xe7df, 
	0xf79e, 0xf7be, 0xf7be, 0xffff, 0x6cf7, 0x228e, 0x2311, 0x22f0, 0x3393, 0x3bb3, 0x3bb3, 0x3393, 0x33b3, 0x3372, 0x3393, 0x3393, 
	0x3bb3, 0x3393, 0x33b3, 0x3393, 0x3393, 0x3bb3, 0x3bb3, 0x3393, 0x3393, 0x33b3, 0x3bb3, 0x3bb3, 0x3bd3, 0x3bd3, 0x33b3, 0x33b4, 
	0x3351, 0x5c96, 0xffff, 0xffff, 0xffdf, 0xffdf, 0xffdf, 0xffdf, 0xf7ff, 0xbe5a, 0x2b52, 0x3393, 0x3373, 0x3bb4, 0x3393, 0x3393, 
	0x3393, 0x3bd4, 0x3393, 0x33b3, 0x3393, 0x3bb3, 0x3393, 0x3bd4, 0x3b50, 0x9e5c, 0xf77d, 0xffde, 0xffff, 0xf7be, 0xf79e, 0xffff, 
	0xffff, 0xffff, 0xffff, 0xef5d, 0xcf5f, 0x4b4f, 0x12af, 0x1ad0, 0x22f0, 0x22f0, 0x1ad0, 0x1ad0, 0x22d0, 0x22d0, 0x22f0, 0x1aaf, 
	0x2b91, 0x96be, 0x8e9d, 0x6db9, 0x759a, 0x759a, 0x6d7a, 0x5497, 0x54b7, 0x54b7, 0x54d7, 0x54b7, 0x4455, 0x2b92, 0x33b2, 0x2b72, 
	0xa5b7, 0xffff, 0x8dfa, 0x330f, 0xa5b7, 0xe7ff, 0xef9d, 0xef9d, 0xf79e, 0xf7be, 0xf79e, 0xf79e, 0xf79e, 0xf79e, 0xf7be, 0xf7de, 
	0x64b6, 0x3b92, 0x3bb4, 0x3393, 0x3bb3, 0x3393, 0x3393, 0x33b3, 0x3bb3, 0x3393, 0x3393, 0x33b3, 0x3393, 0x33b3, 0x3393, 0x3393, 
	0x3bb4, 0x3bd4, 0x3393, 0x3393, 0x3331, 0x5c96, 0xf7ff, 0xf7ff, 0xffdf, 0xffdf, 0xffdf, 0xffdf, 0xefff, 0xae19, 0x2332, 0x33b4, 
	0x6cd7, 0x228e, 0x22f0, 0x1ad0, 0x3372, 0x3372, 0x4c14, 0x5455, 0x5c75, 0x5455, 0x5475, 0x5455, 0x3bd3, 0x3bb3, 0x3bd4, 0x3bb3, 
	0x3bb3, 0x3bb3, 0x3bb3, 0x3bb3, 0x3bd3, 0x3bb3, 0x3bb3, 0x3bd4, 0x3bb3, 0x3bd4, 0x5434, 0x6cf7, 0xffff, 0xffff, 0xffff, 0xffff, 
	0xef9e, 0xef9e, 0xdf5d, 0xe77e, 0xef9e, 0xef9e, 0xef5d, 0xef5d, 0xe79e, 0xb618, 0x4c14, 0x4c34, 0x3bb3, 0x3bd4, 0x3bb3, 0x3bd4, 
	0x3bb3, 0x3bd4, 0x3bb3, 0x3bd4, 0x3bb3, 0x3bd4, 0x4371, 0x95fb, 0xd6db, 0xdf1c, 0xe75c, 0xe73c, 0xe73c, 0xe75c, 0xe75d, 0xd6ba, 
	0xb6bd, 0x4b70, 0x22f0, 0x2311, 0x22f0, 0x22f0, 0x22f0, 0x22f0, 0x22f0, 0x22d0, 0x3391, 0x969e, 0x96fe, 0x96de, 0x8e9d, 0x75ba, 
	0x75ba, 0x759a, 0x759a, 0x759a, 0x6d7a, 0x54b7, 0x54d7, 0x54d7, 0x4c96, 0x3bd3, 0x3bf3, 0x33b2, 0x43f3, 0x4414, 0xadd7, 0xefff, 
	0xe73d, 0xd6db, 0xd6fc, 0xdf1c, 0x6496, 0x228e, 0x2311, 0x1ad0, 0x3372, 0x3393, 0x4c14, 0x5455, 0x5c75, 0x5455, 0x5455, 0x5455, 
	0x43f4, 0x3bb3, 0x3bd3, 0x3bb3, 0x3bb3, 0x3bd4, 0x3bd4, 0x3bb3, 0x3bb3, 0x3bd4, 0x3bb3, 0x3bd3, 0x3bb3, 0x3bb3, 0x3bb3, 0x43f4, 
	0x5434, 0x7538, 0xffff, 0xffff, 0xffff, 0xffff, 0xffff, 0xffff, 0xffff, 0xcebb, 0x4c14, 0x5455, 0x5435, 0x4c34, 0x33b3, 0x33b3, 
	0x3bb3, 0x3bd4, 0x3bb3, 0x3bb3, 0x3bb3, 0x3bd4, 0x33b3, 0x3bd4, 0x4371, 0x8dda, 0xd6db, 0xef9e, 0xffff, 0xf79e, 0xef9d, 0xffdf, 
	0xffff, 0xffff, 0xffdf, 0xef5d, 0xcf5f, 0x536f, 0x1ad0, 0x1ad0, 0x22f0, 0x22f0, 0x22f0, 0x22f0, 0x22f0, 0x22f0, 0x2b11, 0x3352, 
	0x3c13, 0x96de, 0x8e9d, 0x75ba, 0x759a, 0x759a, 0x6d7a, 0x5cd7, 0x5cd8, 0x54b7, 0x54d8, 0x54d7, 0x4c75, 0x33b2, 0x33b2, 0x2b71, 
	0x9556, 0xdf7f, 0x8dd9, 0x4bb1, 0xae18, 0xefff, 0xf79e, 0xf7be, 0xdf3d, 0xd6db, 0xd6fc, 0xd6fc, 0xd71c, 0xd71c, 0xd71d, 0xd71d, 
	0x5c76, 0x3b72, 0x3bd4, 0x3bb3, 0x3bd4, 0x3bb3, 0x3bb3, 0x3bd4, 0x3bd4, 0x3bb3, 0x3bb3, 0x3bb3, 0x3bd3, 0x3bd4, 0x3bd3, 0x3bb3, 
	0x3bb3, 0x3bd4, 0x3bb3, 0x43f4, 0x5413, 0x7d58, 0xffff, 0xffff, 0xffff, 0xffff, 0xffff, 0xffff, 0xffff, 0xc67a, 0x4c14, 0x5475, 
	0x22f0, 0x1aaf, 0x1ad0, 0x1aaf, 0x1ad0, 0x126e, 0xbe3a, 0xf7ff, 0xffff, 0xffff, 0xf7be, 0xef9e, 0x5456, 0x3352, 0x3393, 0x3373, 
	0x33b3, 0x33b3, 0x3bb3, 0x3bb3, 0x3bb3, 0x3bb3, 0x33b3, 0x3bb3, 0x3372, 0x4c35, 0xf7df, 0xffff, 0xffff, 0xffff, 0xffff, 0xffff, 
	0xefdf, 0xdf3c, 0x759a, 0x759a, 0x7d78, 0x9e7c, 0xffde, 0xef9d, 0xe73c, 0xe73c, 0xdf9f, 0xa597, 0x2b52, 0x33b3, 0x3bb3, 0x3bd4, 
	0x3393, 0x3bb3, 0x3393, 0x3bd3, 0x3bb3, 0x3bb4, 0x3393, 0x3bd4, 0x4370, 0xae7d, 0xf77d, 0xef5c, 0xef5d, 0xef7d, 0xd79f, 0x5390, 
	0x1ad0, 0x22f0, 0x22f0, 0x22f0, 0x22d0, 0x22d0, 0x22f0, 0x22f0, 0x22d0, 0x1ad0, 0x2b71, 0x969d, 0x96de, 0x96de, 0x969d, 0x75ba, 
	0x759a, 0x759a, 0x759a, 0x759a, 0x6d7a, 0x5497, 0x54b7, 0x54b7, 0x54b7, 0x54b7, 0x4c76, 0x2b51, 0x9556, 0xefff, 0xf7be, 0xffff, 
	0x7d38, 0x1a4d, 0x1af0, 0x1ab0, 0x22f0, 0x1aaf, 0x1ad0, 0x1aaf, 0x1ad0, 0x128e, 0xc67a, 0xf7ff, 0xffff, 0xffff, 0xf7be, 0xef9e, 
	0x5476, 0x3372, 0x3393, 0x3393, 0x3bb3, 0x3bb3, 0x3bb4, 0x3393, 0x3393, 0x3bb3, 0x3bb3, 0x3bb3, 0x33b3, 0x33b3, 0x3352, 0x5476, 
	0xffff, 0xffff, 0xffff, 0xffff, 0xf79e, 0xf79e, 0xf7be, 0xffde, 0xffff, 0xffbe, 0xe73c, 0xe73c, 0xdf7f, 0xa597, 0x2b52, 0x3393, 
	0x3393, 0x3bd4, 0x3393, 0x3bb3, 0x3393, 0x3bb4, 0x3393, 0x3bd4, 0x3393, 0x3bb4, 0x4370, 0xae7c, 0xf79d, 0xef5c, 0xe73c, 0xe75c, 
	0xe75c, 0xe75c, 0xef3c, 0xef7d, 0xd77f, 0x4b4f, 0x12b0, 0x1ad0, 0x22f0, 0x22f0, 0x22d0, 0x22d0, 0x22f0, 0x1ad0, 0x3391, 0x969e, 
	0x96dd, 0x96dd, 0x8e9d, 0x7599, 0x759a, 0x759a, 0x759a, 0x759a, 0x6d5a, 0x5497, 0x54d7, 0x54b7, 0x4c55, 0x3392, 0x3392, 0x3392, 
	0x3bd3, 0x2b51, 0x9d97, 0xe7df, 0xf79e, 0xf7be, 0xf7be, 0xffff, 0x6cd6, 0x228e, 0x2311, 0x1ad0, 0x3393, 0x3bb3, 0x3bb3, 0x3393, 
	0x3393, 0x3373, 0x3393, 0x3393, 0x3bb3, 0x3393, 0x3393, 0x3bb3, 0x3bb3, 0x3bb3, 0x3bb3, 0x3bb3, 0x3bb3, 0x3bd3, 0x3bb3, 0x3bb3, 
	0x33b3, 0x3bb4, 0x3351, 0x5c96, 0xffff, 0xffff, 0xffff, 0xffdf, 0xf79e, 0xf79e, 0xf7be, 0xffde, 0xffff, 0xf7be, 0xe71c, 0xe73c, 
	0x53f3, 0x4bd3, 0x4bf3, 0x4bd3, 0x53f3, 0x4392, 0xcebb, 0xffff, 0xe75d, 0xd6fc, 0xef9e, 0xf7be, 0x7d17, 0x6454, 0x6496, 0x5c76, 
	0x43d4, 0x3bb3, 0x3bd4, 0x3bd3, 0x3bb3, 0x3bb3, 0x3bb3, 0x3bd4, 0x5c54, 0x74f7, 0xffff, 0xffff, 0xffff, 0xffff, 0xffff, 0xffdf, 
	0xd75e, 0xc6dc, 0x759a, 0x759a, 0x7579, 0x8e3c, 0xd71c, 0xdf3d, 0xef5d, 0xef5c, 0xe77e, 0xb5f8, 0x5435, 0x4c14, 0x3393, 0x3bd4, 
	0x3bb3, 0x3bb3, 0x3bb3, 0x3bd4, 0x3bb3, 0x3bd4, 0x33b3, 0x3bd4, 0x4371, 0x95fb, 0xcebb, 0xc67a, 0xc67a, 0xc69a, 0xb69c, 0x4b70, 
	0x1ad0, 0x22f0, 0x22f0, 0x22f0, 0x22f0, 0x22f0, 0x22f0, 0x22f0, 0x22f0, 0x22d0, 0x2b71, 0x969e, 0x96dd, 0x8ebd, 0x8e7d, 0x75ba, 
	0x75ba, 0x759a, 0x759a, 0x759a, 0x6d7a, 0x54b7, 0x54b7, 0x54b7, 0x54d7, 0x54b7, 0x4c76, 0x2b72, 0x8515, 0xcf3e, 0xd6fb, 0xd71c, 
	0x8558, 0x4391, 0x4bf3, 0x43d3, 0x4bf3, 0x4bd3, 0x4bf3, 0x4bd3, 0x4bf3, 0x4391, 0xcebb, 0xffff, 0xe75d, 0xdf1c, 0xef9e, 0xf7be, 
	0x7517, 0x5c54, 0x5c96, 0x5c76, 0x3bd4, 0x3bb3, 0x3bd4, 0x3bb3, 0x3bb3, 0x3bd4, 0x3bb3, 0x3bd3, 0x3bb3, 0x3bd4, 0x5c54, 0x7d38, 
	0xffff, 0xffff, 0xffff, 0xffff, 0xefbe, 0xef7d, 0xdf3d, 0xdf5e, 0xe79e, 0xe79e, 0xef5d, 0xef5d, 0xe79e, 0xb618, 0x5435, 0x4bf4, 
	0x3393, 0x3bd4, 0x3bb3, 0x3bb3, 0x3bb3, 0x3bd4, 0x3bb3, 0x3bd4, 0x3393, 0x3bb4, 0x4371, 0x95fb, 0xceba, 0xdf1c, 0xe75c, 0xe73c, 
	0xe73c, 0xe73c, 0xe75d, 0xce9a, 0xae7c, 0x4b4f, 0x1ad0, 0x1ad0, 0x22f0, 0x22f0, 0x22f0, 0x22f0, 0x22f0, 0x22d0, 0x3392, 0x96be, 
	0x96de, 0x96dd, 0x8e9d, 0x75ba, 0x759a, 0x759a, 0x75ba, 0x75ba, 0x6d5a, 0x5497, 0x54d8, 0x54b7, 0x4c76, 0x3bd3, 0x33d3, 0x3392, 
	0x4c33, 0x4c54, 0xb5f8, 0xf7ff, 0xdf3d, 0xcebb, 0xcedc, 0xcefc, 0x5c75, 0x228e, 0x2311, 0x1ad0, 0x3352, 0x3372, 0x5455, 0x5c76, 
	0x5c96, 0x5c75, 0x5c75, 0x5c75, 0x43f4, 0x3393, 0x3bb3, 0x3bd4, 0x3bd3, 0x3bb3, 0x3bb3, 0x3bb4, 0x3bb3, 0x3bb3, 0x3bb3, 0x33b3, 
	0x3393, 0x43f4, 0x5c54, 0x7d58, 0xffff, 0xffff, 0xffff, 0xffdf, 0xef9e, 0xef7d, 0xdf3d, 0xdf5e, 0xef9e, 0xe77e, 0xef5d, 0xef5d, 
	0xffff, 0xffff, 0xffff, 0xffff, 0xffff, 0xffbe, 0xf7de, 0xffff, 0x5c55, 0x1a4d, 0xc69a, 0xf7ff, 0xffbe, 0xffbe, 0xffff, 0xffff, 
	0x5455, 0x3b92, 0x3bb4, 0x33b4, 0x33b3, 0x33b3, 0x3392, 0x4c14, 0xf7df, 0xffff, 0xffff, 0xffff, 0xffff, 0xffff, 0xffff, 0xe77e, 
	0x7599, 0x759a, 0x759a, 0x759a, 0x759a, 0x6d7a, 0x5455, 0x85db, 0xffdf, 0xf79d, 0xef5c, 0xef5c, 0xdf9f, 0x9d76, 0x2b32, 0x33b4, 
	0x3393, 0x33b3, 0x3393, 0x3bb4, 0x3393, 0x3bb3, 0x3393, 0x3bb4, 0x3393, 0x3bb4, 0x3393, 0x22f0, 0x1ad0, 0x22f0, 0x1ad0, 0x1ad0, 
	0x1ad0, 0x22f0, 0x22d0, 0x22f0, 0x1ad0, 0x1ad0, 0x22d0, 0x22d0, 0x22d0, 0x1a8f, 0x2b50, 0x969e, 0x8e9d, 0x75ba, 0x759a, 0x759a, 
	0x759a, 0x759a, 0x759a, 0x759a, 0x6d7a, 0x54b7, 0x54b7, 0x54b7, 0x54d7, 0x54b7, 0x4c55, 0x3392, 0x33b2, 0x3392, 0x33b3, 0x2330, 
	0xadd8, 0xf7ff, 0xffff, 0xffff, 0xffff, 0xffff, 0xffff, 0xffff, 0xffff, 0xf7be, 0xf7de, 0xffff, 0x5434, 0x1a6d, 0xcebb, 0xf7ff, 
	0xffbe, 0xffbe, 0xffff, 0xf7ff, 0x4c35, 0x3b92, 0x33b4, 0x3393, 0x3393, 0x33b3, 0x33b3, 0x33b3, 0x3352, 0x4c35, 0xffff, 0xffff, 
	0xffff, 0xffff, 0xffff, 0xffff, 0xefdf, 0xd71c, 0x6d7a, 0x75ba, 0x7558, 0x9e7c, 0xffdf, 0xef9d, 0xe73c, 0xe75c, 0xdf9f, 0x9d56, 
	0x2b32, 0x3bb4, 0x3393, 0x33b3, 0x3393, 0x3bb3, 0x3393, 0x3bd4, 0x3393, 0x33b3, 0x3393, 0x33b4, 0x4350, 0xae9d, 0xf77d, 0xef5c, 
	0xef5d, 0xef7d, 0xd79f, 0x536f, 0x1aaf, 0x1af0, 0x1ad0, 0x1ad0, 0x22f0, 0x22f0, 0x1ad0, 0x1ad0, 0x22d0, 0x1aaf, 0x2b91, 0x96be, 
	0x96dd, 0x96de, 0x8e9d, 0x759a, 0x759a, 0x759a, 0x759a, 0x759a, 0x6559, 0x5497, 0x54d7, 0x54b7, 0x54d7, 0x54b7, 0x4435, 0x2351, 
	0x9d76, 0xf7ff, 0xffbe, 0xffff, 0x7518, 0x1a4c, 0x1ad0, 0x128f, 0x1aaf, 0x1aaf, 0x1ad0, 0x128f, 0x1aaf, 0x126f, 0xce9b, 0xffff, 
	0xffff, 0xffff, 0xf7df, 0xef9e, 0x4c35, 0x3351, 0x2b73, 0x3393, 0x3bb3, 0x3393, 0x3393, 0x33b3, 0x3bb3, 0x3bb3, 0x33b3, 0x3393, 
	0x3351, 0x5455, 0xffff, 0xffff, 0xffff, 0xffff, 0xffff, 0xffff, 0xefdf, 0xd6fc, 0x6d7a, 0x75ba, 0x7d58, 0x9e7d, 0xffdf, 0xef9d, 
	0xe77e, 0xd6dc, 0xcefc, 0xcefc, 0xcebb, 0xc69b, 0xc69b, 0xc6bb, 0x4bf4, 0x1a6e, 0x9db8, 0xc6dc, 0xc69a, 0xc69a, 0xf7df, 0xffff, 
	0x5455, 0x3b92, 0x3bb3, 0x3bb3, 0x3bb3, 0x33b3, 0x3b92, 0x4c15, 0xf7df, 0xffff, 0xffff, 0xffff, 0xffff, 0xffff, 0xf7ff, 0xe77e, 
	0x7dda, 0x7ddb, 0x7ddb, 0x75ba, 0x759a, 0x6d7a, 0x5cb6, 0x7dba, 0xd71d, 0xcefc, 0xc69a, 0xd71c, 0xe7bf, 0xadf8, 0x5455, 0x5414, 
	0x3393, 0x3bb3, 0x3393, 0x3bd3, 0x3bb3, 0x3bb3, 0x3bb3, 0x3bd4, 0x3bb3, 0x3bb3, 0x3372, 0x22f0, 0x22d0, 0x22f0, 0x1ad0, 0x22d0, 
	0x22d0, 0x22f0, 0x22f0, 0x22f0, 0x22d0, 0x22d0, 0x22f0, 0x22f0, 0x22f0, 0x3393, 0x4434, 0x96be, 0x8e9d, 0x75ba, 0x759a, 0x759a, 
	0x759a, 0x759a, 0x757a, 0x6d59, 0x6d59, 0x5497, 0x54b7, 0x54b7, 0x54b7, 0x54b7, 0x4c55, 0x3392, 0x33b2, 0x3392, 0x4c34, 0x5475, 
	0xbe59, 0xf7ff, 0xffff, 0xffff, 0xe75e, 0xd6dc, 0xd6fc, 0xcefc, 0xcebb, 0xc69b, 0xc69b, 0xc6bb, 0x4bd3, 0x228e, 0xa5d8, 0xc6bc, 
	0xc69b, 0xc69b, 0xf7df, 0xffff, 0x5435, 0x3b92, 0x3bb4, 0x3393, 0x3bb3, 0x3bd4, 0x3bb3, 0x43d4, 0x6475, 0x7518, 0xffff, 0xffff, 
	0xffff, 0xffff, 0xffff, 0xffdf, 0xd75e, 0xbebb, 0x759a, 0x75ba, 0x7579, 0x8e3c, 0xd71c, 0xd73d, 0xef5d, 0xef5d, 0xe79e, 0xadd8, 
	0x5455, 0x5435, 0x3bb3, 0x3bd3, 0x3bb3, 0x3bd4, 0x3bb3, 0x43d4, 0x3bb3, 0x3bd3, 0x3bb3, 0x3bd4, 0x4371, 0x95fb, 0xce9b, 0xc67a, 
	0xbe59, 0xc659, 0xae7c, 0x4b70, 0x22d0, 0x2311, 0x22d0, 0x22d0, 0x22f0, 0x22f0, 0x22f0, 0x22f0, 0x22f0, 0x22d0, 0x33b2, 0x96be, 
	0x96dd, 0x8e9d, 0x8e5d, 0x759a, 0x759a, 0x759a, 0x75ba, 0x75ba, 0x6d5a, 0x54b7, 0x54d8, 0x54b7, 0x54d8, 0x54d7, 0x4455, 0x2b72, 
	0x8d36, 0xc71d, 0xcedb, 0xd6db, 0x8558, 0x4bb1, 0x5414, 0x4bf3, 0x5413, 0x4bf3, 0x5414, 0x4bf3, 0x4bf3, 0x4bd2, 0xd6fc, 0xf7ff, 
	0xdf3d, 0xd6fc, 0xef9e, 0xefbe, 0x7517, 0x5c54, 0x6496, 0x6496, 0x43d4, 0x3bb3, 0x3bb3, 0x3bb3, 0x3bb3, 0x3bd4, 0x3bb3, 0x3bd4, 
	0x6475, 0x7d38, 0xffff, 0xffff, 0xffff, 0xffff, 0xffff, 0xf7be, 0xd75e, 0xbebc, 0x6d9a, 0x75ba, 0x7579, 0x963c, 0xd71c, 0xdf3d, 
	0x7518, 0x1a4d, 0x1ad0, 0x12af, 0x22f0, 0x1aaf, 0x1ad0, 0x1aaf, 0x22f0, 0x1ad0, 0x1af0, 0x12af, 0x1a8f, 0x1aaf, 0xdf5d, 0xffff, 
	0x4c35, 0x3351, 0x33b3, 0x33b3, 0x33b3, 0x3393, 0x3372, 0x4c15, 0xf7df, 0xffff, 0xffff, 0xffff, 0xffff, 0xffff, 0xefbf, 0xe75d, 
	0x96fe, 0x96fe, 0x96de, 0x867c, 0x6d79, 0x759a, 0x759b, 0x6539, 0x4c97, 0x4cb7, 0x5455, 0x8e3c, 0xffde, 0xf77d, 0xe79f, 0x9556, 
	0x2352, 0x2b93, 0x2b72, 0x33b4, 0x3393, 0x3bb3, 0x3393, 0x3bb4, 0x3bb3, 0x2b31, 0x1aaf, 0x1ab0, 0x1ad0, 0x22f0, 0x1aaf, 0x1ad0, 
	0x1ad0, 0x22d0, 0x22d0, 0x22f0, 0x1ad0, 0x1ad0, 0x22d0, 0x1aaf, 0x2330, 0x969e, 0x96fe, 0x96de, 0x8e9d, 0x6db9, 0x759a, 0x759a, 
	0x759a, 0x759a, 0x6559, 0x4c96, 0x54d7, 0x54b7, 0x54b7, 0x4cb7, 0x54b7, 0x54b7, 0x4c55, 0x2b92, 0x2b92, 0x2331, 0x9d97, 0xf7ff, 
	0xffde, 0xf79d, 0xf7be, 0xffff, 0x6cd7, 0x1a4d, 0x1ad0, 0x1aaf, 0x1ad0, 0x1aaf, 0x1ad0, 0x1ab0, 0x22f0, 0x1acf, 0x1ad0, 0x1ad0, 
	0x22d0, 0x1aaf, 0xe77e, 0xffff, 0x4c14, 0x3372, 0x33b4, 0x3393, 0x3393, 0x33b4, 0x3b92, 0x5435, 0xffff, 0xffff, 0xffff, 0xffff, 
	0xffff, 0xffff, 0xffff, 0xe77e, 0x6d79, 0x759a, 0x759a, 0x759a, 0x75bb, 0x6559, 0x5455, 0x85fb, 0xffff, 0xf79d, 0xef5c, 0xef5c, 
	0xe79f, 0x9556, 0x2352, 0x33b4, 0x3393, 0x3bb4, 0x3393, 0x3bd4, 0x3393, 0x33b3, 0x3393, 0x3bb4, 0x3393, 0x33b3, 0x3393, 0x2311, 
	0x1aaf, 0x1ad0, 0x1acf, 0x22f0, 0x22d0, 0x22f0, 0x1ad0, 0x1ad0, 0x22f0, 0x22f0, 0x1ad0, 0x1ad0, 0x22d0, 0x1a8f, 0x2b71, 0x96be, 
	0x8e9d, 0x6d99, 0x759a, 0x759a, 0x759a, 0x759a, 0x759a, 0x75ba, 0x6d5a, 0x5497, 0x54d7, 0x54b7, 0x54d7, 0x54b7, 0x4435, 0x2b92, 
	0x33d3, 0x3392, 0x2b92, 0x1b30, 0xadf8, 0xf7ff, 0xffff, 0xffff, 0xffff, 0xffff, 0xffff, 0xffff, 0xffff, 0xffde, 0xf7df, 0xffdf, 
	0x4bf3, 0x1a6e, 0xd6db, 0xf7ff, 0xffde, 0xffde, 0xffff, 0xf7ff, 0x4c35, 0x3392, 0x3393, 0x33b4, 0x3393, 0x3bb4, 0x3b92, 0x5455, 
	0xffff, 0xffff, 0xffff, 0xffff, 0xffff, 0xffff, 0xffff, 0xdf5d, 0x6d79, 0x759a, 0x759a, 0x759a, 0x6dbb, 0x6539, 0x5434, 0x8e1c, 
	0x6496, 0x22ae, 0x2310, 0x22f0, 0x2b10, 0x22f0, 0x2b11, 0x22d0, 0x2b10, 0x22f0, 0x2311, 0x22d0, 0x22d0, 0x22f0, 0xae1a, 0xc6dd, 
	0x7517, 0x6c95, 0x43f4, 0x3bb3, 0x3bd4, 0x3bd3, 0x3bb3, 0x5435, 0xefbe, 0xffff, 0xffff, 0xffff, 0xffff, 0xffff, 0xefbf, 0xdf3d, 
	0x75da, 0x861b, 0x96de, 0x8e9d, 0x7dfb, 0x7dfb, 0x75ba, 0x6d79, 0x5cf8, 0x5cf8, 0x5c96, 0x85db, 0xd6fc, 0xd71c, 0xe79e, 0xadf8, 
	0x6475, 0x6cd6, 0x6cd7, 0x5435, 0x3bb3, 0x43d4, 0x3bb3, 0x3bb3, 0x3393, 0x2b31, 0x22d0, 0x22f0, 0x22f0, 0x2b10, 0x22f0, 0x22f0, 
	0x22f0, 0x2310, 0x22f0, 0x2b10, 0x22f0, 0x22f0, 0x2b11, 0x43d3, 0x4c54, 0x969e, 0x96de, 0x8e9d, 0x8e5c, 0x75ba, 0x75ba, 0x75ba, 
	0x75ba, 0x7579, 0x6539, 0x54b7, 0x5cd8, 0x54b7, 0x54d7, 0x54b7, 0x5cd7, 0x5cd7, 0x4c75, 0x3392, 0x5434, 0x64b5, 0xbe39, 0xf7ff, 
	0xf7be, 0xf7be, 0xd71c, 0xc69a, 0x5c75, 0x22ae, 0x2b11, 0x22f0, 0x2b11, 0x22f0, 0x2310, 0x22f0, 0x2b11, 0x22f0, 0x22f0, 0x22f0, 
	0x2b10, 0x2af0, 0xb63a, 0xc6dc, 0x74f7, 0x6cb6, 0x43f4, 0x3bb3, 0x33b3, 0x3bd4, 0x3b92, 0x5455, 0xffff, 0xffff, 0xffff, 0xffff, 
	0xffff, 0xffff, 0xf7ff, 0xe77e, 0x7dda, 0x7dfb, 0x7dfb, 0x7ddb, 0x759a, 0x6d7a, 0x5cb6, 0x85db, 0xcf1d, 0xc6dc, 0xc69a, 0xd6fc, 
	0xe7bf, 0xadf8, 0x5c76, 0x5434, 0x3bb3, 0x3bd4, 0x3bb3, 0x43d4, 0x3bb3, 0x3bd3, 0x3bb3, 0x3bd4, 0x3bb3, 0x3393, 0x3392, 0x2b31, 
	0x22d0, 0x22f0, 0x22f0, 0x22f0, 0x22f0, 0x22f0, 0x22d0, 0x22d0, 0x2310, 0x2310, 0x22f0, 0x22f0, 0x2b10, 0x3bb3, 0x4c74, 0x96be, 
	0x8e9d, 0x75ba, 0x75ba, 0x75ba, 0x75ba, 0x759a, 0x759a, 0x6d79, 0x6539, 0x54b7, 0x54d7, 0x54b7, 0x54d8, 0x54d7, 0x4c35, 0x3392, 
	0x3bf3, 0x33b2, 0x5454, 0x5c95, 0xc67a, 0xf7ff, 0xffff, 0xffff, 0xdf3d, 0xcebb, 0xcedc, 0xcedc, 0xc69b, 0xbe7a, 0xbe9b, 0xbe9b, 
	0x43b3, 0x22af, 0xa5d8, 0xbebc, 0xc67a, 0xc69a, 0xf7ff, 0xf7ff, 0x5435, 0x3b92, 0x3bb3, 0x3bd3, 0x3bd3, 0x3bd4, 0x3b92, 0x5455, 
	0xffff, 0xffff, 0xffff, 0xffff, 0xffff, 0xffff, 0xf7ff, 0xdf5d, 0x7dda, 0x7dfb, 0x7dfb, 0x7ddb, 0x75ba, 0x6d59, 0x5cb6, 0x85fb, 
	0x1ad0, 0x1ad0, 0x22f0, 0x1ad0, 0x22f0, 0x1ad0, 0x22f0, 0x1ad0, 0x22f0, 0x1ad0, 0x22f0, 0x1acf, 0x1ad0, 0x1ad0, 0x1acf, 0x1aaf, 
	0xdf3d, 0xf7ff, 0x4c14, 0x3352, 0x33b4, 0x33b3, 0x3b92, 0x4c14, 0xe73c, 0xef9e, 0xffff, 0xffff, 0xffff, 0xffff, 0xf7ff, 0xcebb, 
	0x128e, 0x3bd3, 0x9f1f, 0x96de, 0x96de, 0x8e7c, 0x759a, 0x759a, 0x75ba, 0x6d59, 0x4cb7, 0x54d8, 0x5454, 0x8e1b, 0xf77d, 0xef5c, 
	0xef3c, 0xffde, 0xffff, 0x9d77, 0x2b73, 0x33b3, 0x3373, 0x2311, 0x128f, 0x1aaf, 0x128f, 0x128f, 0x12af, 0x1ab0, 0x128f, 0x128f, 
	0x128f, 0x12af, 0x12af, 0x1aaf, 0x128f, 0x1aaf, 0x2310, 0x8e9d, 0x96fe, 0x96dd, 0x96be, 0x75ba, 0x759a, 0x759a, 0x759a, 0x75ba, 
	0x6d7a, 0x54b7, 0x4c97, 0x4cb7, 0x54d8, 0x54b7, 0x54b7, 0x54b7, 0x54d7, 0x54b7, 0x4c76, 0x2351, 0x9d76, 0xf7ff, 0xffff, 0xffbe, 
	0xffbe, 0xffff, 0x6cf7, 0x120c, 0x1ad0, 0x1ad0, 0x22f0, 0x1ad0, 0x22f0, 0x1ad0, 0x22f0, 0x1ad0, 0x22f0, 0x1ad0, 0x22f0, 0x1ad0, 
	0x22f0, 0x1ad0, 0x1aaf, 0x22d0, 0xdf5d, 0xf7df, 0x43f4, 0x2b52, 0x3393, 0x33b4, 0x3b92, 0x5435, 0xffff, 0xffff, 0xffff, 0xffff, 
	0xffff, 0xffff, 0xefbf, 0xe75d, 0x96fe, 0x96fe, 0x96de, 0x8e7c, 0x6d79, 0x759a, 0x759b, 0x6539, 0x4c97, 0x4cb8, 0x5454, 0x963c, 
	0xfffe, 0xf79d, 0xe79f, 0x9515, 0x2352, 0x2b94, 0x2b73, 0x33b4, 0x3393, 0x33b3, 0x3393, 0x3bd4, 0x33b3, 0x2311, 0x1ad0, 0x22f0, 
	0x1ad0, 0x22f0, 0x22d0, 0x22f0, 0x22d0, 0x22f0, 0x1ad0, 0x1ad0, 0x22f0, 0x22f0, 0x1ad0, 0x128f, 0x2330, 0x969e, 0x96fe, 0x96de, 
	0x8e9d, 0x6dba, 0x759a, 0x759a, 0x759a, 0x759a, 0x6d7a, 0x5497, 0x54b7, 0x54b7, 0x54d7, 0x54b7, 0x54d7, 0x54b7, 0x4435, 0x2b92, 
	0x33b3, 0x2330, 0xadd8, 0xffff, 0xffdf, 0xf79d, 0xf7be, 0xffff, 0x64b6, 0x1a4d, 0x1ad0, 0x12b0, 0x1ad0, 0x1aaf, 0x1ad0, 0x1aaf, 
	0x22f0, 0x1ad0, 0x1ad0, 0x1ab0, 0x1aaf, 0x22d0, 0xef9e, 0xffff, 0x43f4, 0x3352, 0x3393, 0x33b4, 0x33b3, 0x3bb3, 0x3b92, 0x5455, 
	0xffff, 0xffff, 0xffff, 0xffff, 0xffff, 0xffdf, 0xefbf, 0xdf5d, 0x96fe, 0x96fe, 0x96de, 0x867c, 0x6d7a, 0x759a, 0x759b, 0x6539, 
	0x3bb3, 0x22af, 0x22f0, 0x22d0, 0x22f0, 0x22d0, 0x22f0, 0x22d0, 0x22f0, 0x22d0, 0x2310, 0x1ad0, 0x22d0, 0x22f0, 0x2af0, 0x22f0, 
	0x9db8, 0xb63b, 0x7d17, 0x6cd6, 0x3bb4, 0x3393, 0x3393, 0x43f4, 0xadf9, 0xbe7b, 0xf7be, 0xffdf, 0xffdf, 0xef7d, 0xb65b, 0x9577, 
	0x1a8f, 0x3372, 0x6db9, 0x75fb, 0x96de, 0x867c, 0x757a, 0x759a, 0x759a, 0x6559, 0x4c97, 0x54b8, 0x5475, 0x7dba, 0xbe7a, 0xd71c, 
	0xef7d, 0xd6db, 0xae9c, 0x7495, 0x2311, 0x5456, 0x6cb6, 0x6495, 0x5c54, 0x6475, 0x5c54, 0x5c34, 0x5c34, 0x5c54, 0x5c34, 0x5c34, 
	0x5c34, 0x5c54, 0x6454, 0x6454, 0x5455, 0x43f3, 0x4434, 0x8e9d, 0x96de, 0x867c, 0x865c, 0x75ba, 0x759a, 0x759a, 0x759a, 0x6d59, 
	0x6539, 0x54b7, 0x4c97, 0x4c97, 0x54d7, 0x54b7, 0x54b7, 0x4c97, 0x54b7, 0x54b7, 0x4455, 0x2351, 0x9556, 0xf7ff, 0xdf3d, 0xbe59, 
	0xbe7a, 0xbe9b, 0x8557, 0x5c13, 0x3372, 0x1a8f, 0x22f0, 0x1acf, 0x22f0, 0x1aaf, 0x1ad0, 0x1acf, 0x22f0, 0x1acf, 0x1ad0, 0x1ad0, 
	0x22f0, 0x1ad0, 0x1ad0, 0x22d0, 0xa5b9, 0xae3a, 0x74f7, 0x6495, 0x33b3, 0x33b3, 0x3372, 0x4c35, 0xf7be, 0xf7ff, 0xffff, 0xffff, 
	0xffff, 0xffff, 0xefbf, 0xd71c, 0x6d79, 0x7dfb, 0x96de, 0x8e9d, 0x7dfb, 0x7dda, 0x759a, 0x6d59, 0x54d8, 0x5cf8, 0x5475, 0x7dbb, 
	0xcebb, 0xd71c, 0xe77e, 0xadb7, 0x6495, 0x6cf7, 0x6cf7, 0x5434, 0x3373, 0x33b3, 0x3393, 0x3393, 0x2b52, 0x22f0, 0x1acf, 0x22f0, 
	0x1acf, 0x1ad0, 0x1ad0, 0x1ad0, 0x1ad0, 0x1ad0, 0x1aaf, 0x1aaf, 0x22f0, 0x1ad0, 0x1af0, 0x3bd4, 0x4475, 0x8ebe, 0x96de, 0x867c, 
	0x865c, 0x6d99, 0x759a, 0x759a, 0x6d9a, 0x6d59, 0x6539, 0x5497, 0x54b7, 0x4cb7, 0x54b7, 0x4cb7, 0x54d7, 0x54b7, 0x4435, 0x2b72, 
	0x5454, 0x64b6, 0xc65a, 0xf7ff, 0xf7be, 0xf7be, 0xcedc, 0xb639, 0x4c34, 0x1a8e, 0x1af0, 0x1ab0, 0x1ad0, 0x1acf, 0x22f0, 0x1acf, 
	0x1ad0, 0x1acf, 0x22f0, 0x1ad0, 0x1ad0, 0x1ad0, 0xa5f9, 0xbe9c, 0x7517, 0x6cb6, 0x33b3, 0x3393, 0x33b3, 0x3bb4, 0x3b92, 0x5455, 
	0xf7be, 0xf7ff, 0xffff, 0xffff, 0xffff, 0xffff, 0xefdf, 0xd71c, 0x7599, 0x7e1b, 0x96de, 0x8e9d, 0x7dfb, 0x75da, 0x759a, 0x6d79, 
	0x7517, 0x1a4d, 0x1ad0, 0x1ad0, 0x22f0, 0x1acf, 0x22f0, 0x1acf, 0x22f0, 0x1ad0, 0x22f0, 0x1ab0, 0x1ab0, 0x1ad0, 0x22f0, 0x1ad0, 
	0x1a8f, 0x1aaf, 0xe75d, 0xf7df, 0x43d4, 0x2b52, 0x2b73, 0x2b93, 0x2b31, 0x3bd4, 0xe75c, 0xef7d, 0xef9e, 0xce9a, 0x128f, 0x1aaf, 
	0x1acf, 0x1ad0, 0x128e, 0x3bd3, 0x96fe, 0x867c, 0x757a, 0x759a, 0x759a, 0x6539, 0x4c97, 0x54d7, 0x4cb7, 0x4cb7, 0x5434, 0xa69d, 
	0xffff, 0x8cd4, 0x022e, 0x12b0, 0x1a2c, 0x95da, 0xf77d, 0xfffe, 0xffff, 0xffff, 0xffff, 0xffdf, 0xf7be, 0xf7be, 0xf7be, 0xf7be, 
	0xffbe, 0xffff, 0xffff, 0xffff, 0xe7ff, 0xb6bc, 0x8ede, 0x8efe, 0x8ebe, 0x6dba, 0x759a, 0x759a, 0x759a, 0x759a, 0x6d7a, 0x5497, 
	0x54b7, 0x4cb7, 0x4c97, 0x4c97, 0x54d7, 0x54b7, 0x54b7, 0x4c97, 0x54b7, 0x54b7, 0x4476, 0x2351, 0x9555, 0xffff, 0x8dda, 0x330e, 
	0x2b92, 0x1b31, 0xadb7, 0xffff, 0x6cd7, 0x1a6d, 0x1af0, 0x1ab0, 0x22f0, 0x1aaf, 0x1ad0, 0x1acf, 0x22f0, 0x1aaf, 0x1ad0, 0x1ad0, 
	0x22f0, 0x1ad0, 0x1ad0, 0x1ab0, 0x1a8f, 0x22d0, 0xef9e, 0xefbf, 0x43d4, 0x3393, 0x3372, 0x4c15, 0xe73d, 0xef9e, 0xffff, 0xffff, 
	0xffff, 0xffff, 0xf7ff, 0xc69a, 0x0a6d, 0x3bf3, 0x9f1e, 0x96fe, 0x96de, 0x867c, 0x6d7a, 0x759a, 0x759a, 0x6559, 0x4cb7, 0x4c97, 
	0x5434, 0x963c, 0xf77d, 0xef5c, 0xef5c, 0xffff, 0xffff, 0x9536, 0x2b53, 0x2b93, 0x2b73, 0x1af1, 0x126e, 0x128f, 0x128f, 0x128f, 
	0x128f, 0x128f, 0x128f, 0x128f, 0x128f, 0x128f, 0x0a8f, 0x0a6f, 0x1aaf, 0x1aaf, 0x2310, 0x969e, 0x96fe, 0x96de, 0x8e9d, 0x6d99, 
	0x6d9a, 0x759a, 0x759a, 0x759a, 0x657a, 0x4c96, 0x54b7, 0x4c97, 0x54b7, 0x4cb7, 0x54b7, 0x4cb7, 0x54b7, 0x54b7, 0x3c35, 0x2351, 
	0xa5b7, 0xffff, 0xffff, 0xffbe, 0xf7be, 0xffff, 0x64b7, 0x09ec, 0x12b0, 0x1ad0, 0x22f0, 0x1aaf, 0x1ad0, 0x1ad0, 0x22f0, 0x1acf, 
	0x1ad0, 0x1acf, 0x22f0, 0x1ad0, 0x1ad0, 0x1aaf, 0x126e, 0x22d0, 0xe77e, 0xefdf, 0x3bb3, 0x3352, 0x3393, 0x33b4, 0x3392, 0x4c35, 
	0xe75d, 0xef9e, 0xffff, 0xffff, 0xffff, 0xffff, 0xf7ff, 0xc659, 0x0a4d, 0x4414, 0x9f1e, 0x96fe, 0x96de, 0x865c, 0x6d79, 0x75ba, 
	0x7d38, 0x2a8d, 0x2311, 0x22f0, 0x2b11, 0x22f0, 0x2b11, 0x22f0, 0x2b11, 0x22f0, 0x2b11, 0x22d0, 0x22f0, 0x22f0, 0x2b11, 0x22f0, 
	0x22f0, 0x2b10, 0x9db8, 0xae1a, 0x7cf6, 0x74d6, 0x74d6, 0x74f7, 0x7d17, 0x7d58, 0xae19, 0xae1a, 0xa5f9, 0x9557, 0x22f0, 0x2b10, 
	0x22f0, 0x2b11, 0x1acf, 0x4414, 0x96fe, 0x8e7d, 0x759a, 0x75ba, 0x75ba, 0x6d59, 0x54b7, 0x5cd8, 0x54d7, 0x54d7, 0x5c95, 0x8e1b, 
	0xc71e, 0x7cf6, 0x2b31, 0x4c35, 0x6412, 0xb67b, 0xf7be, 0xffdf, 0xffff, 0xffff, 0xffff, 0xf7be, 0xf79e, 0xf79e, 0xf79e, 0xf79e, 
	0xf79e, 0xffdf, 0xffdf, 0xffde, 0xe7ff, 0xcf1d, 0xaf3f, 0x967c, 0x8e5c, 0x75ba, 0x75ba, 0x75ba, 0x75ba, 0x75ba, 0x6d7a, 0x54b7, 
	0x54d7, 0x54d7, 0x54b7, 0x54b7, 0x5cd8, 0x54b7, 0x54d7, 0x54b7, 0x54b7, 0x4c76, 0x4c55, 0x3392, 0x7cd5, 0xb6bc, 0x7538, 0x3b71, 
	0x3bd3, 0x2b71, 0xadf8, 0xf7ff, 0x74f7, 0x228d, 0x2b11, 0x22f0, 0x2b11, 0x22f0, 0x22f0, 0x22f0, 0x2b11, 0x22f0, 0x22f0, 0x22f0, 
	0x2b11, 0x22f0, 0x22f0, 0x22f0, 0x22f0, 0x2b31, 0xa5f9, 0xa5f9, 0x43f4, 0x3bd3, 0x3bb3, 0x4c35, 0xae19, 0xbe7b, 0xf7be, 0xffdf, 
	0xffdf, 0xef7d, 0xae3a, 0x9557, 0x22cf, 0x3bb3, 0x7599, 0x7e1b, 0x9ede, 0x8e7c, 0x759a, 0x75ba, 0x7dba, 0x6d59, 0x54b7, 0x54d7, 
	0x5c96, 0x85db, 0xbe7a, 0xd71d, 0xef9e, 0xd6db, 0xae7c, 0x7495, 0x3351, 0x5c96, 0x74f6, 0x6cb6, 0x6c95, 0x6c95, 0x6c95, 0x6495, 
	0x6474, 0x6475, 0x6474, 0x6475, 0x6475, 0x6c95, 0x6495, 0x6495, 0x6496, 0x5414, 0x4c75, 0x969d, 0x96de, 0x8e9c, 0x8e5c, 0x75ba, 
	0x75ba, 0x75ba, 0x75ba, 0x6d79, 0x6539, 0x54b7, 0x5cd8, 0x54b7, 0x5cd7, 0x54b7, 0x5cd8, 0x54b7, 0x5cd8, 0x54d7, 0x4455, 0x2b92, 
	0xa5b7, 0xf7ff, 0xd73d, 0xbe39, 0xb67a, 0xbe9a, 0x8557, 0x6453, 0x3b92, 0x22f0, 0x2b11, 0x22f0, 0x2b11, 0x22f0, 0x2b11, 0x22f0, 
	0x2b10, 0x22f0, 0x2b11, 0x2310, 0x2b11, 0x22f0, 0x22ef, 0x2b31, 0xa5f9, 0xae3a, 0x7d17, 0x74d6, 0x3bd4, 0x3bd4, 0x3bb3, 0x4c15, 
	0xae19, 0xbe7b, 0xf7be, 0xffdf, 0xffdf, 0xef5d, 0xae5b, 0x8d57, 0x1aaf, 0x3bd3, 0x7599, 0x7e1b, 0x96de, 0x865c, 0x759a, 0x7dba, 
	0x7d58, 0x1a4d, 0x1af0, 0x1ad0, 0x22f0, 0x1aaf, 0x22f0, 0x1acf, 0x22f0, 0x1ad0, 0x22f0, 0x1aaf, 0x1aaf, 0x1ad0, 0x22f0, 0x1ad0, 
	0x1ad0, 0x1ad0, 0x1a8f, 0x22f0, 0xe73c, 0xf7be, 0xef5c, 0xf77d, 0xffff, 0xef9e, 0x2b72, 0x2331, 0x0a6e, 0x0a8f, 0x128f, 0x1ab0, 
	0x1ad0, 0x22f0, 0x12af, 0x3bf4, 0x96fe, 0x8e7c, 0x6d9a, 0x759a, 0x759a, 0x6539, 0x4c97, 0x54d7, 0x54b7, 0x54b7, 0x4cb7, 0x54b7, 
	0x4497, 0x4cb7, 0x5454, 0x9e7d, 0xf77d, 0xffde, 0xffff, 0xffff, 0xffff, 0xffbe, 0xf79e, 0xf7be, 0xf7be, 0xf7be, 0xf7be, 0xf7be, 
	0xf7be, 0xf7be, 0xf7be, 0xe75c, 0xef3c, 0xffff, 0xe7ff, 0x8d57, 0x6d7a, 0x6d9a, 0x759a, 0x759a, 0x759a, 0x759a, 0x6d7a, 0x54b7, 
	0x54b7, 0x54b7, 0x4c97, 0x4c97, 0x54d7, 0x54b7, 0x54b7, 0x54b8, 0x4c75, 0x2b72, 0x33b2, 0x3392, 0x2b92, 0x2331, 0x2b72, 0x2371, 
	0x2b72, 0x1b30, 0xb618, 0xffff, 0x7517, 0x1a4d, 0x22f0, 0x1ad0, 0x22f0, 0x1aaf, 0x22d0, 0x1ad0, 0x22f0, 0x1aaf, 0x1ad0, 0x1ad0, 
	0x22f0, 0x1ad0, 0x22f0, 0x1ad0, 0x1ad0, 0x22d0, 0x1ab0, 0x128f, 0x2b52, 0x2b93, 0x2b93, 0x2b93, 0x2b31, 0x43f4, 0xe75c, 0xef7d, 
	0xef9e, 0xc67a, 0x126e, 0x1ad0, 0x1ad0, 0x1ad0, 0x126e, 0x4414, 0x96ff, 0x867c, 0x757a, 0x759a, 0x759a, 0x6d59, 0x4c97, 0x54b7, 
	0x4cb7, 0x54d8, 0x5433, 0xa6be, 0xffff, 0x8cd4, 0x024e, 0x12d0, 0x1a2c, 0x95fb, 0xf79d, 0xffff, 0xffff, 0xffff, 0xffff, 0xffdf, 
	0xf7de, 0xf7de, 0xffde, 0xf7de, 0xffde, 0xffff, 0xffff, 0xffff, 0xe7ff, 0xb6bb, 0x8ede, 0x8efe, 0x8ebd, 0x6db9, 0x759a, 0x759a, 
	0x759a, 0x759a, 0x6d7a, 0x5497, 0x54b7, 0x54b7, 0x54d7, 0x54b7, 0x54d7, 0x54b7, 0x54d7, 0x54b7, 0x54d7, 0x54d7, 0x4435, 0x2351, 
	0xa576, 0xffff, 0x85b9, 0x330f, 0x2b92, 0x2331, 0xb5f8, 0xffff, 0x6cb6, 0x226d, 0x22f1, 0x1ad0, 0x22f0, 0x1ad0, 0x22f0, 0x1ad0, 
	0x22f0, 0x1ad0, 0x22f0, 0x1ad0, 0x22f0, 0x1aaf, 0x1ad0, 0x1af0, 0x1aaf, 0x2af0, 0xefbf, 0xef9e, 0x3bb3, 0x3372, 0x2b93, 0x2b73, 
	0x2b11, 0x4415, 0xef7d, 0xef7d, 0xefbf, 0xc659, 0x126e, 0x1acf, 0x1ad0, 0x22f0, 0x126e, 0x4435, 0x96ff, 0x865c, 0x757a, 0x75ba, 
	0x5c75, 0x22ae, 0x2310, 0x22f0, 0x2b11, 0x22f0, 0x2b11, 0x22f0, 0x2b11, 0x22f0, 0x2b11, 0x22d0, 0x22d0, 0x22f0, 0x2b11, 0x22f0, 
	0x22f0, 0x22f0, 0x22f0, 0x2b31, 0x9577, 0xa5f9, 0xef7d, 0xf79e, 0xf7df, 0xef7d, 0x8d58, 0x8537, 0x74d6, 0x74d6, 0x74d6, 0x6c75, 
	0x22f0, 0x2b10, 0x1acf, 0x4414, 0x96fe, 0x8e7d, 0x759a, 0x75ba, 0x759a, 0x6d79, 0x6518, 0x6518, 0x54b7, 0x54d7, 0x54b7, 0x5cd8, 
	0x54b6, 0x6d79, 0x9597, 0xbefd, 0xf79e, 0xffdf, 0xffff, 0xef9e, 0xd79f, 0xd75e, 0xcf5e, 0xc6fd, 0xc6dc, 0xc6fd, 0xc6dc, 0xc6dc, 
	0xc6fc, 0xc6fc, 0xcedb, 0xdf7e, 0xef5d, 0xffdf, 0xefdf, 0xbe7a, 0x9e7d, 0x7db9, 0x75ba, 0x75ba, 0x759a, 0x6d59, 0x6539, 0x54b7, 
	0x54d7, 0x54d7, 0x54d7, 0x54b7, 0x5cd8, 0x54d7, 0x54b7, 0x4c55, 0x4434, 0x33b2, 0x3bf3, 0x33b2, 0x5c54, 0x7d37, 0x8557, 0x8557, 
	0x8557, 0x7d16, 0x9db8, 0xae1a, 0x5c55, 0x22af, 0x2b11, 0x22f0, 0x2b11, 0x22f0, 0x22f0, 0x22f0, 0x2b11, 0x22f0, 0x22f0, 0x22f0, 
	0x2b11, 0x22f0, 0x22f0, 0x22f0, 0x22f0, 0x22f0, 0x2310, 0x2b10, 0x74d6, 0x7d17, 0x7cf7, 0x7d17, 0x8537, 0x8558, 0xa5f9, 0xa5f9, 
	0x9dd9, 0x8516, 0x22d0, 0x22f0, 0x22d0, 0x22f0, 0x1aaf, 0x4c35, 0x9efe, 0x867c, 0x759a, 0x759a, 0x759a, 0x6d59, 0x54b7, 0x54b7, 
	0x54b7, 0x54d8, 0x5c75, 0x8dfb, 0xbefe, 0x74d6, 0x3351, 0x5455, 0x6c53, 0xbe9c, 0xf7be, 0xffff, 0xffff, 0xffdf, 0xffdf, 0xf7be, 
	0xf79e, 0xf79e, 0xf79e, 0xf79e, 0xf79e, 0xffdf, 0xffdf, 0xffbe, 0xe7df, 0xcf1d, 0xaf3f, 0x8e5c, 0x863c, 0x75ba, 0x759a, 0x759a, 
	0x759a, 0x759a, 0x6d7a, 0x54b7, 0x54d7, 0x54b7, 0x54d7, 0x54b7, 0x54d7, 0x54b7, 0x54d7, 0x54b7, 0x54b7, 0x4455, 0x3c14, 0x2b72, 
	0x7cd5, 0xae9c, 0x6cf7, 0x3b70, 0x33d3, 0x2b71, 0xb618, 0xf7ff, 0x6cd6, 0x228d, 0x2311, 0x1ad0, 0x22f0, 0x22d0, 0x22f0, 0x22d0, 
	0x22f0, 0x22d0, 0x22f0, 0x22d0, 0x22f0, 0x1ad0, 0x1ad0, 0x22f0, 0x22f0, 0x2b10, 0x9db8, 0xa5d9, 0x7cf6, 0x7cf6, 0x7cf7, 0x7d17, 
	0x8537, 0x8d78, 0xa5f9, 0xa5f9, 0x9dd9, 0x8516, 0x22d0, 0x22f0, 0x22d0, 0x22f0, 0x1aaf, 0x4c55, 0x9efe, 0x865c, 0x759a, 0x75ba, 
	0x1ad0, 0x1ad0, 0x1ad0, 0x1acf, 0x22f0, 0x1acf, 0x22f0, 0x1acf, 0x22f0, 0x1ad0, 0x22f0, 0x1aaf, 0x1aaf, 0x1ad0, 0x22f0, 0x1acf, 
	0x1ad0, 0x1ad0, 0x1ad0, 0x1ad0, 0x1a8f, 0x22f0, 0xffff, 0xffff, 0xe73c, 0xef5c, 0xffff, 0xffff, 0xffff, 0xffff, 0xffff, 0xe73d, 
	0x126f, 0x1aaf, 0x0a6e, 0x33b3, 0x96de, 0x867c, 0x757a, 0x759a, 0x759a, 0x759a, 0x75bb, 0x6d59, 0x4c97, 0x54b7, 0x4cb7, 0x54d8, 
	0x5c54, 0x9e5c, 0xef7d, 0xffbe, 0xffff, 0xffff, 0xefff, 0xc6fc, 0x86bd, 0x8ede, 0x8ebe, 0x75da, 0x6d5a, 0x6d7a, 0x6d7a, 0x6d7a, 
	0x6d7a, 0x6d7a, 0x8557, 0xd7bf, 0xffbe, 0xf79d, 0xf79d, 0xffff, 0xe7ff, 0x8d57, 0x6d7a, 0x6d9a, 0x6559, 0x4cb7, 0x54b7, 0x54b7, 
	0x54b7, 0x54b7, 0x4c97, 0x4cb7, 0x54d8, 0x54d7, 0x4455, 0x2351, 0x2b92, 0x2b71, 0x2b92, 0x1b30, 0x9535, 0xf7ff, 0xffff, 0xffff, 
	0xffff, 0xffff, 0x7538, 0x122c, 0x1ad0, 0x1ad0, 0x22f0, 0x1acf, 0x22f0, 0x1aaf, 0x1ad0, 0x1ad0, 0x22f0, 0x1acf, 0x1ad0, 0x1ad0, 
	0x22f0, 0x1ad0, 0x1ad0, 0x1acf, 0x1ad0, 0x1ad0, 0x22cf, 0x2b11, 0xe73c, 0xf7be, 0xef5c, 0xf77d, 0xffff, 0xef7e, 0x2b52, 0x2311, 
	0x0a4e, 0x0a6f, 0x128f, 0x1ab0, 0x1ad0, 0x1ad0, 0x128f, 0x4415, 0x96fe, 0x867c, 0x6d9a, 0x759a, 0x759a, 0x6559, 0x4c97, 0x4c97, 
	0x4cb7, 0x54d7, 0x4c97, 0x4c97, 0x4497, 0x4cb8, 0x5c54, 0xa69d, 0xf79d, 0xffde, 0xffff, 0xffff, 0xffff, 0xffbe, 0xf79e, 0xf7be, 
	0xf7be, 0xf7be, 0xf7be, 0xf7be, 0xf7be, 0xf7be, 0xf7be, 0xe73c, 0xef3c, 0xffff, 0xdfff, 0x8d57, 0x6d7a, 0x6d9a, 0x759a, 0x759a, 
	0x759a, 0x759a, 0x6d7a, 0x54b7, 0x54b7, 0x4c97, 0x54b7, 0x54b7, 0x54b7, 0x4cb7, 0x54d7, 0x54d7, 0x4c55, 0x2b72, 0x2b92, 0x3392, 
	0x2b92, 0x1b30, 0x2351, 0x2351, 0x2b92, 0x1b30, 0xbe59, 0xffff, 0x6cf7, 0x1a6d, 0x22f0, 0x1ad0, 0x1ad0, 0x1acf, 0x22f0, 0x1acf, 
	0x22f0, 0x1ad0, 0x22f0, 0x1ad0, 0x22f0, 0x1aaf, 0x1aaf, 0x1ad0, 0x1af0, 0x1acf, 0x126e, 0x2b10, 0xef7d, 0xf7be, 0xef5c, 0xf77d, 
	0xffff, 0xe75d, 0x2352, 0x1b11, 0x024e, 0x0a8f, 0x128f, 0x1ab0, 0x1acf, 0x22f0, 0x128f, 0x4c35, 0x96ff, 0x865c, 0x6d79, 0x759a, 
	0x2b11, 0x22f0, 0x2b11, 0x22f0, 0x2b11, 0x22f0, 0x2b11, 0x22f0, 0x2b11, 0x22f0, 0x2b11, 0x22d0, 0x22d0, 0x22f0, 0x2b11, 0x22f0, 
	0x22f0, 0x22f0, 0x22f0, 0x22f0, 0x22f0, 0x2b31, 0x9db8, 0xae3a, 0xef7d, 0xf79e, 0xf7df, 0xef7d, 0xae19, 0xae19, 0xa5f9, 0x9db8, 
	0x6c95, 0x74b5, 0x74f6, 0x8d98, 0xbf3f, 0xa6bc, 0x759a, 0x759a, 0x759a, 0x759a, 0x6d39, 0x6518, 0x54b7, 0x54d7, 0x54b7, 0x54d8, 
	0x5c74, 0x9e5c, 0xef5d, 0xf7be, 0xffff, 0xffdf, 0xefff, 0xc6fc, 0x8ebd, 0x96de, 0x96be, 0x863c, 0x861b, 0x863c, 0x861b, 0x75ba, 
	0x759a, 0x75ba, 0x8599, 0xaede, 0xcedb, 0xe79e, 0xf79e, 0xffff, 0xefff, 0xbe7b, 0xae9c, 0xae9c, 0x965d, 0x5cb6, 0x54d7, 0x54b7, 
	0x54d7, 0x54b7, 0x5497, 0x4455, 0x4c76, 0x4c55, 0x6495, 0x7537, 0x7d37, 0x7d16, 0x8557, 0x7d57, 0xbe5a, 0xf7ff, 0xf7be, 0xffde, 
	0xc6bc, 0xa5b8, 0x5c55, 0x22af, 0x2b11, 0x22f0, 0x2b11, 0x22f0, 0x2b11, 0x22d0, 0x22f0, 0x22f0, 0x2b10, 0x22f0, 0x22f0, 0x22f0, 
	0x2b11, 0x22f0, 0x22f0, 0x22f0, 0x22f0, 0x22f0, 0x2b10, 0x2b10, 0x8d57, 0x9dd9, 0xef7d, 0xf79e, 0xf7df, 0xe77d, 0x8d78, 0x8558, 
	0x7cf6, 0x7cf6, 0x7cf6, 0x6c75, 0x22d0, 0x22f0, 0x1acf, 0x4c35, 0x9efe, 0x8e7c, 0x759a, 0x759a, 0x759a, 0x6d79, 0x5d18, 0x5cf8, 
	0x54b7, 0x5cd8, 0x54b7, 0x54d7, 0x5496, 0x757a, 0x9598, 0xc6fd, 0xf79e, 0xffdf, 0xffff, 0xef9e, 0xd77e, 0xcf5e, 0xcf5e, 0xc6fd, 
	0xbedc, 0xbedc, 0xbedc, 0xbedc, 0xbedc, 0xbedc, 0xcebb, 0xdf7e, 0xef7d, 0xffdf, 0xe7df, 0xbe9b, 0x9e9d, 0x7d99, 0x75ba, 0x75ba, 
	0x759a, 0x6d59, 0x6539, 0x54b7, 0x54d7, 0x54b7, 0x54d7, 0x54b7, 0x54d7, 0x54b7, 0x54b7, 0x4c55, 0x4434, 0x33b2, 0x33b2, 0x3392, 
	0x6474, 0x7d58, 0x8557, 0x8577, 0x8577, 0x7d37, 0x9db8, 0xa5f9, 0x5434, 0x22af, 0x2b11, 0x22f0, 0x22f0, 0x22f0, 0x2b11, 0x22f0, 
	0x22f0, 0x22f0, 0x2b11, 0x22f0, 0x2b11, 0x22d0, 0x22d0, 0x22f0, 0x2b11, 0x22f0, 0x22f0, 0x3351, 0x9577, 0xa5f9, 0xef7d, 0xf79e, 
	0xf7df, 0xe75d, 0x8558, 0x8537, 0x74d6, 0x7cf6, 0x74f6, 0x6474, 0x22d0, 0x2b11, 0x1acf, 0x5455, 0x9efe, 0x865c, 0x759a, 0x7dba, 
	0x1ab0, 0x126f, 0x1ad0, 0x1acf, 0x22f0, 0x1acf, 0x22f0, 0x1acf, 0x22f0, 0x1ad0, 0x22f0, 0x1aaf, 0x1aaf, 0x1ad0, 0x22f0, 0x1ad0, 
	0x1ad0, 0x1ad0, 0x1ad0, 0x1ad0, 0x1ad0, 0x1ad0, 0x126e, 0x2b11, 0xffff, 0xffff, 0xe75d, 0xc67a, 0x128f, 0x128f, 0x124d, 0x43b3, 
	0xffbe, 0xffde, 0xffff, 0xffff, 0xefdf, 0xd6db, 0x6559, 0x6d9a, 0x75ba, 0x6559, 0x4c96, 0x54d7, 0x4c97, 0x54b7, 0x4cb7, 0x54d8, 
	0x5c54, 0x9e5c, 0xef5c, 0xf7be, 0xffff, 0xf7be, 0xdfdf, 0xbedc, 0x8ebd, 0x8ede, 0x8ebd, 0x96fe, 0x9f1e, 0x96fe, 0x96de, 0x75da, 
	0x6d7a, 0x759a, 0x6d9a, 0x6d9a, 0x8577, 0xd7bf, 0xffbe, 0xffff, 0xffff, 0xffff, 0xffff, 0xffff, 0xcfdf, 0x6453, 0x4c97, 0x4cb8, 
	0x54b8, 0x54d8, 0x4455, 0x2331, 0x2b72, 0x1b30, 0x7c93, 0xe7bf, 0xef5d, 0xef5c, 0xf7be, 0xffff, 0xffff, 0xffff, 0xf7be, 0xef7d, 
	0x64d7, 0x09eb, 0x12b0, 0x128f, 0x12b0, 0x126f, 0x1ad0, 0x1ad0, 0x22f0, 0x1acf, 0x1ad0, 0x1ad0, 0x22f0, 0x1acf, 0x1ad0, 0x1ad0, 
	0x22f0, 0x1ad0, 0x22f0, 0x1ad0, 0x1ad0, 0x22f0, 0x1af0, 0x1aaf, 0x126e, 0x2b31, 0xffff, 0xffff, 0xe73c, 0xef5d, 0xffff, 0xffff, 
	0xffff, 0xffff, 0xffff, 0xdefc, 0x0a6e, 0x128f, 0x0a6e, 0x3bf4, 0x96fe, 0x865c, 0x6d9a, 0x759a, 0x759a, 0x75ba, 0x75bb, 0x6538, 
	0x4c97, 0x54d8, 0x4cb7, 0x4cb8, 0x5c54, 0x9e7d, 0xf77d, 0xffde, 0xffff, 0xffff, 0xefff, 0xc6dc, 0x86bd, 0x8ede, 0x8ebe, 0x75da, 
	0x6d59, 0x6d7a, 0x6d7a, 0x6d7a, 0x6d9a, 0x6d7a, 0x8557, 0xd7bf, 0xffbe, 0xf79d, 0xf79d, 0xffff, 0xdfff, 0x8557, 0x6d7a, 0x6d9a, 
	0x6559, 0x4c96, 0x54b7, 0x54b7, 0x54b7, 0x4cb7, 0x54d7, 0x54b7, 0x54d8, 0x54b8, 0x4455, 0x2351, 0x2b92, 0x2371, 0x2371, 0x1b30, 
	0x9d76, 0xf7ff, 0xffff, 0xffff, 0xffff, 0xffff, 0x6cf7, 0x120c, 0x1ab0, 0x1ad0, 0x22f0, 0x1acf, 0x1ad0, 0x1ad0, 0x22f0, 0x1ad0, 
	0x22f0, 0x1ad0, 0x22f0, 0x1ad0, 0x22f0, 0x1aaf, 0x1aaf, 0x22f0, 0x22f0, 0x1ad0, 0x1ad0, 0x1ad0, 0x1a6e, 0x3351, 0xffff, 0xffff, 
	0xe73c, 0xef5d, 0xffff, 0xffff, 0xffff, 0xffff, 0xffff, 0xcebb, 0x0a4e, 0x1ab0, 0x0a4e, 0x4414, 0x96fe, 0x7e5c, 0x757a, 0x75ba, 
	0x8517, 0x8537, 0x4bf3, 0x22cf, 0x2b11, 0x22f0, 0x2b11, 0x22f0, 0x2b11, 0x22f0, 0x2b11, 0x22d0, 0x22f0, 0x22f0, 0x2b11, 0x22f0, 
	0x22f0, 0x22f0, 0x2b11, 0x22f0, 0x2b11, 0x22f0, 0x22f0, 0x3351, 0x9577, 0xa5f9, 0xefbf, 0xd6fc, 0x2b10, 0x2b10, 0x22f0, 0x3b92, 
	0x9557, 0xadfa, 0xf7be, 0xf7be, 0xf7df, 0xe77d, 0xaebd, 0x9e3b, 0x6539, 0x6518, 0x54b7, 0x5cd8, 0x54b7, 0x54d7, 0x54d7, 0x54f8, 
	0x5c75, 0xa67d, 0xf7be, 0xffdf, 0xffff, 0xffbe, 0xe7df, 0xc6fc, 0x8edd, 0x96de, 0x96de, 0x6d99, 0x6517, 0x8e7d, 0x96de, 0x865c, 
	0x861c, 0x7dda, 0x75ba, 0x75ba, 0x8599, 0xaebd, 0xcedb, 0xefdf, 0xffdf, 0xffdf, 0xffde, 0xf7be, 0xdf9f, 0xae19, 0x8e1c, 0x5cb6, 
	0x54d7, 0x4455, 0x6495, 0x85b9, 0x95b8, 0x8d98, 0xbe39, 0xefdf, 0xf79e, 0xf79e, 0xf7be, 0xffdf, 0xffdf, 0xffdf, 0xf7be, 0xf7be, 
	0xae3a, 0x7cb4, 0x7cf6, 0x7cd6, 0x8517, 0x8537, 0x4bf3, 0x22cf, 0x2b11, 0x22f0, 0x2b10, 0x22f0, 0x2b11, 0x22f0, 0x2310, 0x22f0, 
	0x2b11, 0x2af0, 0x2b11, 0x22f0, 0x22f0, 0x2b10, 0x2b11, 0x22d0, 0x22f0, 0x3351, 0x9598, 0xa61a, 0xef9d, 0xf79e, 0xf7df, 0xe75d, 
	0x9dd9, 0x9dd9, 0x9dd9, 0x9598, 0x7cd5, 0x84f6, 0x8516, 0x9dd9, 0xbf5f, 0xa69c, 0x759a, 0x75ba, 0x75ba, 0x759a, 0x6539, 0x5cf8, 
	0x54b7, 0x5cd8, 0x54d7, 0x54d8, 0x5c75, 0x9e7c, 0xef5d, 0xf7be, 0xffff, 0xffdf, 0xefff, 0xc6fc, 0x8ebd, 0x96de, 0x96de, 0x8e5c, 
	0x863c, 0x863c, 0x861c, 0x7dda, 0x75ba, 0x75ba, 0x8599, 0xa6bd, 0xcedb, 0xe7bf, 0xf79e, 0xffff, 0xefff, 0xc69b, 0xb6bd, 0xb6bd, 
	0x967d, 0x5cb6, 0x54d8, 0x54d8, 0x54d7, 0x54d7, 0x54b7, 0x4c55, 0x4c56, 0x4435, 0x6cb5, 0x7d78, 0x8d57, 0x8557, 0x8d77, 0x8d78, 
	0xce9a, 0xf7ff, 0xf7be, 0xffde, 0xbe9b, 0x9d97, 0x5435, 0x22cf, 0x2b11, 0x22f0, 0x2b31, 0x22f0, 0x2b11, 0x22f0, 0x2b11, 0x2af0, 
	0x2b10, 0x22f0, 0x2b11, 0x2310, 0x2b11, 0x22f0, 0x22f0, 0x2b11, 0x2b11, 0x2310, 0x22f0, 0x2b11, 0x22f0, 0x3351, 0x9d98, 0xa61a, 
	0xef9d, 0xf79e, 0xf7df, 0xe75d, 0x9db9, 0xa5d9, 0x9dd9, 0x9598, 0x7cb5, 0x7cf6, 0x8516, 0x9dd9, 0xbf5f, 0xa67c, 0x759a, 0x75ba, 
	0xffff, 0xffff, 0x6cf7, 0x122c, 0x12b0, 0x128f, 0x1ad0, 0x1ad0, 0x22f0, 0x1ad0, 0x22f0, 0x1ab0, 0x1ab0, 0x1ad0, 0x22f0, 0x1acf, 
	0x1ad0, 0x1ad0, 0x1ad0, 0x1ad0, 0x1ad0, 0x1ad0, 0x1ad0, 0x1ad0, 0x0a2d, 0x2311, 0xffff, 0xe77e, 0x22d0, 0x22cf, 0x1ad0, 0x1ad0, 
	0x124d, 0x43f3, 0xf79d, 0xf79e, 0xffff, 0xffff, 0xffff, 0xcedb, 0x4476, 0x54b7, 0x4cb7, 0x54d7, 0x4cb7, 0x54b7, 0x4cb7, 0x54d8, 
	0x5c54, 0xaede, 0xffff, 0xffff, 0xffff, 0xf7be, 0xdfdf, 0xbedc, 0x8ebd, 0x96fe, 0x9eff, 0x33b2, 0x0a6e, 0x7e1c, 0x9f1e, 0x96de, 
	0x96de, 0x75da, 0x757a, 0x759a, 0x6d9a, 0x6d7a, 0x8d77, 0xd7df, 0xffbe, 0xffbe, 0xf7be, 0xef5c, 0xf77d, 0xffff, 0xcfdf, 0x6454, 
	0x3c56, 0x1b31, 0x7452, 0xf7ff, 0xffff, 0xffff, 0xffff, 0xffff, 0xffff, 0xffff, 0xffdf, 0xef9d, 0xef9e, 0xef9d, 0xffdf, 0xffff, 
	0xf7be, 0xef7d, 0xef7d, 0xef5d, 0xffff, 0xffff, 0x64b7, 0x122c, 0x12b0, 0x0a8f, 0x1ad0, 0x1ad0, 0x22f0, 0x1acf, 0x1ad0, 0x1ad0, 
	0x22f0, 0x1ad0, 0x1ad0, 0x1acf, 0x1ad0, 0x1ad0, 0x1af0, 0x1aaf, 0x1ad0, 0x1af0, 0x126e, 0x3351, 0xffff, 0xffff, 0xe77e, 0xc659, 
	0x128f, 0x128f, 0x124d, 0x43f3, 0xffde, 0xffdf, 0xffff, 0xffff, 0xefdf, 0xcedb, 0x6559, 0x6d9a, 0x759b, 0x6539, 0x4c97, 0x4c97, 
	0x4cb7, 0x54d7, 0x4cb7, 0x4cb8, 0x5c54, 0x9e5c, 0xef5c, 0xf7be, 0xffff, 0xf7be, 0xdfdf, 0xbedc, 0x8ebd, 0x8ede, 0x8ebd, 0x96fe, 
	0x971e, 0x96fe, 0x96de, 0x75da, 0x757a, 0x759a, 0x6d9a, 0x657a, 0x8d77, 0xd7bf, 0xffbe, 0xffff, 0xffff, 0xffff, 0xffff, 0xffff, 
	0xcfbf, 0x5c33, 0x4c97, 0x4cb7, 0x54b7, 0x54b8, 0x4c76, 0x2351, 0x2372, 0x1b10, 0x7cb3, 0xe7df, 0xef7c, 0xef5c, 0xffde, 0xffff, 
	0xffff, 0xffff, 0xf79e, 0xef7d, 0x6496, 0x09eb, 0x12b0, 0x0a8f, 0x128f, 0x126f, 0x1ad0, 0x1acf, 0x1ad0, 0x1acf, 0x22f0, 0x1ad0, 
	0x22f0, 0x1ad0, 0x22f0, 0x1ad0, 0x1af0, 0x1aaf, 0x1ab0, 0x1ad0, 0x22f0, 0x1ad0, 0x1ad0, 0x1ad0, 0x1ad0, 0x1ad0, 0x126e, 0x3352, 
	0xffff, 0xffff, 0xe77e, 0xbe39, 0x0a6e, 0x128f, 0x122d, 0x5414, 0xffde, 0xffff, 0xffff, 0xffff, 0xefdf, 0xc6bb, 0x6559, 0x6d9a, 
	0xf79e, 0xf79e, 0xae1a, 0x7cd5, 0x8516, 0x8516, 0x3b92, 0x1aae, 0x22f0, 0x1acf, 0x22f0, 0x1aaf, 0x1ab0, 0x1ad0, 0x22f0, 0x1acf, 
	0x1ad0, 0x1ad0, 0x1ad0, 0x1ad0, 0x22f0, 0x22f0, 0x22d0, 0x2b31, 0x8d37, 0x9db9, 0xefdf, 0xd6fc, 0x22f0, 0x22f0, 0x22d0, 0x22f0, 
	0x22cf, 0x3b92, 0x8d16, 0xadfa, 0xffff, 0xffff, 0xf7ff, 0xcedb, 0x4c96, 0x54d7, 0x54b7, 0x54d8, 0x54b7, 0x54b7, 0x54b7, 0x54d8, 
	0x5c74, 0xa69d, 0xf7be, 0xffdf, 0xffff, 0xffdf, 0xefff, 0xdf5d, 0xbf5f, 0x8598, 0x5cd7, 0x2b51, 0x1acf, 0x5496, 0x5cf7, 0x8e7c, 
	0x96de, 0x865c, 0x861c, 0x75ba, 0x759a, 0x759a, 0x8599, 0x9e5c, 0xa63a, 0xa63a, 0xa63b, 0x9e1a, 0xbe39, 0xefbf, 0xdf7f, 0xa5d8, 
	0x95d9, 0x8557, 0xb5f8, 0xf7ff, 0xffff, 0xffff, 0xffff, 0xffff, 0xffff, 0xffff, 0xffff, 0xf7be, 0xffdf, 0xf7be, 0xffdf, 0xffff, 
	0xffdf, 0xf79e, 0xf79e, 0xf79e, 0xf7be, 0xf7be, 0xa61a, 0x84d5, 0x8517, 0x8516, 0x3b92, 0x22cf, 0x2310, 0x22d0, 0x22f0, 0x22f0, 
	0x22f0, 0x22f0, 0x22f0, 0x22d0, 0x22f0, 0x22f0, 0x2310, 0x22d0, 0x1ad0, 0x22f0, 0x22d0, 0x3351, 0x9557, 0xa5d9, 0xefdf, 0xcedb, 
	0x22d0, 0x22f0, 0x22cf, 0x3b92, 0x8d16, 0xa5f9, 0xf7be, 0xf7be, 0xf7df, 0xe75d, 0xaedd, 0x9e1b, 0x6518, 0x6518, 0x54b7, 0x54b7, 
	0x54b7, 0x54d8, 0x54b7, 0x54b8, 0x5c74, 0xa69d, 0xf7be, 0xffdf, 0xffff, 0xf7be, 0xdfdf, 0xbedc, 0x8ebd, 0x8ede, 0x96de, 0x6d78, 
	0x5cf7, 0x8e7d, 0x96de, 0x865c, 0x861c, 0x75ba, 0x759a, 0x759a, 0x8599, 0xa6bd, 0xc6bb, 0xefdf, 0xffdf, 0xffde, 0xffde, 0xf7be, 
	0xdf7f, 0xb63a, 0x8e1c, 0x5c96, 0x4cb7, 0x3c35, 0x6495, 0x8dda, 0x95d9, 0x95b8, 0xbe59, 0xefdf, 0xf79e, 0xf79e, 0xf7be, 0xffdf, 
	0xf7df, 0xffdf, 0xf7be, 0xf7be, 0xae3a, 0x7cb4, 0x8516, 0x7cf6, 0x8537, 0x8d57, 0x43d3, 0x22af, 0x22f0, 0x22d0, 0x22f0, 0x22d0, 
	0x22f0, 0x22d0, 0x22f0, 0x22d0, 0x22f0, 0x1ad0, 0x1ad0, 0x22f0, 0x22f0, 0x22d0, 0x22d0, 0x22f0, 0x22f0, 0x2b11, 0x22f0, 0x3371, 
	0x9577, 0xadfa, 0xefdf, 0xce9a, 0x22d0, 0x2b10, 0x22cf, 0x43b3, 0x8d36, 0xae1a, 0xf7be, 0xf7be, 0xf7ff, 0xe75d, 0xaedd, 0x9e3a, 
	0xef9e, 0xe71c, 0xef5c, 0xef7d, 0xef7d, 0xf7be, 0x5434, 0x122c, 0x12b0, 0x128f, 0x1ad0, 0x1ab0, 0x1ab0, 0x1ad0, 0x22f0, 0x1acf, 
	0x1ad0, 0x1ad0, 0x1ad0, 0x1ad0, 0x128f, 0x128f, 0x124e, 0x2b11, 0xffff, 0xffff, 0xef9e, 0xd6bb, 0x22d0, 0x22d0, 0x1ad0, 0x22f0, 
	0x1ad0, 0x1ad0, 0x124d, 0x5455, 0xffff, 0xffff, 0xf7ff, 0xc6bb, 0x4456, 0x4c97, 0x4477, 0x4c97, 0x4477, 0x4c97, 0x4497, 0x4cb8, 
	0x5c54, 0x9e5c, 0xf77d, 0xffbe, 0xffff, 0xffff, 0xffff, 0xffde, 0xefff, 0x6bf1, 0x0a4e, 0x12b0, 0x1ad0, 0x1ad0, 0x12ae, 0x861c, 
	0x9f1e, 0x96fe, 0x96be, 0x75da, 0x759a, 0x759a, 0x6d9a, 0x4c96, 0x4477, 0x4477, 0x4497, 0x4477, 0x7cd4, 0xd79f, 0xef5c, 0xef5c, 
	0xef5d, 0xef5d, 0xf79d, 0xffff, 0xffff, 0xffff, 0xffff, 0xffff, 0xffff, 0xffff, 0xffff, 0xffff, 0xffff, 0xffff, 0xffff, 0xffff, 
	0xffff, 0xffff, 0xffff, 0xffff, 0xef9d, 0xe71c, 0xef5d, 0xef7d, 0xef7d, 0xf7be, 0x4c14, 0x122d, 0x12b0, 0x128f, 0x1acf, 0x1ad0, 
	0x22f0, 0x1ad0, 0x1ad0, 0x1acf, 0x1ad0, 0x1ad0, 0x22f0, 0x1ab0, 0x1aaf, 0x22f0, 0x1ad0, 0x1ad0, 0x0a0d, 0x2b11, 0xffff, 0xdf3d, 
	0x1acf, 0x1ad0, 0x1ad0, 0x1af0, 0x124d, 0x4c14, 0xf79e, 0xf7be, 0xffff, 0xffff, 0xffff, 0xc69b, 0x4476, 0x54b8, 0x4c97, 0x4c97, 
	0x4cb7, 0x54d7, 0x4cb7, 0x4cb8, 0x5c54, 0xaede, 0xffff, 0xffff, 0xffff, 0xf7be, 0xdfdf, 0xbedc, 0x8ebd, 0x96fe, 0x9eff, 0x33b2, 
	0x126e, 0x861c, 0x9f1e, 0x96fe, 0x96be, 0x75da, 0x6d7a, 0x759a, 0x759b, 0x6d7a, 0x8d77, 0xdfdf, 0xffbe, 0xffbe, 0xf7be, 0xef5c, 
	0xf77d, 0xffff, 0xcf9f, 0x5c54, 0x3c56, 0x1b31, 0x7c93, 0xf7ff, 0xffff, 0xffff, 0xffff, 0xffff, 0xffff, 0xffff, 0xffdf, 0xef9d, 
	0xef9e, 0xef9d, 0xffdf, 0xffff, 0xf7be, 0xef7d, 0xef7d, 0xef5d, 0xffff, 0xffff, 0x5c76, 0x122d, 0x12b0, 0x0a8f, 0x1ad0, 0x1ad0, 
	0x22f0, 0x1ad0, 0x22f0, 0x1ad0, 0x22f0, 0x1ab0, 0x1ab0, 0x22f0, 0x22f0, 0x1ad0, 0x1ad0, 0x1ad0, 0x1ad0, 0x22f0, 0x1ad0, 0x1ab0, 
	0x0a0c, 0x3352, 0xffff, 0xd6fc, 0x1aaf, 0x22d0, 0x1ad0, 0x1ad0, 0x122d, 0x5435, 0xf79e, 0xf7be, 0xffff, 0xffff, 0xffff, 0xc69b, 
	0xffdf, 0xf7be, 0xf7be, 0xf7be, 0xef7d, 0xe75d, 0xae3a, 0x9d97, 0x9577, 0x8d57, 0x43b2, 0x22cf, 0x22f0, 0x2b11, 0x2b31, 0x2310, 
	0x2b10, 0x2b10, 0x2b10, 0x3331, 0x8d78, 0x9598, 0x9d78, 0xa5b9, 0xef9e, 0xe75d, 0x8517, 0x74b5, 0x2b10, 0x2b10, 0x22f0, 0x2b10, 
	0x22f0, 0x2b11, 0x22cf, 0x3bb3, 0x8d36, 0xae3a, 0xf7df, 0xdf3d, 0xae5b, 0xae7b, 0xae7b, 0xae5b, 0xa61a, 0xa61a, 0x9e3b, 0x8578, 
	0x5496, 0x759a, 0xa5d9, 0xcf3e, 0xffff, 0xffff, 0xffde, 0xf79d, 0xdfbf, 0x6c32, 0x1ad0, 0x22f0, 0x2310, 0x2b11, 0x22f0, 0x5476, 
	0x5cf6, 0x8e7d, 0x96de, 0x7dda, 0x759a, 0x75ba, 0x759a, 0x6d59, 0x6539, 0x54b7, 0x54d7, 0x54b7, 0x6cf7, 0x8dfb, 0xb619, 0xdf5e, 
	0xef5d, 0xf7be, 0xf7be, 0xffff, 0xffff, 0xffff, 0xffff, 0xffff, 0xffff, 0xf7be, 0xffdf, 0xffdf, 0xd77f, 0xbe9b, 0xbedd, 0xb6bd, 
	0xdf5d, 0xf7ff, 0xffff, 0xffff, 0xf7df, 0xf7be, 0xf7be, 0xf7be, 0xef7d, 0xe75d, 0xae1a, 0x9d77, 0x8d77, 0x8d37, 0x3b92, 0x22ef, 
	0x2b11, 0x22f0, 0x2b10, 0x22f0, 0x22f0, 0x2b10, 0x2b11, 0x22f0, 0x22f0, 0x2311, 0x2af0, 0x3351, 0x9577, 0xa5f9, 0xefdf, 0xd6db, 
	0x2af0, 0x2af0, 0x22f0, 0x2b11, 0x22ef, 0x3bb2, 0x84f5, 0xa61a, 0xffff, 0xffff, 0xf7ff, 0xc6bb, 0x4c96, 0x5cf8, 0x54b7, 0x54b7, 
	0x54b7, 0x5cd8, 0x54d7, 0x54d8, 0x5c75, 0xa69d, 0xf7be, 0xffdf, 0xffff, 0xffdf, 0xf7ff, 0xdf5d, 0xbf5f, 0x7d57, 0x5cb7, 0x3392, 
	0x22f0, 0x5476, 0x5cf7, 0x8e7d, 0x96de, 0x867c, 0x863c, 0x75ba, 0x75ba, 0x75ba, 0x8599, 0x963b, 0xa63a, 0xa63a, 0x9e3b, 0x95fa, 
	0xb639, 0xefbf, 0xdf5e, 0xadf8, 0x9dfa, 0x8d78, 0xbe39, 0xffff, 0xffff, 0xffff, 0xffff, 0xffff, 0xffff, 0xffff, 0xffff, 0xffdf, 
	0xf7df, 0xf7df, 0xffff, 0xffff, 0xffdf, 0xf79e, 0xf7be, 0xf7be, 0xf79e, 0xf79e, 0xae19, 0x8d15, 0x8d57, 0x8d57, 0x43b2, 0x2acf, 
	0x2b11, 0x22f0, 0x2b10, 0x22f0, 0x2b11, 0x22f0, 0x22f0, 0x2b11, 0x2b10, 0x22f0, 0x22f0, 0x22f0, 0x22f0, 0x2b11, 0x22f0, 0x3351, 
	0x9557, 0xa5f9, 0xefdf, 0xce9a, 0x22d0, 0x2b10, 0x22f0, 0x2b11, 0x22cf, 0x43b3, 0x84f5, 0xae1a, 0xffff, 0xffff, 0xf7ff, 0xc69b, 
	0xffff, 0xffff, 0xffff, 0xffff, 0xef9d, 0xe71c, 0xffff, 0xffff, 0xffdf, 0xffde, 0x5434, 0x1a6e, 0x1ab0, 0x1ad0, 0x22f0, 0x1acf, 
	0x1ad0, 0x1ad0, 0x128f, 0x22f0, 0xffff, 0xffff, 0xffff, 0xffff, 0xefbe, 0xd6db, 0x1aaf, 0x1aaf, 0x1ad0, 0x22f0, 0x1ad0, 0x22f0, 
	0x1ad0, 0x22f0, 0x1ad0, 0x12b0, 0x122c, 0x5455, 0xf79d, 0xffde, 0xffff, 0xffff, 0xffff, 0xffff, 0xf79d, 0xf77d, 0xe7bf, 0xa5d8, 
	0x3c57, 0x4477, 0x4bf3, 0xaedf, 0xffff, 0xffff, 0xffde, 0xf79d, 0xe7df, 0x6c11, 0x128f, 0x1ab0, 0x1ad0, 0x22f0, 0x1acf, 0x1aaf, 
	0x12af, 0x861c, 0x96de, 0x75da, 0x759a, 0x759a, 0x759a, 0x75ba, 0x6d9a, 0x54b7, 0x54b7, 0x54b7, 0x4cb8, 0x4477, 0x7cd5, 0xcf7f, 
	0xef5d, 0xffff, 0xffff, 0xffff, 0xffff, 0xffff, 0xffff, 0xffff, 0xffdf, 0xef9d, 0xf79d, 0xffde, 0xaede, 0x7537, 0x6d9a, 0x6559, 
	0xbe9a, 0xefff, 0xffff, 0xffff, 0xffff, 0xffff, 0xffff, 0xffff, 0xef7d, 0xe73c, 0xffff, 0xffff, 0xffdf, 0xffbe, 0x43f3, 0x1a8e, 
	0x22f0, 0x1ad0, 0x1ad0, 0x1acf, 0x1ad0, 0x1ad0, 0x12b0, 0x126f, 0x0a6f, 0x12b0, 0x126e, 0x3351, 0xffff, 0xffff, 0xefbe, 0xce9a, 
	0x1acf, 0x1ad0, 0x1acf, 0x22f0, 0x1ad0, 0x1ad0, 0x122c, 0x5c76, 0xffff, 0xffff, 0xf7ff, 0xc69b, 0x4456, 0x4c97, 0x4477, 0x4497, 
	0x4477, 0x4cb7, 0x4497, 0x4cb8, 0x5c54, 0x9e7c, 0xf77d, 0xffbe, 0xffff, 0xffff, 0xffff, 0xffde, 0xe7ff, 0x5bb0, 0x0a6f, 0x1ad0, 
	0x1ad0, 0x1aaf, 0x12ae, 0x863c, 0x9f1e, 0x96fe, 0x96be, 0x75da, 0x759a, 0x759a, 0x6d7a, 0x4c96, 0x4477, 0x4c97, 0x4497, 0x4477, 
	0x7cd5, 0xd79f, 0xef5c, 0xef5c, 0xef5d, 0xef5d, 0xf79e, 0xffff, 0xffff, 0xffff, 0xffff, 0xffff, 0xffff, 0xffff, 0xffff, 0xffff, 
	0xffff, 0xffff, 0xffff, 0xffff, 0xffff, 0xffff, 0xffff, 0xffff, 0xef7d, 0xe71c, 0xef5d, 0xef7d, 0xef7d, 0xf7be, 0x4bf3, 0x124d, 
	0x12af, 0x128f, 0x1ad0, 0x1ad0, 0x22f0, 0x1aaf, 0x1aaf, 0x1af0, 0x22f0, 0x1ad0, 0x1ad0, 0x1ad0, 0x128f, 0x128f, 0x126e, 0x3352, 
	0xffff, 0xffff, 0xefbf, 0xc67a, 0x1aaf, 0x22d0, 0x1acf, 0x22f0, 0x1ad0, 0x1ad0, 0x122c, 0x64b6, 0xffff, 0xffff, 0xf7ff, 0xbe7a, 
	0xdf3d, 0xf7ff, 0xffff, 0xffff, 0xffdf, 0xf7be, 0xf79e, 0xf7be, 0x95b8, 0x74b4, 0x3b72, 0x22af, 0x1ad0, 0x22f0, 0x2310, 0x22d0, 
	0x22d0, 0x22f0, 0x8536, 0x9578, 0x8517, 0x8516, 0x8517, 0x8517, 0x74d6, 0x6c74, 0x22f0, 0x22f0, 0x22f0, 0x22f0, 0x22d0, 0x22f0, 
	0x22d0, 0x22f0, 0x22f0, 0x1ad0, 0x22af, 0x3bb3, 0x74d5, 0x7cf6, 0x8516, 0x8537, 0x7d16, 0x7d16, 0x7473, 0xae3a, 0xf7df, 0xdf1c, 
	0xb69b, 0xb69c, 0xb69c, 0x9db9, 0x7cf6, 0x7d16, 0x7cf6, 0x7cf6, 0x6cd6, 0x4371, 0x1acf, 0x1ad0, 0x22f0, 0x2b11, 0x22d0, 0x22d0, 
	0x230f, 0x863c, 0x96de, 0x75da, 0x759a, 0x759a, 0x759a, 0x75ba, 0x6d7a, 0x54b7, 0x54b7, 0x54b7, 0x54b8, 0x4c97, 0x8516, 0xdfff, 
	0xffbe, 0xffff, 0xffff, 0xffff, 0xffff, 0xffff, 0xffff, 0xf7be, 0xf7be, 0xf7be, 0xcf3e, 0xb65a, 0x8e3c, 0x7579, 0x75ba, 0x759a, 
	0x961a, 0xa69c, 0xae9c, 0xae9c, 0xdf5d, 0xf7ff, 0xffff, 0xffff, 0xffdf, 0xf7be, 0xf79e, 0xf7be, 0x9598, 0x74b4, 0x3351, 0x22d0, 
	0x2310, 0x22f0, 0x22f0, 0x22d0, 0x22f0, 0x2b10, 0x8d37, 0x9578, 0xa5b9, 0xa5d9, 0xa5d8, 0xae19, 0xef9e, 0xe73d, 0x74f6, 0x6c74, 
	0x22d0, 0x22f0, 0x22d0, 0x2310, 0x22f0, 0x22f0, 0x22cf, 0x43d3, 0x84f5, 0xa61a, 0xefdf, 0xdf3c, 0xb69c, 0xb69c, 0xb69c, 0xae7b, 
	0xa61a, 0xae3a, 0xa65b, 0x8557, 0x5496, 0x757a, 0x9db8, 0xcf5e, 0xffff, 0xffdf, 0xffbe, 0xf77d, 0xdfbf, 0x63f1, 0x1acf, 0x2311, 
	0x22d0, 0x22f0, 0x22f0, 0x4c55, 0x54b6, 0x8e9d, 0x96be, 0x75da, 0x759a, 0x75ba, 0x759a, 0x6d39, 0x6539, 0x54b7, 0x54d7, 0x54b7, 
	0x64d7, 0x85db, 0xae18, 0xdf5e, 0xef5d, 0xf7be, 0xf7be, 0xffff, 0xffff, 0xffff, 0xffff, 0xffff, 0xffff, 0xf7be, 0xf7be, 0xffdf, 
	0xcf5e, 0xb67b, 0xaebd, 0xae9c, 0xdf3d, 0xf7ff, 0xffff, 0xffff, 0xffdf, 0xf7be, 0xf7be, 0xf7be, 0xef5d, 0xe75c, 0xb63a, 0xa5b8, 
	0x9598, 0x9577, 0x3b72, 0x22cf, 0x22f0, 0x22d0, 0x22d0, 0x22f0, 0x22f0, 0x22f0, 0x22cf, 0x3331, 0x9598, 0x9dd9, 0x9db8, 0xa5f9, 
	0xefbe, 0xdf1c, 0x74d6, 0x6454, 0x1aaf, 0x22f0, 0x1acf, 0x22f0, 0x1ab0, 0x22f0, 0x1a8f, 0x43b3, 0x84f5, 0xae1a, 0xefbf, 0xdf1c, 
	0xc69b, 0xefdf, 0xffff, 0xffff, 0xffff, 0xffff, 0xef9e, 0xef5d, 0x43f3, 0x0a0c, 0x1ad0, 0x1ab0, 0x1aaf, 0x1ad0, 0x22f0, 0x1acf, 
	0x128f, 0x1aaf, 0xd6fc, 0xdf5d, 0x22f0, 0x126e, 0x128f, 0x128f, 0x128f, 0x12af, 0x1acf, 0x22f0, 0x1ad0, 0x22d0, 0x1aaf, 0x22d0, 
	0x1ad0, 0x1ad0, 0x0a8f, 0x0a6f, 0x0a6f, 0x12b0, 0x024e, 0x0a6f, 0x022e, 0x0a6f, 0x024e, 0x0a8f, 0x09cb, 0x7559, 0xffff, 0xffff, 
	0xffff, 0xffff, 0xffff, 0x84b3, 0x01ed, 0x12b0, 0x128f, 0x1aaf, 0x128f, 0x1ad0, 0x1ab0, 0x1ab0, 0x1ad0, 0x22f0, 0x1acf, 0x1ad0, 
	0x1aef, 0x861c, 0x96de, 0x75da, 0x759a, 0x759a, 0x759a, 0x759a, 0x6d7a, 0x54b7, 0x54b7, 0x54b7, 0x4cb8, 0x4c97, 0x8516, 0xefff, 
	0xffff, 0xffff, 0xffff, 0xffff, 0xffff, 0xffff, 0xffdf, 0xf79e, 0xf79e, 0xf7be, 0xaefe, 0x7517, 0x6d7a, 0x6d9a, 0x759a, 0x757a, 
	0x6d9a, 0x6d7a, 0x6d9a, 0x6559, 0xcebb, 0xefdf, 0xffff, 0xffff, 0xffff, 0xffff, 0xef7d, 0xe75d, 0x3bb3, 0x0a0c, 0x1ab0, 0x1ad0, 
	0x22f0, 0x1ad0, 0x1ad0, 0x1ad0, 0x128e, 0x22d0, 0xdefb, 0xefbe, 0xffff, 0xffff, 0xffff, 0xffff, 0xefbe, 0xd6bb, 0x1aaf, 0x1aaf, 
	0x1ad0, 0x1ad0, 0x1acf, 0x22f0, 0x1ad0, 0x1ad0, 0x1ab0, 0x1af0, 0x122c, 0x5c75, 0xf79d, 0xffde, 0xffff, 0xffff, 0xffff, 0xffff, 
	0xf79d, 0xf77c, 0xe7bf, 0xa5b7, 0x3c57, 0x4497, 0x4bf3, 0xaf1f, 0xffff, 0xffff, 0xffde, 0xf79d, 0xdfbf, 0x63d0, 0x128f, 0x1af0, 
	0x1ad0, 0x1ad0, 0x1ad0, 0x1aaf, 0x1acf, 0x863c, 0x96de, 0x75ba, 0x759a, 0x759a, 0x759a, 0x759a, 0x6d7a, 0x54b7, 0x54b7, 0x54b7, 
	0x4cb8, 0x4477, 0x7cf5, 0xcf7f, 0xef7d, 0xffff, 0xffff, 0xffff, 0xffff, 0xffff, 0xffff, 0xffff, 0xffdf, 0xef9e, 0xf79d, 0xffde, 
	0xaede, 0x7537, 0x6d7a, 0x6559, 0xc69b, 0xefff, 0xffff, 0xffff, 0xffff, 0xffff, 0xffff, 0xffff, 0xef7d, 0xe73c, 0xffff, 0xffff, 
	0xffde, 0xf7be, 0x43d3, 0x228e, 0x1af0, 0x1aaf, 0x1aaf, 0x1ad0, 0x1af0, 0x1ad0, 0x126e, 0x2b31, 0xffff, 0xffff, 0xffff, 0xffff, 
	0xefbe, 0xce9a, 0x128f, 0x1aaf, 0x1acf, 0x22f0, 0x1ad0, 0x22f0, 0x1acf, 0x22f0, 0x1ad0, 0x1ad0, 0x122c, 0x5c96, 0xf79e, 0xffde, 
	0x961b, 0xa67c, 0x9e3b, 0x95fa, 0x9e1a, 0x95fa, 0xd6fc, 0xefbf, 0xb639, 0x9d77, 0x43b3, 0x22af, 0x22f0, 0x22f0, 0x2b10, 0x22f0, 
	0x8d16, 0x9db8, 0xef9e, 0xe77e, 0x3371, 0x22ef, 0x22f0, 0x2b11, 0x22f0, 0x22f0, 0x22f0, 0x2b11, 0x22f0, 0x2b11, 0x22f0, 0x2b11, 
	0x22cf, 0x43d3, 0xa5f9, 0xa5f9, 0xa5f9, 0xadfa, 0xa5f9, 0xa5d9, 0x9d98, 0xa5d9, 0xa5f9, 0xae19, 0xa5f9, 0x9598, 0x74d6, 0x7d17, 
	0x7cf6, 0x7d16, 0x7cd5, 0x9598, 0x9dfa, 0x5c12, 0x1ad0, 0x2b11, 0x22f0, 0x2b11, 0x22f0, 0x22f0, 0x22f0, 0x2b11, 0x22f0, 0x22f0, 
	0x2310, 0x863c, 0x96de, 0x7dda, 0x759a, 0x759a, 0x75ba, 0x75ba, 0x759a, 0x6d59, 0x6539, 0x5cd7, 0x54d8, 0x54b7, 0x8d36, 0xefff, 
	0xffff, 0xffff, 0xffff, 0xffff, 0xffff, 0xffff, 0xffdf, 0xf79e, 0xf79e, 0xf7be, 0xbf5f, 0x961a, 0x867c, 0x865c, 0x8e5c, 0x8e5c, 
	0x7dfb, 0x759a, 0x7dba, 0x759a, 0x9e1b, 0xa69c, 0xa63b, 0x9e1a, 0x9e1b, 0x95fa, 0xdf1c, 0xef9e, 0xae19, 0x9577, 0x3b92, 0x22ef, 
	0x2b11, 0x22f0, 0x2b10, 0x2b10, 0x8d36, 0x9db8, 0xef9e, 0xef9e, 0x8537, 0x7cf6, 0x7d16, 0x7d16, 0x74d6, 0x6c75, 0x2b10, 0x2b10, 
	0x22f0, 0x22f0, 0x22f0, 0x2b10, 0x22f0, 0x22f0, 0x22f0, 0x2b11, 0x22cf, 0x43b3, 0x74b5, 0x74d6, 0x7cf6, 0x7d17, 0x7cf6, 0x74d6, 
	0x7473, 0xb65b, 0xf7df, 0xdf1c, 0xb69c, 0xbebc, 0xb6bc, 0x95b8, 0x74d6, 0x7cf6, 0x74d5, 0x74d5, 0x6cd6, 0x3b51, 0x22d0, 0x2b11, 
	0x22f0, 0x2b11, 0x22f0, 0x22f0, 0x2330, 0x8e5c, 0x96de, 0x75da, 0x7d9a, 0x7d9a, 0x759a, 0x75ba, 0x759a, 0x5cd7, 0x54d7, 0x54d7, 
	0x54d8, 0x4cb7, 0x8d36, 0xe7ff, 0xffde, 0xffff, 0xffff, 0xffff, 0xffff, 0xffff, 0xffff, 0xf7de, 0xf7be, 0xf7be, 0xcf3e, 0xae5a, 
	0x8e3c, 0x7d99, 0x75ba, 0x759a, 0x961a, 0xa67c, 0xae9c, 0xae7c, 0xdf5d, 0xf7df, 0xffff, 0xffff, 0xffdf, 0xf7be, 0xf79e, 0xf79e, 
	0x8d57, 0x7494, 0x3371, 0x22f0, 0x2311, 0x22f0, 0x22f0, 0x2311, 0x2af0, 0x2b31, 0x8d57, 0x9598, 0x8516, 0x8516, 0x8516, 0x7cf6, 
	0x74d6, 0x6c75, 0x2310, 0x2b10, 0x22f0, 0x2b31, 0x2310, 0x2b11, 0x22f0, 0x2b31, 0x22f0, 0x2b31, 0x22ef, 0x43b2, 0x74d5, 0x7cf6, 
	0x759a, 0x6d7a, 0x54d8, 0x4456, 0x4c97, 0x4456, 0xcebb, 0xf7ff, 0xf79d, 0xf79d, 0x4bf4, 0x124d, 0x12b0, 0x1ad0, 0x1aaf, 0x1aaf, 
	0xd6bb, 0xefbe, 0xffff, 0xffff, 0x3351, 0x1aaf, 0x1ad0, 0x22f0, 0x1ad0, 0x1ad0, 0x1ad0, 0x22f0, 0x1ad0, 0x22d0, 0x1ad0, 0x1ad0, 
	0x124d, 0x4c14, 0xffff, 0xffff, 0xffff, 0xffff, 0xffff, 0xffff, 0xffbe, 0xffff, 0xffff, 0xffff, 0xffff, 0x9d56, 0x01ed, 0x12b0, 
	0x0a8f, 0x12b0, 0x1a0b, 0x9e3c, 0xffff, 0x8493, 0x024e, 0x12b0, 0x128f, 0x1aaf, 0x126f, 0x12b0, 0x1ad0, 0x22f0, 0x1ad0, 0x1aaf, 
	0x12ae, 0x861c, 0x96de, 0x75da, 0x759a, 0x759a, 0x759a, 0x759a, 0x759a, 0x759a, 0x6d9a, 0x54b7, 0x4cb8, 0x4c97, 0x8516, 0xefff, 
	0xffff, 0xffff, 0xffff, 0xffff, 0xffff, 0xffff, 0xffff, 0xef9e, 0xf7be, 0xffdf, 0xc7bf, 0xa6bc, 0x971e, 0x96fe, 0x96fe, 0x96de, 
	0x861c, 0x6d79, 0x759a, 0x759a, 0x6d9a, 0x6d7a, 0x54f8, 0x4476, 0x4c97, 0x4456, 0xcedb, 0xf7ff, 0xf79d, 0xf77d, 0x3bb3, 0x126e, 
	0x1af0, 0x1ad0, 0x1a8f, 0x1aaf, 0xd6db, 0xefbe, 0xffff, 0xffdf, 0x22f0, 0x126e, 0x128f, 0x128f, 0x128f, 0x12af, 0x1ad0, 0x22f0, 
	0x1ad0, 0x1ad0, 0x1ad0, 0x22f0, 0x1ad0, 0x1ad0, 0x128f, 0x1ab0, 0x128f, 0x128f, 0x024e, 0x0a6f, 0x0a4e, 0x128f, 0x024e, 0x024f, 
	0x09eb, 0x859a, 0xffff, 0xffff, 0xffff, 0xffff, 0xffff, 0x7c73, 0x020d, 0x0a90, 0x128f, 0x1ab0, 0x128f, 0x1ad0, 0x1ad0, 0x22f0, 
	0x1ad0, 0x22f0, 0x1ad0, 0x22d0, 0x1aef, 0x863c, 0x96de, 0x75da, 0x759a, 0x759a, 0x759a, 0x759a, 0x6d7a, 0x54b7, 0x54b7, 0x54b7, 
	0x4cb8, 0x4c97, 0x8d36, 0xefff, 0xffff, 0xffff, 0xffff, 0xffff, 0xffff, 0xffff, 0xffdf, 0xef9e, 0xf79e, 0xf7be, 0xaede, 0x7537, 
	0x6d9a, 0x6d9a, 0x759a, 0x757a, 0x6d9a, 0x6d7a, 0x6d9a, 0x6559, 0xcedb, 0xefff, 0xffff, 0xffff, 0xffff, 0xffff, 0xef9d, 0xe75c, 
	0x3392, 0x0a2d, 0x1ad0, 0x1ad0, 0x22f0, 0x1ab0, 0x1ab0, 0x1af0, 0x1a8f, 0x22f0, 0xdf3d, 0xdf1c, 0x1aaf, 0x1a8f, 0x128f, 0x128f, 
	0x128f, 0x1ab0, 0x1ad0, 0x1ad0, 0x1acf, 0x22f0, 0x1ad0, 0x22f0, 0x1acf, 0x1ad0, 0x128f, 0x1aaf, 0x0a8f, 0x0a6e, 0x024e, 0x128f, 
	0x7dba, 0x75ba, 0x6d7a, 0x6d59, 0x6518, 0x54b7, 0x7d79, 0x85ba, 0xd6fc, 0xefbf, 0xb63a, 0xa5b8, 0x3b92, 0x2acf, 0x9557, 0xa5f9, 
	0xdf1c, 0xe75d, 0x7d17, 0x6c95, 0x2b31, 0x22f0, 0x22f0, 0x22f0, 0x22f0, 0x22f0, 0x22f0, 0x22f0, 0x22f0, 0x2310, 0x22cf, 0x43b3, 
	0xb63a, 0xc6bc, 0xffff, 0xffff, 0xffff, 0xffff, 0xffff, 0xffff, 0xf7ff, 0xd71c, 0x9598, 0xbefd, 0xffff, 0xe71c, 0xa63b, 0x7494, 
	0x1aaf, 0x2311, 0x22cf, 0x4c34, 0x7494, 0x9db9, 0xb61a, 0xb63a, 0xb63a, 0xb63a, 0xa65c, 0x4b91, 0x22d0, 0x2311, 0x22ef, 0x64f7, 
	0x6d99, 0x8e9d, 0x96be, 0x7dda, 0x759a, 0x759a, 0x75ba, 0x75ba, 0x759a, 0x759a, 0x759a, 0x54b7, 0x54d8, 0x4c97, 0x8d36, 0xefff, 
	0xffff, 0xffff, 0xffff, 0xffff, 0xffff, 0xf7be, 0xf7be, 0xf7be, 0xbe9c, 0x7453, 0x5cb6, 0x4c34, 0x4c55, 0x4414, 0x6d99, 0x96fe, 
	0x8e9d, 0x865c, 0x7dfb, 0x759a, 0x75ba, 0x759a, 0x6d7a, 0x6d59, 0x5cf8, 0x54b7, 0x7d79, 0x8dda, 0xd6fc, 0xef9e, 0xb619, 0xa5b8, 
	0x3b92, 0x2acf, 0x9556, 0xa5d9, 0xdf1c, 0xe73d, 0x7d17, 0x6c74, 0x22f0, 0x22f0, 0x22f0, 0x22f0, 0x22f0, 0x22f0, 0x22f0, 0x22f0, 
	0x22f0, 0x22f0, 0x22f0, 0x2311, 0x22af, 0x4bf3, 0xb63a, 0xb65a, 0xb63a, 0xb63a, 0xb63a, 0xae1a, 0xadf9, 0xae1a, 0xb63a, 0xb63a, 
	0xae3a, 0x9577, 0x6c95, 0x74d6, 0x6cb5, 0x74d6, 0x7474, 0x9dd9, 0xa63b, 0x5bf2, 0x1acf, 0x2311, 0x22d0, 0x22f0, 0x22f0, 0x2b11, 
	0x22f0, 0x22f0, 0x22f0, 0x22f0, 0x2330, 0x8e5c, 0x96de, 0x75da, 0x759a, 0x75ba, 0x759a, 0x759a, 0x759a, 0x6d59, 0x6d59, 0x54b7, 
	0x54b8, 0x4c97, 0x8d56, 0xefff, 0xffff, 0xffff, 0xffff, 0xffff, 0xffff, 0xffff, 0xffdf, 0xf79e, 0xf79e, 0xf7be, 0xb73f, 0x961a, 
	0x8e7d, 0x867c, 0x867c, 0x867c, 0x7dfb, 0x759a, 0x7dba, 0x759a, 0x961a, 0x9e7c, 0x961b, 0x95da, 0x95fa, 0x8dda, 0xd71c, 0xef9e, 
	0xb63a, 0xa5b8, 0x3b92, 0x22cf, 0x2311, 0x22d0, 0x22cf, 0x2b11, 0x9577, 0xa5f9, 0xf7bf, 0xe75d, 0x2b10, 0x22f0, 0x22f0, 0x22f0, 
	0x22d0, 0x22f0, 0x22d0, 0x22f0, 0x22d0, 0x22f0, 0x22d0, 0x22f0, 0x22ae, 0x4bf4, 0xb63a, 0xb63a, 0xae1a, 0xae1a, 0xae1a, 0xae19, 
	0x759a, 0x759a, 0x759a, 0x75ba, 0x5d19, 0x4c97, 0x4c97, 0x4456, 0xcedb, 0xf7ff, 0xf79d, 0xef7d, 0x3b92, 0x126d, 0xce9a, 0xef9e, 
	0xef7d, 0xe75c, 0x2b31, 0x126e, 0x1ad0, 0x1ad0, 0x1ad0, 0x22f0, 0x1ad0, 0x1ad0, 0x1ad0, 0x22f0, 0x1ad0, 0x1ad0, 0x124d, 0x43d3, 
	0xffff, 0xffff, 0xffff, 0xffff, 0xffff, 0xffff, 0xffff, 0xffff, 0xf7ff, 0xc69b, 0x43f3, 0x965c, 0xffff, 0xffff, 0xffff, 0x9d36, 
	0x0a2e, 0x1ad0, 0x1ad0, 0x1ad0, 0x1a0b, 0xae9d, 0xffff, 0xffff, 0xffff, 0xffff, 0xffff, 0x63d1, 0x0a6f, 0x1ad0, 0x12ae, 0x861c, 
	0x9f1e, 0x96de, 0x96be, 0x75da, 0x759a, 0x759a, 0x759a, 0x759a, 0x759a, 0x759a, 0x6d9a, 0x54b7, 0x4cb8, 0x4c97, 0x8516, 0xefff, 
	0xffff, 0xffff, 0xffff, 0xffff, 0xffff, 0xef9e, 0xf79e, 0xffdf, 0x95fb, 0x1a2c, 0x1ab0, 0x128f, 0x1aaf, 0x126e, 0x54d6, 0x9f1f, 
	0x96fe, 0x96de, 0x861c, 0x6d79, 0x759a, 0x759a, 0x759a, 0x759a, 0x5d19, 0x4c97, 0x4c97, 0x4476, 0xd6db, 0xf7ff, 0xef9d, 0xef7d, 
	0x3b92, 0x1a6e, 0xcebb, 0xef9e, 0xef7d, 0xe73c, 0x2b11, 0x126e, 0x1aaf, 0x1af0, 0x1ad0, 0x22f0, 0x1ad0, 0x1ad0, 0x1ad0, 0x22f0, 
	0x1ad0, 0x1ad0, 0x1ad0, 0x1af0, 0x124d, 0x5455, 0xffff, 0xffff, 0xffff, 0xffff, 0xffff, 0xffff, 0xf7be, 0xffff, 0xffff, 0xffff, 
	0xffff, 0x9536, 0x020d, 0x0a8f, 0x0a8f, 0x12b0, 0x1a0b, 0xae9d, 0xffff, 0x7c72, 0x0a4e, 0x12d0, 0x128f, 0x12af, 0x128f, 0x1ad0, 
	0x1ad0, 0x22f0, 0x1ad0, 0x1ab0, 0x1acf, 0x863c, 0x96de, 0x75da, 0x759a, 0x759a, 0x759a, 0x759a, 0x759a, 0x759a, 0x6d9a, 0x54b7, 
	0x4cb7, 0x4c97, 0x8d36, 0xefff, 0xffff, 0xffff, 0xffff, 0xffff, 0xffff, 0xffff, 0xffdf, 0xef9e, 0xf7be, 0xffdf, 0xbf9f, 0xa6bc, 
	0x971f, 0x96fe, 0x96fe, 0x96de, 0x861c, 0x6d79, 0x759a, 0x759a, 0x6d9a, 0x6d9a, 0x54f8, 0x4476, 0x4c97, 0x4476, 0xcedb, 0xf7ff, 
	0xef9d, 0xef7d, 0x3b92, 0x1a6e, 0x1af0, 0x1ab0, 0x128e, 0x22f0, 0xdefb, 0xefbe, 0xffff, 0xf7be, 0x2b10, 0x22cf, 0x1ad0, 0x1ad0, 
	0x1ad0, 0x22f0, 0x1ad0, 0x1ad0, 0x1acf, 0x22f0, 0x1ad0, 0x1ad0, 0x122d, 0x5c75, 0xffff, 0xffff, 0xffff, 0xffff, 0xffff, 0xffff, 
	0x7dfb, 0x7599, 0x759a, 0x759a, 0x6519, 0x54b7, 0x54d7, 0x54b7, 0x7d78, 0x8599, 0xd71c, 0xefbe, 0xb639, 0xadd8, 0xef7e, 0xf7df, 
	0x74d6, 0x5c13, 0x2b11, 0x22f0, 0x22f0, 0x22f0, 0x22f0, 0x2310, 0x2310, 0x22f0, 0x22f0, 0x2b11, 0x22cf, 0x43b2, 0xbe5a, 0xc6dc, 
	0xffff, 0xffdf, 0xef7d, 0xef7d, 0xef9e, 0xe75d, 0xb73e, 0xaefd, 0x9e7c, 0x8dfb, 0x6d39, 0x7d9a, 0x8d98, 0xbefd, 0xffff, 0xe71c, 
	0xae5b, 0x6c74, 0x1aaf, 0x2b11, 0x22cf, 0x5414, 0x6c95, 0x6cb5, 0x6c95, 0x6cb5, 0x6c74, 0xa5fa, 0xae7c, 0x8d98, 0x6d99, 0x8e9d, 
	0x96de, 0x863b, 0x7dfb, 0x75ba, 0x759a, 0x759a, 0x75ba, 0x75ba, 0x75ba, 0x75ba, 0x759a, 0x5cd7, 0x54d7, 0x54b7, 0x64f7, 0x85db, 
	0xb639, 0xf7ff, 0xffff, 0xffff, 0xffff, 0xf79e, 0xf79e, 0xffde, 0xa65c, 0x3b2f, 0x3bb3, 0x3373, 0x3352, 0x22d0, 0x3bb2, 0x4414, 
	0x7599, 0x9ede, 0x8e9d, 0x8e7c, 0x7dfb, 0x759a, 0x75ba, 0x75ba, 0x6519, 0x54b7, 0x54d7, 0x54b7, 0x7d79, 0x85b9, 0xdf1c, 0xef9e, 
	0xb639, 0xadd8, 0xef9e, 0xf7bf, 0x74d6, 0x6433, 0x2b31, 0x22d0, 0x22d0, 0x22f0, 0x22f0, 0x2b11, 0x22f0, 0x22f0, 0x22f0, 0x2b11, 
	0x22f0, 0x22f0, 0x22cf, 0x4bd3, 0xbe5a, 0xcefc, 0xffff, 0xffff, 0xffff, 0xffff, 0xffff, 0xffff, 0xf7ff, 0xd6fc, 0x8d78, 0xbefd, 
	0xffff, 0xe73c, 0xae5b, 0x6c74, 0x1aaf, 0x2b11, 0x22cf, 0x5434, 0x6c54, 0x9dd9, 0xb65a, 0xbe7b, 0xbe5a, 0xbe7a, 0xae9c, 0x53b1, 
	0x22d0, 0x2311, 0x2310, 0x6518, 0x75b9, 0x8ebd, 0x96be, 0x75da, 0x75ba, 0x75ba, 0x759a, 0x759a, 0x75ba, 0x75ba, 0x759a, 0x54d7, 
	0x54b8, 0x4c97, 0x8d36, 0xefff, 0xffff, 0xffff, 0xffff, 0xffff, 0xffff, 0xf7be, 0xf7be, 0xf7be, 0xb67b, 0x6c32, 0x5455, 0x4c14, 
	0x4c55, 0x4414, 0x7599, 0x9ede, 0x8e9d, 0x8e7c, 0x7dfb, 0x759a, 0x75ba, 0x759a, 0x757a, 0x6d59, 0x5cf8, 0x54b7, 0x7d79, 0x85b9, 
	0xdf1c, 0xef9e, 0xb63a, 0xa5d8, 0x3b72, 0x2aef, 0x9577, 0xae19, 0xe73d, 0xdf1c, 0x74d6, 0x6454, 0x2b10, 0x2b10, 0x22f0, 0x22f0, 
	0x22f0, 0x2b10, 0x22f0, 0x22f0, 0x22d0, 0x2b11, 0x22af, 0x4bf4, 0xb65a, 0xcefc, 0xffff, 0xffff, 0xffff, 0xffff, 0xffff, 0xffff, 
	0x863c, 0x6d9a, 0x759a, 0x759a, 0x5d18, 0x4c96, 0x54b7, 0x4cb7, 0x54b7, 0x4c76, 0xd6fc, 0xf7ff, 0xf79d, 0xf79d, 0xffff, 0xffff, 
	0x3372, 0x126e, 0x1ad0, 0x22f0, 0x22f0, 0x1ad0, 0x1ad0, 0x22f0, 0x1ad0, 0x1ad0, 0x1ad0, 0x1af0, 0x228e, 0x4bf3, 0xffff, 0xffff, 
	0xffff, 0xffdf, 0xe73c, 0xe73c, 0xdf7d, 0xd71c, 0x8ebd, 0x865c, 0x6d7a, 0x6d9a, 0x75bb, 0x6539, 0x4c14, 0x965d, 0xffff, 0xffff, 
	0xffff, 0x8cf5, 0x0a4e, 0x1af0, 0x1ad0, 0x1ad0, 0x128f, 0x1ab0, 0x128f, 0x12b0, 0x222b, 0xbf1e, 0xffff, 0xc6fc, 0x8efe, 0x8efe, 
	0x96be, 0x75da, 0x757a, 0x759a, 0x759a, 0x759a, 0x759a, 0x759a, 0x759a, 0x759a, 0x6d9a, 0x54b7, 0x54b7, 0x54b7, 0x4cb8, 0x4477, 
	0x8516, 0xefff, 0xffff, 0xffff, 0xffff, 0xf79e, 0xf79e, 0xffff, 0xa67d, 0x3b50, 0x3bd4, 0x33b4, 0x2b52, 0x1aaf, 0x22f0, 0x126e, 
	0x5d17, 0x9f1f, 0x96fe, 0x96de, 0x861c, 0x6d9a, 0x759a, 0x759a, 0x5d18, 0x4c97, 0x54b7, 0x54b7, 0x4cb7, 0x4c76, 0xd6fc, 0xf7ff, 
	0xf79d, 0xf79d, 0xffff, 0xffff, 0x3352, 0x1a8e, 0x1af0, 0x1ad0, 0x1acf, 0x22f0, 0x1ad0, 0x22f0, 0x1ad0, 0x22f0, 0x1ad0, 0x22f0, 
	0x1ad0, 0x1ad0, 0x124d, 0x4c14, 0xffff, 0xffff, 0xffff, 0xffff, 0xffff, 0xffff, 0xffff, 0xffff, 0xf7ff, 0xbe9b, 0x43f3, 0x965d, 
	0xffff, 0xffff, 0xffff, 0x8d15, 0x0a4e, 0x1ad0, 0x1ad0, 0x1ad0, 0x1a2b, 0xaebd, 0xffff, 0xffff, 0xffff, 0xffff, 0xffff, 0x63d1, 
	0x0a6f, 0x1ab0, 0x1acf, 0x863c, 0x9f1e, 0x96de, 0x96be, 0x75ba, 0x759a, 0x759a, 0x759a, 0x759a, 0x759a, 0x759a, 0x6d9a, 0x54b7, 
	0x4cb8, 0x4c97, 0x8d36, 0xf7ff, 0xffff, 0xffff, 0xffff, 0xffff, 0xffff, 0xef9e, 0xf79e, 0xffdf, 0x8dda, 0x1a2c, 0x128f, 0x128f, 
	0x22d0, 0x126e, 0x5cf7, 0x9f1f, 0x96fe, 0x96de, 0x861c, 0x6d79, 0x759a, 0x759a, 0x75ba, 0x759a, 0x5cf8, 0x4cb7, 0x4c97, 0x4c76, 
	0xd6fc, 0xf7ff, 0xef9d, 0xef7d, 0x3b71, 0x1a8e, 0xd6db, 0xef9e, 0xef9e, 0xdf1c, 0x22f0, 0x1a8f, 0x1ad0, 0x22f0, 0x22f0, 0x1ad0, 
	0x1ad0, 0x22f0, 0x1ad0, 0x22f0, 0x1ad0, 0x1af0, 0x124d, 0x5455, 0xffff, 0xffff, 0xffff, 0xffff, 0xffff, 0xffff, 0xffff, 0xffff, 
	0x863c, 0x7599, 0x75ba, 0x759a, 0x759a, 0x6d59, 0x5d18, 0x54b7, 0x54d7, 0x54b7, 0x7d79, 0x7d99, 0x5c54, 0x5413, 0x6475, 0x5c54, 
	0x2b31, 0x22f0, 0x2310, 0x2310, 0x22f0, 0x22f0, 0x22f0, 0x2310, 0x22f0, 0x22f0, 0x22f0, 0x2311, 0x22cf, 0x4bf3, 0xffff, 0xffff, 
	0xef7d, 0xef7d, 0xe75d, 0xdf1c, 0xaefd, 0xa6fd, 0x96de, 0x867c, 0x759a, 0x75ba, 0x759a, 0x759a, 0x6d59, 0x759a, 0x8d78, 0xb6bd, 
	0xf79e, 0xdefb, 0xb69c, 0x6c74, 0x1aaf, 0x2311, 0x22f0, 0x2b11, 0x22f0, 0x2b11, 0x22ce, 0x8e1c, 0xb75f, 0xa6dd, 0x96be, 0x7e3b, 
	0x7dfb, 0x75ba, 0x759a, 0x75ba, 0x759a, 0x759a, 0x75ba, 0x75ba, 0x759a, 0x759a, 0x759a, 0x5cb7, 0x54d7, 0x54b7, 0x54d8, 0x54b7, 
	0x8d57, 0xefff, 0xffff, 0xffbe, 0xf7be, 0xef7d, 0xb6bc, 0x74b4, 0x5c96, 0x3bb3, 0x3bb3, 0x2b11, 0x2b11, 0x22d0, 0x2b11, 0x22d0, 
	0x3392, 0x3bf3, 0x7599, 0x9efe, 0x861c, 0x759a, 0x7dba, 0x759a, 0x759a, 0x6d59, 0x5cf8, 0x54b7, 0x54d7, 0x54b7, 0x7d59, 0x859a, 
	0x6495, 0x5c33, 0x6475, 0x5c54, 0x2b31, 0x2af0, 0x2b11, 0x22d0, 0x22d0, 0x22f0, 0x22f0, 0x22f0, 0x22f0, 0x22f0, 0x22f0, 0x2b11, 
	0x22cf, 0x43d3, 0xc69b, 0xcefc, 0xffff, 0xffdf, 0xef7d, 0xef7d, 0xef9e, 0xdf5d, 0xb71e, 0xaedd, 0x9e5c, 0x8dfb, 0x6d59, 0x759a, 
	0x8d78, 0xbefe, 0xffff, 0xe73c, 0xb69c, 0x6c73, 0x1aaf, 0x2b11, 0x22cf, 0x4bf4, 0x6474, 0x6475, 0x5c55, 0x6475, 0x6c33, 0xa63b, 
	0xb6bc, 0x95b8, 0x75b9, 0x8ebd, 0x96de, 0x7e3b, 0x7dfb, 0x75ba, 0x75ba, 0x75ba, 0x759a, 0x759a, 0x75ba, 0x75ba, 0x759a, 0x54d7, 
	0x54d7, 0x54b7, 0x64f7, 0x7dba, 0xb639, 0xf7ff, 0xffff, 0xffff, 0xffff, 0xf79e, 0xf79e, 0xffde, 0x9e3c, 0x3b30, 0x3373, 0x3393, 
	0x3372, 0x22d0, 0x3392, 0x3bf3, 0x6db9, 0x9efe, 0x8ebd, 0x8e7c, 0x7dfb, 0x759a, 0x7dba, 0x75ba, 0x5d18, 0x54b7, 0x54d7, 0x54b7, 
	0x7d78, 0x8599, 0xdf1c, 0xef9e, 0xbe39, 0xb619, 0xefbe, 0xf7bf, 0x6c95, 0x53f2, 0x2b11, 0x22f0, 0x2310, 0x2b10, 0x22f0, 0x22f0, 
	0x22f0, 0x2b11, 0x22f0, 0x22f0, 0x22cf, 0x4bf3, 0xc67b, 0xd6fd, 0xffff, 0xffdf, 0xef7d, 0xef7d, 0xe79e, 0xdf3d, 0xb71e, 0xaedd, 
	0x863c, 0x6d99, 0x759a, 0x759a, 0x759a, 0x759a, 0x5d18, 0x5497, 0x54d7, 0x54b7, 0x4cb7, 0x4c77, 0x1af0, 0x12af, 0x1ad0, 0x128f, 
	0x1ad0, 0x1ad0, 0x22f0, 0x1ad0, 0x1ad0, 0x1acf, 0x1ad0, 0x1ad0, 0x1ad0, 0x1ad0, 0x1ad0, 0x1ad0, 0x1a8e, 0x43d3, 0xffff, 0xffdf, 
	0xe73c, 0xe73c, 0xdf7d, 0xd71c, 0x8ebd, 0x96de, 0x96de, 0x865c, 0x6d7a, 0x759a, 0x759a, 0x759a, 0x75bb, 0x5d18, 0x4c34, 0x8e1c, 
	0xef5c, 0xffde, 0xffff, 0x8cd4, 0x0a4e, 0x1ad0, 0x1aaf, 0x22f0, 0x1ab0, 0x22d0, 0x128e, 0x759a, 0x96de, 0x8ede, 0x96de, 0x75da, 
	0x6d7a, 0x759a, 0x6d9a, 0x759a, 0x6d9a, 0x6d9a, 0x759a, 0x759a, 0x6d9a, 0x759a, 0x6d7a, 0x54b7, 0x54b7, 0x54b7, 0x4cb8, 0x4c97, 
	0x8d36, 0xefff, 0xffff, 0xf79e, 0xf79d, 0xef7d, 0x9e3c, 0x330f, 0x3393, 0x3393, 0x3372, 0x1aaf, 0x1ad0, 0x1aaf, 0x22f0, 0x1aaf, 
	0x1ab0, 0x0a4e, 0x5cf7, 0x9eff, 0x861c, 0x6d79, 0x759a, 0x759a, 0x759a, 0x759a, 0x5cf8, 0x4c97, 0x54b7, 0x4c97, 0x4c97, 0x4c97, 
	0x2311, 0x128f, 0x12af, 0x128f, 0x1acf, 0x1ad0, 0x22f0, 0x1aaf, 0x1aaf, 0x1ad0, 0x1ad0, 0x1ad0, 0x1ad0, 0x1ad0, 0x1ad0, 0x1af0, 
	0x1a8e, 0x4c14, 0xffff, 0xffff, 0xffff, 0xffdf, 0xe73c, 0xe73c, 0xdf7e, 0xcefc, 0x8ebe, 0x7e5c, 0x6d59, 0x759a, 0x75bb, 0x5d18, 
	0x4c14, 0x9e9d, 0xffff, 0xffff, 0xffff, 0x8cf4, 0x0a4e, 0x1af1, 0x1ab0, 0x1aaf, 0x128f, 0x1aaf, 0x0a8f, 0x12b0, 0x222b, 0xc71f, 
	0xf7ff, 0xc6fc, 0x8efe, 0x8efe, 0x96be, 0x75da, 0x6d7a, 0x6d9a, 0x759a, 0x759a, 0x759a, 0x759a, 0x759a, 0x759a, 0x6d7a, 0x54b7, 
	0x4cb7, 0x4c97, 0x4cb8, 0x4476, 0x8d36, 0xefff, 0xffff, 0xffff, 0xffff, 0xf79e, 0xf79d, 0xffde, 0x9e5c, 0x3b30, 0x3393, 0x33b4, 
	0x3372, 0x1aaf, 0x1ad0, 0x0a4e, 0x5d17, 0x9eff, 0x96de, 0x96de, 0x7dfb, 0x6d9a, 0x759a, 0x759a, 0x5cf8, 0x4c97, 0x54b7, 0x4c97, 
	0x4c97, 0x4c96, 0xd71c, 0xf7df, 0xf79d, 0xf79d, 0xffff, 0xffff, 0x2b31, 0x126e, 0x1ad0, 0x1ad0, 0x1ad0, 0x22f0, 0x1ad0, 0x1ad0, 
	0x1acf, 0x22f0, 0x1ad0, 0x1ad0, 0x1a8e, 0x5434, 0xffff, 0xffff, 0xffff, 0xf7be, 0xe73c, 0xe73c, 0xdf7e, 0xcefc, 0x8ebd, 0x865c, 
	0x863c, 0x7599, 0x759a, 0x759a, 0x75ba, 0x759a, 0x5d18, 0x54b7, 0x54d7, 0x54b7, 0x54d7, 0x54b7, 0x2b31, 0x1ad0, 0x22f0, 0x22d0, 
	0x22f0, 0x22f0, 0x22f0, 0x22f0, 0x1ad0, 0x1ad0, 0x1ad0, 0x1ad0, 0x1ad0, 0x1ad0, 0x1ad0, 0x1ad0, 0x1a8e, 0x43d3, 0xffff, 0xffdf, 
	0xe73c, 0xef7d, 0xf7ff, 0xdf7e, 0x8ebd, 0x96de, 0x8ebd, 0x8ebd, 0x8e7d, 0x863c, 0x757a, 0x759a, 0x759a, 0x6d7a, 0x6d59, 0x6d79, 
	0x7d16, 0xae9c, 0xef9e, 0xd6ba, 0xae5b, 0x5bf2, 0x128f, 0x1ad0, 0x12af, 0x5cf8, 0x75da, 0x8e9d, 0x96de, 0x7e3b, 0x75db, 0x6dba, 
	0x8578, 0xbf5f, 0xdf7e, 0xdf5e, 0xdf7e, 0xdf7e, 0xdf5e, 0xdf7e, 0xc75f, 0x8598, 0x6d7a, 0x54b7, 0x4cb7, 0x4cb7, 0x54b7, 0x4c97, 
	0x5cb6, 0x64b7, 0x6496, 0x6496, 0x64b6, 0x6495, 0x4c35, 0x3372, 0x33b4, 0x3393, 0x2b72, 0x1aaf, 0x1ad0, 0x1aaf, 0x22f0, 0x128f, 
	0x4c95, 0x75da, 0x867c, 0x96de, 0x861c, 0x6d79, 0x759a, 0x759a, 0x759a, 0x759a, 0x5cf8, 0x4cb7, 0x54b7, 0x4cb7, 0x54b7, 0x54b7, 
	0x2b31, 0x1aaf, 0x1ad0, 0x1acf, 0x1ad0, 0x1ad0, 0x1af0, 0x1aaf, 0x1aaf, 0x1ad0, 0x1ad0, 0x1ad0, 0x1ad0, 0x1ad0, 0x1ad0, 0x1af0, 
	0x1a8e, 0x4bf3, 0xffff, 0xffff, 0xef7d, 0xef5d, 0xdf5d, 0xd71c, 0xa6fd, 0xa6dd, 0x96de, 0x865c, 0x6d79, 0x759a, 0x759a, 0x6d79, 
	0x6d59, 0x759a, 0x8537, 0xb6bd, 0xef9e, 0xdefb, 0xbedd, 0x6c33, 0x128f, 0x1ad0, 0x1acf, 0x22f0, 0x1ad0, 0x1ad0, 0x1aae, 0x8e1c, 
	0xaf3f, 0x9edd, 0x96be, 0x7e1b, 0x7ddb, 0x75ba, 0x6d9a, 0x6d9a, 0x759a, 0x759a, 0x759a, 0x759a, 0x759a, 0x759a, 0x6d7a, 0x54b7, 
	0x4cb7, 0x4c97, 0x4cb7, 0x4c97, 0x8d57, 0xefff, 0xffff, 0xf7be, 0xf79e, 0xef7d, 0xb67c, 0x6c53, 0x4c56, 0x3392, 0x2b52, 0x1af1, 
	0x2311, 0x1aaf, 0x1ad0, 0x1aaf, 0x2b72, 0x3393, 0x6db9, 0x96fe, 0x7dfb, 0x6d9a, 0x759a, 0x759a, 0x6d7a, 0x6d59, 0x5cf8, 0x4cb7, 
	0x54b7, 0x54b7, 0x7558, 0x7579, 0x5434, 0x4bd2, 0x5414, 0x5414, 0x2310, 0x1acf, 0x1acf, 0x1ad0, 0x22d0, 0x22f0, 0x22f0, 0x22d0, 
	0x22d0, 0x22f0, 0x22d0, 0x22f0, 0x228e, 0x5434, 0xffff, 0xffdf, 0xef7d, 0xef7d, 0xdf5d, 0xd71c, 0xa6fd, 0xa6dd, 0x96de, 0x865c, 
	0x863c, 0x6d99, 0x759a, 0x759a, 0x759a, 0x759a, 0x5d18, 0x4cb7, 0x54d7, 0x54b7, 0x54d7, 0x54b7, 0x2331, 0x1ad0, 0x22f0, 0x1ad0, 
	0x22d0, 0x22d0, 0x22f0, 0x22d0, 0x22f0, 0x22d0, 0x22d0, 0x22f0, 0x22f0, 0x22d0, 0x1ad0, 0x22f0, 0x22ae, 0x4bf3, 0xffff, 0xffdf, 
	0xe73c, 0xef7d, 0xf7ff, 0xe79e, 0x8ebd, 0x96dd, 0x8ebd, 0x96de, 0x96de, 0x867c, 0x757a, 0x75ba, 0x759a, 0x759a, 0x75bb, 0x6539, 
	0x5434, 0x965c, 0xef7c, 0xef5c, 0xe7df, 0x7452, 0x128f, 0x1af0, 0x12ae, 0x75ba, 0x9f1e, 0x96dd, 0x96de, 0x75fa, 0x6d7a, 0x6d9a, 
	0x8d77, 0xdfff, 0xffff, 0xffff, 0xffff, 0xffff, 0xffff, 0xffff, 0xe7ff, 0x8d78, 0x6d7a, 0x54b7, 0x54b7, 0x4cb7, 0x54b7, 0x54b7, 
	0x4c77, 0x3373, 0x2b73, 0x2b73, 0x33b3, 0x3393, 0x3393, 0x3393, 0x3bb4, 0x3bb3, 0x3372, 0x1ad0, 0x22f0, 0x1ad0, 0x2311, 0x1a8f, 
	0x5d17, 0x9f1f, 0x96fe, 0x96de, 0x861c, 0x6d99, 0x759a, 0x759a, 0x759a, 0x759a, 0x5cf8, 0x54b7, 0x54d7, 0x54b7, 0x54b7, 0x54b7, 
	0x2b31, 0x1ad0, 0x22f0, 0x22d0, 0x22d0, 0x22f0, 0x22f0, 0x1acf, 0x1acf, 0x22f0, 0x22f0, 0x22f0, 0x22d0, 0x22f0, 0x22f0, 0x22f0, 
	0x22ae, 0x4c14, 0xffff, 0xffdf, 0xe73c, 0xe73c, 0xdf7d, 0xd71c, 0x8ebd, 0x96de, 0x96de, 0x865c, 0x757a, 0x75ba, 0x759a, 0x759a, 
	0x75bb, 0x6539, 0x5434, 0x963c, 0xef5c, 0xffde, 0xffff, 0x84b4, 0x126e, 0x1af0, 0x22d0, 0x22f0, 0x1ad0, 0x22d0, 0x12cf, 0x7ddb, 
	0x96de, 0x96dd, 0x96be, 0x75da, 0x759a, 0x759a, 0x6d9a, 0x6d9a, 0x759a, 0x759a, 0x759a, 0x759a, 0x759a, 0x759a, 0x6d7a, 0x54b7, 
	0x54b7, 0x54b7, 0x54d8, 0x4c97, 0x9557, 0xf7ff, 0xffff, 0xf79e, 0xf77d, 0xef7d, 0x9e3c, 0x3b30, 0x33b4, 0x33b4, 0x2b51, 0x1aaf, 
	0x2310, 0x1ad0, 0x22f0, 0x1ad0, 0x22d0, 0x126e, 0x6558, 0x9efe, 0x7e1b, 0x7599, 0x75ba, 0x759a, 0x759a, 0x759a, 0x5cf8, 0x54b7, 
	0x54b7, 0x54b7, 0x54b7, 0x4c97, 0x2311, 0x128f, 0x128f, 0x1ad0, 0x22f0, 0x22d0, 0x22d0, 0x22f0, 0x22d0, 0x22f0, 0x22d0, 0x22d0, 
	0x1ad0, 0x22f0, 0x1ad0, 0x22f0, 0x1a8e, 0x5434, 0xffff, 0xf7df, 0xe73c, 0xe73c, 0xdf7e, 0xd71c, 0x8ebd, 0x8edd, 0x96de, 0x865c, 
	0x7ddb, 0x759a, 0x75ba, 0x759a, 0x7dba, 0x75ba, 0x5d18, 0x54b7, 0x54d7, 0x54b7, 0x54d8, 0x54b7, 0x4c76, 0x4c56, 0x2b52, 0x22d0, 
	0x22f0, 0x22f0, 0x22f0, 0x22f0, 0x22f0, 0x22f0, 0x22f0, 0x2b11, 0x22f0, 0x22f0, 0x22f0, 0x2311, 0x22cf, 0x4bf4, 0xffff, 0xffff, 
	0xffdf, 0xf7be, 0xef7d, 0xef9e, 0xefdf, 0xefdf, 0xe7ff, 0xcf5e, 0x96dd, 0x96dd, 0x8e9d, 0x863c, 0x759a, 0x75ba, 0x75ba, 0x6d39, 
	0x54b7, 0x6519, 0x7d16, 0xae9c, 0xef7d, 0xd6ba, 0xae7b, 0x9df9, 0x7dfa, 0x8e9d, 0x96de, 0x7e3b, 0x8db9, 0xbf5f, 0xe79e, 0xe77e, 
	0xe77e, 0xf7ff, 0xffff, 0xffff, 0xffff, 0xf7be, 0xf7be, 0xef7d, 0xe77e, 0xd6fb, 0xcefc, 0xc6db, 0xc6db, 0xc6bb, 0xcebb, 0xcedb, 
	0x9e3c, 0x4b91, 0x33b4, 0x3bb4, 0x43d4, 0x3bb3, 0x3bd4, 0x3bb3, 0x3bd4, 0x3bd3, 0x3b93, 0x22f0, 0x22f0, 0x22f0, 0x2b11, 0x1aaf, 
	0x6517, 0x9eff, 0x8e5c, 0x7dda, 0x7ddb, 0x759a, 0x7dba, 0x75ba, 0x7dba, 0x75ba, 0x6518, 0x54b7, 0x54d7, 0x54b7, 0x54d7, 0x54d7, 
	0x5476, 0x4c56, 0x2b31, 0x22f0, 0x22f0, 0x2b11, 0x2b11, 0x22f0, 0x22f0, 0x2311, 0x22f0, 0x2b11, 0x22f0, 0x2b11, 0x22f0, 0x2b11, 
	0x22af, 0x5414, 0xffff, 0xffdf, 0xe73c, 0xef7d, 0xf7ff, 0xe77e, 0x96dd, 0x96de, 0x96dd, 0x8ebd, 0x8e9d, 0x863c, 0x759a, 0x759a, 
	0x759a, 0x759a, 0x6d79, 0x6d79, 0x7d16, 0xb6bd, 0xf79e, 0xd6ba, 0xb69c, 0x6412, 0x1ad0, 0x2b11, 0x22ef, 0x6d39, 0x7e1b, 0x96bd, 
	0x96de, 0x7e1b, 0x7ddb, 0x75bb, 0x8598, 0xc77f, 0xe77e, 0xe77e, 0xe79e, 0xe79e, 0xe77e, 0xe77e, 0xc77f, 0x8d98, 0x6d9a, 0x54d7, 
	0x54b7, 0x54b7, 0x54d8, 0x54b7, 0x5cb7, 0x5cb7, 0x64b6, 0x6495, 0x6496, 0x6475, 0x5456, 0x3bb3, 0x3bd4, 0x3bd3, 0x3352, 0x22d0, 
	0x2b31, 0x22f0, 0x22f0, 0x1aaf, 0x54b6, 0x861b, 0x8e9c, 0x96de, 0x861b, 0x759a, 0x7dba, 0x759a, 0x75ba, 0x75ba, 0x6518, 0x54b7, 
	0x54d7, 0x54d7, 0x5cd7, 0x54b7, 0x2b52, 0x22d0, 0x22f0, 0x2311, 0x2b11, 0x22f0, 0x22f0, 0x22f0, 0x22f0, 0x2b11, 0x22f0, 0x22f0, 
	0x22f0, 0x2b11, 0x22f0, 0x22f0, 0x22ae, 0x5435, 0xffff, 0xffdf, 0xe73c, 0xef7d, 0xf7ff, 0xdf7d, 0x8ebd, 0x96de, 0x96dd, 0x96dd, 
	0x759a, 0x759a, 0x759a, 0x759a, 0x759a, 0x759a, 0x5d18, 0x5497, 0x54d7, 0x54b7, 0x54d7, 0x54b7, 0x54b7, 0x54d7, 0x2b52, 0x1acf, 
	0x22d0, 0x22d0, 0x22f0, 0x22d0, 0x22f0, 0x1ad0, 0x1ad0, 0x22f0, 0x1ad0, 0x1ad0, 0x1ad0, 0x22f0, 0x228e, 0x43d3, 0xffff, 0xffff, 
	0xffff, 0xffdf, 0xe73c, 0xef7d, 0xffff, 0xffff, 0xffff, 0xe77e, 0x8ebd, 0x96dd, 0x96de, 0x865c, 0x757a, 0x759a, 0x759a, 0x6538, 
	0x4c97, 0x4cb7, 0x5434, 0x9e5c, 0xef5c, 0xef5c, 0xdf9f, 0xc6dc, 0x96de, 0x96de, 0x96be, 0x75db, 0x8537, 0xd7bf, 0xffff, 0xffff, 
	0xffff, 0xffff, 0xffff, 0xffff, 0xffff, 0xf79e, 0xef9e, 0xe75c, 0xe73c, 0xef5d, 0xef5d, 0xef5d, 0xef5d, 0xef5d, 0xef5c, 0xf77d, 
	0xb6bd, 0x4370, 0x3393, 0x3393, 0x3bd4, 0x3393, 0x33b3, 0x3393, 0x3bb3, 0x3393, 0x3372, 0x1aaf, 0x22f0, 0x1acf, 0x22f0, 0x128f, 
	0x5d17, 0x9eff, 0x861c, 0x6d99, 0x759a, 0x759a, 0x759a, 0x759a, 0x759a, 0x759a, 0x5cf8, 0x5497, 0x54d7, 0x54b7, 0x54b7, 0x54b7, 
	0x54d8, 0x54b7, 0x2b31, 0x1aaf, 0x1ad0, 0x22d0, 0x22f0, 0x1aaf, 0x1aaf, 0x22f0, 0x22d0, 0x22d0, 0x1ad0, 0x22d0, 0x1ad0, 0x22f0, 
	0x1a8e, 0x4bf4, 0xffff, 0xffdf, 0xe73c, 0xef7d, 0xf7ff, 0xe79e, 0x8ebd, 0x96dd, 0x8ebd, 0x96de, 0x96de, 0x865c, 0x6d7a, 0x759a, 
	0x759a, 0x75ba, 0x75bb, 0x5d18, 0x5434, 0x965c, 0xef5c, 0xef5c, 0xe7bf, 0x7432, 0x128f, 0x22f0, 0x1aaf, 0x7ddb, 0x9f1e, 0x96dd, 
	0x96be, 0x75da, 0x6d9a, 0x6d9a, 0x8d78, 0xdfff, 0xffff, 0xffff, 0xffff, 0xffff, 0xffff, 0xffff, 0xdfff, 0x8d77, 0x6d9a, 0x54b7, 
	0x54b7, 0x54b7, 0x54d7, 0x54b7, 0x4c56, 0x2b72, 0x3393, 0x3373, 0x3393, 0x2b73, 0x33b3, 0x3393, 0x3bb4, 0x3393, 0x2b31, 0x1aaf, 
	0x22f0, 0x1aaf, 0x22f0, 0x128f, 0x5d37, 0x9f1f, 0x96de, 0x96dd, 0x7dfb, 0x6d9a, 0x759a, 0x759a, 0x759a, 0x759a, 0x5cf8, 0x5497, 
	0x54b7, 0x54b7, 0x54d7, 0x54b7, 0x2331, 0x1aaf, 0x1aaf, 0x22f0, 0x22f0, 0x1ad0, 0x1ad0, 0x1ad0, 0x22d0, 0x22f0, 0x1ad0, 0x1ad0, 
	0x1ad0, 0x22f0, 0x1ad0, 0x22f0, 0x1a8e, 0x5434, 0xffff, 0xffdf, 0xe73c, 0xef7d, 0xf7ff, 0xe79e, 0x8ebd, 0x8ebd, 0x8edd, 0x96de, 
	0x75ba, 0x759a, 0x759a, 0x759a, 0x75ba, 0x759a, 0x5d18, 0x54b7, 0x54d7, 0x54b7, 0x54d7, 0x54b7, 0x54b7, 0x54b7, 0x2b52, 0x22d0, 
	0x22f0, 0x22f0, 0x22f0, 0x22f0, 0x22f0, 0x22d0, 0x22d0, 0x22f0, 0x22d0, 0x22d0, 0x1ad0, 0x22f0, 0x22d0, 0x2b11, 0x4b91, 0x6cb6, 
	0xffff, 0xffdf, 0xe77e, 0xbe39, 0x4392, 0x5414, 0x5c96, 0x5475, 0x4414, 0x6539, 0x96fe, 0x865c, 0x757a, 0x759a, 0x75ba, 0x6539, 
	0x4cb7, 0x54b7, 0x5497, 0x6518, 0x6d38, 0x6d38, 0x6538, 0x865c, 0x9e9c, 0xc7bf, 0xefdf, 0xe79e, 0xe77e, 0xf7ff, 0xffff, 0xffff, 
	0xffff, 0xffff, 0xffff, 0xffff, 0xffff, 0xf79e, 0xf79e, 0xef9e, 0xf79e, 0xffdf, 0xffdf, 0xf79e, 0xef9e, 0xef9e, 0xef7d, 0xe75c, 
	0xdf3c, 0xceba, 0x95fb, 0x3b51, 0x3bd4, 0x3393, 0x33b3, 0x33b3, 0x3392, 0x22f0, 0x2b11, 0x1acf, 0x22f0, 0x1aaf, 0x5495, 0x861c, 
	0x8e9c, 0x96fe, 0x863c, 0x7599, 0x759a, 0x759a, 0x759a, 0x759a, 0x759a, 0x759a, 0x5cf8, 0x54b7, 0x54d7, 0x54b7, 0x54b7, 0x54b7, 
	0x54d7, 0x54b7, 0x2b31, 0x1ad0, 0x22d0, 0x22f0, 0x22f0, 0x1ad0, 0x1ad0, 0x22f0, 0x22d0, 0x22f0, 0x22d0, 0x22f0, 0x22d0, 0x22f0, 
	0x22ae, 0x4c14, 0xffff, 0xffff, 0xffdf, 0xf7be, 0xe75d, 0xef9e, 0xefdf, 0xefdf, 0xe7ff, 0xd75e, 0x8ebd, 0x96dd, 0x8e9d, 0x7e1b, 
	0x759a, 0x75ba, 0x759a, 0x6518, 0x4c97, 0x5d19, 0x7cf6, 0xaebd, 0xef7d, 0xd6ba, 0xb6bc, 0xa619, 0x7e1b, 0x8e9d, 0x96de, 0x7e1b, 
	0x8598, 0xc77f, 0xef9e, 0xe79e, 0xef9e, 0xf7ff, 0xffff, 0xffff, 0xffff, 0xf7be, 0xf7be, 0xef7d, 0xe75d, 0xd6fc, 0xcefc, 0xcedb, 
	0xcedc, 0xcedc, 0xcedb, 0xd6fc, 0x9e3c, 0x4371, 0x3bd4, 0x33b3, 0x3bb4, 0x3393, 0x3bd4, 0x3393, 0x3bd3, 0x33b3, 0x2b51, 0x1acf, 
	0x2311, 0x1ad0, 0x22f0, 0x1a8f, 0x5d17, 0x9eff, 0x863c, 0x75da, 0x75ba, 0x759a, 0x75ba, 0x759a, 0x759a, 0x759a, 0x5cf8, 0x54b7, 
	0x54d7, 0x54b7, 0x54d7, 0x54b7, 0x4c96, 0x4455, 0x22f0, 0x22f0, 0x22f0, 0x22d0, 0x22d0, 0x22f0, 0x22f0, 0x22f0, 0x22f0, 0x22d0, 
	0x22d0, 0x22f0, 0x22f0, 0x22f0, 0x228e, 0x5434, 0xffff, 0xffff, 0xffdf, 0xf7be, 0xe75d, 0xef9e, 0xefdf, 0xefdf, 0xe7ff, 0xcf5d, 
	0x75ba, 0x759a, 0x759a, 0x759a, 0x759a, 0x759a, 0x5d18, 0x5497, 0x54d7, 0x54b7, 0x54d7, 0x54b7, 0x54b7, 0x54b7, 0x2b52, 0x1ad0, 
	0x1ad0, 0x1ad0, 0x22f0, 0x22d0, 0x22f0, 0x22d0, 0x22f0, 0x22f0, 0x22f0, 0x22f0, 0x22f0, 0x22f0, 0x1ad0, 0x22f0, 0x1a6e, 0x43f3, 
	0xffff, 0xf7be, 0xe77e, 0xadd7, 0x0a6e, 0x2331, 0x3373, 0x3393, 0x2b72, 0x5cd8, 0x9efe, 0x865c, 0x757a, 0x759a, 0x759a, 0x6539, 
	0x4cb7, 0x54b7, 0x54b7, 0x54b7, 0x4c97, 0x54b7, 0x4c96, 0x7e3c, 0xa69b, 0xd7ff, 0xffff, 0xffff, 0xffff, 0xffff, 0xffff, 0xffff, 
	0xffff, 0xffff, 0xffff, 0xffff, 0xffff, 0xf79e, 0xef9e, 0xef9e, 0xf79e, 0xffff, 0xffff, 0xf79e, 0xef9e, 0xef9e, 0xef7d, 0xe75c, 
	0xef3c, 0xf77d, 0xae9d, 0x4350, 0x3bd4, 0x33b4, 0x3bb3, 0x33b3, 0x3372, 0x1acf, 0x22f0, 0x1acf, 0x22f0, 0x128f, 0x5cf7, 0x9f1f, 
	0x96dd, 0x96dd, 0x863c, 0x6d99, 0x759a, 0x759a, 0x759a, 0x759a, 0x759a, 0x759a, 0x5cf8, 0x54b7, 0x54d7, 0x54b7, 0x54b7, 0x54b7, 
	0x54d7, 0x54b7, 0x2b31, 0x1ad0, 0x22d0, 0x22f0, 0x22f0, 0x1ad0, 0x1ad0, 0x22f0, 0x22d0, 0x22f0, 0x22d0, 0x22f0, 0x1ad0, 0x22f0, 
	0x22ae, 0x4bf4, 0xffff, 0xffff, 0xffff, 0xffdf, 0xe73c, 0xef7d, 0xffff, 0xffff, 0xf7ff, 0xdf7e, 0x8ebd, 0x96dd, 0x96de, 0x863c, 
	0x757a, 0x75ba, 0x759a, 0x6518, 0x4cb7, 0x4cb8, 0x5c54, 0x9e7d, 0xef5c, 0xef5c, 0xd79f, 0xbedc, 0x96de, 0x96de, 0x96de, 0x75fb, 
	0x8557, 0xd7df, 0xffff, 0xffff, 0xffff, 0xffff, 0xffff, 0xffff, 0xffff, 0xf79e, 0xef9e, 0xe73c, 0xe73c, 0xef5d, 0xef5d, 0xef5d, 
	0xef5d, 0xef5d, 0xef5c, 0xf77d, 0xae9d, 0x4370, 0x3bd4, 0x3393, 0x3bb4, 0x3393, 0x3bb4, 0x3393, 0x3bd4, 0x33b3, 0x2b31, 0x1acf, 
	0x2311, 0x1acf, 0x22f0, 0x1aaf, 0x5d17, 0x9eff, 0x861c, 0x6d99, 0x759a, 0x759a, 0x759a, 0x759a, 0x759a, 0x759a, 0x5cf8, 0x54b7, 
	0x54b7, 0x54b7, 0x54d7, 0x54b7, 0x54d8, 0x4cb7, 0x2310, 0x22f0, 0x22f0, 0x22d0, 0x1ad0, 0x22f0, 0x22d0, 0x22f0, 0x22f0, 0x22f0, 
	0x22d0, 0x22f0, 0x22f0, 0x22f0, 0x1a8e, 0x5434, 0xffff, 0xffff, 0xffff, 0xf7be, 0xe73c, 0xef9d, 0xffff, 0xffff, 0xf7ff, 0xdf5d, 
	0x7dba, 0x759a, 0x759a, 0x759a, 0x75ba, 0x759a, 0x5d18, 0x54b7, 0x54d7, 0x54b7, 0x54d8, 0x54b7, 0x54b7, 0x54d7, 0x2b52, 0x22d0, 
	0x22f0, 0x22d0, 0x22f0, 0x22f0, 0x22cf, 0x3331, 0xd6fc, 0xdf5e, 0xdf3d, 0xdf1c, 0xc6bb, 0xb619, 0x22f0, 0x22f0, 0x22d0, 0x2b11, 
	0x43b2, 0x43b3, 0x3b92, 0x3351, 0x22d0, 0x2b11, 0x1acf, 0x4c35, 0x867c, 0x8e9d, 0x96de, 0x865c, 0x759a, 0x759a, 0x759a, 0x6539, 
	0x54b7, 0x54b7, 0x54b7, 0x54d8, 0x5c74, 0xa6bd, 0xe79e, 0xefbf, 0xf7df, 0xf7ff, 0xffff, 0xffff, 0xffff, 0xffff, 0xffff, 0xffff, 
	0xffff, 0xffff, 0xefff, 0xae19, 0x85fb, 0x85fb, 0x85fa, 0x85fa, 0x85fb, 0x85fb, 0x8dfb, 0x85fb, 0x7ddb, 0x6518, 0x9577, 0xdfdf, 
	0xf79d, 0xf79d, 0xe75d, 0xcebb, 0xcebb, 0xd6db, 0x8dba, 0x2aae, 0x2b11, 0x22d0, 0x2b11, 0x22d0, 0x22f0, 0x1a8f, 0x5cd6, 0x9eff, 
	0x863c, 0x75ba, 0x75ba, 0x759a, 0x75ba, 0x759a, 0x75ba, 0x759a, 0x75ba, 0x759a, 0x5cf8, 0x54b7, 0x54d7, 0x54b7, 0x54b7, 0x54b7, 
	0x54d7, 0x54b7, 0x2b31, 0x1ad0, 0x22d0, 0x22f0, 0x22f0, 0x22d0, 0x22d0, 0x22f0, 0x22d0, 0x22f0, 0x22d0, 0x22f0, 0x22d0, 0x22f0, 
	0x22d0, 0x2b11, 0x4371, 0x6cd6, 0xffff, 0xffdf, 0xe77e, 0xbe39, 0x3b71, 0x4bf4, 0x5455, 0x5455, 0x3bf3, 0x6d59, 0x9efe, 0x863b, 
	0x759a, 0x75ba, 0x759a, 0x6518, 0x54b7, 0x54d7, 0x5497, 0x6518, 0x6d18, 0x6d18, 0x6517, 0x865c, 0xa69c, 0xc7bf, 0xf7df, 0xefbf, 
	0xef9e, 0xffff, 0xffff, 0xffff, 0xffff, 0xffff, 0xffff, 0xffff, 0xffff, 0xf79e, 0xf79e, 0xef9e, 0xf79e, 0xffff, 0xffdf, 0xf79e, 
	0xef9e, 0xf79e, 0xef9d, 0xe75c, 0xdf3c, 0xd6db, 0x961b, 0x4371, 0x3bb4, 0x3393, 0x3bd3, 0x3bb3, 0x3393, 0x22f0, 0x22f0, 0x22d0, 
	0x2b11, 0x1aaf, 0x54b6, 0x865c, 0x8e9c, 0x96fe, 0x861c, 0x7599, 0x759a, 0x759a, 0x75ba, 0x759a, 0x759a, 0x759a, 0x5cf8, 0x54b7, 
	0x54b7, 0x54b7, 0x54d7, 0x54b7, 0x54d7, 0x5497, 0x2311, 0x22f0, 0x22f0, 0x22d0, 0x22d0, 0x22f0, 0x22f0, 0x22f0, 0x22f0, 0x22d0, 
	0x22d0, 0x22f0, 0x22f0, 0x22f0, 0x22d0, 0x2b31, 0x4371, 0x74f7, 0xffff, 0xffdf, 0xe77e, 0xb618, 0x3b72, 0x4bf3, 0x5475, 0x5475, 
	0x75ba, 0x759a, 0x759a, 0x759a, 0x759a, 0x759a, 0x5d18, 0x54b7, 0x54d7, 0x54b7, 0x54d7, 0x54b7, 0x54b7, 0x54d7, 0x2b52, 0x1ad0, 
	0x22f0, 0x2310, 0x22f0, 0x22f0, 0x22cf, 0x3351, 0xefbe, 0xffff, 0xffff, 0xffff, 0xef9e, 0xcebb, 0x2b10, 0x2b10, 0x2310, 0x2311, 
	0x1aaf, 0x22d0, 0x1ad0, 0x1ad0, 0x1ad0, 0x2b11, 0x1acf, 0x5476, 0x9f1e, 0x96fe, 0x96de, 0x865c, 0x759a, 0x759a, 0x75ba, 0x6539, 
	0x54b7, 0x54d7, 0x54b7, 0x54d8, 0x6475, 0xb71f, 0xffff, 0xffff, 0xffff, 0xffff, 0xffff, 0xffff, 0xffff, 0xffff, 0xffff, 0xffff, 
	0xffff, 0xffff, 0xe7ff, 0x95b8, 0x6d9a, 0x6d9a, 0x759a, 0x759a, 0x759a, 0x759a, 0x759a, 0x759a, 0x6d7a, 0x4c97, 0x8516, 0xd7bf, 
	0xf79d, 0xf79e, 0xef9d, 0xef5d, 0xef5c, 0xf79d, 0x9e1b, 0x228d, 0x2311, 0x1ad0, 0x2311, 0x22d0, 0x2310, 0x1acf, 0x5cf7, 0x9eff, 
	0x863c, 0x6d99, 0x75ba, 0x759a, 0x75ba, 0x759a, 0x759a, 0x759a, 0x759a, 0x759a, 0x5cf8, 0x54b7, 0x54d7, 0x54b7, 0x54b7, 0x54b7, 
	0x54d8, 0x54b7, 0x2b51, 0x22f0, 0x2310, 0x2b10, 0x2310, 0x1ad0, 0x1ad0, 0x22f0, 0x2b11, 0x2b11, 0x2b11, 0x2b11, 0x22f0, 0x2b11, 
	0x22f0, 0x22f0, 0x1a6e, 0x4c14, 0xffff, 0xf7be, 0xdf5e, 0xadb7, 0x128e, 0x2b31, 0x3393, 0x33b3, 0x3392, 0x6518, 0x96fe, 0x863b, 
	0x759a, 0x75ba, 0x75ba, 0x6538, 0x54b7, 0x54d7, 0x54b7, 0x54d7, 0x4c97, 0x54b8, 0x54b7, 0x863d, 0xaebc, 0xd7ff, 0xffff, 0xffff, 
	0xffff, 0xffff, 0xffff, 0xffff, 0xffff, 0xffff, 0xffff, 0xffff, 0xffff, 0xef9e, 0xef9e, 0xef9e, 0xef9e, 0xffff, 0xffff, 0xef9e, 
	0xef9e, 0xef9e, 0xef7d, 0xe75c, 0xef5c, 0xf77d, 0xae9d, 0x4b71, 0x3bd4, 0x3bd4, 0x3bd4, 0x3bb3, 0x3372, 0x1ad0, 0x1ad0, 0x1ad0, 
	0x2b11, 0x1aaf, 0x5d17, 0x9f1f, 0x96de, 0x96dd, 0x861c, 0x7599, 0x759a, 0x759a, 0x75ba, 0x759a, 0x759a, 0x759a, 0x5cf8, 0x54b7, 
	0x54d7, 0x54b7, 0x54d7, 0x54b7, 0x54d7, 0x4cb7, 0x2311, 0x22f0, 0x22f0, 0x22d0, 0x22d0, 0x22f0, 0x22d0, 0x22f0, 0x2310, 0x22f0, 
	0x22f0, 0x2b11, 0x22f0, 0x22f0, 0x1ad0, 0x22f0, 0x1a6e, 0x5435, 0xffff, 0xf7be, 0xdf7e, 0xa597, 0x126e, 0x22f1, 0x3373, 0x3bb4, 
	0x75ba, 0x759a, 0x759a, 0x759a, 0x6539, 0x54b7, 0x54d8, 0x54b7, 0x54d7, 0x54b7, 0x54d8, 0x54b7, 0x54b7, 0x54d7, 0x5496, 0x5476, 
	0xc6bb, 0xcf1d, 0x3b72, 0x22cf, 0x22f0, 0x22f0, 0x3b51, 0x4bf3, 0xe73c, 0xef9e, 0xffff, 0xffdf, 0xef7e, 0xef7e, 0xe77f, 0xc67a, 
	0x1acf, 0x22f0, 0x22d0, 0x1ad0, 0x1aaf, 0x4414, 0x8e7c, 0x8e9c, 0x96dd, 0x96de, 0x96de, 0x865c, 0x759a, 0x759a, 0x759a, 0x6539, 
	0x4cb7, 0x54d7, 0x5c75, 0xa69d, 0xef9e, 0xefbe, 0xf79e, 0xffff, 0xffff, 0xffff, 0xffff, 0xffff, 0xffff, 0xffff, 0xffff, 0xef7d, 
	0xd79f, 0xbedc, 0x9efe, 0x96bd, 0x8ebd, 0x8ebd, 0x8ebd, 0x8ebd, 0x8ebd, 0x8ebd, 0x8e9d, 0x75ba, 0x759a, 0x759a, 0x6d7a, 0x64f8, 
	0x9577, 0xe7df, 0xf79e, 0xf79d, 0xef7d, 0xef7d, 0x95fb, 0x228d, 0x2310, 0x1ad0, 0x2b11, 0x1aaf, 0x4c75, 0x8e7d, 0x8e9d, 0x96de, 
	0x863c, 0x7599, 0x7dba, 0x759a, 0x75ba, 0x759a, 0x75ba, 0x759a, 0x6539, 0x54d7, 0x54d7, 0x54b7, 0x54d7, 0x54b7, 0x54b7, 0x54b7, 
	0x54d7, 0x54d7, 0x5476, 0x5496, 0xc6dc, 0xcefc, 0x3372, 0x22cf, 0x22cf, 0x3372, 0xdf3d, 0xe79e, 0xef7d, 0xe75d, 0xcefc, 0xb619, 
	0x22d0, 0x22d0, 0x1ad0, 0x2b31, 0x3b92, 0x3b92, 0x3371, 0x3371, 0x22d0, 0x2b11, 0x1acf, 0x4c55, 0x8e9d, 0x8ebd, 0x96de, 0x863c, 
	0x759a, 0x7dba, 0x759a, 0x6518, 0x54b7, 0x54d7, 0x54b7, 0x54d8, 0x5c74, 0xaede, 0xef9e, 0xf7df, 0xf7df, 0xffff, 0xffff, 0xffff, 
	0xffff, 0xffff, 0xffff, 0xffff, 0xffff, 0xffff, 0xe7ff, 0xa5f9, 0x85fb, 0x85fb, 0x85da, 0x85da, 0x85db, 0x85fb, 0x85fb, 0x85fa, 
	0x7dbb, 0x64f8, 0x9577, 0xdfdf, 0xf79d, 0xf79d, 0xe77d, 0xd6db, 0xd6db, 0xd71c, 0x8dba, 0x2aae, 0x2b31, 0x22f0, 0x22d0, 0x22d0, 
	0x2b11, 0x1a8f, 0x5cf7, 0x9eff, 0x863c, 0x75ba, 0x7dba, 0x759a, 0x759a, 0x759a, 0x7dba, 0x759a, 0x759a, 0x75ba, 0x5d18, 0x54b7, 
	0x54d7, 0x54b7, 0x54d7, 0x54b7, 0x54d7, 0x54b7, 0x2311, 0x22f0, 0x22f0, 0x22d0, 0x22f0, 0x22f0, 0x22cf, 0x3b92, 0xdf5d, 0xe77e, 
	0xe77d, 0xe75d, 0xcefc, 0xadd8, 0x1aaf, 0x22f0, 0x1acf, 0x2b11, 0x3b72, 0x3b92, 0x3371, 0x3351, 0x1ad0, 0x1ad0, 0x1acf, 0x5496, 
	0x75ba, 0x759a, 0x759a, 0x759a, 0x5d19, 0x4c97, 0x54b7, 0x4c97, 0x54b7, 0x4cb7, 0x54b7, 0x4c97, 0x4c97, 0x4cb7, 0x5cd7, 0x5cf7, 
	0xdf5d, 0xefbf, 0x3372, 0x1aaf, 0x22f0, 0x1ad0, 0x1aaf, 0x2b31, 0xd6db, 0xdf3d, 0xffff, 0xffff, 0xffdf, 0xffff, 0xffff, 0xdf1c, 
	0x22f0, 0x2b30, 0x2b11, 0x22f0, 0x1acf, 0x4c55, 0x971e, 0x96de, 0x96bd, 0x96de, 0x96bd, 0x865c, 0x757a, 0x759a, 0x759a, 0x6539, 
	0x4c97, 0x4cb7, 0x5c54, 0xaede, 0xffff, 0xffbe, 0xef9e, 0xffff, 0xffff, 0xffff, 0xffff, 0xffff, 0xffff, 0xffff, 0xffff, 0xef5d, 
	0xcf7e, 0xaebb, 0x8ede, 0x8ede, 0x96dd, 0x96dd, 0x96dd, 0x96dd, 0x96dd, 0x96dd, 0x8ebd, 0x75ba, 0x759a, 0x759a, 0x6d7a, 0x4c96, 
	0x8516, 0xd79f, 0xef7d, 0xf79e, 0xef9d, 0xef7d, 0x9e1b, 0x2aad, 0x2b31, 0x22f0, 0x2b31, 0x1aaf, 0x54b6, 0x9eff, 0x96dd, 0x96dd, 
	0x861c, 0x6d9a, 0x759a, 0x759a, 0x759a, 0x759a, 0x759a, 0x759a, 0x5d18, 0x4c96, 0x54b7, 0x54b7, 0x54d7, 0x54b7, 0x54b7, 0x54b7, 
	0x54d7, 0x54b7, 0x5cd7, 0x5cf8, 0xe77e, 0xe79f, 0x3351, 0x1a8e, 0x1aaf, 0x3351, 0xef9e, 0xffff, 0xffff, 0xffff, 0xef9e, 0xce9a, 
	0x2b10, 0x2b10, 0x2311, 0x2b11, 0x1aaf, 0x1acf, 0x1aaf, 0x22f0, 0x1ad0, 0x22f0, 0x1acf, 0x5476, 0x9f1e, 0x96de, 0x96de, 0x7e3c, 
	0x757a, 0x75ba, 0x759a, 0x6518, 0x4c97, 0x54d7, 0x4cb7, 0x54f8, 0x6494, 0xbf3f, 0xffff, 0xffff, 0xffff, 0xffff, 0xffff, 0xffff, 
	0xffff, 0xffff, 0xffff, 0xffff, 0xffff, 0xffff, 0xdfff, 0x9598, 0x6d9a, 0x6dba, 0x759a, 0x759a, 0x759a, 0x759a, 0x759a, 0x759a, 
	0x657a, 0x4c96, 0x8516, 0xd7bf, 0xef7d, 0xf79e, 0xef7d, 0xef5d, 0xef5c, 0xf79d, 0x95fb, 0x226c, 0x22f1, 0x1ad0, 0x1acf, 0x1acf, 
	0x2b11, 0x1ad0, 0x5d17, 0x9eff, 0x861c, 0x6d99, 0x759a, 0x759a, 0x759a, 0x759a, 0x759a, 0x759a, 0x759a, 0x759a, 0x5cf8, 0x5497, 
	0x54b7, 0x54b7, 0x54b7, 0x54b7, 0x54d7, 0x4c97, 0x2311, 0x22f0, 0x2b31, 0x2310, 0x1ad0, 0x1ad0, 0x22cf, 0x3b92, 0xf7bf, 0xffff, 
	0xffff, 0xffff, 0xef9e, 0xc67a, 0x22f0, 0x2b31, 0x2b11, 0x2b11, 0x1aaf, 0x22f0, 0x1aaf, 0x22f0, 0x1ad0, 0x1ad0, 0x1acf, 0x5cb7, 
	0x75ba, 0x759a, 0x759a, 0x759a, 0x5d19, 0x4c97, 0x54b7, 0x4c97, 0x54b7, 0x4cb7, 0x54b7, 0x4c97, 0x4c97, 0x4c97, 0xcedc, 0xdf7e, 
	0xef9e, 0xef7d, 0x3372, 0x1aaf, 0x22f0, 0x1ad0, 0x1ad0, 0x22f0, 0x3330, 0x4bf3, 0xf7ff, 0xe79e, 0x53f3, 0x6cd6, 0xffff, 0xf7df, 
	0xd6db, 0xdf1c, 0xe7bf, 0xd71d, 0x865c, 0x8e9d, 0x96dd, 0x96dd, 0x96de, 0x867c, 0x759a, 0x75ba, 0x759a, 0x759a, 0x75ba, 0x6538, 
	0x4c97, 0x4cb8, 0x5c54, 0xaede, 0xffff, 0xffff, 0xffff, 0xffff, 0xffff, 0xffff, 0xffff, 0xffff, 0xffff, 0xef7d, 0xd79f, 0xbebb, 
	0x96de, 0x96dd, 0x96de, 0x96de, 0x96dd, 0x96de, 0x96de, 0x96de, 0x96dd, 0x96dd, 0x96dd, 0x8ebd, 0x8e7d, 0x75ba, 0x6d7a, 0x54b7, 
	0x5496, 0x3bf3, 0x84d4, 0xe7ff, 0xf79e, 0xf79e, 0xe75d, 0xd6bb, 0xd6db, 0xd6db, 0xa6dd, 0x961a, 0x869d, 0x96de, 0x865c, 0x75ba, 
	0x75ba, 0x759a, 0x759a, 0x759a, 0x759a, 0x759a, 0x759a, 0x759a, 0x5d18, 0x5497, 0x54b7, 0x54b7, 0x54d7, 0x54b7, 0x54b7, 0x54b7, 
	0x54b7, 0x54b7, 0xcedc, 0xdf7e, 0xef9e, 0xe77d, 0x3371, 0x1aaf, 0x1ad0, 0x22f1, 0x3330, 0x4bf3, 0xe75d, 0xef9e, 0xffff, 0xffdf, 
	0xef9e, 0xef9e, 0xe79f, 0xbe5a, 0x1a8f, 0x1ad0, 0x1aaf, 0x22f0, 0x1aaf, 0x4415, 0x8e9d, 0x8e9d, 0x96dd, 0x96dd, 0x96de, 0x863c, 
	0x757a, 0x75ba, 0x759a, 0x6518, 0x4c97, 0x54b8, 0x5c74, 0xaede, 0xf7be, 0xefbe, 0xf79e, 0xffdf, 0xffff, 0xffff, 0xffff, 0xffff, 
	0xffff, 0xffff, 0xffff, 0xef7d, 0xd79f, 0xbebb, 0x96fe, 0x8ebd, 0x8ebd, 0x8ebd, 0x8ebd, 0x8ebd, 0x8ebd, 0x8ebd, 0x8e7d, 0x75ba, 
	0x759a, 0x757a, 0x6d7a, 0x5cd8, 0x9577, 0xe7df, 0xf79e, 0xf79d, 0xef7d, 0xef7d, 0x95fa, 0x226c, 0x1af0, 0x1ab0, 0x1ab0, 0x128f, 
	0x54b6, 0x8e7d, 0x8ebd, 0x96de, 0x863c, 0x6d99, 0x75ba, 0x759a, 0x759a, 0x759a, 0x75ba, 0x759a, 0x5d18, 0x54b7, 0x54d7, 0x54b7, 
	0x54b7, 0x54b7, 0x54d7, 0x54b7, 0x54b8, 0x4c97, 0x4c56, 0x5496, 0xcefc, 0xcefc, 0x2b31, 0x22cf, 0x22f0, 0x2311, 0x3b51, 0x53f3, 
	0xe75d, 0xef9e, 0xffff, 0xffdf, 0xef9e, 0xef9e, 0xe79f, 0xb639, 0x1a8f, 0x22f0, 0x1ad0, 0x22f0, 0x1aaf, 0x4c35, 0x8e9d, 0x8e9d, 
	0x7dba, 0x759a, 0x759a, 0x75ba, 0x6519, 0x54b7, 0x54d8, 0x54b7, 0x54d7, 0x54b7, 0x54d8, 0x54b7, 0x5cd7, 0x64f8, 0xdf1c, 0xf7df, 
	0xf7be, 0xef7d, 0x3b92, 0x22cf, 0x22f0, 0x22f0, 0x22f0, 0x22f0, 0x22af, 0x3b92, 0xf7ff, 0xe75e, 0x3b72, 0x5c55, 0xefbf, 0xef9e, 
	0xdf1c, 0xe75d, 0xf7ff, 0xe79e, 0x96dd, 0x96de, 0x96dd, 0x96dd, 0x96bd, 0x865c, 0x759a, 0x75ba, 0x759a, 0x759a, 0x759a, 0x6d59, 
	0x5cd8, 0x5cf8, 0x6495, 0xaefe, 0xffff, 0xffff, 0xffff, 0xffff, 0xffff, 0xffff, 0xffff, 0xffff, 0xffff, 0xef7d, 0xcf7e, 0xb6bb, 
	0x8ede, 0x8ede, 0x96dd, 0x8e9d, 0x8e9c, 0x8e9c, 0x8e9c, 0x8e9c, 0x8e9c, 0x96dd, 0x96dd, 0x96de, 0x969d, 0x75da, 0x759a, 0x5cd7, 
	0x4cb7, 0x2b92, 0x7473, 0xd79f, 0xef5d, 0xf79e, 0xef7d, 0xef5d, 0xef5d, 0xef5d, 0xbf5f, 0xa6bc, 0x96de, 0x8ebd, 0x863c, 0x7599, 
	0x759a, 0x759a, 0x75ba, 0x759a, 0x75ba, 0x759a, 0x75ba, 0x759a, 0x5d18, 0x54b7, 0x54b7, 0x54b7, 0x54d8, 0x54b7, 0x54d7, 0x54d7, 
	0x64f7, 0x64f7, 0xdf3d, 0xf7df, 0xf7be, 0xe77d, 0x3372, 0x22af, 0x1ad0, 0x22f1, 0x22af, 0x3351, 0xd6db, 0xdf3d, 0xffff, 0xffff, 
	0xf7be, 0xffdf, 0xffff, 0xd6fc, 0x2b10, 0x3331, 0x2b31, 0x3352, 0x2310, 0x5496, 0x9f1e, 0x96de, 0x96dd, 0x96dd, 0x96be, 0x863c, 
	0x7599, 0x7dba, 0x75ba, 0x6538, 0x4cb7, 0x54d8, 0x5c54, 0xb71f, 0xffff, 0xffbe, 0xf79e, 0xffff, 0xffff, 0xffff, 0xffff, 0xffff, 
	0xffff, 0xffff, 0xffff, 0xef5d, 0xcf7f, 0xae9b, 0x8ebe, 0x8ede, 0x96de, 0x96de, 0x96dd, 0x96dd, 0x96de, 0x96de, 0x969d, 0x75ba, 
	0x75ba, 0x75ba, 0x6d9a, 0x4c96, 0x8536, 0xd79f, 0xef7d, 0xf79e, 0xef7d, 0xef7d, 0x9dfa, 0x32ce, 0x3352, 0x2b11, 0x2b11, 0x22f0, 
	0x5d17, 0x9eff, 0x96dd, 0x96dd, 0x861c, 0x7599, 0x7dba, 0x759a, 0x759a, 0x759a, 0x75ba, 0x759a, 0x5cf8, 0x54b7, 0x54d7, 0x54b7, 
	0x54d7, 0x54b7, 0x54d7, 0x54b7, 0x54d7, 0x54b7, 0x5cd7, 0x6518, 0xe79e, 0xe77e, 0x3351, 0x22cf, 0x22f0, 0x22f0, 0x1aaf, 0x3372, 
	0xd6db, 0xdf3d, 0xffff, 0xffff, 0xffdf, 0xffdf, 0xffff, 0xcebb, 0x22f0, 0x3351, 0x2b31, 0x3351, 0x1af0, 0x5496, 0x9f1e, 0x96fe, 
	0x75ba, 0x759a, 0x759a, 0x759a, 0x6519, 0x54b7, 0x54d7, 0x54b7, 0x54d7, 0x54b7, 0x54b7, 0x4c97, 0xcedb, 0xe79f, 0xf79e, 0xf7be, 
	0xf7be, 0xef9e, 0x3b72, 0x22af, 0x1ad0, 0x1ad0, 0x22d0, 0x22d0, 0x228f, 0x3b72, 0xefbf, 0xdf1d, 0x3bb3, 0x3bb3, 0x43f4, 0x4415, 
	0x43d3, 0x5cb7, 0x9efe, 0x9efe, 0x96dd, 0x96fe, 0x96de, 0x867c, 0x759a, 0x75ba, 0x759a, 0x759a, 0x6d9a, 0x6539, 0x5c75, 0x8e1c, 
	0xdf3c, 0xdf1c, 0xdf1c, 0xf7be, 0xffff, 0xffff, 0xffff, 0xffff, 0xffff, 0xffff, 0xffff, 0xffff, 0xffff, 0xef7d, 0xcf7e, 0xb6bb, 
	0x8edd, 0x96fe, 0x96be, 0x33b2, 0x2311, 0x2b31, 0x2b31, 0x2b11, 0x33b2, 0x96be, 0x96fe, 0x96dd, 0x96dd, 0x96dd, 0x8e7d, 0x7599, 
	0x6d5a, 0x54b7, 0x4c76, 0x33b3, 0x84d4, 0xe7ff, 0xf79e, 0xf79e, 0xef7d, 0xe73c, 0xe75c, 0xe75c, 0xa6bd, 0x7d78, 0x75bb, 0x759a, 
	0x759a, 0x759a, 0x75ba, 0x759a, 0x75ba, 0x759a, 0x75ba, 0x759a, 0x5d18, 0x54b7, 0x54d7, 0x54b7, 0x54d7, 0x4cb7, 0x54b7, 0x54b7, 
	0xcefc, 0xe79e, 0xf79e, 0xf7be, 0xf7df, 0xef7d, 0x3352, 0x1a8f, 0x1ad0, 0x22f1, 0x22f0, 0x22f0, 0x2b10, 0x4bf3, 0xffff, 0xe75e, 
	0x4bd2, 0x6cd7, 0xffff, 0xffdf, 0xdefb, 0xe73c, 0xefdf, 0xdf3d, 0x867c, 0x8e9d, 0x96dd, 0x96dd, 0x96de, 0x867c, 0x75ba, 0x75ba, 
	0x759a, 0x75ba, 0x75bb, 0x6518, 0x4c97, 0x4cb8, 0x5c54, 0xb6ff, 0xffff, 0xffff, 0xffff, 0xffff, 0xffff, 0xffff, 0xffff, 0xffff, 
	0xffff, 0xef7d, 0xd79e, 0xb6bb, 0x96de, 0x96dd, 0x96de, 0x96de, 0x96fe, 0x96fe, 0x96de, 0x96de, 0x96fe, 0x96dd, 0x96dd, 0x96dd, 
	0x8e7d, 0x75ba, 0x6d7a, 0x54b7, 0x4c96, 0x33d3, 0x84d4, 0xe7ff, 0xf79e, 0xf79e, 0xe75d, 0xd6fb, 0xdefc, 0xdefc, 0xa6fd, 0x965b, 
	0x8ebd, 0x96de, 0x863c, 0x75ba, 0x75ba, 0x759a, 0x75ba, 0x759a, 0x759a, 0x759a, 0x75ba, 0x759a, 0x5d18, 0x54b7, 0x54d7, 0x54b7, 
	0x54d7, 0x54b7, 0x54d7, 0x54b7, 0x54b7, 0x54b7, 0xd71c, 0xe79e, 0xefbe, 0xe75d, 0x3351, 0x22cf, 0x22f0, 0x22f0, 0x22f0, 0x22f0, 
	0x330f, 0x5434, 0xffff, 0xdf3d, 0x43b2, 0x7517, 0xffff, 0xf7df, 0xdefb, 0xe73c, 0xe7df, 0xd73d, 0x867c, 0x8e9d, 0x96dd, 0x96de, 
	0x75ba, 0x759a, 0x759a, 0x759a, 0x5d18, 0x5497, 0x54d7, 0x54b7, 0x5cf8, 0x6518, 0x6518, 0x64f7, 0xd71c, 0xefdf, 0xe75d, 0xdf3c, 
	0xdf3d, 0xd71c, 0x4bd3, 0x3b51, 0x3372, 0x3351, 0x3b52, 0x3b72, 0x3b31, 0x53f3, 0xefbf, 0xd71d, 0x3bb3, 0x3bb3, 0x3393, 0x33b4, 
	0x3392, 0x4c56, 0x8e7d, 0x867c, 0x867c, 0x8ebd, 0x9efe, 0x969c, 0x85da, 0x85db, 0x85da, 0x85fb, 0x7dfb, 0x7579, 0x6495, 0x9e5c, 
	0xef7d, 0xe71c, 0xd6db, 0xef9e, 0xffff, 0xffff, 0xffff, 0xffff, 0xffff, 0xffff, 0xffff, 0xffff, 0xffff, 0xef7d, 0xcf7e, 0xb6bb, 
	0x8ede, 0x869d, 0x863c, 0x2b51, 0x1aaf, 0x1ad0, 0x22d0, 0x1aaf, 0x2b31, 0x861c, 0x8e7c, 0x96de, 0x96dd, 0x96dd, 0x8e9d, 0x75ba, 
	0x6d7a, 0x54b7, 0x4476, 0x2b72, 0x7cb4, 0xe7ff, 0xf79e, 0xf79e, 0xef7d, 0xe75c, 0xef5c, 0xef5d, 0xa6bd, 0x7d58, 0x75ba, 0x759a, 
	0x759a, 0x759a, 0x75ba, 0x759a, 0x759a, 0x759a, 0x759a, 0x759a, 0x5d18, 0x5497, 0x54b7, 0x54b7, 0x64f8, 0x64f8, 0x64f8, 0x64f8, 
	0xdf3c, 0xefdf, 0xe75d, 0xdf3c, 0xdf5d, 0xd71c, 0x43d3, 0x3330, 0x1ad0, 0x22f0, 0x22f0, 0x22f0, 0x22ae, 0x3b92, 0xf7ff, 0xdf3d, 
	0x3b71, 0x5c76, 0xef9e, 0xe77e, 0xd6fb, 0xe73d, 0xf7ff, 0xdf9e, 0x96dd, 0x96de, 0x8ebd, 0x8ebd, 0x8ebd, 0x865c, 0x757a, 0x759a, 
	0x759a, 0x759a, 0x757a, 0x6539, 0x5cf8, 0x6518, 0x6cb5, 0xbf1f, 0xffff, 0xffff, 0xffff, 0xffff, 0xffff, 0xffff, 0xffff, 0xffff, 
	0xffff, 0xef5d, 0xcf7e, 0xb69b, 0x8ede, 0x8ede, 0x96bd, 0x867c, 0x865c, 0x865c, 0x865c, 0x865c, 0x867c, 0x96bd, 0x96dd, 0x96dd, 
	0x8e9d, 0x75da, 0x759a, 0x5cd7, 0x4c96, 0x2b92, 0x7493, 0xd77f, 0xe75d, 0xf79e, 0xef7d, 0xef5d, 0xef5d, 0xef5d, 0xbf3e, 0xa6bc, 
	0x96de, 0x8ebd, 0x861c, 0x6d9a, 0x759a, 0x759a, 0x75ba, 0x759a, 0x759a, 0x759a, 0x759a, 0x759a, 0x5cf8, 0x54b7, 0x54d7, 0x54b7, 
	0x54d7, 0x54b7, 0x54d7, 0x54b7, 0x64f7, 0x6518, 0xe75d, 0xf7bf, 0xf7bf, 0xe75d, 0x2b31, 0x22cf, 0x1ad0, 0x22f0, 0x1ad0, 0x1ad0, 
	0x1a6e, 0x43b2, 0xf7ff, 0xd71d, 0x3331, 0x5c96, 0xef9e, 0xe77e, 0xd6db, 0xe75d, 0xefff, 0xdf7e, 0x8ebd, 0x96de, 0x8ebd, 0x96de, 
	0x759a, 0x759a, 0x759a, 0x759a, 0x5d19, 0x4cb7, 0x54b7, 0x4c76, 0xc6bb, 0xe7bf, 0xef9d, 0xef9d, 0xf7be, 0xf7be, 0x5cb6, 0x3bb2, 
	0x3bd3, 0x43f4, 0xd6fc, 0xef9e, 0xef7d, 0xef7d, 0xffdf, 0xffdf, 0xffdf, 0xf7be, 0xf7df, 0xdf1c, 0x3bb3, 0x3bb3, 0x3393, 0x3bb3, 
	0x3393, 0x3bd4, 0x33d4, 0x33b4, 0x3b72, 0x7539, 0xffff, 0xffff, 0xffff, 0xffff, 0xffff, 0xffff, 0xffff, 0xf79e, 0xe73c, 0xe75c, 
	0xe7bf, 0x9536, 0x3b50, 0x961b, 0xf77d, 0xffbe, 0xffff, 0xffff, 0xffff, 0xffff, 0xffff, 0xffff, 0xffff, 0xef7d, 0xcf7e, 0xb6bb, 
	0x8ebe, 0x2bb2, 0x22f0, 0x22f0, 0x1ad0, 0x1ad0, 0x22f0, 0x22f0, 0x22f0, 0x22f0, 0x2b91, 0x8e9d, 0x96dd, 0x96dd, 0x8e9d, 0x75ba, 
	0x6d7a, 0x54b7, 0x4cb7, 0x4477, 0x9557, 0xe7ff, 0xf7be, 0xf7be, 0xf7be, 0xf7be, 0xef7d, 0xef5d, 0xa6bd, 0x7d58, 0x759a, 0x6d9a, 
	0x759a, 0x759a, 0x759a, 0x759a, 0x759a, 0x759a, 0x759a, 0x759a, 0x5d19, 0x5497, 0x54b7, 0x4c77, 0xc6bb, 0xe7bf, 0xef7d, 0xef9d, 
	0xf7be, 0xf7be, 0x5c76, 0x3bb3, 0x3bd3, 0x4414, 0xdf3d, 0xdf3d, 0x2b10, 0x1aaf, 0x1ab0, 0x1ab0, 0x228e, 0x3b72, 0xefbf, 0xd6fc, 
	0x3b93, 0x3bb3, 0x3bd4, 0x43f4, 0x3bb3, 0x5cb7, 0x9efe, 0x96fe, 0x96de, 0x96dd, 0x96de, 0x865c, 0x6d9a, 0x75ba, 0x6d9a, 0x6d9a, 
	0x6d9a, 0x6539, 0x5454, 0x963c, 0xe75c, 0xe73c, 0xe73c, 0xf7be, 0xffff, 0xffff, 0xffff, 0xffff, 0xffff, 0xffff, 0xffff, 0xffff, 
	0xffff, 0xef5d, 0xcf7e, 0xb6bb, 0x8edd, 0x96fe, 0x8e9e, 0x2b71, 0x2310, 0x2311, 0x2310, 0x22f0, 0x2b91, 0x96be, 0x96fe, 0x96dd, 
	0x8ebd, 0x8ebd, 0x8e7d, 0x759a, 0x6559, 0x5497, 0x4c76, 0x2b92, 0x84f4, 0xe7ff, 0xf79e, 0xf79e, 0xef7d, 0xe73c, 0xe73c, 0xe75d, 
	0xa6bd, 0x7d78, 0x75ba, 0x6d9a, 0x759a, 0x759a, 0x759a, 0x759a, 0x759a, 0x759a, 0x759a, 0x759a, 0x5cf8, 0x4cb7, 0x54d7, 0x54b7, 
	0x4cb7, 0x4c97, 0x54b7, 0x54b7, 0xd71c, 0xe79f, 0xf79e, 0xf7be, 0xf7df, 0xe75d, 0x2b11, 0x1aaf, 0x1aaf, 0x1ad0, 0x1ab0, 0x1a90, 
	0x1a6e, 0x4392, 0xefdf, 0xcedc, 0x3372, 0x3bb3, 0x3bd4, 0x43f4, 0x3bb3, 0x5cd7, 0x9f1e, 0x96fe, 0x96de, 0x8ebd, 0x8ebe, 0x865c, 
	0x75ba, 0x759a, 0x759a, 0x757a, 0x5d18, 0x54b7, 0x64f8, 0x64f8, 0xd6db, 0xefdf, 0xe75d, 0xdf1c, 0xdf1d, 0xdf1d, 0x5456, 0x3372, 
	0x3393, 0x3bd3, 0xc6bb, 0xdf5d, 0xdf3d, 0xdf3d, 0xef9e, 0xef9e, 0xffff, 0xffdf, 0xdf5e, 0xc6bb, 0x3bb3, 0x3bb3, 0x3bb3, 0x3bd4, 
	0x3bb3, 0x3bd3, 0x33b4, 0x3393, 0x3b51, 0x6d18, 0xef9e, 0xef9e, 0xef7e, 0xef7e, 0xef9e, 0xef9e, 0xef9e, 0xdf3d, 0xd6db, 0xd6db, 
	0xcf1e, 0x84f5, 0x3330, 0x85ba, 0xd6fb, 0xef9e, 0xffff, 0xffff, 0xffff, 0xffff, 0xffff, 0xffff, 0xffff, 0xef7d, 0xd77e, 0xbebb, 
	0x96be, 0x3391, 0x22d0, 0x22f0, 0x22f0, 0x22f0, 0x22f0, 0x22f0, 0x22f0, 0x1ad0, 0x2b71, 0x969e, 0x96de, 0x96dd, 0x8e9d, 0x75ba, 
	0x6d7a, 0x5cd7, 0x54d8, 0x4c97, 0x8d57, 0xd79f, 0xdf3d, 0xdf3c, 0xdf3c, 0xdf3c, 0xe73c, 0xef5d, 0xaedd, 0x8d98, 0x85fb, 0x85fb, 
	0x7dda, 0x759a, 0x75ba, 0x759a, 0x75ba, 0x759a, 0x759a, 0x759a, 0x5d18, 0x54b7, 0x64f8, 0x64f8, 0xd6fc, 0xefdf, 0xe75d, 0xdf3c, 
	0xdf3d, 0xd71d, 0x4c35, 0x3392, 0x3b93, 0x43d4, 0xcefc, 0xcefc, 0x43b2, 0x3b71, 0x3b72, 0x3b72, 0x4351, 0x5414, 0xefbf, 0xd6fc, 
	0x3bb3, 0x3bb3, 0x3393, 0x3bb4, 0x3393, 0x4c76, 0x8e7c, 0x8e7c, 0x867c, 0x8ebd, 0xa6fe, 0x969c, 0x85da, 0x85fb, 0x85db, 0x85db, 
	0x85fb, 0x759a, 0x6cb5, 0xa67c, 0xef7d, 0xdf1b, 0xd6db, 0xef9e, 0xffff, 0xffff, 0xffff, 0xffff, 0xffff, 0xffff, 0xffff, 0xffff, 
	0xffff, 0xef7d, 0xcf7f, 0xb6bb, 0x8edd, 0x869c, 0x861c, 0x2330, 0x22d0, 0x22f0, 0x22d0, 0x1ab0, 0x2b51, 0x863c, 0x8e9c, 0x96dd, 
	0x96dd, 0x96de, 0x8e9d, 0x75ba, 0x6d7a, 0x54b7, 0x4c96, 0x2b92, 0x84d4, 0xe7ff, 0xf79e, 0xf79e, 0xef7d, 0xe75c, 0xe75c, 0xef5d, 
	0xa6bd, 0x7d58, 0x75ba, 0x759a, 0x75ba, 0x759a, 0x7dba, 0x759a, 0x759a, 0x759a, 0x75ba, 0x759a, 0x5cf8, 0x54b7, 0x54d8, 0x54b7, 
	0x6518, 0x6518, 0x6d18, 0x6518, 0xdf3d, 0xefbf, 0xdf3c, 0xdf3c, 0xdf3d, 0xcefc, 0x43b2, 0x3b51, 0x3b72, 0x3b92, 0x3b72, 0x3b72, 
	0x4351, 0x5c34, 0xefdf, 0xcedb, 0x3b93, 0x3bd3, 0x3bb3, 0x3bd4, 0x3393, 0x5497, 0x8e9d, 0x8e7c, 0x867c, 0x8ebd, 0xa6fe, 0x969c, 
	0x759a, 0x759a, 0x5d18, 0x4c97, 0x54b7, 0x4c76, 0xc69b, 0xe7bf, 0xf7be, 0xffdf, 0x64d7, 0x3b72, 0x3bb3, 0x3bd4, 0x3bd3, 0x3393, 
	0x3bb3, 0x3bb3, 0x3bd4, 0x3bd4, 0x3bd4, 0x3bd4, 0x43b2, 0x5434, 0xefbf, 0xdf5d, 0x43d4, 0x3bd3, 0x3bb3, 0x3bb3, 0x3393, 0x3393, 
	0x3393, 0x33b3, 0x3393, 0x3373, 0x3373, 0x3bd4, 0x3bd4, 0x43d4, 0x3bd3, 0x43f4, 0x3bb3, 0x43f4, 0x3bb3, 0x3bd4, 0x3bb3, 0x43f4, 
	0x3bd3, 0x3bd3, 0x3393, 0x3bd4, 0x4370, 0xaebd, 0xffff, 0xffff, 0xffff, 0xf7be, 0xf79e, 0xffff, 0xffff, 0xef7d, 0xe73c, 0xe73c, 
	0xcf5f, 0x536f, 0x1ad0, 0x22f1, 0x22d0, 0x22d0, 0x22f0, 0x22f0, 0x22d0, 0x1ad0, 0x2b71, 0x96be, 0x96fe, 0x96dd, 0x8e9d, 0x75ba, 
	0x759a, 0x759a, 0x6559, 0x5497, 0x54d7, 0x54d7, 0x4c75, 0x33b2, 0x3bd3, 0x3392, 0x9535, 0xe7bf, 0xe75c, 0xe71c, 0xf79e, 0xffff, 
	0xaede, 0x7538, 0x759a, 0x6d9a, 0x759a, 0x759a, 0x5d18, 0x4c97, 0x54b7, 0x4c76, 0xc6bb, 0xe7bf, 0xf7be, 0xf7de, 0x64b6, 0x4392, 
	0x43f4, 0x3bd4, 0x3bb4, 0x3bb3, 0x3bb3, 0x3bb4, 0x3bd3, 0x4414, 0xdf3d, 0xefbf, 0xffff, 0xffff, 0xffdf, 0xffdf, 0xf7df, 0xd6fc, 
	0x3b93, 0x3bb3, 0x3bb3, 0x3bd4, 0x3bb3, 0x3bb3, 0x33b3, 0x3bf4, 0x3b71, 0x7d79, 0xffff, 0xffff, 0xffff, 0xffff, 0xffff, 0xffff, 
	0xffff, 0xf7be, 0xe73c, 0xef5c, 0xe7bf, 0x9536, 0x3b50, 0x9e5c, 0xf77d, 0xffde, 0xffff, 0xffff, 0xffff, 0xffff, 0xffff, 0xffff, 
	0xffff, 0xef7d, 0xcf7e, 0xb6bb, 0x8e9e, 0x2bb2, 0x1ad0, 0x1ad0, 0x22f0, 0x22f0, 0x22d0, 0x22d0, 0x22f0, 0x22f0, 0x33b2, 0x96be, 
	0x96dd, 0x96dd, 0x8e9d, 0x75ba, 0x6d7a, 0x5497, 0x54b8, 0x4c97, 0x9d77, 0xe7ff, 0xf7be, 0xf7be, 0xf7be, 0xf7be, 0xef7d, 0xef5d, 
	0xa69d, 0x7d58, 0x6d9a, 0x6d9a, 0x759a, 0x759a, 0x75ba, 0x759a, 0x759a, 0x759a, 0x75ba, 0x759a, 0x5d18, 0x54b7, 0x54b7, 0x4c97, 
	0xcedc, 0xe7bf, 0xf79d, 0xf79e, 0xf7df, 0xef9e, 0x5455, 0x43b3, 0x3bd3, 0x4c14, 0xdf3d, 0xef9e, 0xef9d, 0xf79e, 0xffff, 0xffff, 
	0xffdf, 0xffdf, 0xf7ff, 0xcedb, 0x3393, 0x3bb3, 0x3bb3, 0x3bd3, 0x3bb3, 0x3bd4, 0x3bd4, 0x3bf4, 0x3b71, 0x7d9a, 0xffff, 0xffff, 
	0x8dfb, 0x8dfa, 0x7579, 0x6d38, 0x6d38, 0x6d18, 0xcedb, 0xefdf, 0xdf3d, 0xd71c, 0x5c96, 0x3b72, 0x3393, 0x3bb4, 0x3bd4, 0x3bb3, 
	0x3bb3, 0x3bb3, 0x3bb4, 0x3bb4, 0x3bb3, 0x33b3, 0x3b92, 0x43f4, 0xcefd, 0xbe9b, 0x3bb3, 0x3bb3, 0x3bb3, 0x43f4, 0x5455, 0x5c75, 
	0x5c55, 0x5c75, 0x5455, 0x5455, 0x5455, 0x5435, 0x3393, 0x3bb3, 0x3393, 0x3bb4, 0x3393, 0x3bd4, 0x3393, 0x3bb3, 0x3393, 0x3bd4, 
	0x3393, 0x3bb4, 0x33b4, 0x3bb4, 0x3b50, 0xa69d, 0xffff, 0xffff, 0xffff, 0xf7be, 0xef9e, 0xffff, 0xffff, 0xef7d, 0xef5c, 0xef5c, 
	0xd75f, 0x536f, 0x1ad0, 0x2311, 0x22d0, 0x22f0, 0x22f0, 0x22f0, 0x22f0, 0x22d0, 0x2b51, 0x85fc, 0x867c, 0x96dd, 0x8e9d, 0x75ba, 
	0x75ba, 0x75ba, 0x6d5a, 0x54b7, 0x54d8, 0x54b7, 0x4c76, 0x33b3, 0x3bd3, 0x2b71, 0x7cf5, 0xc6fd, 0xdefb, 0xef5d, 0xe77d, 0xe75d, 
	0xaebd, 0x8db9, 0x861b, 0x85fb, 0x8dfb, 0x85fb, 0x7579, 0x6d18, 0x6d38, 0x6d18, 0xd6fc, 0xefdf, 0xdf3d, 0xd71c, 0x5476, 0x3b92, 
	0x3bd4, 0x33b3, 0x3bb4, 0x33b3, 0x3bb3, 0x3bb4, 0x3bb3, 0x43d4, 0xcedc, 0xd73d, 0xe75d, 0xe77e, 0xffff, 0xffdf, 0xd73d, 0xbe7a, 
	0x3bb3, 0x3bb3, 0x3bb3, 0x3bd4, 0x3bb3, 0x3bb3, 0x3393, 0x3bd4, 0x3b51, 0x7518, 0xe77e, 0xe77e, 0xe77e, 0xe77e, 0xe77e, 0xe77e, 
	0xe77e, 0xdf1c, 0xcebb, 0xcebb, 0xc71e, 0x7cf5, 0x3b50, 0x8dda, 0xd6db, 0xef9e, 0xffff, 0xffff, 0xffff, 0xffff, 0xffff, 0xffff, 
	0xffff, 0xef5d, 0xd77e, 0xbedb, 0x9ebe, 0x3391, 0x1ab0, 0x1ad0, 0x22f0, 0x22f0, 0x22f0, 0x22f0, 0x22f0, 0x22d0, 0x3392, 0x96be, 
	0x96dd, 0x96dd, 0x8e9d, 0x75ba, 0x6d7a, 0x5cd7, 0x54f8, 0x4c97, 0x8d77, 0xcf7f, 0xdf1c, 0xd6fc, 0xd71c, 0xd6fc, 0xdf1c, 0xe77d, 
	0xb6bd, 0x8db8, 0x85fb, 0x85fb, 0x7ddb, 0x759a, 0x75ba, 0x759a, 0x759a, 0x759a, 0x759a, 0x6d79, 0x5cf8, 0x54b7, 0x6d18, 0x6d18, 
	0xdf1c, 0xefdf, 0xdf1c, 0xd6fc, 0xd71d, 0xcefc, 0x4c15, 0x3b93, 0x3bb3, 0x43f4, 0xcedc, 0xd73d, 0xd71c, 0xdf1c, 0xe75e, 0xe77e, 
	0xffff, 0xffdf, 0xd73d, 0xb65a, 0x3393, 0x3bb3, 0x33b3, 0x3bb4, 0x3393, 0x3bb4, 0x3393, 0x3bb4, 0x3351, 0x7538, 0xe77e, 0xe77e, 
	0xf7be, 0xf7be, 0xf7be, 0xf7be, 0xf7be, 0xf7be, 0xf7be, 0xffdf, 0x6cf7, 0x3b71, 0x3bd4, 0x3393, 0x3393, 0x33b3, 0x3bd3, 0x3bb3, 
	0x33b3, 0x33b3, 0x3bb3, 0x3bb3, 0x33b3, 0x3393, 0x3bb3, 0x3bb3, 0x3bb3, 0x3bb3, 0x3393, 0x33b4, 0x3351, 0x5475, 0xffff, 0xffff, 
	0xffff, 0xffff, 0xffff, 0xffff, 0xf7ff, 0xc69b, 0x2b52, 0x3393, 0x3373, 0x3393, 0x3393, 0x3bd4, 0x3393, 0x3bb3, 0x3393, 0x3bd4, 
	0x3393, 0x33b3, 0x3393, 0x3bb4, 0x3b50, 0x9e3c, 0xf77d, 0xffde, 0xffff, 0xf7be, 0xf79e, 0xffff, 0xffff, 0xffff, 0xffff, 0xef7d, 
	0xcf5f, 0x536f, 0x1ad0, 0x22f0, 0x1ad0, 0x22d0, 0x22f0, 0x22d0, 0x22d0, 0x1ad0, 0x22f0, 0x1aaf, 0x2b91, 0x96be, 0x8e9d, 0x6db9, 
	0x759a, 0x759a, 0x6559, 0x4c96, 0x54d7, 0x54b7, 0x54b7, 0x54b7, 0x4c55, 0x3392, 0x3bd3, 0x2b71, 0x9d76, 0xf7ff, 0x961b, 0x2aee, 
	0x9db7, 0xefff, 0xef9e, 0xef9e, 0xf7be, 0xf7be, 0xf7be, 0xf7be, 0xf7be, 0xf7be, 0xf7be, 0xffdf, 0x64d7, 0x3b72, 0x33b4, 0x3393, 
	0x3bb4, 0x3bb3, 0x33b3, 0x3393, 0x3bb3, 0x3bb3, 0x3bb3, 0x3393, 0x3393, 0x3bb4, 0x3b92, 0x5435, 0xefbf, 0xdf3d, 0x3bb3, 0x3bb3, 
	0x33b3, 0x33b3, 0x3373, 0x3393, 0x3373, 0x3393, 0x3372, 0x33b3, 0x3373, 0x33b3, 0x33b3, 0x3bb4, 0x3bb3, 0x3bd4, 0x33b3, 0x33b3, 
	0x3bb3, 0x3bd4, 0x3bb3, 0x3bb4, 0x3bb3, 0x3bb4, 0x3393, 0x3bd4, 0x4350, 0xaebe, 0xffff, 0xffff, 0xffff, 0xf7be, 0xf79e, 0xffff, 
	0xffff, 0xef5d, 0xe73c, 0xe75c, 0xcf5f, 0x4b4f, 0x12b0, 0x1ad0, 0x22f0, 0x22f0, 0x22d0, 0x1ad0, 0x22d0, 0x1aaf, 0x3391, 0x96de, 
	0x96fe, 0x96dd, 0x8e9d, 0x759a, 0x759a, 0x759a, 0x6d7a, 0x5497, 0x54d7, 0x54d7, 0x4c76, 0x3392, 0x3bd3, 0x2b71, 0x9535, 0xe7bf, 
	0xef5c, 0xe73c, 0xf7be, 0xffff, 0xa6de, 0x7538, 0x759a, 0x6d7a, 0x759a, 0x759a, 0x5cf8, 0x4c96, 0x4c97, 0x4c76, 0xcebb, 0xefdf, 
	0xf7be, 0xf7be, 0x5c96, 0x3b92, 0x3bb4, 0x3393, 0x3393, 0x3bb3, 0x3bb3, 0x3bb3, 0x3bb3, 0x3bb3, 0x3bb3, 0x3bd4, 0x3b92, 0x5455, 
	0xefdf, 0xd71c, 0x3bb3, 0x3bb3, 0x3393, 0x33b3, 0x3373, 0x3393, 0x2b73, 0x3393, 0x3373, 0x3393, 0x2b73, 0x3393, 0x3bb3, 0x3bd4, 
	0xdf3d, 0xcebb, 0xcebb, 0xcebb, 0xcedc, 0xd6dc, 0xcedc, 0xd6fc, 0x5cb6, 0x3b71, 0x3bb4, 0x3393, 0x3393, 0x33b3, 0x3bd3, 0x3bb3, 
	0x33b3, 0x33b3, 0x3bb3, 0x3bb3, 0x3bd3, 0x3bb3, 0x3bb3, 0x3bd3, 0x3bb3, 0x3bb3, 0x3bb3, 0x43f4, 0x5c54, 0x7d38, 0xffff, 0xffff, 
	0xffff, 0xffff, 0xffff, 0xffff, 0xffff, 0xd6db, 0x5434, 0x5c55, 0x5455, 0x4c34, 0x3bb3, 0x3bd4, 0x3bb3, 0x3bd3, 0x3bb3, 0x3bd4, 
	0x3bb3, 0x3bd3, 0x33b3, 0x3bd4, 0x4371, 0x8dba, 0xceba, 0xef7e, 0xffff, 0xf79e, 0xef7d, 0xf7df, 0xffdf, 0xffdf, 0xffdf, 0xef7d, 
	0xcf5f, 0x536f, 0x22f0, 0x2311, 0x22f0, 0x22f0, 0x22f0, 0x22f0, 0x22f0, 0x22f0, 0x2311, 0x3372, 0x4434, 0x96be, 0x969d, 0x75ba, 
	0x75ba, 0x75ba, 0x6d7a, 0x54d7, 0x5cf8, 0x54b7, 0x54d7, 0x54b7, 0x4c76, 0x3392, 0x3bd3, 0x2b71, 0x8d36, 0xcf5e, 0x95fa, 0x53f1, 
	0xb618, 0xefff, 0xf79e, 0xf7be, 0xdf3c, 0xcebb, 0xcedb, 0xcedb, 0xd6fc, 0xd6fc, 0xd6fc, 0xd6fc, 0x5c96, 0x3b72, 0x3bb4, 0x3bb4, 
	0x3bd4, 0x3bb3, 0x3bd3, 0x3bb3, 0x3bb3, 0x3bd3, 0x3bd4, 0x3bb3, 0x33b3, 0x3bb4, 0x3b92, 0x4c34, 0xcefd, 0xbe7b, 0x3bb3, 0x3bb3, 
	0x3bb3, 0x43f4, 0x5c75, 0x5c96, 0x5c75, 0x5c76, 0x5c75, 0x6496, 0x5c76, 0x5455, 0x3393, 0x3bb4, 0x3bb3, 0x3bd4, 0x33b3, 0x33b3, 
	0x3bb3, 0x3bd4, 0x3bb3, 0x3bb3, 0x3bb3, 0x3bd4, 0x33b3, 0x3bd4, 0x4350, 0xae9d, 0xffff, 0xffff, 0xffff, 0xf7be, 0xf79e, 0xffff, 
	0xffff, 0xef7d, 0xef5c, 0xef5c, 0xcf5f, 0x536f, 0x1ad0, 0x1ad0, 0x22f0, 0x22f0, 0x22f0, 0x22f0, 0x22f0, 0x22d0, 0x3391, 0x861b, 
	0x865b, 0x96dd, 0x8e9d, 0x75ba, 0x759a, 0x759a, 0x6d7a, 0x54b7, 0x54d7, 0x54b7, 0x4c76, 0x3bd3, 0x3bf3, 0x2b71, 0x7cd4, 0xbedc, 
	0xdefb, 0xef7d, 0xe75d, 0xdf3d, 0xaebd, 0x8dd9, 0x8e1b, 0x8dfb, 0x8dfb, 0x8dfb, 0x7d9a, 0x6d38, 0x7558, 0x6d38, 0xd6fc, 0xefdf, 
	0xd71d, 0xd6fc, 0x5455, 0x3b92, 0x3bd4, 0x3393, 0x3bb3, 0x3bd4, 0x3bd4, 0x3bb3, 0x3bb3, 0x3bb3, 0x3bb3, 0x3bb4, 0x3b92, 0x4c34, 
	0xcefd, 0xbe7a, 0x3bb3, 0x3bb3, 0x3b93, 0x43f4, 0x5c75, 0x5c76, 0x5c75, 0x5c96, 0x5c75, 0x5c76, 0x5476, 0x4c14, 0x3393, 0x3bd4, 
	0x7538, 0x1a6d, 0x1af0, 0x1ab0, 0x3372, 0x33b3, 0x3393, 0x2b73, 0x3393, 0x2b73, 0x3393, 0x2b73, 0x3373, 0x3393, 0x3bb4, 0x3393, 
	0x3393, 0x3393, 0x33b3, 0x33b3, 0x33b3, 0x33b3, 0x33b3, 0x3bb3, 0x33b4, 0x33b3, 0x3352, 0x4c35, 0xffff, 0xffff, 0xffff, 0xffff, 
	0xf79e, 0xf79e, 0xf7be, 0xffde, 0xffff, 0xffdf, 0xe73c, 0xe73c, 0xdf9f, 0xa5d8, 0x2b52, 0x33b4, 0x3393, 0x33b3, 0x3393, 0x3bd4, 
	0x3393, 0x3bb3, 0x3393, 0x3bd4, 0x3393, 0x33b4, 0x4350, 0xa65c, 0xf79d, 0xef5c, 0xe73c, 0xe73c, 0xe73c, 0xe75c, 0xe73c, 0xef7d, 
	0xd77f, 0x536f, 0x1ad0, 0x22f0, 0x1ad0, 0x1ad0, 0x22f0, 0x22f0, 0x22d0, 0x1aaf, 0x2b71, 0x969d, 0x96de, 0x96dd, 0x8e9d, 0x75ba, 
	0x759a, 0x759a, 0x759a, 0x759a, 0x6d7a, 0x54b7, 0x54b7, 0x54b7, 0x4c55, 0x2b92, 0x3bb3, 0x3392, 0x33b2, 0x2331, 0x9d76, 0xefff, 
	0xf7be, 0xffbe, 0xf7be, 0xffff, 0x6cf7, 0x1a6d, 0x22f0, 0x1ad0, 0x3393, 0x3bb3, 0x3393, 0x3373, 0x3393, 0x2b73, 0x3393, 0x3393, 
	0x3bb3, 0x33b3, 0x3bb3, 0x3393, 0x33b3, 0x3bb3, 0x3bb4, 0x3393, 0x3393, 0x3bb3, 0x33b3, 0x3bb3, 0x33b3, 0x33b3, 0x33b3, 0x33b4, 
	0x3351, 0x5c96, 0xffff, 0xffff, 0xffff, 0xffff, 0xffff, 0xffff, 0xf7ff, 0xbe7a, 0x2b52, 0x3393, 0x3373, 0x3bb4, 0x3393, 0x3393, 
	0x3393, 0x3bd4, 0x3393, 0x33b3, 0x3393, 0x3bb4, 0x3393, 0x3bd4, 0x4350, 0x9e5c, 0xf77d, 0xffde, 0xffff, 0xf7be, 0xf79e, 0xffff, 
	0xffff, 0xffff, 0xffff, 0xef7d, 0xcf5f, 0x4b4f, 0x12b0, 0x1ad0, 0x22f0, 0x22f0, 0x1ad0, 0x1ad0, 0x22f0, 0x22d0, 0x22f0, 0x1a8f, 
	0x2b91, 0x96be, 0x8e9d, 0x6db9, 0x759a, 0x759a, 0x6d7a, 0x5497, 0x54b7, 0x54b7, 0x54d7, 0x54b7, 0x4c75, 0x2b92, 0x2b92, 0x2351, 
	0xa5b7, 0xffff, 0x8dfa, 0x2ace, 0xa5b7, 0xefff, 0xf79e, 0xf79e, 0xf7be, 0xf7de, 0xf7be, 0xf7be, 0xf7be, 0xf7be, 0xf7be, 0xf7df, 
	0x5c96, 0x3b71, 0x3bb3, 0x33b3, 0x3bb3, 0x3393, 0x3393, 0x3bb3, 0x3bb4, 0x33b3, 0x33b3, 0x33b3, 0x33b3, 0x3bb3, 0x33b3, 0x33b3, 
	0x3393, 0x3bb4, 0x33b3, 0x33b3, 0x3351, 0x5cb6, 0xffff, 0xffff, 0xffff, 0xffff, 0xffff, 0xffff, 0xf7ff, 0xb619, 0x2b32, 0x33b4, 
	0x64b6, 0x228e, 0x22f0, 0x22d0, 0x3372, 0x3372, 0x5c55, 0x6496, 0x64b6, 0x64b6, 0x64b6, 0x5c96, 0x43d4, 0x3bb3, 0x3bd4, 0x3bb3, 
	0x3bb3, 0x3bb3, 0x3bb3, 0x3bb3, 0x3bb3, 0x3bb3, 0x3bb3, 0x3bd3, 0x3bb3, 0x43d4, 0x6475, 0x7d38, 0xffff, 0xffff, 0xffff, 0xffff, 
	0xef9e, 0xef9e, 0xd73d, 0xdf5d, 0xe77e, 0xe77e, 0xef5d, 0xef5d, 0xe77e, 0xbe19, 0x5455, 0x5435, 0x3bb3, 0x3bd3, 0x3bb3, 0x3bd4, 
	0x3bb3, 0x3bb3, 0x3bb3, 0x3bd4, 0x3bb3, 0x3bd4, 0x4371, 0x8dda, 0xce9a, 0xdf1c, 0xe75c, 0xe73c, 0xe73c, 0xe75c, 0xe75d, 0xce9a, 
	0xae7c, 0x4b70, 0x22f0, 0x2311, 0x22f0, 0x22f0, 0x22f0, 0x22f0, 0x22f0, 0x22d0, 0x3391, 0x969e, 0x96dd, 0x96dd, 0x969d, 0x75ba, 
	0x75ba, 0x759a, 0x759a, 0x759a, 0x6d7a, 0x54b7, 0x54d7, 0x54b7, 0x4c96, 0x3bf3, 0x3bf3, 0x33b2, 0x4c13, 0x5474, 0xadf8, 0xefff, 
	0xdf1c, 0xc69a, 0xc6bb, 0xcedc, 0x5c75, 0x228e, 0x2311, 0x22d0, 0x3372, 0x3372, 0x5c55, 0x6496, 0x64b6, 0x6496, 0x6496, 0x5c96, 
	0x43f4, 0x3bb3, 0x3bd3, 0x3bb3, 0x3bb3, 0x3bb3, 0x3bd4, 0x3bb3, 0x3bb3, 0x3bd3, 0x3bd3, 0x3bd3, 0x3bb3, 0x3bb3, 0x3bb3, 0x43f4, 
	0x6475, 0x8579, 0xffff, 0xffff, 0xffff, 0xffff, 0xffff, 0xffff, 0xffff, 0xcebb, 0x5c34, 0x6475, 0x5c76, 0x5455, 0x3bb3, 0x3bb3, 
	0x3bb3, 0x43f4, 0x3bb3, 0x3bd3, 0x3bb3, 0x3bd4, 0x3bb3, 0x3bd4, 0x4371, 0x8dba, 0xce9a, 0xe77e, 0xffff, 0xf79e, 0xef9d, 0xf7de, 
	0xffdf, 0xffdf, 0xffdf, 0xef5d, 0xcf5f, 0x536f, 0x1ad0, 0x1af0, 0x22f0, 0x22f0, 0x22f0, 0x22f0, 0x22f0, 0x22f0, 0x2b31, 0x3b93, 
	0x4454, 0x96be, 0x969d, 0x759a, 0x759a, 0x759a, 0x757a, 0x5cd7, 0x5cf8, 0x54b7, 0x54d7, 0x54d7, 0x4c75, 0x3392, 0x33b2, 0x2b71, 
	0x8d56, 0xcf3e, 0x95d9, 0x5c12, 0xb639, 0xefff, 0xf79e, 0xf7be, 0xd71c, 0xc69a, 0xc6bb, 0xc69b, 0xcedb, 0xcedb, 0xcedc, 0xcedc, 
	0x5c76, 0x3b92, 0x3bd4, 0x3bb3, 0x3bd4, 0x3bb3, 0x3bb3, 0x3bd4, 0x3bd4, 0x3bb3, 0x3bb3, 0x3bb3, 0x3bb3, 0x3bd4, 0x3bd3, 0x3bd3, 
	0x3bb3, 0x3bd4, 0x3bb3, 0x43f4, 0x6474, 0x8579, 0xffff, 0xffff, 0xffff, 0xffff, 0xffff, 0xffff, 0xffff, 0xc69a, 0x5c34, 0x6496, 
	0x1ad0, 0x128f, 0x1aaf, 0x128f, 0x1ad0, 0x0a4e, 0xbe5a, 0xffff, 0xffff, 0xffff, 0xffdf, 0xf7be, 0x5456, 0x3351, 0x3393, 0x2b73, 
	0x3393, 0x33b3, 0x3bb3, 0x3bb3, 0x3bb3, 0x33b3, 0x3393, 0x33b4, 0x3352, 0x4c15, 0xffff, 0xffff, 0xffff, 0xffff, 0xffff, 0xffff, 
	0xf7df, 0xdf1c, 0x6d7a, 0x6d7a, 0x7558, 0x965c, 0xffdf, 0xf79d, 0xe73c, 0xef3c, 0xe7bf, 0xa5b7, 0x2352, 0x33b4, 0x3393, 0x3bd4, 
	0x3393, 0x3bb3, 0x3393, 0x3bd4, 0x3393, 0x3bb4, 0x3394, 0x33b4, 0x4350, 0xa69d, 0xf79d, 0xef7c, 0xef7c, 0xf77d, 0xdf9f, 0x536f, 
	0x128f, 0x1af1, 0x22d0, 0x22f0, 0x1ad0, 0x1ad0, 0x22f0, 0x22f0, 0x22d0, 0x1aaf, 0x2b71, 0x969e, 0x96de, 0x96de, 0x8e9d, 0x75ba, 
	0x759a, 0x759a, 0x759a, 0x759a, 0x6d7a, 0x54b7, 0x54b7, 0x54b7, 0x54d7, 0x54b7, 0x4c76, 0x2351, 0x9556, 0xf7ff, 0xffbe, 0xffff, 
	0x7538, 0x122c, 0x1ab0, 0x128f, 0x1ad0, 0x128f, 0x1ad0, 0x128f, 0x1ad0, 0x126e, 0xc67a, 0xffff, 0xffff, 0xffff, 0xf7df, 0xf7be, 
	0x5456, 0x3351, 0x2b93, 0x2b73, 0x3393, 0x3bb3, 0x3bb4, 0x3393, 0x3393, 0x3bb3, 0x3bb3, 0x3bb3, 0x33b3, 0x33b3, 0x3351, 0x5456, 
	0xffff, 0xffff, 0xffff, 0xffff, 0xf79e, 0xf79e, 0xf7be, 0xffde, 0xffff, 0xffdf, 0xe73c, 0xef5c, 0xe79f, 0xa5b7, 0x2352, 0x2b93, 
	0x3393, 0x3bd4, 0x3393, 0x33b3, 0x3393, 0x3bb4, 0x3393, 0x3bd4, 0x3393, 0x33b4, 0x3b50, 0xa67d, 0xf79d, 0xef3c, 0xe73c, 0xe73c, 
	0xe73c, 0xe73c, 0xe73c, 0xef7d, 0xd77f, 0x4b4f, 0x12b0, 0x1ad0, 0x22f0, 0x22f0, 0x1ad0, 0x1ad0, 0x22d0, 0x1aaf, 0x3391, 0x96be, 
	0x96de, 0x96dd, 0x8e9d, 0x759a, 0x759a, 0x759a, 0x759a, 0x759a, 0x6d5a, 0x5497, 0x54b8, 0x54b7, 0x4c55, 0x2b92, 0x3392, 0x3392, 
	0x33b3, 0x2331, 0x9d97, 0xefff, 0xf7be, 0xffbe, 0xf7de, 0xffff, 0x64b6, 0x1a6d, 0x1af0, 0x1aaf, 0x2b72, 0x3393, 0x3393, 0x2b72, 
	0x3393, 0x2b73, 0x3393, 0x3373, 0x33b3, 0x3393, 0x3393, 0x3bb3, 0x3bb3, 0x3393, 0x3393, 0x33b3, 0x3bb3, 0x3bb4, 0x33b3, 0x33b3, 
	0x33b3, 0x33b4, 0x3351, 0x5c96, 0xffff, 0xffff, 0xffff, 0xffdf, 0xef9e, 0xf79e, 0xf7be, 0xffdf, 0xffff, 0xffde, 0xe73c, 0xef5c, 
	0x6454, 0x5c34, 0x5c54, 0x5c34, 0x5c54, 0x53f3, 0xcebb, 0xffff, 0xd6fd, 0xc69b, 0xe77d, 0xf7bf, 0x8558, 0x6c95, 0x6cf7, 0x6cd6, 
	0x43d4, 0x3bb3, 0x3bb3, 0x3bb3, 0x33b3, 0x3393, 0x3393, 0x3bd4, 0x6c95, 0x7d38, 0xffff, 0xffff, 0xffff, 0xffff, 0xffff, 0xf7df, 
	0xcf3e, 0xbebc, 0x6d9a, 0x6d9a, 0x7579, 0x8e1c, 0xcedc, 0xd71c, 0xef5d, 0xef5c, 0xe77e, 0xb618, 0x5c76, 0x5414, 0x3373, 0x3bb4, 
	0x3393, 0x33b3, 0x3393, 0x3bb3, 0x3393, 0x33b3, 0x3393, 0x33b4, 0x3b51, 0x8dba, 0xbe7a, 0xb639, 0xb619, 0xb639, 0xa63b, 0x434f, 
	0x12af, 0x1ad0, 0x1ad0, 0x22f0, 0x1acf, 0x1ad0, 0x1ad0, 0x1ad0, 0x1ad0, 0x1aaf, 0x2b51, 0x969e, 0x96de, 0x8e7c, 0x865c, 0x759a, 
	0x759a, 0x759a, 0x759a, 0x759a, 0x6d7a, 0x5497, 0x54b7, 0x4c97, 0x54b7, 0x54b7, 0x4455, 0x2351, 0x7cd5, 0xbedd, 0xc69b, 0xc6bb, 
	0x8558, 0x53d2, 0x5c34, 0x5414, 0x5c34, 0x5413, 0x5c34, 0x5414, 0x5434, 0x4bd2, 0xcedb, 0xf7ff, 0xd6fc, 0xc69b, 0xe77d, 0xefbe, 
	0x7d58, 0x6495, 0x6cd7, 0x64b6, 0x3bb4, 0x3393, 0x33b4, 0x3393, 0x3393, 0x3bb4, 0x3bb3, 0x3bb3, 0x3bb3, 0x43f4, 0x6c95, 0x8579, 
	0xffff, 0xffff, 0xffff, 0xffff, 0xefbe, 0xef7d, 0xcf1d, 0xd73d, 0xdf7e, 0xdf7e, 0xef5d, 0xef5d, 0xe77e, 0xb619, 0x5c76, 0x4c14, 
	0x3393, 0x3bd4, 0x33b3, 0x3bb3, 0x3bb3, 0x3bd4, 0x3bb3, 0x3bd4, 0x33b3, 0x33b4, 0x4371, 0x8dda, 0xc67a, 0xdf1c, 0xe75c, 0xe75c, 
	0xe73c, 0xe75c, 0xe75d, 0xc659, 0xa63b, 0x434f, 0x1ad0, 0x1ad0, 0x22f0, 0x22f0, 0x22d0, 0x22d0, 0x22f0, 0x22d0, 0x3392, 0x96be, 
	0x96dd, 0x96dd, 0x8e9d, 0x7599, 0x759a, 0x759a, 0x75ba, 0x759a, 0x6d5a, 0x5497, 0x54d7, 0x54b7, 0x4c76, 0x3bd3, 0x33d3, 0x3392, 
	0x5454, 0x5c95, 0xb618, 0xefff, 0xd6fc, 0xc659, 0xc67b, 0xc69b, 0x5455, 0x228e, 0x2310, 0x1ad0, 0x2b52, 0x3372, 0x5c75, 0x64b6, 
	0x6cd6, 0x6cb6, 0x64b6, 0x64b6, 0x43f4, 0x3393, 0x3393, 0x3bb4, 0x3bd3, 0x3bb3, 0x3bb3, 0x3bb3, 0x3bb3, 0x3bb3, 0x3bb3, 0x33b3, 
	0x3393, 0x43f4, 0x6c95, 0x8579, 0xffff, 0xffff, 0xffff, 0xffdf, 0xef9e, 0xe77d, 0xd71d, 0xd73d, 0xdf7e, 0xdf7e, 0xef5d, 0xef5d, 
	0xffff, 0xffff, 0xffff, 0xffff, 0xffff, 0xffdf, 0xffdf, 0xffff, 0x5434, 0x122c, 0xc67a, 0xf7ff, 0xffde, 0xffde, 0xffff, 0xffff, 
	0x5455, 0x3372, 0x3393, 0x3393, 0x33b3, 0x3393, 0x3372, 0x4c14, 0xffff, 0xffff, 0xffff, 0xffff, 0xffff, 0xffff, 0xffff, 0xe77e, 
	0x6d79, 0x757a, 0x6d9a, 0x6d9a, 0x6d9a, 0x6559, 0x4c34, 0x85db, 0xffff, 0xf79e, 0xef5c, 0xef5c, 0xe7bf, 0x9d76, 0x2332, 0x33b4, 
	0x3393, 0x33b3, 0x3393, 0x3bb3, 0x3393, 0x33b3, 0x3393, 0x33b3, 0x3393, 0x33b3, 0x2b73, 0x1ad0, 0x12af, 0x1ad0, 0x128f, 0x1ad0, 
	0x1acf, 0x1ad0, 0x1ad0, 0x1ad0, 0x1acf, 0x1acf, 0x1ad0, 0x1ad0, 0x1ad0, 0x128f, 0x2330, 0x969e, 0x8e9d, 0x6d99, 0x759a, 0x759a, 
	0x759a, 0x759a, 0x759a, 0x759a, 0x6d7a, 0x4c96, 0x4cb7, 0x4c97, 0x54b7, 0x54b7, 0x4455, 0x2b72, 0x2b92, 0x2b71, 0x2b92, 0x1b10, 
	0xadd8, 0xffff, 0xffff, 0xffff, 0xffff, 0xffff, 0xffff, 0xffff, 0xffff, 0xffdf, 0xf7df, 0xffff, 0x4c14, 0x124d, 0xcebb, 0xf7ff, 
	0xffde, 0xffde, 0xffff, 0xffff, 0x4c35, 0x3372, 0x33b4, 0x3393, 0x3393, 0x33b3, 0x3393, 0x3393, 0x3351, 0x4c35, 0xffff, 0xffff, 
	0xffff, 0xffff, 0xffff, 0xffff, 0xefdf, 0xd6fc, 0x6d7a, 0x6d9a, 0x7558, 0x9e7c, 0xffdf, 0xef9d, 0xe73c, 0xef5c, 0xe7bf, 0x9d76, 
	0x2332, 0x33b4, 0x3393, 0x33b3, 0x3393, 0x3bb3, 0x3393, 0x3bb4, 0x3393, 0x33b3, 0x3394, 0x33b4, 0x4330, 0xae9d, 0xf79d, 0xef7c, 
	0xef7c, 0xf77d, 0xd79f, 0x534f, 0x128f, 0x1ad0, 0x1ab0, 0x1ab0, 0x22f0, 0x22d0, 0x1ad0, 0x1ad0, 0x22d0, 0x1aaf, 0x2b91, 0x96be, 
	0x96dd, 0x96de, 0x8e9d, 0x7599, 0x759a, 0x759a, 0x759a, 0x759a, 0x6559, 0x4c96, 0x54d7, 0x54b7, 0x54d7, 0x54b7, 0x4435, 0x2351, 
	0xa596, 0xf7ff, 0xffde, 0xffff, 0x74f7, 0x120c, 0x12b0, 0x0a6f, 0x12af, 0x128f, 0x1ad0, 0x128f, 0x12af, 0x0a6e, 0xcebb, 0xffff, 
	0xffff, 0xffff, 0xffdf, 0xf79e, 0x4c35, 0x2b31, 0x2b73, 0x2b93, 0x33b3, 0x3393, 0x3393, 0x33b3, 0x3393, 0x33b3, 0x33b3, 0x3393, 
	0x2b51, 0x5455, 0xffff, 0xffff, 0xffff, 0xffff, 0xffff, 0xffff, 0xefdf, 0xd6fc, 0x6d7a, 0x6d9a, 0x7558, 0x9e7d, 0xffdf, 0xef9d, 
	0xdf3d, 0xc67a, 0xc69b, 0xc69b, 0xbe7a, 0xb65a, 0xb65a, 0xbe7a, 0x4bf4, 0x22ae, 0x9577, 0xb67b, 0xb65a, 0xb65a, 0xf7bf, 0xffff, 
	0x5475, 0x3b92, 0x3bd3, 0x3bd3, 0x3bd4, 0x3bd4, 0x3bb3, 0x4c35, 0xf7df, 0xffff, 0xffff, 0xffff, 0xffff, 0xffff, 0xf7ff, 0xe77e, 
	0x7dfb, 0x85fb, 0x7dfb, 0x7ddb, 0x75ba, 0x759a, 0x64d7, 0x7dba, 0xcefc, 0xc6bc, 0xc67a, 0xd6fc, 0xef9f, 0xb618, 0x64b6, 0x5c55, 
	0x3bb3, 0x3bd4, 0x3bb3, 0x43d4, 0x3bb3, 0x43d4, 0x3bb3, 0x43d4, 0x3bb3, 0x3bb3, 0x3372, 0x2311, 0x22f0, 0x2b31, 0x22f0, 0x22f0, 
	0x2310, 0x2b10, 0x2b10, 0x2b10, 0x22f0, 0x22f0, 0x2b10, 0x2310, 0x2b31, 0x43f4, 0x4c75, 0x96be, 0x96be, 0x75ba, 0x7dba, 0x75ba, 
	0x7dba, 0x75ba, 0x759a, 0x6d79, 0x6d59, 0x54b7, 0x54d8, 0x54b7, 0x5cd7, 0x5cd7, 0x4c75, 0x33b2, 0x3bd3, 0x33b2, 0x5c54, 0x64b6, 
	0xc67a, 0xf7ff, 0xffff, 0xffff, 0xd73d, 0xc67a, 0xc6bb, 0xc6bb, 0xbe7b, 0xb65a, 0xbe5a, 0xbe7b, 0x4bf3, 0x22af, 0x9d98, 0xb67b, 
	0xbe5a, 0xbe5a, 0xf7df, 0xffff, 0x5455, 0x43b2, 0x3bd4, 0x3bb4, 0x3bb3, 0x3bd4, 0x3bb3, 0x43f4, 0x6cd6, 0x8578, 0xffff, 0xffff, 
	0xffff, 0xffff, 0xffff, 0xf7df, 0xcf3e, 0xbe9c, 0x759a, 0x75ba, 0x7d79, 0x8e1c, 0xcedc, 0xd71d, 0xef7d, 0xef5d, 0xe79e, 0xb5f8, 
	0x6496, 0x5c55, 0x3bb3, 0x3bd4, 0x3bb3, 0x3bd4, 0x3bb3, 0x43d4, 0x3bb3, 0x3bd4, 0x3bb4, 0x3bd4, 0x4391, 0x8dda, 0xbe7a, 0xb639, 
	0xb619, 0xb619, 0xa63b, 0x4b70, 0x22f0, 0x2311, 0x22f0, 0x22f0, 0x2b10, 0x2b10, 0x22f0, 0x22f0, 0x22f0, 0x22d0, 0x33b2, 0x96be, 
	0x96dd, 0x8e9c, 0x8e5c, 0x75ba, 0x75ba, 0x759a, 0x7dba, 0x75ba, 0x6d7a, 0x54b7, 0x54d7, 0x54b7, 0x54d7, 0x54d7, 0x4c55, 0x2b92, 
	0x8516, 0xbedc, 0xbe9a, 0xc6bb, 0x8558, 0x5c13, 0x6475, 0x5c54, 0x6454, 0x5c54, 0x6475, 0x5c54, 0x5c54, 0x5413, 0xd6fc, 0xf7ff, 
	0xcefc, 0xc69b, 0xef7e, 0xefbe, 0x8558, 0x6cb5, 0x6cd7, 0x6cf7, 0x43f4, 0x3bb3, 0x3bb3, 0x3bd3, 0x3bd4, 0x43d4, 0x3bd4, 0x43f4, 
	0x6cd6, 0x8599, 0xffff, 0xffff, 0xffff, 0xffff, 0xffff, 0xf7bf, 0xcf3e, 0xbe9c, 0x759a, 0x75ba, 0x7d99, 0x8e3c, 0xcedc, 0xd71d, 
	0x7517, 0x1a4c, 0x12b0, 0x128f, 0x1ad0, 0x128f, 0x1ad0, 0x128f, 0x22d0, 0x1ad0, 0x1ad0, 0x128f, 0x128f, 0x1aaf, 0xdf5d, 0xffff, 
	0x4c35, 0x3351, 0x3393, 0x33b4, 0x33b4, 0x3393, 0x3392, 0x4c14, 0xf7df, 0xffff, 0xffff, 0xffff, 0xffff, 0xffff, 0xefbf, 0xe77d, 
	0x96fe, 0x96fe, 0x96de, 0x867d, 0x6d79, 0x759a, 0x75ba, 0x6539, 0x4477, 0x4cb8, 0x5454, 0x8e3c, 0xfffe, 0xf79d, 0xe7bf, 0x9556, 
	0x2332, 0x2b93, 0x2b52, 0x33b4, 0x3393, 0x3bb3, 0x3393, 0x3bd4, 0x3bb3, 0x2311, 0x126f, 0x128f, 0x128f, 0x1ad0, 0x128f, 0x128f, 
	0x128f, 0x12af, 0x1aaf, 0x22f0, 0x1ad0, 0x1ad0, 0x22d0, 0x1aaf, 0x2330, 0x96be, 0x96fe, 0x96de, 0x969d, 0x75ba, 0x759a, 0x759a, 
	0x759a, 0x75ba, 0x6559, 0x4c96, 0x54d7, 0x54b7, 0x54b7, 0x54b7, 0x54d7, 0x54b7, 0x4c55, 0x3392, 0x2b92, 0x1b30, 0xa5b7, 0xffff, 
	0xffde, 0xf79d, 0xf7be, 0xffff, 0x6cd7, 0x122c, 0x1ad0, 0x128f, 0x1ad0, 0x128f, 0x1ab0, 0x12af, 0x22f0, 0x1ad0, 0x1ab0, 0x12af, 
	0x1aaf, 0x1aaf, 0xe77e, 0xffff, 0x4c14, 0x3352, 0x33b4, 0x3393, 0x3393, 0x33b4, 0x3b92, 0x5435, 0xffff, 0xffff, 0xffff, 0xffff, 
	0xffff, 0xffff, 0xffff, 0xe77e, 0x6d59, 0x6d7a, 0x757a, 0x759a, 0x75bb, 0x6559, 0x4c34, 0x85fb, 0xffff, 0xf79d, 0xef5c, 0xef5c, 
	0xe7bf, 0x9d56, 0x2332, 0x3393, 0x3393, 0x3bb3, 0x3393, 0x3bd4, 0x3393, 0x33b3, 0x3393, 0x3bb4, 0x3393, 0x3393, 0x3393, 0x2311, 
	0x12af, 0x1ab0, 0x1aaf, 0x22f0, 0x22d0, 0x22f0, 0x1ad0, 0x1ad0, 0x22f0, 0x22f0, 0x1ad0, 0x1ad0, 0x22d0, 0x1a8f, 0x2b71, 0x96be, 
	0x8e9d, 0x6d99, 0x759a, 0x759a, 0x759a, 0x759a, 0x759a, 0x75ba, 0x6d5a, 0x5497, 0x54d7, 0x54b7, 0x54d7, 0x54b7, 0x4435, 0x2b92, 
	0x33b2, 0x2b71, 0x2b72, 0x1af0, 0xadf8, 0xffff, 0xffff, 0xffff, 0xffff, 0xffff, 0xffff, 0xffff, 0xffff, 0xffff, 0xffdf, 0xffdf, 
	0x43d3, 0x126d, 0xd6db, 0xf7ff, 0xfffe, 0xffff, 0xffff, 0xffff, 0x4c35, 0x3372, 0x3393, 0x3393, 0x33b3, 0x3bb3, 0x3b92, 0x5455, 
	0xffff, 0xffff, 0xffff, 0xffff, 0xffff, 0xffff, 0xffff, 0xdf5d, 0x6d59, 0x759a, 0x759a, 0x759a, 0x75bb, 0x6539, 0x4c34, 0x8e1c, 
	0x5c75, 0x22ae, 0x2310, 0x22f0, 0x2b11, 0x22d0, 0x2b11, 0x22d0, 0x2b11, 0x22f0, 0x2b11, 0x22d0, 0x22d0, 0x22f0, 0x9db9, 0xb67b, 
	0x8537, 0x74f6, 0x43f4, 0x3bb3, 0x3bb4, 0x33b3, 0x3b92, 0x4c15, 0xef9e, 0xf7df, 0xffff, 0xffff, 0xffff, 0xffff, 0xefbf, 0xdf1c, 
	0x6d78, 0x7dda, 0x96de, 0x8e9d, 0x7dfb, 0x7dfb, 0x759a, 0x6d59, 0x5cf8, 0x5cf8, 0x5475, 0x7dba, 0xc6bb, 0xcefc, 0xe79e, 0xb5f8, 
	0x6cb6, 0x7517, 0x7518, 0x5c54, 0x3393, 0x3bd4, 0x33b3, 0x3393, 0x3351, 0x5435, 0x6454, 0x6474, 0x6c95, 0x6cb5, 0x6c95, 0x6c95, 
	0x6c95, 0x6c95, 0x6496, 0x3310, 0x22d0, 0x22d0, 0x2310, 0x4414, 0x4c75, 0x969d, 0x96de, 0x867c, 0x865c, 0x75ba, 0x759a, 0x759a, 
	0x759a, 0x6d59, 0x5d39, 0x54b7, 0x54d8, 0x54b7, 0x54b7, 0x54b7, 0x54d7, 0x54b7, 0x4c75, 0x2b92, 0x5454, 0x6cf6, 0xbe59, 0xf7ff, 
	0xf7be, 0xf7be, 0xcedc, 0xb639, 0x5455, 0x228e, 0x22f0, 0x22d0, 0x22f0, 0x22d0, 0x22f0, 0x22d0, 0x22f0, 0x22d0, 0x22f0, 0x22f0, 
	0x22f0, 0x22f0, 0xa5d9, 0xb67b, 0x7d37, 0x74f6, 0x43f4, 0x3393, 0x3393, 0x3bb4, 0x3b92, 0x5435, 0xffff, 0xffff, 0xffff, 0xffff, 
	0xffff, 0xffff, 0xf7ff, 0xe75d, 0x7dfb, 0x7dfb, 0x7dfb, 0x7dfb, 0x759a, 0x6d79, 0x5cd7, 0x7dba, 0xbebc, 0xbe9b, 0xbe5a, 0xcefc, 
	0xef9f, 0xb618, 0x6cd7, 0x5434, 0x3393, 0x3bd4, 0x3bb3, 0x3bd4, 0x3bb3, 0x3bb3, 0x3bb3, 0x3bd4, 0x3bb3, 0x3392, 0x3372, 0x2b11, 
	0x22d0, 0x22f0, 0x22d0, 0x22f0, 0x22d0, 0x22f0, 0x1ad0, 0x1ad0, 0x22f0, 0x22f0, 0x22d0, 0x22d0, 0x2310, 0x4414, 0x54b5, 0x96be, 
	0x8e9d, 0x75ba, 0x759a, 0x759a, 0x759a, 0x759a, 0x759a, 0x6d59, 0x6539, 0x54b7, 0x54d7, 0x54b7, 0x54d7, 0x54d7, 0x4435, 0x3392, 
	0x3bd3, 0x3392, 0x5c74, 0x6cf6, 0xc69a, 0xf7ff, 0xffdf, 0xffff, 0xcefc, 0xbe3a, 0xbe7b, 0xb65a, 0xb63a, 0xae19, 0xae3a, 0xae3a, 
	0x4392, 0x22af, 0x9597, 0xae3a, 0xae19, 0xb619, 0xf7df, 0xf7df, 0x4c35, 0x3b92, 0x33b3, 0x3bb3, 0x3393, 0x33b4, 0x3372, 0x4c35, 
	0xffff, 0xffff, 0xffff, 0xffff, 0xffff, 0xffff, 0xf7ff, 0xdf5d, 0x7ddb, 0x7dfb, 0x7dfb, 0x7dfb, 0x6d9a, 0x6559, 0x5cb6, 0x7ddb, 
	0x1ad0, 0x1ad0, 0x1ad0, 0x1acf, 0x22f0, 0x1acf, 0x22f0, 0x1acf, 0x22f0, 0x1ad0, 0x22f0, 0x1ab0, 0x1ab0, 0x1ad0, 0x1aaf, 0x1a8f, 
	0xdf3d, 0xffff, 0x4414, 0x3351, 0x33b3, 0x3393, 0x3372, 0x43f4, 0xe73c, 0xef9e, 0xffff, 0xffff, 0xffff, 0xffff, 0xffff, 0xcebb, 
	0x126e, 0x3bb3, 0x9f1e, 0x96fe, 0x96de, 0x8e7c, 0x757a, 0x759a, 0x75ba, 0x6559, 0x4c97, 0x4cb8, 0x5434, 0x8e1b, 0xf79d, 0xef5c, 
	0xef5c, 0xffff, 0xffff, 0xa577, 0x2b73, 0x3393, 0x2b73, 0x1af1, 0x1a2b, 0x9e3c, 0xf79d, 0xffff, 0xffff, 0xffff, 0xffff, 0xffff, 
	0xffff, 0xffff, 0xefff, 0x430e, 0x0a6f, 0x128f, 0x1b0f, 0x969d, 0x96fe, 0x96de, 0x8ebd, 0x6db9, 0x759a, 0x759a, 0x759a, 0x759a, 
	0x6d7a, 0x4c96, 0x4c97, 0x4c97, 0x54d7, 0x54b7, 0x54b7, 0x4c97, 0x54b7, 0x54b7, 0x4455, 0x2351, 0x9d76, 0xffff, 0xffff, 0xffbe, 
	0xffbe, 0xffff, 0x6cf7, 0x09eb, 0x1ad0, 0x1ad0, 0x22f0, 0x1acf, 0x22f0, 0x1aaf, 0x1ad0, 0x1ad0, 0x22f0, 0x1acf, 0x1ad0, 0x1ad0, 
	0x22f0, 0x1ad0, 0x1a8f, 0x1aaf, 0xe75d, 0xf7ff, 0x43f4, 0x2b31, 0x3393, 0x33b4, 0x3b72, 0x4c35, 0xffff, 0xffff, 0xffff, 0xffff, 
	0xffff, 0xffff, 0xefbf, 0xdf7d, 0x96fe, 0x96fe, 0x96de, 0x867d, 0x6d79, 0x759a, 0x75bb, 0x6539, 0x4477, 0x4cb8, 0x5434, 0x8e3c, 
	0xffff, 0xf79d, 0xe7bf, 0x9515, 0x2332, 0x2b93, 0x2b52, 0x33b3, 0x3393, 0x33b3, 0x3393, 0x3bb4, 0x3393, 0x1ad0, 0x128f, 0x12af, 
	0x128f, 0x12af, 0x128f, 0x12af, 0x128f, 0x12af, 0x126f, 0x12b0, 0x22f0, 0x22f0, 0x1ad0, 0x128f, 0x2330, 0x96be, 0x96fe, 0x96de, 
	0x8e9d, 0x6d99, 0x759a, 0x759a, 0x759a, 0x759a, 0x6d7a, 0x4c96, 0x54b7, 0x4c97, 0x54b7, 0x4cb7, 0x54d7, 0x54b7, 0x4435, 0x2b72, 
	0x33b2, 0x1b10, 0xadd8, 0xffff, 0xffdf, 0xf77d, 0xf7be, 0xffff, 0x6496, 0x122d, 0x1ab0, 0x128f, 0x12af, 0x128f, 0x1aaf, 0x128f, 
	0x1ad0, 0x1ad0, 0x1ab0, 0x128f, 0x1a8f, 0x1aaf, 0xef9e, 0xffff, 0x43f4, 0x3352, 0x3393, 0x33b3, 0x3393, 0x33b4, 0x3372, 0x4c35, 
	0xffff, 0xffff, 0xffff, 0xffff, 0xffff, 0xffdf, 0xefbf, 0xdf5d, 0x96fe, 0x96fe, 0x96de, 0x867c, 0x6d7a, 0x6d9a, 0x75ba, 0x6539, 
	0x43d3, 0x22cf, 0x2b11, 0x22f0, 0x2b11, 0x22f0, 0x2b11, 0x22f0, 0x2b11, 0x22f0, 0x2b11, 0x22d0, 0x22d0, 0x22f0, 0x2b10, 0x2af0, 
	0x9578, 0xa5fa, 0x8558, 0x7d17, 0x43d4, 0x3bb3, 0x3bb3, 0x43f4, 0xa5d9, 0xb65a, 0xf7be, 0xf7de, 0xf7df, 0xef7d, 0xa61a, 0x8d57, 
	0x22cf, 0x3b93, 0x6d79, 0x75da, 0x96de, 0x8e7d, 0x759a, 0x759a, 0x759a, 0x6d59, 0x54b7, 0x54d8, 0x5496, 0x7d9a, 0xbe5a, 0xcf1d, 
	0xef9e, 0xd6bb, 0xa63b, 0x7495, 0x2b31, 0x5c96, 0x7d17, 0x7cf7, 0x7c94, 0xc6dd, 0xf79e, 0xf7de, 0xffdf, 0xf7de, 0xffdf, 0xffdf, 
	0xffdf, 0xffff, 0xefff, 0x9515, 0x64d7, 0x5434, 0x4c95, 0x8e9d, 0x96de, 0x867c, 0x865c, 0x75ba, 0x759a, 0x759a, 0x759a, 0x6d59, 
	0x6539, 0x54b7, 0x54b7, 0x54b7, 0x5cd7, 0x54b7, 0x54d7, 0x54b7, 0x54d8, 0x54d7, 0x4c76, 0x2b71, 0x9d76, 0xf7ff, 0xd71d, 0xb618, 
	0xae3a, 0xb65a, 0x8d78, 0x6c94, 0x43b3, 0x22cf, 0x2b11, 0x22f0, 0x2b11, 0x22d0, 0x22f0, 0x22f0, 0x2b10, 0x22f0, 0x22f0, 0x22f0, 
	0x2b11, 0x22f0, 0x22f0, 0x2b10, 0x9598, 0xa5fa, 0x7d58, 0x74f6, 0x3bd4, 0x3bd4, 0x3bb2, 0x5455, 0xefbe, 0xf7df, 0xffff, 0xffff, 
	0xffff, 0xffff, 0xefbf, 0xd71c, 0x6d58, 0x7dda, 0x96de, 0x8ebd, 0x861b, 0x7dfb, 0x759a, 0x6d79, 0x5d18, 0x5d18, 0x5496, 0x7dba, 
	0xc69b, 0xcf1c, 0xe79e, 0xb5f8, 0x74d6, 0x7d38, 0x7d58, 0x5c55, 0x3bb3, 0x3bd4, 0x3bb3, 0x3bb3, 0x3b51, 0x5455, 0x6c74, 0x6cb5, 
	0x74b5, 0x74b6, 0x74b5, 0x74b6, 0x74b5, 0x74b6, 0x6496, 0x3310, 0x2b11, 0x2b11, 0x2b31, 0x4c35, 0x54b5, 0x96bd, 0x96dd, 0x8e7c, 
	0x863c, 0x75ba, 0x7dba, 0x75ba, 0x759a, 0x6d59, 0x6539, 0x54b7, 0x54d7, 0x54b7, 0x5cd8, 0x54b7, 0x5cd8, 0x54d7, 0x4c55, 0x3392, 
	0x6495, 0x7517, 0xc69a, 0xf7ff, 0xf7be, 0xf7be, 0xc6bb, 0xadf9, 0x5434, 0x22cf, 0x2b11, 0x22f0, 0x2b11, 0x22f0, 0x2b11, 0x22f0, 
	0x2b10, 0x22f0, 0x2b10, 0x2310, 0x2b10, 0x2b10, 0x9dd9, 0xae5b, 0x8558, 0x74f6, 0x43d4, 0x3bb3, 0x3bd3, 0x3bd4, 0x3b92, 0x5455, 
	0xf7be, 0xf7df, 0xffff, 0xffff, 0xffff, 0xffff, 0xefdf, 0xd6fc, 0x6d58, 0x7dfa, 0x96de, 0x8e9d, 0x7e1b, 0x7dfb, 0x759a, 0x7579, 
	0x7518, 0x226d, 0x1af0, 0x1ad0, 0x22f0, 0x1acf, 0x22f0, 0x1acf, 0x22f0, 0x1ad0, 0x22f0, 0x1aaf, 0x1aaf, 0x1ad0, 0x22f0, 0x1ad0, 
	0x128f, 0x1aaf, 0xe77e, 0xf7ff, 0x43d4, 0x2b52, 0x2b73, 0x2b93, 0x2b31, 0x3bd4, 0xe73c, 0xef7d, 0xef9e, 0xce9a, 0x128e, 0x1aaf, 
	0x1ad0, 0x22f0, 0x126e, 0x3bb3, 0x96fe, 0x8e7c, 0x757a, 0x759a, 0x759a, 0x6559, 0x4c97, 0x54d7, 0x4cb7, 0x4cb7, 0x5433, 0xa69d, 
	0xffff, 0x8cd4, 0x022e, 0x12b0, 0x1a2c, 0x95fb, 0xf79d, 0xffff, 0xffff, 0xffff, 0xffff, 0xf7be, 0xef9e, 0xf79e, 0xef9e, 0xef9e, 
	0xf79e, 0xffff, 0xffff, 0xffff, 0xefff, 0xb6bc, 0x8ede, 0x8efe, 0x8ebe, 0x6dba, 0x759a, 0x759a, 0x759a, 0x759a, 0x6d7a, 0x5497, 
	0x54b7, 0x54b7, 0x4c97, 0x4c97, 0x54d7, 0x54b7, 0x54b7, 0x4c97, 0x54b8, 0x54b8, 0x4475, 0x2351, 0x9555, 0xffff, 0x8dda, 0x330e, 
	0x2b92, 0x1b31, 0xadd7, 0xffff, 0x6cf7, 0x1a6d, 0x1af0, 0x1ad0, 0x22f0, 0x1acf, 0x1ad0, 0x1ad0, 0x22f0, 0x1acf, 0x1ad0, 0x1ad0, 
	0x22f0, 0x1ad0, 0x22f0, 0x1acf, 0x128e, 0x22d0, 0xef9e, 0xf7df, 0x43d4, 0x3b93, 0x3392, 0x4c35, 0xe75c, 0xef9d, 0xffff, 0xffff, 
	0xffff, 0xffff, 0xffff, 0xce9a, 0x0a4d, 0x3bf3, 0x9f1e, 0x96fe, 0x96de, 0x867c, 0x6d9a, 0x759a, 0x75ba, 0x6d59, 0x4cb7, 0x4c97, 
	0x5434, 0x963c, 0xf79d, 0xef5d, 0xef5c, 0xffff, 0xffff, 0x9d56, 0x2b73, 0x3393, 0x2b73, 0x1af1, 0x1a2b, 0xa67c, 0xf79d, 0xffff, 
	0xffff, 0xffff, 0xffff, 0xffff, 0xffff, 0xffff, 0xe7ff, 0x3aee, 0x128f, 0x12b0, 0x2310, 0x969e, 0x971e, 0x96de, 0x8ebe, 0x6d99, 
	0x759a, 0x759a, 0x759a, 0x75ba, 0x6d7a, 0x4c96, 0x54b7, 0x54b7, 0x54b7, 0x54b7, 0x54d7, 0x54b7, 0x54d7, 0x54b7, 0x4435, 0x2351, 
	0xa5b7, 0xffff, 0xffff, 0xffbe, 0xffbe, 0xffff, 0x64b7, 0x09eb, 0x12b0, 0x1ad0, 0x22f0, 0x1acf, 0x22f0, 0x1ad0, 0x22f0, 0x1ad0, 
	0x22f0, 0x1ad0, 0x22f0, 0x1ad0, 0x1af0, 0x1ab0, 0x126e, 0x22d0, 0xef9e, 0xf7df, 0x3bd3, 0x3352, 0x3393, 0x33b4, 0x3b92, 0x4c35, 
	0xe75d, 0xef9e, 0xffff, 0xffff, 0xffff, 0xffff, 0xffff, 0xc659, 0x0a4d, 0x43f4, 0x9f1f, 0x96fe, 0x96de, 0x865c, 0x6d79, 0x75ba, 
	0x7d38, 0x2a8d, 0x2311, 0x22f0, 0x2b11, 0x22f0, 0x2b11, 0x22f0, 0x2b11, 0x22f0, 0x2b11, 0x22d0, 0x22d0, 0x22f0, 0x2b11, 0x22f0, 
	0x22f0, 0x2b10, 0x9577, 0x9dd9, 0x8537, 0x8537, 0x8537, 0x8537, 0x8d78, 0x8d98, 0xa5d9, 0xa5d9, 0x9db8, 0x8516, 0x2af0, 0x2b10, 
	0x2af0, 0x2b11, 0x22f0, 0x4414, 0x9efe, 0x8e7c, 0x759a, 0x75ba, 0x75ba, 0x6d59, 0x54b7, 0x5cf8, 0x54d7, 0x54d8, 0x5c95, 0x85fb, 
	0xb6dd, 0x7cf6, 0x3371, 0x5c96, 0x7c94, 0xbebc, 0xf7be, 0xffdf, 0xffff, 0xffdf, 0xffdf, 0xf7be, 0xf79e, 0xf79e, 0xf79e, 0xf79e, 
	0xf79e, 0xf7df, 0xffdf, 0xf7be, 0xe7df, 0xd73d, 0xb75f, 0x965c, 0x863c, 0x75ba, 0x75ba, 0x75ba, 0x7dba, 0x75ba, 0x759a, 0x5cd7, 
	0x54d7, 0x54d7, 0x54d7, 0x54d7, 0x5cd8, 0x54b7, 0x54d7, 0x54d7, 0x54b7, 0x4c55, 0x4c35, 0x3392, 0x74b4, 0xa67b, 0x7517, 0x3b71, 
	0x3bd3, 0x3372, 0xadf8, 0xf7ff, 0x7517, 0x2a8d, 0x2b11, 0x22f0, 0x2b11, 0x22f0, 0x2b10, 0x22f0, 0x2b11, 0x22f0, 0x22f0, 0x22f0, 
	0x2b11, 0x2af0, 0x2b11, 0x22f0, 0x2af0, 0x3331, 0x9598, 0x9598, 0x43d4, 0x3bb3, 0x3bb3, 0x4c15, 0x9db8, 0xae3a, 0xf7be, 0xf7be, 
	0xf7df, 0xe75d, 0x9dd9, 0x8516, 0x1acf, 0x3b93, 0x6558, 0x75da, 0x96de, 0x8e7c, 0x759a, 0x759a, 0x75ba, 0x6d59, 0x54b7, 0x54b7, 
	0x5496, 0x7dba, 0xb639, 0xcf1d, 0xef9e, 0xce9a, 0x9dfa, 0x6454, 0x2b30, 0x64b6, 0x8537, 0x7d17, 0x84d5, 0xcefd, 0xf79e, 0xf7be, 
	0xf7df, 0xf7bf, 0xf7df, 0xf7bf, 0xf7be, 0xffff, 0xefff, 0x9535, 0x7517, 0x5c75, 0x54b6, 0x8ebd, 0x96be, 0x865c, 0x863c, 0x75ba, 
	0x759a, 0x759a, 0x759a, 0x6d59, 0x6539, 0x54b7, 0x54d7, 0x54b7, 0x54d7, 0x54b7, 0x54d7, 0x54b7, 0x54d7, 0x54d7, 0x4455, 0x2b72, 
	0xa597, 0xf7ff, 0xcefc, 0xadf8, 0xae19, 0xae19, 0x8d57, 0x74b5, 0x43b2, 0x22cf, 0x2b11, 0x22f0, 0x22f0, 0x22f0, 0x2b11, 0x22f0, 
	0x22f0, 0x22f0, 0x2b10, 0x22f0, 0x2b11, 0x22d0, 0x22cf, 0x2b31, 0x9598, 0x9dd9, 0x8558, 0x7d17, 0x3bd4, 0x3bd3, 0x3bb3, 0x4c14, 
	0xa5d8, 0xb65a, 0xf7be, 0xf7be, 0xf7df, 0xe75d, 0x9df9, 0x8516, 0x1acf, 0x3bd3, 0x6558, 0x7dda, 0x96de, 0x865c, 0x759a, 0x7dba, 
	0x8558, 0x224c, 0x1af0, 0x1ad0, 0x22f0, 0x1acf, 0x22f0, 0x1acf, 0x22f0, 0x1ad0, 0x22f0, 0x1aaf, 0x1ab0, 0x1ad0, 0x22f0, 0x1acf, 
	0x1ad0, 0x1ad0, 0x128f, 0x22f0, 0xe73c, 0xf7be, 0xef5c, 0xf77d, 0xffff, 0xef9e, 0x2b52, 0x2311, 0x0a4e, 0x0a6f, 0x126f, 0x1ab0, 
	0x1ad0, 0x22f0, 0x12af, 0x3bf4, 0x96fe, 0x867c, 0x757a, 0x759a, 0x759a, 0x6539, 0x4c97, 0x54b8, 0x4c97, 0x54b7, 0x4cb7, 0x4cb7, 
	0x4497, 0x4cb7, 0x5454, 0x9e9d, 0xf79d, 0xffde, 0xffff, 0xffff, 0xffff, 0xffbe, 0xf79e, 0xf7be, 0xf7be, 0xf7be, 0xf7be, 0xf7be, 
	0xf7be, 0xf7be, 0xf7be, 0xe75c, 0xef3c, 0xffff, 0xe7ff, 0x8d77, 0x657a, 0x6d9a, 0x759a, 0x759a, 0x759a, 0x759a, 0x6d7a, 0x54b7, 
	0x54b7, 0x54b7, 0x4c97, 0x4c97, 0x54d7, 0x54b7, 0x54b7, 0x54b7, 0x4c75, 0x2b72, 0x33b2, 0x3392, 0x2b72, 0x1b30, 0x2b72, 0x2351, 
	0x2b72, 0x1b10, 0xb618, 0xffff, 0x7517, 0x1a4d, 0x1af0, 0x1ad0, 0x22f0, 0x1aaf, 0x1ad0, 0x1ad0, 0x22f0, 0x1acf, 0x1ad0, 0x1ad0, 
	0x22f0, 0x1ad0, 0x1ad0, 0x1acf, 0x1ad0, 0x1ad0, 0x12b0, 0x128f, 0x2352, 0x2b93, 0x2b73, 0x2b73, 0x2311, 0x3bd4, 0xef5d, 0xef7d, 
	0xefbf, 0xc67a, 0x126e, 0x1aaf, 0x1ad0, 0x1ad0, 0x0a6e, 0x43f4, 0x96fe, 0x867c, 0x6d9a, 0x759a, 0x759a, 0x6559, 0x4c97, 0x4c97, 
	0x4cb7, 0x4cb8, 0x5433, 0xa6be, 0xffff, 0x8cb4, 0x022e, 0x12b0, 0x1a2c, 0x95fb, 0xf79d, 0xffff, 0xffff, 0xffff, 0xffff, 0xf7be, 
	0xef9e, 0xef9e, 0xef9e, 0xef9e, 0xf79e, 0xffff, 0xffff, 0xffff, 0xefff, 0xb6dc, 0x8ede, 0x8efe, 0x8ebd, 0x6db9, 0x759a, 0x759a, 
	0x759a, 0x759a, 0x6d7a, 0x4c96, 0x4cb7, 0x4c97, 0x54b7, 0x54b7, 0x54b7, 0x4cb7, 0x54d7, 0x4cb7, 0x54b8, 0x54b8, 0x4435, 0x2351, 
	0x9d76, 0xffff, 0x85b9, 0x2b0e, 0x2b92, 0x1b31, 0xb5f8, 0xffff, 0x6cb6, 0x1a6d, 0x22f0, 0x1ad0, 0x1ad0, 0x1acf, 0x22f0, 0x1ad0, 
	0x22f0, 0x1ad0, 0x22f0, 0x1ad0, 0x22f0, 0x1ab0, 0x1ab0, 0x1ad0, 0x1a8e, 0x22f0, 0xefbf, 0xefbf, 0x3b93, 0x3372, 0x2b93, 0x2b73, 
	0x2311, 0x4414, 0xef7d, 0xef7d, 0xefbf, 0xc659, 0x0a6e, 0x1aaf, 0x1ad0, 0x22f0, 0x126e, 0x4415, 0x96ff, 0x865c, 0x6d79, 0x759a, 
	0x5434, 0x1a8e, 0x1ad0, 0x1ab0, 0x22f0, 0x1acf, 0x22f0, 0x1acf, 0x22f0, 0x1acf, 0x22f0, 0x1aaf, 0x1ab0, 0x1ad0, 0x22f0, 0x1acf, 
	0x1ad0, 0x1ad0, 0x1ad0, 0x22f0, 0x8d36, 0x9598, 0xef7d, 0xf7be, 0xf7bf, 0xe77d, 0x95b9, 0x9598, 0x8537, 0x8537, 0x8537, 0x74b5, 
	0x22d0, 0x22f0, 0x1acf, 0x43f4, 0x96fe, 0x8e7c, 0x759a, 0x759a, 0x759a, 0x6d79, 0x5d18, 0x5d18, 0x54b7, 0x54d7, 0x54b7, 0x54d8, 
	0x5496, 0x7579, 0x9db8, 0xc71d, 0xf79e, 0xffdf, 0xffff, 0xe79e, 0xcf7e, 0xcf5e, 0xc73e, 0xbedc, 0xbebc, 0xbebc, 0xbebc, 0xbebc, 
	0xbebc, 0xbebc, 0xc6bb, 0xdf7e, 0xef7d, 0xffde, 0xefdf, 0xc6bb, 0xa6bd, 0x7d99, 0x759a, 0x759a, 0x759a, 0x6539, 0x6539, 0x54b7, 
	0x54d7, 0x54b7, 0x54b7, 0x54b7, 0x54d7, 0x54b7, 0x4c96, 0x4435, 0x4414, 0x3392, 0x3bd3, 0x3392, 0x5c74, 0x8578, 0x8d98, 0x8d98, 
	0x8d78, 0x8557, 0x9598, 0x9db8, 0x5434, 0x22ae, 0x22f0, 0x22d0, 0x22f0, 0x22d0, 0x22f0, 0x22d0, 0x22f0, 0x22d0, 0x22f0, 0x22f0, 
	0x22f0, 0x22d0, 0x22f0, 0x22d0, 0x22f0, 0x22f0, 0x22f0, 0x22f0, 0x7d16, 0x8558, 0x8557, 0x8557, 0x8d98, 0x8d99, 0x9db8, 0x9db8, 
	0x8d78, 0x7cd5, 0x22d0, 0x22f0, 0x22d0, 0x22f0, 0x1aaf, 0x4c35, 0x9efe, 0x867c, 0x759a, 0x759a, 0x759a, 0x6d59, 0x54b7, 0x54b7, 
	0x54b7, 0x54d8, 0x5c95, 0x85db, 0xae9d, 0x74d6, 0x3371, 0x5c96, 0x7cb4, 0xc6dc, 0xf7be, 0xffff, 0xffff, 0xffdf, 0xffdf, 0xf7be, 
	0xf79e, 0xf79e, 0xf79e, 0xf79e, 0xf79e, 0xf7df, 0xffdf, 0xf7be, 0xe7df, 0xd73d, 0xb75f, 0x965b, 0x863c, 0x75ba, 0x759a, 0x759a, 
	0x759a, 0x759a, 0x6d7a, 0x54b7, 0x54d7, 0x54b7, 0x54d7, 0x54b7, 0x54d7, 0x54b7, 0x54d7, 0x54b7, 0x5496, 0x4435, 0x3bf4, 0x2b72, 
	0x74b5, 0xa63a, 0x64d6, 0x3370, 0x3bd3, 0x2b71, 0xb618, 0xf7ff, 0x6cd6, 0x228d, 0x2311, 0x22d0, 0x22f0, 0x22d0, 0x22f0, 0x22d0, 
	0x22f0, 0x22d0, 0x22f0, 0x22d0, 0x22f0, 0x1ad0, 0x1ad0, 0x22f0, 0x22f0, 0x2b10, 0x8d77, 0x9598, 0x8537, 0x8557, 0x8537, 0x8537, 
	0x8d78, 0x8d99, 0x9dd9, 0x9db8, 0x9598, 0x7cf6, 0x22d0, 0x2b10, 0x22d0, 0x2b11, 0x1acf, 0x4c55, 0x9efe, 0x865c, 0x759a, 0x7dba, 
	0x1ad0, 0x1ad0, 0x1ad0, 0x1aaf, 0x22f0, 0x1acf, 0x22f0, 0x1acf, 0x22f0, 0x1acf, 0x22f0, 0x1aaf, 0x1ab0, 0x1ad0, 0x22f0, 0x1acf, 
	0x1ad0, 0x1ad0, 0x1ad0, 0x1ad0, 0x128e, 0x22f0, 0xffff, 0xffff, 0xe73c, 0xef5c, 0xffff, 0xffff, 0xffff, 0xffff, 0xffff, 0xe75d, 
	0x126e, 0x1aaf, 0x0a6e, 0x33b3, 0x96de, 0x867c, 0x757a, 0x759a, 0x759a, 0x75ba, 0x75bb, 0x6d59, 0x4c97, 0x54b7, 0x4cb7, 0x54d8, 
	0x5c54, 0x9e5c, 0xf77d, 0xffbe, 0xffff, 0xffff, 0xefff, 0xc6fc, 0x86bd, 0x8ede, 0x8ebe, 0x6dda, 0x6d59, 0x6d7a, 0x6d7a, 0x6d7a, 
	0x6d7a, 0x6d7a, 0x8557, 0xd7bf, 0xffbe, 0xf79d, 0xf79d, 0xffff, 0xe7ff, 0x8d57, 0x6d7a, 0x6d7a, 0x6559, 0x4cb7, 0x54b7, 0x54b7, 
	0x54b7, 0x54b7, 0x4c97, 0x4cb7, 0x54d8, 0x54b8, 0x4455, 0x2351, 0x2b72, 0x2b71, 0x2b92, 0x1b10, 0x9535, 0xf7ff, 0xffff, 0xffff, 
	0xffff, 0xffff, 0x7538, 0x120c, 0x1ad0, 0x1ad0, 0x22f0, 0x1acf, 0x22f0, 0x1aaf, 0x1ad0, 0x1ad0, 0x22f0, 0x1acf, 0x1ad0, 0x1ad0, 
	0x22f0, 0x1ad0, 0x1ad0, 0x1acf, 0x1ad0, 0x1ad0, 0x22cf, 0x2b11, 0xe75c, 0xf7be, 0xef5c, 0xf77d, 0xffff, 0xef9e, 0x2b52, 0x2311, 
	0x024e, 0x0a6f, 0x126f, 0x1ab0, 0x1ad0, 0x1ad0, 0x128f, 0x4415, 0x96fe, 0x867c, 0x6d9a, 0x759a, 0x759a, 0x6559, 0x4c97, 0x4c97, 
	0x4cb7, 0x54d7, 0x4c97, 0x4c97, 0x4477, 0x4c98, 0x5c54, 0xa6bd, 0xf79d, 0xffde, 0xffff, 0xffff, 0xffff, 0xf7be, 0xf79e, 0xf7be, 
	0xf7be, 0xf7be, 0xf7be, 0xf7be, 0xf7be, 0xf7be, 0xf7be, 0xe73c, 0xef3c, 0xffff, 0xe7ff, 0x8d57, 0x6d7a, 0x6d9a, 0x759a, 0x759a, 
	0x759a, 0x75ba, 0x6d7a, 0x54b7, 0x54b7, 0x4c97, 0x54b7, 0x54b7, 0x54b7, 0x4c97, 0x54b8, 0x54b8, 0x4c75, 0x2b72, 0x2b92, 0x3392, 
	0x2b92, 0x1b10, 0x2351, 0x2351, 0x2b72, 0x1b10, 0xbe59, 0xffff, 0x74f7, 0x226d, 0x22f0, 0x1ad0, 0x1ad0, 0x1acf, 0x22f0, 0x1ad0, 
	0x22f0, 0x1ad0, 0x22f0, 0x1ad0, 0x1af0, 0x1aaf, 0x1aaf, 0x1af0, 0x1af0, 0x1ad0, 0x126e, 0x2b11, 0xef7d, 0xf7be, 0xef5c, 0xf77d, 
	0xffff, 0xe75d, 0x2332, 0x1b11, 0x024e, 0x0a8f, 0x128f, 0x1aaf, 0x1ad0, 0x22f0, 0x128f, 0x4c35, 0x96ff, 0x865c, 0x6d79, 0x75ba, 
	0x2b31, 0x22f0, 0x2b10, 0x22f0, 0x2b31, 0x2af0, 0x2b11, 0x22f0, 0x2b31, 0x2310, 0x2b31, 0x22f0, 0x22f0, 0x2b10, 0x2b31, 0x2310, 
	0x2b10, 0x2b10, 0x2b10, 0x2b10, 0x2b10, 0x2b31, 0x8d57, 0xa5f9, 0xef9e, 0xf7be, 0xf7be, 0xe75d, 0x9db8, 0x9598, 0x9598, 0x9598, 
	0x8516, 0x8d37, 0x8d77, 0x9df9, 0xbf5e, 0xaebc, 0x759a, 0x75ba, 0x75ba, 0x759a, 0x6539, 0x6538, 0x54b7, 0x54d7, 0x54d7, 0x54f8, 
	0x6475, 0x9e5c, 0xef5d, 0xf7be, 0xffff, 0xffdf, 0xefff, 0xc6fc, 0x96bd, 0x96de, 0x96de, 0x865c, 0x863c, 0x863c, 0x863c, 0x7dda, 
	0x759a, 0x75ba, 0x8599, 0xa6bd, 0xc69b, 0xe79f, 0xf79e, 0xffff, 0xefff, 0xc6dc, 0xbedd, 0xbedd, 0xa69d, 0x64b6, 0x54d8, 0x54d7, 
	0x54d7, 0x54d7, 0x5496, 0x4435, 0x4c75, 0x4435, 0x6cb5, 0x8d99, 0x9597, 0x8d77, 0x95b8, 0x95d9, 0xcebb, 0xf7ff, 0xf7be, 0xf7be, 
	0xbe9b, 0x9556, 0x5434, 0x22cf, 0x2b11, 0x22f0, 0x2b11, 0x22f0, 0x2b11, 0x22f0, 0x2b10, 0x22f0, 0x2b11, 0x22f0, 0x2310, 0x22f0, 
	0x2b11, 0x22f0, 0x2b10, 0x22f0, 0x22f0, 0x2b10, 0x2b10, 0x2b11, 0x84f6, 0x9598, 0xef9d, 0xf7be, 0xf7be, 0xe77d, 0x9df9, 0x9dd9, 
	0x9578, 0x9578, 0x8d78, 0x7cf6, 0x22f0, 0x2b10, 0x22cf, 0x4c55, 0x9efe, 0x8e7c, 0x759a, 0x7dba, 0x75ba, 0x759a, 0x6539, 0x5cf8, 
	0x54b7, 0x5cf8, 0x54d7, 0x54d7, 0x5cb6, 0x7dba, 0xa5f9, 0xcf3e, 0xf7be, 0xffdf, 0xffff, 0xe77e, 0xcf7e, 0xc75e, 0xc73e, 0xbedc, 
	0xb6bc, 0xbebc, 0xb6bc, 0xbebc, 0xb6bc, 0xb6bc, 0xc6bb, 0xdf7e, 0xef7d, 0xffde, 0xefdf, 0xcedb, 0xa6be, 0x8599, 0x7dba, 0x7dba, 
	0x759a, 0x6d39, 0x6539, 0x5cb7, 0x5cd7, 0x54b7, 0x5cd8, 0x54b7, 0x5cd8, 0x5cd7, 0x54b7, 0x4c55, 0x4c34, 0x3bd2, 0x3bd2, 0x33b2, 
	0x6cb5, 0x8db9, 0x95b8, 0x9dd8, 0x95b8, 0x9598, 0x95b8, 0x9598, 0x4c14, 0x22cf, 0x2b31, 0x22f0, 0x2b10, 0x2310, 0x2b31, 0x2b10, 
	0x2b11, 0x2310, 0x2b11, 0x2b10, 0x2b11, 0x22f0, 0x22f0, 0x2b11, 0x2b11, 0x2310, 0x2af0, 0x3351, 0x8516, 0x9db8, 0xef9e, 0xf7be, 
	0xf7bf, 0xe75d, 0x9dd9, 0x9db9, 0x8d57, 0x9578, 0x8d78, 0x74d5, 0x22d0, 0x2b11, 0x1acf, 0x5455, 0x9efe, 0x865c, 0x759a, 0x7dba, 
	0x1aaf, 0x126e, 0x1acf, 0x1acf, 0x22f0, 0x1aaf, 0x22f0, 0x1acf, 0x22f0, 0x1ad0, 0x22f0, 0x1aaf, 0x1aaf, 0x1ad0, 0x22f0, 0x1acf, 
	0x1ad0, 0x1ad0, 0x22d0, 0x1ad0, 0x1ad0, 0x1ad0, 0x126e, 0x2b31, 0xffff, 0xffff, 0xe75d, 0xc67a, 0x128f, 0x128f, 0x124d, 0x43b3, 
	0xffbe, 0xffdf, 0xffff, 0xffff, 0xefdf, 0xd6db, 0x6d59, 0x6d9a, 0x759b, 0x6539, 0x4c96, 0x54d7, 0x4cb7, 0x54b7, 0x4cb7, 0x54d8, 
	0x5c54, 0x965c, 0xef5c, 0xf7be, 0xffff, 0xf7be, 0xdfdf, 0xc6dc, 0x8ebd, 0x8ede, 0x8ebd, 0x96fe, 0x9f1e, 0x96fe, 0x96de, 0x75da, 
	0x6d7a, 0x759a, 0x6dbb, 0x6d9a, 0x8577, 0xd7bf, 0xffde, 0xffff, 0xffff, 0xffff, 0xffff, 0xffff, 0xd7df, 0x6454, 0x4c97, 0x4cb7, 
	0x54d7, 0x54d7, 0x4455, 0x2331, 0x2b72, 0x1b30, 0x7c93, 0xe7bf, 0xef7c, 0xef5c, 0xffbe, 0xffff, 0xffff, 0xffff, 0xf7be, 0xef7d, 
	0x64b7, 0x09eb, 0x12b0, 0x0a8f, 0x12af, 0x126e, 0x1ad0, 0x1ad0, 0x22f0, 0x1aaf, 0x1ad0, 0x1ad0, 0x22f0, 0x1acf, 0x1ad0, 0x1ad0, 
	0x22f0, 0x1ad0, 0x1ad0, 0x1acf, 0x1ad0, 0x1ad0, 0x1af0, 0x1aaf, 0x124e, 0x2b31, 0xffff, 0xffff, 0xe73c, 0xef5d, 0xffff, 0xffff, 
	0xffff, 0xffff, 0xffff, 0xdf1c, 0x0a6e, 0x128f, 0x0a4e, 0x3bf4, 0x96de, 0x865c, 0x6d9a, 0x759a, 0x759a, 0x75ba, 0x75bb, 0x6539, 
	0x4c97, 0x54d7, 0x4cb7, 0x4cb8, 0x5c54, 0x9e7d, 0xf77d, 0xffde, 0xffff, 0xffff, 0xefff, 0xc6dc, 0x86bd, 0x8ebe, 0x8ebe, 0x75da, 
	0x6d59, 0x6d7a, 0x6d7a, 0x6d7a, 0x6d7a, 0x6d7a, 0x8557, 0xd7bf, 0xffbe, 0xf79d, 0xf79d, 0xffff, 0xdfff, 0x8d57, 0x6d7a, 0x6d7a, 
	0x655a, 0x4c97, 0x54b7, 0x54b7, 0x54b7, 0x4cb7, 0x54d7, 0x54b7, 0x54d8, 0x54b8, 0x4455, 0x2351, 0x2b92, 0x2371, 0x2351, 0x1b10, 
	0x9d56, 0xf7ff, 0xffff, 0xffff, 0xffff, 0xffff, 0x6cf7, 0x120c, 0x1ab0, 0x1ab0, 0x22f0, 0x1acf, 0x1ad0, 0x1acf, 0x22f0, 0x1ad0, 
	0x22f0, 0x1ad0, 0x22f0, 0x1ad0, 0x22f0, 0x1aaf, 0x1aaf, 0x1ad0, 0x22f0, 0x1ad0, 0x1ad0, 0x1ad0, 0x126e, 0x3352, 0xffff, 0xffff, 
	0xe73c, 0xef5d, 0xffff, 0xffff, 0xffff, 0xffff, 0xffff, 0xd6db, 0x0a4e, 0x12af, 0x0a4e, 0x4414, 0x96fe, 0x7e5c, 0x6d7a, 0x759a, 
	0x9598, 0x9db8, 0x4c14, 0x22ae, 0x2310, 0x22d0, 0x22f0, 0x22d0, 0x22f0, 0x22d0, 0x2310, 0x1ad0, 0x1ad0, 0x22f0, 0x22f0, 0x22d0, 
	0x22f0, 0x22f0, 0x22f0, 0x22f0, 0x22f0, 0x22f0, 0x22d0, 0x3331, 0x8536, 0x95b8, 0xefdf, 0xd71c, 0x2af0, 0x22f0, 0x22cf, 0x3372, 
	0x7cd5, 0x9db8, 0xf7be, 0xf7be, 0xf7ff, 0xef7e, 0xb6dd, 0xa63b, 0x5d18, 0x5d18, 0x54b7, 0x54d8, 0x54b7, 0x54b7, 0x54b7, 0x54d8, 
	0x5c74, 0xa69d, 0xf7be, 0xffdf, 0xffff, 0xf7be, 0xe7df, 0xc6dc, 0x8ebd, 0x96de, 0x96de, 0x6538, 0x54b6, 0x8e5c, 0x96de, 0x865c, 
	0x863c, 0x75ba, 0x759a, 0x759a, 0x7d99, 0x9e9d, 0xbe9a, 0xe7df, 0xffde, 0xffde, 0xf7de, 0xf7be, 0xdf9f, 0xbe7a, 0x965d, 0x5cb6, 
	0x54b7, 0x3c15, 0x6494, 0x961b, 0xa619, 0x9dd9, 0xc67a, 0xefdf, 0xf7be, 0xf7be, 0xf7be, 0xf7df, 0xf7df, 0xf7df, 0xf7be, 0xf7be, 
	0xbe7b, 0x8d15, 0x8d57, 0x8d37, 0x9598, 0x9d98, 0x4c14, 0x22af, 0x2310, 0x22d0, 0x22f0, 0x22d0, 0x22f0, 0x22d0, 0x22f0, 0x22f0, 
	0x22f0, 0x22d0, 0x22f0, 0x22d0, 0x22f0, 0x22f0, 0x2311, 0x1ad0, 0x1aaf, 0x2b11, 0x8516, 0x95b9, 0xf79e, 0xf7be, 0xf7bf, 0xe73d, 
	0x8d57, 0x8d57, 0x8537, 0x8d57, 0x8516, 0x8d37, 0x9577, 0xa61a, 0xc75f, 0xae9c, 0x6d7a, 0x759a, 0x759a, 0x6d7a, 0x5d19, 0x54d8, 
	0x4c97, 0x54d7, 0x4cb7, 0x4cb8, 0x5c54, 0x9e7c, 0xef5d, 0xf7be, 0xffff, 0xffdf, 0xe7ff, 0xc6fc, 0x8ebd, 0x8ede, 0x96de, 0x867c, 
	0x863c, 0x863c, 0x861c, 0x75ba, 0x759a, 0x759a, 0x7d99, 0x9e9d, 0xbe9a, 0xe79f, 0xf79e, 0xffff, 0xefff, 0xc6dc, 0xbedd, 0xbedd, 
	0x9e9d, 0x5c95, 0x54b7, 0x4cb7, 0x54b7, 0x54b7, 0x4c96, 0x3c14, 0x4435, 0x3c14, 0x6495, 0x85b9, 0x9598, 0x8d77, 0x95b8, 0x95d9, 
	0xcedb, 0xf7ff, 0xf7be, 0xf7be, 0xb65a, 0x84f5, 0x43f3, 0x1a8e, 0x1ad0, 0x1ad0, 0x22f0, 0x1acf, 0x1ad0, 0x1acf, 0x22f0, 0x1acf, 
	0x22f0, 0x1ad0, 0x22f0, 0x1ad0, 0x22f0, 0x1aaf, 0x1aaf, 0x1ad0, 0x22f0, 0x1ad0, 0x1ad0, 0x1ad0, 0x22d0, 0x3351, 0x8d57, 0x9dd9, 
	0xf79e, 0xf7be, 0xf7bf, 0xdf3c, 0x8d57, 0x9578, 0x8d57, 0x8d57, 0x8516, 0x8d57, 0x9577, 0xa63a, 0xc75f, 0xa69c, 0x757a, 0x75ba, 
	0xffff, 0xffff, 0x6cf7, 0x122c, 0x12b0, 0x128f, 0x1ad0, 0x1acf, 0x22f0, 0x1ad0, 0x22f0, 0x1aaf, 0x1aaf, 0x1ad0, 0x22f0, 0x1acf, 
	0x1ad0, 0x1ad0, 0x1ad0, 0x1ad0, 0x1ad0, 0x1ad0, 0x1ad0, 0x1ad0, 0x0a2d, 0x2311, 0xffff, 0xe77e, 0x22d0, 0x22cf, 0x1ad0, 0x1ad0, 
	0x124d, 0x43f3, 0xf79d, 0xf79e, 0xffff, 0xffff, 0xffff, 0xcedb, 0x4c76, 0x54b7, 0x4cb7, 0x54d7, 0x4cb7, 0x54b7, 0x4cb7, 0x54d8, 
	0x5c54, 0xaede, 0xffff, 0xffff, 0xffff, 0xf7be, 0xdfdf, 0xbedc, 0x8ebd, 0x96fe, 0x9eff, 0x33b2, 0x0a6e, 0x85fc, 0x9f1e, 0x96de, 
	0x96de, 0x75da, 0x757a, 0x759a, 0x6d9a, 0x6d7a, 0x8d77, 0xd7df, 0xffbe, 0xffbe, 0xf7be, 0xef5c, 0xf77d, 0xffff, 0xcfdf, 0x6454, 
	0x3c56, 0x1b31, 0x7473, 0xf7ff, 0xffff, 0xffff, 0xffff, 0xffff, 0xffff, 0xffff, 0xffdf, 0xef9d, 0xef9e, 0xef9d, 0xffdf, 0xffff, 
	0xf7be, 0xef7d, 0xef7d, 0xef5d, 0xffff, 0xffff, 0x6cd7, 0x122c, 0x12b0, 0x126f, 0x1ad0, 0x1ad0, 0x22f0, 0x1acf, 0x1ad0, 0x1ad0, 
	0x22f0, 0x1ad0, 0x1ad0, 0x1acf, 0x1ad0, 0x1ad0, 0x22f0, 0x1aaf, 0x1ab0, 0x1ad0, 0x126e, 0x3351, 0xffff, 0xffff, 0xe77e, 0xc659, 
	0x126f, 0x128f, 0x124d, 0x43f3, 0xffde, 0xffdf, 0xffff, 0xffff, 0xefdf, 0xcedb, 0x6559, 0x6d9a, 0x75ba, 0x6559, 0x4c97, 0x4c97, 
	0x4cb7, 0x54d7, 0x4cb7, 0x4cb8, 0x5c54, 0x9e7c, 0xef5c, 0xf7be, 0xffff, 0xf7be, 0xdfdf, 0xbedc, 0x8ebd, 0x8ede, 0x96dd, 0x96fe, 
	0x9f1e, 0x96fe, 0x96de, 0x75da, 0x757a, 0x759a, 0x6d9a, 0x657a, 0x8d77, 0xd7bf, 0xffbe, 0xffff, 0xffff, 0xffff, 0xffff, 0xffff, 
	0xcfbf, 0x5c53, 0x4c97, 0x4cb7, 0x54b7, 0x54b8, 0x4c76, 0x2351, 0x2372, 0x1b10, 0x84b3, 0xe7df, 0xef7c, 0xef5c, 0xffde, 0xffff, 
	0xffff, 0xffff, 0xf79e, 0xef7d, 0x64b6, 0x09eb, 0x12b0, 0x0a8f, 0x12af, 0x128f, 0x1ad0, 0x1acf, 0x1ad0, 0x1acf, 0x22f0, 0x1ad0, 
	0x22f0, 0x1ad0, 0x22f0, 0x1ad0, 0x22f0, 0x1ab0, 0x1aaf, 0x22f0, 0x22f0, 0x1ad0, 0x1ad0, 0x1ad0, 0x1ad0, 0x1ad0, 0x126e, 0x3372, 
	0xffff, 0xffff, 0xe77e, 0xbe39, 0x0a6e, 0x12af, 0x124d, 0x4c34, 0xffdf, 0xffff, 0xffff, 0xffff, 0xefdf, 0xc6bb, 0x6559, 0x75ba, 
	0xf7be, 0xf79e, 0xb65a, 0x9556, 0x9598, 0x9598, 0x4bf3, 0x22cf, 0x2b11, 0x22f0, 0x2b11, 0x22f0, 0x22f0, 0x2b11, 0x2b31, 0x22f0, 
	0x22f0, 0x22f0, 0x2b10, 0x2b10, 0x2b11, 0x22f0, 0x22f0, 0x3351, 0x9d98, 0xae1a, 0xefbf, 0xd6fc, 0x2b10, 0x2af0, 0x22f0, 0x2b11, 
	0x22cf, 0x3b92, 0x7cd5, 0x9dd9, 0xffff, 0xffff, 0xf7ff, 0xcebb, 0x4c96, 0x54d7, 0x54b7, 0x5cd8, 0x54b7, 0x54d7, 0x54d7, 0x54f8, 
	0x5c75, 0xa69d, 0xf7be, 0xffdf, 0xffff, 0xffdf, 0xf7ff, 0xe75d, 0xbf7f, 0x7d77, 0x5476, 0x2b52, 0x22f0, 0x5455, 0x54b6, 0x8e7d, 
	0x96de, 0x867c, 0x863c, 0x7dda, 0x759a, 0x759a, 0x8599, 0x961b, 0x9e1a, 0x9dfa, 0x9e1a, 0x95da, 0xb619, 0xe7bf, 0xdf7e, 0xb639, 
	0xa63a, 0x95b8, 0xbe39, 0xffff, 0xffff, 0xffff, 0xffff, 0xffff, 0xffff, 0xffff, 0xffff, 0xffdf, 0xffdf, 0xffdf, 0xffff, 0xffff, 
	0xffdf, 0xf79e, 0xf7be, 0xf7be, 0xf7be, 0xf79e, 0xb65a, 0x9556, 0x9577, 0x9598, 0x43d3, 0x22cf, 0x2b11, 0x22f0, 0x22f0, 0x22f0, 
	0x2b11, 0x22f0, 0x2b11, 0x22f0, 0x22f0, 0x2b10, 0x2b11, 0x22d0, 0x22f0, 0x2311, 0x22f0, 0x3351, 0x8516, 0x95b8, 0xf7df, 0xd6db, 
	0x22f0, 0x2af0, 0x22ef, 0x3b92, 0x7cd5, 0x9db9, 0xf7be, 0xf7be, 0xffff, 0xef7e, 0xbefe, 0xa63b, 0x6518, 0x6518, 0x54b7, 0x54b7, 
	0x54b7, 0x5cd8, 0x54d7, 0x54d8, 0x5c75, 0xa6be, 0xf7be, 0xffdf, 0xffff, 0xf7be, 0xdfdf, 0xbedc, 0x8ebd, 0x96de, 0x96de, 0x6538, 
	0x54b6, 0x8e7d, 0x96de, 0x867c, 0x863c, 0x7dda, 0x759a, 0x759a, 0x85b9, 0x9e9d, 0xbe9b, 0xefdf, 0xffde, 0xffde, 0xf7de, 0xf79e, 
	0xe77e, 0xc69b, 0x9e5d, 0x64b6, 0x54b7, 0x3c15, 0x6cd5, 0x9e5b, 0xae3a, 0xa619, 0xcebb, 0xefdf, 0xf7be, 0xf7be, 0xf7be, 0xf7df, 
	0xf7df, 0xf7df, 0xf7be, 0xf7be, 0xbe7b, 0x9536, 0x9598, 0x9577, 0x9db8, 0xa5d9, 0x4c14, 0x22cf, 0x2310, 0x22f0, 0x2b11, 0x22f0, 
	0x2b11, 0x22f0, 0x2b10, 0x22f0, 0x2b11, 0x22d0, 0x22d0, 0x2b11, 0x2b10, 0x22f0, 0x22f0, 0x22f0, 0x2310, 0x2b10, 0x22f0, 0x3351, 
	0x8516, 0x9dd9, 0xf7df, 0xcebb, 0x22d0, 0x2b10, 0x22cf, 0x3b92, 0x7cd5, 0x9dd9, 0xf7be, 0xf7be, 0xf7ff, 0xe77d, 0xbefe, 0x9e3b, 
	0xef9e, 0xe71c, 0xef5d, 0xef7d, 0xef7d, 0xf7be, 0x5434, 0x122c, 0x12b0, 0x128f, 0x1ad0, 0x1aaf, 0x1aaf, 0x1ad0, 0x22f0, 0x1acf, 
	0x1ad0, 0x1ad0, 0x1ad0, 0x1ad0, 0x128f, 0x128f, 0x126e, 0x2b11, 0xffff, 0xffff, 0xef9e, 0xd6bb, 0x22d0, 0x22cf, 0x1ad0, 0x22f0, 
	0x1ad0, 0x1ad0, 0x124d, 0x5455, 0xffff, 0xffff, 0xf7ff, 0xc6bb, 0x4456, 0x4c97, 0x4476, 0x4cb7, 0x4c97, 0x4c97, 0x4497, 0x4cb8, 
	0x5c54, 0x9e5c, 0xf77d, 0xffbe, 0xffff, 0xffff, 0xffff, 0xffde, 0xefff, 0x6bf1, 0x0a4e, 0x12b0, 0x1ad0, 0x1ad0, 0x128e, 0x861c, 
	0x9f1e, 0x96fe, 0x96be, 0x75da, 0x759a, 0x759a, 0x6d9a, 0x4c96, 0x4477, 0x4c97, 0x4c97, 0x4477, 0x7cd4, 0xd79f, 0xef5c, 0xef5c, 
	0xef5d, 0xef5d, 0xf79d, 0xffff, 0xffff, 0xffff, 0xffff, 0xffff, 0xffff, 0xffff, 0xffff, 0xffff, 0xffff, 0xffff, 0xffff, 0xffff, 
	0xffff, 0xffff, 0xffff, 0xffff, 0xef9d, 0xe71c, 0xef5d, 0xef7d, 0xef7d, 0xf7be, 0x4c14, 0x124d, 0x12b0, 0x128f, 0x1ad0, 0x1ad0, 
	0x22f0, 0x1ad0, 0x22f0, 0x1ad0, 0x1ad0, 0x22f0, 0x22f0, 0x1aaf, 0x1aaf, 0x22f0, 0x1ad0, 0x1ad0, 0x0a0d, 0x2b31, 0xffff, 0xdf3d, 
	0x1acf, 0x1ad0, 0x1ad0, 0x1af0, 0x124d, 0x4c14, 0xf79e, 0xf7be, 0xffff, 0xffff, 0xffff, 0xc69b, 0x4c76, 0x54b8, 0x4cb7, 0x4c97, 
	0x4cb7, 0x54d7, 0x4cb7, 0x4cb7, 0x5c54, 0xaeff, 0xffff, 0xffff, 0xffff, 0xf7be, 0xdfdf, 0xbedb, 0x86bd, 0x8efe, 0x9eff, 0x33b2, 
	0x128e, 0x861c, 0x9f1e, 0x96fe, 0x96be, 0x75da, 0x6d7a, 0x759a, 0x6dba, 0x6d7a, 0x8d77, 0xdfdf, 0xffbe, 0xffbe, 0xf7be, 0xef5c, 
	0xf77d, 0xffff, 0xcfbf, 0x6454, 0x3c56, 0x1b31, 0x7cb3, 0xf7ff, 0xffff, 0xffff, 0xffff, 0xffff, 0xffff, 0xffff, 0xffdf, 0xef9d, 
	0xef9e, 0xef9d, 0xffdf, 0xffff, 0xf7be, 0xef7d, 0xef7d, 0xef5d, 0xffff, 0xffff, 0x6496, 0x122d, 0x12b0, 0x128f, 0x22f0, 0x1ad0, 
	0x22f0, 0x1ad0, 0x22f0, 0x1ad0, 0x22f0, 0x1aaf, 0x1aaf, 0x22f0, 0x22f0, 0x1ad0, 0x1ad0, 0x1ad0, 0x1ad0, 0x22f0, 0x1ad0, 0x1ab0, 
	0x0a0c, 0x3372, 0xffff, 0xd6fc, 0x1aaf, 0x22d0, 0x1ad0, 0x1ad0, 0x122d, 0x5435, 0xf79e, 0xf7be, 0xffff, 0xffff, 0xffff, 0xc69b, 
	0xffdf, 0xf7be, 0xf7be, 0xf7be, 0xef7d, 0xe75c, 0xbe7b, 0xadf9, 0xa5d8, 0x9db8, 0x43b3, 0x22cf, 0x22f0, 0x22f0, 0x2b10, 0x22f0, 
	0x22f0, 0x22f0, 0x22f0, 0x2b31, 0x9dd9, 0xa61a, 0xadf9, 0xb61a, 0xef9e, 0xe73d, 0x74d5, 0x6474, 0x22f0, 0x2310, 0x22f0, 0x2b11, 
	0x22f0, 0x2b11, 0x22d0, 0x3b92, 0x7cd5, 0x9dd9, 0xf7bf, 0xe73d, 0xbebc, 0xbebc, 0xbebc, 0xb69c, 0xae3a, 0xae5a, 0xa67c, 0x8d78, 
	0x5496, 0x6d79, 0x9598, 0xcf3e, 0xffff, 0xffdf, 0xffbe, 0xf77d, 0xdfbf, 0x6c32, 0x1ab0, 0x22f0, 0x22f0, 0x2b10, 0x22f0, 0x4c35, 
	0x4c95, 0x8e7d, 0x96de, 0x7dda, 0x759a, 0x759a, 0x759a, 0x6d59, 0x6539, 0x54b7, 0x54d7, 0x54b7, 0x64d7, 0x85ba, 0xadf8, 0xdf5e, 
	0xef5d, 0xf7be, 0xffdf, 0xffff, 0xffff, 0xffff, 0xffff, 0xffff, 0xffff, 0xf7be, 0xf7de, 0xffdf, 0xcf5f, 0xb67b, 0xae9c, 0xae7c, 
	0xdf3d, 0xf7df, 0xffdf, 0xffff, 0xffdf, 0xf7be, 0xf7be, 0xf7be, 0xef7d, 0xe75c, 0xbe5a, 0xadf9, 0xa5b9, 0x9d98, 0x3b92, 0x22cf, 
	0x2b11, 0x22f0, 0x22f0, 0x22f0, 0x22f0, 0x2310, 0x2b11, 0x22d0, 0x22f0, 0x2311, 0x22f0, 0x3372, 0xadf9, 0xb65a, 0xefbf, 0xcedb, 
	0x22f0, 0x2af0, 0x22f0, 0x2b11, 0x22ef, 0x3b92, 0x7474, 0x9dd9, 0xffff, 0xffff, 0xf7ff, 0xc6bb, 0x4c96, 0x5cd8, 0x54b7, 0x54b7, 
	0x54b7, 0x5cd8, 0x54d7, 0x54d7, 0x5c75, 0xa69d, 0xf79e, 0xffdf, 0xffff, 0xffdf, 0xf7ff, 0xe77d, 0xc77f, 0x7516, 0x4c56, 0x2b72, 
	0x22f0, 0x4c35, 0x4c95, 0x8e7d, 0x96de, 0x8e7c, 0x863c, 0x75ba, 0x75ba, 0x75ba, 0x7d99, 0x8dfb, 0x95fa, 0x95fa, 0x95fa, 0x8db9, 
	0xadf8, 0xe7bf, 0xdf5e, 0xb639, 0xae3a, 0x9dd9, 0xc67a, 0xffff, 0xffff, 0xffff, 0xffff, 0xffff, 0xffff, 0xffff, 0xffff, 0xffdf, 
	0xffdf, 0xffdf, 0xffff, 0xffff, 0xffdf, 0xf7be, 0xf7be, 0xf7be, 0xf79e, 0xef9e, 0xb65a, 0x9d77, 0x9db8, 0x9db8, 0x43d3, 0x22cf, 
	0x2311, 0x22f0, 0x2b11, 0x22f0, 0x2b11, 0x22d0, 0x22d0, 0x2b11, 0x2b10, 0x22f0, 0x22f0, 0x22f0, 0x22f0, 0x22f0, 0x22cf, 0x3352, 
	0xa5d8, 0xb65a, 0xefbf, 0xc69a, 0x1acf, 0x22f0, 0x22d0, 0x22f0, 0x22cf, 0x3b92, 0x7494, 0x9df9, 0xffff, 0xffff, 0xf7ff, 0xc69b, 
	0xffff, 0xffff, 0xffff, 0xffff, 0xef9d, 0xe71c, 0xffff, 0xffff, 0xffde, 0xffbe, 0x5414, 0x1a6e, 0x1ab0, 0x1ad0, 0x22f0, 0x1acf, 
	0x1ad0, 0x1ad0, 0x128f, 0x22f0, 0xffff, 0xffff, 0xffff, 0xffff, 0xef9e, 0xd6db, 0x1aaf, 0x1aaf, 0x1ad0, 0x22f0, 0x1ad0, 0x22f0, 
	0x1ad0, 0x22f0, 0x1ad0, 0x12b0, 0x122c, 0x5455, 0xf79d, 0xffde, 0xffff, 0xffff, 0xffff, 0xffff, 0xf79d, 0xf77c, 0xe7bf, 0xa5d8, 
	0x3c56, 0x4477, 0x4bf3, 0xaedf, 0xffff, 0xffff, 0xffde, 0xf79d, 0xe7df, 0x6c11, 0x128f, 0x1ab0, 0x1ad0, 0x22f0, 0x1ad0, 0x1aaf, 
	0x12ae, 0x861c, 0x96de, 0x75da, 0x759a, 0x759a, 0x759a, 0x75ba, 0x6d9a, 0x54b7, 0x54b7, 0x54b7, 0x4cb8, 0x4477, 0x7cd5, 0xcf7f, 
	0xef5d, 0xffff, 0xffff, 0xffff, 0xffff, 0xffff, 0xffff, 0xffff, 0xffdf, 0xef7d, 0xf79d, 0xffde, 0xaede, 0x7537, 0x6d9a, 0x6559, 
	0xbe9a, 0xefff, 0xffdf, 0xffff, 0xffff, 0xffff, 0xffff, 0xffff, 0xef7d, 0xe73c, 0xffff, 0xffff, 0xffde, 0xf7be, 0x4bd3, 0x1a8e, 
	0x22f0, 0x1ad0, 0x1ad0, 0x1ad0, 0x1ad0, 0x1ad0, 0x12b0, 0x126f, 0x0a6f, 0x12b0, 0x126e, 0x3351, 0xffff, 0xffff, 0xef9e, 0xce9a, 
	0x1ad0, 0x1ad0, 0x1acf, 0x22f0, 0x1ad0, 0x1ad0, 0x122d, 0x5c76, 0xffff, 0xffff, 0xf7ff, 0xc69b, 0x4456, 0x4cb7, 0x4497, 0x4497, 
	0x4c97, 0x4cb7, 0x4497, 0x4cb8, 0x5c54, 0x9e7c, 0xf77d, 0xffbe, 0xffff, 0xffff, 0xffff, 0xffde, 0xe7ff, 0x63b0, 0x0a6f, 0x1ad0, 
	0x1ad0, 0x1aaf, 0x12af, 0x863d, 0x9f1e, 0x96fe, 0x8ebe, 0x75da, 0x759a, 0x759a, 0x6d7a, 0x4c96, 0x4477, 0x4c97, 0x4497, 0x4477, 
	0x7cd5, 0xd79f, 0xef5c, 0xef5c, 0xef5d, 0xef5d, 0xf79e, 0xffff, 0xffff, 0xffff, 0xffff, 0xffff, 0xffff, 0xffff, 0xffff, 0xffff, 
	0xffff, 0xffff, 0xffff, 0xffff, 0xffff, 0xffff, 0xffff, 0xffff, 0xef7d, 0xe73c, 0xef5d, 0xef7d, 0xef7d, 0xf79e, 0x4bf3, 0x124d, 
	0x12b0, 0x128f, 0x1ad0, 0x1ad0, 0x22f0, 0x1ab0, 0x1ab0, 0x1ad0, 0x22f0, 0x1ad0, 0x1ad0, 0x1ad0, 0x128f, 0x12af, 0x126e, 0x3372, 
	0xffff, 0xffff, 0xefbf, 0xc659, 0x1aaf, 0x22f0, 0x1ad0, 0x22f0, 0x1ad0, 0x1ad0, 0x122c, 0x64b6, 0xffff, 0xffff, 0xf7ff, 0xbe7a, 
	0xdf1c, 0xf7df, 0xffff, 0xffff, 0xffdf, 0xf7be, 0xf79e, 0xf79e, 0x8d77, 0x6c53, 0x3372, 0x1aaf, 0x1ad0, 0x22f0, 0x2310, 0x22d0, 
	0x22d0, 0x22f0, 0x9577, 0x9db8, 0x74d6, 0x74b5, 0x74d6, 0x74d6, 0x6c95, 0x6454, 0x2af0, 0x2b10, 0x22f0, 0x2b11, 0x22f0, 0x2b11, 
	0x22f0, 0x2b11, 0x22f0, 0x22f0, 0x22cf, 0x3b92, 0x6c95, 0x6c95, 0x74b5, 0x74d6, 0x74d6, 0x74d6, 0x6c33, 0xa61a, 0xf7df, 0xdf3d, 
	0xc6dc, 0xc6dd, 0xbedd, 0x9598, 0x6c95, 0x74b5, 0x6c95, 0x6c95, 0x6495, 0x4371, 0x22d0, 0x22f0, 0x22f0, 0x2b11, 0x22f0, 0x22f0, 
	0x2310, 0x863c, 0x96de, 0x7dda, 0x759a, 0x759a, 0x75ba, 0x7dba, 0x759a, 0x54b7, 0x54d7, 0x54d7, 0x54d8, 0x54b7, 0x8536, 0xe7ff, 
	0xffde, 0xffff, 0xffff, 0xffff, 0xffff, 0xffff, 0xffff, 0xf7be, 0xf7be, 0xf79e, 0xcf3e, 0xae3a, 0x8e1c, 0x7599, 0x75ba, 0x759a, 
	0x95fa, 0x9e7c, 0xa67c, 0xa67c, 0xdf3d, 0xf7df, 0xffff, 0xffff, 0xffdf, 0xf7be, 0xf79e, 0xf79e, 0x8d58, 0x6c54, 0x3351, 0x22f0, 
	0x2b11, 0x22f0, 0x22f0, 0x22f0, 0x22f0, 0x2b30, 0x9577, 0x9dd9, 0xae1a, 0xae3a, 0xae19, 0xb65a, 0xef9e, 0xdf1c, 0x6c95, 0x6434, 
	0x22f0, 0x22f0, 0x22f0, 0x2b10, 0x22f0, 0x22f0, 0x22cf, 0x3bb3, 0x74b4, 0x9dd9, 0xefbf, 0xdf3d, 0xbebc, 0xc6dd, 0xbedc, 0xb69b, 
	0xb65a, 0xb65a, 0xae9c, 0x8578, 0x5496, 0x6d79, 0x9577, 0xcf5f, 0xffff, 0xffdf, 0xf7be, 0xf77d, 0xdf9f, 0x63f1, 0x1ad0, 0x2311, 
	0x22f0, 0x22f0, 0x22f0, 0x4c35, 0x4c95, 0x8e7d, 0x96be, 0x75da, 0x75ba, 0x75ba, 0x759a, 0x6d59, 0x6539, 0x54b7, 0x54d8, 0x54d7, 
	0x64d7, 0x7dba, 0xadf8, 0xdf7e, 0xef7d, 0xf7be, 0xffdf, 0xffff, 0xffff, 0xffff, 0xffff, 0xffff, 0xffff, 0xf7be, 0xf7be, 0xffde, 
	0xcf5e, 0xae5b, 0xa69c, 0xa67c, 0xdf1c, 0xf7df, 0xffdf, 0xffff, 0xffdf, 0xf7be, 0xf7be, 0xf7be, 0xef7d, 0xe75c, 0xbe7b, 0xae19, 
	0xa5d9, 0x9db8, 0x3b92, 0x22cf, 0x2311, 0x22d0, 0x22d0, 0x22f0, 0x2b11, 0x22f0, 0x22cf, 0x3351, 0xa5f9, 0xae3a, 0xae19, 0xb65a, 
	0xef9e, 0xdf1c, 0x6cb5, 0x6434, 0x22f0, 0x2b11, 0x22f0, 0x2b11, 0x22f0, 0x2b11, 0x22cf, 0x43d3, 0x7cb4, 0xa5fa, 0xf7bf, 0xe73d, 
	0xc69b, 0xefdf, 0xffff, 0xffff, 0xffff, 0xffff, 0xef9d, 0xef5d, 0x43f4, 0x0a2d, 0x1ad0, 0x1ab0, 0x1acf, 0x1ad0, 0x22f0, 0x1ad0, 
	0x1a8f, 0x1aaf, 0xd6fc, 0xdf5d, 0x22f0, 0x126e, 0x128f, 0x12af, 0x12af, 0x12af, 0x1ad0, 0x22f0, 0x1ad0, 0x22d0, 0x1ad0, 0x22f0, 
	0x1ad0, 0x22f0, 0x128f, 0x128f, 0x128f, 0x1ad0, 0x0a4e, 0x0a6f, 0x0a4e, 0x0a8f, 0x024f, 0x12b0, 0x09eb, 0x7d59, 0xffff, 0xffff, 
	0xffff, 0xffff, 0xffff, 0x84b4, 0x020d, 0x12b0, 0x128f, 0x1ab0, 0x128f, 0x22f0, 0x1ad0, 0x1ad0, 0x1ad0, 0x22f0, 0x1ad0, 0x1ad0, 
	0x1aef, 0x861c, 0x96de, 0x75da, 0x759a, 0x759a, 0x759a, 0x759a, 0x6d7a, 0x54b7, 0x54b7, 0x54b7, 0x4cb8, 0x4c97, 0x8536, 0xefff, 
	0xffff, 0xffff, 0xffff, 0xffff, 0xffff, 0xffff, 0xffdf, 0xef9e, 0xf79e, 0xf7be, 0xaefe, 0x7537, 0x6d7a, 0x6d9a, 0x759a, 0x757a, 
	0x6d9a, 0x6d7a, 0x6d9a, 0x6559, 0xcebb, 0xefdf, 0xffff, 0xffff, 0xffff, 0xffff, 0xef7d, 0xe75d, 0x43d3, 0x0a2d, 0x1ad0, 0x1ad0, 
	0x22f0, 0x1ad0, 0x22f0, 0x1ad0, 0x1a8f, 0x22d0, 0xdefb, 0xef9e, 0xffff, 0xffff, 0xffff, 0xffff, 0xef9e, 0xd6bb, 0x1aaf, 0x1aaf, 
	0x1ad0, 0x1ad0, 0x1ad0, 0x22f0, 0x1ad0, 0x1ad0, 0x1ad0, 0x1af0, 0x122d, 0x5c75, 0xf79d, 0xffde, 0xffff, 0xffff, 0xffff, 0xffff, 
	0xf79d, 0xf77c, 0xe7bf, 0xa5b7, 0x3c56, 0x4497, 0x4c13, 0xaf1f, 0xffff, 0xffff, 0xffbe, 0xf79d, 0xdfbf, 0x63d1, 0x12af, 0x1af0, 
	0x1ad0, 0x22f0, 0x1ad0, 0x1aaf, 0x1acf, 0x863c, 0x96de, 0x75da, 0x759a, 0x759a, 0x759a, 0x759a, 0x6d9a, 0x54b7, 0x54b7, 0x54b7, 
	0x4cb8, 0x4477, 0x7cf5, 0xcf7f, 0xef7d, 0xffff, 0xffff, 0xffff, 0xffff, 0xffff, 0xffff, 0xffff, 0xffdf, 0xef9e, 0xf79d, 0xffde, 
	0xaede, 0x7537, 0x6d9a, 0x655a, 0xc69b, 0xefdf, 0xffff, 0xffff, 0xffff, 0xffff, 0xffff, 0xffff, 0xef7d, 0xe73c, 0xffff, 0xffff, 
	0xffde, 0xf7be, 0x43d3, 0x228e, 0x1af0, 0x1ab0, 0x1aaf, 0x22f0, 0x22f0, 0x1ad0, 0x126e, 0x2b31, 0xffff, 0xffff, 0xffff, 0xffff, 
	0xef9e, 0xce9a, 0x128f, 0x1aaf, 0x1acf, 0x22f0, 0x1ad0, 0x22f0, 0x1acf, 0x22f0, 0x1ad0, 0x1ad0, 0x122c, 0x6496, 0xf79d, 0xffde, 
	0x961b, 0x9e5c, 0x95fb, 0x8dba, 0x8dda, 0x8db9, 0xd6fc, 0xefbf, 0xbe7a, 0xadf8, 0x43d3, 0x22cf, 0x22f0, 0x2311, 0x2b10, 0x2b10, 
	0x9d77, 0xae19, 0xefbe, 0xef9e, 0x3371, 0x22ef, 0x22f0, 0x2b11, 0x22f0, 0x22f0, 0x22f0, 0x2b11, 0x22f0, 0x2b11, 0x22f0, 0x2b11, 
	0x22cf, 0x4bf3, 0xbe5b, 0xbe5b, 0xbe5a, 0xbe7b, 0xbe5a, 0xb65a, 0xae19, 0xb63a, 0xbe5a, 0xbe7b, 0xb65b, 0x9577, 0x6474, 0x6cb5, 
	0x6c95, 0x6cb5, 0x6c53, 0x95b9, 0xae7c, 0x6433, 0x1aaf, 0x2b11, 0x22f0, 0x2b11, 0x22f0, 0x22f0, 0x22f0, 0x2b11, 0x22f0, 0x22f0, 
	0x2310, 0x863c, 0x96de, 0x7dda, 0x759a, 0x759a, 0x75ba, 0x75ba, 0x759a, 0x6d59, 0x6d59, 0x5cd7, 0x54d8, 0x4cb7, 0x8d36, 0xefff, 
	0xffff, 0xffff, 0xffff, 0xffff, 0xffff, 0xffff, 0xffdf, 0xf79e, 0xf79e, 0xf7be, 0xbf5f, 0x963a, 0x8e7d, 0x867d, 0x8e7c, 0x8e7c, 
	0x7dfb, 0x759a, 0x7dba, 0x759a, 0x961b, 0x9e5c, 0x961b, 0x8dda, 0x8dda, 0x8db9, 0xd6fc, 0xefbf, 0xbe5a, 0xadd8, 0x3bb2, 0x22cf, 
	0x2b11, 0x22f0, 0x2af0, 0x2b10, 0x9d77, 0xae19, 0xefbe, 0xef9e, 0x74b5, 0x6c95, 0x6c95, 0x6c95, 0x6475, 0x5c34, 0x2af0, 0x2b10, 
	0x22f0, 0x22f0, 0x22f0, 0x2b11, 0x22f0, 0x22f0, 0x22d0, 0x2b11, 0x22cf, 0x3b92, 0x6454, 0x6475, 0x6c95, 0x6cb6, 0x6495, 0x6475, 
	0x6412, 0xae3a, 0xf7df, 0xe75d, 0xc6dd, 0xcefd, 0xc6fd, 0x9577, 0x6474, 0x6495, 0x6474, 0x6474, 0x5c75, 0x3b50, 0x22d0, 0x2b11, 
	0x22f0, 0x22f0, 0x22f0, 0x2af0, 0x2330, 0x8e5c, 0x96de, 0x75da, 0x75ba, 0x75ba, 0x759a, 0x75ba, 0x757a, 0x5cb7, 0x54d7, 0x54d7, 
	0x54d8, 0x4cb7, 0x8d36, 0xe7ff, 0xffdf, 0xffff, 0xffff, 0xffff, 0xffff, 0xffff, 0xffff, 0xf7be, 0xf7be, 0xf7be, 0xc71e, 0xa61a, 
	0x8e1c, 0x7599, 0x75ba, 0x759a, 0x8e1a, 0x9e5c, 0xa65c, 0xa65b, 0xdf3d, 0xf7df, 0xffff, 0xffff, 0xffdf, 0xf7be, 0xf79e, 0xef9e, 
	0x7d16, 0x6433, 0x3351, 0x22f0, 0x2b11, 0x22d0, 0x22f0, 0x2311, 0x2af0, 0x2b31, 0x9db8, 0xa5d9, 0x74b5, 0x6c95, 0x6c95, 0x6c95, 
	0x6475, 0x5c34, 0x22f0, 0x22f0, 0x22d0, 0x2b11, 0x22f0, 0x22f0, 0x22d0, 0x2b11, 0x22d0, 0x2b11, 0x22cf, 0x3b72, 0x6474, 0x6c95, 
	0x759a, 0x6d7a, 0x54f8, 0x4476, 0x4c97, 0x4456, 0xc6bb, 0xf7ff, 0xf77d, 0xf79d, 0x4bf4, 0x124d, 0x12b0, 0x1ad0, 0x1aaf, 0x1aaf, 
	0xd6bb, 0xef9e, 0xffff, 0xffdf, 0x3351, 0x1aaf, 0x1ad0, 0x1ad0, 0x1ad0, 0x1ad0, 0x1acf, 0x22f0, 0x1ad0, 0x22f0, 0x1ad0, 0x1ad0, 
	0x124d, 0x4c14, 0xffff, 0xffff, 0xffff, 0xffff, 0xffff, 0xffff, 0xf7be, 0xffff, 0xffff, 0xffff, 0xffff, 0x9d76, 0x020d, 0x12b0, 
	0x0a8f, 0x12af, 0x1a0b, 0x9e3c, 0xffff, 0x8493, 0x0a4e, 0x1ad0, 0x128f, 0x1ad0, 0x128f, 0x12af, 0x1ad0, 0x22f0, 0x1acf, 0x1aaf, 
	0x12cf, 0x861c, 0x96de, 0x75da, 0x759a, 0x759a, 0x759a, 0x759a, 0x759a, 0x759a, 0x6d9a, 0x54b7, 0x4cb8, 0x4c97, 0x8516, 0xefff, 
	0xffff, 0xffff, 0xffff, 0xffff, 0xffff, 0xffff, 0xffff, 0xef9e, 0xf79e, 0xffde, 0xc79f, 0xa6bc, 0x96fe, 0x96fe, 0x96fe, 0x96de, 
	0x861c, 0x6d79, 0x759a, 0x759a, 0x759a, 0x6d7a, 0x54f8, 0x4476, 0x4c97, 0x4456, 0xcebb, 0xf7ff, 0xef9d, 0xef7d, 0x3bb3, 0x126e, 
	0x1af0, 0x1ad0, 0x1aaf, 0x1aaf, 0xd6db, 0xef9e, 0xffff, 0xf7df, 0x22f0, 0x128e, 0x128f, 0x12b0, 0x128f, 0x1aaf, 0x1ad0, 0x22f0, 
	0x1ad0, 0x1ad0, 0x1acf, 0x22f0, 0x1ad0, 0x1ad0, 0x128f, 0x1ad0, 0x128f, 0x12af, 0x0a6e, 0x0a8f, 0x0a4e, 0x128f, 0x0a6f, 0x0a6f, 
	0x09eb, 0x859a, 0xffff, 0xffff, 0xffff, 0xffff, 0xffff, 0x7c73, 0x020d, 0x128f, 0x128f, 0x1ab0, 0x128f, 0x1ad0, 0x1ad0, 0x22f0, 
	0x1ad0, 0x1ad0, 0x1ad0, 0x22d0, 0x1aef, 0x863c, 0x96de, 0x75ba, 0x759a, 0x759a, 0x759a, 0x759a, 0x6d7a, 0x54b7, 0x54b7, 0x54b7, 
	0x4cb7, 0x4c97, 0x8d36, 0xefff, 0xffff, 0xffff, 0xffff, 0xffff, 0xffff, 0xffff, 0xffdf, 0xef9e, 0xf79e, 0xf7be, 0xaede, 0x7537, 
	0x6d9a, 0x6d9a, 0x759a, 0x757a, 0x6d9a, 0x6d7a, 0x6d9a, 0x6559, 0xcedb, 0xefdf, 0xffff, 0xffff, 0xffff, 0xffff, 0xef9e, 0xe75d, 
	0x3b92, 0x122d, 0x1ad0, 0x1ad0, 0x22f0, 0x1aaf, 0x1ab0, 0x1ad0, 0x1aaf, 0x2af0, 0xdf3d, 0xd71c, 0x22cf, 0x1a8e, 0x128f, 0x128f, 
	0x128f, 0x1ab0, 0x1ad0, 0x1ad0, 0x1acf, 0x22f0, 0x1ad0, 0x22f0, 0x1acf, 0x1ad0, 0x128f, 0x1ad0, 0x128f, 0x0a6f, 0x0a4e, 0x12af, 
	0x759a, 0x759a, 0x6d7a, 0x6559, 0x5cf8, 0x4c97, 0x7538, 0x7d79, 0xd6fc, 0xefbf, 0xbe7a, 0xadf8, 0x3372, 0x1aae, 0x9577, 0xae3a, 
	0xdf1c, 0xe73c, 0x6cb5, 0x5c13, 0x2311, 0x22d0, 0x22f0, 0x22f0, 0x22f0, 0x22f0, 0x22d0, 0x22f0, 0x22f0, 0x22f0, 0x22af, 0x43b3, 
	0xbe9b, 0xcefc, 0xffff, 0xffff, 0xffff, 0xffff, 0xffff, 0xffff, 0xf7ff, 0xd6fc, 0x8557, 0xb6dd, 0xffff, 0xe75d, 0xb69c, 0x7cb4, 
	0x1aaf, 0x22f0, 0x22cf, 0x43f4, 0x6413, 0x9dda, 0xbe9b, 0xc69b, 0xc69b, 0xc69b, 0xb6bd, 0x53b1, 0x1ad0, 0x2311, 0x22f0, 0x6518, 
	0x75da, 0x8ebd, 0x96be, 0x75da, 0x759a, 0x759a, 0x759a, 0x759a, 0x759a, 0x759a, 0x759a, 0x54b7, 0x54b8, 0x4c97, 0x8d36, 0xefff, 
	0xffff, 0xffff, 0xffff, 0xffff, 0xffff, 0xf7be, 0xf7be, 0xf7be, 0xb69c, 0x63f2, 0x5455, 0x43f3, 0x4414, 0x3bd3, 0x6d78, 0x96fe, 
	0x8ebd, 0x8e7c, 0x7dfb, 0x7599, 0x75ba, 0x759a, 0x6d7a, 0x6d59, 0x5cf8, 0x5497, 0x7558, 0x7d99, 0xd6fc, 0xefbf, 0xbe5a, 0xadf9, 
	0x3b92, 0x22cf, 0x9d97, 0xae3a, 0xdf3c, 0xdf3c, 0x74b6, 0x5c13, 0x22f0, 0x22f0, 0x22f0, 0x22f0, 0x22d0, 0x22f0, 0x22f0, 0x22f0, 
	0x22f0, 0x22f0, 0x22d0, 0x2311, 0x22ae, 0x4c14, 0xc69b, 0xc69b, 0xbe9b, 0xc69b, 0xbe9b, 0xbe7a, 0xb639, 0xbe7a, 0xbe9b, 0xbe9b, 
	0xbe7c, 0x9577, 0x5c34, 0x6475, 0x6454, 0x6475, 0x6413, 0x9dda, 0xb69c, 0x6412, 0x1aaf, 0x2311, 0x22d0, 0x22f0, 0x22d0, 0x22f0, 
	0x22f0, 0x22f0, 0x22d0, 0x22f0, 0x2310, 0x863c, 0x96be, 0x75da, 0x759a, 0x759a, 0x759a, 0x759a, 0x759a, 0x6d59, 0x6d59, 0x54b7, 
	0x54b8, 0x4c97, 0x8d36, 0xefff, 0xffff, 0xffff, 0xffff, 0xffff, 0xffff, 0xffff, 0xffdf, 0xf79e, 0xf79e, 0xf7be, 0xb73f, 0x963b, 
	0x8e9d, 0x867d, 0x8e7c, 0x8e7c, 0x7dfb, 0x7599, 0x75ba, 0x759a, 0x8dfb, 0x963c, 0x8dda, 0x8599, 0x85ba, 0x8599, 0xd71c, 0xefbf, 
	0xbe7a, 0xadf8, 0x3b92, 0x22cf, 0x2310, 0x1ad0, 0x1aaf, 0x2b11, 0xa5b8, 0xb63a, 0xf7df, 0xe75d, 0x2b10, 0x22cf, 0x22f0, 0x22d0, 
	0x22d0, 0x22f0, 0x22d0, 0x22f0, 0x22d0, 0x22f0, 0x22d0, 0x22f0, 0x228e, 0x5414, 0xbe7b, 0xbe9b, 0xbe7b, 0xbe7b, 0xbe7b, 0xbe7a, 
	0x759a, 0x759a, 0x759a, 0x759a, 0x5d18, 0x5497, 0x4cb7, 0x4476, 0xcebb, 0xf7ff, 0xef9d, 0xef7d, 0x43b2, 0x1a6e, 0xce9a, 0xef9e, 
	0xef7d, 0xe73c, 0x3351, 0x1a8e, 0x22f0, 0x1ad0, 0x22d0, 0x22f0, 0x22f0, 0x1ad0, 0x1ad0, 0x22f0, 0x1ad0, 0x22f0, 0x1a6d, 0x4bf3, 
	0xffff, 0xffff, 0xffff, 0xffff, 0xffff, 0xffff, 0xffff, 0xffff, 0xf7ff, 0xc69b, 0x4c13, 0x965c, 0xffff, 0xffff, 0xffff, 0x9d56, 
	0x0a4e, 0x1af0, 0x1ad0, 0x1ad0, 0x1a2b, 0xa69d, 0xffff, 0xffff, 0xffff, 0xffff, 0xffff, 0x63d1, 0x126f, 0x1ad0, 0x1aaf, 0x861c, 
	0x9f1e, 0x96de, 0x96be, 0x75da, 0x759a, 0x759a, 0x759a, 0x759a, 0x759a, 0x759a, 0x6d7a, 0x54b7, 0x4cb7, 0x4c97, 0x8516, 0xefff, 
	0xffff, 0xffff, 0xffff, 0xffff, 0xffff, 0xef9e, 0xf79e, 0xffdf, 0x95fb, 0x1a2c, 0x1ad0, 0x128f, 0x1aaf, 0x126e, 0x54d6, 0x9f1f, 
	0x96de, 0x96de, 0x863c, 0x6d99, 0x759a, 0x759a, 0x75ba, 0x75ba, 0x5d18, 0x5497, 0x4c97, 0x4c76, 0xcedb, 0xf7ff, 0xef9d, 0xef7d, 
	0x4392, 0x1a8e, 0xcebb, 0xef9e, 0xef7d, 0xe73c, 0x2b11, 0x126e, 0x1ab0, 0x1af0, 0x22d0, 0x22f0, 0x22d0, 0x22d0, 0x22d0, 0x22f0, 
	0x1ad0, 0x22d0, 0x1ad0, 0x1af0, 0x1a4d, 0x5c55, 0xffff, 0xffff, 0xffff, 0xffff, 0xffff, 0xffff, 0xf7be, 0xffff, 0xffff, 0xffff, 
	0xffff, 0x9d56, 0x022e, 0x12b0, 0x128f, 0x1ad0, 0x1a2b, 0xae7c, 0xffff, 0x7c72, 0x0a6f, 0x1ad0, 0x12af, 0x1ab0, 0x1aaf, 0x22f0, 
	0x1ad0, 0x22f0, 0x1ad0, 0x1ad0, 0x1aef, 0x863c, 0x96de, 0x75da, 0x759a, 0x759a, 0x759a, 0x759a, 0x759a, 0x759a, 0x6d9a, 0x54b7, 
	0x4cb8, 0x4c97, 0x8d36, 0xefff, 0xffff, 0xffff, 0xffff, 0xffff, 0xffff, 0xffff, 0xffdf, 0xef9e, 0xf79e, 0xffde, 0xbf9f, 0xa6bc, 
	0x96fe, 0x96fe, 0x96fe, 0x96de, 0x863c, 0x6d99, 0x759a, 0x759a, 0x759a, 0x6d9a, 0x54f8, 0x4c76, 0x4c97, 0x4c76, 0xcedb, 0xf7ff, 
	0xef9d, 0xef7d, 0x43b2, 0x1a8e, 0x1af0, 0x1ad0, 0x128f, 0x22f0, 0xdefb, 0xef9e, 0xffff, 0xf7be, 0x2b11, 0x22d0, 0x22f0, 0x1ad0, 
	0x1ad0, 0x22f0, 0x1ad0, 0x22f0, 0x1ad0, 0x22f0, 0x1ad0, 0x22f0, 0x124d, 0x5c96, 0xffff, 0xffff, 0xffff, 0xffff, 0xffff, 0xffff, 
	0x861b, 0x759a, 0x75ba, 0x75ba, 0x6519, 0x54b7, 0x54d7, 0x54b7, 0x7558, 0x7579, 0xd6fc, 0xefbf, 0xc67a, 0xb639, 0xef9e, 0xf7df, 
	0x6c95, 0x53d2, 0x2b11, 0x22f0, 0x2310, 0x22f0, 0x22f0, 0x22f0, 0x22f0, 0x22f0, 0x22f0, 0x2311, 0x22cf, 0x43b3, 0xc6bb, 0xd71d, 
	0xffff, 0xffdf, 0xef7d, 0xef7d, 0xe79e, 0xdf5d, 0xaf1e, 0xa6dd, 0x963c, 0x8dfa, 0x6d59, 0x759a, 0x8557, 0xb6dd, 0xffff, 0xef5d, 
	0xbedd, 0x7494, 0x1aaf, 0x2b11, 0x22cf, 0x43f4, 0x5c34, 0x5c54, 0x5c34, 0x5c55, 0x63f2, 0xa63b, 0xbedd, 0x9df9, 0x75da, 0x8ebd, 
	0x96de, 0x7e1b, 0x7dfb, 0x7dba, 0x759a, 0x759a, 0x75ba, 0x75ba, 0x759a, 0x75ba, 0x759a, 0x5cd7, 0x54d7, 0x54d7, 0x64f7, 0x759a, 
	0xadf9, 0xf7ff, 0xffff, 0xffff, 0xffff, 0xf79e, 0xf79e, 0xffde, 0xa65c, 0x3b30, 0x3bb3, 0x3393, 0x3352, 0x22d0, 0x3392, 0x3bd3, 
	0x6d99, 0x9efe, 0x96bd, 0x8e9c, 0x861b, 0x759a, 0x7dba, 0x75ba, 0x6519, 0x54b7, 0x54d7, 0x54b7, 0x7558, 0x7d79, 0xdf1c, 0xefbf, 
	0xc67a, 0xbe19, 0xefbe, 0xf7df, 0x6c95, 0x53f2, 0x2b31, 0x22d0, 0x22f0, 0x2310, 0x22f0, 0x22f0, 0x22f0, 0x22f0, 0x22f0, 0x2b11, 
	0x22f0, 0x22f0, 0x22af, 0x4bf4, 0xc6bb, 0xd71d, 0xffff, 0xffff, 0xffff, 0xffff, 0xffff, 0xffff, 0xf7ff, 0xcedc, 0x7d37, 0xb6dd, 
	0xffff, 0xef5d, 0xbedd, 0x7494, 0x1aaf, 0x2311, 0x22cf, 0x4bf4, 0x5bf2, 0x9dfa, 0xcebb, 0xcebb, 0xcebb, 0xcebb, 0xbede, 0x5bb1, 
	0x1ad0, 0x22f0, 0x2310, 0x6d59, 0x7dfa, 0x96bd, 0x96be, 0x75da, 0x75ba, 0x75ba, 0x759a, 0x759a, 0x75ba, 0x75ba, 0x759a, 0x54d7, 
	0x54d8, 0x4c97, 0x8d36, 0xefff, 0xffff, 0xffff, 0xffff, 0xffff, 0xffff, 0xf7be, 0xf7be, 0xf7de, 0xae5b, 0x5bd1, 0x4414, 0x3bd3, 
	0x4414, 0x3bb3, 0x6d79, 0x9efe, 0x8ebd, 0x8e9c, 0x861b, 0x759a, 0x75ba, 0x759a, 0x759a, 0x6d79, 0x5cf8, 0x54b7, 0x7558, 0x7d79, 
	0xdf1c, 0xefbf, 0xbe7a, 0xb619, 0x3b72, 0x2acf, 0xa5b8, 0xb65a, 0xe73d, 0xdf1c, 0x6475, 0x5413, 0x2b10, 0x2b10, 0x22f0, 0x22f0, 
	0x22f0, 0x2b10, 0x22f0, 0x2b11, 0x22f0, 0x2b11, 0x22cf, 0x5434, 0xc6bb, 0xd73d, 0xffff, 0xffff, 0xffff, 0xffff, 0xffff, 0xffff, 
	0x863c, 0x6d99, 0x759a, 0x759a, 0x5d18, 0x5497, 0x54d7, 0x54b7, 0x54b7, 0x4c76, 0xcedc, 0xefdf, 0xef7d, 0xef7d, 0xffff, 0xffff, 
	0x3b92, 0x1a8e, 0x22f0, 0x22f0, 0x22f0, 0x1ad0, 0x1ad0, 0x22f0, 0x1ad0, 0x1ad0, 0x1ad0, 0x22f0, 0x228e, 0x4bd3, 0xffff, 0xffff, 
	0xffff, 0xffdf, 0xe73c, 0xe73c, 0xdf5d, 0xd6fc, 0x8ebe, 0x865c, 0x6d79, 0x6d9a, 0x75bb, 0x6539, 0x4c34, 0x965d, 0xffff, 0xffff, 
	0xffff, 0x8d15, 0x0a6e, 0x22f0, 0x1ad0, 0x1ad0, 0x128f, 0x1ad0, 0x128f, 0x1ab0, 0x222b, 0xbefe, 0xf7ff, 0xc6fc, 0x8efe, 0x8ede, 
	0x96be, 0x75da, 0x759a, 0x759a, 0x759a, 0x759a, 0x759a, 0x759a, 0x759a, 0x759a, 0x6d9a, 0x54b7, 0x54b7, 0x54b7, 0x4cb8, 0x4476, 
	0x8516, 0xefff, 0xffff, 0xffff, 0xffff, 0xf79e, 0xf79d, 0xffde, 0xa65c, 0x3b50, 0x3bd4, 0x33b3, 0x2b52, 0x1aaf, 0x22f0, 0x126e, 
	0x5cf7, 0x9eff, 0x96de, 0x96de, 0x861c, 0x6d9a, 0x759a, 0x759a, 0x5d18, 0x4c97, 0x54b7, 0x54b7, 0x54b7, 0x4c76, 0xd6fc, 0xefdf, 
	0xf77d, 0xef7d, 0xffff, 0xffff, 0x3352, 0x1a8e, 0x1af0, 0x1ab0, 0x1aaf, 0x22f0, 0x22d0, 0x22d0, 0x1ad0, 0x22d0, 0x1ad0, 0x22f0, 
	0x1ad0, 0x1ad0, 0x1a6e, 0x5434, 0xffff, 0xffff, 0xffff, 0xffff, 0xffff, 0xffff, 0xffff, 0xffff, 0xf7ff, 0xbe7b, 0x4c13, 0x965d, 
	0xffff, 0xffff, 0xffff, 0x9515, 0x0a6e, 0x1af0, 0x1ad0, 0x1ad0, 0x1a2c, 0xae9d, 0xffff, 0xffff, 0xffff, 0xffff, 0xffff, 0x63f1, 
	0x128f, 0x1ad0, 0x1acf, 0x863c, 0x971e, 0x96de, 0x8ebe, 0x75ba, 0x759a, 0x759a, 0x759a, 0x759a, 0x759a, 0x759a, 0x6d7a, 0x54b7, 
	0x4cb7, 0x4c97, 0x8d36, 0xefff, 0xffff, 0xffff, 0xffff, 0xffff, 0xffff, 0xef9e, 0xf79e, 0xffdf, 0x8dda, 0x1a2c, 0x128f, 0x1290, 
	0x22d0, 0x126e, 0x54f6, 0x9eff, 0x96de, 0x96de, 0x861c, 0x6d99, 0x759a, 0x759a, 0x75ba, 0x759a, 0x5cf8, 0x4cb7, 0x4cb7, 0x4c76, 
	0xd6fc, 0xefdf, 0xef7d, 0xef5d, 0x3b72, 0x22ae, 0xd6db, 0xef9e, 0xe77d, 0xdefc, 0x22f0, 0x1a8e, 0x1ad0, 0x22f0, 0x1ad0, 0x1ad0, 
	0x1ab0, 0x22f0, 0x1ad0, 0x1ad0, 0x1ab0, 0x1ad0, 0x1a6d, 0x5c55, 0xffff, 0xffff, 0xffff, 0xffff, 0xffff, 0xffff, 0xffff, 0xffff, 
	0x863c, 0x7599, 0x759a, 0x759a, 0x759a, 0x6d79, 0x5d18, 0x54b7, 0x54d7, 0x54b7, 0x6d38, 0x7559, 0x5414, 0x43d3, 0x5413, 0x4bf3, 
	0x2b11, 0x22d0, 0x22f0, 0x22f0, 0x22f0, 0x22d0, 0x22d0, 0x22f0, 0x22f0, 0x22d0, 0x1ad0, 0x22f0, 0x22ae, 0x4bf3, 0xffff, 0xffff, 
	0xef7d, 0xef5d, 0xdf5d, 0xd71c, 0x9edd, 0x9edd, 0x96de, 0x867c, 0x757a, 0x759a, 0x759a, 0x759a, 0x6d59, 0x6d7a, 0x7d17, 0xae9d, 
	0xef9d, 0xe71c, 0xc6fd, 0x7473, 0x128f, 0x22f0, 0x1ad0, 0x22f0, 0x22d0, 0x22f0, 0x1aae, 0x85fb, 0xaf3f, 0x9edd, 0x96be, 0x7e1b, 
	0x7ddb, 0x75ba, 0x759a, 0x759a, 0x759a, 0x759a, 0x759a, 0x759a, 0x759a, 0x759a, 0x6d7a, 0x54b7, 0x54b7, 0x54b7, 0x54d8, 0x4c97, 
	0x8d36, 0xefff, 0xffff, 0xffbe, 0xf79e, 0xef7d, 0xb69c, 0x6453, 0x4c56, 0x3b93, 0x3393, 0x22f0, 0x22f0, 0x1ad0, 0x2310, 0x1acf, 
	0x2b52, 0x3372, 0x6d79, 0x9efe, 0x861c, 0x7599, 0x759a, 0x759a, 0x757a, 0x6d59, 0x5cf8, 0x54b7, 0x54d7, 0x54b7, 0x6d38, 0x7579, 
	0x5434, 0x4bd2, 0x53f3, 0x4bf3, 0x22f0, 0x22d0, 0x22f0, 0x1ad0, 0x1ad0, 0x22f0, 0x22f0, 0x22f0, 0x22d0, 0x22f0, 0x22d0, 0x22f0, 
	0x22ae, 0x43d3, 0xd6dc, 0xdf3d, 0xffff, 0xffdf, 0xef7d, 0xef7d, 0xe79e, 0xdf3d, 0xaf1e, 0x9ebd, 0x8e1b, 0x85fa, 0x6d59, 0x6d79, 
	0x7d17, 0xb6de, 0xffff, 0xef5d, 0xc6fd, 0x7473, 0x128f, 0x2311, 0x22af, 0x3bb3, 0x53f3, 0x5413, 0x4bf3, 0x4bf3, 0x5bb1, 0xae5c, 
	0xc71e, 0x9df9, 0x75fb, 0x8ebd, 0x96be, 0x7e1b, 0x75db, 0x759a, 0x759a, 0x759a, 0x759a, 0x759a, 0x759a, 0x759a, 0x6d7a, 0x54b7, 
	0x54b7, 0x4cb7, 0x5cf7, 0x6d59, 0xadd8, 0xf7ff, 0xffff, 0xffff, 0xffff, 0xf79e, 0xf79e, 0xffdf, 0x9e3c, 0x3b30, 0x2b73, 0x3373, 
	0x3352, 0x1aaf, 0x2b52, 0x3372, 0x6d78, 0x96fe, 0x8ebd, 0x8e9d, 0x7dfb, 0x759a, 0x75ba, 0x759a, 0x5cf8, 0x54b7, 0x54d7, 0x54b7, 
	0x6d38, 0x7559, 0xdf1c, 0xefbe, 0xc69a, 0xc659, 0xf7bf, 0xf7df, 0x5c54, 0x4391, 0x22f0, 0x22d0, 0x1ad0, 0x22f0, 0x1ad0, 0x1ad0, 
	0x1acf, 0x22f0, 0x1ad0, 0x1ad0, 0x1a8e, 0x43d3, 0xcedc, 0xdf3d, 0xffff, 0xffdf, 0xef7d, 0xef7d, 0xe79e, 0xd73d, 0xaefe, 0xa6bd, 
	0x863c, 0x6d99, 0x759a, 0x759a, 0x75ba, 0x759a, 0x5d18, 0x4cb7, 0x54d7, 0x54b7, 0x54b7, 0x4c97, 0x2311, 0x12af, 0x1ad0, 0x1aaf, 
	0x1ad0, 0x1ad0, 0x22d0, 0x22d0, 0x22f0, 0x22d0, 0x1ad0, 0x22f0, 0x22f0, 0x22f0, 0x1ad0, 0x22f0, 0x22ae, 0x4bf3, 0xffff, 0xffdf, 
	0xe73c, 0xe73c, 0xdf7d, 0xd71c, 0x8ebd, 0x96de, 0x96de, 0x867c, 0x757a, 0x759a, 0x759a, 0x75ba, 0x75bb, 0x6539, 0x5434, 0x8e3c, 
	0xef5c, 0xffbe, 0xffff, 0x8cf4, 0x128f, 0x22f1, 0x1ad0, 0x22f0, 0x1ad0, 0x22f0, 0x12cf, 0x75ba, 0x96fe, 0x96dd, 0x96be, 0x75da, 
	0x759a, 0x759a, 0x759a, 0x759a, 0x759a, 0x759a, 0x759a, 0x759a, 0x759a, 0x759a, 0x6d9a, 0x54b7, 0x54b7, 0x54b7, 0x54d8, 0x4c97, 
	0x8d36, 0xefff, 0xffff, 0xf79d, 0xef9d, 0xef7d, 0x9e3c, 0x3b30, 0x33b3, 0x33b4, 0x3372, 0x1acf, 0x22f0, 0x1ad0, 0x2310, 0x1ad0, 
	0x1ad0, 0x126e, 0x5d17, 0x9eff, 0x861c, 0x6d99, 0x759a, 0x759a, 0x75ba, 0x759a, 0x5cf8, 0x54b7, 0x54d7, 0x54b7, 0x4c97, 0x4c97, 
	0x2331, 0x12af, 0x1ad0, 0x1aaf, 0x1ad0, 0x22f0, 0x22f0, 0x1ad0, 0x1ad0, 0x22f0, 0x22d0, 0x22f0, 0x22d0, 0x22f0, 0x1ad0, 0x22f0, 
	0x228e, 0x4c14, 0xffff, 0xffff, 0xffff, 0xffdf, 0xe73c, 0xe73c, 0xdf7e, 0xcf1c, 0x8ebe, 0x865c, 0x6d79, 0x75ba, 0x75bb, 0x5d18, 
	0x5434, 0x9e7d, 0xffff, 0xffff, 0xffff, 0x8cf4, 0x128f, 0x2311, 0x1ad0, 0x1ad0, 0x1aaf, 0x1ad0, 0x12b0, 0x1ab0, 0x2a6c, 0xc73f, 
	0xf7ff, 0xc6fc, 0x96de, 0x96de, 0x96be, 0x75da, 0x6d9a, 0x759a, 0x759a, 0x759a, 0x759a, 0x759a, 0x759a, 0x759a, 0x6d9a, 0x54b7, 
	0x54b7, 0x54b7, 0x54d8, 0x4477, 0x8d36, 0xefff, 0xffff, 0xffff, 0xffff, 0xf79e, 0xf79e, 0xffde, 0x9e3c, 0x3b50, 0x33b4, 0x33b4, 
	0x3372, 0x1acf, 0x22d0, 0x126e, 0x5d17, 0x9eff, 0x96de, 0x96de, 0x7e1b, 0x7599, 0x75ba, 0x759a, 0x5cf8, 0x54b7, 0x54d7, 0x54b7, 
	0x4cb7, 0x4c97, 0xd71c, 0xefdf, 0xef7d, 0xef7d, 0xffff, 0xf7df, 0x3351, 0x1a8e, 0x1ad0, 0x22f0, 0x22d0, 0x22f0, 0x22f0, 0x22f0, 
	0x1ad0, 0x22f0, 0x22f0, 0x22f0, 0x1a8e, 0x5434, 0xffff, 0xffff, 0xffff, 0xf7be, 0xe73c, 0xe73c, 0xdf7e, 0xcefc, 0x8ebe, 0x865c, 
	0x863c, 0x7599, 0x759a, 0x759a, 0x75ba, 0x759a, 0x5d18, 0x54b7, 0x54d7, 0x54b7, 0x54d8, 0x54b7, 0x2b31, 0x22d0, 0x2b11, 0x22d0, 
	0x22f0, 0x22f0, 0x22f0, 0x22f0, 0x22f0, 0x22f0, 0x22f0, 0x22f0, 0x22f0, 0x22f0, 0x22f0, 0x2311, 0x22af, 0x4bf3, 0xffff, 0xffff, 
	0xe73c, 0xef7d, 0xf7ff, 0xe77e, 0x96bd, 0x96de, 0x96dd, 0x96dd, 0x8e9d, 0x863c, 0x759a, 0x7dba, 0x759a, 0x759a, 0x6d7a, 0x6d7a, 
	0x74f6, 0xae9d, 0xef9e, 0xdedb, 0xbebc, 0x6c32, 0x1aaf, 0x2311, 0x1acf, 0x6d38, 0x863b, 0x8e9d, 0x96de, 0x861b, 0x75db, 0x75ba, 
	0x8578, 0xc77f, 0xef9e, 0xe79e, 0xe79e, 0xe79e, 0xe79e, 0xef9e, 0xcf9f, 0x8d98, 0x6d9a, 0x54d7, 0x54d7, 0x54b7, 0x54d7, 0x54b7, 
	0x5cb7, 0x5c96, 0x5c75, 0x5c55, 0x6496, 0x5c55, 0x4c35, 0x3bb3, 0x3bd4, 0x3bb3, 0x3b93, 0x22d0, 0x22f0, 0x22d0, 0x2b11, 0x1aaf, 
	0x54b6, 0x861c, 0x8e9c, 0x96de, 0x861c, 0x759a, 0x7dba, 0x759a, 0x7dba, 0x759a, 0x6518, 0x54b7, 0x54d7, 0x54b7, 0x54d7, 0x54d7, 
	0x3352, 0x22d0, 0x22f0, 0x22f0, 0x22f0, 0x22f0, 0x2311, 0x22d0, 0x22f0, 0x2310, 0x22f0, 0x2310, 0x22f0, 0x2310, 0x22f0, 0x2311, 
	0x22af, 0x5414, 0xffff, 0xffff, 0xef7d, 0xef5d, 0xdf5d, 0xd71c, 0x9edd, 0x9edd, 0x96de, 0x865c, 0x759a, 0x7dba, 0x759a, 0x759a, 
	0x6d7a, 0x759a, 0x7d16, 0xae9c, 0xef7d, 0xe73c, 0xcf3e, 0x7473, 0x1aaf, 0x2310, 0x22f0, 0x2b11, 0x22f0, 0x22f0, 0x22cf, 0x8e1c, 
	0xa73f, 0x9edd, 0x96be, 0x7e1b, 0x7ddb, 0x75ba, 0x759a, 0x759a, 0x75ba, 0x75ba, 0x759a, 0x759a, 0x759a, 0x75ba, 0x759a, 0x5cb7, 
	0x54b7, 0x54b7, 0x54d8, 0x4cb7, 0x9577, 0xefff, 0xffff, 0xf7be, 0xf79e, 0xef7d, 0xae7c, 0x6433, 0x4c55, 0x3bb3, 0x3372, 0x2311, 
	0x2b31, 0x22d0, 0x22f0, 0x22d0, 0x3372, 0x3372, 0x7599, 0x9efe, 0x861b, 0x7599, 0x7dba, 0x759a, 0x759a, 0x6d79, 0x5cf8, 0x54b7, 
	0x54d7, 0x54b7, 0x6d38, 0x7559, 0x4c14, 0x4392, 0x4bd3, 0x4bf3, 0x2b31, 0x22f0, 0x22f0, 0x22f0, 0x22f0, 0x22f0, 0x22f0, 0x22f0, 
	0x22d0, 0x22f0, 0x22f0, 0x22f0, 0x22ae, 0x5435, 0xffff, 0xffdf, 0xef7d, 0xef5d, 0xdf5d, 0xd71c, 0x9efd, 0x9edd, 0x96de, 0x865c, 
	0x863c, 0x6d99, 0x759a, 0x759a, 0x75ba, 0x759a, 0x5d18, 0x54b7, 0x54d7, 0x54b7, 0x54d7, 0x54b7, 0x2b31, 0x1ad0, 0x22f0, 0x22d0, 
	0x22f0, 0x22f0, 0x22f0, 0x22f0, 0x22f0, 0x1ad0, 0x22d0, 0x22f0, 0x22d0, 0x22d0, 0x1ad0, 0x22f0, 0x22ae, 0x4bd3, 0xffff, 0xffff, 
	0xe73c, 0xef7d, 0xf7ff, 0xe79e, 0x96bd, 0x96de, 0x96dd, 0x96dd, 0x96de, 0x867c, 0x759a, 0x75ba, 0x759a, 0x759a, 0x75bb, 0x6539, 
	0x5434, 0x963c, 0xef5c, 0xef5c, 0xe7bf, 0x7c52, 0x1aaf, 0x2311, 0x1acf, 0x75ba, 0x971e, 0x96dd, 0x96be, 0x7dfb, 0x759a, 0x759a, 
	0x8d78, 0xdfff, 0xffff, 0xffff, 0xffff, 0xffff, 0xffff, 0xffff, 0xdfff, 0x9598, 0x6d9a, 0x54d7, 0x54b7, 0x54b7, 0x54d7, 0x54b7, 
	0x5497, 0x3393, 0x2b73, 0x2b73, 0x33b4, 0x3373, 0x3393, 0x3393, 0x3bb4, 0x33b3, 0x3372, 0x1acf, 0x22f0, 0x1ad0, 0x22f0, 0x1a8f, 
	0x5d17, 0x9f1f, 0x96de, 0x96dd, 0x861c, 0x6d9a, 0x759a, 0x759a, 0x759a, 0x759a, 0x5cf8, 0x54b7, 0x54d7, 0x54b7, 0x54b7, 0x54b7, 
	0x2b52, 0x1ad0, 0x22f0, 0x1ad0, 0x22d0, 0x22f0, 0x22f0, 0x1acf, 0x1acf, 0x22f0, 0x22d0, 0x22f0, 0x22d0, 0x22f0, 0x1ad0, 0x22f0, 
	0x228e, 0x4bf4, 0xffff, 0xffdf, 0xe73c, 0xe73c, 0xdf7d, 0xd71c, 0x8ebd, 0x96de, 0x96de, 0x865c, 0x757a, 0x75ba, 0x759a, 0x759a, 
	0x75bb, 0x6539, 0x5454, 0x963c, 0xef5c, 0xffbe, 0xf7ff, 0x84b4, 0x128f, 0x22f0, 0x1ad0, 0x22f0, 0x1ad0, 0x22f0, 0x1acf, 0x7ddb, 
	0x96de, 0x96de, 0x96be, 0x75da, 0x759a, 0x759a, 0x759a, 0x759a, 0x75ba, 0x75ba, 0x759a, 0x759a, 0x759a, 0x759a, 0x6d7a, 0x54b7, 
	0x54b7, 0x54b7, 0x54b8, 0x4c97, 0x8d57, 0xefff, 0xffdf, 0xef9d, 0xef7d, 0xef5d, 0x961b, 0x3b30, 0x33b4, 0x33b4, 0x2b31, 0x1aaf, 
	0x2310, 0x1acf, 0x22f0, 0x1ad0, 0x22f0, 0x128f, 0x6558, 0x9eff, 0x7e1b, 0x7599, 0x759a, 0x759a, 0x75ba, 0x75ba, 0x5cf8, 0x54b7, 
	0x54b7, 0x54b7, 0x54b7, 0x4c97, 0x2311, 0x12af, 0x12af, 0x1ad0, 0x22f0, 0x22d0, 0x1ad0, 0x22f0, 0x22d0, 0x22f0, 0x22d0, 0x22d0, 
	0x1ad0, 0x22f0, 0x22f0, 0x22f0, 0x1a8e, 0x5434, 0xffff, 0xf7df, 0xe73c, 0xe73c, 0xdf7e, 0xd71c, 0x8ebd, 0x8edd, 0x96de, 0x865c, 
	0x7dbb, 0x759a, 0x759a, 0x759a, 0x75ba, 0x759a, 0x5d18, 0x54b7, 0x54d8, 0x54b7, 0x54d8, 0x54b7, 0x4c76, 0x4c76, 0x2b52, 0x22d0, 
	0x22f0, 0x22f0, 0x22f0, 0x22f0, 0x22f0, 0x22d0, 0x22d0, 0x22f0, 0x22f0, 0x22f0, 0x22d0, 0x22f0, 0x22ae, 0x4bf3, 0xffff, 0xffff, 
	0xffdf, 0xf7be, 0xe75d, 0xef9e, 0xf7df, 0xf7df, 0xe7ff, 0xd77e, 0x96bd, 0x96de, 0x8e9d, 0x863c, 0x759a, 0x759a, 0x75ba, 0x6539, 
	0x5497, 0x5d18, 0x74d6, 0xae9c, 0xef7d, 0xdedb, 0xbedc, 0xae3a, 0x7e3b, 0x8ebd, 0x96de, 0x7e1b, 0x8598, 0xc77f, 0xef9e, 0xef9e, 
	0xef9e, 0xffff, 0xffff, 0xffff, 0xffff, 0xf7be, 0xf79e, 0xef5d, 0xe75d, 0xd6fc, 0xd6fc, 0xcefc, 0xd6db, 0xcedb, 0xd6db, 0xd6fc, 
	0xa67c, 0x4391, 0x3393, 0x33b3, 0x3bd4, 0x3bb3, 0x3bb3, 0x3bb3, 0x3bd4, 0x3bb3, 0x3393, 0x1ad0, 0x22f0, 0x22d0, 0x22f0, 0x1a8f, 
	0x5d17, 0x9efe, 0x865c, 0x75da, 0x75ba, 0x759a, 0x75ba, 0x759a, 0x75ba, 0x759a, 0x5cf8, 0x54b7, 0x54d8, 0x54b7, 0x54b7, 0x54b7, 
	0x5497, 0x4c76, 0x2b31, 0x22d0, 0x22d0, 0x22f0, 0x22f0, 0x1ad0, 0x22d0, 0x22f0, 0x22f0, 0x22f0, 0x22f0, 0x22f0, 0x22f0, 0x22f0, 
	0x22ae, 0x4c14, 0xffff, 0xffdf, 0xe73c, 0xef7d, 0xf7ff, 0xe77e, 0x8ebd, 0x96de, 0x8ebd, 0x8ebd, 0x8e9d, 0x863c, 0x759a, 0x759a, 
	0x759a, 0x759a, 0x6d7a, 0x6d59, 0x74d5, 0xae9d, 0xef9d, 0xdedb, 0xbedd, 0x6412, 0x1aaf, 0x22f0, 0x1acf, 0x6d59, 0x865c, 0x96bd, 
	0x96de, 0x7e1b, 0x75bb, 0x759b, 0x8578, 0xcf9f, 0xef9e, 0xef9e, 0xefbf, 0xefbf, 0xef9e, 0xefbf, 0xcf9f, 0x8d98, 0x6d9a, 0x54b7, 
	0x54b7, 0x54b7, 0x54d7, 0x54b7, 0x5c96, 0x5455, 0x5c75, 0x5455, 0x5455, 0x5435, 0x4c15, 0x3b93, 0x3bd4, 0x3bb3, 0x2b52, 0x1ad0, 
	0x2b11, 0x22d0, 0x22f0, 0x1aaf, 0x5cd6, 0x863c, 0x8ebd, 0x96de, 0x7e1c, 0x759a, 0x75ba, 0x759a, 0x759a, 0x759a, 0x5d18, 0x54b7, 
	0x54b7, 0x54b7, 0x54d7, 0x54b7, 0x2b31, 0x1ad0, 0x1ad0, 0x22f0, 0x22f0, 0x22d0, 0x22f0, 0x22f0, 0x22f0, 0x22f0, 0x22f0, 0x22f0, 
	0x22d0, 0x22f0, 0x22f0, 0x22f0, 0x228e, 0x5434, 0xffff, 0xffdf, 0xe73c, 0xef7d, 0xf7ff, 0xdf7e, 0x8ebd, 0x96bd, 0x96dd, 0x96dd, 
	0x759a, 0x759a, 0x759a, 0x759a, 0x759a, 0x759a, 0x5cf8, 0x5497, 0x54d7, 0x54b7, 0x54d7, 0x4cb7, 0x54b7, 0x54d7, 0x2b51, 0x1acf, 
	0x1ad0, 0x1ad0, 0x22d0, 0x22d0, 0x22d0, 0x1ad0, 0x1ad0, 0x22f0, 0x1ad0, 0x1ad0, 0x1ad0, 0x22f0, 0x22ae, 0x43d3, 0xf7ff, 0xffff, 
	0xffff, 0xffdf, 0xe73c, 0xef7d, 0xffdf, 0xffdf, 0xf7ff, 0xdf7e, 0x8e9d, 0x96bd, 0x96de, 0x865c, 0x757a, 0x759a, 0x759a, 0x6538, 
	0x4c97, 0x4cb7, 0x5454, 0x965c, 0xef3c, 0xe73c, 0xd79e, 0xbedc, 0x8ede, 0x96fe, 0x96de, 0x7dfb, 0x8557, 0xd7bf, 0xffff, 0xffff, 
	0xffff, 0xffff, 0xffff, 0xffff, 0xffff, 0xf79e, 0xef9e, 0xe75c, 0xe73c, 0xef5d, 0xef5d, 0xef5d, 0xef5d, 0xef5d, 0xef5c, 0xef7d, 
	0xb6bd, 0x4b91, 0x33b4, 0x3393, 0x3bd4, 0x3393, 0x33b3, 0x3393, 0x3bb3, 0x3393, 0x3372, 0x1aaf, 0x22f0, 0x1acf, 0x2311, 0x1aaf, 
	0x5d17, 0x9eff, 0x863c, 0x6d99, 0x759a, 0x759a, 0x759a, 0x759a, 0x759a, 0x759a, 0x5cf8, 0x5497, 0x54d7, 0x54b7, 0x54b7, 0x54b7, 
	0x54d7, 0x54b7, 0x2b31, 0x1acf, 0x1ad0, 0x22d0, 0x22f0, 0x1aaf, 0x1acf, 0x22f0, 0x22d0, 0x22f0, 0x22d0, 0x22d0, 0x1ad0, 0x22f0, 
	0x1a8e, 0x4bf4, 0xffff, 0xffdf, 0xe73c, 0xef7d, 0xf7ff, 0xe79e, 0x96bd, 0x96de, 0x96dd, 0x96dd, 0x96de, 0x865c, 0x759a, 0x759a, 
	0x759a, 0x75ba, 0x75bb, 0x5d18, 0x5434, 0x965c, 0xef3c, 0xef5c, 0xe7bf, 0x7452, 0x1ab0, 0x2311, 0x1aef, 0x7ddb, 0x971e, 0x96dd, 
	0x96be, 0x7dfb, 0x759a, 0x75ba, 0x8d98, 0xdfff, 0xffff, 0xffff, 0xffff, 0xffff, 0xffff, 0xffff, 0xdfff, 0x9598, 0x6d9a, 0x54d7, 
	0x54d7, 0x54b7, 0x54d7, 0x54d7, 0x4c76, 0x2b72, 0x3393, 0x3373, 0x3393, 0x3373, 0x33b3, 0x3393, 0x3bb4, 0x33b3, 0x2b31, 0x1aaf, 
	0x2310, 0x1aaf, 0x22f0, 0x128f, 0x5d37, 0x9f1f, 0x96de, 0x96dd, 0x7dfb, 0x6d9a, 0x759a, 0x759a, 0x759a, 0x759a, 0x5cf8, 0x5497, 
	0x54b7, 0x54b7, 0x54b7, 0x54b7, 0x2b31, 0x1acf, 0x1acf, 0x22f0, 0x22f0, 0x1ad0, 0x1ad0, 0x22d0, 0x22d0, 0x22f0, 0x22d0, 0x22d0, 
	0x1ad0, 0x22f0, 0x1ad0, 0x22f0, 0x1a8e, 0x5434, 0xffff, 0xffdf, 0xe73c, 0xef7d, 0xf7ff, 0xe79e, 0x96dd, 0x96dd, 0x96dd, 0x96de, 
	0x75ba, 0x759a, 0x759a, 0x759a, 0x759a, 0x759a, 0x5d18, 0x54b7, 0x54d7, 0x54b7, 0x54d7, 0x54b7, 0x54b7, 0x54b7, 0x2b52, 0x1ad0, 
	0x22d0, 0x22d0, 0x22f0, 0x22f0, 0x22f0, 0x22d0, 0x1ad0, 0x22d0, 0x1ad0, 0x1ad0, 0x1ad0, 0x22d0, 0x22d0, 0x2311, 0x3b50, 0x6495, 
	0xffff, 0xffdf, 0xe79e, 0xbe18, 0x3351, 0x4bd3, 0x4c35, 0x4c35, 0x3bd3, 0x6538, 0x96fe, 0x865c, 0x757a, 0x759a, 0x75ba, 0x6539, 
	0x4c97, 0x54b7, 0x5497, 0x5cf8, 0x64f8, 0x6518, 0x5cf7, 0x863c, 0xa69c, 0xc7bf, 0xf7ff, 0xefbf, 0xf7be, 0xffff, 0xffff, 0xffff, 
	0xffff, 0xffff, 0xffff, 0xffff, 0xffff, 0xf79e, 0xf79e, 0xef9e, 0xf79e, 0xffff, 0xffdf, 0xf79e, 0xf79e, 0xf79e, 0xef9d, 0xe75c, 
	0xdf3c, 0xd6fb, 0x961b, 0x3b50, 0x3bb4, 0x3393, 0x33b3, 0x33b3, 0x3392, 0x22f0, 0x2b11, 0x1ad0, 0x22f0, 0x1a8f, 0x5496, 0x8e5d, 
	0x8e9d, 0x96de, 0x863c, 0x6d99, 0x759a, 0x759a, 0x759a, 0x759a, 0x759a, 0x759a, 0x5cf8, 0x54b7, 0x54d7, 0x54b7, 0x54b7, 0x54b7, 
	0x54d7, 0x54b7, 0x2b31, 0x1ad0, 0x22d0, 0x22f0, 0x22f0, 0x1acf, 0x1ad0, 0x22f0, 0x22d0, 0x22f0, 0x22d0, 0x22f0, 0x1ad0, 0x22f0, 
	0x228e, 0x4c14, 0xffff, 0xffff, 0xffff, 0xf7be, 0xe75d, 0xef9d, 0xf7ff, 0xf7df, 0xefff, 0xd77e, 0x8ebd, 0x96de, 0x8ebd, 0x7e3b, 
	0x757a, 0x75ba, 0x759a, 0x6518, 0x4c97, 0x5cf8, 0x74b5, 0xae9d, 0xef7d, 0xdefb, 0xbefd, 0xae5a, 0x7e3c, 0x8ebd, 0x96de, 0x7e1b, 
	0x8578, 0xc79f, 0xf7bf, 0xefbf, 0xf7be, 0xffff, 0xffff, 0xffff, 0xffff, 0xf7be, 0xf79e, 0xef5d, 0xe75d, 0xdf1c, 0xd71c, 0xd6fc, 
	0xd6fc, 0xd6fc, 0xd6fc, 0xd71c, 0x9e3c, 0x4350, 0x33b4, 0x33b3, 0x3bb4, 0x3393, 0x3bd4, 0x3393, 0x3bd4, 0x33b3, 0x2b51, 0x1acf, 
	0x2311, 0x1acf, 0x22d0, 0x128f, 0x5d17, 0x9eff, 0x863c, 0x75ba, 0x75ba, 0x759a, 0x75ba, 0x759a, 0x759a, 0x759a, 0x5cf8, 0x54b7, 
	0x54b7, 0x54b7, 0x54d7, 0x54b7, 0x4c97, 0x4c56, 0x22f0, 0x22f0, 0x22f0, 0x22d0, 0x22d0, 0x22f0, 0x22f0, 0x22f0, 0x22f0, 0x22f0, 
	0x22d0, 0x22f0, 0x22f0, 0x22f0, 0x228e, 0x5434, 0xffff, 0xffff, 0xffff, 0xf7be, 0xe75d, 0xef9e, 0xf7ff, 0xf7ff, 0xefff, 0xd75e, 
	0x75ba, 0x759a, 0x759a, 0x759a, 0x75ba, 0x759a, 0x5d18, 0x54b7, 0x54d7, 0x54b7, 0x54d7, 0x54b7, 0x54b7, 0x54d7, 0x2b52, 0x1ad0, 
	0x22f0, 0x22f0, 0x22f0, 0x22f0, 0x22f0, 0x22f0, 0x2b11, 0x2b31, 0x2b31, 0x2b31, 0x2b10, 0x2b31, 0x22f0, 0x22f0, 0x1a8e, 0x4bf3, 
	0xf7df, 0xefbe, 0xdf5e, 0xadb7, 0x128f, 0x2b31, 0x3393, 0x33b3, 0x3393, 0x5cf8, 0x9efe, 0x865c, 0x759a, 0x759a, 0x759a, 0x6539, 
	0x54b7, 0x54d7, 0x54b7, 0x54d7, 0x4cb7, 0x54d8, 0x54d7, 0x863c, 0xaebc, 0xd7ff, 0xffff, 0xffff, 0xffff, 0xffff, 0xffff, 0xffff, 
	0xffff, 0xffff, 0xffff, 0xffff, 0xf7ff, 0xef9e, 0xef9e, 0xef9e, 0xef9e, 0xffff, 0xf7ff, 0xef9e, 0xef9e, 0xef7d, 0xef7d, 0xe75d, 
	0xef5c, 0xf77d, 0xae9d, 0x4b91, 0x43f4, 0x3bd4, 0x3bd4, 0x3bb3, 0x3372, 0x1ad0, 0x2311, 0x22d0, 0x22f0, 0x1aaf, 0x5cf7, 0x9eff, 
	0x96dd, 0x96dd, 0x861c, 0x7599, 0x75ba, 0x759a, 0x75ba, 0x759a, 0x75ba, 0x759a, 0x5cf8, 0x54b7, 0x54d8, 0x54b7, 0x54b7, 0x54b7, 
	0x5cd7, 0x54b7, 0x2b31, 0x22d0, 0x22d0, 0x22f0, 0x22f0, 0x22d0, 0x22d0, 0x22f0, 0x22f0, 0x22f0, 0x22f0, 0x22f0, 0x22f0, 0x22f0, 
	0x22ae, 0x4bf4, 0xf7df, 0xf7df, 0xffff, 0xffdf, 0xe73c, 0xef7d, 0xffdf, 0xffdf, 0xefff, 0xdf3d, 0x8e9c, 0x96dd, 0x96de, 0x865c, 
	0x759a, 0x75ba, 0x759a, 0x6518, 0x4cb7, 0x54b8, 0x5c54, 0x9e7d, 0xe73c, 0xe73c, 0xd77e, 0xbedc, 0x96de, 0x96fe, 0x96de, 0x7e1b, 
	0x8d78, 0xd7df, 0xffff, 0xffff, 0xffff, 0xffff, 0xffff, 0xffff, 0xffff, 0xf79e, 0xef9e, 0xe75c, 0xe75c, 0xef5d, 0xef5d, 0xef5d, 
	0xef5d, 0xef5d, 0xef5c, 0xef7d, 0xae9d, 0x4b91, 0x3bf4, 0x33b3, 0x3bd4, 0x3bb3, 0x3bd4, 0x3bb3, 0x3bd4, 0x3bb3, 0x2b52, 0x1ad0, 
	0x2b11, 0x22d0, 0x2311, 0x22d0, 0x6538, 0x9eff, 0x863c, 0x6d99, 0x759a, 0x759a, 0x75ba, 0x759a, 0x759a, 0x759a, 0x5cf8, 0x54b7, 
	0x54d7, 0x54b7, 0x54d7, 0x54b7, 0x54d8, 0x54b7, 0x2311, 0x22f0, 0x22f0, 0x22d0, 0x22f0, 0x22f0, 0x22d0, 0x22f0, 0x22f0, 0x22d0, 
	0x22d0, 0x22f0, 0x22f0, 0x22f0, 0x228e, 0x5414, 0xf7df, 0xf7ff, 0xffff, 0xf7be, 0xe73c, 0xef7d, 0xffdf, 0xffdf, 0xefff, 0xd73d, 
	0x75ba, 0x759a, 0x759a, 0x759a, 0x75ba, 0x75ba, 0x5d18, 0x54b7, 0x54d7, 0x54b7, 0x54d8, 0x54b7, 0x54b7, 0x54d7, 0x2b52, 0x1ad0, 
	0x1ad0, 0x1ad0, 0x22f0, 0x22f0, 0x22ef, 0x3351, 0xdf5d, 0xefbf, 0xef9e, 0xef7e, 0xd6fc, 0xbe39, 0x22f0, 0x22f0, 0x1ad0, 0x2311, 
	0x3371, 0x3b92, 0x3351, 0x2b31, 0x22d0, 0x2b11, 0x1acf, 0x4c55, 0x8ebd, 0x8ebd, 0x96de, 0x865c, 0x759a, 0x759a, 0x75ba, 0x6d39, 
	0x54b7, 0x54d7, 0x54b7, 0x54d8, 0x5c74, 0xaede, 0xf7bf, 0xf7df, 0xf7df, 0xffff, 0xffff, 0xffff, 0xffff, 0xffff, 0xffff, 0xffff, 
	0xffff, 0xffff, 0xefff, 0xa5f9, 0x7ddb, 0x7ddb, 0x85da, 0x85da, 0x85da, 0x85da, 0x85db, 0x85da, 0x7dbb, 0x5cf8, 0x8d56, 0xdfdf, 
	0xf79d, 0xf79d, 0xe77d, 0xd6db, 0xd6fb, 0xdf1c, 0x8dda, 0x2aae, 0x2311, 0x22f0, 0x2b11, 0x22f0, 0x22f0, 0x1a8f, 0x5cd6, 0x9eff, 
	0x863c, 0x75ba, 0x7dba, 0x759a, 0x75ba, 0x759a, 0x75ba, 0x759a, 0x7dba, 0x75ba, 0x5d18, 0x54b7, 0x54d8, 0x54b7, 0x54b7, 0x54b7, 
	0x54d7, 0x54b7, 0x2b31, 0x22d0, 0x22d0, 0x22f0, 0x2310, 0x22d0, 0x22d0, 0x22f0, 0x22f0, 0x22f0, 0x22d0, 0x22f0, 0x22d0, 0x22f0, 
	0x22f0, 0x2b11, 0x3330, 0x6495, 0xffff, 0xffdf, 0xe79e, 0xbe18, 0x3331, 0x43b3, 0x4c15, 0x4c15, 0x3bd3, 0x6d39, 0x9efe, 0x863c, 
	0x7599, 0x7dba, 0x75ba, 0x6538, 0x54b7, 0x54d8, 0x54b7, 0x5cf8, 0x64f8, 0x64f8, 0x5cf7, 0x863c, 0xa69c, 0xcfdf, 0xf7ff, 0xf7df, 
	0xf7df, 0xffff, 0xffff, 0xffff, 0xffff, 0xffff, 0xffff, 0xffff, 0xffff, 0xf7be, 0xf79e, 0xf79e, 0xf79e, 0xffff, 0xffff, 0xf79e, 
	0xf79e, 0xf79e, 0xef9e, 0xe75c, 0xe73c, 0xdf1c, 0x9e3c, 0x4371, 0x3bb4, 0x3393, 0x3bd4, 0x3bb3, 0x3393, 0x22f0, 0x22f0, 0x22d0, 
	0x2b11, 0x1aaf, 0x5cd6, 0x8e9d, 0x8ebd, 0x96fe, 0x863c, 0x759a, 0x759a, 0x759a, 0x7dba, 0x759a, 0x759a, 0x759a, 0x5d18, 0x54b7, 
	0x54d7, 0x54b7, 0x54d7, 0x54b7, 0x54d8, 0x54b7, 0x2311, 0x22f0, 0x2310, 0x22f0, 0x22f0, 0x22f0, 0x22f0, 0x22f0, 0x22f0, 0x1ad0, 
	0x1ad0, 0x22f0, 0x22d0, 0x22f0, 0x1ad0, 0x2b31, 0x3b30, 0x6cd6, 0xffff, 0xffdf, 0xe79e, 0xb5f8, 0x2b31, 0x3bb3, 0x4c15, 0x4c35, 
	0x75ba, 0x759a, 0x759a, 0x759a, 0x759a, 0x757a, 0x5cf8, 0x5497, 0x54d7, 0x54b7, 0x54d7, 0x54b7, 0x54b7, 0x54b7, 0x3372, 0x22f0, 
	0x2b31, 0x3331, 0x22f0, 0x22d0, 0x1aaf, 0x2b31, 0xe75d, 0xf7df, 0xffff, 0xffff, 0xef9e, 0xd6db, 0x3331, 0x3330, 0x2b31, 0x2b31, 
	0x1aaf, 0x1ad0, 0x12af, 0x12af, 0x1aaf, 0x2311, 0x1af0, 0x4c76, 0x96fe, 0x96dd, 0x96de, 0x865c, 0x6d7a, 0x759a, 0x759a, 0x6538, 
	0x4c97, 0x54b7, 0x4c97, 0x54f8, 0x6495, 0xbf1f, 0xffff, 0xffff, 0xffff, 0xffff, 0xffff, 0xffff, 0xffff, 0xffff, 0xffff, 0xffff, 
	0xffff, 0xffff, 0xdfff, 0x95b8, 0x6d9a, 0x6dba, 0x75ba, 0x75ba, 0x759a, 0x759a, 0x759a, 0x759a, 0x6d7a, 0x4c97, 0x7cf6, 0xd79f, 
	0xef5d, 0xf79e, 0xef9d, 0xef5d, 0xef5c, 0xf77d, 0x95fb, 0x226c, 0x1ad0, 0x1ab0, 0x22f0, 0x1aaf, 0x22f0, 0x1ad0, 0x5cf7, 0x9eff, 
	0x861c, 0x6d79, 0x759a, 0x759a, 0x759a, 0x759a, 0x759a, 0x759a, 0x759a, 0x6d7a, 0x5cf8, 0x4c97, 0x54b7, 0x4c97, 0x4cb7, 0x4cb7, 
	0x54b7, 0x4cb7, 0x2b31, 0x1ad0, 0x2b11, 0x2b31, 0x22f0, 0x1aaf, 0x1aaf, 0x1af0, 0x2b31, 0x2b51, 0x2b31, 0x3331, 0x2b31, 0x2b31, 
	0x1ad0, 0x1ad0, 0x1a6d, 0x4bf4, 0xefbe, 0xef7d, 0xd73d, 0xa597, 0x0a6e, 0x2311, 0x2b73, 0x3393, 0x33b3, 0x6519, 0x96fe, 0x7e3c, 
	0x6d79, 0x759a, 0x6d9a, 0x5d18, 0x4c97, 0x54b7, 0x4cb7, 0x54b7, 0x4c97, 0x54d8, 0x54d7, 0x865d, 0xaebc, 0xd7ff, 0xffff, 0xffff, 
	0xffff, 0xffff, 0xffff, 0xffff, 0xffff, 0xffff, 0xffff, 0xf7df, 0xf7df, 0xef7e, 0xe77d, 0xe77d, 0xef7e, 0xf7df, 0xf7df, 0xe77d, 
	0xe77d, 0xe77d, 0xe75d, 0xe75d, 0xef5c, 0xef7d, 0xae9d, 0x4b91, 0x43f4, 0x3bd4, 0x3bd4, 0x3392, 0x2b52, 0x12af, 0x1aaf, 0x1aaf, 
	0x22f0, 0x128e, 0x5cf7, 0x9eff, 0x96de, 0x8ebd, 0x7e1c, 0x6d79, 0x759a, 0x759a, 0x759a, 0x759a, 0x759a, 0x759a, 0x5cf8, 0x4c97, 
	0x54b7, 0x54b7, 0x54b7, 0x54b7, 0x54b7, 0x4c97, 0x1af0, 0x1ad0, 0x1ad0, 0x1acf, 0x1acf, 0x1ad0, 0x22d0, 0x22f0, 0x2b31, 0x2b31, 
	0x2b31, 0x3351, 0x2b31, 0x2b11, 0x1ad0, 0x22f0, 0x1a6e, 0x5435, 0xf7be, 0xef7d, 0xd73d, 0x9d97, 0x126f, 0x22f1, 0x3373, 0x3bd4, 
	0x759a, 0x759a, 0x759a, 0x759a, 0x6519, 0x54b7, 0x54d7, 0x54b7, 0x54d7, 0x54b7, 0x54d7, 0x4cb7, 0x4c97, 0x54b7, 0x5496, 0x4c76, 
	0xcefc, 0xdf5e, 0x3371, 0x22af, 0x1ad0, 0x1ad0, 0x2b10, 0x4392, 0xe73c, 0xef9e, 0xffff, 0xffff, 0xf7be, 0xf7be, 0xefbf, 0xc69b, 
	0x128f, 0x1ad0, 0x12b0, 0x128f, 0x126e, 0x43f4, 0x8e9d, 0x8e9d, 0x8edd, 0x96dd, 0x96de, 0x865c, 0x6d7a, 0x759a, 0x759a, 0x6538, 
	0x4c97, 0x4cb8, 0x5454, 0xa6be, 0xf7bf, 0xf7be, 0xf79e, 0xffff, 0xffff, 0xffff, 0xffff, 0xffff, 0xffff, 0xffff, 0xffff, 0xf77d, 
	0xd77e, 0xbebb, 0x96de, 0x8ebd, 0x8ebd, 0x8ebd, 0x8ebd, 0x8ebd, 0x8ebd, 0x8ebd, 0x8e9d, 0x6dba, 0x759a, 0x6d9a, 0x6d7a, 0x54d7, 
	0x8d56, 0xe7ff, 0xf79e, 0xf79d, 0xef7d, 0xef7d, 0x95fb, 0x224c, 0x1ad0, 0x12af, 0x22f0, 0x126f, 0x4c75, 0x8e9d, 0x8ebd, 0x96de, 
	0x861c, 0x6d79, 0x759a, 0x759a, 0x759a, 0x759a, 0x759a, 0x759a, 0x5d18, 0x54b7, 0x54b7, 0x54b7, 0x54b7, 0x4c97, 0x4cb7, 0x4cb7, 
	0x54b7, 0x4cb7, 0x4c76, 0x4c76, 0xcefc, 0xd73d, 0x2b51, 0x1a8e, 0x1a8f, 0x2b51, 0xe77e, 0xefbf, 0xefbe, 0xef9e, 0xd71d, 0xb639, 
	0x1aaf, 0x1aaf, 0x1aaf, 0x22f0, 0x2b31, 0x2b31, 0x2b10, 0x2b31, 0x1aaf, 0x22f0, 0x128f, 0x4435, 0x8ebd, 0x8ebd, 0x96de, 0x7e3c, 
	0x6d79, 0x759a, 0x6d9a, 0x5d18, 0x4c97, 0x54b7, 0x4cb7, 0x4cb8, 0x5454, 0xaede, 0xf7bf, 0xffdf, 0xf7ff, 0xffff, 0xffff, 0xffff, 
	0xffff, 0xffff, 0xffff, 0xffff, 0xffff, 0xffff, 0xe7ff, 0x9db8, 0x7dbb, 0x7dbb, 0x7dba, 0x7dba, 0x7dba, 0x7dba, 0x7dda, 0x7dda, 
	0x759a, 0x54d7, 0x8d56, 0xdfdf, 0xf79d, 0xf79d, 0xe77d, 0xd6fb, 0xdefc, 0xdf3c, 0x8dba, 0x226d, 0x22f1, 0x1ab0, 0x1aaf, 0x1aaf, 
	0x22f0, 0x126e, 0x54f6, 0x9eff, 0x863c, 0x75ba, 0x75ba, 0x759a, 0x759a, 0x759a, 0x759a, 0x759a, 0x759a, 0x759a, 0x5cf8, 0x4c97, 
	0x54b7, 0x54b7, 0x54b7, 0x54b7, 0x54b7, 0x4c97, 0x1af0, 0x1ad0, 0x1ad0, 0x1aaf, 0x1ad0, 0x1ad0, 0x22af, 0x3b72, 0xef9e, 0xf7bf, 
	0xefbe, 0xef7d, 0xd71d, 0xb5f8, 0x1aaf, 0x22d0, 0x1aaf, 0x22f0, 0x3331, 0x3351, 0x2b31, 0x2b31, 0x1ad0, 0x1ad0, 0x1aaf, 0x5476, 
	0x7dba, 0x759a, 0x759a, 0x759a, 0x6519, 0x54b7, 0x54d7, 0x54b7, 0x54d7, 0x54b7, 0x54d7, 0x54b7, 0x54b7, 0x54d7, 0x6517, 0x6518, 
	0xdf5d, 0xefbf, 0x3b92, 0x22cf, 0x22f0, 0x22f0, 0x22af, 0x3351, 0xcebb, 0xdf1c, 0xffff, 0xffff, 0xf7be, 0xf7bf, 0xffff, 0xdf1c, 
	0x3330, 0x3371, 0x3352, 0x2b51, 0x2310, 0x5476, 0x9f1e, 0x96de, 0x96dd, 0x96dd, 0x96bd, 0x865c, 0x759a, 0x759a, 0x759a, 0x6539, 
	0x4cb7, 0x54d8, 0x5c54, 0xaede, 0xffff, 0xffde, 0xf79e, 0xffff, 0xffff, 0xffff, 0xffff, 0xffff, 0xffff, 0xffff, 0xffff, 0xef5d, 
	0xc77f, 0xae9b, 0x8edd, 0x96de, 0x96de, 0x96de, 0x96dd, 0x96dd, 0x96dd, 0x96dd, 0x96be, 0x75da, 0x75ba, 0x75ba, 0x6d9a, 0x4c97, 
	0x8516, 0xcf7f, 0xe75c, 0xf7be, 0xef9d, 0xef7d, 0x9e1b, 0x3aee, 0x3372, 0x3351, 0x3372, 0x22f0, 0x54f6, 0x9eff, 0x96dd, 0x8ebd, 
	0x861c, 0x759a, 0x75ba, 0x759a, 0x75ba, 0x759a, 0x75ba, 0x759a, 0x5d18, 0x54b7, 0x54b7, 0x54b7, 0x54d8, 0x54b7, 0x54b7, 0x54b7, 
	0x54d8, 0x54b7, 0x64f7, 0x6d18, 0xe77e, 0xe79e, 0x3372, 0x22af, 0x1aaf, 0x3372, 0xe75d, 0xefbf, 0xffff, 0xffff, 0xef9e, 0xcebb, 
	0x3351, 0x3371, 0x3351, 0x3351, 0x1ad0, 0x22d0, 0x1acf, 0x2310, 0x22d0, 0x2b11, 0x2310, 0x54b6, 0x9f1e, 0x96fe, 0x96de, 0x865c, 
	0x759a, 0x75ba, 0x75ba, 0x6538, 0x54b7, 0x54d7, 0x54b7, 0x5d18, 0x6cb5, 0xbf3f, 0xffff, 0xffff, 0xffff, 0xffff, 0xffff, 0xffff, 
	0xffff, 0xffff, 0xffff, 0xffff, 0xffff, 0xffdf, 0xdfff, 0x95b8, 0x75ba, 0x75bb, 0x75ba, 0x75ba, 0x75ba, 0x75ba, 0x75ba, 0x759a, 
	0x6d7a, 0x54b7, 0x8536, 0xcf9f, 0xef5d, 0xf79e, 0xef9d, 0xef5d, 0xef5c, 0xf77d, 0x9dfb, 0x2a8d, 0x2311, 0x22f0, 0x1ad0, 0x1ad0, 
	0x2b31, 0x2310, 0x5d37, 0x9eff, 0x863c, 0x7599, 0x75ba, 0x759a, 0x759a, 0x759a, 0x75ba, 0x759a, 0x759a, 0x759a, 0x5cf8, 0x54b7, 
	0x54d7, 0x54b7, 0x54d7, 0x54b7, 0x54d8, 0x5497, 0x2b31, 0x2311, 0x3371, 0x3351, 0x22f0, 0x22f0, 0x22cf, 0x3b92, 0xef7e, 0xf7bf, 
	0xffff, 0xffff, 0xef9e, 0xc67a, 0x3331, 0x3371, 0x3351, 0x3351, 0x1aaf, 0x22f0, 0x1acf, 0x22f0, 0x22d0, 0x22f0, 0x2310, 0x5cd7, 
	0x75ba, 0x759a, 0x759a, 0x759a, 0x6519, 0x54b7, 0x54d7, 0x54b7, 0x54d7, 0x54b7, 0x54d7, 0x54b7, 0x5497, 0x54b7, 0xd6fc, 0xe79f, 
	0xefbe, 0xef7d, 0x3b92, 0x22cf, 0x22f0, 0x22f0, 0x22d0, 0x22f0, 0x2aef, 0x43b2, 0xf7ff, 0xe77e, 0x4bd2, 0x64b6, 0xffff, 0xffff, 
	0xe71c, 0xe73c, 0xefdf, 0xdf5d, 0x8e7c, 0x96bd, 0x96dd, 0x96dd, 0x96de, 0x867c, 0x759a, 0x75ba, 0x759a, 0x759a, 0x75ba, 0x6539, 
	0x4c97, 0x4cb8, 0x5c54, 0xaede, 0xffff, 0xffff, 0xffff, 0xffff, 0xffff, 0xffff, 0xffff, 0xffff, 0xffff, 0xef7d, 0xd77e, 0xbebb, 
	0x96de, 0x96de, 0x96dd, 0x96fe, 0x96fe, 0x96fe, 0x96fe, 0x96fe, 0x96de, 0x96dd, 0x96dd, 0x96dd, 0x8e9d, 0x75ba, 0x6d7a, 0x54b7, 
	0x4c96, 0x33b3, 0x7c93, 0xe7ff, 0xf7be, 0xf79e, 0xef7d, 0xdefb, 0xdf1c, 0xdf1c, 0xaf1e, 0x9e5b, 0x8ebd, 0x96fe, 0x865c, 0x75ba, 
	0x759a, 0x759a, 0x75ba, 0x759a, 0x75ba, 0x759a, 0x759a, 0x759a, 0x5d18, 0x54b7, 0x54d7, 0x54b7, 0x54d7, 0x54b7, 0x54b7, 0x54b7, 
	0x54b7, 0x54b7, 0xd6fc, 0xe79e, 0xefbe, 0xe77d, 0x3372, 0x1aaf, 0x1ad0, 0x22f1, 0x2af0, 0x43b3, 0xe75d, 0xef9e, 0xffff, 0xffff, 
	0xffdf, 0xffdf, 0xefdf, 0xc67b, 0x1a8f, 0x1ad0, 0x1aaf, 0x22f0, 0x1aaf, 0x4c35, 0x8ebd, 0x8ebd, 0x96dd, 0x96de, 0x96de, 0x865c, 
	0x757a, 0x7dba, 0x759a, 0x6518, 0x4c97, 0x54d8, 0x5c54, 0xaede, 0xffdf, 0xf7be, 0xf79e, 0xffff, 0xffff, 0xffff, 0xffff, 0xffff, 
	0xffff, 0xffff, 0xffff, 0xef7d, 0xd79f, 0xb6bb, 0x96de, 0x8ebd, 0x96dd, 0x96dd, 0x8ebd, 0x8ebd, 0x96dd, 0x96dd, 0x8e9d, 0x75ba, 
	0x759a, 0x759a, 0x6d7a, 0x54b7, 0x9577, 0xe7ff, 0xf7be, 0xf79d, 0xef7d, 0xef7d, 0x95fa, 0x226c, 0x1af1, 0x1ab0, 0x1ab0, 0x128f, 
	0x54b6, 0x96be, 0x8ebd, 0x96fe, 0x863c, 0x7599, 0x75ba, 0x759a, 0x759a, 0x759a, 0x75ba, 0x759a, 0x5d18, 0x54b7, 0x54d7, 0x54b7, 
	0x54d7, 0x54b7, 0x54d7, 0x54b7, 0x54d7, 0x54b7, 0x4c76, 0x54b7, 0xd73d, 0xd71d, 0x3331, 0x22cf, 0x22f0, 0x2311, 0x2b10, 0x43d3, 
	0xe75d, 0xef9e, 0xffff, 0xffff, 0xffdf, 0xf7be, 0xefdf, 0xbe5a, 0x128f, 0x22f0, 0x1aaf, 0x22f0, 0x12ae, 0x4c35, 0x96bd, 0x96bd, 
	0x75ba, 0x759a, 0x759a, 0x759a, 0x6519, 0x54b7, 0x54d7, 0x54b7, 0x54d7, 0x54b7, 0x54d7, 0x54b7, 0x64f7, 0x6518, 0xdf3c, 0xefdf, 
	0xf7be, 0xef7d, 0x3b92, 0x22cf, 0x22f0, 0x22f0, 0x22f0, 0x22f0, 0x22af, 0x3b92, 0xf7ff, 0xe77e, 0x3b92, 0x5c55, 0xe79e, 0xe77e, 
	0xd6db, 0xdf1c, 0xefff, 0xdf9e, 0x96dd, 0x96fe, 0x96dd, 0x96dd, 0x8ebd, 0x865c, 0x759a, 0x75ba, 0x759a, 0x759a, 0x757a, 0x6d59, 
	0x6518, 0x6518, 0x6cb5, 0xb6fe, 0xffff, 0xffff, 0xffff, 0xffff, 0xffff, 0xffff, 0xffff, 0xffff, 0xffff, 0xef7d, 0xcf7e, 0xb6bb, 
	0x8ede, 0x8ede, 0x96de, 0x867c, 0x865c, 0x865c, 0x865c, 0x865c, 0x867c, 0x96de, 0x96dd, 0x96de, 0x969d, 0x7dda, 0x759a, 0x5cd7, 
	0x54b7, 0x2bb3, 0x6c73, 0xcf5f, 0xe73c, 0xf79e, 0xef7d, 0xef5d, 0xef5d, 0xef5d, 0xbf5e, 0xaebc, 0x96de, 0x8ebd, 0x863c, 0x7599, 
	0x759a, 0x759a, 0x75ba, 0x759a, 0x75ba, 0x759a, 0x75ba, 0x759a, 0x5d18, 0x54b7, 0x54b7, 0x54b7, 0x54d7, 0x54b7, 0x54d7, 0x54d7, 
	0x6518, 0x6d18, 0xdf3d, 0xefdf, 0xf7be, 0xe77d, 0x3372, 0x22af, 0x1ad0, 0x22f1, 0x22cf, 0x3372, 0xc69a, 0xd6fc, 0xffff, 0xffff, 
	0xef9e, 0xefbe, 0xffff, 0xd6fc, 0x3351, 0x3b72, 0x3b92, 0x3bb2, 0x2b31, 0x54b6, 0x96fe, 0x96de, 0x96dd, 0x96dd, 0x8ebd, 0x7e3b, 
	0x759a, 0x75ba, 0x75ba, 0x6538, 0x4cb7, 0x54d8, 0x5c54, 0xb6ff, 0xffff, 0xffbe, 0xf79e, 0xffff, 0xffff, 0xffff, 0xffff, 0xffff, 
	0xffff, 0xffff, 0xffff, 0xe75c, 0xc75e, 0xae9b, 0x8ede, 0x8ede, 0x96de, 0x96de, 0x96de, 0x96de, 0x96dd, 0x96de, 0x969d, 0x75da, 
	0x75ba, 0x759a, 0x6d9a, 0x4c96, 0x8516, 0xcf5f, 0xe73c, 0xf79e, 0xef9d, 0xef7d, 0xa63b, 0x432f, 0x3b92, 0x3b72, 0x3372, 0x2b31, 
	0x5d37, 0x9efe, 0x96bd, 0x8ebd, 0x861c, 0x759a, 0x75ba, 0x759a, 0x759a, 0x759a, 0x75ba, 0x759a, 0x5cf8, 0x54b7, 0x54d7, 0x54b7, 
	0x54d7, 0x54b7, 0x54d7, 0x54b7, 0x54d7, 0x54b7, 0x64f7, 0x6d38, 0xe77e, 0xe77e, 0x3331, 0x22cf, 0x22f0, 0x22f0, 0x1aaf, 0x3351, 
	0xce9a, 0xd6fc, 0xffff, 0xffff, 0xef9e, 0xf7be, 0xffff, 0xcebb, 0x3330, 0x3b92, 0x3b72, 0x3b92, 0x2330, 0x54b6, 0x96fe, 0x96de, 
	0x75ba, 0x759a, 0x759a, 0x759a, 0x5d18, 0x5497, 0x54d7, 0x54b7, 0x54b7, 0x4c97, 0x54b7, 0x4c96, 0xcedc, 0xe7bf, 0xf7be, 0xf7be, 
	0xf7df, 0xef9e, 0x3371, 0x1aae, 0x1ad0, 0x1ad0, 0x1ab0, 0x1ab0, 0x228e, 0x3b52, 0xef9f, 0xd71d, 0x3bb3, 0x3bb3, 0x3bd3, 0x3bd4, 
	0x3bb3, 0x5496, 0x96fe, 0x96fe, 0x96de, 0x96fe, 0x96de, 0x865c, 0x6d7a, 0x759a, 0x6d9a, 0x759a, 0x6d9a, 0x6539, 0x5454, 0x963c, 
	0xe75d, 0xe73c, 0xe73c, 0xf7be, 0xffff, 0xffff, 0xffff, 0xffff, 0xffff, 0xffff, 0xffff, 0xffff, 0xffff, 0xef7d, 0xcf7e, 0xb6bb, 
	0x8edd, 0x96fe, 0x96be, 0x2b91, 0x1ad0, 0x22f0, 0x22f0, 0x22f0, 0x2b71, 0x96be, 0x96fe, 0x96dd, 0x96dd, 0x96dd, 0x8e9d, 0x75ba, 
	0x6d7a, 0x54b7, 0x4c76, 0x2b92, 0x7cb4, 0xe7ff, 0xf79e, 0xf79e, 0xef7d, 0xe73c, 0xe73c, 0xe75d, 0xa6bd, 0x7d78, 0x75ba, 0x759a, 
	0x759a, 0x759a, 0x75ba, 0x759a, 0x759a, 0x759a, 0x759a, 0x759a, 0x5d18, 0x5497, 0x54b7, 0x54b7, 0x54b7, 0x4c97, 0x4cb7, 0x4cb7, 
	0xd6fc, 0xe7bf, 0xf79e, 0xf7be, 0xf7df, 0xef7d, 0x3351, 0x1a8e, 0x1ad0, 0x22f0, 0x22f0, 0x22f0, 0x22cf, 0x43b3, 0xf7ff, 0xdf5e, 
	0x3b92, 0x64b6, 0xffff, 0xffff, 0xe73c, 0xef7d, 0xf7ff, 0xe77e, 0x8e9d, 0x96bd, 0x96de, 0x96de, 0x96de, 0x865c, 0x759a, 0x759a, 
	0x759a, 0x75ba, 0x759b, 0x6518, 0x4c97, 0x4cb8, 0x5c54, 0xb6ff, 0xffff, 0xffff, 0xffff, 0xffff, 0xffff, 0xffff, 0xffff, 0xffff, 
	0xffff, 0xef7d, 0xd77f, 0xb6bb, 0x96de, 0x96de, 0x96dd, 0x96de, 0x96fe, 0x96fe, 0x96fe, 0x96fe, 0x96fe, 0x96dd, 0x96dd, 0x96dd, 
	0x8e7d, 0x759a, 0x6d7a, 0x54b7, 0x4c76, 0x2b92, 0x7cb3, 0xefff, 0xf7be, 0xf79d, 0xef7d, 0xe71c, 0xe71c, 0xe73c, 0xaf1e, 0x9e7b, 
	0x8ede, 0x96de, 0x863c, 0x7599, 0x759a, 0x759a, 0x75ba, 0x759a, 0x759a, 0x759a, 0x75ba, 0x759a, 0x5cf8, 0x54b7, 0x54d7, 0x54b7, 
	0x54d7, 0x54b7, 0x54d7, 0x54b7, 0x5497, 0x54b7, 0xdf1c, 0xefbf, 0xefbe, 0xe75d, 0x2b31, 0x22cf, 0x1ad0, 0x22f0, 0x1ad0, 0x1ad0, 
	0x22af, 0x4bf3, 0xf7ff, 0xd71d, 0x3b71, 0x6cd7, 0xffff, 0xffdf, 0xe71c, 0xef7d, 0xf7ff, 0xdf5e, 0x8e9d, 0x8ebd, 0x96bd, 0x96de, 
	0x75ba, 0x759a, 0x759a, 0x759a, 0x5d18, 0x5497, 0x54d7, 0x54b7, 0x6518, 0x6d38, 0x6d38, 0x6d18, 0xd71c, 0xefdf, 0xdf1c, 0xd6fc, 
	0xd71d, 0xcedc, 0x5413, 0x4391, 0x4392, 0x3b92, 0x4392, 0x4393, 0x4371, 0x5c14, 0xefbf, 0xd71d, 0x3bb3, 0x3bb3, 0x3393, 0x3bb4, 
	0x3392, 0x4c56, 0x867c, 0x865c, 0x865b, 0x8e9d, 0xa6fe, 0x969c, 0x85fa, 0x8dfb, 0x85fb, 0x8e1b, 0x85fb, 0x759a, 0x6cd5, 0xa65c, 
	0xef7d, 0xdefb, 0xcebb, 0xe77e, 0xffff, 0xffff, 0xffff, 0xffff, 0xffff, 0xffff, 0xffff, 0xffff, 0xffff, 0xef7d, 0xcf7e, 0xb6bb, 
	0x8ebd, 0x865c, 0x861b, 0x2b71, 0x1aaf, 0x22d0, 0x22f0, 0x22d0, 0x2b50, 0x85fb, 0x865c, 0x96dd, 0x96dd, 0x96dd, 0x8e9d, 0x75ba, 
	0x6d7a, 0x54b7, 0x4c76, 0x2b93, 0x7cb4, 0xe7ff, 0xf79e, 0xf79e, 0xef7d, 0xe75d, 0xef5c, 0xef5d, 0xaebd, 0x7d58, 0x75ba, 0x759a, 
	0x759a, 0x759a, 0x75ba, 0x759a, 0x75ba, 0x759a, 0x75ba, 0x759a, 0x5d18, 0x54b7, 0x54b7, 0x54b7, 0x6518, 0x6538, 0x6d18, 0x6d18, 
	0xdf3d, 0xefdf, 0xdf1c, 0xd6fc, 0xd71d, 0xcefc, 0x4bf3, 0x3b51, 0x22d0, 0x22f0, 0x22f0, 0x22f0, 0x22ae, 0x4392, 0xf7ff, 0xdf3d, 
	0x3b72, 0x5c75, 0xe77e, 0xdf5d, 0xcebb, 0xdf1c, 0xefff, 0xdf7e, 0x96dd, 0x96de, 0x96de, 0x8ebd, 0x969d, 0x863c, 0x759a, 0x759a, 
	0x759a, 0x759a, 0x7579, 0x6d59, 0x6518, 0x6538, 0x74d5, 0xbf1e, 0xffff, 0xffff, 0xffff, 0xffff, 0xffff, 0xffff, 0xffff, 0xffff, 
	0xffff, 0xef5d, 0xcf7e, 0xb6bb, 0x8edd, 0x8ede, 0x96bd, 0x865c, 0x863c, 0x863c, 0x863b, 0x863b, 0x865c, 0x96be, 0x96dd, 0x96dd, 
	0x8e9d, 0x75da, 0x759a, 0x5cd7, 0x4cb7, 0x2bb3, 0x7494, 0xc73e, 0xe73c, 0xf79e, 0xef9d, 0xef5d, 0xef5d, 0xef5d, 0xbf5e, 0xaebc, 
	0x96de, 0x8ebd, 0x861c, 0x759a, 0x759a, 0x759a, 0x75ba, 0x759a, 0x759a, 0x759a, 0x75ba, 0x759a, 0x5cf8, 0x54b7, 0x54d7, 0x54b7, 
	0x54b7, 0x54b7, 0x54d7, 0x54b7, 0x6518, 0x6d38, 0xe75d, 0xf7bf, 0xf7bf, 0xe75d, 0x3331, 0x22cf, 0x22f0, 0x2310, 0x22f0, 0x22f0, 
	0x22ae, 0x4bd3, 0xf7ff, 0xd71d, 0x3b71, 0x6496, 0xe77e, 0xdf5d, 0xcebb, 0xdf1c, 0xefff, 0xdf7e, 0x96dd, 0x96dd, 0x96dd, 0x96dd, 
	0x759a, 0x759a, 0x759a, 0x759a, 0x5d19, 0x4c97, 0x4cb7, 0x4c76, 0xc6bb, 0xefdf, 0xf7be, 0xf7be, 0xf7be, 0xf7be, 0x5c76, 0x3b72, 
	0x3bb3, 0x3bd4, 0xdf1c, 0xf7df, 0xf79e, 0xf7be, 0xffff, 0xffff, 0xffff, 0xffdf, 0xf7df, 0xdf1c, 0x3bb3, 0x3bb3, 0x33b3, 0x3bb4, 
	0x3bb3, 0x3bb4, 0x33b4, 0x33b3, 0x3b51, 0x7539, 0xffff, 0xffff, 0xffff, 0xffff, 0xffff, 0xffff, 0xffff, 0xf7be, 0xe73c, 0xef5c, 
	0xe7bf, 0x9536, 0x3b30, 0x961b, 0xf77d, 0xffbe, 0xffff, 0xffff, 0xffff, 0xffff, 0xffff, 0xffff, 0xffff, 0xef7d, 0xcf7e, 0xb6bb, 
	0x8ebe, 0x2bb2, 0x22d0, 0x22f0, 0x1ad0, 0x1ad0, 0x22f0, 0x22f0, 0x22f0, 0x1ad0, 0x2b71, 0x969d, 0x96de, 0x96dd, 0x8e9d, 0x75ba, 
	0x6d7a, 0x54b7, 0x4cb7, 0x4c97, 0x9577, 0xe7ff, 0xffbe, 0xffbe, 0xf7be, 0xf7be, 0xef9d, 0xef5d, 0xa6bd, 0x7d58, 0x759a, 0x6d7a, 
	0x759a, 0x759a, 0x759a, 0x759a, 0x759a, 0x759a, 0x759a, 0x759a, 0x5d19, 0x4cb7, 0x54b7, 0x4c77, 0xcebb, 0xefbf, 0xf79e, 0xf7be, 
	0xf7df, 0xf7be, 0x5475, 0x3b92, 0x3b93, 0x43f4, 0xdf5e, 0xdf5e, 0x2b10, 0x1aaf, 0x1ab0, 0x1ab0, 0x1a6e, 0x3b52, 0xefbf, 0xd6fc, 
	0x3b93, 0x3bb3, 0x3bb3, 0x3bd4, 0x3393, 0x5497, 0x9efe, 0x96fe, 0x96fe, 0x96de, 0x8ebe, 0x865c, 0x6d7a, 0x759a, 0x6d7a, 0x6d7a, 
	0x6d9a, 0x6539, 0x5454, 0x963c, 0xef5d, 0xe75c, 0xe75c, 0xf7de, 0xffff, 0xffff, 0xffff, 0xffff, 0xffff, 0xffff, 0xffff, 0xffff, 
	0xffff, 0xef5d, 0xcf7e, 0xb6bb, 0x8edd, 0x96fe, 0x8e9e, 0x2351, 0x22f0, 0x22f0, 0x22f0, 0x1ad0, 0x2b71, 0x96be, 0x96fe, 0x96dd, 
	0x96dd, 0x96dd, 0x8e7d, 0x75ba, 0x6d5a, 0x54b7, 0x4c76, 0x2b72, 0x84d4, 0xe7ff, 0xf79e, 0xf79e, 0xef7d, 0xe73c, 0xe73c, 0xef5d, 
	0xa6bd, 0x7d58, 0x75ba, 0x6d9a, 0x759a, 0x759a, 0x75ba, 0x759a, 0x759a, 0x759a, 0x75ba, 0x759a, 0x5cf8, 0x54b7, 0x54d7, 0x54b7, 
	0x4cb7, 0x4c97, 0x5497, 0x5497, 0xd71c, 0xefbf, 0xf7be, 0xf7be, 0xf7df, 0xe75d, 0x2b10, 0x1aaf, 0x1ad0, 0x1ad0, 0x1ab0, 0x1ab0, 
	0x226e, 0x4393, 0xefdf, 0xcedc, 0x3393, 0x3bb3, 0x3bb4, 0x3bd4, 0x3393, 0x5cb7, 0x9efe, 0x96fe, 0x96fe, 0x96dd, 0x96de, 0x865c, 
	0x7dba, 0x75ba, 0x759a, 0x7579, 0x6518, 0x54b7, 0x6d38, 0x6d38, 0xd6fc, 0xefdf, 0xdf1c, 0xd6db, 0xcefc, 0xcefc, 0x5475, 0x3b92, 
	0x3bb3, 0x3bd4, 0xbe9b, 0xd71d, 0xd6fc, 0xd6fc, 0xdf3d, 0xe75e, 0xffff, 0xffdf, 0xd71d, 0xbe7a, 0x3bb3, 0x3bb3, 0x3bb3, 0x3bd4, 
	0x3bb3, 0x3bd4, 0x33b3, 0x33b3, 0x3b71, 0x6cf8, 0xdf5d, 0xdf5d, 0xdf5d, 0xdf5d, 0xdf5d, 0xdf5d, 0xdf5d, 0xd6fc, 0xce9a, 0xcebb, 
	0xbefd, 0x7cf5, 0x3b30, 0x859a, 0xcebb, 0xef9e, 0xffff, 0xffff, 0xffff, 0xffff, 0xffff, 0xffff, 0xffff, 0xef7d, 0xd77e, 0xbedb, 
	0x9ede, 0x3391, 0x22d0, 0x22f0, 0x22d0, 0x22f0, 0x22f0, 0x22f0, 0x22f0, 0x22d0, 0x2b71, 0x969e, 0x96de, 0x96de, 0x8e9d, 0x75ba, 
	0x757a, 0x5cd8, 0x54d8, 0x4c97, 0x8d57, 0xcf5f, 0xd71c, 0xd6db, 0xcefc, 0xcefc, 0xdf1c, 0xe77d, 0xb6dd, 0x95b9, 0x8e1b, 0x8e1b, 
	0x7ddb, 0x759a, 0x7dba, 0x759a, 0x75ba, 0x759a, 0x759a, 0x6d79, 0x5d18, 0x54b7, 0x6d18, 0x6d38, 0xd6fc, 0xefdf, 0xdf1c, 0xd6fb, 
	0xd6fc, 0xcefc, 0x5435, 0x3b92, 0x3b93, 0x43d4, 0xc6bc, 0xc6dc, 0x4bf3, 0x4bb2, 0x4bd3, 0x4bd3, 0x4b92, 0x6455, 0xefbf, 0xd6fc, 
	0x3bb3, 0x3bb3, 0x3bb3, 0x3bd4, 0x3393, 0x4c76, 0x865c, 0x865c, 0x863b, 0x8e9d, 0xa71e, 0x9ebd, 0x8dfb, 0x8e1b, 0x8e1b, 0x8e1b, 
	0x8e1b, 0x7dba, 0x74d6, 0xa67c, 0xef7d, 0xdefb, 0xce9a, 0xe77e, 0xffff, 0xffff, 0xffff, 0xffff, 0xffff, 0xffff, 0xffff, 0xffff, 
	0xffff, 0xef5d, 0xcf7e, 0xb6bb, 0x8ebd, 0x865c, 0x7ddb, 0x2330, 0x22f0, 0x22f0, 0x22d0, 0x22d0, 0x2b51, 0x7dfb, 0x865b, 0x96dd, 
	0x96dd, 0x96de, 0x969d, 0x75ba, 0x6d7a, 0x54b7, 0x4c96, 0x33b3, 0x84f4, 0xe7ff, 0xf79e, 0xf79e, 0xef7d, 0xe75d, 0xef5c, 0xef5d, 
	0xa6bd, 0x7d58, 0x75ba, 0x759a, 0x75ba, 0x759a, 0x7dba, 0x759a, 0x759a, 0x759a, 0x7dba, 0x759a, 0x5d18, 0x54b7, 0x54d7, 0x54b7, 
	0x6d38, 0x6d59, 0x7538, 0x7538, 0xdf5d, 0xefbf, 0xd6fc, 0xd6fc, 0xd6fd, 0xc6bb, 0x53f3, 0x4bb2, 0x43b2, 0x4bd3, 0x4bd3, 0x4bb3, 
	0x4b91, 0x6c75, 0xefdf, 0xcedb, 0x3b93, 0x3bb3, 0x3bb3, 0x3bb4, 0x3393, 0x5476, 0x865c, 0x865c, 0x863b, 0x8e9d, 0xa71e, 0x9ebd, 
	0x759a, 0x759a, 0x5cf8, 0x4c97, 0x4cb7, 0x4c76, 0xc6bb, 0xefdf, 0xf7be, 0xffdf, 0x64d7, 0x3371, 0x3393, 0x33b4, 0x3bd4, 0x3bb3, 
	0x33b3, 0x33b3, 0x33b3, 0x33b3, 0x33b4, 0x33b3, 0x3b92, 0x4c14, 0xefbf, 0xdf5d, 0x3bb3, 0x3bb3, 0x3393, 0x33b4, 0x3373, 0x3393, 
	0x3373, 0x3393, 0x3373, 0x2b73, 0x2b73, 0x33b4, 0x33b3, 0x33b3, 0x3393, 0x3bb4, 0x3393, 0x3bd4, 0x3393, 0x33b3, 0x3393, 0x3bd4, 
	0x3393, 0x3bb3, 0x3393, 0x3bd4, 0x3b50, 0xaebe, 0xffff, 0xffff, 0xffff, 0xf7be, 0xef9e, 0xffff, 0xffff, 0xef5d, 0xe73c, 0xef3c, 
	0xcf5f, 0x536f, 0x1ad0, 0x22f0, 0x1ad0, 0x1ad0, 0x22f0, 0x22f0, 0x22d0, 0x1aaf, 0x2b71, 0x96be, 0x96fe, 0x96dd, 0x8e9d, 0x759a, 
	0x759a, 0x759a, 0x6559, 0x4cb7, 0x54d7, 0x54b7, 0x4c75, 0x2b92, 0x33b3, 0x2b71, 0x8d15, 0xe7bf, 0xef5c, 0xe73c, 0xf7be, 0xffff, 
	0xaede, 0x7538, 0x6d9a, 0x6d9a, 0x759a, 0x759a, 0x5d18, 0x4c96, 0x4cb7, 0x4c76, 0xcebb, 0xefdf, 0xf7be, 0xf7de, 0x5c96, 0x3b72, 
	0x3bb4, 0x33b3, 0x3bb3, 0x3393, 0x33b3, 0x3bb3, 0x3b93, 0x43f4, 0xe77d, 0xf7df, 0xffff, 0xffff, 0xffff, 0xffff, 0xf7ff, 0xd6fc, 
	0x3bb3, 0x3bb3, 0x3393, 0x3bb4, 0x33b3, 0x33b3, 0x3393, 0x3bd4, 0x3b51, 0x7d59, 0xffff, 0xffff, 0xffff, 0xffff, 0xffff, 0xffff, 
	0xffff, 0xffbe, 0xef5c, 0xef5c, 0xe7bf, 0x8d15, 0x3310, 0x9e3c, 0xf77d, 0xffde, 0xffff, 0xffff, 0xffff, 0xffff, 0xffff, 0xffff, 
	0xffff, 0xef5d, 0xcf7e, 0xb6bb, 0x8e9e, 0x2b71, 0x1aaf, 0x1ad0, 0x22f0, 0x22f0, 0x1ad0, 0x1ad0, 0x22d0, 0x1aaf, 0x2b91, 0x96be, 
	0x96dd, 0x96dd, 0x8e9d, 0x75ba, 0x6d5a, 0x5497, 0x54b8, 0x4c97, 0x9d97, 0xe7ff, 0xffbe, 0xffbe, 0xf7be, 0xf7be, 0xef9d, 0xef5d, 
	0xa6bd, 0x7d58, 0x6d9a, 0x6d9a, 0x759a, 0x759a, 0x75ba, 0x759a, 0x759a, 0x759a, 0x75ba, 0x759a, 0x5cf8, 0x54b7, 0x54b7, 0x4c96, 
	0xd6fc, 0xefbf, 0xf7be, 0xf7be, 0xf7df, 0xef9e, 0x4c15, 0x3b93, 0x3b93, 0x43f4, 0xe77d, 0xf7df, 0xf7be, 0xffbe, 0xffff, 0xffff, 
	0xffff, 0xffff, 0xf7ff, 0xd6db, 0x3393, 0x3bb3, 0x3393, 0x3bb3, 0x3393, 0x3bb4, 0x3393, 0x3bd4, 0x3b51, 0x7d79, 0xffff, 0xffff, 
	0x8e1b, 0x8e1b, 0x7d9a, 0x7558, 0x7559, 0x7538, 0xcedb, 0xefdf, 0xd6fc, 0xcebb, 0x5476, 0x3352, 0x3393, 0x3393, 0x3bb3, 0x3393, 
	0x3393, 0x3393, 0x3393, 0x3393, 0x33b3, 0x33b3, 0x3b92, 0x43f4, 0xc6bc, 0xb67b, 0x3bb3, 0x3bb3, 0x3bb3, 0x43f4, 0x6496, 0x64b6, 
	0x6496, 0x64b6, 0x6496, 0x6496, 0x5c96, 0x5c75, 0x3393, 0x33b3, 0x3393, 0x3bb4, 0x3393, 0x3bd4, 0x3393, 0x33b3, 0x3393, 0x3bd3, 
	0x3393, 0x3bb3, 0x33b3, 0x3bd4, 0x3b50, 0xa69d, 0xffdf, 0xffff, 0xffff, 0xf7be, 0xef9e, 0xffff, 0xffff, 0xf79e, 0xef5d, 0xef5c, 
	0xd75f, 0x536f, 0x1ad0, 0x22f0, 0x22d0, 0x22d0, 0x22f0, 0x22f0, 0x22f0, 0x1ad0, 0x2b51, 0x7ddb, 0x7e3b, 0x96dd, 0x8e9d, 0x75ba, 
	0x759a, 0x759a, 0x6559, 0x54b7, 0x54d8, 0x54b7, 0x4c76, 0x33d3, 0x3bd3, 0x2b71, 0x7cd4, 0xbebc, 0xd6fb, 0xef7d, 0xe75d, 0xd6fc, 
	0xae9d, 0x95da, 0x8e1b, 0x8e1b, 0x8e1b, 0x8e1b, 0x7dba, 0x7558, 0x7559, 0x7538, 0xd6fc, 0xefdf, 0xd6fc, 0xcebb, 0x5455, 0x3b92, 
	0x3bb4, 0x33b3, 0x3bb3, 0x3bb3, 0x3bb3, 0x3bb4, 0x3bb3, 0x43d3, 0xbe9b, 0xcefc, 0xdf1d, 0xdf3d, 0xffff, 0xf7de, 0xcefc, 0xb639, 
	0x3bb3, 0x3bb3, 0x3bb3, 0x3bd3, 0x3bb3, 0x3bb3, 0x3393, 0x3bd4, 0x3b71, 0x6cf8, 0xdf1d, 0xd71d, 0xd71d, 0xdf1d, 0xd71d, 0xd71d, 
	0xdf1d, 0xcedc, 0xc67a, 0xc67a, 0xbedd, 0x7cd5, 0x3b30, 0x85ba, 0xc67a, 0xef9e, 0xffff, 0xffff, 0xffff, 0xffff, 0xffff, 0xffff, 
	0xffff, 0xef5d, 0xd77e, 0xc6dc, 0x9ede, 0x3371, 0x1aaf, 0x1ad0, 0x22f0, 0x22f0, 0x22d0, 0x22d0, 0x22f0, 0x1acf, 0x3392, 0x96be, 
	0x96dd, 0x96dd, 0x8e9d, 0x75ba, 0x6d7a, 0x5cd7, 0x5cf8, 0x4c97, 0x8d57, 0xc73f, 0xd6fc, 0xcebb, 0xcedc, 0xcebb, 0xdefb, 0xe77d, 
	0xb6dd, 0x95b9, 0x8e1b, 0x8e1b, 0x85fb, 0x7599, 0x75ba, 0x759a, 0x759a, 0x759a, 0x759a, 0x6d79, 0x5cf8, 0x54b7, 0x6d38, 0x7559, 
	0xdf1c, 0xefdf, 0xd6fc, 0xcebb, 0xcedc, 0xc6bb, 0x43f4, 0x3b93, 0x3b93, 0x43d4, 0xbe9b, 0xcefc, 0xcedb, 0xcefc, 0xdf1d, 0xdf5d, 
	0xffff, 0xf7be, 0xcefd, 0xae19, 0x3393, 0x3bb3, 0x3bb3, 0x3bb4, 0x3bb3, 0x3bd4, 0x3393, 0x3bd4, 0x3b51, 0x6d18, 0xdf1d, 0xdf1d, 
	0xf7be, 0xffde, 0xffde, 0xffde, 0xffde, 0xffbe, 0xf7be, 0xffff, 0x64d7, 0x3351, 0x33b4, 0x2b93, 0x3393, 0x3393, 0x3bb3, 0x3393, 
	0x3393, 0x3393, 0x3393, 0x3393, 0x33b3, 0x3393, 0x3393, 0x33b3, 0x3393, 0x3393, 0x3393, 0x33b4, 0x3351, 0x5476, 0xffff, 0xffff, 
	0xffff, 0xffff, 0xffff, 0xffff, 0xffff, 0xc69b, 0x2b52, 0x3393, 0x2b73, 0x33b3, 0x3393, 0x3bd4, 0x3393, 0x33b3, 0x3393, 0x3bb4, 
	0x3393, 0x33b3, 0x3393, 0x3bb4, 0x3b50, 0x9e3c, 0xf77d, 0xffde, 0xffff, 0xf7be, 0xf79e, 0xffff, 0xffff, 0xffff, 0xffff, 0xef7d, 
	0xcf5f, 0x4b4f, 0x1ad0, 0x1af0, 0x1ad0, 0x1ad0, 0x22d0, 0x22d0, 0x1ad0, 0x1ad0, 0x22d0, 0x128f, 0x2b71, 0x96be, 0x8e9d, 0x6dba, 
	0x759a, 0x759a, 0x6559, 0x4c96, 0x54d7, 0x54b7, 0x54b7, 0x54b7, 0x4c55, 0x3392, 0x33d3, 0x2351, 0x9d76, 0xffff, 0x961b, 0x22cd, 
	0x9d97, 0xefff, 0xf79e, 0xf79e, 0xf7be, 0xffde, 0xffde, 0xffde, 0xffde, 0xffbe, 0xf7de, 0xffdf, 0x64d7, 0x3351, 0x3393, 0x33b3, 
	0x3bb4, 0x3393, 0x33b3, 0x3393, 0x3393, 0x33b3, 0x3bb3, 0x3393, 0x3393, 0x3393, 0x3372, 0x4c34, 0xefdf, 0xdf3d, 0x3b93, 0x3b93, 
	0x3393, 0x3393, 0x2b73, 0x3393, 0x2b73, 0x3373, 0x2b73, 0x3393, 0x2b73, 0x3393, 0x3373, 0x3393, 0x3393, 0x3bb4, 0x3393, 0x3393, 
	0x3393, 0x3bb4, 0x3393, 0x3393, 0x3393, 0x33b3, 0x3393, 0x3bb4, 0x3b30, 0xaebe, 0xffff, 0xffff, 0xffff, 0xf7be, 0xef9e, 0xffff, 
	0xffff, 0xef5d, 0xe73c, 0xef5c, 0xcf5f, 0x4b4f, 0x12af, 0x1ab0, 0x22f0, 0x22f0, 0x1ad0, 0x1ad0, 0x22d0, 0x1aaf, 0x3391, 0x96de, 
	0x96fe, 0x96dd, 0x8e9d, 0x759a, 0x759a, 0x759a, 0x6d7a, 0x5497, 0x54b7, 0x4cb7, 0x4455, 0x2b72, 0x33b2, 0x2351, 0x8d15, 0xe7bf, 
	0xef5c, 0xe73c, 0xffbe, 0xffff, 0xaede, 0x7538, 0x6d9a, 0x6d9a, 0x6d7a, 0x6d7a, 0x5cf8, 0x4c76, 0x4c97, 0x4c76, 0xcedb, 0xefdf, 
	0xf7be, 0xf7de, 0x5c76, 0x3351, 0x33b4, 0x3393, 0x3393, 0x33b3, 0x3bb3, 0x3393, 0x3393, 0x3393, 0x3393, 0x33b3, 0x3372, 0x4c35, 
	0xefdf, 0xd71c, 0x3393, 0x3393, 0x3393, 0x33b3, 0x2b73, 0x3393, 0x2b73, 0x3393, 0x2b73, 0x3393, 0x2b73, 0x2b73, 0x3393, 0x3bb4, 
	0xd71c, 0xbe5a, 0xbe7a, 0xbe7a, 0xc6bb, 0xc6bb, 0xc6bb, 0xc6bc, 0x5cb6, 0x3b92, 0x3bd4, 0x3bb3, 0x3bb3, 0x3bd3, 0x3bd4, 0x3bb3, 
	0x3bb3, 0x3bb3, 0x3bb3, 0x3bb3, 0x3bd4, 0x3bb3, 0x3bb3, 0x3bd4, 0x3bd3, 0x3bb3, 0x3bb3, 0x43f4, 0x6c95, 0x8578, 0xffff, 0xffff, 
	0xffff, 0xffff, 0xffff, 0xffff, 0xffff, 0xd6fc, 0x5c75, 0x6496, 0x6496, 0x5455, 0x3bb3, 0x43d4, 0x3bb3, 0x3bd3, 0x3bb3, 0x3bd4, 
	0x3bb3, 0x3bd4, 0x3bb3, 0x3bd4, 0x4371, 0x859a, 0xc67a, 0xe77e, 0xffdf, 0xf79e, 0xef7d, 0xf7be, 0xffdf, 0xffdf, 0xffdf, 0xef5d, 
	0xcf5f, 0x5390, 0x22f0, 0x2311, 0x22f0, 0x22f0, 0x22f0, 0x22f0, 0x22f0, 0x22f0, 0x2b31, 0x3bb3, 0x4c75, 0x96be, 0x969d, 0x75ba, 
	0x75ba, 0x75ba, 0x6d7a, 0x5cf8, 0x5cf8, 0x54b7, 0x54d7, 0x54d7, 0x4c76, 0x33b2, 0x3bd3, 0x3372, 0x8516, 0xc71e, 0x95fa, 0x5c33, 
	0xb639, 0xefff, 0xf79e, 0xf7be, 0xd6fc, 0xbe7a, 0xbe9b, 0xbe9b, 0xc6bb, 0xc6bb, 0xc6bb, 0xc6dc, 0x5c96, 0x3b92, 0x3bd4, 0x3bb4, 
	0x3bd4, 0x3bb3, 0x3bd4, 0x3bb3, 0x3bb3, 0x3bd4, 0x3bd4, 0x3bb3, 0x3bb3, 0x3bd4, 0x3bb2, 0x4c34, 0xbebc, 0xb65a, 0x3bb3, 0x3bb3, 
	0x3bb3, 0x43f4, 0x6cb6, 0x6cd6, 0x6cb6, 0x6cd6, 0x6cb6, 0x6cd7, 0x64b6, 0x5c75, 0x3bb3, 0x3bd4, 0x3bb3, 0x43d4, 0x3bb3, 0x3bb3, 
	0x3bb3, 0x43d4, 0x3bb3, 0x3bd3, 0x3bb3, 0x3bd4, 0x3bb3, 0x3bd4, 0x4350, 0xae9d, 0xffdf, 0xffff, 0xffff, 0xf7be, 0xf79e, 0xffff, 
	0xffff, 0xf79e, 0xef7d, 0xef5c, 0xcf5f, 0x536f, 0x1ad0, 0x1af0, 0x2b11, 0x2b11, 0x22f0, 0x22f0, 0x22f0, 0x22d0, 0x3391, 0x7dda, 
	0x7e3b, 0x96dd, 0x8e9d, 0x75ba, 0x75ba, 0x75ba, 0x6d7a, 0x54b7, 0x54d8, 0x54b7, 0x5496, 0x3bf3, 0x3bf3, 0x3392, 0x7cd4, 0xb69c, 
	0xd6fb, 0xef7d, 0xdf3d, 0xd6db, 0xae9c, 0x95fa, 0x963b, 0x961b, 0x961b, 0x961b, 0x85ba, 0x7d79, 0x7d79, 0x7558, 0xd71c, 0xefdf, 
	0xcefc, 0xc6bb, 0x5455, 0x3b92, 0x3bd4, 0x3bb3, 0x3bb3, 0x3bd4, 0x3bd4, 0x3bb3, 0x3bb3, 0x3bd3, 0x3bd3, 0x3bd4, 0x3bb3, 0x4c35, 
	0xc6dc, 0xae3a, 0x3bb3, 0x3bb3, 0x3bb3, 0x4c15, 0x6cb6, 0x6cd6, 0x6cb6, 0x6cd6, 0x6cb6, 0x6cd7, 0x64b7, 0x5455, 0x3bb3, 0x43f4, 
	0x7518, 0x1a4c, 0x1ad0, 0x12af, 0x2b52, 0x3393, 0x2b93, 0x2b52, 0x3393, 0x2b73, 0x3393, 0x2b72, 0x3393, 0x33b3, 0x3bb4, 0x3393, 
	0x33b3, 0x33b3, 0x3bb3, 0x3bb3, 0x33b3, 0x33b3, 0x3bb3, 0x3bb3, 0x33b3, 0x33b3, 0x3351, 0x4c35, 0xffff, 0xffff, 0xffff, 0xffff, 
	0xef9e, 0xf79e, 0xf79e, 0xffde, 0xffff, 0xffdf, 0xef5c, 0xef5c, 0xe79f, 0xadd7, 0x2b32, 0x33b4, 0x3393, 0x33b3, 0x3393, 0x3bd4, 
	0x3393, 0x33b3, 0x3393, 0x3bb3, 0x3393, 0x33b3, 0x3b30, 0xa65c, 0xf79d, 0xef5c, 0xe73c, 0xe73c, 0xe73c, 0xe73c, 0xe73c, 0xef7d, 
	0xd79f, 0x536f, 0x1ad0, 0x1af0, 0x1ad0, 0x1ad0, 0x22d0, 0x22d0, 0x22d0, 0x1aaf, 0x2b71, 0x96be, 0x96fe, 0x96dd, 0x8e9d, 0x759a, 
	0x759a, 0x759a, 0x759a, 0x759a, 0x6d7a, 0x54b7, 0x54b7, 0x54b7, 0x4c55, 0x2b92, 0x3bb3, 0x3392, 0x2b92, 0x1b10, 0x9d56, 0xefff, 
	0xffbe, 0xffde, 0xffde, 0xffff, 0x6cd7, 0x1a4d, 0x1ad0, 0x12af, 0x2b72, 0x3393, 0x2b73, 0x2b52, 0x3393, 0x2b73, 0x3373, 0x2b73, 
	0x3bb3, 0x33b3, 0x33b3, 0x3393, 0x3bb3, 0x3bb3, 0x3bb3, 0x3393, 0x3393, 0x3bb3, 0x3bb3, 0x3bb3, 0x3393, 0x3393, 0x33b3, 0x33b4, 
	0x3351, 0x5c96, 0xffff, 0xffff, 0xffff, 0xffff, 0xffff, 0xffff, 0xffff, 0xc67a, 0x2332, 0x2b93, 0x2b73, 0x3bb4, 0x3393, 0x3393, 
	0x3393, 0x3bd4, 0x3393, 0x33b3, 0x3393, 0x3bb4, 0x3393, 0x3bd4, 0x4350, 0x9e5c, 0xf79d, 0xffde, 0xffff, 0xf7be, 0xf79e, 0xffff, 
	0xffff, 0xffff, 0xffff, 0xef7d, 0xcf5f, 0x4b4f, 0x12b0, 0x1ad0, 0x22f0, 0x22f0, 0x1ad0, 0x1ad0, 0x22d0, 0x22d0, 0x22f0, 0x126e, 
	0x2b71, 0x96be, 0x8e9d, 0x7599, 0x759a, 0x759a, 0x6d7a, 0x4c96, 0x54b7, 0x54b7, 0x54d7, 0x54d7, 0x4c75, 0x3392, 0x2b92, 0x2351, 
	0xa5b7, 0xffff, 0x8dda, 0x22ad, 0xa5b7, 0xefff, 0xf79e, 0xf79d, 0xffbe, 0xffde, 0xffde, 0xffde, 0xffde, 0xffde, 0xffde, 0xffdf, 
	0x5c96, 0x3351, 0x3bb4, 0x3393, 0x3bb3, 0x3393, 0x3393, 0x3bb3, 0x3bb3, 0x3393, 0x3393, 0x33b3, 0x3bb3, 0x3bb3, 0x33b3, 0x33b3, 
	0x3393, 0x33b3, 0x33b4, 0x3393, 0x3331, 0x5cb7, 0xffff, 0xffff, 0xffff, 0xffff, 0xffff, 0xffff, 0xffff, 0xb639, 0x2332, 0x33b4, 
	0x6496, 0x22ae, 0x2310, 0x22f0, 0x3372, 0x3372, 0x6495, 0x74f7, 0x7517, 0x74f7, 0x74f7, 0x6cd6, 0x43f4, 0x3bb3, 0x3bd4, 0x3bb3, 
	0x3bb3, 0x3bb3, 0x3bb3, 0x3bb3, 0x3bb3, 0x3bb3, 0x3bb3, 0x3bb3, 0x3bb3, 0x43d4, 0x6cd6, 0x8578, 0xffff, 0xffff, 0xffff, 0xffff, 
	0xefbe, 0xef7d, 0xcf1d, 0xcf1d, 0xdf5d, 0xdf5e, 0xef5d, 0xef5d, 0xe77e, 0xbe39, 0x6496, 0x5c55, 0x3393, 0x3bb3, 0x3bb3, 0x3bd4, 
	0x3bb3, 0x3bb3, 0x3bb3, 0x3bd4, 0x33b3, 0x3bd4, 0x3b71, 0x8599, 0xbe39, 0xd6fc, 0xe75d, 0xe73c, 0xe73c, 0xe75c, 0xe75d, 0xbe39, 
	0x9e1b, 0x4350, 0x1ad0, 0x22f0, 0x22d0, 0x22d0, 0x22f0, 0x22f0, 0x22f0, 0x1ad0, 0x2b71, 0x969e, 0x96de, 0x96dd, 0x8e9d, 0x75ba, 
	0x759a, 0x759a, 0x759a, 0x759a, 0x6d7a, 0x54b7, 0x54b7, 0x54b7, 0x4c76, 0x3bf4, 0x3bf3, 0x3392, 0x5433, 0x64b6, 0xb618, 0xefff, 
	0xcefc, 0xb619, 0xb65a, 0xbe7a, 0x5455, 0x228e, 0x22f0, 0x1ad0, 0x3372, 0x2b52, 0x6495, 0x6cf7, 0x74f7, 0x74f7, 0x6cd6, 0x6cd6, 
	0x43f4, 0x3b93, 0x3bb4, 0x33b3, 0x3bb3, 0x3bb3, 0x3bd4, 0x3393, 0x3393, 0x3bb4, 0x3bb3, 0x3bb3, 0x3bb3, 0x3bb3, 0x3b93, 0x43f4, 
	0x74b6, 0x8d99, 0xffff, 0xffff, 0xffff, 0xffff, 0xffdf, 0xffff, 0xffff, 0xd6db, 0x6495, 0x6cb6, 0x6cb7, 0x5c55, 0x3393, 0x33b3, 
	0x3bb3, 0x3bd4, 0x3bb3, 0x3bb3, 0x3bb3, 0x3bd3, 0x33b3, 0x3bd4, 0x3b71, 0x8579, 0xbe39, 0xe77e, 0xffdf, 0xf79e, 0xef7d, 0xf7be, 
	0xffdf, 0xffdf, 0xffde, 0xef5d, 0xcf5f, 0x4b4f, 0x1ab0, 0x1ad0, 0x22f0, 0x22f0, 0x22d0, 0x22d0, 0x22f0, 0x22d0, 0x2b31, 0x43f4, 
	0x4c95, 0x96be, 0x8e9d, 0x75ba, 0x759a, 0x759a, 0x6d7a, 0x5cf8, 0x5cf8, 0x54b7, 0x54d7, 0x54d7, 0x4c75, 0x3392, 0x33b2, 0x2b72, 
	0x8536, 0xbedd, 0x95d9, 0x6474, 0xbe59, 0xefdf, 0xf79e, 0xf7be, 0xcedc, 0xb639, 0xb65a, 0xb63a, 0xbe7a, 0xbe7b, 0xbe9b, 0xbe9b, 
	0x5455, 0x3b92, 0x3bd4, 0x3bb3, 0x3bb4, 0x3393, 0x3393, 0x3bb4, 0x3bd3, 0x3bb3, 0x3bb3, 0x3bb3, 0x3393, 0x33b3, 0x3393, 0x3393, 
	0x3393, 0x33b4, 0x3393, 0x43f4, 0x6cb5, 0x8db9, 0xffff, 0xffff, 0xffdf, 0xffff, 0xffdf, 0xffff, 0xffff, 0xc69b, 0x5c75, 0x6cd6, 
	0x12af, 0x128f, 0x12af, 0x128f, 0x1ab0, 0x0a4e, 0xc67a, 0xffff, 0xffff, 0xffff, 0xffff, 0xf7be, 0x5456, 0x3351, 0x3393, 0x2b73, 
	0x3393, 0x33b3, 0x3bb3, 0x3bb3, 0x33b3, 0x3393, 0x3393, 0x33b3, 0x3352, 0x4c15, 0xffff, 0xffff, 0xffff, 0xffff, 0xffff, 0xffff, 
	0xf7df, 0xdf1c, 0x6d7a, 0x6d7a, 0x7558, 0x965c, 0xffdf, 0xf79d, 0xe73c, 0xef5c, 0xe7bf, 0xa597, 0x2332, 0x3393, 0x3393, 0x3bb4, 
	0x3393, 0x33b3, 0x3393, 0x3bb3, 0x3393, 0x33b3, 0x3393, 0x33b4, 0x3b2f, 0xa67d, 0xf79d, 0xef7c, 0xef7c, 0xf77d, 0xdf9f, 0x534f, 
	0x126f, 0x1ad0, 0x1ad0, 0x22f0, 0x1acf, 0x1ad0, 0x1ad0, 0x1ad0, 0x1ad0, 0x1aaf, 0x2b51, 0x969e, 0x96dd, 0x96de, 0x8e9d, 0x6dba, 
	0x759a, 0x759a, 0x759a, 0x759a, 0x6d7a, 0x5497, 0x54b7, 0x4c97, 0x54b7, 0x54b7, 0x4475, 0x2351, 0x9d56, 0xf7ff, 0xffde, 0xffff, 
	0x7518, 0x09eb, 0x128f, 0x0a6f, 0x12af, 0x128f, 0x1aaf, 0x128f, 0x1aaf, 0x0a4e, 0xc69a, 0xffff, 0xffff, 0xffff, 0xffff, 0xf7be, 
	0x5455, 0x2b51, 0x2b73, 0x2b73, 0x3393, 0x33b3, 0x33b3, 0x3393, 0x3393, 0x33b3, 0x3393, 0x33b3, 0x3393, 0x3393, 0x2b31, 0x5455, 
	0xffff, 0xffff, 0xffff, 0xffff, 0xef9e, 0xf79e, 0xf79e, 0xffdf, 0xffff, 0xffdf, 0xef5c, 0xef5c, 0xe7bf, 0xa5b7, 0x2332, 0x2b73, 
	0x3393, 0x3bd4, 0x3393, 0x33b3, 0x3393, 0x3bb3, 0x3393, 0x3bb4, 0x3393, 0x3393, 0x3b2f, 0xa67c, 0xf79d, 0xef3c, 0xe73c, 0xe73c, 
	0xe73c, 0xe73c, 0xe73c, 0xef7d, 0xd79f, 0x4b4f, 0x128f, 0x12b0, 0x22f0, 0x22f0, 0x1ad0, 0x1acf, 0x22d0, 0x1aaf, 0x2b91, 0x96de, 
	0x96fe, 0x96dd, 0x8e7d, 0x7599, 0x759a, 0x759a, 0x759a, 0x759a, 0x6559, 0x4c96, 0x54b7, 0x54b7, 0x4c55, 0x2b72, 0x2b92, 0x3392, 
	0x2bb2, 0x1af0, 0x9d76, 0xf7ff, 0xffbe, 0xffde, 0xffde, 0xffff, 0x64b6, 0x122c, 0x1ad0, 0x128f, 0x2b52, 0x3393, 0x2b73, 0x2352, 
	0x2b73, 0x2b73, 0x3373, 0x2b73, 0x33b3, 0x3393, 0x3393, 0x33b3, 0x33b3, 0x3393, 0x3393, 0x33b3, 0x3393, 0x33b3, 0x3393, 0x3393, 
	0x3393, 0x33b3, 0x2b31, 0x5c76, 0xffff, 0xffff, 0xffff, 0xffdf, 0xef9e, 0xf79e, 0xf7be, 0xffdf, 0xffff, 0xffde, 0xef5c, 0xef5c, 
	0x6cb5, 0x6495, 0x6c95, 0x6475, 0x6c95, 0x5c34, 0xcebb, 0xf7ff, 0xcedc, 0xbe3a, 0xe75d, 0xf7bf, 0x8d78, 0x74d6, 0x7518, 0x7517, 
	0x43f4, 0x3bb3, 0x3bb3, 0x3bb3, 0x3bd4, 0x3bb3, 0x3bb3, 0x43f4, 0x74f6, 0x8d79, 0xffff, 0xffff, 0xffff, 0xffff, 0xffff, 0xf7df, 
	0xc71d, 0xbebc, 0x759a, 0x759a, 0x7d99, 0x8e1b, 0xc6bb, 0xcefd, 0xef7d, 0xef5d, 0xe77e, 0xbe39, 0x6cd6, 0x5c55, 0x3bb3, 0x43d4, 
	0x3bb3, 0x3bd4, 0x3bb3, 0x43d4, 0x3bb3, 0x43d4, 0x3bb4, 0x3bd4, 0x4391, 0x85ba, 0xb63a, 0xadf8, 0xadf8, 0xadf9, 0x9e1b, 0x4b70, 
	0x22f0, 0x2311, 0x2b10, 0x2b10, 0x22f0, 0x22f0, 0x2b10, 0x2b10, 0x22f0, 0x22d0, 0x3391, 0x969e, 0x96dd, 0x8e7c, 0x8e5c, 0x75ba, 
	0x7dba, 0x75ba, 0x759a, 0x75ba, 0x6d7a, 0x54b7, 0x54d7, 0x54b7, 0x54d7, 0x54d7, 0x4c76, 0x3392, 0x7cd5, 0xb69c, 0xbe7a, 0xbe7a, 
	0x8d78, 0x6453, 0x6c96, 0x6475, 0x6cb5, 0x6495, 0x6c95, 0x6495, 0x6c95, 0x5c34, 0xd6db, 0xf7ff, 0xcedc, 0xbe5a, 0xe75d, 0xefbe, 
	0x8d78, 0x74d6, 0x7518, 0x7517, 0x43f4, 0x3bb3, 0x43d4, 0x3bb3, 0x3bb3, 0x3bd4, 0x3bd4, 0x3bd4, 0x3bb3, 0x43f4, 0x7cf6, 0x8d99, 
	0xffff, 0xffff, 0xffff, 0xffff, 0xefbe, 0xe77d, 0xcefc, 0xcf1d, 0xd73d, 0xdf5e, 0xef5d, 0xef5d, 0xe77e, 0xbe39, 0x6cd7, 0x5c55, 
	0x3bb3, 0x43f4, 0x3bb3, 0x3bd4, 0x3bb3, 0x43d4, 0x3bb3, 0x43d4, 0x3bb4, 0x3bd4, 0x4391, 0x859a, 0xbe39, 0xd71c, 0xe75d, 0xe75c, 
	0xe75c, 0xe75c, 0xe75d, 0xbe18, 0x9dfa, 0x4350, 0x22f0, 0x22f0, 0x2b10, 0x2b10, 0x22f0, 0x22f0, 0x2b11, 0x22f0, 0x33b2, 0x96be, 
	0x96dd, 0x96dd, 0x969d, 0x75ba, 0x75ba, 0x759a, 0x7dba, 0x75ba, 0x6d7a, 0x54b7, 0x54d7, 0x54d7, 0x5496, 0x3c14, 0x3bd3, 0x3392, 
	0x5c74, 0x6cd6, 0xbe39, 0xf7ff, 0xcedc, 0xb5f8, 0xb63a, 0xb63a, 0x5435, 0x22af, 0x2b11, 0x22f0, 0x3372, 0x3372, 0x6cb6, 0x7517, 
	0x7d17, 0x7d17, 0x7517, 0x74f7, 0x43f4, 0x3b93, 0x3bb3, 0x3bd4, 0x43d4, 0x3bb3, 0x3bb3, 0x3bd4, 0x3bb3, 0x3bd4, 0x3bd3, 0x3bb3, 
	0x3bb3, 0x4414, 0x74d6, 0x95b9, 0xffff, 0xffff, 0xffff, 0xffdf, 0xefbe, 0xe77d, 0xcefc, 0xcf1d, 0xd73d, 0xdf5e, 0xef7d, 0xef5d, 
	0xffff, 0xffff, 0xffff, 0xffff, 0xffff, 0xffff, 0xffdf, 0xffff, 0x5434, 0x122c, 0xc69a, 0xf7ff, 0xffff, 0xffff, 0xffff, 0xffff, 
	0x5455, 0x3372, 0x33b3, 0x33b3, 0x33b4, 0x3393, 0x3392, 0x4c14, 0xffff, 0xffff, 0xffff, 0xffff, 0xffff, 0xffff, 0xffff, 0xe77e, 
	0x6d59, 0x757a, 0x759a, 0x6d9a, 0x759b, 0x6559, 0x4c34, 0x7ddb, 0xffff, 0xf79e, 0xef5c, 0xef5c, 0xe7bf, 0x9d76, 0x2332, 0x33b4, 
	0x3393, 0x33b3, 0x3393, 0x3bb4, 0x3393, 0x3bb3, 0x3393, 0x3bb4, 0x3393, 0x33b3, 0x2b73, 0x12d0, 0x128f, 0x1ad0, 0x128f, 0x1ad0, 
	0x1ad0, 0x22f0, 0x22d0, 0x22f0, 0x1ad0, 0x1ad0, 0x22f0, 0x22f0, 0x1ad0, 0x128f, 0x2330, 0x969e, 0x8e9d, 0x6d99, 0x759a, 0x759a, 
	0x759a, 0x759a, 0x759a, 0x75ba, 0x6d7a, 0x5497, 0x54b7, 0x4cb7, 0x54b8, 0x54b7, 0x4c55, 0x3392, 0x2b92, 0x2b71, 0x2b92, 0x1af0, 
	0xadd8, 0xffff, 0xffff, 0xffff, 0xffff, 0xffff, 0xffff, 0xffff, 0xffff, 0xffff, 0xffdf, 0xffff, 0x4c14, 0x122d, 0xcebb, 0xf7ff, 
	0xffff, 0xffff, 0xffff, 0xffff, 0x4c35, 0x3b92, 0x33b4, 0x3393, 0x3393, 0x33b3, 0x33b3, 0x33b3, 0x2b31, 0x4c15, 0xffff, 0xffff, 
	0xffff, 0xffff, 0xffff, 0xffff, 0xf7df, 0xd6fc, 0x6d7a, 0x6d9a, 0x7558, 0x967c, 0xffff, 0xf79d, 0xe73c, 0xef5c, 0xe7bf, 0x9d76, 
	0x2332, 0x33b4, 0x3393, 0x33b3, 0x3393, 0x3bb3, 0x3393, 0x3bd4, 0x3393, 0x33b3, 0x33b4, 0x33b4, 0x3b2f, 0xae9d, 0xf79d, 0xf77d, 
	0xf77d, 0xf77d, 0xdf9f, 0x4b4f, 0x128f, 0x1af0, 0x1ad0, 0x1ab0, 0x22f0, 0x22f0, 0x1ad0, 0x1ad0, 0x22d0, 0x1aaf, 0x2b91, 0x96be, 
	0x96dd, 0x96de, 0x8e9d, 0x759a, 0x759a, 0x759a, 0x759a, 0x759a, 0x6559, 0x5497, 0x54d7, 0x54b7, 0x54d8, 0x54b8, 0x4435, 0x2351, 
	0xa596, 0xffff, 0xffde, 0xffff, 0x6cf8, 0x09ec, 0x128f, 0x0a4e, 0x128f, 0x128f, 0x1ab0, 0x128f, 0x128f, 0x0a4e, 0xcebb, 0xffff, 
	0xffff, 0xffff, 0xffff, 0xf7be, 0x4c35, 0x2b31, 0x2b73, 0x2b93, 0x33b3, 0x3393, 0x3393, 0x33b3, 0x33b3, 0x3bb3, 0x33b3, 0x3393, 
	0x2b31, 0x5455, 0xffff, 0xffff, 0xffff, 0xffff, 0xffff, 0xffff, 0xf7df, 0xd6fc, 0x6d7a, 0x6d9a, 0x7538, 0x9e7d, 0xffff, 0xf79d, 
	0xcefd, 0xae19, 0xb63a, 0xae3a, 0xae19, 0xa5f9, 0xa5f9, 0xae19, 0x4bf3, 0x22ae, 0x8d57, 0xa61a, 0xa5d8, 0xadf8, 0xefbf, 0xffff, 
	0x5c75, 0x3b92, 0x3bd4, 0x3bd4, 0x3bd3, 0x3bb3, 0x3b93, 0x4c35, 0xf7df, 0xffff, 0xffff, 0xffff, 0xffff, 0xffff, 0xf7ff, 0xe77e, 
	0x85fb, 0x861b, 0x7e1b, 0x7dfb, 0x759a, 0x759a, 0x64f7, 0x7dba, 0xbebc, 0xb69b, 0xb639, 0xcedc, 0xefbf, 0xbe39, 0x6cf7, 0x5c75, 
	0x3393, 0x3bd3, 0x3bb3, 0x3bd4, 0x3bb3, 0x3bd4, 0x3bb3, 0x3bd4, 0x3bb3, 0x3b93, 0x3352, 0x22f0, 0x22f0, 0x2b10, 0x22d0, 0x22f0, 
	0x22f0, 0x22f0, 0x22f0, 0x2b10, 0x22f0, 0x22f0, 0x2310, 0x22f0, 0x2b10, 0x4c35, 0x54b5, 0x96bd, 0x969d, 0x75ba, 0x75ba, 0x759a, 
	0x75ba, 0x759a, 0x6d9a, 0x6d59, 0x6539, 0x54b7, 0x54d7, 0x54b7, 0x54d7, 0x54d7, 0x4c75, 0x3392, 0x3bd2, 0x3392, 0x6494, 0x7517, 
	0xce9a, 0xf7ff, 0xffdf, 0xffff, 0xcefc, 0xb619, 0xb65a, 0xb63a, 0xae19, 0xa5f9, 0xadf9, 0xae19, 0x43d3, 0x22af, 0x8d57, 0xa61a, 
	0xadf9, 0xadf9, 0xf7bf, 0xffff, 0x5435, 0x3b92, 0x3bd4, 0x3bb3, 0x3bb3, 0x3bd4, 0x3bb3, 0x43f4, 0x7d17, 0x95b9, 0xffff, 0xffff, 
	0xffff, 0xffff, 0xffff, 0xf7be, 0xc6fd, 0xb69b, 0x759a, 0x75ba, 0x7d99, 0x8e1b, 0xbe9b, 0xcefc, 0xef7d, 0xef5d, 0xe77e, 0xb618, 
	0x6cf7, 0x6475, 0x3393, 0x3bd3, 0x3bb3, 0x3bd4, 0x3bb3, 0x43d4, 0x3bb3, 0x3bd3, 0x3bb3, 0x3bd4, 0x4391, 0x859a, 0xae19, 0xa5d8, 
	0xa5b8, 0xa5b8, 0x95da, 0x4350, 0x22f0, 0x2311, 0x22d0, 0x22d0, 0x2310, 0x2310, 0x22f0, 0x22f0, 0x22f0, 0x22d0, 0x33b2, 0x96be, 
	0x96bd, 0x867c, 0x863c, 0x75ba, 0x759a, 0x759a, 0x7dba, 0x75ba, 0x6d5a, 0x54b7, 0x54d7, 0x54b7, 0x54d7, 0x54d7, 0x4455, 0x2b72, 
	0x7cf5, 0xae7b, 0xb63a, 0xb65a, 0x8d78, 0x7494, 0x74d6, 0x74b5, 0x74b6, 0x74b5, 0x74d6, 0x74b5, 0x74b5, 0x6c74, 0xd6fc, 0xf7ff, 
	0xc69b, 0xb639, 0xe75d, 0xefbe, 0x8d98, 0x7cf6, 0x7d38, 0x7d38, 0x43f4, 0x3bb3, 0x3bb3, 0x3bd3, 0x3bb3, 0x3bd4, 0x3bb3, 0x43f4, 
	0x7d17, 0x95d9, 0xffff, 0xffff, 0xffff, 0xffff, 0xffff, 0xf7be, 0xc6fd, 0xb67b, 0x759a, 0x75ba, 0x7d99, 0x8e1b, 0xbe9b, 0xcefd, 
	0x7518, 0x122c, 0x12b0, 0x0a8f, 0x1aaf, 0x128f, 0x12af, 0x128f, 0x1ad0, 0x1ad0, 0x1ad0, 0x126f, 0x126e, 0x128f, 0xdf5d, 0xffff, 
	0x4c35, 0x2b51, 0x3393, 0x33b3, 0x3393, 0x3393, 0x3372, 0x4415, 0xf7df, 0xffff, 0xffff, 0xffff, 0xffff, 0xffff, 0xefbf, 0xe77d, 
	0x96fe, 0x96fe, 0x96de, 0x867c, 0x6d79, 0x759a, 0x75bb, 0x6539, 0x4477, 0x4c97, 0x4c34, 0x8e3c, 0xfffe, 0xf79d, 0xe7bf, 0x9d56, 
	0x2332, 0x2b93, 0x2b52, 0x33b3, 0x3393, 0x33b4, 0x3393, 0x3bb4, 0x3bb3, 0x2b31, 0x12af, 0x1ab0, 0x1ad0, 0x22f0, 0x1acf, 0x1ad0, 
	0x1ad0, 0x22f0, 0x1ad0, 0x22f0, 0x1ad0, 0x1ad0, 0x22d0, 0x1a8f, 0x2330, 0x96be, 0x96fe, 0x96de, 0x8e9d, 0x6dba, 0x759a, 0x759a, 
	0x759a, 0x75ba, 0x6559, 0x4c96, 0x54d7, 0x54b7, 0x54b7, 0x4c97, 0x54b7, 0x54b7, 0x4c55, 0x2b72, 0x2b92, 0x1b10, 0xa5b7, 0xffff, 
	0xffdf, 0xf77d, 0xf7be, 0xffff, 0x64d7, 0x122c, 0x12b0, 0x128f, 0x12af, 0x128f, 0x12af, 0x128f, 0x22f0, 0x1ad0, 0x12af, 0x128f, 
	0x1aaf, 0x1a8f, 0xe77e, 0xffff, 0x43f4, 0x3352, 0x33b4, 0x3393, 0x3393, 0x33b4, 0x3b72, 0x5435, 0xffff, 0xffff, 0xffff, 0xffff, 
	0xffff, 0xffff, 0xffff, 0xe75e, 0x6d59, 0x6d7a, 0x757a, 0x759a, 0x759b, 0x6539, 0x4c34, 0x85fb, 0xffff, 0xf79d, 0xef5c, 0xef5c, 
	0xe7bf, 0x9d56, 0x2332, 0x3394, 0x3393, 0x3bb4, 0x3393, 0x3bb4, 0x3393, 0x3393, 0x3393, 0x3bb3, 0x3393, 0x3393, 0x2b73, 0x1af0, 
	0x128f, 0x12af, 0x128f, 0x1ad0, 0x1ad0, 0x22f0, 0x1ab0, 0x1ab0, 0x22f0, 0x22f0, 0x1ad0, 0x1ad0, 0x1ad0, 0x128f, 0x2b71, 0x96be, 
	0x8e9d, 0x6d99, 0x759a, 0x759a, 0x759a, 0x759a, 0x759a, 0x759a, 0x657a, 0x4c96, 0x54d7, 0x4cb7, 0x54b8, 0x54b7, 0x4435, 0x2b92, 
	0x33b2, 0x2b71, 0x2372, 0x12f0, 0xadf8, 0xffff, 0xffff, 0xffff, 0xffff, 0xffff, 0xffff, 0xffff, 0xffff, 0xffff, 0xffff, 0xffff, 
	0x43d3, 0x124d, 0xd6db, 0xf7ff, 0xffff, 0xffff, 0xffff, 0xffff, 0x4c15, 0x3372, 0x3393, 0x33b3, 0x3393, 0x33b4, 0x3b72, 0x5455, 
	0xffff, 0xffff, 0xffff, 0xffff, 0xffff, 0xffff, 0xffff, 0xdf3d, 0x6d59, 0x6d7a, 0x757a, 0x759a, 0x6dbb, 0x5d39, 0x4c14, 0x8e1c, 
	0x5455, 0x22ae, 0x22f0, 0x22d0, 0x2b11, 0x22d0, 0x22f0, 0x22d0, 0x22f0, 0x22d0, 0x2310, 0x22d0, 0x22d0, 0x22f0, 0x9578, 0xa61a, 
	0x8d78, 0x8537, 0x43f4, 0x3bb3, 0x3bb4, 0x33b3, 0x3b92, 0x4c15, 0xef9e, 0xf7df, 0xffff, 0xffff, 0xffff, 0xffff, 0xefbf, 0xd71c, 
	0x6517, 0x7599, 0x96de, 0x8e9d, 0x7e1b, 0x7dfb, 0x759a, 0x6d79, 0x5d18, 0x5cf8, 0x5476, 0x7d9a, 0xbe7a, 0xcedc, 0xe77e, 0xbe19, 
	0x74f6, 0x8558, 0x8579, 0x6475, 0x3393, 0x3bd4, 0x3bb3, 0x3393, 0x3352, 0x2b11, 0x1acf, 0x1ad0, 0x22d0, 0x22f0, 0x1ad0, 0x1ad0, 
	0x1ad0, 0x22f0, 0x22d0, 0x22f0, 0x22d0, 0x22d0, 0x2310, 0x4c55, 0x54d6, 0x8ebd, 0x96de, 0x867c, 0x863c, 0x75ba, 0x759a, 0x759a, 
	0x759a, 0x6d39, 0x5d18, 0x54b7, 0x54d8, 0x54b7, 0x54d7, 0x54b7, 0x54d7, 0x54b7, 0x4c75, 0x2b92, 0x5c74, 0x7d58, 0xc69a, 0xf7ff, 
	0xf7be, 0xf7be, 0xc69b, 0xa5b8, 0x5434, 0x22ae, 0x22f0, 0x22d0, 0x22f0, 0x22d0, 0x22f0, 0x22d0, 0x22f0, 0x22d0, 0x22f0, 0x22f0, 
	0x2af0, 0x22f0, 0x9598, 0xa61a, 0x8558, 0x8537, 0x43f4, 0x3393, 0x3393, 0x3bb4, 0x3b92, 0x5455, 0xffff, 0xffff, 0xffff, 0xffff, 
	0xffff, 0xffff, 0xf7ff, 0xe75d, 0x7e1b, 0x861b, 0x7e1b, 0x7dfb, 0x759a, 0x6d7a, 0x64d7, 0x7dba, 0xb69b, 0xb67b, 0xae19, 0xc6dc, 
	0xefbf, 0xbe39, 0x7518, 0x5c55, 0x3393, 0x3bd4, 0x3bb3, 0x3bd4, 0x3bb3, 0x3bb3, 0x3bb3, 0x3bd4, 0x3bb3, 0x3372, 0x3352, 0x2b11, 
	0x22d0, 0x22f0, 0x22d0, 0x22f0, 0x22d0, 0x22f0, 0x1ad0, 0x1ad0, 0x22f0, 0x22f0, 0x22f0, 0x22d0, 0x2330, 0x4c55, 0x54f6, 0x96be, 
	0x8e9d, 0x75ba, 0x75ba, 0x759a, 0x759a, 0x759a, 0x759a, 0x6d39, 0x6519, 0x54b7, 0x54d7, 0x54b7, 0x54d8, 0x54b7, 0x4435, 0x3392, 
	0x3bd3, 0x3391, 0x6495, 0x7d58, 0xcebb, 0xf7ff, 0xffdf, 0xffff, 0xc6bc, 0xadd8, 0xae1a, 0xa5f9, 0xa5d9, 0x9db8, 0x9dd9, 0x9dd9, 
	0x3b92, 0x22af, 0x8d57, 0x9df9, 0xa5b8, 0xa5d8, 0xf7bf, 0xf7df, 0x4c35, 0x3b92, 0x33b3, 0x3bb3, 0x3bb4, 0x3bd4, 0x3b92, 0x5455, 
	0xffff, 0xffff, 0xffff, 0xffff, 0xffff, 0xffff, 0xf7ff, 0xdf5d, 0x7dfb, 0x861b, 0x861b, 0x7dfb, 0x75ba, 0x6d79, 0x64d7, 0x85db, 
	0x1ad0, 0x1ad0, 0x22f0, 0x1acf, 0x22f0, 0x1acf, 0x22f0, 0x1acf, 0x22f0, 0x1ad0, 0x22f0, 0x1aaf, 0x1ab0, 0x1ad0, 0x1aaf, 0x1a8f, 
	0xdf3d, 0xffff, 0x4414, 0x3351, 0x33b3, 0x33b3, 0x3392, 0x43f4, 0xe73c, 0xef9e, 0xffff, 0xffff, 0xffff, 0xffff, 0xffff, 0xcebb, 
	0x126e, 0x3bb3, 0x9f1f, 0x96fe, 0x96de, 0x8e7c, 0x757a, 0x759a, 0x75ba, 0x6559, 0x4c97, 0x4cb8, 0x4c34, 0x8e1b, 0xf79d, 0xef5d, 
	0xef5c, 0xffff, 0xffff, 0xa597, 0x2b73, 0x3393, 0x2b73, 0x1af1, 0x0a6f, 0x128f, 0x0a6f, 0x0a8f, 0x128f, 0x12af, 0x126f, 0x128f, 
	0x128f, 0x128f, 0x128f, 0x128f, 0x126f, 0x128f, 0x1b0f, 0x969d, 0x971e, 0x96dd, 0x8ebe, 0x6dba, 0x759a, 0x759a, 0x759a, 0x759a, 
	0x6d7a, 0x4c96, 0x4c97, 0x4c97, 0x54d7, 0x54b7, 0x54b7, 0x4c97, 0x54b7, 0x54b7, 0x4455, 0x2351, 0x9d76, 0xffff, 0xffff, 0xffbe, 
	0xffbe, 0xffff, 0x6cf7, 0x09cb, 0x1ad0, 0x1ad0, 0x22f0, 0x1acf, 0x22f0, 0x1aaf, 0x1ad0, 0x1ad0, 0x22f0, 0x1acf, 0x1ad0, 0x1ad0, 
	0x22f0, 0x1ad0, 0x1a8f, 0x1aaf, 0xe75d, 0xf7ff, 0x43f4, 0x2b31, 0x2b93, 0x33b4, 0x3b72, 0x4c35, 0xffff, 0xffff, 0xffff, 0xffff, 
	0xffff, 0xffff, 0xefbf, 0xe75d, 0x96fe, 0x96fe, 0x96de, 0x8e7c, 0x6d7a, 0x759a, 0x759b, 0x6539, 0x4477, 0x4cb7, 0x5434, 0x8e3c, 
	0xfffe, 0xf79d, 0xe7df, 0x9515, 0x2332, 0x2b93, 0x2b52, 0x33b3, 0x3393, 0x3393, 0x3393, 0x3bb4, 0x33b3, 0x2311, 0x1aaf, 0x22f0, 
	0x1ad0, 0x1ad0, 0x1ad0, 0x22f0, 0x1ad0, 0x22f0, 0x1ab0, 0x1ab0, 0x22f0, 0x22f0, 0x1ad0, 0x128f, 0x2330, 0x96be, 0x971e, 0x96de, 
	0x8e9d, 0x6d99, 0x759a, 0x759a, 0x759a, 0x759a, 0x6d7a, 0x4c96, 0x54b7, 0x4cb7, 0x54d7, 0x4cb7, 0x54d7, 0x54b7, 0x4435, 0x2b92, 
	0x33b3, 0x1b10, 0xadd8, 0xffff, 0xffde, 0xf77d, 0xf7be, 0xffff, 0x6496, 0x122c, 0x12b0, 0x0a8f, 0x128f, 0x128f, 0x12af, 0x128f, 
	0x1ad0, 0x1ad0, 0x12b0, 0x128f, 0x128f, 0x1aaf, 0xef9e, 0xffff, 0x43f4, 0x2b51, 0x3393, 0x33b3, 0x33b3, 0x33b3, 0x3b72, 0x5455, 
	0xffff, 0xffff, 0xffff, 0xffff, 0xffff, 0xffdf, 0xefbf, 0xdf5d, 0x96fe, 0x96fe, 0x96de, 0x867c, 0x6d7a, 0x759a, 0x759b, 0x6539, 
	0x4c14, 0x22cf, 0x2b11, 0x22f0, 0x2b11, 0x22f0, 0x2b10, 0x22f0, 0x2b11, 0x22f0, 0x2b11, 0x22f0, 0x22f0, 0x22f0, 0x2b10, 0x2b10, 
	0x8d37, 0x95b9, 0x8d78, 0x8557, 0x43f4, 0x3bb3, 0x3bb3, 0x4414, 0x9598, 0xa61a, 0xf7be, 0xf7be, 0xf7df, 0xe75d, 0x9db8, 0x8516, 
	0x22ef, 0x3b92, 0x6538, 0x7599, 0x9ede, 0x8e9c, 0x75ba, 0x7dba, 0x75ba, 0x6d59, 0x54b7, 0x5cf8, 0x5c96, 0x759a, 0xae19, 0xcefd, 
	0xef9e, 0xce7a, 0x95da, 0x6c74, 0x3330, 0x64d7, 0x8d58, 0x8557, 0x8537, 0x8537, 0x7d17, 0x7cf6, 0x7cf6, 0x7d16, 0x7cf6, 0x7cf6, 
	0x7cf6, 0x8537, 0x8537, 0x8537, 0x7d38, 0x6495, 0x5cd6, 0x969d, 0x96dd, 0x867c, 0x863c, 0x75ba, 0x7dba, 0x75ba, 0x759a, 0x6d59, 
	0x6539, 0x5cd7, 0x54d7, 0x54d7, 0x5cd8, 0x5cd7, 0x54d7, 0x54d7, 0x5cd8, 0x5cd7, 0x4c96, 0x2b92, 0x9d76, 0xf7ff, 0xcefc, 0xa5b7, 
	0xa5f9, 0xa5f9, 0x8d78, 0x84f6, 0x4bf3, 0x22cf, 0x2b31, 0x22f0, 0x2b31, 0x22f0, 0x2b10, 0x2310, 0x2b31, 0x22f0, 0x2b10, 0x2b10, 
	0x2b31, 0x2310, 0x2b10, 0x2b10, 0x8d57, 0x9db8, 0x8d98, 0x8557, 0x43d4, 0x3bd4, 0x43b2, 0x5455, 0xef9e, 0xf7df, 0xffff, 0xffff, 
	0xffff, 0xffff, 0xefbf, 0xd6fc, 0x6517, 0x7599, 0x96de, 0x8ebd, 0x861c, 0x861b, 0x75ba, 0x7579, 0x6519, 0x6518, 0x5c96, 0x7d9a, 
	0xb65a, 0xcefc, 0xe77e, 0xbe19, 0x8537, 0x8d98, 0x8dba, 0x6475, 0x3bb3, 0x3bd4, 0x3bd3, 0x3bb3, 0x3372, 0x2b11, 0x22f0, 0x2b11, 
	0x22f0, 0x22f0, 0x22f0, 0x2b11, 0x22f0, 0x2b11, 0x22f0, 0x22f0, 0x2b11, 0x2b10, 0x2b31, 0x5476, 0x5cf7, 0x96bd, 0x96dd, 0x8e5c, 
	0x863c, 0x75ba, 0x7dba, 0x7dba, 0x759a, 0x6d39, 0x6539, 0x54b7, 0x5cd8, 0x54b7, 0x5cd7, 0x54b7, 0x5cd8, 0x5cd7, 0x4c55, 0x3392, 
	0x6cb5, 0x8598, 0xcebb, 0xf7ff, 0xf7be, 0xf7be, 0xbe7b, 0x9d97, 0x4c14, 0x22cf, 0x2b11, 0x22f0, 0x2b10, 0x22f0, 0x2b31, 0x2b10, 
	0x2b11, 0x2b10, 0x2b11, 0x2b10, 0x2b10, 0x2b10, 0x9577, 0xa5f9, 0x8d98, 0x8557, 0x43d4, 0x3bb3, 0x3bd3, 0x3bd4, 0x3b92, 0x5455, 
	0xef9e, 0xf7df, 0xffff, 0xffff, 0xffff, 0xffff, 0xefdf, 0xcefb, 0x5cf7, 0x75ba, 0x96fe, 0x8e9d, 0x861c, 0x7dfb, 0x759a, 0x757a, 
	0x7518, 0x1a4d, 0x1af0, 0x1ad0, 0x22f0, 0x1aaf, 0x22f0, 0x1acf, 0x22f0, 0x1ad0, 0x22f0, 0x1ab0, 0x1ab0, 0x1ad0, 0x22f0, 0x1ad0, 
	0x128e, 0x1aaf, 0xe77e, 0xf7ff, 0x3bd4, 0x2b52, 0x2b73, 0x2b93, 0x2311, 0x3bd3, 0xe75c, 0xef7d, 0xefbf, 0xce9a, 0x126e, 0x1aaf, 
	0x1ad0, 0x22f0, 0x126e, 0x3bb3, 0x96fe, 0x867d, 0x757a, 0x759a, 0x759a, 0x6559, 0x4c97, 0x54d7, 0x4cb7, 0x4cb7, 0x5413, 0xa69d, 
	0xffff, 0x8cd4, 0x022e, 0x12b0, 0x1a0b, 0x95da, 0xf79d, 0xffff, 0xffff, 0xffff, 0xffff, 0xffff, 0xffdf, 0xffdf, 0xffde, 0xffde, 
	0xffde, 0xffff, 0xffff, 0xffff, 0xefff, 0xb6dc, 0x8efe, 0x8efe, 0x8ebe, 0x6dba, 0x759a, 0x759a, 0x759a, 0x759a, 0x6d7a, 0x5497, 
	0x54b7, 0x54b7, 0x4c97, 0x4c97, 0x54d7, 0x54b7, 0x54b7, 0x4c97, 0x54b8, 0x54b8, 0x4c76, 0x2351, 0x9555, 0xffff, 0x8dda, 0x32ee, 
	0x2392, 0x1b30, 0xadd7, 0xffff, 0x6cf7, 0x1a6d, 0x1af0, 0x1ad0, 0x22f0, 0x1acf, 0x1ad0, 0x1ad0, 0x22f0, 0x1acf, 0x1ad0, 0x1ad0, 
	0x22f0, 0x1ad0, 0x1ad0, 0x1acf, 0x126e, 0x22cf, 0xef9e, 0xf7df, 0x43f4, 0x3393, 0x3392, 0x4c35, 0xe75d, 0xef9e, 0xffff, 0xffff, 
	0xffff, 0xffff, 0xffff, 0xce9a, 0x0a4d, 0x3bd4, 0x9f1f, 0x96fe, 0x96de, 0x867c, 0x757a, 0x759a, 0x75ba, 0x6d59, 0x4cb7, 0x4c97, 
	0x4c34, 0x8e3c, 0xf79d, 0xef5c, 0xef5c, 0xffff, 0xffff, 0x9d56, 0x2b73, 0x2b93, 0x2b72, 0x1af0, 0x0a6e, 0x128f, 0x126f, 0x128f, 
	0x128f, 0x128f, 0x128f, 0x128f, 0x128f, 0x128f, 0x0a6f, 0x0a6f, 0x128f, 0x128f, 0x2310, 0x96be, 0x971e, 0x96de, 0x8ebe, 0x6d99, 
	0x757a, 0x759a, 0x759a, 0x759a, 0x6d7a, 0x4c96, 0x54b7, 0x54b7, 0x54b7, 0x4cb7, 0x54d7, 0x54b7, 0x54b8, 0x54b7, 0x4435, 0x2351, 
	0xa5b7, 0xffff, 0xffff, 0xffbe, 0xffde, 0xffff, 0x64b7, 0x09cb, 0x12b0, 0x1ad0, 0x22f0, 0x1acf, 0x1ad0, 0x1ad0, 0x22f0, 0x1ad0, 
	0x22f0, 0x1ad0, 0x22f0, 0x1ad0, 0x1af0, 0x1aaf, 0x126e, 0x1ad0, 0xef9e, 0xf7df, 0x3bb3, 0x3352, 0x3393, 0x33b4, 0x3b72, 0x4c35, 
	0xe75d, 0xef9e, 0xffff, 0xffff, 0xffff, 0xffff, 0xffff, 0xc659, 0x0a2d, 0x43f4, 0x9f1f, 0x96fe, 0x96de, 0x865c, 0x6d79, 0x75ba, 
	0x7d38, 0x226d, 0x22f0, 0x1ad0, 0x22f0, 0x22d0, 0x22f0, 0x22d0, 0x22f0, 0x22d0, 0x2310, 0x1ad0, 0x1ad0, 0x22f0, 0x2310, 0x22d0, 
	0x22d0, 0x22f0, 0x7d16, 0x8d58, 0x8d58, 0x8d58, 0x8d58, 0x8d78, 0x95b9, 0x95b9, 0x9598, 0x9578, 0x8537, 0x74b5, 0x1acf, 0x22f0, 
	0x1ad0, 0x22f0, 0x12af, 0x3bf4, 0x96fe, 0x867c, 0x757a, 0x759a, 0x759a, 0x6559, 0x4c97, 0x54d7, 0x4cb7, 0x4cb7, 0x5475, 0x7dba, 
	0xa67d, 0x6cd6, 0x3351, 0x5c96, 0x84d4, 0xc6dc, 0xf7be, 0xffff, 0xffff, 0xffdf, 0xf7df, 0xf7be, 0xf79e, 0xf79e, 0xf79e, 0xf79e, 
	0xf79e, 0xf7de, 0xffde, 0xf7be, 0xe7bf, 0xd75d, 0xb77f, 0x8e3b, 0x7e1c, 0x6d9a, 0x759a, 0x759a, 0x759a, 0x759a, 0x6d7a, 0x54b7, 
	0x54b7, 0x54b7, 0x4c97, 0x4c97, 0x54d7, 0x54b7, 0x54b7, 0x4cb7, 0x4c96, 0x3c35, 0x3c14, 0x2b71, 0x6474, 0x95fa, 0x64d6, 0x3370, 
	0x33b2, 0x2351, 0xadf8, 0xf7ff, 0x6cf7, 0x1a6d, 0x1af0, 0x1ad0, 0x22f0, 0x1aaf, 0x1ad0, 0x1acf, 0x22f0, 0x1acf, 0x1ad0, 0x1ad0, 
	0x22f0, 0x1ad0, 0x1ad0, 0x1acf, 0x1aaf, 0x22f0, 0x8537, 0x8537, 0x3bb3, 0x3393, 0x3393, 0x43f4, 0x8d77, 0x9df9, 0xf79e, 0xf7be, 
	0xf7be, 0xdf3c, 0x8d78, 0x74d5, 0x1aaf, 0x3372, 0x54d6, 0x6d99, 0x96de, 0x867c, 0x6d9a, 0x759a, 0x759a, 0x6559, 0x4c97, 0x4cb7, 
	0x5476, 0x759a, 0xa5f9, 0xc6fd, 0xefbf, 0xc659, 0x8579, 0x5c33, 0x22f0, 0x64d7, 0x8d78, 0x8d78, 0x8d57, 0x8d57, 0x8d57, 0x8537, 
	0x8516, 0x8517, 0x8516, 0x8517, 0x8517, 0x8d57, 0x8d37, 0x8d57, 0x7d78, 0x64b5, 0x54f7, 0x8ebd, 0x96bd, 0x865c, 0x861c, 0x759a, 
	0x759a, 0x759a, 0x759a, 0x6538, 0x5d18, 0x4cb7, 0x54b7, 0x54b7, 0x54b7, 0x4cb7, 0x54d7, 0x4cb7, 0x54d7, 0x54b7, 0x3c35, 0x2351, 
	0x9d97, 0xf7ff, 0xc6dc, 0x9577, 0x95b8, 0x95b8, 0x8d77, 0x8536, 0x43b3, 0x1a8f, 0x22f0, 0x1ad0, 0x1ad0, 0x1acf, 0x22f0, 0x1acf, 
	0x22f0, 0x1ad0, 0x22f0, 0x1ad0, 0x1af0, 0x1aaf, 0x1aaf, 0x22f0, 0x8516, 0x8d58, 0x8d98, 0x8558, 0x3bd3, 0x3bb3, 0x3bb3, 0x43f4, 
	0x9577, 0xa61a, 0xf79e, 0xf7be, 0xf7df, 0xdf1c, 0x8d78, 0x74b5, 0x1aaf, 0x3bb3, 0x5cf7, 0x75ba, 0x96de, 0x865c, 0x759a, 0x7dba, 
	0x7d58, 0x1a4c, 0x1ad0, 0x1ab0, 0x22f0, 0x1acf, 0x22f0, 0x1acf, 0x22f0, 0x1acf, 0x22f0, 0x1aaf, 0x1ab0, 0x1ad0, 0x22f0, 0x1acf, 
	0x1ad0, 0x1ad0, 0x128e, 0x22d0, 0xe73c, 0xf7be, 0xef7c, 0xf77d, 0xffff, 0xef9e, 0x2b52, 0x2311, 0x024e, 0x0a6f, 0x126f, 0x12af, 
	0x1ad0, 0x22f0, 0x12af, 0x3bd4, 0x96fe, 0x867d, 0x757a, 0x759a, 0x759a, 0x6539, 0x4c96, 0x54d7, 0x4cb7, 0x54b7, 0x4cb7, 0x4cb7, 
	0x4477, 0x4cb7, 0x5454, 0x9e7d, 0xf79d, 0xffde, 0xffff, 0xffff, 0xffff, 0xffbe, 0xf79e, 0xf7be, 0xf7be, 0xf7be, 0xf7be, 0xf7be, 
	0xf7be, 0xf7be, 0xf7be, 0xe73c, 0xef3c, 0xffff, 0xe7ff, 0x8d57, 0x657a, 0x6d9a, 0x759a, 0x759a, 0x759a, 0x759a, 0x6d7a, 0x54b7, 
	0x54b7, 0x54b7, 0x4c97, 0x4c97, 0x54d7, 0x54b7, 0x54b7, 0x54b7, 0x4c55, 0x2b72, 0x33b2, 0x3392, 0x2b72, 0x1b10, 0x2b72, 0x2351, 
	0x2b72, 0x1b10, 0xb618, 0xffff, 0x7517, 0x1a4c, 0x1af0, 0x1ad0, 0x22f0, 0x1aaf, 0x1ad0, 0x1ad0, 0x22f0, 0x1acf, 0x1ad0, 0x1ad0, 
	0x22f0, 0x1ad0, 0x1ad0, 0x1acf, 0x1ad0, 0x1ad0, 0x12af, 0x128f, 0x2352, 0x2b93, 0x2b73, 0x2b73, 0x2311, 0x3bd4, 0xef5d, 0xef7d, 
	0xefbf, 0xc67a, 0x126e, 0x1aaf, 0x1ad0, 0x1ad0, 0x0a6e, 0x43f4, 0x96fe, 0x867c, 0x6d9a, 0x759a, 0x759a, 0x6559, 0x4c97, 0x4c97, 
	0x4cb7, 0x4cb8, 0x5413, 0xa6be, 0xffff, 0x84b3, 0x022e, 0x12b0, 0x1a0b, 0x95fb, 0xf79d, 0xffff, 0xffff, 0xffff, 0xffff, 0xffff, 
	0xffde, 0xffde, 0xffdf, 0xffdf, 0xffdf, 0xffff, 0xffff, 0xffff, 0xefff, 0xb6bc, 0x8efe, 0x8efe, 0x8ebe, 0x6d99, 0x759a, 0x759a, 
	0x759a, 0x759a, 0x6d7a, 0x4c96, 0x54b7, 0x4c97, 0x54b7, 0x54b7, 0x54b7, 0x4c97, 0x54d7, 0x4cb7, 0x54b8, 0x54b8, 0x4435, 0x2351, 
	0x9d76, 0xffff, 0x85b9, 0x2aee, 0x2b92, 0x1b31, 0xb5f8, 0xffff, 0x6cb6, 0x1a6d, 0x22f0, 0x1ad0, 0x1ad0, 0x1acf, 0x22f0, 0x1ad0, 
	0x22f0, 0x1ad0, 0x22f0, 0x1ad0, 0x22f0, 0x1aaf, 0x1ab0, 0x1ad0, 0x1a8e, 0x22f0, 0xefbf, 0xefbf, 0x3bb3, 0x3372, 0x2b73, 0x2b73, 
	0x2310, 0x4414, 0xef7d, 0xef7d, 0xefbf, 0xbe59, 0x126e, 0x1aaf, 0x1acf, 0x22f0, 0x126e, 0x4415, 0x96ff, 0x865c, 0x6d79, 0x759a, 
	0x5434, 0x22cf, 0x2b11, 0x22f0, 0x2b31, 0x22f0, 0x2b11, 0x22f0, 0x2b31, 0x22f0, 0x2b11, 0x22f0, 0x22f0, 0x2b11, 0x2b31, 0x22f0, 
	0x22f0, 0x22f0, 0x2b10, 0x2b31, 0x7cd5, 0x8d57, 0xef7d, 0xf7be, 0xf7be, 0xe77d, 0xa5fa, 0x9dd9, 0x9598, 0x9598, 0x9598, 0x8516, 
	0x22f0, 0x2b10, 0x22cf, 0x4414, 0x9efe, 0x8e7d, 0x759a, 0x75ba, 0x759a, 0x757a, 0x6539, 0x6518, 0x54b7, 0x54d7, 0x54d7, 0x54f8, 
	0x5c96, 0x7d9a, 0xa5f9, 0xcf1d, 0xf7be, 0xffdf, 0xf7ff, 0xe77e, 0xc75e, 0xc75e, 0xc73e, 0xb6bc, 0xb69c, 0xb69c, 0xb69c, 0xb69c, 
	0xb69c, 0xb69c, 0xbe9b, 0xdf7e, 0xef7d, 0xffbe, 0xefdf, 0xcedc, 0xaede, 0x8599, 0x75ba, 0x75ba, 0x759a, 0x6539, 0x6539, 0x54b7, 
	0x54d7, 0x54d7, 0x54b7, 0x54b7, 0x5cd8, 0x54b7, 0x5496, 0x4435, 0x4414, 0x3bb2, 0x3bf3, 0x33b2, 0x6c94, 0x95d9, 0x9dd9, 0x9df9, 
	0x9dd9, 0x95b8, 0x9598, 0x8d57, 0x4c14, 0x22cf, 0x2b11, 0x22f0, 0x2b11, 0x22f0, 0x2b11, 0x22f0, 0x2b11, 0x22f0, 0x22f0, 0x22f0, 
	0x2b11, 0x22f0, 0x2b11, 0x22f0, 0x22f0, 0x2b11, 0x2b10, 0x2b11, 0x8d57, 0x95b9, 0x9598, 0x95b8, 0x9dfa, 0x9dd9, 0x9578, 0x8d78, 
	0x8537, 0x74b5, 0x2af0, 0x2b31, 0x22f0, 0x2b11, 0x22cf, 0x4c55, 0x9efe, 0x8e7c, 0x759a, 0x7dba, 0x7dba, 0x6d59, 0x54b7, 0x54d7, 
	0x54d7, 0x5cf8, 0x5c96, 0x7dba, 0xa67c, 0x74f6, 0x3bb2, 0x64f7, 0x8d15, 0xcedc, 0xf7be, 0xffff, 0xffff, 0xffdf, 0xf7df, 0xf7be, 
	0xf79e, 0xf79e, 0xf79e, 0xf79e, 0xf79e, 0xf7de, 0xffde, 0xf7be, 0xe7bf, 0xdf5d, 0xbf5f, 0x963b, 0x863c, 0x75ba, 0x7dba, 0x7dba, 
	0x75ba, 0x7dba, 0x759a, 0x5cd7, 0x54d7, 0x54d7, 0x5cd8, 0x5cd7, 0x5cd8, 0x54b7, 0x5cd8, 0x5cd7, 0x54b7, 0x4435, 0x4414, 0x3392, 
	0x6cb5, 0x95d9, 0x64d6, 0x3b91, 0x3bf3, 0x3391, 0xb639, 0xf7ff, 0x74d7, 0x2aae, 0x2b31, 0x22f0, 0x2b10, 0x2310, 0x2b31, 0x2310, 
	0x2b11, 0x2310, 0x2b11, 0x2b10, 0x2b11, 0x22f0, 0x22f0, 0x2b11, 0x2b10, 0x3331, 0x8516, 0x8d57, 0x9598, 0x9598, 0x9598, 0x9598, 
	0x9dd9, 0x9dd9, 0x9578, 0x8d78, 0x8537, 0x74b5, 0x22f0, 0x2b10, 0x22f0, 0x2b11, 0x1acf, 0x5455, 0x9efe, 0x865c, 0x759a, 0x7dba, 
	0x1ad0, 0x1ad0, 0x22f0, 0x1acf, 0x22f0, 0x1acf, 0x22f0, 0x1acf, 0x22f0, 0x1ad0, 0x22f0, 0x1aaf, 0x1aaf, 0x1ad0, 0x22f0, 0x1acf, 
	0x1ad0, 0x1ad0, 0x1ad0, 0x1ad0, 0x128e, 0x22f0, 0xffff, 0xffff, 0xe73c, 0xef5c, 0xffff, 0xffff, 0xffff, 0xffff, 0xffff, 0xe73d, 
	0x126e, 0x1aaf, 0x0a6e, 0x33b3, 0x96de, 0x867c, 0x6d9a, 0x759a, 0x759a, 0x759a, 0x75bb, 0x6d59, 0x4c97, 0x54b7, 0x4cb7, 0x54d8, 
	0x5c54, 0x9e5c, 0xf77d, 0xffde, 0xffff, 0xffff, 0xefff, 0xc6fc, 0x86bd, 0x8ede, 0x8ebe, 0x6dda, 0x6d59, 0x6d7a, 0x6d7a, 0x6d7a, 
	0x6d7a, 0x6d7a, 0x8557, 0xd7bf, 0xffbe, 0xf79d, 0xf79d, 0xffff, 0xe7ff, 0x8d57, 0x6d7a, 0x6d7a, 0x6559, 0x4cb7, 0x54b7, 0x54b7, 
	0x54b7, 0x54b7, 0x4c97, 0x4cb7, 0x54d8, 0x54d7, 0x4455, 0x2351, 0x2b72, 0x2b71, 0x2b92, 0x1b10, 0x9535, 0xf7ff, 0xffff, 0xffff, 
	0xffff, 0xffff, 0x7538, 0x122c, 0x1ad0, 0x1ad0, 0x22f0, 0x1acf, 0x22f0, 0x1acf, 0x1ad0, 0x1ad0, 0x22f0, 0x1acf, 0x1ad0, 0x1ad0, 
	0x22f0, 0x1ad0, 0x1ad0, 0x1acf, 0x1ad0, 0x22f0, 0x22cf, 0x2b10, 0xe75c, 0xf7be, 0xef5c, 0xf77d, 0xffff, 0xef9e, 0x2b52, 0x2311, 
	0x024e, 0x0a6f, 0x126f, 0x1ab0, 0x1ad0, 0x1ad0, 0x128f, 0x4415, 0x96ff, 0x867c, 0x6d9a, 0x759a, 0x759a, 0x6559, 0x4c97, 0x4c97, 
	0x4cb7, 0x54d7, 0x4c97, 0x4c97, 0x4477, 0x4cb8, 0x5c54, 0xa69d, 0xf79d, 0xffde, 0xffff, 0xffff, 0xffff, 0xffbe, 0xf79e, 0xf7be, 
	0xf7be, 0xf7be, 0xf7be, 0xf7be, 0xf7be, 0xf7be, 0xf7be, 0xe73c, 0xef3c, 0xffff, 0xe7ff, 0x8557, 0x6d7a, 0x6d9a, 0x759a, 0x759a, 
	0x759a, 0x759a, 0x6d7a, 0x54b7, 0x54b7, 0x4c97, 0x54b7, 0x54b7, 0x54b7, 0x4cb7, 0x54d7, 0x54d7, 0x4c75, 0x2b72, 0x2b92, 0x3392, 
	0x2b92, 0x1b10, 0x2351, 0x2351, 0x2b92, 0x1b10, 0xbe59, 0xffff, 0x74f7, 0x1a4d, 0x22f0, 0x1ad0, 0x1ad0, 0x1acf, 0x22f0, 0x1ad0, 
	0x22f0, 0x1ad0, 0x22f0, 0x1ad0, 0x22f0, 0x1aaf, 0x1aaf, 0x1ad0, 0x1af0, 0x1ad0, 0x126e, 0x2b10, 0xef7d, 0xf7be, 0xef5c, 0xf77d, 
	0xffff, 0xe75e, 0x2332, 0x1b11, 0x022e, 0x0a6f, 0x128f, 0x1aaf, 0x1acf, 0x22f0, 0x12ae, 0x4c55, 0x96ff, 0x865c, 0x6d79, 0x75ba, 
	0x2b11, 0x22d0, 0x22f0, 0x22d0, 0x2b11, 0x22f0, 0x2b11, 0x22f0, 0x2b11, 0x22f0, 0x2b11, 0x22d0, 0x22d0, 0x22f0, 0x2b10, 0x22f0, 
	0x22f0, 0x22f0, 0x22f0, 0x22f0, 0x2af0, 0x2b31, 0x7cf6, 0x8d78, 0xef9e, 0xf7be, 0xf7be, 0xe73d, 0x8537, 0x8537, 0x8516, 0x8537, 
	0x9557, 0x9d98, 0xa5b9, 0xae3a, 0xc77f, 0xb6bc, 0x759a, 0x75ba, 0x759a, 0x6d79, 0x6518, 0x6518, 0x54b7, 0x54d7, 0x54d7, 0x54f8, 
	0x5c75, 0x9e5c, 0xef5d, 0xf7be, 0xffff, 0xffdf, 0xe7ff, 0xc6fc, 0x8ebd, 0x96de, 0x96de, 0x867c, 0x865c, 0x8e5c, 0x863c, 0x7dda, 
	0x759a, 0x75ba, 0x7d99, 0x9e7d, 0xbe7a, 0xdf9f, 0xf79e, 0xffff, 0xf7ff, 0xcefc, 0xc6fd, 0xc6fd, 0xa6be, 0x64b5, 0x54d8, 0x54d7, 
	0x54d7, 0x54d7, 0x4c96, 0x4414, 0x4c55, 0x4414, 0x6cb4, 0x95f9, 0x9dd8, 0x9db8, 0xa5f9, 0xa619, 0xd6db, 0xf7ff, 0xf7be, 0xf7be, 
	0xae3a, 0x84d5, 0x4c14, 0x22cf, 0x2b11, 0x22f0, 0x2b11, 0x22f0, 0x2b11, 0x22f0, 0x22f0, 0x22f0, 0x2b11, 0x22f0, 0x22f0, 0x22f0, 
	0x2b11, 0x22f0, 0x2b11, 0x22f0, 0x22f0, 0x2b11, 0x2b10, 0x2b10, 0x7494, 0x8537, 0xef9e, 0xf7be, 0xefbe, 0xe77d, 0xae1a, 0xa61a, 
	0x9db9, 0x9db9, 0x9dd9, 0x8516, 0x1aaf, 0x22f0, 0x1aaf, 0x4c35, 0x9efe, 0x867c, 0x759a, 0x759a, 0x759a, 0x757a, 0x6539, 0x5cf8, 
	0x54b7, 0x54d8, 0x54b7, 0x54b8, 0x5496, 0x7dba, 0xae19, 0xd73d, 0xf7be, 0xffdf, 0xf7ff, 0xdf7e, 0xbf5e, 0xbf3e, 0xbf1e, 0xaebc, 
	0xae7c, 0xae7c, 0xae7c, 0xae9c, 0xae7c, 0xae7c, 0xbe7a, 0xdf7e, 0xef7d, 0xffbe, 0xefdf, 0xcefc, 0xaefe, 0x8599, 0x759a, 0x759a, 
	0x6d9a, 0x6518, 0x5d18, 0x54b7, 0x54b7, 0x54b7, 0x54d7, 0x54b7, 0x54d7, 0x54b7, 0x5496, 0x4414, 0x4414, 0x3392, 0x33b2, 0x2b92, 
	0x74b5, 0x9dfa, 0xa5f9, 0xa619, 0xa619, 0x9df9, 0x9578, 0x84f6, 0x43d3, 0x22af, 0x2311, 0x22d0, 0x22f0, 0x22d0, 0x22f0, 0x22d0, 
	0x22f0, 0x22d0, 0x22f0, 0x22d0, 0x22f0, 0x1ad0, 0x1ad0, 0x22f0, 0x22f0, 0x22d0, 0x22cf, 0x2b11, 0x74b5, 0x8537, 0xf79e, 0xf7be, 
	0xefbe, 0xe75d, 0xae1a, 0xa61a, 0x9db8, 0xa5d9, 0x9dd9, 0x7cf6, 0x1aaf, 0x22f0, 0x1aaf, 0x4c55, 0x9efe, 0x865c, 0x759a, 0x75ba, 
	0x12b0, 0x126f, 0x1ad0, 0x1ad0, 0x22f0, 0x1acf, 0x22f0, 0x1acf, 0x22f0, 0x1acf, 0x22f0, 0x1aaf, 0x1ab0, 0x1ad0, 0x22f0, 0x1acf, 
	0x1ad0, 0x1ad0, 0x1ad0, 0x1ad0, 0x1ad0, 0x1ad0, 0x126e, 0x2b11, 0xffff, 0xffff, 0xe75d, 0xc67a, 0x128f, 0x128f, 0x124d, 0x43b3, 
	0xffbe, 0xffde, 0xffff, 0xffff, 0xefdf, 0xd6db, 0x6559, 0x6d9a, 0x75ba, 0x6559, 0x4c97, 0x54b8, 0x4c97, 0x54b7, 0x4cb7, 0x54d8, 
	0x5c54, 0x965c, 0xef5d, 0xf7be, 0xffff, 0xf7be, 0xdfdf, 0xbedc, 0x8ebd, 0x8ede, 0x8ebd, 0x96fe, 0x9f1e, 0x96fe, 0x96de, 0x75da, 
	0x6d7a, 0x759a, 0x6d9a, 0x6d9a, 0x8557, 0xd7bf, 0xffbe, 0xffff, 0xffff, 0xffff, 0xffff, 0xffff, 0xcfdf, 0x6453, 0x4c97, 0x4cb8, 
	0x54b7, 0x54d7, 0x4455, 0x2331, 0x2b72, 0x1b30, 0x7c93, 0xe7bf, 0xef5c, 0xef5c, 0xf7be, 0xffff, 0xffff, 0xffff, 0xf7be, 0xef7d, 
	0x64b7, 0x09eb, 0x12b0, 0x0a8f, 0x12b0, 0x0a6f, 0x1ad0, 0x1acf, 0x22f0, 0x1aaf, 0x1ad0, 0x1ad0, 0x22f0, 0x1acf, 0x1ad0, 0x1ad0, 
	0x22f0, 0x1ad0, 0x1ad0, 0x1acf, 0x1ad0, 0x1ad0, 0x1af0, 0x1aaf, 0x124e, 0x2b11, 0xffff, 0xffff, 0xe73c, 0xef5d, 0xffff, 0xffff, 
	0xffff, 0xffff, 0xffff, 0xdefc, 0x0a4e, 0x128f, 0x0a4e, 0x3bf4, 0x96fe, 0x865c, 0x6d9a, 0x759a, 0x759a, 0x75ba, 0x75bb, 0x6538, 
	0x4c97, 0x54d7, 0x4cb7, 0x4cb8, 0x5c54, 0x9e7d, 0xf77d, 0xffde, 0xffff, 0xffff, 0xefff, 0xc6fc, 0x86bd, 0x8ede, 0x8ebe, 0x75da, 
	0x6d59, 0x6d7a, 0x6d7a, 0x6d7a, 0x6d7a, 0x6d7a, 0x8557, 0xd7bf, 0xffbe, 0xf79d, 0xf79d, 0xffff, 0xdfff, 0x8557, 0x6d7a, 0x6d9a, 
	0x655a, 0x4c97, 0x54b7, 0x54b7, 0x54b7, 0x4c97, 0x54d7, 0x54b7, 0x54d8, 0x54b8, 0x4455, 0x2351, 0x2b92, 0x2371, 0x2371, 0x1b30, 
	0x9d76, 0xf7ff, 0xffff, 0xffff, 0xffff, 0xffff, 0x6cf7, 0x120c, 0x1ad0, 0x1ad0, 0x22f0, 0x1acf, 0x1ad0, 0x1acf, 0x22f0, 0x1ad0, 
	0x22f0, 0x1ad0, 0x22f0, 0x1ad0, 0x1af0, 0x1ab0, 0x1ab0, 0x1af0, 0x22f0, 0x1ad0, 0x1ad0, 0x1ad0, 0x126e, 0x3351, 0xffff, 0xffff, 
	0xe73c, 0xef5d, 0xffff, 0xffff, 0xffff, 0xffff, 0xffff, 0xcebb, 0x0a4e, 0x12b0, 0x0a6e, 0x3c14, 0x96fe, 0x7e5c, 0x6d7a, 0x75ba, 
	0xa5d9, 0xa5f9, 0x5434, 0x22ae, 0x2310, 0x22d0, 0x22f0, 0x22d0, 0x22f0, 0x22d0, 0x22f0, 0x1ad0, 0x1ad0, 0x22f0, 0x22f0, 0x22d0, 
	0x22f0, 0x22f0, 0x22f0, 0x22f0, 0x22f0, 0x22f0, 0x22f0, 0x2b31, 0x7cb5, 0x8d58, 0xefdf, 0xd71c, 0x2b10, 0x2af0, 0x22d0, 0x3372, 
	0x7494, 0x9578, 0xf79e, 0xf79e, 0xffff, 0xef9e, 0xbf1e, 0xa65b, 0x5cf8, 0x5cf8, 0x54b7, 0x54d7, 0x54b7, 0x54d7, 0x54b7, 0x54d8, 
	0x5c74, 0xa69d, 0xffbe, 0xffdf, 0xffff, 0xf7be, 0xe7df, 0xc6dc, 0x8ebd, 0x96de, 0x96de, 0x5d17, 0x4c75, 0x8e5c, 0x96de, 0x867c, 
	0x865c, 0x75da, 0x759a, 0x75ba, 0x7d99, 0x9e7d, 0xbe7a, 0xe7df, 0xffde, 0xffbe, 0xf7be, 0xf79e, 0xdf7e, 0xc69b, 0x9e7d, 0x64b6, 
	0x54b7, 0x3c14, 0x6c94, 0xa65c, 0xae5a, 0xae3a, 0xcebb, 0xf7df, 0xf7be, 0xf7be, 0xf7be, 0xf7de, 0xf7be, 0xf7be, 0xf7be, 0xf7df, 
	0xbe9b, 0x9556, 0x9598, 0x9577, 0xa5d9, 0xa5f9, 0x5414, 0x22af, 0x2b11, 0x22d0, 0x2310, 0x22f0, 0x2b10, 0x22f0, 0x22f0, 0x22f0, 
	0x2b10, 0x22f0, 0x22f0, 0x22f0, 0x22f0, 0x2310, 0x2b11, 0x22d0, 0x22cf, 0x2b31, 0x74d5, 0x8d58, 0xf79e, 0xf7be, 0xf7be, 0xdf1c, 
	0x7cf6, 0x7cf6, 0x7cf6, 0x8517, 0x9577, 0x9db8, 0xa5d9, 0xb65b, 0xcf7f, 0xb6bc, 0x759a, 0x759a, 0x759a, 0x6d79, 0x5d18, 0x5cf8, 
	0x54b7, 0x5cd8, 0x54b7, 0x54d8, 0x5c75, 0x9e7c, 0xef5d, 0xf7be, 0xffff, 0xffdf, 0xe7ff, 0xc6fc, 0x8ebd, 0x96de, 0x96de, 0x8e7c, 
	0x865c, 0x8e5c, 0x863c, 0x7dda, 0x759a, 0x75ba, 0x7d99, 0x967d, 0xbe7a, 0xe79f, 0xf79e, 0xffff, 0xf7ff, 0xd6fc, 0xcf1d, 0xcf1d, 
	0xa6be, 0x6495, 0x54d8, 0x54d7, 0x54d7, 0x54b7, 0x54b7, 0x4414, 0x4435, 0x3c14, 0x6cb5, 0x95fa, 0x9dd8, 0x9dd8, 0xa5f9, 0xae3a, 
	0xd6fc, 0xf7ff, 0xf7be, 0xf7be, 0xa61a, 0x7cb4, 0x43d3, 0x22cf, 0x22f0, 0x22f0, 0x2b10, 0x22f0, 0x22f0, 0x22f0, 0x2b11, 0x22f0, 
	0x22f0, 0x22f0, 0x2b11, 0x22f0, 0x2b11, 0x22d0, 0x22d0, 0x22f0, 0x2b10, 0x22f0, 0x22f0, 0x22f0, 0x22f0, 0x3351, 0x7cd6, 0x8d78, 
	0xf7be, 0xf7be, 0xf7bf, 0xdf1c, 0x7cf6, 0x8517, 0x7cf6, 0x8537, 0x9577, 0x9d98, 0x9dd8, 0xb67b, 0xcf7f, 0xae9c, 0x759a, 0x7dba, 
	0xffff, 0xffff, 0x6cf7, 0x122c, 0x1ad0, 0x128f, 0x1ad0, 0x1ad0, 0x22f0, 0x1ad0, 0x22f0, 0x1aaf, 0x1acf, 0x1ad0, 0x22f0, 0x1ad0, 
	0x1ad0, 0x1ad0, 0x22f0, 0x1ad0, 0x22f0, 0x1ad0, 0x1ad0, 0x1ad0, 0x0a2d, 0x2b11, 0xffff, 0xe77e, 0x22f0, 0x22cf, 0x1ad0, 0x1ad0, 
	0x124d, 0x43f3, 0xef9d, 0xf79e, 0xffff, 0xffff, 0xffff, 0xcedb, 0x4476, 0x54b7, 0x54b7, 0x54d7, 0x4cb7, 0x54b7, 0x4cb7, 0x54d8, 
	0x5c54, 0xaede, 0xffff, 0xffff, 0xffff, 0xffbe, 0xdfdf, 0xbedc, 0x8ebd, 0x96fe, 0x9eff, 0x33b2, 0x0a6e, 0x85fc, 0x9f1e, 0x96de, 
	0x96de, 0x75da, 0x757a, 0x759a, 0x6d9a, 0x6d7a, 0x8d77, 0xd7df, 0xffbe, 0xffbe, 0xf7be, 0xef5d, 0xf77d, 0xffff, 0xcfdf, 0x6454, 
	0x4476, 0x1b32, 0x7473, 0xf7ff, 0xffff, 0xffff, 0xffff, 0xffff, 0xffff, 0xffff, 0xffdf, 0xef9d, 0xef9e, 0xef9d, 0xffdf, 0xffff, 
	0xf7be, 0xef7d, 0xef7d, 0xef5d, 0xffff, 0xffff, 0x64b7, 0x122d, 0x1ab0, 0x128f, 0x1ad0, 0x1ad0, 0x22f0, 0x1acf, 0x1ad0, 0x1ad0, 
	0x22f0, 0x1ad0, 0x22f0, 0x1ad0, 0x1ad0, 0x22f0, 0x22f0, 0x1ab0, 0x1ab0, 0x1ad0, 0x126e, 0x3351, 0xffff, 0xffff, 0xe77e, 0xc659, 
	0x128f, 0x128f, 0x124d, 0x43f4, 0xffde, 0xffdf, 0xffff, 0xffff, 0xefdf, 0xcedb, 0x6559, 0x6d9a, 0x75ba, 0x6d59, 0x4c97, 0x4c97, 
	0x54b7, 0x54d7, 0x4cb7, 0x4cb8, 0x5c54, 0x9e5c, 0xef5d, 0xf7be, 0xffff, 0xf7be, 0xdfdf, 0xbedc, 0x8ebe, 0x8ede, 0x96dd, 0x96fe, 
	0x971e, 0x96fe, 0x96de, 0x75da, 0x757a, 0x759a, 0x6d9a, 0x6d7a, 0x8d77, 0xd7bf, 0xffbe, 0xffff, 0xffff, 0xffff, 0xffff, 0xffff, 
	0xcfbf, 0x5c53, 0x4cb7, 0x4cb8, 0x54b7, 0x54b8, 0x4c76, 0x2351, 0x2b72, 0x1b30, 0x7cb3, 0xe7df, 0xef5c, 0xef5c, 0xffbe, 0xffff, 
	0xffff, 0xffff, 0xf79e, 0xef7d, 0x64b6, 0x09ec, 0x12b0, 0x128f, 0x12af, 0x128f, 0x22f0, 0x1ad0, 0x22f0, 0x1ad0, 0x22f0, 0x1ad0, 
	0x22f0, 0x1ad0, 0x22f0, 0x1ad0, 0x22f0, 0x1ab0, 0x1ab0, 0x22f0, 0x22f0, 0x1ad0, 0x1ad0, 0x1ad0, 0x1ad0, 0x1af0, 0x126e, 0x3372, 
	0xffff, 0xffff, 0xe77e, 0xbe39, 0x0a6f, 0x12af, 0x124d, 0x5414, 0xffde, 0xffdf, 0xffff, 0xffff, 0xefdf, 0xc69b, 0x6d59, 0x759a, 
	0xf79e, 0xef9d, 0xbe7b, 0xa5b7, 0xa5d8, 0xa5f9, 0x4bf4, 0x22cf, 0x2b11, 0x22f0, 0x2b31, 0x22f0, 0x22f0, 0x2b11, 0x2b31, 0x22f0, 
	0x2310, 0x2310, 0x2b10, 0x2b10, 0x22f0, 0x22f0, 0x22f0, 0x3351, 0xadf9, 0xbe7a, 0xefbf, 0xd6db, 0x2b10, 0x2af0, 0x22f0, 0x2b11, 
	0x22ef, 0x3372, 0x6c54, 0x9598, 0xffff, 0xffff, 0xf7ff, 0xcebb, 0x4c96, 0x54d7, 0x54b7, 0x5cd8, 0x54b7, 0x54d7, 0x54d7, 0x54f8, 
	0x5c75, 0xa67d, 0xf79e, 0xffdf, 0xffff, 0xffdf, 0xf7ff, 0xe77d, 0xc77f, 0x7d36, 0x4435, 0x2b31, 0x22f0, 0x4c14, 0x4c75, 0x8e5c, 
	0x96de, 0x8e7c, 0x8e5c, 0x7dda, 0x759a, 0x759a, 0x7d99, 0x85da, 0x8dda, 0x8dd9, 0x8dda, 0x85b9, 0xa5d8, 0xe7bf, 0xdf5e, 0xbe39, 
	0xae5a, 0xa5f9, 0xc67a, 0xffff, 0xffff, 0xffff, 0xffff, 0xffff, 0xffff, 0xffff, 0xffff, 0xffdf, 0xffdf, 0xffdf, 0xffff, 0xffff, 
	0xffdf, 0xf7be, 0xf7be, 0xf7be, 0xf79e, 0xef9d, 0xbe7a, 0xa597, 0xa5d8, 0xa5d8, 0x4bd3, 0x22cf, 0x2b11, 0x22f0, 0x22f0, 0x22f0, 
	0x2b10, 0x22f0, 0x22f0, 0x22f0, 0x22f0, 0x2b10, 0x2b11, 0x22d0, 0x22f0, 0x2b11, 0x2af0, 0x3351, 0x7495, 0x8537, 0xf7df, 0xd6fc, 
	0x2af0, 0x2b10, 0x22f0, 0x3b72, 0x6c54, 0x8d78, 0xf79e, 0xf79e, 0xffff, 0xef9e, 0xc73e, 0xae5b, 0x5cf8, 0x6518, 0x54b7, 0x54b7, 
	0x54b7, 0x5cd8, 0x54d7, 0x54d8, 0x5c75, 0xa6be, 0xffde, 0xffff, 0xffff, 0xf7be, 0xdfdf, 0xbedc, 0x8ebd, 0x96de, 0x96de, 0x5cf7, 
	0x4c54, 0x8e5c, 0x96de, 0x8e9c, 0x8e5c, 0x7dda, 0x759a, 0x759a, 0x85ba, 0x965c, 0xbe5a, 0xe7df, 0xf7de, 0xf7be, 0xf7be, 0xf79d, 
	0xe77e, 0xcedb, 0x9e7d, 0x64b6, 0x54b7, 0x3c14, 0x74b5, 0xae9c, 0xbe7a, 0xb67a, 0xd6db, 0xf7df, 0xf7be, 0xf7be, 0xf7be, 0xf7be, 
	0xf7de, 0xf7be, 0xf7be, 0xffdf, 0xc6bb, 0xa597, 0xa5d8, 0x9db8, 0xae19, 0xb63a, 0x5414, 0x22cf, 0x2311, 0x22f0, 0x2b11, 0x22f0, 
	0x2b10, 0x22f0, 0x2b10, 0x2310, 0x2b11, 0x22f0, 0x22f0, 0x2b11, 0x2b10, 0x22f0, 0x22f0, 0x2b10, 0x22f0, 0x2b10, 0x22f0, 0x3331, 
	0x7494, 0x8d57, 0xf7df, 0xcebb, 0x22cf, 0x2b10, 0x22d0, 0x3b92, 0x6c53, 0x9598, 0xf79e, 0xf79e, 0xffff, 0xef7d, 0xc73e, 0xa63a, 
	0xf79e, 0xe73c, 0xef5d, 0xef7d, 0xef7d, 0xf7be, 0x5435, 0x124d, 0x1ab0, 0x128f, 0x1ad0, 0x1aaf, 0x1aaf, 0x1ad0, 0x22f0, 0x1acf, 
	0x1ad0, 0x1ad0, 0x1ad0, 0x1ad0, 0x128f, 0x128f, 0x126e, 0x2b31, 0xffff, 0xffff, 0xef9e, 0xd6bb, 0x22d0, 0x22d0, 0x1acf, 0x22f0, 
	0x1ad0, 0x1ad0, 0x124d, 0x5455, 0xffff, 0xffff, 0xf7ff, 0xc6bb, 0x4456, 0x4c97, 0x4477, 0x4cb7, 0x4c97, 0x4c97, 0x4497, 0x4cb8, 
	0x5c54, 0x9e5c, 0xef7d, 0xf7be, 0xffff, 0xffff, 0xffff, 0xffde, 0xefff, 0x6bf1, 0x0a4e, 0x12b0, 0x1ad0, 0x1ad0, 0x12ae, 0x861c, 
	0x9f1e, 0x96de, 0x96be, 0x75da, 0x759a, 0x759a, 0x6d9a, 0x4c96, 0x4477, 0x4c97, 0x4c97, 0x4497, 0x7cd5, 0xcf7f, 0xef5c, 0xef5c, 
	0xef5d, 0xef5d, 0xf79d, 0xffff, 0xffff, 0xffff, 0xffff, 0xffff, 0xffff, 0xffff, 0xffff, 0xffff, 0xffff, 0xffff, 0xffff, 0xffff, 
	0xffff, 0xffff, 0xffff, 0xffff, 0xef9d, 0xe73c, 0xef5d, 0xef7d, 0xef7d, 0xf7be, 0x4c14, 0x124d, 0x1ab0, 0x128f, 0x1acf, 0x1ad0, 
	0x22f0, 0x1ad0, 0x1ad0, 0x1acf, 0x1ad0, 0x1ad0, 0x1af0, 0x1aaf, 0x1aaf, 0x1ad0, 0x1ad0, 0x1ad0, 0x0a2d, 0x2b31, 0xffff, 0xdf3d, 
	0x1aaf, 0x1aaf, 0x1ab0, 0x1ad0, 0x124d, 0x4c14, 0xf79d, 0xf79e, 0xffff, 0xffff, 0xffff, 0xc69b, 0x4c76, 0x54d7, 0x4c97, 0x4c97, 
	0x4cb7, 0x54d7, 0x4cb7, 0x4cb8, 0x5c54, 0xaede, 0xffff, 0xffff, 0xffff, 0xf7be, 0xdfdf, 0xbedc, 0x8ebd, 0x96fe, 0x9eff, 0x33b2, 
	0x128e, 0x861c, 0x9f1e, 0x96de, 0x96be, 0x75da, 0x6d7a, 0x759a, 0x6dba, 0x6d7a, 0x8d77, 0xdfdf, 0xffbe, 0xffbe, 0xf7be, 0xef5c, 
	0xf77d, 0xffff, 0xcf9f, 0x5c54, 0x3c56, 0x1b31, 0x7c93, 0xf7ff, 0xffff, 0xffff, 0xffff, 0xffff, 0xffff, 0xffff, 0xffdf, 0xef9d, 
	0xef9e, 0xef9d, 0xffdf, 0xffff, 0xf7be, 0xef7d, 0xef7d, 0xef7d, 0xffff, 0xffff, 0x5c76, 0x122d, 0x12b0, 0x128f, 0x1ad0, 0x1ad0, 
	0x1ad0, 0x1acf, 0x22f0, 0x1ad0, 0x1af0, 0x1aaf, 0x1aaf, 0x1ad0, 0x22f0, 0x1ad0, 0x1acf, 0x1ad0, 0x1ad0, 0x22f0, 0x1ad0, 0x1ab0, 
	0x0a0d, 0x3372, 0xffff, 0xd6fc, 0x1a8f, 0x22d0, 0x1ad0, 0x1ad0, 0x124d, 0x5434, 0xf79e, 0xf7be, 0xffff, 0xffff, 0xffff, 0xc69b, 
	0xffdf, 0xf7be, 0xf7de, 0xf7df, 0xef7d, 0xe75c, 0xc6bb, 0xb65a, 0xae19, 0xa5f9, 0x3bb3, 0x1a8e, 0x1aaf, 0x1ad0, 0x22f0, 0x1acf, 
	0x1ad0, 0x1ad0, 0x1aaf, 0x22f0, 0xae1a, 0xb67b, 0xbe5a, 0xbe7b, 0xef9e, 0xdf1c, 0x6474, 0x5c13, 0x22f0, 0x22f0, 0x22f0, 0x22f0, 
	0x22f0, 0x2310, 0x22cf, 0x3352, 0x6c54, 0x9598, 0xefbe, 0xe75d, 0xc6fd, 0xcefd, 0xcefd, 0xc6dc, 0xb67a, 0xb67b, 0xae9c, 0x8d98, 
	0x5476, 0x6d39, 0x8d57, 0xc71e, 0xffff, 0xffdf, 0xf7be, 0xef7d, 0xdfbf, 0x6c11, 0x12af, 0x1ad0, 0x22f0, 0x2b11, 0x22d0, 0x43f4, 
	0x4454, 0x8e5c, 0x96de, 0x75da, 0x759a, 0x759a, 0x759a, 0x6d59, 0x6559, 0x54b7, 0x54d7, 0x54b7, 0x64d7, 0x759a, 0xa5b8, 0xdf5e, 
	0xef5d, 0xf7de, 0xffdf, 0xffff, 0xffff, 0xffff, 0xffff, 0xffff, 0xffff, 0xf7be, 0xf7be, 0xffde, 0xcf3e, 0xa63a, 0xa67c, 0x9e5b, 
	0xd71c, 0xf7df, 0xffdf, 0xffff, 0xffdf, 0xf7be, 0xf7de, 0xf7df, 0xef7d, 0xe75c, 0xc6bb, 0xb65a, 0xae19, 0xa5d8, 0x3b92, 0x22cf, 
	0x2310, 0x22f0, 0x22f0, 0x22d0, 0x22f0, 0x22f0, 0x22f0, 0x1ad0, 0x1ad0, 0x22f0, 0x22cf, 0x3371, 0xb63a, 0xbe7b, 0xefbf, 0xcebb, 
	0x22d0, 0x22f0, 0x22d0, 0x2311, 0x22cf, 0x3352, 0x6433, 0x9598, 0xffff, 0xffff, 0xf7ff, 0xc69b, 0x4c96, 0x54d8, 0x54b7, 0x54b7, 
	0x54b7, 0x54d8, 0x54b7, 0x54b8, 0x5c74, 0xa69d, 0xf79e, 0xffdf, 0xffff, 0xffff, 0xf7ff, 0xe77d, 0xc77f, 0x74f5, 0x4414, 0x2b51, 
	0x22d0, 0x43f4, 0x4454, 0x8e5d, 0x96de, 0x8e7c, 0x865c, 0x75ba, 0x759a, 0x759a, 0x7d99, 0x85ba, 0x8db9, 0x8db9, 0x85ba, 0x8599, 
	0xa5d8, 0xe7bf, 0xdf5d, 0xbe59, 0xb65b, 0xa5f9, 0xc69a, 0xffff, 0xffff, 0xffff, 0xffff, 0xffff, 0xffff, 0xffff, 0xffff, 0xffdf, 
	0xffff, 0xffdf, 0xffff, 0xffff, 0xffdf, 0xf7be, 0xf7de, 0xf7de, 0xf79e, 0xef7d, 0xbe7a, 0xa5b7, 0xa5d9, 0xa5f9, 0x43b3, 0x22af, 
	0x22f0, 0x22d0, 0x22f0, 0x22f0, 0x22f0, 0x1ad0, 0x1ad0, 0x22f0, 0x22f0, 0x22d0, 0x22d0, 0x22f0, 0x22f0, 0x2b11, 0x22f0, 0x3b72, 
	0xb63a, 0xbe9b, 0xefbf, 0xc69a, 0x22d0, 0x2b10, 0x22f0, 0x2311, 0x22d0, 0x3b92, 0x6433, 0x95b9, 0xffff, 0xffff, 0xf7ff, 0xc69b, 
	0xffff, 0xffff, 0xffff, 0xffff, 0xef9d, 0xe73c, 0xffff, 0xffff, 0xffde, 0xf7be, 0x5434, 0x1a8e, 0x1ad0, 0x1ad0, 0x22f0, 0x1acf, 
	0x1ad0, 0x1ad0, 0x1aaf, 0x2310, 0xffff, 0xffff, 0xffff, 0xffff, 0xef9e, 0xd6bb, 0x1aaf, 0x1aaf, 0x1ad0, 0x22f0, 0x1ad0, 0x22f0, 
	0x1ad0, 0x22f0, 0x1ad0, 0x1ab0, 0x122d, 0x5455, 0xf79d, 0xf7be, 0xffff, 0xffff, 0xffff, 0xffff, 0xf77d, 0xf77d, 0xe7bf, 0xa5d8, 
	0x3c77, 0x4497, 0x4c13, 0xa6de, 0xffff, 0xffff, 0xffbe, 0xf77d, 0xdfbf, 0x6c11, 0x128f, 0x1ad0, 0x22d0, 0x22f0, 0x1ad0, 0x1aaf, 
	0x12cf, 0x861c, 0x96de, 0x75da, 0x759a, 0x759a, 0x759a, 0x75ba, 0x6d9a, 0x54b7, 0x54b7, 0x54b7, 0x4cb8, 0x4497, 0x7cf5, 0xcf7f, 
	0xef7d, 0xffff, 0xffff, 0xffff, 0xffff, 0xffff, 0xffff, 0xffff, 0xffdf, 0xef9e, 0xf79d, 0xffde, 0xaede, 0x7537, 0x6d9a, 0x6559, 
	0xbe9b, 0xefff, 0xffdf, 0xffff, 0xffff, 0xffff, 0xffff, 0xffff, 0xef7d, 0xe73c, 0xffff, 0xffff, 0xffde, 0xf79e, 0x4bd3, 0x228e, 
	0x22f0, 0x1ad0, 0x22d0, 0x1ad0, 0x1ad0, 0x22d0, 0x1ad0, 0x128f, 0x128f, 0x12b0, 0x1a8e, 0x3371, 0xffff, 0xffff, 0xef9e, 0xce9a, 
	0x1ad0, 0x22d0, 0x1ad0, 0x22f0, 0x1ad0, 0x1ad0, 0x124d, 0x5c96, 0xffff, 0xffff, 0xf7ff, 0xc69b, 0x4456, 0x4cb7, 0x4c97, 0x4c97, 
	0x4c97, 0x54b7, 0x4c97, 0x4cb7, 0x5c54, 0x9e7c, 0xef7d, 0xffbe, 0xffff, 0xffff, 0xffff, 0xffde, 0xe7ff, 0x63d0, 0x126f, 0x1af0, 
	0x1ad0, 0x1aaf, 0x12cf, 0x863c, 0x9f1e, 0x96fe, 0x96be, 0x75ba, 0x759a, 0x759a, 0x6d9a, 0x4c96, 0x4c97, 0x4c97, 0x4cb7, 0x4497, 
	0x7cd5, 0xd79f, 0xef5c, 0xef5c, 0xef5d, 0xef5d, 0xf79e, 0xffff, 0xffff, 0xffff, 0xffff, 0xffff, 0xffff, 0xffff, 0xffff, 0xffff, 
	0xffff, 0xffff, 0xffff, 0xffff, 0xffff, 0xffff, 0xffff, 0xffff, 0xef9d, 0xe73c, 0xef5d, 0xef7d, 0xef7d, 0xf79e, 0x4c14, 0x126d, 
	0x1ab0, 0x12af, 0x22f0, 0x1ad0, 0x22f0, 0x1acf, 0x1acf, 0x22f0, 0x22f0, 0x1ad0, 0x1ad0, 0x1ad0, 0x128f, 0x1ab0, 0x1a6e, 0x3372, 
	0xffff, 0xffff, 0xef9e, 0xc659, 0x1aaf, 0x22f0, 0x1ad0, 0x22f0, 0x1ad0, 0x1af0, 0x122d, 0x64b6, 0xffff, 0xffff, 0xf7ff, 0xbe7a, 
	0xd71c, 0xf7df, 0xffdf, 0xffff, 0xffdf, 0xffdf, 0xf79e, 0xf79e, 0x8537, 0x5bf2, 0x3352, 0x22cf, 0x22f0, 0x22f0, 0x2b11, 0x22f0, 
	0x22f0, 0x2b10, 0x9db8, 0xae19, 0x6c95, 0x6454, 0x6475, 0x6475, 0x5c54, 0x5413, 0x22f0, 0x2b11, 0x22f0, 0x2b10, 0x22f0, 0x2b10, 
	0x22f0, 0x2b10, 0x22f0, 0x22f0, 0x22cf, 0x3b92, 0x5c34, 0x5c54, 0x6454, 0x6475, 0x5c54, 0x6475, 0x5bd2, 0x9dfa, 0xf7ff, 0xe77d, 
	0xcefd, 0xcf1d, 0xc71e, 0x9577, 0x5c34, 0x6475, 0x5c54, 0x6454, 0x5c34, 0x3b71, 0x22d0, 0x22f0, 0x22f0, 0x2b11, 0x22f0, 0x22f0, 
	0x2310, 0x863c, 0x96de, 0x7dda, 0x759a, 0x759a, 0x75ba, 0x75ba, 0x759a, 0x5cd7, 0x54d7, 0x54d7, 0x54d8, 0x54b7, 0x8536, 0xe7ff, 
	0xffdf, 0xffff, 0xffff, 0xffff, 0xffff, 0xffff, 0xffff, 0xf7be, 0xf7be, 0xf7be, 0xc73e, 0xa61a, 0x861b, 0x7599, 0x75ba, 0x759a, 
	0x8dfa, 0x963c, 0x9e5c, 0x9e3b, 0xdf1c, 0xf7df, 0xffff, 0xffff, 0xffdf, 0xffdf, 0xf79e, 0xef9e, 0x7d17, 0x5bf2, 0x2b51, 0x22f0, 
	0x2b11, 0x22f0, 0x22f0, 0x22f0, 0x22f0, 0x2b30, 0xa5d8, 0xae19, 0xbe7b, 0xc69b, 0xc69b, 0xc6bb, 0xef9e, 0xdf1c, 0x5c54, 0x5413, 
	0x22f0, 0x22f0, 0x22f0, 0x2b11, 0x22f0, 0x22f0, 0x22cf, 0x3b92, 0x6433, 0x9598, 0xefbe, 0xe75d, 0xcf1d, 0xcf1d, 0xcf1d, 0xc6dc, 
	0xbe7b, 0xbe9b, 0xb6bd, 0x8d78, 0x5496, 0x6d59, 0x8537, 0xc73e, 0xffff, 0xffdf, 0xf7be, 0xef7d, 0xdf9f, 0x63f1, 0x1ad0, 0x2b11, 
	0x22f0, 0x22f0, 0x22f0, 0x43f4, 0x4434, 0x8e7d, 0x96be, 0x75da, 0x75ba, 0x7dba, 0x759a, 0x6d59, 0x6d59, 0x54b7, 0x54d7, 0x54b7, 
	0x5cd7, 0x7579, 0xa5d8, 0xdf7e, 0xef5d, 0xffbe, 0xffdf, 0xffff, 0xffff, 0xffff, 0xffff, 0xffff, 0xffff, 0xf7be, 0xf7be, 0xffde, 
	0xc73e, 0xa63a, 0x9e5c, 0x9e3b, 0xd71c, 0xf7df, 0xffdf, 0xffff, 0xffdf, 0xf7be, 0xffdf, 0xffdf, 0xef7d, 0xe75c, 0xcebc, 0xc67b, 
	0xb63a, 0xadf9, 0x4392, 0x2acf, 0x2311, 0x22f0, 0x22f0, 0x2310, 0x2b11, 0x22f0, 0x22cf, 0x3351, 0xb65a, 0xbe9b, 0xbe7a, 0xc6bb, 
	0xef9e, 0xdefc, 0x5c54, 0x53f3, 0x22d0, 0x2b11, 0x22f0, 0x2b11, 0x22f0, 0x2b11, 0x22d0, 0x3b93, 0x6433, 0x95b9, 0xefbe, 0xe75d, 
	0xc69b, 0xefdf, 0xffff, 0xffff, 0xffff, 0xffff, 0xef9d, 0xef5d, 0x4c14, 0x124d, 0x1af0, 0x1ad0, 0x1acf, 0x22f0, 0x22f0, 0x1ad0, 
	0x1aaf, 0x22d0, 0xd6fc, 0xdf5d, 0x2b10, 0x1a6e, 0x128f, 0x12af, 0x12af, 0x12af, 0x1ad0, 0x22f0, 0x1ad0, 0x22d0, 0x1ad0, 0x22f0, 
	0x1ad0, 0x22d0, 0x12af, 0x128f, 0x128f, 0x1ad0, 0x126f, 0x128f, 0x0a6f, 0x128f, 0x0a6f, 0x12b0, 0x120c, 0x7d59, 0xffff, 0xffff, 
	0xffff, 0xffff, 0xffff, 0x84d4, 0x022e, 0x12b0, 0x128f, 0x1ad0, 0x128f, 0x22f0, 0x1ab0, 0x1ab0, 0x1ad0, 0x22f0, 0x1aaf, 0x1ad0, 
	0x1aef, 0x861c, 0x96de, 0x75da, 0x759a, 0x759a, 0x759a, 0x759a, 0x6d7a, 0x54b7, 0x54b7, 0x54b7, 0x4cb8, 0x4c97, 0x8536, 0xefff, 
	0xffff, 0xffff, 0xffff, 0xffff, 0xffff, 0xffff, 0xffdf, 0xf79e, 0xf79e, 0xf7be, 0xaefe, 0x7537, 0x6d9a, 0x6d9a, 0x759a, 0x759a, 
	0x759a, 0x6d7a, 0x6d9a, 0x6559, 0xc6bb, 0xefdf, 0xffff, 0xffff, 0xffff, 0xffff, 0xef7d, 0xe75d, 0x43d3, 0x122d, 0x1ad0, 0x1ad0, 
	0x22f0, 0x1ad0, 0x22f0, 0x1ad0, 0x1a8f, 0x22f0, 0xdefc, 0xef9e, 0xffff, 0xffff, 0xffff, 0xffff, 0xef9e, 0xcebb, 0x1aaf, 0x1aaf, 
	0x1ad0, 0x1ad0, 0x1ad0, 0x22f0, 0x1ad0, 0x1ad0, 0x1ad0, 0x1af0, 0x124d, 0x5c75, 0xef9d, 0xf7be, 0xffff, 0xffff, 0xffff, 0xffdf, 
	0xf75c, 0xf75c, 0xdfbf, 0xa5b7, 0x4477, 0x4497, 0x5413, 0xb71f, 0xffff, 0xffde, 0xf7be, 0xef7d, 0xdf9f, 0x63d0, 0x12af, 0x1af0, 
	0x1ad0, 0x22d0, 0x1ad0, 0x1aaf, 0x1acf, 0x863c, 0x96be, 0x75ba, 0x759a, 0x759a, 0x759a, 0x759a, 0x6d9a, 0x54b7, 0x54b7, 0x54b7, 
	0x4cb8, 0x4477, 0x84f5, 0xd77f, 0xef7d, 0xffff, 0xffff, 0xffff, 0xffff, 0xffff, 0xffff, 0xffff, 0xffdf, 0xef9e, 0xf79e, 0xffbe, 
	0xaede, 0x7538, 0x6d9a, 0x6559, 0xc69b, 0xefdf, 0xffdf, 0xffff, 0xffff, 0xffff, 0xffff, 0xffff, 0xef7d, 0xe73c, 0xffff, 0xffff, 
	0xf7be, 0xf79d, 0x43d3, 0x228e, 0x1af0, 0x1ab0, 0x1aaf, 0x22f0, 0x22f0, 0x1ad0, 0x1a8e, 0x3351, 0xffff, 0xffff, 0xffff, 0xffff, 
	0xef9e, 0xc67a, 0x128f, 0x1aaf, 0x1ab0, 0x22f0, 0x1acf, 0x22f0, 0x1aaf, 0x22f0, 0x1ad0, 0x1ad0, 0x122c, 0x5c76, 0xef9d, 0xf7be, 
	0x8dfa, 0x963b, 0x85ba, 0x7d79, 0x7d99, 0x7d79, 0xd6db, 0xefbf, 0xcebb, 0xbe59, 0x4bd3, 0x22ae, 0x22f0, 0x22f0, 0x2b10, 0x22f0, 
	0xa5b8, 0xbe7a, 0xf7bf, 0xef9e, 0x3351, 0x22af, 0x22d0, 0x22f0, 0x22f0, 0x22f0, 0x22d0, 0x22f0, 0x22d0, 0x22f0, 0x22d0, 0x22f0, 
	0x22ae, 0x4bf3, 0xcedc, 0xcedc, 0xcebc, 0xcedc, 0xcebc, 0xc69b, 0xbe7a, 0xc69b, 0xcebb, 0xcebc, 0xc6dc, 0x9d77, 0x4bf3, 0x5c34, 
	0x5434, 0x5434, 0x5bd2, 0x95d9, 0xbedd, 0x6c33, 0x1aaf, 0x22f0, 0x1ad0, 0x22f0, 0x1ad0, 0x1ad0, 0x22f0, 0x2310, 0x22d0, 0x22d0, 
	0x1aef, 0x863c, 0x96de, 0x75da, 0x759a, 0x759a, 0x759a, 0x759a, 0x759a, 0x6d59, 0x6559, 0x54b7, 0x4cb8, 0x4c97, 0x8536, 0xefff, 
	0xffff, 0xffff, 0xffff, 0xffff, 0xffff, 0xffff, 0xffdf, 0xf79e, 0xf79e, 0xf7be, 0xbf5f, 0x963b, 0x8e9d, 0x867d, 0x8e9d, 0x8e7d, 
	0x7e1b, 0x7599, 0x75ba, 0x759a, 0x8dfa, 0x963b, 0x85da, 0x7d79, 0x7d99, 0x7d79, 0xd6fc, 0xefbf, 0xc69b, 0xb639, 0x3b92, 0x22af, 
	0x22f0, 0x22d0, 0x22d0, 0x22f0, 0xa5b8, 0xbe7a, 0xf7df, 0xef9e, 0x6475, 0x5c13, 0x5434, 0x5434, 0x5413, 0x4bd3, 0x22d0, 0x22f0, 
	0x22d0, 0x22f0, 0x22d0, 0x22f0, 0x22d0, 0x22f0, 0x1ad0, 0x2310, 0x22cf, 0x3352, 0x53f3, 0x5413, 0x5414, 0x5c34, 0x5414, 0x53f3, 
	0x5390, 0xa61a, 0xffff, 0xef7e, 0xd73d, 0xd73d, 0xcf3e, 0x8d36, 0x4bf3, 0x5414, 0x53f3, 0x5413, 0x4bf4, 0x3330, 0x22d0, 0x22f0, 
	0x22d0, 0x22f0, 0x22d0, 0x22f0, 0x2310, 0x863c, 0x96de, 0x75da, 0x759a, 0x759a, 0x759a, 0x759a, 0x6d7a, 0x54b7, 0x54d7, 0x54b7, 
	0x54b7, 0x4c97, 0x8d36, 0xe7ff, 0xffdf, 0xffff, 0xffff, 0xffff, 0xffff, 0xffff, 0xffff, 0xf7be, 0xf7be, 0xf7be, 0xbf1e, 0x9df9, 
	0x85fb, 0x7599, 0x759a, 0x759a, 0x8dfa, 0x963b, 0x963b, 0x961b, 0xd71c, 0xefdf, 0xffff, 0xffff, 0xffdf, 0xffdf, 0xef9e, 0xef7e, 
	0x6cd6, 0x53d2, 0x2b31, 0x22d0, 0x22f0, 0x1ad0, 0x1ad0, 0x22f0, 0x22ef, 0x2b10, 0xadf9, 0xae19, 0x5c34, 0x5c34, 0x5c34, 0x5414, 
	0x5413, 0x4bd3, 0x1ad0, 0x1ad0, 0x1aaf, 0x22f0, 0x1acf, 0x22f0, 0x1aaf, 0x22f0, 0x1aaf, 0x22f0, 0x1aaf, 0x2b31, 0x4bf3, 0x5434, 
	0x759a, 0x6d9a, 0x5cf8, 0x4c76, 0x4c97, 0x4456, 0xc69b, 0xefff, 0xef7d, 0xef9d, 0x4c14, 0x1a6d, 0x1ab0, 0x1ad0, 0x22d0, 0x1acf, 
	0xceba, 0xef9e, 0xffff, 0xf7df, 0x3351, 0x22af, 0x1ad0, 0x22f0, 0x22f0, 0x22f0, 0x1ad0, 0x22f0, 0x22d0, 0x22f0, 0x1ad0, 0x22f0, 
	0x1a6e, 0x5434, 0xffff, 0xffff, 0xffff, 0xffff, 0xffff, 0xffff, 0xf7be, 0xffff, 0xffff, 0xffff, 0xffff, 0x9d76, 0x022e, 0x1ad0, 
	0x128f, 0x1ab0, 0x1a2c, 0x9e3b, 0xffff, 0x84b3, 0x0a6e, 0x1af0, 0x1aaf, 0x22f0, 0x12af, 0x1ad0, 0x22f0, 0x2310, 0x1ad0, 0x1ad0, 
	0x1aef, 0x861c, 0x96de, 0x75da, 0x759a, 0x759a, 0x759a, 0x759a, 0x759a, 0x759a, 0x6d9a, 0x54b7, 0x4cb8, 0x4c97, 0x8536, 0xefff, 
	0xffff, 0xffff, 0xffff, 0xffff, 0xffff, 0xffff, 0xffdf, 0xef9e, 0xf79e, 0xf7be, 0xbf9f, 0xa6bc, 0x96fe, 0x96fe, 0x96fe, 0x96de, 
	0x861c, 0x6d79, 0x759a, 0x759a, 0x759a, 0x6d9a, 0x5cf8, 0x4c76, 0x4c97, 0x4476, 0xcebb, 0xefff, 0xef7d, 0xef7d, 0x43d3, 0x1a8e, 
	0x22f0, 0x1ad0, 0x1acf, 0x22d0, 0xd6db, 0xef9e, 0xffff, 0xf7be, 0x22f0, 0x1a8f, 0x12b0, 0x1ab0, 0x1aaf, 0x1ad0, 0x22d0, 0x22f0, 
	0x1ad0, 0x22f0, 0x1ad0, 0x22f0, 0x1ad0, 0x1ad0, 0x1aaf, 0x22f0, 0x1aaf, 0x1ad0, 0x128f, 0x128f, 0x126f, 0x1ad0, 0x0a8f, 0x0a8f, 
	0x122c, 0x859a, 0xffff, 0xffff, 0xffff, 0xffff, 0xffff, 0x7c93, 0x022e, 0x12b0, 0x1aaf, 0x1ad0, 0x1aaf, 0x1ad0, 0x1ad0, 0x22f0, 
	0x1ad0, 0x22f0, 0x22d0, 0x22d0, 0x1b10, 0x863c, 0x96be, 0x75ba, 0x759a, 0x759a, 0x759a, 0x759a, 0x6d7a, 0x54b7, 0x54b7, 0x54b7, 
	0x4cb8, 0x4c97, 0x8d36, 0xefff, 0xffff, 0xffff, 0xffff, 0xffff, 0xffff, 0xffff, 0xffdf, 0xef9e, 0xf79e, 0xf7be, 0xaede, 0x7537, 
	0x75ba, 0x6d9a, 0x759a, 0x759a, 0x759a, 0x6d7a, 0x759a, 0x6d59, 0xcebb, 0xefdf, 0xffff, 0xffff, 0xffff, 0xffff, 0xef7d, 0xe75d, 
	0x3bb3, 0x126d, 0x22f0, 0x1ad0, 0x22f0, 0x1acf, 0x1ad0, 0x1af0, 0x22af, 0x2b10, 0xdf3d, 0xd71c, 0x22f0, 0x1aaf, 0x1aaf, 0x12af, 
	0x1aaf, 0x1ad0, 0x22f0, 0x22f0, 0x1ad0, 0x22f0, 0x22d0, 0x22f0, 0x1ad0, 0x22f0, 0x1aaf, 0x22f0, 0x1aaf, 0x128f, 0x128f, 0x1ad0, 
	0x75ba, 0x759a, 0x757a, 0x6d79, 0x5d18, 0x54b7, 0x6d38, 0x7559, 0xd6fc, 0xefbf, 0xc6bb, 0xbe5a, 0x3b92, 0x22af, 0xa5b8, 0xbe7b, 
	0xe73c, 0xe73c, 0x6475, 0x53d2, 0x2b11, 0x22f0, 0x22f0, 0x22f0, 0x22f0, 0x22f0, 0x22f0, 0x2b11, 0x22f0, 0x22f0, 0x22cf, 0x4bd3, 
	0xcedc, 0xdf3d, 0xffff, 0xffff, 0xffff, 0xffff, 0xffff, 0xffff, 0xf7ff, 0xcedc, 0x7d17, 0xaebd, 0xffff, 0xef7d, 0xc6fd, 0x84d5, 
	0x1aaf, 0x2311, 0x22d0, 0x43d3, 0x53d1, 0x9e1a, 0xd6dc, 0xd6fc, 0xd6fc, 0xd6fc, 0xc71e, 0x5bb1, 0x1ad0, 0x2b11, 0x22f0, 0x6d79, 
	0x7e1b, 0x96bd, 0x96be, 0x7dda, 0x759a, 0x759a, 0x75ba, 0x75ba, 0x759a, 0x759a, 0x759a, 0x5cd7, 0x54d8, 0x4cb7, 0x8d36, 0xefff, 
	0xffff, 0xffff, 0xffff, 0xffff, 0xffff, 0xf7be, 0xf7be, 0xf7de, 0xae7c, 0x5390, 0x4c14, 0x3bb3, 0x3bd3, 0x3392, 0x6d58, 0x9efe, 
	0x96bd, 0x8e9d, 0x861b, 0x759a, 0x7dba, 0x759a, 0x759a, 0x6d79, 0x5d18, 0x54b7, 0x6d38, 0x7559, 0xd6fc, 0xefbf, 0xc69b, 0xbe5a, 
	0x4392, 0x2acf, 0xa5d8, 0xbe7b, 0xe73c, 0xe73c, 0x6475, 0x4bd2, 0x22f0, 0x22f0, 0x22f0, 0x22f0, 0x22f0, 0x22f0, 0x22f0, 0x2b11, 
	0x22f0, 0x22f0, 0x22f0, 0x2311, 0x22ae, 0x5414, 0xcefc, 0xcefc, 0xcedc, 0xcedc, 0xcedc, 0xcebc, 0xc67a, 0xcebb, 0xcedc, 0xcedc, 
	0xc6fd, 0x9577, 0x4bd2, 0x5414, 0x5413, 0x5434, 0x53d1, 0x9dfa, 0xc6fd, 0x6c32, 0x1aaf, 0x2311, 0x22d0, 0x22f0, 0x22d0, 0x2b11, 
	0x22f0, 0x22f0, 0x22f0, 0x22f0, 0x2310, 0x8e5c, 0x96de, 0x75da, 0x75ba, 0x75ba, 0x759a, 0x759a, 0x759a, 0x6d79, 0x6d5a, 0x54b7, 
	0x54b8, 0x4c97, 0x8d56, 0xefff, 0xffff, 0xffff, 0xffff, 0xffff, 0xffff, 0xffff, 0xffdf, 0xf79e, 0xf79e, 0xf7be, 0xb75f, 0x9e5b, 
	0x8ebd, 0x8e9d, 0x8e9d, 0x8e9d, 0x861b, 0x759a, 0x7dba, 0x759a, 0x8dfa, 0x8e1b, 0x85ba, 0x7d79, 0x7d79, 0x7d79, 0xd6fc, 0xefbf, 
	0xc69b, 0xbe39, 0x43b2, 0x22cf, 0x2311, 0x22d0, 0x22cf, 0x2b11, 0xadf8, 0xbe7a, 0xf7df, 0xe77d, 0x3331, 0x2b10, 0x2310, 0x22f0, 
	0x22f0, 0x2b10, 0x22f0, 0x2310, 0x22f0, 0x2b10, 0x22f0, 0x2b11, 0x22ae, 0x5455, 0xcedc, 0xcedc, 0xcedc, 0xcedc, 0xcedc, 0xcebb, 
	0x75ba, 0x759a, 0x759a, 0x759a, 0x6519, 0x54b7, 0x54b7, 0x4c76, 0xcebb, 0xefdf, 0xef7d, 0xef7d, 0x43b2, 0x228e, 0xce9a, 0xef9e, 
	0xe75d, 0xdf3c, 0x3351, 0x1a8e, 0x22f0, 0x1ad0, 0x22d0, 0x22f0, 0x22d0, 0x22d0, 0x1ad0, 0x22f0, 0x1ad0, 0x22f0, 0x1a8e, 0x4c14, 
	0xffff, 0xffff, 0xffff, 0xffff, 0xffff, 0xffff, 0xffff, 0xffff, 0xf7ff, 0xbe9b, 0x4c14, 0x963c, 0xffff, 0xffff, 0xffff, 0x9d56, 
	0x126f, 0x22f0, 0x1ad0, 0x1af0, 0x1a4c, 0xa67c, 0xffff, 0xffff, 0xffff, 0xffff, 0xf7ff, 0x63f1, 0x12af, 0x22f0, 0x1acf, 0x861c, 
	0x971e, 0x96dd, 0x96be, 0x75da, 0x759a, 0x759a, 0x759a, 0x759a, 0x759a, 0x759a, 0x6d9a, 0x54b7, 0x4cb8, 0x4c97, 0x8536, 0xefff, 
	0xffff, 0xffff, 0xffff, 0xffff, 0xffff, 0xef9e, 0xf79e, 0xffdf, 0x961b, 0x1a4c, 0x1af0, 0x12af, 0x1ad0, 0x126e, 0x54d6, 0x9eff, 
	0x96dd, 0x96de, 0x863c, 0x6d99, 0x759a, 0x759a, 0x759a, 0x759a, 0x5d18, 0x5497, 0x4c97, 0x4c76, 0xcedb, 0xefdf, 0xef7d, 0xef7d, 
	0x43b2, 0x22ae, 0xcebb, 0xef9e, 0xe75d, 0xdf1c, 0x2b31, 0x126e, 0x1ad0, 0x1af0, 0x22d0, 0x22f0, 0x1ad0, 0x22f0, 0x22d0, 0x22f0, 
	0x1ad0, 0x22f0, 0x1ad0, 0x22f0, 0x226d, 0x5c75, 0xffff, 0xffff, 0xffff, 0xffff, 0xffff, 0xffff, 0xf7be, 0xffff, 0xffff, 0xffff, 
	0xffff, 0x9d56, 0x0a4e, 0x1ab0, 0x128f, 0x1ad0, 0x222b, 0xa65c, 0xffff, 0x7c73, 0x128f, 0x22f0, 0x1ad0, 0x1ad0, 0x1ad0, 0x22f0, 
	0x1ad0, 0x22f0, 0x22d0, 0x22d0, 0x22f0, 0x863c, 0x96be, 0x75ba, 0x759a, 0x759a, 0x759a, 0x759a, 0x759a, 0x759a, 0x759a, 0x54b7, 
	0x4cb8, 0x4c97, 0x8d36, 0xefff, 0xffff, 0xffff, 0xffff, 0xffff, 0xffff, 0xffff, 0xffdf, 0xf79e, 0xf79e, 0xf7be, 0xbf7f, 0x9e9c, 
	0x96fe, 0x8ede, 0x96dd, 0x96de, 0x861c, 0x6d9a, 0x759a, 0x759a, 0x759a, 0x759a, 0x5cf8, 0x4c96, 0x4c97, 0x4c76, 0xcedb, 0xefdf, 
	0xef7d, 0xef7d, 0x43d3, 0x22ae, 0x22f0, 0x1ad0, 0x1aaf, 0x2b10, 0xd6fb, 0xef9e, 0xffff, 0xef9e, 0x2b10, 0x22cf, 0x1ad0, 0x1ad0, 
	0x1ad0, 0x22f0, 0x1ad0, 0x1ad0, 0x1acf, 0x22f0, 0x1ad0, 0x1af0, 0x1a6d, 0x6496, 0xffff, 0xffff, 0xffff, 0xffff, 0xffff, 0xffff, 
	0x861c, 0x759a, 0x75ba, 0x75ba, 0x6519, 0x54b7, 0x54d8, 0x54b7, 0x6d38, 0x6d38, 0xd6fc, 0xefbf, 0xcebb, 0xc67a, 0xf7be, 0xffff, 
	0x5c54, 0x4391, 0x2b11, 0x22f0, 0x22f0, 0x22d0, 0x22f0, 0x22f0, 0x22f0, 0x22f0, 0x22f0, 0x22f0, 0x22cf, 0x43b3, 0xd71c, 0xdf5e, 
	0xffff, 0xffdf, 0xef5d, 0xef7d, 0xe77e, 0xdf3d, 0xa6fe, 0x9ebd, 0x8e1b, 0x85fa, 0x6d59, 0x757a, 0x7516, 0xaebd, 0xffff, 0xef7d, 
	0xcf1e, 0x7c94, 0x1a8f, 0x2311, 0x22cf, 0x3bb2, 0x4bd3, 0x4bf3, 0x4bd3, 0x4bf3, 0x5390, 0xae5c, 0xcf3e, 0xa63a, 0x7e1b, 0x8ebd, 
	0x96de, 0x7e1b, 0x7dda, 0x75ba, 0x759a, 0x759a, 0x759a, 0x759a, 0x759a, 0x759a, 0x759a, 0x54b7, 0x54b7, 0x54b7, 0x5cd7, 0x6d59, 
	0xa5d8, 0xefff, 0xffff, 0xffff, 0xffff, 0xf79e, 0xf79e, 0xffdf, 0xa65c, 0x3b30, 0x3bb3, 0x3393, 0x3352, 0x1ad0, 0x3372, 0x3372, 
	0x6578, 0x9efe, 0x96bd, 0x8e9d, 0x85fc, 0x759a, 0x75ba, 0x759a, 0x5d18, 0x54b7, 0x54b7, 0x54b7, 0x6d38, 0x6d38, 0xd71c, 0xefbf, 
	0xcebb, 0xc67a, 0xf7df, 0xf7df, 0x5c34, 0x4391, 0x2b11, 0x1ad0, 0x22d0, 0x22f0, 0x22f0, 0x22f0, 0x22f0, 0x22f0, 0x22d0, 0x22f0, 
	0x22f0, 0x22f0, 0x22ae, 0x4bf4, 0xd71c, 0xe77e, 0xffff, 0xffff, 0xffff, 0xffff, 0xffff, 0xffff, 0xf7ff, 0xcedc, 0x74f6, 0xaebd, 
	0xffff, 0xef7d, 0xcf1e, 0x7cb4, 0x128f, 0x2310, 0x22cf, 0x3bb3, 0x4b91, 0xa61b, 0xdf1c, 0xdf1d, 0xdf1c, 0xdf1d, 0xcf5f, 0x5bd1, 
	0x1aaf, 0x22f0, 0x22ef, 0x759a, 0x863b, 0x96bd, 0x96be, 0x75da, 0x759a, 0x759a, 0x759a, 0x759a, 0x759a, 0x759a, 0x759a, 0x54b7, 
	0x54b7, 0x4c97, 0x8d36, 0xefff, 0xffff, 0xffff, 0xffff, 0xffff, 0xffff, 0xf79e, 0xf7be, 0xf7de, 0xa65b, 0x4b70, 0x3bb3, 0x3392, 
	0x3bd3, 0x3372, 0x6558, 0x9efe, 0x96bd, 0x8e9d, 0x861b, 0x7599, 0x759a, 0x759a, 0x759a, 0x6d79, 0x5cf8, 0x54b7, 0x6d38, 0x6d38, 
	0xd71c, 0xefbf, 0xcebb, 0xc67a, 0x3b72, 0x22cf, 0xadf9, 0xc6bb, 0xe75d, 0xdf1c, 0x5414, 0x4bb2, 0x22f0, 0x22f0, 0x22f0, 0x22d0, 
	0x22d0, 0x22f0, 0x22d0, 0x22f0, 0x1ad0, 0x22f0, 0x1a8e, 0x5414, 0xd6fc, 0xe75d, 0xffff, 0xffff, 0xffff, 0xffff, 0xffff, 0xffff, 
	0x863c, 0x6d99, 0x759a, 0x759a, 0x5d18, 0x5497, 0x54b7, 0x54b7, 0x54b7, 0x4c76, 0xcedb, 0xefdf, 0xef5d, 0xef5c, 0xffff, 0xffff, 
	0x3b92, 0x1a8e, 0x1ad0, 0x1ad0, 0x22d0, 0x1ad0, 0x1ad0, 0x22f0, 0x1ad0, 0x1ad0, 0x1ad0, 0x22f0, 0x228e, 0x4bd3, 0xffff, 0xffff, 
	0xffff, 0xffdf, 0xe73c, 0xe73c, 0xdf5d, 0xd71c, 0x8ebe, 0x865c, 0x6d79, 0x759a, 0x75bb, 0x6539, 0x5434, 0x965c, 0xffff, 0xffff, 
	0xffff, 0x9515, 0x128f, 0x22f1, 0x1ad0, 0x1ad0, 0x128f, 0x1ad0, 0x12af, 0x1ad0, 0x224c, 0xbefe, 0xf7ff, 0xc6fc, 0x8ede, 0x8ede, 
	0x96be, 0x75da, 0x759a, 0x759a, 0x759a, 0x759a, 0x759a, 0x759a, 0x759a, 0x759a, 0x6d9a, 0x54b7, 0x54b7, 0x54b7, 0x4cd8, 0x4477, 
	0x8516, 0xefff, 0xffff, 0xffff, 0xffff, 0xef9e, 0xf79d, 0xf7be, 0x9e5c, 0x3b50, 0x3bd4, 0x3393, 0x2b52, 0x1aaf, 0x22f0, 0x126e, 
	0x5cf7, 0x96de, 0x96dd, 0x96de, 0x861c, 0x6d9a, 0x759a, 0x759a, 0x5d18, 0x5497, 0x54b7, 0x54b7, 0x54b7, 0x4c96, 0xcefc, 0xefbf, 
	0xef5d, 0xef5c, 0xffff, 0xf7df, 0x3351, 0x1a8e, 0x1af0, 0x1ab0, 0x1acf, 0x22f0, 0x22d0, 0x22f0, 0x22d0, 0x22f0, 0x22d0, 0x22f0, 
	0x1ad0, 0x22f0, 0x228e, 0x5435, 0xffff, 0xffff, 0xffff, 0xffff, 0xffff, 0xffff, 0xffff, 0xffff, 0xf7ff, 0xbe7b, 0x4c14, 0x965d, 
	0xffff, 0xffff, 0xffff, 0x9535, 0x128f, 0x22f1, 0x1ad0, 0x1af0, 0x1a4c, 0xa67d, 0xffff, 0xffff, 0xffff, 0xffff, 0xf7ff, 0x63f1, 
	0x1aaf, 0x1af0, 0x1aef, 0x863c, 0x96fe, 0x96dd, 0x8ebd, 0x75ba, 0x759a, 0x759a, 0x759a, 0x759a, 0x759a, 0x759a, 0x6d7a, 0x54b7, 
	0x4cb8, 0x4c97, 0x8d36, 0xefff, 0xffff, 0xffff, 0xffff, 0xffff, 0xffff, 0xef9e, 0xf79e, 0xffdf, 0x8dda, 0x1a4c, 0x12b0, 0x12b0, 
	0x22f0, 0x126e, 0x54f6, 0x96fe, 0x96dd, 0x96de, 0x863c, 0x7599, 0x759a, 0x759a, 0x75ba, 0x759a, 0x5cf8, 0x54b7, 0x54b7, 0x4c96, 
	0xd6fc, 0xefbf, 0xef7d, 0xef5d, 0x4392, 0x22cf, 0xd6db, 0xef9e, 0xe75d, 0xd6fb, 0x2310, 0x1aaf, 0x22d0, 0x22f0, 0x22d0, 0x22d0, 
	0x1ad0, 0x22f0, 0x22d0, 0x22d0, 0x1ad0, 0x22f0, 0x228e, 0x5c75, 0xffff, 0xffff, 0xffff, 0xffff, 0xffff, 0xffff, 0xffff, 0xffff, 
	0x863c, 0x6d99, 0x759a, 0x759a, 0x759a, 0x6d7a, 0x5d18, 0x54b7, 0x54d7, 0x54b7, 0x6518, 0x6d38, 0x43d3, 0x3b92, 0x43b3, 0x4392, 
	0x22f0, 0x22d0, 0x22f0, 0x22f0, 0x22f0, 0x22d0, 0x22d0, 0x22f0, 0x22f0, 0x22d0, 0x1ad0, 0x22f0, 0x22ae, 0x4bd3, 0xffff, 0xffff, 
	0xef5d, 0xef5d, 0xdf5d, 0xd71c, 0x9edd, 0x9edd, 0x96de, 0x867c, 0x757a, 0x759a, 0x759a, 0x759a, 0x6d7a, 0x6d5a, 0x74f6, 0xa67c, 
	0xef7d, 0xe73c, 0xcf5f, 0x7494, 0x128f, 0x22f0, 0x1ad0, 0x22f0, 0x1ad0, 0x22f0, 0x1aae, 0x85fb, 0xa71f, 0x9edd, 0x96de, 0x7e1b, 
	0x75ba, 0x759a, 0x759a, 0x759a, 0x759a, 0x759a, 0x759a, 0x759a, 0x759a, 0x759a, 0x6d9a, 0x54b7, 0x54b7, 0x54b7, 0x54d8, 0x4c97, 
	0x8d36, 0xefff, 0xffff, 0xf7be, 0xf79e, 0xef7d, 0xae7c, 0x5c12, 0x4c35, 0x3393, 0x3393, 0x22f0, 0x22f0, 0x1ad0, 0x2310, 0x1acf, 
	0x2b31, 0x2b31, 0x6558, 0x9efe, 0x861b, 0x6d99, 0x759a, 0x759a, 0x759a, 0x6d7a, 0x5cf8, 0x54b7, 0x54d7, 0x54b7, 0x6518, 0x6d38, 
	0x4bf3, 0x3b72, 0x43b2, 0x4392, 0x22f0, 0x22d0, 0x22f0, 0x1ad0, 0x22d0, 0x22f0, 0x22f0, 0x22f0, 0x22f0, 0x22f0, 0x22f0, 0x2311, 
	0x22af, 0x4bd3, 0xdf3d, 0xe77e, 0xffff, 0xffdf, 0xef5d, 0xef7d, 0xe79e, 0xd73d, 0xa6fe, 0x9e9c, 0x85fb, 0x85da, 0x6d7a, 0x6d59, 
	0x74f6, 0xaede, 0xffff, 0xf79d, 0xd75f, 0x7c94, 0x1aaf, 0x2311, 0x22cf, 0x3b92, 0x43b2, 0x4bd3, 0x43b3, 0x43b3, 0x4b70, 0xb69c, 
	0xcf7f, 0xa63a, 0x7e3b, 0x8ebd, 0x96de, 0x7e1b, 0x75ba, 0x759a, 0x75ba, 0x75ba, 0x759a, 0x759a, 0x759a, 0x759a, 0x759a, 0x54b7, 
	0x54d7, 0x54b7, 0x5cd8, 0x6539, 0xa5d8, 0xf7ff, 0xffff, 0xffff, 0xffff, 0xf79e, 0xf79e, 0xffdf, 0x9e3c, 0x3b30, 0x3393, 0x3393, 
	0x3372, 0x1ad0, 0x2b51, 0x2b52, 0x6d78, 0x9efe, 0x96dd, 0x8ebd, 0x7dfb, 0x759a, 0x75ba, 0x759a, 0x5cf8, 0x54b7, 0x54d8, 0x54b7, 
	0x6d18, 0x6d38, 0xdf1c, 0xefbf, 0xcebb, 0xce9a, 0xf7df, 0xf7df, 0x5414, 0x3b71, 0x22f0, 0x22f0, 0x22f0, 0x22f0, 0x22f0, 0x22f0, 
	0x22d0, 0x22f0, 0x22f0, 0x22f0, 0x22ae, 0x4bf4, 0xdf3d, 0xe77e, 0xffff, 0xffdf, 0xef5d, 0xef7d, 0xe79e, 0xd73c, 0xa6fe, 0x9ebd, 
	0x863c, 0x7599, 0x759a, 0x759a, 0x75ba, 0x75ba, 0x5d18, 0x54b7, 0x54d7, 0x54b7, 0x54b7, 0x4c97, 0x2311, 0x1aaf, 0x22d0, 0x1aaf, 
	0x22d0, 0x22d0, 0x22f0, 0x22f0, 0x22f0, 0x22d0, 0x22f0, 0x22f0, 0x22f0, 0x22f0, 0x22f0, 0x22f0, 0x22ae, 0x4bf3, 0xffff, 0xffdf, 
	0xe73c, 0xe73c, 0xdf7d, 0xd71c, 0x8ebd, 0x96de, 0x96de, 0x867c, 0x759a, 0x75ba, 0x759a, 0x7dba, 0x75bb, 0x6539, 0x5454, 0x963c, 
	0xef3c, 0xf7be, 0xf7ff, 0x8d15, 0x1aaf, 0x2311, 0x22d0, 0x2310, 0x22d0, 0x2311, 0x1aef, 0x75ba, 0x96fe, 0x96dd, 0x96be, 0x75da, 
	0x759a, 0x7dba, 0x7dba, 0x7dba, 0x75ba, 0x7dba, 0x7dba, 0x7dba, 0x7dba, 0x759a, 0x759a, 0x54b7, 0x54b7, 0x54b7, 0x54d8, 0x4c97, 
	0x8d36, 0xe7ff, 0xf7de, 0xef7d, 0xef7d, 0xe75c, 0x9e3c, 0x3b30, 0x33b4, 0x33b4, 0x3372, 0x1acf, 0x22f0, 0x22d0, 0x2311, 0x22d0, 
	0x22f0, 0x1aaf, 0x6538, 0x9eff, 0x861c, 0x7599, 0x75ba, 0x759a, 0x7dba, 0x759a, 0x5cf8, 0x54b7, 0x54d7, 0x54b7, 0x54b7, 0x54b7, 
	0x2b31, 0x1aaf, 0x1ad0, 0x1aaf, 0x22d0, 0x22f0, 0x2310, 0x1ad0, 0x1ad0, 0x22f0, 0x22d0, 0x22f0, 0x22d0, 0x22f0, 0x22f0, 0x22f0, 
	0x22ae, 0x4c14, 0xffff, 0xffff, 0xffff, 0xf7be, 0xe73c, 0xe73c, 0xdf7d, 0xcefc, 0x8ebe, 0x865c, 0x6d7a, 0x75ba, 0x75bb, 0x6519, 
	0x5434, 0x9e7d, 0xffff, 0xffff, 0xf7ff, 0x8d15, 0x1aaf, 0x2311, 0x1ad0, 0x1ad0, 0x1aaf, 0x22f0, 0x12af, 0x1ad0, 0x2a6c, 0xc71e, 
	0xefff, 0xbedc, 0x8ede, 0x8ede, 0x96be, 0x75da, 0x757a, 0x759a, 0x759a, 0x759a, 0x759a, 0x759a, 0x759a, 0x759a, 0x6d7a, 0x54b7, 
	0x54b7, 0x54b7, 0x54d8, 0x4476, 0x8d57, 0xefff, 0xffff, 0xffff, 0xffdf, 0xef9e, 0xf79d, 0xf7be, 0x9e3c, 0x3b50, 0x3393, 0x33b3, 
	0x3372, 0x1ad0, 0x22d0, 0x128f, 0x5d17, 0x96de, 0x96dd, 0x96de, 0x7e1c, 0x759a, 0x75ba, 0x759a, 0x5cf8, 0x54b7, 0x54d7, 0x54b7, 
	0x54b7, 0x4c97, 0xd6fc, 0xefbf, 0xef5c, 0xe75c, 0xf7ff, 0xf7bf, 0x3351, 0x1aaf, 0x1ad0, 0x22f0, 0x22f0, 0x22f0, 0x22f0, 0x22d0, 
	0x22d0, 0x22f0, 0x22f0, 0x22f0, 0x228e, 0x5434, 0xffff, 0xffff, 0xffff, 0xf7be, 0xe73c, 0xe73c, 0xdf7e, 0xcefc, 0x8ebe, 0x865c, 
	0x863c, 0x7599, 0x759a, 0x759a, 0x75ba, 0x759a, 0x5d18, 0x54b7, 0x54d8, 0x54b7, 0x54d8, 0x54b7, 0x2b31, 0x22f0, 0x2311, 0x22f0, 
	0x22f0, 0x22f0, 0x22f0, 0x22f0, 0x22f0, 0x22f0, 0x22f0, 0x2310, 0x22f0, 0x22f0, 0x22f0, 0x2311, 0x22af, 0x4bf3, 0xffff, 0xffdf, 
	0xe73c, 0xef7d, 0xf7ff, 0xe79e, 0x8ebd, 0x96de, 0x96dd, 0x96dd, 0x8ebd, 0x865c, 0x759a, 0x7dba, 0x759a, 0x759a, 0x759a, 0x6d59, 
	0x6cd5, 0xa69c, 0xef9d, 0xdefb, 0xc6fd, 0x6c32, 0x1aaf, 0x2311, 0x1acf, 0x6d59, 0x867c, 0x8ebd, 0x96de, 0x7e1b, 0x75bb, 0x75ba, 
	0x8578, 0xcf9f, 0xf7bf, 0xf7bf, 0xefbf, 0xefbf, 0xf7bf, 0xf7bf, 0xd7bf, 0x8d98, 0x6d9a, 0x54d7, 0x54b7, 0x54b7, 0x54d7, 0x54d7, 
	0x5cb7, 0x4c55, 0x4c35, 0x4c34, 0x5455, 0x4c34, 0x4415, 0x3bb3, 0x3bd4, 0x3bb3, 0x3393, 0x22d0, 0x22f0, 0x22f0, 0x2b11, 0x1aaf, 
	0x5cd6, 0x8e7d, 0x8ebd, 0x96de, 0x861c, 0x759a, 0x75ba, 0x759a, 0x7dba, 0x759a, 0x5cf8, 0x54b7, 0x54d8, 0x54b7, 0x54d7, 0x54d7, 
	0x3352, 0x22d0, 0x2310, 0x22f0, 0x22f0, 0x2310, 0x2311, 0x22d0, 0x22d0, 0x22f0, 0x22f0, 0x22f0, 0x22f0, 0x22f0, 0x22f0, 0x2311, 
	0x22ae, 0x4c14, 0xffff, 0xffff, 0xef5d, 0xef5d, 0xdf5d, 0xd71c, 0x9edd, 0x9edd, 0x96de, 0x865c, 0x759a, 0x7dba, 0x759a, 0x759a, 
	0x6d9a, 0x6d79, 0x74d6, 0xa69c, 0xf77d, 0xef5d, 0xd77f, 0x7473, 0x128f, 0x22f0, 0x22f0, 0x2311, 0x22d0, 0x22f0, 0x1acf, 0x861c, 
	0xa71e, 0x9edd, 0x96be, 0x7dfb, 0x75ba, 0x759a, 0x759a, 0x759a, 0x759a, 0x759a, 0x759a, 0x759a, 0x759a, 0x759a, 0x759a, 0x54b7, 
	0x54d7, 0x54b7, 0x54d8, 0x4c97, 0x9577, 0xf7ff, 0xffff, 0xffbe, 0xf79e, 0xef7d, 0xae7c, 0x5bf2, 0x4c35, 0x3bb3, 0x2b52, 0x22f0, 
	0x2b11, 0x22d0, 0x22f0, 0x22d0, 0x2b31, 0x2b31, 0x6d99, 0x9efe, 0x861b, 0x759a, 0x75ba, 0x759a, 0x759a, 0x757a, 0x5cf8, 0x54b7, 
	0x54d7, 0x54b7, 0x6518, 0x6d18, 0x43d3, 0x3371, 0x3b92, 0x3b92, 0x2b11, 0x22d0, 0x22f0, 0x22f0, 0x22f0, 0x22f0, 0x22f0, 0x22f0, 
	0x22f0, 0x2310, 0x22f0, 0x2310, 0x22ae, 0x5435, 0xffff, 0xffdf, 0xef5d, 0xef5d, 0xdf5d, 0xd71c, 0x9edd, 0x9edd, 0x96de, 0x865c, 
	0x861c, 0x6d9a, 0x759a, 0x759a, 0x759a, 0x759a, 0x5d18, 0x5497, 0x54b7, 0x54b7, 0x54d7, 0x54b7, 0x2b31, 0x22f0, 0x22f0, 0x1ad0, 
	0x22d0, 0x22d0, 0x22f0, 0x22d0, 0x1ad0, 0x1acf, 0x1acf, 0x1ad0, 0x1ad0, 0x1ad0, 0x1ab0, 0x1ad0, 0x1a8e, 0x43d3, 0xffff, 0xffff, 
	0xe73c, 0xef7d, 0xf7ff, 0xe79e, 0x96bd, 0x9ede, 0x96de, 0x96de, 0x96de, 0x867c, 0x759a, 0x75ba, 0x759a, 0x759a, 0x6dbb, 0x6539, 
	0x5434, 0x963c, 0xe73c, 0xe73c, 0xe7bf, 0x7c73, 0x1ad0, 0x2b31, 0x1aef, 0x75ba, 0x96fe, 0x8ebd, 0x96bd, 0x7dfb, 0x75ba, 0x75bb, 
	0x8d98, 0xdfff, 0xffff, 0xffff, 0xffff, 0xffff, 0xffff, 0xffff, 0xdfff, 0x9598, 0x6d9a, 0x54d7, 0x54d7, 0x54d7, 0x5cd8, 0x54d7, 
	0x5497, 0x2b72, 0x2b73, 0x2b73, 0x33b3, 0x3373, 0x3393, 0x3393, 0x33b3, 0x3393, 0x3372, 0x1aaf, 0x1ad0, 0x1aaf, 0x22f0, 0x128e, 
	0x5d17, 0x9eff, 0x96de, 0x8ebd, 0x7e1c, 0x6d79, 0x759a, 0x759a, 0x759a, 0x759a, 0x5cf8, 0x4c97, 0x54b7, 0x4c97, 0x4cb7, 0x54b7, 
	0x2b52, 0x1ad0, 0x1ad0, 0x1aaf, 0x1acf, 0x1ad0, 0x1af0, 0x1aaf, 0x1aaf, 0x1ad0, 0x1ad0, 0x1ad0, 0x1ad0, 0x1ad0, 0x1ad0, 0x1af0, 
	0x1a8e, 0x4bf3, 0xffff, 0xffdf, 0xe73c, 0xe73c, 0xdf7e, 0xd71c, 0x8ebd, 0x96de, 0x96de, 0x865c, 0x759a, 0x75ba, 0x759a, 0x759a, 
	0x6dbb, 0x6539, 0x5454, 0x961c, 0xe71c, 0xf7be, 0xf7ff, 0x84d4, 0x1ad0, 0x22f0, 0x1aaf, 0x22f0, 0x1ab0, 0x22f1, 0x1af0, 0x7ddb, 
	0x96de, 0x8ebd, 0x8ebe, 0x75da, 0x757a, 0x7dba, 0x7dba, 0x7dba, 0x7dba, 0x7dba, 0x7dba, 0x7dba, 0x75ba, 0x759a, 0x6d7a, 0x54b7, 
	0x4cb7, 0x4c97, 0x4cb7, 0x4c97, 0x8d57, 0xe7ff, 0xf7be, 0xef5d, 0xe73c, 0xe73c, 0x95fb, 0x3b30, 0x33b4, 0x3393, 0x2331, 0x12af, 
	0x22f0, 0x1aaf, 0x1ad0, 0x1aaf, 0x22f0, 0x1aaf, 0x6558, 0x96ff, 0x7dfb, 0x6d9a, 0x759a, 0x759a, 0x759a, 0x759a, 0x5cf8, 0x4c97, 
	0x54b7, 0x54b7, 0x4cb7, 0x4c97, 0x2311, 0x128f, 0x128f, 0x1ab0, 0x1ad0, 0x1acf, 0x1acf, 0x1ad0, 0x22d0, 0x22f0, 0x1ad0, 0x1ad0, 
	0x1ad0, 0x22f0, 0x1ad0, 0x1af0, 0x1a8e, 0x5434, 0xffff, 0xffdf, 0xe73c, 0xe73c, 0xdf7e, 0xd71c, 0x8ebd, 0x8edd, 0x96de, 0x867c, 
	0x75ba, 0x759a, 0x759a, 0x759a, 0x759a, 0x759a, 0x5d18, 0x5497, 0x54d7, 0x54b7, 0x54d7, 0x54b7, 0x4c96, 0x4c97, 0x2b51, 0x1ad0, 
	0x22d0, 0x22d0, 0x22f0, 0x22d0, 0x1ad0, 0x1acf, 0x1ad0, 0x1ad0, 0x1ad0, 0x1ad0, 0x1ad0, 0x1ad0, 0x1a8e, 0x43d3, 0xffff, 0xffff, 
	0xffff, 0xf7be, 0xe75c, 0xef7d, 0xffff, 0xffff, 0xefff, 0xdf7e, 0x8ebd, 0x96de, 0x8ebd, 0x865c, 0x6d7a, 0x759a, 0x759a, 0x6539, 
	0x4c97, 0x54d8, 0x64b5, 0xa67c, 0xef7d, 0xdefb, 0xc71d, 0xae5a, 0x7e5c, 0x8ebd, 0x8ebe, 0x75fb, 0x8578, 0xc77f, 0xf7df, 0xf7bf, 
	0xf7be, 0xffff, 0xffff, 0xffff, 0xffff, 0xf7be, 0xf79e, 0xef5d, 0xe75d, 0xdf1c, 0xdf1c, 0xd6fc, 0xd6fc, 0xd6fc, 0xdefc, 0xdf1c, 
	0xa67d, 0x4370, 0x2b93, 0x2b93, 0x3bb4, 0x3393, 0x3393, 0x3393, 0x33b3, 0x3393, 0x3372, 0x1aaf, 0x1ad0, 0x1aaf, 0x22f0, 0x126e, 
	0x5cf7, 0x9eff, 0x863c, 0x75ba, 0x75ba, 0x759a, 0x759a, 0x759a, 0x759a, 0x759a, 0x5cf8, 0x4c97, 0x54b7, 0x4c97, 0x4cb7, 0x4cb7, 
	0x4c97, 0x4c76, 0x2311, 0x1aaf, 0x1ad0, 0x1ad0, 0x1af0, 0x1aaf, 0x1aaf, 0x1ad0, 0x1ad0, 0x1ad0, 0x1ad0, 0x1ad0, 0x1ad0, 0x1af0, 
	0x1a8e, 0x4bf3, 0xffff, 0xffdf, 0xe73c, 0xef7d, 0xf7ff, 0xe77e, 0x8ebd, 0x8ebd, 0x8ebd, 0x8ebd, 0x8ebd, 0x863c, 0x6d7a, 0x6d9a, 
	0x759a, 0x759a, 0x6d7a, 0x6539, 0x6495, 0xa69d, 0xef7d, 0xdefb, 0xc71e, 0x63f2, 0x126f, 0x1ad0, 0x12ae, 0x6d7a, 0x867c, 0x8ebd, 
	0x96de, 0x75fb, 0x6dba, 0x6d9a, 0x8578, 0xcfbf, 0xf7df, 0xf7be, 0xf7bf, 0xf7bf, 0xf7df, 0xf7df, 0xd7bf, 0x8d78, 0x6d7a, 0x4cb7, 
	0x4c97, 0x4c97, 0x54b7, 0x4c97, 0x5476, 0x4414, 0x4c15, 0x4bf4, 0x4c14, 0x43f4, 0x43f4, 0x3392, 0x3bb4, 0x3393, 0x2331, 0x12af, 
	0x22f0, 0x1aaf, 0x1ad0, 0x128f, 0x54d6, 0x8e7d, 0x8ebd, 0x96de, 0x7dfb, 0x6d9a, 0x759a, 0x759a, 0x759a, 0x759a, 0x5cf8, 0x4c97, 
	0x54b7, 0x54b7, 0x54b7, 0x54b7, 0x2311, 0x12af, 0x1aaf, 0x1ad0, 0x1ad0, 0x1acf, 0x1acf, 0x1ad0, 0x22d0, 0x22f0, 0x22d0, 0x22d0, 
	0x1ad0, 0x22f0, 0x1ad0, 0x22f0, 0x228e, 0x5414, 0xffff, 0xffdf, 0xe73c, 0xef7d, 0xf7ff, 0xdf7e, 0x8ebd, 0x8ebd, 0x8ebd, 0x96de, 
	0x75ba, 0x759a, 0x759a, 0x759a, 0x75ba, 0x759a, 0x5d18, 0x54b7, 0x54d7, 0x54b7, 0x54d7, 0x54b7, 0x54b7, 0x54d7, 0x2b52, 0x1ad0, 
	0x22f0, 0x22f0, 0x22f0, 0x22f0, 0x22f0, 0x22f0, 0x22f0, 0x22f0, 0x22f0, 0x22f0, 0x22f0, 0x22f0, 0x22af, 0x4bd3, 0xefbf, 0xf7bf, 
	0xffff, 0xffdf, 0xe73c, 0xef5d, 0xf7be, 0xf7be, 0xefff, 0xd73d, 0x8e9c, 0x8ebd, 0x96de, 0x865c, 0x759a, 0x759a, 0x759a, 0x6539, 
	0x4cb7, 0x54b7, 0x5c55, 0x965c, 0xe73c, 0xe71c, 0xcf7e, 0xbedc, 0x96dd, 0x96fe, 0x9ede, 0x7e1b, 0x8d78, 0xd7bf, 0xffff, 0xffff, 
	0xffff, 0xffff, 0xffff, 0xffff, 0xffff, 0xf79e, 0xef9e, 0xe75d, 0xe75c, 0xef5d, 0xef5d, 0xef5d, 0xef5d, 0xef5d, 0xef5c, 0xef7d, 
	0xb6dd, 0x53b1, 0x3bd4, 0x3393, 0x3bd4, 0x3bb3, 0x3bb3, 0x3bb3, 0x3bd3, 0x3bb3, 0x3372, 0x1ad0, 0x22f0, 0x22d0, 0x2b31, 0x22f0, 
	0x6538, 0x9eff, 0x863c, 0x6d99, 0x75ba, 0x759a, 0x75ba, 0x759a, 0x75ba, 0x759a, 0x5cf8, 0x54b7, 0x54d8, 0x54b7, 0x54b7, 0x54b7, 
	0x54d8, 0x54b7, 0x2b31, 0x22d0, 0x22f0, 0x22f0, 0x22f0, 0x1ad0, 0x22d0, 0x22f0, 0x22f0, 0x22f0, 0x22f0, 0x22f0, 0x22f0, 0x2311, 
	0x22ae, 0x4c14, 0xffff, 0xffdf, 0xe75c, 0xef7d, 0xf7ff, 0xe79e, 0x96dd, 0x9ede, 0x9ede, 0x96dd, 0x96de, 0x867c, 0x759a, 0x759a, 
	0x759a, 0x7dba, 0x75bb, 0x6518, 0x5c54, 0x965c, 0xe73c, 0xe75c, 0xe7bf, 0x7c73, 0x22f0, 0x2b51, 0x2310, 0x7dfb, 0x9f1e, 0x96dd, 
	0x96bd, 0x7dfb, 0x7dda, 0x7ddb, 0x95b8, 0xdfff, 0xffff, 0xffff, 0xffff, 0xffff, 0xffff, 0xffff, 0xdfff, 0x95b8, 0x75ba, 0x5cf8, 
	0x5cf8, 0x5cd8, 0x5cf8, 0x5cf8, 0x5497, 0x3393, 0x3bb4, 0x3393, 0x3bb3, 0x3393, 0x3bd3, 0x3bb3, 0x3bd4, 0x3bb3, 0x2b52, 0x1ad0, 
	0x2b11, 0x22d0, 0x22f0, 0x1aaf, 0x6538, 0x9f1f, 0x96de, 0x96dd, 0x861b, 0x759a, 0x7dba, 0x759a, 0x759a, 0x759a, 0x5d18, 0x54b7, 
	0x54d7, 0x54b7, 0x54d7, 0x54b7, 0x2b52, 0x22f0, 0x22d0, 0x22f0, 0x2310, 0x22f0, 0x22f0, 0x22f0, 0x22f0, 0x22f0, 0x22f0, 0x22f0, 
	0x22d0, 0x22f0, 0x22f0, 0x22f0, 0x22ae, 0x5434, 0xffff, 0xffdf, 0xe73c, 0xf77d, 0xf7ff, 0xe79e, 0x96dd, 0x96dd, 0x96dd, 0x9ede, 
	0x75ba, 0x759a, 0x759a, 0x759a, 0x75ba, 0x759a, 0x5d18, 0x54b7, 0x54d7, 0x54b7, 0x54d7, 0x54b7, 0x54b7, 0x54b7, 0x2b52, 0x1ad0, 
	0x22f0, 0x22f0, 0x22f0, 0x22f0, 0x22f0, 0x22d0, 0x1ad0, 0x22d0, 0x22d0, 0x1ad0, 0x1ad0, 0x22f0, 0x22d0, 0x2311, 0x3310, 0x5c55, 
	0xffff, 0xffff, 0xe79e, 0xbe18, 0x2b10, 0x3bb2, 0x43f4, 0x43f4, 0x33b3, 0x6518, 0x9efe, 0x865c, 0x759a, 0x759a, 0x759a, 0x6539, 
	0x54b7, 0x54b7, 0x54b7, 0x5cf8, 0x5cd8, 0x5cd8, 0x54d7, 0x7e3c, 0xa69c, 0xcfdf, 0xffff, 0xf7df, 0xf7df, 0xffff, 0xffff, 0xffff, 
	0xffff, 0xffff, 0xffff, 0xffff, 0xffff, 0xf7be, 0xf79e, 0xf79e, 0xf7be, 0xffff, 0xffff, 0xf79e, 0xf79e, 0xf7be, 0xef9e, 0xe75c, 
	0xe73c, 0xe71c, 0x9e3c, 0x4350, 0x3bb4, 0x3393, 0x33b3, 0x33b3, 0x3372, 0x22d0, 0x2b11, 0x22d0, 0x22f0, 0x1aaf, 0x54b6, 0x969d, 
	0x8ebd, 0x96fe, 0x863c, 0x7599, 0x75ba, 0x759a, 0x75ba, 0x759a, 0x75ba, 0x759a, 0x5cf8, 0x54b7, 0x54d7, 0x54b7, 0x54b7, 0x54b7, 
	0x54d7, 0x54b7, 0x2b31, 0x1ad0, 0x22d0, 0x22f0, 0x22f0, 0x1ad0, 0x22d0, 0x22f0, 0x22f0, 0x22f0, 0x22f0, 0x22f0, 0x22f0, 0x2310, 
	0x22ae, 0x5414, 0xffff, 0xffff, 0xffff, 0xf7be, 0xe75c, 0xef9d, 0xffff, 0xffff, 0xf7ff, 0xdf7e, 0x96dd, 0x96de, 0x96be, 0x863c, 
	0x759a, 0x7dba, 0x759a, 0x6518, 0x54b7, 0x5cf8, 0x6c95, 0xae9d, 0xf77d, 0xe71b, 0xcf3d, 0xb67a, 0x867c, 0x8ebd, 0x96de, 0x7e1b, 
	0x8578, 0xcf9f, 0xffdf, 0xf7df, 0xf7df, 0xffff, 0xffff, 0xffff, 0xffff, 0xf79e, 0xf79e, 0xef5d, 0xe75d, 0xdf1c, 0xdf3c, 0xdf1c, 
	0xdf1c, 0xdf1c, 0xdf1c, 0xe73c, 0xa65c, 0x4370, 0x3bb4, 0x3bb4, 0x3bd4, 0x3bb3, 0x3bd4, 0x3bb3, 0x3bd4, 0x3bb3, 0x2b52, 0x1ad0, 
	0x2b11, 0x22d0, 0x22f0, 0x1a8f, 0x6517, 0x9efe, 0x863c, 0x75ba, 0x75ba, 0x759a, 0x7dba, 0x759a, 0x759a, 0x759a, 0x5cf8, 0x54b7, 
	0x54d7, 0x54b7, 0x54d7, 0x54b7, 0x54b7, 0x4c76, 0x2311, 0x22f0, 0x22f0, 0x22d0, 0x22f0, 0x22f0, 0x22f0, 0x22f0, 0x22f0, 0x22f0, 
	0x22d0, 0x22f0, 0x22f0, 0x22f0, 0x228e, 0x5434, 0xffff, 0xffff, 0xffff, 0xf7be, 0xe73c, 0xef9e, 0xffff, 0xffff, 0xefff, 0xd77e, 
	0x75ba, 0x759a, 0x759a, 0x759a, 0x75ba, 0x759a, 0x5d18, 0x54b7, 0x54d7, 0x54b7, 0x54d7, 0x54b7, 0x54b7, 0x54d7, 0x2b52, 0x1ad0, 
	0x22f0, 0x22f0, 0x22f0, 0x22f0, 0x22f0, 0x22f0, 0x3371, 0x3b72, 0x3b71, 0x3371, 0x3351, 0x3351, 0x22f0, 0x22f0, 0x228e, 0x4bf3, 
	0xef9e, 0xe75d, 0xd71d, 0xa597, 0x128f, 0x2b31, 0x3393, 0x3bb4, 0x3bd3, 0x6518, 0x9efe, 0x865c, 0x759a, 0x759a, 0x759a, 0x6539, 
	0x54b7, 0x54b7, 0x54b7, 0x54d7, 0x54b7, 0x5cf8, 0x5cf7, 0x8e5d, 0xaebc, 0xd7ff, 0xffff, 0xffff, 0xffff, 0xffff, 0xffff, 0xffff, 
	0xffff, 0xffff, 0xffff, 0xf7df, 0xefbf, 0xe77e, 0xe77e, 0xe77e, 0xe77e, 0xf7df, 0xefbf, 0xe77e, 0xe77d, 0xe75d, 0xe75d, 0xe75d, 
	0xef5c, 0xef7d, 0xb6bd, 0x53d1, 0x4c35, 0x4c14, 0x43f4, 0x3393, 0x3372, 0x1ad0, 0x2311, 0x22d0, 0x22f0, 0x1aaf, 0x5cf7, 0x9eff, 
	0x96dd, 0x8ebd, 0x861c, 0x759a, 0x75ba, 0x759a, 0x75ba, 0x759a, 0x75ba, 0x759a, 0x5cf8, 0x54b7, 0x54d8, 0x54b7, 0x54b7, 0x54b7, 
	0x54d7, 0x54b7, 0x2b31, 0x1ad0, 0x22f0, 0x22f0, 0x22f0, 0x1ad0, 0x1acf, 0x22f0, 0x22d0, 0x22f0, 0x22d0, 0x22f0, 0x1ad0, 0x22f0, 
	0x1aae, 0x43f3, 0xef9e, 0xefbf, 0xffff, 0xffdf, 0xe73c, 0xef5d, 0xef9e, 0xef9e, 0xe7bf, 0xcf1d, 0x865c, 0x8ebd, 0x96de, 0x863c, 
	0x757a, 0x75ba, 0x759a, 0x6518, 0x4cb7, 0x4cb8, 0x5c54, 0x9e5c, 0xdf1c, 0xdf1c, 0xcf5e, 0xbedc, 0x96dd, 0x96fe, 0x9ede, 0x861b, 
	0x9598, 0xd7df, 0xffff, 0xffff, 0xffff, 0xffff, 0xffff, 0xffff, 0xffff, 0xf79e, 0xef9e, 0xe75c, 0xe75c, 0xef5d, 0xef5d, 0xef5d, 
	0xef5d, 0xef5d, 0xef5c, 0xef7d, 0xb6bd, 0x53d1, 0x43f5, 0x3393, 0x3bb4, 0x3393, 0x3bb4, 0x3393, 0x3bb4, 0x3393, 0x2b31, 0x1ad0, 
	0x2311, 0x1ad0, 0x2311, 0x22f0, 0x6558, 0x9eff, 0x861c, 0x6d99, 0x759a, 0x759a, 0x759a, 0x759a, 0x759a, 0x759a, 0x5cf8, 0x54b7, 
	0x54b7, 0x54b7, 0x54d7, 0x54b7, 0x54d7, 0x4c97, 0x2310, 0x22f0, 0x22f0, 0x22d0, 0x1ad0, 0x22d0, 0x22d0, 0x22f0, 0x22f0, 0x22d0, 
	0x22d0, 0x22f0, 0x22f0, 0x22f0, 0x228e, 0x4c14, 0xef9e, 0xefbf, 0xffff, 0xffdf, 0xe73c, 0xef5d, 0xef9e, 0xef9e, 0xe7df, 0xcf1d, 
	0x75ba, 0x759a, 0x759a, 0x759a, 0x75ba, 0x759a, 0x5d18, 0x5497, 0x54d7, 0x54b7, 0x54d7, 0x54b7, 0x54b7, 0x54b7, 0x2b31, 0x1aaf, 
	0x1ad0, 0x1acf, 0x22f0, 0x22f0, 0x22cf, 0x3331, 0xef7e, 0xf7ff, 0xffdf, 0xf7be, 0xdf3d, 0xc67a, 0x22d0, 0x22d0, 0x1aaf, 0x22f0, 
	0x2b11, 0x2b31, 0x2311, 0x22f0, 0x1ad0, 0x2311, 0x1aaf, 0x4c35, 0x96dd, 0x8ebd, 0x96de, 0x865c, 0x757a, 0x759a, 0x75ba, 0x6539, 
	0x4cb7, 0x54d7, 0x54b7, 0x54b8, 0x5c54, 0xaefe, 0xffdf, 0xffdf, 0xffff, 0xffff, 0xffff, 0xffff, 0xffff, 0xffff, 0xffff, 0xffff, 
	0xffff, 0xffff, 0xefff, 0x9dd9, 0x75ba, 0x75ba, 0x7dba, 0x7dba, 0x7dba, 0x7dba, 0x7dba, 0x7dba, 0x759a, 0x54b7, 0x8d36, 0xdfdf, 
	0xf79e, 0xf79d, 0xef7d, 0xdf1c, 0xe71c, 0xe75c, 0x95fa, 0x228d, 0x2310, 0x1ad0, 0x2310, 0x1ad0, 0x22f0, 0x128f, 0x54d6, 0x9eff, 
	0x863c, 0x759a, 0x75ba, 0x759a, 0x759a, 0x759a, 0x759a, 0x759a, 0x75ba, 0x759a, 0x5cf8, 0x54b7, 0x54d7, 0x54b7, 0x54b7, 0x54b7, 
	0x54d7, 0x54b7, 0x2b31, 0x1acf, 0x1ad0, 0x22d0, 0x22f0, 0x1ad0, 0x1acf, 0x22f0, 0x1acf, 0x1ad0, 0x1aaf, 0x1ad0, 0x1aaf, 0x1ad0, 
	0x1ad0, 0x22f0, 0x2acf, 0x5c75, 0xffff, 0xffff, 0xe79e, 0xb618, 0x22d0, 0x3372, 0x43f4, 0x43f4, 0x3392, 0x6538, 0x96ff, 0x863c, 
	0x757a, 0x75ba, 0x759a, 0x6518, 0x4c97, 0x54b8, 0x54b7, 0x5cd8, 0x5cd7, 0x5cd7, 0x54b7, 0x7e3d, 0xa69b, 0xcfdf, 0xffff, 0xffdf, 
	0xffdf, 0xffff, 0xffff, 0xffff, 0xffff, 0xffff, 0xffff, 0xffff, 0xffff, 0xf7be, 0xf7be, 0xf79e, 0xf7be, 0xffff, 0xffff, 0xf79e, 
	0xf79e, 0xf7be, 0xef9e, 0xe73c, 0xe73c, 0xe73c, 0x9e5c, 0x3b50, 0x33b4, 0x3393, 0x3bb3, 0x3bb3, 0x3372, 0x1ad0, 0x1ad0, 0x1acf, 
	0x2311, 0x1a8f, 0x5cd6, 0x96be, 0x8ebd, 0x96de, 0x861c, 0x6d99, 0x759a, 0x759a, 0x759a, 0x759a, 0x759a, 0x759a, 0x5cf8, 0x5497, 
	0x54b7, 0x54b7, 0x54d7, 0x54b7, 0x54b8, 0x4c97, 0x22f0, 0x1ad0, 0x22f0, 0x1ad0, 0x1ad0, 0x22d0, 0x22d0, 0x22f0, 0x1ad0, 0x1aaf, 
	0x1aaf, 0x1ad0, 0x1acf, 0x1ad0, 0x1ad0, 0x2310, 0x2acf, 0x6496, 0xffff, 0xffdf, 0xe79f, 0xadd8, 0x22d0, 0x3352, 0x43d4, 0x43f4, 
	0x75ba, 0x759a, 0x759a, 0x759a, 0x759a, 0x757a, 0x5d18, 0x54b7, 0x54d7, 0x54b7, 0x54d7, 0x54b7, 0x54b7, 0x54d7, 0x3372, 0x2311, 
	0x3372, 0x3b72, 0x2310, 0x22f0, 0x22cf, 0x3331, 0xdf3d, 0xef9f, 0xffff, 0xffff, 0xef9e, 0xd6db, 0x3b92, 0x3b72, 0x3b72, 0x3372, 
	0x1ad0, 0x22f0, 0x1ad0, 0x1ad0, 0x1ad0, 0x2b31, 0x2331, 0x5496, 0x96fe, 0x96de, 0x96de, 0x865c, 0x759a, 0x759a, 0x759a, 0x6539, 
	0x4cb7, 0x54d7, 0x54b7, 0x5d18, 0x6cd5, 0xbf1f, 0xffff, 0xffff, 0xffff, 0xffff, 0xffff, 0xffff, 0xffff, 0xffff, 0xffff, 0xffff, 
	0xffff, 0xffdf, 0xdfff, 0x9dd9, 0x75ba, 0x75bb, 0x75ba, 0x75ba, 0x75ba, 0x75ba, 0x75ba, 0x759a, 0x6d9a, 0x54b7, 0x7d16, 0xcf7f, 
	0xe75d, 0xf79e, 0xef9d, 0xef5d, 0xef5c, 0xef7d, 0x961b, 0x228d, 0x2310, 0x1ad0, 0x2b11, 0x22d0, 0x2b31, 0x2311, 0x5d17, 0x9efe, 
	0x863c, 0x6d99, 0x75ba, 0x759a, 0x75ba, 0x759a, 0x759a, 0x759a, 0x759a, 0x757a, 0x5cf8, 0x54b7, 0x54d7, 0x54b7, 0x54b7, 0x54b7, 
	0x54d7, 0x54b7, 0x2b52, 0x2311, 0x3351, 0x3b72, 0x2310, 0x1ad0, 0x1ad0, 0x2310, 0x3b72, 0x3b92, 0x3b72, 0x3b92, 0x3371, 0x3371, 
	0x22f0, 0x22f0, 0x1a8e, 0x4c14, 0xe77e, 0xdf3d, 0xcefd, 0x9d97, 0x1a8f, 0x2b31, 0x3393, 0x3bd4, 0x3bd3, 0x6d39, 0x9efe, 0x863b, 
	0x759a, 0x75ba, 0x759a, 0x6518, 0x54b7, 0x54d7, 0x54b7, 0x54d7, 0x5497, 0x5cf8, 0x6517, 0x8e7d, 0xb6bc, 0xd7ff, 0xffff, 0xffff, 
	0xffff, 0xffff, 0xffff, 0xffff, 0xffff, 0xffff, 0xffff, 0xf7bf, 0xefbf, 0xe77d, 0xe75d, 0xe75d, 0xe77e, 0xefbf, 0xefbf, 0xe75d, 
	0xe75d, 0xdf5d, 0xe75d, 0xe75d, 0xef5c, 0xef7d, 0xb6bd, 0x53d1, 0x4c35, 0x4c14, 0x4414, 0x3393, 0x3372, 0x1ad0, 0x22d0, 0x22d0, 
	0x2b11, 0x1a8f, 0x5d17, 0x9eff, 0x96dd, 0x8ebd, 0x861b, 0x7599, 0x759a, 0x759a, 0x75ba, 0x759a, 0x759a, 0x759a, 0x5cf8, 0x54b7, 
	0x54b7, 0x54b7, 0x54d7, 0x54b7, 0x54d7, 0x5497, 0x2310, 0x22f0, 0x22f0, 0x22d0, 0x22d0, 0x22f0, 0x22d0, 0x2b11, 0x3b72, 0x3b72, 
	0x3371, 0x3b92, 0x3351, 0x3351, 0x22d0, 0x22f0, 0x228e, 0x5435, 0xef7e, 0xe75d, 0xcf1d, 0x9d76, 0x128f, 0x2311, 0x3392, 0x43f4, 
	0x75ba, 0x759a, 0x759a, 0x759a, 0x6519, 0x54b7, 0x54d7, 0x54b7, 0x54d7, 0x54b7, 0x54d7, 0x54b7, 0x4cb7, 0x54b7, 0x5497, 0x5496, 
	0xd71d, 0xdf7e, 0x3b72, 0x22cf, 0x22f0, 0x22f0, 0x22ef, 0x3b72, 0xe73c, 0xef9e, 0xffff, 0xffff, 0xffff, 0xffdf, 0xf7ff, 0xcebb, 
	0x1aaf, 0x22d0, 0x1ab0, 0x1aaf, 0x128e, 0x4415, 0x96de, 0x8ebd, 0x96de, 0x96de, 0x96de, 0x865c, 0x757a, 0x759a, 0x759a, 0x6539, 
	0x4c97, 0x54b7, 0x5c54, 0xa6de, 0xffdf, 0xf7be, 0xef9e, 0xffff, 0xffff, 0xffff, 0xffff, 0xffff, 0xffff, 0xffff, 0xffff, 0xf77d, 
	0xd79e, 0xb6bb, 0x96de, 0x96de, 0x8ebd, 0x96bd, 0x96dd, 0x96dd, 0x96dd, 0x96dd, 0x8e9d, 0x75ba, 0x759a, 0x759a, 0x6d7a, 0x54b7, 
	0x8d36, 0xe7ff, 0xf7be, 0xf79d, 0xef7d, 0xef7d, 0x95fb, 0x226c, 0x1af0, 0x1aaf, 0x22f0, 0x128f, 0x4c95, 0x96de, 0x96dd, 0x96de, 
	0x863c, 0x6d9a, 0x75ba, 0x759a, 0x759a, 0x759a, 0x759a, 0x759a, 0x5d18, 0x54b7, 0x54b7, 0x54b7, 0x54d7, 0x54b7, 0x54b7, 0x54b7, 
	0x54d7, 0x54b7, 0x5496, 0x5497, 0xd71d, 0xdf5e, 0x3372, 0x1aaf, 0x1aaf, 0x3352, 0xefbe, 0xffff, 0xffdf, 0xf7be, 0xdf5d, 0xbe59, 
	0x1aaf, 0x1aaf, 0x1aaf, 0x22f0, 0x2310, 0x2311, 0x22f0, 0x2b11, 0x1ad0, 0x22f0, 0x128f, 0x4c55, 0x96de, 0x96dd, 0x96de, 0x863c, 
	0x757a, 0x75ba, 0x759a, 0x6518, 0x4cb7, 0x54d7, 0x54b8, 0x54b8, 0x5c54, 0xaeff, 0xffff, 0xffff, 0xffff, 0xffff, 0xffff, 0xffff, 
	0xffff, 0xffff, 0xffff, 0xffff, 0xffff, 0xffff, 0xe7ff, 0x95b8, 0x759a, 0x75ba, 0x759a, 0x759a, 0x75ba, 0x75ba, 0x7dba, 0x7dba, 
	0x6d9a, 0x54b7, 0x8d36, 0xdfdf, 0xf79e, 0xf79d, 0xef7d, 0xdf1c, 0xe71c, 0xe75d, 0x95da, 0x228d, 0x2311, 0x1ad0, 0x1ad0, 0x1ad0, 
	0x2310, 0x128e, 0x5cf7, 0x9eff, 0x863c, 0x759a, 0x75ba, 0x759a, 0x759a, 0x759a, 0x75ba, 0x759a, 0x75ba, 0x75ba, 0x5cf8, 0x54b7, 
	0x54b7, 0x54b7, 0x54b7, 0x54b7, 0x54d7, 0x4c97, 0x22f0, 0x1ad0, 0x22d0, 0x1aaf, 0x1ad0, 0x22f0, 0x22af, 0x3b92, 0xf7df, 0xffff, 
	0xffdf, 0xf79e, 0xdf3d, 0xb619, 0x1a8f, 0x22d0, 0x1aaf, 0x22f0, 0x2310, 0x2b31, 0x22f0, 0x2b11, 0x1ad0, 0x1ad0, 0x128f, 0x5496, 
	0x75ba, 0x759a, 0x759a, 0x759a, 0x6519, 0x54b7, 0x54d7, 0x54b7, 0x54d8, 0x54b7, 0x54d8, 0x54b7, 0x54b7, 0x54d7, 0x6d18, 0x6d38, 
	0xdf5d, 0xef9e, 0x3b92, 0x22cf, 0x22f0, 0x22f0, 0x22cf, 0x3331, 0xbe7a, 0xcefc, 0xffff, 0xffff, 0xe75e, 0xef7e, 0xffff, 0xdf1c, 
	0x3b71, 0x43b2, 0x3bb2, 0x3b92, 0x2b51, 0x5496, 0x96fe, 0x96de, 0x96dd, 0x96dd, 0x969d, 0x863c, 0x759a, 0x759a, 0x759a, 0x6539, 
	0x4cb7, 0x54d8, 0x5c54, 0xaede, 0xffff, 0xffde, 0xf79e, 0xffff, 0xffff, 0xffff, 0xffff, 0xffff, 0xffff, 0xffff, 0xffff, 0xe75c, 
	0xc75e, 0xaebc, 0x96de, 0x96de, 0x96dd, 0x96dd, 0x96dd, 0x96dd, 0x96dd, 0x96dd, 0x96be, 0x7dda, 0x7dbb, 0x75ba, 0x6d9a, 0x4cb7, 
	0x8516, 0xc73f, 0xe71c, 0xf79e, 0xef9d, 0xef7d, 0xa63b, 0x432f, 0x43b2, 0x3b92, 0x3bb3, 0x3331, 0x5d17, 0x9eff, 0x96be, 0x8e9d, 
	0x861c, 0x759a, 0x7dba, 0x759a, 0x75ba, 0x759a, 0x75ba, 0x759a, 0x5d18, 0x54b7, 0x54d7, 0x54b7, 0x54d7, 0x54b7, 0x54b7, 0x54b7, 
	0x54d7, 0x54b7, 0x6d18, 0x7558, 0xe77e, 0xe79e, 0x3b72, 0x22af, 0x22cf, 0x3372, 0xd71d, 0xe77e, 0xffff, 0xffdf, 0xef9e, 0xcebb, 
	0x43b2, 0x43b2, 0x43b2, 0x3b92, 0x22d0, 0x22f0, 0x22d0, 0x2b11, 0x22d0, 0x2b31, 0x2b51, 0x5cd7, 0x9efe, 0x96de, 0x96de, 0x863c, 
	0x759a, 0x7dba, 0x75ba, 0x6538, 0x54b7, 0x54d8, 0x54b7, 0x6539, 0x74f6, 0xbf3f, 0xffff, 0xffff, 0xffff, 0xffff, 0xffff, 0xffff, 
	0xffff, 0xffff, 0xffff, 0xffff, 0xffff, 0xf7df, 0xd7df, 0x95d9, 0x75db, 0x75db, 0x7dbb, 0x7dbb, 0x7dbb, 0x7dbb, 0x7dda, 0x75ba, 
	0x6d9a, 0x54d7, 0x8537, 0xcf5f, 0xe75c, 0xf79e, 0xef9d, 0xef5d, 0xef5d, 0xef7d, 0x9dfa, 0x2a8d, 0x2311, 0x22f0, 0x22f0, 0x22d0, 
	0x3352, 0x2b51, 0x6538, 0x9efe, 0x863c, 0x7599, 0x7dba, 0x759a, 0x759a, 0x759a, 0x7dba, 0x759a, 0x759a, 0x757a, 0x5d18, 0x54b7, 
	0x54d7, 0x54b7, 0x5cd7, 0x54b7, 0x54d8, 0x54b7, 0x2b52, 0x2b31, 0x43b2, 0x3b92, 0x22f0, 0x22f0, 0x22cf, 0x3b72, 0xdf3d, 0xe77e, 
	0xffff, 0xffdf, 0xef9e, 0xce9a, 0x3b71, 0x43b2, 0x4392, 0x3b72, 0x1acf, 0x22f0, 0x1ad0, 0x22f0, 0x22d0, 0x2311, 0x2b51, 0x64f7, 
	0x75ba, 0x759a, 0x759a, 0x759a, 0x6519, 0x54b7, 0x54d7, 0x54b7, 0x54d7, 0x54b7, 0x54d7, 0x54b7, 0x4c97, 0x4c97, 0xd6fc, 0xefbf, 
	0xefbe, 0xef7d, 0x3b72, 0x22cf, 0x22f0, 0x1ad0, 0x1ad0, 0x22f0, 0x22cf, 0x4392, 0xf7ff, 0xe77e, 0x4392, 0x5c96, 0xffff, 0xffff, 
	0xef3c, 0xef7d, 0xf7ff, 0xe79e, 0x8ebd, 0x96dd, 0x96dd, 0x96dd, 0x96de, 0x865c, 0x759a, 0x75ba, 0x759a, 0x759a, 0x75ba, 0x6538, 
	0x4c97, 0x4cb7, 0x5454, 0xa6de, 0xffff, 0xffff, 0xffff, 0xffff, 0xffff, 0xffff, 0xffff, 0xffff, 0xffff, 0xef7d, 0xd77f, 0xb6bb, 
	0x8ede, 0x8ede, 0x96dd, 0x96fe, 0x96fe, 0x96fe, 0x96fe, 0x96fe, 0x96fe, 0x96dd, 0x96dd, 0x96dd, 0x8e9d, 0x75ba, 0x6d7a, 0x54b7, 
	0x4c96, 0x2b92, 0x7473, 0xe7ff, 0xf7be, 0xf79d, 0xef7d, 0xe73c, 0xe73c, 0xe73c, 0xb73e, 0x9e7b, 0x8edd, 0x96de, 0x865c, 0x7599, 
	0x759a, 0x759a, 0x75ba, 0x759a, 0x759a, 0x759a, 0x759a, 0x759a, 0x5d18, 0x5497, 0x54b7, 0x54b7, 0x54d7, 0x54b7, 0x54b7, 0x54b7, 
	0x54b7, 0x5497, 0xdf1c, 0xefbf, 0xf7be, 0xe77d, 0x3372, 0x1aaf, 0x1ad0, 0x22f0, 0x22cf, 0x3b92, 0xe75d, 0xef9e, 0xffff, 0xffff, 
	0xffff, 0xffff, 0xf7ff, 0xcebb, 0x128f, 0x1acf, 0x1aaf, 0x22f0, 0x128e, 0x4c35, 0x96fe, 0x96dd, 0x96dd, 0x96de, 0x96de, 0x865c, 
	0x757a, 0x75ba, 0x75ba, 0x6518, 0x4c97, 0x54d8, 0x5c54, 0xb6ff, 0xffff, 0xf7be, 0xef9e, 0xffff, 0xffff, 0xffff, 0xffff, 0xffff, 
	0xffff, 0xffff, 0xffff, 0xef7d, 0xcf9f, 0xb6bb, 0x8ede, 0x8ede, 0x96dd, 0x96dd, 0x96dd, 0x96dd, 0x96dd, 0x96dd, 0x969d, 0x75ba, 
	0x759a, 0x759a, 0x6d9a, 0x4cb7, 0x8d56, 0xe7ff, 0xf7be, 0xf79d, 0xef7d, 0xef7d, 0x95da, 0x224c, 0x1af0, 0x12b0, 0x1aaf, 0x128f, 
	0x54d6, 0x9ede, 0x96dd, 0x96de, 0x863c, 0x7599, 0x75ba, 0x759a, 0x759a, 0x759a, 0x75ba, 0x759a, 0x5d18, 0x54b7, 0x54d7, 0x54b7, 
	0x54d7, 0x54b7, 0x54d7, 0x54b7, 0x54b8, 0x4cb7, 0x4c76, 0x54b7, 0xdf5e, 0xdf5d, 0x3331, 0x22cf, 0x1ad0, 0x22f0, 0x22cf, 0x3b92, 
	0xe75d, 0xef9e, 0xffff, 0xffff, 0xffff, 0xffff, 0xf7ff, 0xc67a, 0x128e, 0x1ad0, 0x1aaf, 0x1ad0, 0x128e, 0x4c35, 0x96fe, 0x96dd, 
	0x759a, 0x759a, 0x759a, 0x759a, 0x5d19, 0x4c97, 0x54b7, 0x4c97, 0x54b7, 0x54b7, 0x54b7, 0x4c97, 0x6518, 0x6d59, 0xdf3c, 0xefbf, 
	0xf7be, 0xef7d, 0x3372, 0x1aaf, 0x22f0, 0x22f0, 0x22d0, 0x22f0, 0x22af, 0x3b92, 0xf7ff, 0xe75e, 0x3b92, 0x5455, 0xdf3d, 0xd73d, 
	0xce9a, 0xd6fc, 0xe7ff, 0xd77e, 0x96dd, 0x96de, 0x96dd, 0x8ebd, 0x8e9d, 0x863c, 0x759a, 0x75ba, 0x759a, 0x759a, 0x6d79, 0x6d79, 
	0x6d38, 0x6d38, 0x74d6, 0xbefe, 0xffff, 0xffff, 0xffff, 0xffff, 0xffff, 0xffff, 0xffff, 0xffff, 0xffff, 0xef7d, 0xcf7e, 0xb6bb, 
	0x8ede, 0x8ede, 0x96be, 0x863b, 0x7e1b, 0x7e1b, 0x861b, 0x7e1b, 0x863b, 0x96bd, 0x96dd, 0x96dd, 0x8e9d, 0x75fa, 0x759b, 0x5cd8, 
	0x54b7, 0x33b3, 0x6c73, 0xc71e, 0xdf1c, 0xf7be, 0xef9d, 0xef5d, 0xef5d, 0xef5c, 0xc75e, 0xaebc, 0x96de, 0x8e9d, 0x861c, 0x6d9a, 
	0x759a, 0x759a, 0x75ba, 0x759a, 0x759a, 0x759a, 0x759a, 0x759a, 0x5d18, 0x5497, 0x54b7, 0x54b7, 0x54d7, 0x54b7, 0x54b7, 0x54b7, 
	0x6d38, 0x7559, 0xdf3d, 0xefbf, 0xf7be, 0xe77d, 0x3372, 0x1aaf, 0x1ad0, 0x22f0, 0x22af, 0x3351, 0xbe5a, 0xcedb, 0xffff, 0xffff, 
	0xdf3d, 0xe77e, 0xffff, 0xd6fc, 0x3b71, 0x43b2, 0x43b3, 0x43d3, 0x2b51, 0x5cb7, 0x96fe, 0x96dd, 0x96dd, 0x96dd, 0x8e9d, 0x7e1b, 
	0x759a, 0x75ba, 0x759a, 0x6518, 0x4cb7, 0x54d8, 0x5c54, 0xb6ff, 0xffff, 0xffde, 0xf79e, 0xffff, 0xffff, 0xffff, 0xffff, 0xffff, 
	0xffff, 0xffff, 0xf7ff, 0xe73c, 0xc75e, 0xaebc, 0x8ebe, 0x8ede, 0x96dd, 0x96dd, 0x96dd, 0x96dd, 0x96dd, 0x96dd, 0x8ebd, 0x75da, 
	0x75ba, 0x759a, 0x6d7a, 0x4c97, 0x8516, 0xc71e, 0xdf1c, 0xefbe, 0xef9d, 0xef7d, 0xa63b, 0x4b4f, 0x43b3, 0x3b92, 0x3392, 0x2b51, 
	0x6538, 0x9eff, 0x8ebd, 0x8e9d, 0x861b, 0x7599, 0x75ba, 0x759a, 0x759a, 0x759a, 0x75ba, 0x759a, 0x5cf8, 0x4cb7, 0x54d7, 0x54b7, 
	0x54b7, 0x54b7, 0x54d7, 0x54b7, 0x54d7, 0x54b7, 0x6d17, 0x7559, 0xe77e, 0xe75d, 0x3331, 0x22cf, 0x22f0, 0x2311, 0x22cf, 0x3372, 
	0xc67a, 0xcedc, 0xffff, 0xffdf, 0xe73d, 0xef7e, 0xffff, 0xcedb, 0x3b71, 0x43b2, 0x43b3, 0x43d3, 0x2b51, 0x5cd7, 0x96fe, 0x96fe, 
	0x75ba, 0x759a, 0x759a, 0x759a, 0x5d19, 0x4c97, 0x54b7, 0x4c97, 0x4cb7, 0x4c97, 0x4c97, 0x4c76, 0xd6fc, 0xefdf, 0xf7be, 0xf7be, 
	0xf7df, 0xef9e, 0x3351, 0x128e, 0x1ab0, 0x12af, 0x1a90, 0x1ab0, 0x1a6e, 0x3b52, 0xef9f, 0xd71d, 0x3bb3, 0x3b93, 0x3393, 0x3bb3, 
	0x3392, 0x4c76, 0x96fe, 0x96de, 0x96de, 0x96fe, 0x8ebe, 0x865c, 0x6d79, 0x759a, 0x6d7a, 0x759a, 0x6d9a, 0x5d19, 0x5434, 0x961c, 
	0xef5d, 0xef5d, 0xef5d, 0xf7de, 0xffff, 0xffff, 0xffff, 0xffff, 0xffff, 0xffff, 0xffff, 0xffff, 0xffff, 0xef7d, 0xcf7e, 0xb6bb, 
	0x8edd, 0x96fe, 0x96be, 0x2b71, 0x1aaf, 0x1ad0, 0x22d0, 0x1ad0, 0x2b51, 0x96be, 0x96fe, 0x96dd, 0x96dd, 0x96dd, 0x8e9d, 0x75ba, 
	0x6d7a, 0x54b7, 0x4456, 0x2352, 0x7c93, 0xe7ff, 0xf79e, 0xf79e, 0xef7d, 0xe73c, 0xe75c, 0xef5d, 0xa6bd, 0x7d58, 0x75ba, 0x6d9a, 
	0x759a, 0x759a, 0x759a, 0x759a, 0x759a, 0x759a, 0x759a, 0x759a, 0x5d18, 0x4c96, 0x54b7, 0x54b7, 0x54b7, 0x4c97, 0x4c97, 0x4c97, 
	0xd71c, 0xefbf, 0xf7be, 0xf7be, 0xf7df, 0xef9e, 0x2b31, 0x126e, 0x1ab0, 0x1af0, 0x1ad0, 0x22f0, 0x22ae, 0x3bb2, 0xf7ff, 0xdf5e, 
	0x3b71, 0x6496, 0xffff, 0xffff, 0xef5c, 0xf79d, 0xffff, 0xe79e, 0x8ebd, 0x96dd, 0x8edd, 0x96dd, 0x96de, 0x865c, 0x6d9a, 0x759a, 
	0x759a, 0x75ba, 0x759b, 0x6518, 0x4497, 0x4cb8, 0x5434, 0xaeff, 0xffff, 0xffff, 0xffff, 0xffff, 0xffff, 0xffff, 0xffff, 0xffff, 
	0xffff, 0xef5d, 0xcf7e, 0xb6bb, 0x8ede, 0x8ede, 0x8ebd, 0x96de, 0x96fe, 0x96fe, 0x96fe, 0x96fe, 0x96de, 0x96de, 0x96dd, 0x96dd, 
	0x8e7d, 0x759a, 0x6d7a, 0x54b7, 0x4c76, 0x2372, 0x7c93, 0xefff, 0xf7be, 0xf79e, 0xef7d, 0xe73c, 0xe73c, 0xe73c, 0xaf3e, 0x9e9b, 
	0x8ede, 0x96de, 0x863c, 0x6d99, 0x759a, 0x759a, 0x759a, 0x759a, 0x759a, 0x759a, 0x759a, 0x759a, 0x5cf8, 0x4cb7, 0x54d7, 0x54b7, 
	0x54b7, 0x54b7, 0x54b7, 0x54b7, 0x4c96, 0x54b7, 0xdf3d, 0xefbf, 0xf7bf, 0xe75d, 0x2b31, 0x22cf, 0x22f0, 0x22f0, 0x22f0, 0x1ad0, 
	0x22ae, 0x43d3, 0xf7ff, 0xd71d, 0x3351, 0x64d7, 0xffff, 0xffff, 0xef5c, 0xf79d, 0xf7ff, 0xe77e, 0x8ebd, 0x8ebd, 0x8edd, 0x96de, 
	0x7dba, 0x759a, 0x75ba, 0x75ba, 0x6539, 0x54b7, 0x54d7, 0x54b7, 0x6d38, 0x7579, 0x7d79, 0x7558, 0xdf1c, 0xefdf, 0xd6fc, 0xcebb, 
	0xcedc, 0xc6bb, 0x5c54, 0x4bd2, 0x4bf3, 0x4bf3, 0x53f4, 0x53f4, 0x53d2, 0x6c55, 0xefbf, 0xd71c, 0x3bd3, 0x3bb3, 0x3bb3, 0x3bd3, 
	0x3393, 0x4c56, 0x863c, 0x7e3c, 0x861b, 0x8e9c, 0xaf1e, 0x9ebd, 0x8e1b, 0x961b, 0x961b, 0x963b, 0x963c, 0x85ba, 0x74f6, 0xa67c, 
	0xef7d, 0xd6db, 0xc67a, 0xe75d, 0xffff, 0xffff, 0xffff, 0xffff, 0xffff, 0xffff, 0xffff, 0xffff, 0xffff, 0xef7d, 0xd77f, 0xb6bb, 
	0x8ebe, 0x7e3c, 0x7ddb, 0x2b71, 0x22d0, 0x22f0, 0x22f0, 0x22f0, 0x2b51, 0x7dda, 0x7e3b, 0x96dd, 0x96de, 0x96de, 0x969d, 0x75ba, 
	0x6d7a, 0x54b7, 0x4c96, 0x33b3, 0x84d4, 0xe7ff, 0xf79e, 0xf79e, 0xef7d, 0xe75d, 0xef5c, 0xef5d, 0xaebd, 0x7d58, 0x75bb, 0x759a, 
	0x75ba, 0x759a, 0x7dba, 0x759a, 0x75ba, 0x759a, 0x75ba, 0x75ba, 0x6518, 0x54b7, 0x54d7, 0x54b7, 0x6d38, 0x7559, 0x7558, 0x7558, 
	0xdf3d, 0xefbf, 0xd6fc, 0xcedb, 0xcefc, 0xc6bb, 0x5c34, 0x43b2, 0x22f0, 0x22f0, 0x22f0, 0x22f1, 0x22af, 0x43b2, 0xf7ff, 0xdf3d, 
	0x3b92, 0x5c75, 0xd73d, 0xd71d, 0xc67a, 0xd6fc, 0xe7ff, 0xd77e, 0x96dd, 0x96de, 0x96de, 0x8ebd, 0x8e9d, 0x863c, 0x759a, 0x759a, 
	0x759a, 0x759a, 0x6d79, 0x6d79, 0x6d38, 0x7559, 0x7cf6, 0xbf3f, 0xffff, 0xffff, 0xffff, 0xffff, 0xffff, 0xffff, 0xffff, 0xffff, 
	0xffff, 0xef5d, 0xcf7e, 0xb6bb, 0x96de, 0x96de, 0x96bd, 0x7e1b, 0x7dfb, 0x7e1b, 0x7e1b, 0x7dfb, 0x7e1b, 0x96be, 0x96de, 0x96de, 
	0x969d, 0x7dfb, 0x75bb, 0x5cf8, 0x54b7, 0x33b3, 0x7494, 0xbefd, 0xdf1c, 0xf7be, 0xef7d, 0xef5d, 0xef5d, 0xef5d, 0xbf3e, 0xaebc, 
	0x96dd, 0x8e9c, 0x861c, 0x759a, 0x75ba, 0x759a, 0x7dba, 0x759a, 0x75ba, 0x759a, 0x75ba, 0x759a, 0x5d18, 0x54b7, 0x54d7, 0x54b7, 
	0x54d7, 0x54b7, 0x54d7, 0x54d7, 0x7538, 0x7579, 0xe75d, 0xf7bf, 0xf7bf, 0xe75d, 0x3351, 0x22cf, 0x22f0, 0x22f0, 0x22f0, 0x22f0, 
	0x22ae, 0x4bd3, 0xf7ff, 0xd71d, 0x3b71, 0x5c96, 0xdf3d, 0xd71d, 0xc67a, 0xd6fc, 0xe7ff, 0xd77e, 0x96dd, 0x96dd, 0x96dd, 0x96dd, 
	0x75ba, 0x759a, 0x759a, 0x75ba, 0x6519, 0x5497, 0x54b7, 0x4c76, 0xcebb, 0xefdf, 0xffbe, 0xffde, 0xf7de, 0xf7de, 0x5476, 0x3372, 
	0x3393, 0x3bb3, 0xe75d, 0xffff, 0xffde, 0xffde, 0xffff, 0xffff, 0xffff, 0xffff, 0xf7ff, 0xdf3c, 0x3bb3, 0x3bb3, 0x3393, 0x3bb3, 
	0x3bb3, 0x3bb4, 0x3393, 0x3393, 0x3351, 0x7538, 0xffff, 0xffff, 0xffff, 0xffff, 0xffff, 0xffff, 0xffff, 0xffdf, 0xef5c, 0xef5c, 
	0xe7bf, 0x8d36, 0x330f, 0x961b, 0xf79d, 0xffbe, 0xffff, 0xffff, 0xffff, 0xffff, 0xffff, 0xffff, 0xffff, 0xef7d, 0xcf7e, 0xb6bb, 
	0x8e9e, 0x2b92, 0x1aaf, 0x22f0, 0x1ad0, 0x1ad0, 0x22f0, 0x22d0, 0x1ad0, 0x1aaf, 0x2b71, 0x969d, 0x96de, 0x96dd, 0x8e9d, 0x75ba, 
	0x6d7a, 0x54b7, 0x4cb7, 0x4c97, 0x9577, 0xe7ff, 0xffbe, 0xffbe, 0xf7be, 0xf7de, 0xf79d, 0xef5d, 0xa6bd, 0x7d58, 0x6d9a, 0x6d7a, 
	0x759a, 0x759a, 0x759a, 0x759a, 0x759a, 0x759a, 0x75ba, 0x759a, 0x5d19, 0x5497, 0x4c97, 0x4c76, 0xcedb, 0xefdf, 0xffbe, 0xffbe, 
	0xf7de, 0xf7be, 0x5455, 0x3372, 0x3392, 0x3bd4, 0xe79e, 0xe79e, 0x2af0, 0x1a8f, 0x1a90, 0x1ab0, 0x1a6e, 0x3b51, 0xe7bf, 0xd6fc, 
	0x3bb3, 0x3bb3, 0x3393, 0x33b3, 0x2b72, 0x5496, 0x96fe, 0x96fe, 0x96fe, 0x96de, 0x8ebe, 0x865c, 0x6d79, 0x759a, 0x6d7a, 0x6d7a, 
	0x6d9a, 0x5d39, 0x5434, 0x963c, 0xef7d, 0xef5c, 0xef7d, 0xffde, 0xffff, 0xffff, 0xffff, 0xffff, 0xffff, 0xffff, 0xffff, 0xffff, 
	0xffff, 0xef5d, 0xcf7e, 0xb6bb, 0x8edd, 0x96fe, 0x8e9e, 0x2330, 0x1ad0, 0x22d0, 0x1ad0, 0x1aaf, 0x2b51, 0x96be, 0x96fe, 0x96dd, 
	0x96dd, 0x96dd, 0x8e9d, 0x75ba, 0x6d7a, 0x54b7, 0x4c76, 0x2351, 0x7cb4, 0xe7ff, 0xf79e, 0xf79e, 0xef7d, 0xe73c, 0xe73c, 0xef5d, 
	0xa6bd, 0x7d58, 0x759a, 0x759a, 0x759a, 0x759a, 0x75ba, 0x759a, 0x759a, 0x759a, 0x75ba, 0x759a, 0x5cf8, 0x54b7, 0x54d7, 0x54b7, 
	0x4cb7, 0x4c97, 0x4c97, 0x4c97, 0xdf3d, 0xefdf, 0xffbe, 0xffbe, 0xf7df, 0xe77d, 0x2b10, 0x1a8f, 0x1aaf, 0x1ad0, 0x1a90, 0x1a90, 
	0x1a6e, 0x4392, 0xefdf, 0xcebb, 0x3393, 0x3bb3, 0x3393, 0x33b3, 0x2b72, 0x54b7, 0x9f1e, 0x96fe, 0x96fe, 0x96dd, 0x96be, 0x865c, 
	0x75ba, 0x759a, 0x6d7a, 0x6d59, 0x5d18, 0x5497, 0x7538, 0x7559, 0xd6fc, 0xefdf, 0xcedc, 0xc69b, 0xc69b, 0xc69b, 0x5455, 0x3392, 
	0x3bb3, 0x3bd3, 0xb65a, 0xc6bc, 0xc6bb, 0xc6bb, 0xcefc, 0xd71d, 0xffff, 0xf7df, 0xc6bc, 0xb63a, 0x3bb3, 0x3bb3, 0x3bb3, 0x3bd4, 
	0x3bb3, 0x3bd3, 0x33b3, 0x3393, 0x3371, 0x64d7, 0xcefd, 0xcefd, 0xcefc, 0xcefc, 0xcefc, 0xcefc, 0xcefd, 0xc6bb, 0xbe5a, 0xbe7a, 
	0xb69c, 0x7cd5, 0x3330, 0x7d79, 0xc659, 0xe77e, 0xffff, 0xffff, 0xffff, 0xffff, 0xffdf, 0xffff, 0xffff, 0xef7d, 0xd77e, 0xc6dc, 
	0x9ede, 0x3391, 0x22d0, 0x22f0, 0x22d0, 0x22f0, 0x22f0, 0x22f0, 0x22f0, 0x1ad0, 0x2b71, 0x969d, 0x96de, 0x96dd, 0x8e9d, 0x75ba, 
	0x6d7a, 0x5cf8, 0x54d8, 0x4c97, 0x8557, 0xbf1e, 0xc6db, 0xc69b, 0xc6bb, 0xbe9b, 0xd6db, 0xe77d, 0xbedd, 0x9dd9, 0x963b, 0x963c, 
	0x85fb, 0x7599, 0x75ba, 0x759a, 0x75ba, 0x759a, 0x757a, 0x6d59, 0x5cf8, 0x5497, 0x7538, 0x7579, 0xd71c, 0xefdf, 0xcedc, 0xc69b, 
	0xc6bc, 0xc69b, 0x4c35, 0x3b92, 0x3b93, 0x43d4, 0xb67b, 0xbe9b, 0x5c34, 0x5c13, 0x5c34, 0x5c34, 0x5c13, 0x74b6, 0xefbf, 0xd6fc, 
	0x3bb3, 0x3bb3, 0x33b3, 0x3bd4, 0x3393, 0x4c56, 0x7e1b, 0x7e1b, 0x7dfa, 0x8e7c, 0xaf1e, 0xa6bd, 0x963b, 0x9e5c, 0x963b, 0x963b, 
	0x963c, 0x8dda, 0x7d16, 0xae9c, 0xef7e, 0xd6bb, 0xbe39, 0xdf5e, 0xffdf, 0xffff, 0xffff, 0xffff, 0xffff, 0xffff, 0xffff, 0xffff, 
	0xffff, 0xef5d, 0xcf7e, 0xb6bb, 0x8ebe, 0x7e1b, 0x759a, 0x2330, 0x22d0, 0x22f0, 0x22d0, 0x1ad0, 0x2b51, 0x759a, 0x7e1a, 0x96dd, 
	0x96dd, 0x96dd, 0x8e9d, 0x75ba, 0x6d5a, 0x54b7, 0x4c96, 0x33b3, 0x84f5, 0xe7ff, 0xf79e, 0xf79e, 0xef7d, 0xef5d, 0xef5c, 0xef5d, 
	0xa6bd, 0x7d58, 0x759a, 0x759a, 0x75ba, 0x759a, 0x75ba, 0x759a, 0x759a, 0x759a, 0x75ba, 0x759a, 0x5cf8, 0x54b7, 0x54d7, 0x54b7, 
	0x7558, 0x7d79, 0x7d79, 0x7d78, 0xdf5d, 0xefbf, 0xcebb, 0xc69b, 0xc6bc, 0xbe7b, 0x5c54, 0x5413, 0x53f3, 0x5413, 0x5c14, 0x5414, 
	0x5bd2, 0x74b6, 0xefdf, 0xcedb, 0x3372, 0x3bb3, 0x3393, 0x3393, 0x2b72, 0x4c76, 0x7e1b, 0x7e1b, 0x7dfa, 0x8e7c, 0xaf1e, 0xa6bd, 
	0x759a, 0x6d7a, 0x54f8, 0x4c76, 0x4c97, 0x4476, 0xc6bb, 0xefff, 0xf7be, 0xffdf, 0x5cb7, 0x3331, 0x2b73, 0x2b93, 0x3bb3, 0x3393, 
	0x3393, 0x3393, 0x3393, 0x3373, 0x3393, 0x3373, 0x3352, 0x43f4, 0xefbf, 0xdf3d, 0x3b93, 0x3393, 0x3393, 0x3393, 0x2b73, 0x3393, 
	0x2b73, 0x3393, 0x2b73, 0x2b73, 0x2b52, 0x3393, 0x3373, 0x3393, 0x2b73, 0x3393, 0x3373, 0x3393, 0x2b73, 0x3393, 0x2b73, 0x33b3, 
	0x3373, 0x3393, 0x3393, 0x33b4, 0x3b10, 0xae9d, 0xffff, 0xffff, 0xffff, 0xf7be, 0xef9e, 0xffff, 0xffff, 0xef5d, 0xe73c, 0xef5c, 
	0xd77f, 0x4b4f, 0x1ab0, 0x1af0, 0x1acf, 0x1ad0, 0x22d0, 0x22d0, 0x1ad0, 0x1aaf, 0x2b71, 0x96be, 0x96fe, 0x96dd, 0x8e9d, 0x759a, 
	0x759a, 0x759a, 0x6559, 0x4c96, 0x54b8, 0x4c97, 0x4455, 0x2371, 0x2b92, 0x2351, 0x8d15, 0xe7df, 0xef5c, 0xe73c, 0xffbe, 0xffff, 
	0xaefe, 0x7537, 0x6d9a, 0x6d7a, 0x6d9a, 0x6d9a, 0x5cf8, 0x4c76, 0x4c97, 0x4476, 0xcebb, 0xefff, 0xf7be, 0xffde, 0x5476, 0x3351, 
	0x3393, 0x3373, 0x33b3, 0x3393, 0x3393, 0x3393, 0x3372, 0x3bd3, 0xef9e, 0xffff, 0xffff, 0xffff, 0xffff, 0xffff, 0xf7ff, 0xd6fc, 
	0x3393, 0x3393, 0x3393, 0x3bb3, 0x3393, 0x3393, 0x3373, 0x33b4, 0x3330, 0x7d59, 0xffff, 0xffff, 0xffff, 0xffff, 0xffff, 0xffff, 
	0xffff, 0xffde, 0xf75c, 0xf75c, 0xe7bf, 0x8d15, 0x32ef, 0x9e3c, 0xf79d, 0xffde, 0xffff, 0xffff, 0xffff, 0xffff, 0xffff, 0xffff, 
	0xffff, 0xef5d, 0xcf7e, 0xb6bb, 0x8e9e, 0x2351, 0x128f, 0x1aaf, 0x22f0, 0x22f0, 0x1ad0, 0x1ad0, 0x22d0, 0x1a8f, 0x2b71, 0x96be, 
	0x96dd, 0x96dd, 0x8e7d, 0x75ba, 0x6d5a, 0x4c96, 0x4cb8, 0x4c97, 0x9d97, 0xefff, 0xffbe, 0xffbe, 0xf7de, 0xf7de, 0xef9d, 0xef5d, 
	0xa6bd, 0x7557, 0x6d9a, 0x6d7a, 0x759a, 0x759a, 0x759a, 0x759a, 0x759a, 0x759a, 0x75ba, 0x759a, 0x5cf8, 0x4cb7, 0x4cb7, 0x4c76, 
	0xd6fc, 0xf7df, 0xffde, 0xffde, 0xf7df, 0xef9e, 0x4414, 0x3372, 0x3392, 0x3bd4, 0xef9e, 0xffff, 0xffde, 0xffdf, 0xffff, 0xffff, 
	0xffff, 0xffff, 0xf7ff, 0xd6db, 0x3372, 0x3bb3, 0x3393, 0x33b3, 0x3393, 0x33b4, 0x3373, 0x33b3, 0x3330, 0x7d79, 0xffff, 0xffff, 
	0x9e3b, 0x9e3b, 0x8dda, 0x7d79, 0x8599, 0x7d79, 0xd6fc, 0xefdf, 0xcedc, 0xc69b, 0x5c96, 0x3b92, 0x33b3, 0x3bb4, 0x3bd4, 0x3bb3, 
	0x3bb3, 0x3bb3, 0x3bb3, 0x3bb3, 0x3bd3, 0x3bb3, 0x3bb2, 0x4c14, 0xb69c, 0xae3a, 0x3bd3, 0x3bb3, 0x3bb3, 0x43f4, 0x6cd6, 0x74f7, 
	0x6cd6, 0x74f7, 0x6cd6, 0x6cd6, 0x6cd7, 0x6496, 0x3bb3, 0x3bd3, 0x3bb3, 0x3bd4, 0x3bb3, 0x43d4, 0x3bb3, 0x3bd3, 0x3bb3, 0x43d4, 
	0x3bb3, 0x3bd4, 0x3bb3, 0x3bd4, 0x4350, 0xa69d, 0xffdf, 0xffff, 0xffff, 0xf7be, 0xf79e, 0xffff, 0xffff, 0xf79e, 0xef7d, 0xef5d, 
	0xd75f, 0x5370, 0x22f0, 0x2311, 0x22f0, 0x22f0, 0x2310, 0x2310, 0x22f0, 0x22d0, 0x2b51, 0x759a, 0x7e1a, 0x96dd, 0x969d, 0x75ba, 
	0x75ba, 0x75ba, 0x6d5a, 0x54b7, 0x54d7, 0x54d7, 0x4c76, 0x3bf4, 0x3bf3, 0x3392, 0x7cd4, 0xae7b, 0xd6db, 0xef7d, 0xdf3d, 0xcebb, 
	0xae9c, 0x9e1a, 0x963b, 0x963b, 0x963b, 0x963b, 0x8dda, 0x7d79, 0x7d99, 0x7d78, 0xd6fc, 0xefdf, 0xcedc, 0xc69b, 0x5455, 0x3b92, 
	0x3bd4, 0x3bb3, 0x3bd3, 0x3bb3, 0x3bb3, 0x3bd4, 0x3bb3, 0x43f4, 0xb65a, 0xbebc, 0xcedc, 0xd6fd, 0xffff, 0xf7be, 0xbebc, 0xae19, 
	0x3bb3, 0x3bb3, 0x3bb3, 0x3bd4, 0x3bb3, 0x3bd3, 0x3bb3, 0x3bd4, 0x3b72, 0x6cf7, 0xcefc, 0xcefc, 0xcedc, 0xcefc, 0xcedc, 0xcedc, 
	0xcefc, 0xc6bb, 0xb65a, 0xbe5a, 0xb69c, 0x7cb5, 0x3b51, 0x859a, 0xbe59, 0xe77e, 0xffff, 0xffff, 0xffff, 0xffff, 0xffdf, 0xffff, 
	0xffff, 0xef7d, 0xd77e, 0xc6dc, 0xa6de, 0x3b91, 0x1ad0, 0x22d0, 0x2b10, 0x2310, 0x22f0, 0x22f0, 0x2af0, 0x22d0, 0x33b2, 0x96be, 
	0x96de, 0x96de, 0x969d, 0x75ba, 0x6d7a, 0x5cf8, 0x5d18, 0x54b7, 0x8557, 0xbf1e, 0xc6db, 0xbe9a, 0xbe9b, 0xbe7a, 0xd6db, 0xe77d, 
	0xbedd, 0x9df9, 0x963b, 0x9e5c, 0x85fb, 0x7599, 0x7dba, 0x759a, 0x75ba, 0x759a, 0x759a, 0x6d59, 0x5cf8, 0x54b7, 0x7558, 0x7d79, 
	0xdf1c, 0xefbf, 0xcedb, 0xc69a, 0xbe9c, 0xbe7b, 0x4c14, 0x3bb3, 0x3bb3, 0x43f4, 0xb65a, 0xc6bc, 0xc69b, 0xc6bb, 0xcedc, 0xd71d, 
	0xffff, 0xf7be, 0xc6bc, 0xa5f9, 0x3bb3, 0x43d4, 0x3bb3, 0x43d4, 0x3bb3, 0x43d4, 0x3bb3, 0x3bd4, 0x3b72, 0x6d18, 0xcefc, 0xcefc, 
	0xffbe, 0xffdf, 0xffdf, 0xffff, 0xffdf, 0xffde, 0xffde, 0xffff, 0x64d7, 0x3331, 0x33b4, 0x3393, 0x3393, 0x33b3, 0x3bb4, 0x3393, 
	0x3393, 0x3393, 0x33b3, 0x33b3, 0x33b3, 0x3393, 0x33b3, 0x33b3, 0x3393, 0x3393, 0x3393, 0x33b4, 0x3351, 0x5456, 0xffff, 0xffff, 
	0xffff, 0xffff, 0xffff, 0xffff, 0xffff, 0xcebb, 0x2b32, 0x3373, 0x2b72, 0x3393, 0x3393, 0x3bd4, 0x3393, 0x33b3, 0x3393, 0x3bd4, 
	0x3393, 0x33b3, 0x3393, 0x3bb4, 0x3b50, 0x9e5c, 0xf79d, 0xffde, 0xffff, 0xf7be, 0xf79e, 0xffff, 0xffff, 0xffff, 0xffff, 0xef7d, 
	0xcf5f, 0x4b4f, 0x1ad0, 0x1af0, 0x1ad0, 0x1ad0, 0x22f0, 0x22f0, 0x1ad0, 0x1ad0, 0x22d0, 0x126e, 0x2b50, 0x96be, 0x8e9d, 0x6db9, 
	0x759a, 0x759a, 0x655a, 0x4c97, 0x54d7, 0x54b7, 0x54b7, 0x54b7, 0x4c75, 0x2b92, 0x33d3, 0x2331, 0x9d76, 0xffff, 0x961b, 0x22ad, 
	0x9d97, 0xefff, 0xf7be, 0xf79e, 0xffbe, 0xffdf, 0xffde, 0xffdf, 0xffde, 0xffde, 0xffde, 0xffff, 0x64b7, 0x3331, 0x3393, 0x33b3, 
	0x3bb4, 0x3393, 0x33b3, 0x3393, 0x3bb3, 0x3bb3, 0x3bb4, 0x3393, 0x2b73, 0x3393, 0x3352, 0x4c14, 0xefdf, 0xdf3d, 0x3393, 0x3393, 
	0x33b3, 0x3393, 0x2b72, 0x3393, 0x2b73, 0x2b73, 0x2b72, 0x3393, 0x2b72, 0x3393, 0x2b73, 0x3393, 0x2b73, 0x33b3, 0x2b73, 0x2b73, 
	0x2b73, 0x33b3, 0x2b73, 0x3393, 0x2b73, 0x33b4, 0x33b3, 0x33b4, 0x3b0f, 0xaebe, 0xffff, 0xffff, 0xffff, 0xf7be, 0xf79e, 0xffff, 
	0xffff, 0xef5d, 0xe73c, 0xef5c, 0xcf5f, 0x4b4f, 0x12af, 0x12d0, 0x22f0, 0x22f0, 0x1ad0, 0x1ad0, 0x22d0, 0x1aaf, 0x3391, 0x9ede, 
	0x96fe, 0x96dd, 0x8e9d, 0x7599, 0x759a, 0x759a, 0x6d7a, 0x54b7, 0x54b7, 0x4c97, 0x4455, 0x2b51, 0x2bb2, 0x2351, 0x8d15, 0xe7df, 
	0xef5c, 0xe73c, 0xffde, 0xffff, 0xaede, 0x7537, 0x6d9a, 0x6d7a, 0x6d9a, 0x6d9a, 0x54f8, 0x4c76, 0x4c97, 0x4c76, 0xcedb, 0xf7df, 
	0xf7de, 0xffde, 0x5476, 0x3351, 0x3393, 0x2b73, 0x3393, 0x33b4, 0x3bb3, 0x3393, 0x3373, 0x3393, 0x3393, 0x3393, 0x3372, 0x4c15, 
	0xf7df, 0xd71c, 0x3392, 0x3393, 0x3393, 0x33b3, 0x2b73, 0x3393, 0x2b72, 0x3393, 0x2b73, 0x3393, 0x2b73, 0x2b73, 0x2b73, 0x33b4, 
	0xcedc, 0xae19, 0xb639, 0xae19, 0xb65a, 0xb65a, 0xb67b, 0xbe7b, 0x5c96, 0x3b92, 0x3bd4, 0x3bb3, 0x3bb3, 0x3bd4, 0x43d4, 0x3bb3, 
	0x3bd3, 0x3bd3, 0x3bd4, 0x3bd4, 0x3bb3, 0x3bb3, 0x3bb3, 0x3bd4, 0x3bd3, 0x3bb3, 0x3bb3, 0x43f4, 0x7cf6, 0x95b9, 0xffff, 0xffff, 
	0xffdf, 0xffdf, 0xffdf, 0xffff, 0xffff, 0xd6fc, 0x6cb5, 0x74d6, 0x6cf7, 0x6475, 0x3b93, 0x43d4, 0x3bb3, 0x3bd3, 0x3bb3, 0x43d4, 
	0x3bb3, 0x3bd3, 0x3bb3, 0x3bd4, 0x4371, 0x7d79, 0xb619, 0xdf5e, 0xffdf, 0xf79e, 0xef7d, 0xf7be, 0xffdf, 0xf7be, 0xffbe, 0xef5d, 
	0xd75f, 0x536f, 0x22d0, 0x2311, 0x22f0, 0x22f0, 0x22f0, 0x22f0, 0x22f0, 0x22d0, 0x2b31, 0x4414, 0x54b5, 0x96be, 0x969d, 0x75ba, 
	0x75ba, 0x75ba, 0x6d7a, 0x5cf8, 0x5d18, 0x54b7, 0x54d7, 0x54b7, 0x4c75, 0x3392, 0x3bd3, 0x3372, 0x7cf5, 0xb6bc, 0x95f9, 0x6c94, 
	0xbe59, 0xefdf, 0xf79e, 0xf7be, 0xc6dc, 0xae19, 0xb639, 0xae19, 0xb65a, 0xb65a, 0xbe7b, 0xbe7b, 0x5c76, 0x3b92, 0x3bb4, 0x3bb4, 
	0x3bd4, 0x3bb3, 0x3bd3, 0x3bb3, 0x3bb3, 0x3bd4, 0x3bd4, 0x3bb3, 0x3bb3, 0x3bd4, 0x3bb2, 0x4c14, 0xb67b, 0xa61a, 0x3bb3, 0x3bb3, 
	0x3bb3, 0x4414, 0x7d17, 0x7d18, 0x7d17, 0x7d17, 0x7d17, 0x7d37, 0x7517, 0x6496, 0x3393, 0x3bd3, 0x3bb3, 0x43d4, 0x3bb3, 0x3bb3, 
	0x3bb3, 0x43f4, 0x3bb3, 0x3bd3, 0x3bb3, 0x3bd4, 0x3bb3, 0x3bd4, 0x4350, 0xae9d, 0xffdf, 0xffff, 0xffff, 0xf7be, 0xf79e, 0xffff, 
	0xffff, 0xf79e, 0xef7d, 0xef5d, 0xcf5f, 0x536f, 0x1ad0, 0x22f0, 0x2310, 0x2310, 0x22f0, 0x22f0, 0x22f0, 0x22d0, 0x3371, 0x7579, 
	0x75da, 0x96de, 0x8e9d, 0x75ba, 0x759a, 0x759a, 0x6d7a, 0x54b7, 0x54d7, 0x54b7, 0x5496, 0x3c14, 0x43f4, 0x3392, 0x74b4, 0xa65b, 
	0xd6ba, 0xef9e, 0xd71d, 0xc67a, 0xae7c, 0x9e3b, 0x9e5b, 0x9e3b, 0x9e3b, 0x9e5b, 0x8dfa, 0x8599, 0x8599, 0x8599, 0xdf1c, 0xefdf, 
	0xc6bb, 0xb65a, 0x5455, 0x3b92, 0x3bd4, 0x3bb3, 0x3bb3, 0x3bd4, 0x3bd4, 0x3bb3, 0x3bb3, 0x3bb3, 0x3bb3, 0x3bb3, 0x3b93, 0x4c14, 
	0xb67b, 0xa5f9, 0x3bb3, 0x3bb3, 0x3393, 0x4c15, 0x7517, 0x7d17, 0x74f7, 0x7d17, 0x74f7, 0x7d17, 0x7517, 0x5c75, 0x3393, 0x3bd4, 
	0x7518, 0x122c, 0x12b0, 0x128f, 0x2b52, 0x3373, 0x2b73, 0x2332, 0x2b73, 0x2b73, 0x3393, 0x2b53, 0x3373, 0x3393, 0x3bb4, 0x3393, 
	0x3393, 0x3393, 0x33b3, 0x33b3, 0x33b3, 0x33b3, 0x3393, 0x33b3, 0x33b3, 0x3393, 0x2b31, 0x4c35, 0xffff, 0xffff, 0xffff, 0xffff, 
	0xef9e, 0xf79e, 0xf79e, 0xffde, 0xffff, 0xffdf, 0xef5c, 0xef5d, 0xe7bf, 0xadd8, 0x2332, 0x33b3, 0x3393, 0x33b3, 0x3393, 0x3bb4, 
	0x3393, 0x33b3, 0x3393, 0x3bb3, 0x3393, 0x3393, 0x3b0f, 0x9e5c, 0xf79d, 0xef3c, 0xe73c, 0xe73c, 0xe73c, 0xe73c, 0xe73c, 0xef7d, 
	0xd79f, 0x534f, 0x1ab0, 0x1af0, 0x1ad0, 0x1ad0, 0x1ad0, 0x1ad0, 0x1ad0, 0x1aaf, 0x2b51, 0x96be, 0x96fe, 0x96dd, 0x8e9d, 0x6dba, 
	0x759a, 0x759a, 0x759a, 0x759a, 0x6d7a, 0x5497, 0x54b7, 0x54b7, 0x4455, 0x2b92, 0x33b2, 0x3392, 0x2b92, 0x1af0, 0x9556, 0xf7ff, 
	0xffbe, 0xffde, 0xffde, 0xffff, 0x64d7, 0x122d, 0x1ab0, 0x128f, 0x2b52, 0x2b73, 0x2b73, 0x2352, 0x2b73, 0x2b73, 0x2b73, 0x2b73, 
	0x33b3, 0x3393, 0x33b3, 0x3393, 0x3393, 0x33b3, 0x33b4, 0x3393, 0x3393, 0x33b4, 0x33b3, 0x33b3, 0x2b73, 0x3393, 0x33b3, 0x33b3, 
	0x2b31, 0x5476, 0xffff, 0xffff, 0xffff, 0xffff, 0xffff, 0xffff, 0xffff, 0xc67a, 0x2332, 0x2b93, 0x2b52, 0x33b4, 0x3393, 0x3393, 
	0x3393, 0x3bd4, 0x3393, 0x33b3, 0x3393, 0x33b4, 0x3393, 0x3bb4, 0x3b50, 0x9e5c, 0xf79d, 0xffde, 0xffff, 0xf7be, 0xf79e, 0xffff, 
	0xffff, 0xffff, 0xffff, 0xef7d, 0xcf5f, 0x4b4f, 0x1290, 0x1ab0, 0x22f0, 0x22f0, 0x1ad0, 0x1ad0, 0x1ad0, 0x1ad0, 0x22d0, 0x126e, 
	0x2351, 0x96be, 0x8e9d, 0x6d99, 0x759a, 0x759a, 0x6d5a, 0x4c96, 0x54b7, 0x4c97, 0x54d7, 0x54d7, 0x4c55, 0x2b92, 0x2b92, 0x1b30, 
	0xa597, 0xffff, 0x85da, 0x1a8d, 0x9db7, 0xefff, 0xf7be, 0xf7be, 0xffde, 0xffdf, 0xfffe, 0xfffe, 0xffde, 0xffde, 0xffdf, 0xffdf, 
	0x5476, 0x3331, 0x33b3, 0x3393, 0x33b4, 0x3393, 0x3393, 0x33b4, 0x33b3, 0x3393, 0x3393, 0x33b3, 0x3393, 0x33b3, 0x33b3, 0x3393, 
	0x2b73, 0x3393, 0x3393, 0x3393, 0x2b31, 0x5c97, 0xffff, 0xffff, 0xffff, 0xffff, 0xffff, 0xffff, 0xffff, 0xbe39, 0x2332, 0x33b4, 
	0x5c55, 0x228e, 0x22f0, 0x1ad0, 0x3352, 0x2b52, 0x6cb6, 0x7d38, 0x8558, 0x8537, 0x7d37, 0x7d17, 0x43f4, 0x3bb3, 0x3bd4, 0x3bb3, 
	0x3bb3, 0x3bb3, 0x3bb3, 0x3bb3, 0x3bd4, 0x3bb3, 0x3bb3, 0x3bd4, 0x3bb3, 0x43f4, 0x7d17, 0x95b9, 0xffff, 0xffff, 0xffff, 0xffff, 
	0xefbe, 0xe77d, 0xc6dc, 0xc6fd, 0xd71d, 0xd75e, 0xef7d, 0xef5d, 0xe77e, 0xc659, 0x6cf7, 0x6495, 0x3bb3, 0x3bd4, 0x3bb3, 0x43d4, 
	0x3bb3, 0x3bd4, 0x3bb3, 0x43d4, 0x3bb3, 0x3bd4, 0x4392, 0x7d79, 0xb619, 0xd6fc, 0xe75d, 0xe75c, 0xe75c, 0xe75c, 0xe75d, 0xb5f8, 
	0x95da, 0x4350, 0x22f0, 0x2311, 0x22f0, 0x22f0, 0x2310, 0x2310, 0x22f0, 0x22d0, 0x3391, 0x969e, 0x96dd, 0x96dd, 0x969d, 0x75ba, 
	0x75ba, 0x759a, 0x759a, 0x759a, 0x6d7a, 0x54b7, 0x54d7, 0x54b7, 0x5496, 0x4414, 0x4414, 0x3392, 0x5454, 0x6d17, 0xbe39, 0xf7ff, 
	0xcedc, 0xadd8, 0xae19, 0xae1a, 0x5455, 0x22af, 0x2b11, 0x22f0, 0x3372, 0x3352, 0x6cb6, 0x7d38, 0x8558, 0x7d37, 0x7d37, 0x7d17, 
	0x4c14, 0x3bb3, 0x3bd4, 0x3bb3, 0x3bb3, 0x3bd4, 0x3bd4, 0x3bb3, 0x3bb3, 0x3bd4, 0x3bb3, 0x3bd4, 0x3bb3, 0x3bd4, 0x3bb3, 0x4c15, 
	0x7d16, 0x95da, 0xffff, 0xffff, 0xffdf, 0xffdf, 0xffdf, 0xffff, 0xffff, 0xd6fc, 0x74d6, 0x74f7, 0x7517, 0x6495, 0x3bb3, 0x3bb3, 
	0x3bb3, 0x43f4, 0x3bb3, 0x3bd4, 0x3bb3, 0x3bd4, 0x3bb3, 0x3bd4, 0x4371, 0x7d59, 0xb5f8, 0xdf5e, 0xffdf, 0xf79e, 0xef7d, 0xf7be, 
	0xf7be, 0xf7be, 0xf7be, 0xef5d, 0xcf5f, 0x536f, 0x1ad0, 0x1af0, 0x2b10, 0x2b10, 0x22f0, 0x22f0, 0x22f0, 0x22f0, 0x2b51, 0x4c35, 
	0x54d6, 0x96de, 0x8e9d, 0x75ba, 0x759a, 0x759a, 0x759a, 0x6518, 0x5d18, 0x54b7, 0x54d7, 0x54d7, 0x4c75, 0x33b2, 0x33b2, 0x3392, 
	0x8516, 0xb69c, 0x95d9, 0x74d5, 0xc67a, 0xefdf, 0xf79e, 0xf7be, 0xc6bb, 0xadf8, 0xae19, 0xadf9, 0xae3a, 0xb65a, 0xb65a, 0xb65a, 
	0x5455, 0x3b92, 0x3bd4, 0x3bd3, 0x3bd4, 0x3bb3, 0x3bb3, 0x3bd4, 0x3bd4, 0x3bb3, 0x3bb3, 0x3bb3, 0x3bb3, 0x3bd4, 0x3bd3, 0x3bb3, 
	0x3bb3, 0x3bd4, 0x3bb3, 0x4c15, 0x7d16, 0x9dfa, 0xffff, 0xffff, 0xffdf, 0xffdf, 0xffdf, 0xffff, 0xffff, 0xcebb, 0x6cb6, 0x7d17, 
	0x128f, 0x126f, 0x128f, 0x126f, 0x12b0, 0x0a2e, 0xc65a, 0xffff, 0xffff, 0xffff, 0xffff, 0xf7de, 0x5455, 0x2b31, 0x2b93, 0x2b73, 
	0x3393, 0x3393, 0x33b3, 0x33b3, 0x33b3, 0x3393, 0x3393, 0x33b3, 0x2b52, 0x4415, 0xffff, 0xffff, 0xffff, 0xffff, 0xffff, 0xffff, 
	0xf7df, 0xdf1c, 0x6d7a, 0x6d7a, 0x7538, 0x965c, 0xffff, 0xf79e, 0xe73c, 0xef5c, 0xefbf, 0xa5b7, 0x2332, 0x3393, 0x3393, 0x3bb4, 
	0x3393, 0x33b3, 0x3393, 0x3bb4, 0x3393, 0x3bb3, 0x3393, 0x33b4, 0x3b2f, 0xa69d, 0xf79d, 0xf77d, 0xf77d, 0xf77d, 0xdfbf, 0x4b4f, 
	0x0a6f, 0x1ad0, 0x22d0, 0x22f0, 0x1ad0, 0x1ad0, 0x22f0, 0x1ad0, 0x1ad0, 0x1aaf, 0x2b51, 0x969e, 0x96de, 0x96de, 0x8e9d, 0x6dba, 
	0x759a, 0x759a, 0x759a, 0x759a, 0x6d7a, 0x5497, 0x54b7, 0x4c97, 0x54d7, 0x54d7, 0x4c76, 0x2351, 0x9d56, 0xffff, 0xffde, 0xffff, 
	0x6d18, 0x09eb, 0x0a8f, 0x024e, 0x128f, 0x128f, 0x12af, 0x128f, 0x12af, 0x0a4e, 0xc69a, 0xffff, 0xffff, 0xffff, 0xffff, 0xf7de, 
	0x5455, 0x2b31, 0x2b73, 0x2b73, 0x3393, 0x33b3, 0x3bb3, 0x3393, 0x3393, 0x33b3, 0x33b3, 0x33b3, 0x33b3, 0x33b3, 0x2b31, 0x5455, 
	0xffff, 0xffff, 0xffff, 0xffdf, 0xef9e, 0xf79e, 0xf7be, 0xffdf, 0xffff, 0xffdf, 0xef5c, 0xef7c, 0xefbf, 0xa5b7, 0x2332, 0x2b93, 
	0x3393, 0x3bd4, 0x3393, 0x33b3, 0x3393, 0x3bb3, 0x3393, 0x3bb4, 0x3393, 0x2b93, 0x3b2f, 0xa67d, 0xf79d, 0xef3c, 0xe73c, 0xe73c, 
	0xe73c, 0xe73c, 0xe73c, 0xef7d, 0xd79f, 0x4b4f, 0x12af, 0x12d0, 0x22f0, 0x22f0, 0x1ad0, 0x1ad0, 0x22d0, 0x1aaf, 0x3391, 0x9ede, 
	0x96fe, 0x96dd, 0x8e9d, 0x6dba, 0x759a, 0x759a, 0x759a, 0x759a, 0x6d5a, 0x4c96, 0x54b8, 0x54b7, 0x4c55, 0x2b72, 0x3392, 0x3392, 
	0x2b92, 0x12f0, 0x9d76, 0xf7ff, 0xffde, 0xffde, 0xffde, 0xffff, 0x6496, 0x122c, 0x1ab0, 0x128f, 0x2352, 0x2b93, 0x2b73, 0x2332, 
	0x2b73, 0x2b72, 0x3373, 0x2b73, 0x33b4, 0x3393, 0x3393, 0x33b3, 0x3bb3, 0x3393, 0x3393, 0x33b3, 0x3393, 0x33b3, 0x3393, 0x3393, 
	0x3393, 0x33b3, 0x2b31, 0x5c96, 0xffff, 0xffff, 0xffff, 0xffdf, 0xef9e, 0xf79e, 0xf79e, 0xffdf, 0xffff, 0xffdf, 0xef5c, 0xef7c, 
	0x7d16, 0x7cf6, 0x7d16, 0x7cf6, 0x7cf6, 0x74b5, 0xd6db, 0xf7ff, 0xbe9b, 0xa5d8, 0xdf3d, 0xefbf, 0x95b9, 0x8537, 0x8d79, 0x8578, 
	0x43f4, 0x3bb3, 0x3bd4, 0x3bd4, 0x3bd4, 0x3bb3, 0x3bb3, 0x43f4, 0x8557, 0x95d9, 0xffff, 0xffff, 0xffff, 0xffff, 0xffff, 0xf7bf, 
	0xbefd, 0xb69c, 0x759a, 0x759a, 0x7599, 0x861b, 0xb67b, 0xc6dc, 0xef7d, 0xef5d, 0xe77e, 0xbe59, 0x7517, 0x6475, 0x3bb3, 0x43f4, 
	0x3bb3, 0x3bd4, 0x3bb3, 0x43d4, 0x3bb3, 0x3bd4, 0x3bb4, 0x3bd4, 0x4391, 0x7d79, 0xa5f9, 0x9db8, 0x9d97, 0x9db8, 0x8db9, 0x4350, 
	0x22f0, 0x2311, 0x22f0, 0x2b11, 0x22f0, 0x22f0, 0x22f0, 0x22f0, 0x22f0, 0x22d0, 0x3391, 0x969e, 0x96dd, 0x867c, 0x863c, 0x75ba, 
	0x7dba, 0x759a, 0x759a, 0x759a, 0x6d7a, 0x54b7, 0x54d7, 0x54b7, 0x54d7, 0x54d7, 0x4c76, 0x3392, 0x74b5, 0xa65b, 0xae39, 0xae39, 
	0x8d78, 0x74b5, 0x7cf6, 0x7cd6, 0x7d16, 0x7cf6, 0x7cf6, 0x7cf6, 0x7cf6, 0x6c95, 0xd6fc, 0xf7ff, 0xbe9b, 0xadf9, 0xe75d, 0xefbe, 
	0x95b9, 0x8517, 0x8578, 0x8558, 0x43f4, 0x3bb3, 0x3bd4, 0x3bb3, 0x3bb3, 0x3bd4, 0x3bb3, 0x3bd4, 0x3bb3, 0x4414, 0x8537, 0x9dfa, 
	0xffff, 0xffff, 0xffff, 0xffff, 0xefbe, 0xe75d, 0xc6dc, 0xc6fd, 0xcf1d, 0xd73d, 0xef7d, 0xef5d, 0xe77e, 0xc659, 0x7517, 0x5c55, 
	0x3bb3, 0x43f4, 0x3bb3, 0x3bd4, 0x3bb3, 0x3bd4, 0x3bb3, 0x43d4, 0x3bb3, 0x3bd4, 0x4392, 0x7d79, 0xadf8, 0xd6fc, 0xef5c, 0xe75c, 
	0xe73c, 0xe75c, 0xdf5d, 0xb5d7, 0x8d99, 0x4350, 0x1ad0, 0x22f0, 0x2b10, 0x2b10, 0x22f0, 0x22f0, 0x2af0, 0x22d0, 0x33b2, 0x96be, 
	0x96de, 0x96de, 0x969d, 0x75ba, 0x75ba, 0x759a, 0x7dba, 0x75ba, 0x6d7a, 0x54b7, 0x54d7, 0x54d7, 0x5496, 0x4414, 0x3bf3, 0x3392, 
	0x6494, 0x7d37, 0xc67a, 0xf7ff, 0xc6bb, 0xa5b7, 0xa5d9, 0xa5f9, 0x5414, 0x22af, 0x2b11, 0x22f0, 0x3352, 0x3352, 0x74f6, 0x8578, 
	0x8d78, 0x8558, 0x8558, 0x8537, 0x4c15, 0x3b93, 0x3bb3, 0x3bd4, 0x3bd4, 0x3bb3, 0x3bb3, 0x3bd4, 0x3bd3, 0x43d4, 0x3bd4, 0x3bd3, 
	0x3bb3, 0x4c15, 0x8d37, 0x9dfa, 0xffff, 0xffff, 0xffff, 0xffdf, 0xefbe, 0xe75d, 0xbedc, 0xc6fd, 0xcf1d, 0xd75e, 0xef7d, 0xef5d, 
	0xffff, 0xffff, 0xffff, 0xffff, 0xffff, 0xffff, 0xffff, 0xffff, 0x5434, 0x0a0c, 0xc69a, 0xffff, 0xfffe, 0xffff, 0xffff, 0xffff, 
	0x5455, 0x3372, 0x3393, 0x3393, 0x3393, 0x3393, 0x3372, 0x4c14, 0xffff, 0xffff, 0xffff, 0xffff, 0xffff, 0xffff, 0xffff, 0xe77e, 
	0x6d59, 0x6d7a, 0x6d9a, 0x6d9a, 0x6d9a, 0x6559, 0x4c34, 0x7ddb, 0xffff, 0xf79d, 0xef5c, 0xef7c, 0xe7df, 0x9d76, 0x2332, 0x33b4, 
	0x3393, 0x33b3, 0x3393, 0x3bb4, 0x3393, 0x3bb3, 0x3393, 0x3bb3, 0x3393, 0x3393, 0x2b73, 0x12d0, 0x128f, 0x1ab0, 0x128f, 0x1ad0, 
	0x1ad0, 0x22f0, 0x1ad0, 0x22f0, 0x1ad0, 0x1ad0, 0x1ad0, 0x1ad0, 0x1ad0, 0x128f, 0x2330, 0x969e, 0x8e9d, 0x6d99, 0x759a, 0x759a, 
	0x759a, 0x759a, 0x759a, 0x759a, 0x6d7a, 0x5497, 0x54b7, 0x4cb7, 0x54b7, 0x54b7, 0x4c55, 0x2b92, 0x2b92, 0x2b71, 0x2b72, 0x12cf, 
	0xadd8, 0xffff, 0xffff, 0xffff, 0xffff, 0xffff, 0xffff, 0xffff, 0xffff, 0xffff, 0xffff, 0xffff, 0x4bf4, 0x122c, 0xcebb, 0xffff, 
	0xfffe, 0xffff, 0xffff, 0xffff, 0x4c35, 0x3b92, 0x33b4, 0x3393, 0x3393, 0x33b3, 0x3393, 0x3393, 0x2b31, 0x4c15, 0xffff, 0xffff, 
	0xffff, 0xffff, 0xffff, 0xffff, 0xf7df, 0xd6fc, 0x6d59, 0x6d9a, 0x7538, 0x965c, 0xffff, 0xf79d, 0xe73c, 0xef5c, 0xe7df, 0x9d76, 
	0x2332, 0x33b4, 0x3393, 0x33b3, 0x3393, 0x3bb3, 0x3393, 0x3bb4, 0x3393, 0x33b3, 0x33b4, 0x3393, 0x3b2f, 0xaebd, 0xf79d, 0xf77d, 
	0xf77d, 0xf77d, 0xd79f, 0x4b2e, 0x126f, 0x1ad0, 0x1ab0, 0x1ab0, 0x22f0, 0x22f0, 0x1ad0, 0x1ad0, 0x22d0, 0x1aaf, 0x2b91, 0x96be, 
	0x96dd, 0x96de, 0x8e9d, 0x7599, 0x759a, 0x759a, 0x759a, 0x759a, 0x6559, 0x4c96, 0x54d7, 0x54b7, 0x54d7, 0x54d7, 0x4435, 0x2351, 
	0xa597, 0xffff, 0xffde, 0xffff, 0x6cf7, 0x09cb, 0x0a8f, 0x024e, 0x128f, 0x128f, 0x12b0, 0x126f, 0x128f, 0x0a4e, 0xcebb, 0xffff, 
	0xffff, 0xffff, 0xffff, 0xf7be, 0x4c35, 0x2b31, 0x2353, 0x2b93, 0x33b3, 0x3393, 0x3393, 0x33b3, 0x3393, 0x33b3, 0x33b3, 0x3393, 
	0x2b31, 0x5455, 0xffff, 0xffff, 0xffff, 0xffff, 0xffff, 0xffff, 0xf7df, 0xd6fc, 0x6579, 0x6d9a, 0x7538, 0x9e7d, 0xffff, 0xf79d, 
	0xc6bc, 0x9d97, 0x9dd9, 0x9db9, 0x9db8, 0x9577, 0x9598, 0x9598, 0x43b3, 0x22ae, 0x7cf6, 0x9598, 0x9577, 0x9577, 0xef9e, 0xffff, 
	0x5455, 0x3b92, 0x3bb4, 0x3bb4, 0x33b3, 0x3393, 0x3372, 0x4c14, 0xf7df, 0xffff, 0xffff, 0xffff, 0xffff, 0xffff, 0xf7ff, 0xe77e, 
	0x7e1b, 0x861b, 0x7e3c, 0x7dfb, 0x759a, 0x6d7a, 0x64f7, 0x759a, 0xae7b, 0xa65b, 0xa5f9, 0xbebc, 0xefbf, 0xc659, 0x7d38, 0x6475, 
	0x2b73, 0x33b3, 0x3393, 0x3bb3, 0x3393, 0x33b3, 0x3393, 0x3bb3, 0x3393, 0x3372, 0x2331, 0x1ad0, 0x1ad0, 0x22f0, 0x1acf, 0x1ad0, 
	0x1ad0, 0x1ad0, 0x1ad0, 0x22f0, 0x1acf, 0x1ad0, 0x1ad0, 0x1ad0, 0x22f0, 0x4c56, 0x54f6, 0x96be, 0x8e9d, 0x6dba, 0x759a, 0x759a, 
	0x759a, 0x759a, 0x6d7a, 0x6539, 0x5d39, 0x4cb7, 0x54b7, 0x4c97, 0x54b7, 0x54b7, 0x4455, 0x2b92, 0x33b2, 0x2b72, 0x6495, 0x8578, 
	0xcebb, 0xf7ff, 0xffdf, 0xffff, 0xbebc, 0x9d98, 0x9dd9, 0x9db9, 0x9db8, 0x9577, 0x9598, 0x9598, 0x3b92, 0x1a8e, 0x7cf6, 0x9599, 
	0x9577, 0x9577, 0xefbf, 0xf7ff, 0x4c35, 0x3b92, 0x33b4, 0x3393, 0x3393, 0x33b3, 0x3393, 0x43f4, 0x8d78, 0x9dfa, 0xffff, 0xffff, 
	0xffff, 0xffff, 0xffff, 0xf7be, 0xb6dd, 0xa65b, 0x6d9a, 0x75ba, 0x7579, 0x85fb, 0xae3a, 0xbedc, 0xef7d, 0xef5d, 0xe77e, 0xbe39, 
	0x7d38, 0x6475, 0x2b73, 0x33b3, 0x3393, 0x33b3, 0x3393, 0x3bb4, 0x3393, 0x3393, 0x3393, 0x33b4, 0x3b71, 0x7539, 0x9db8, 0x9577, 
	0x8d36, 0x8d57, 0x8558, 0x3b30, 0x1ab0, 0x1af0, 0x1aaf, 0x1aaf, 0x22f0, 0x22f0, 0x1ad0, 0x1acf, 0x1ad0, 0x1aaf, 0x2b91, 0x96be, 
	0x8ebd, 0x865c, 0x861c, 0x7599, 0x759a, 0x759a, 0x759a, 0x759a, 0x6559, 0x4c96, 0x54d7, 0x4cb7, 0x54d7, 0x54b7, 0x4435, 0x2371, 
	0x6cb5, 0x9e1a, 0x9df8, 0x9df8, 0x8d78, 0x7cf6, 0x8537, 0x7d16, 0x8537, 0x7d17, 0x8537, 0x7d16, 0x7cf6, 0x74d5, 0xdf1c, 0xf7ff, 
	0xae3a, 0x9d97, 0xdf3d, 0xefbf, 0x95b9, 0x8537, 0x8d99, 0x8d99, 0x3bd4, 0x3393, 0x3393, 0x33b3, 0x3bb3, 0x3bd3, 0x3bb3, 0x43f4, 
	0x8d57, 0x9dfa, 0xffff, 0xffff, 0xffff, 0xffff, 0xffff, 0xefbe, 0xbedd, 0xae7b, 0x759a, 0x75ba, 0x7579, 0x85fb, 0xb65a, 0xc6fd, 
	0x6cf7, 0x120c, 0x12b0, 0x0a8f, 0x12af, 0x126f, 0x128f, 0x126f, 0x1ad0, 0x1ad0, 0x1ab0, 0x0a6f, 0x0a6e, 0x128f, 0xdf5d, 0xffff, 
	0x4c35, 0x2b31, 0x3393, 0x33b3, 0x33b3, 0x3393, 0x3372, 0x4c14, 0xf7df, 0xffff, 0xffff, 0xffff, 0xffff, 0xffff, 0xefbf, 0xe77d, 
	0x9f1e, 0x96fe, 0x96de, 0x867c, 0x6d79, 0x759a, 0x75bb, 0x6539, 0x4476, 0x4497, 0x4c34, 0x8e3c, 0xffff, 0xf79d, 0xe7df, 0x9d56, 
	0x2332, 0x2b73, 0x2b52, 0x3393, 0x3393, 0x33b3, 0x3393, 0x3bb4, 0x33b3, 0x2331, 0x12af, 0x1aaf, 0x1ad0, 0x22f0, 0x1acf, 0x1ad0, 
	0x1ad0, 0x1ad0, 0x1ad0, 0x22f0, 0x1acf, 0x1ad0, 0x1ad0, 0x1a8f, 0x2310, 0x96be, 0x971e, 0x96de, 0x8e9d, 0x6dba, 0x759a, 0x759a, 
	0x759a, 0x759a, 0x6559, 0x4c96, 0x54b7, 0x54b7, 0x54b7, 0x4cb7, 0x54b7, 0x54b7, 0x4455, 0x2b92, 0x2b92, 0x1b10, 0xa5b7, 0xffff, 
	0xffdf, 0xf77d, 0xf7be, 0xffff, 0x64b7, 0x120c, 0x12af, 0x0a8f, 0x12b0, 0x126f, 0x12af, 0x128f, 0x1ad0, 0x1acf, 0x128f, 0x128f, 
	0x1a8f, 0x1a8f, 0xe77e, 0xffff, 0x4414, 0x3351, 0x33b4, 0x3393, 0x3393, 0x33b3, 0x3b72, 0x5435, 0xffff, 0xffff, 0xffff, 0xffff, 
	0xffff, 0xffff, 0xffff, 0xe75d, 0x6d59, 0x6d79, 0x6d7a, 0x759a, 0x759b, 0x6539, 0x4c14, 0x85fb, 0xffff, 0xf79d, 0xef5c, 0xef5c, 
	0xe7df, 0x9d56, 0x2332, 0x3393, 0x3393, 0x33b3, 0x3393, 0x3bb4, 0x3393, 0x3393, 0x3393, 0x3bb3, 0x3393, 0x3393, 0x2b73, 0x1ad0, 
	0x128f, 0x128f, 0x128f, 0x1ad0, 0x1ad0, 0x22f0, 0x1aaf, 0x1aaf, 0x22f0, 0x22f0, 0x1ad0, 0x1acf, 0x1ad0, 0x128f, 0x2b51, 0x96be, 
	0x8e9d, 0x6d99, 0x759a, 0x759a, 0x759a, 0x759a, 0x759a, 0x759a, 0x6d5a, 0x4c96, 0x54b7, 0x4cb7, 0x54d7, 0x54b7, 0x4435, 0x2b72, 
	0x33b2, 0x2351, 0x2351, 0x12cf, 0xadf8, 0xffff, 0xffff, 0xffff, 0xffff, 0xffff, 0xffff, 0xffff, 0xffff, 0xffff, 0xffff, 0xffff, 
	0x43b3, 0x124d, 0xd6db, 0xffff, 0xffff, 0xffff, 0xffff, 0xffff, 0x4c15, 0x3372, 0x3393, 0x3393, 0x3393, 0x33b4, 0x3b72, 0x5455, 
	0xffff, 0xffff, 0xffff, 0xffff, 0xffff, 0xffff, 0xffff, 0xdf3d, 0x6559, 0x6d7a, 0x757a, 0x759a, 0x6dbb, 0x5d18, 0x4c14, 0x8e1c, 
	0x5435, 0x22cf, 0x2311, 0x22f0, 0x2b11, 0x22f0, 0x2b11, 0x22f0, 0x2b11, 0x22f0, 0x2b11, 0x22d0, 0x22d0, 0x22f0, 0x8537, 0x95b9, 
	0x95b9, 0x8d98, 0x43f4, 0x3bb3, 0x3bd4, 0x3bd4, 0x43b3, 0x5435, 0xef7e, 0xf7df, 0xffff, 0xffff, 0xffff, 0xffff, 0xefbf, 0xd71c, 
	0x5cf6, 0x7579, 0x96de, 0x8e9d, 0x863c, 0x861b, 0x75ba, 0x757a, 0x6539, 0x6518, 0x5c96, 0x7d9a, 0xb63a, 0xc6dc, 0xe77e, 0xbe59, 
	0x8557, 0x95b9, 0x95da, 0x6c95, 0x3bb3, 0x43f4, 0x3bd3, 0x3bb3, 0x3352, 0x2b31, 0x22d0, 0x22f0, 0x22f0, 0x2b11, 0x22f0, 0x22f0, 
	0x22f0, 0x2310, 0x22f0, 0x2b11, 0x2310, 0x2310, 0x2b31, 0x5c96, 0x5d17, 0x96bd, 0x96dd, 0x865c, 0x863c, 0x75ba, 0x7dba, 0x7dba, 
	0x759a, 0x6d39, 0x6519, 0x54b7, 0x5cd8, 0x5cd7, 0x54d7, 0x54d7, 0x5cd8, 0x5cd7, 0x5476, 0x3392, 0x6c95, 0x8db9, 0xcebb, 0xf7df, 
	0xf7be, 0xf7be, 0xbe7b, 0x9577, 0x5414, 0x22cf, 0x2b11, 0x22f0, 0x2b31, 0x22f0, 0x2b10, 0x2310, 0x2b31, 0x22f0, 0x2b11, 0x2b11, 
	0x2b10, 0x2b10, 0x8d57, 0x95b9, 0x95b9, 0x8d98, 0x43f4, 0x3bb3, 0x3bd4, 0x3bd4, 0x43b2, 0x5475, 0xf7ff, 0xffff, 0xffff, 0xffff, 
	0xffff, 0xffff, 0xf7ff, 0xe77e, 0x861b, 0x863c, 0x863c, 0x861b, 0x75ba, 0x759a, 0x6518, 0x7dba, 0xae5b, 0xa65b, 0xa5f9, 0xc6dc, 
	0xefbf, 0xc679, 0x8578, 0x6495, 0x3bb3, 0x43f4, 0x3bd3, 0x43f4, 0x3bb3, 0x3bd4, 0x3bd3, 0x43f4, 0x3bd4, 0x3393, 0x3372, 0x2b31, 
	0x2b10, 0x2b10, 0x2b10, 0x2b11, 0x2b10, 0x2b11, 0x22f0, 0x22f0, 0x2b11, 0x2b11, 0x2310, 0x22f0, 0x2b51, 0x5cb6, 0x6537, 0x96de, 
	0x969d, 0x75ba, 0x7dba, 0x75ba, 0x7dba, 0x75ba, 0x759a, 0x6d39, 0x6539, 0x54b7, 0x5cd7, 0x54b7, 0x5cd8, 0x5cd7, 0x4c55, 0x33b2, 
	0x43f3, 0x33b2, 0x6cd5, 0x8db9, 0xd6db, 0xf7df, 0xffdf, 0xffff, 0xbe9b, 0x9d97, 0x9db9, 0x9db8, 0x9598, 0x9577, 0x9598, 0x9598, 
	0x4392, 0x2aef, 0x8516, 0x9598, 0x9577, 0x9577, 0xefbf, 0xf7ff, 0x5435, 0x3bb3, 0x3bd4, 0x3bd4, 0x3bd3, 0x3bd4, 0x3b92, 0x5455, 
	0xffff, 0xffff, 0xffff, 0xffff, 0xffff, 0xffff, 0xf7ff, 0xdf5d, 0x861b, 0x863c, 0x863c, 0x861b, 0x75ba, 0x6d7a, 0x64f7, 0x7dda, 
	0x1ab0, 0x1ad0, 0x22f0, 0x1acf, 0x22f0, 0x1acf, 0x22f0, 0x1acf, 0x22f0, 0x1ad0, 0x22f0, 0x1ab0, 0x1ab0, 0x1ad0, 0x1aaf, 0x128f, 
	0xe75d, 0xffff, 0x43f4, 0x3351, 0x33b3, 0x3393, 0x3392, 0x4414, 0xe73c, 0xef9e, 0xffff, 0xffff, 0xffff, 0xffff, 0xffff, 0xcebb, 
	0x126e, 0x3bb3, 0x971f, 0x96fe, 0x96de, 0x8e7c, 0x757a, 0x759a, 0x75ba, 0x6d59, 0x4c97, 0x4cb8, 0x4c34, 0x8e1b, 0xf79d, 0xef5d, 
	0xef5c, 0xffff, 0xffff, 0xa597, 0x2b73, 0x3393, 0x2b72, 0x1af1, 0x0a6e, 0x12af, 0x0a6f, 0x0a6f, 0x128f, 0x12af, 0x126f, 0x128f, 
	0x128f, 0x128f, 0x128f, 0x128f, 0x126f, 0x128f, 0x1b0f, 0x969e, 0x971e, 0x96de, 0x8ebe, 0x6dba, 0x759a, 0x759a, 0x759a, 0x759a, 
	0x6d7a, 0x4c96, 0x4c97, 0x4c97, 0x54d7, 0x54b7, 0x54b7, 0x4c97, 0x54b7, 0x54b7, 0x4c55, 0x2351, 0x9d97, 0xffff, 0xffff, 0xffbe, 
	0xffde, 0xffff, 0x6cf7, 0x09cb, 0x1ab0, 0x1ad0, 0x22f0, 0x1acf, 0x22f0, 0x1acf, 0x1ad0, 0x1ad0, 0x22f0, 0x1acf, 0x1ad0, 0x1ad0, 
	0x22f0, 0x1ad0, 0x128f, 0x1aaf, 0xe77e, 0xf7ff, 0x43f4, 0x2b31, 0x2b93, 0x33b4, 0x3b72, 0x4c35, 0xffff, 0xffff, 0xffff, 0xffff, 
	0xffff, 0xffff, 0xe7be, 0xdf7d, 0x9f1e, 0x96fe, 0x96de, 0x8e7c, 0x6d7a, 0x759a, 0x75bb, 0x6539, 0x4476, 0x4cb7, 0x4c34, 0x8e3c, 
	0xfffe, 0xf79d, 0xe7df, 0x9515, 0x2332, 0x2b93, 0x2b52, 0x33b3, 0x3393, 0x33b3, 0x3393, 0x3bb4, 0x33b3, 0x2311, 0x1aaf, 0x22f0, 
	0x1ad0, 0x1ad0, 0x1ad0, 0x22f0, 0x1ad0, 0x22f0, 0x1ab0, 0x1ab0, 0x22f0, 0x22f0, 0x1ad0, 0x128f, 0x2330, 0x96be, 0x971e, 0x96fe, 
	0x8e9d, 0x6d99, 0x759a, 0x759a, 0x759a, 0x759a, 0x6d7a, 0x4c96, 0x54b7, 0x4c97, 0x54d7, 0x54b7, 0x54d7, 0x54b7, 0x4435, 0x2b92, 
	0x33b3, 0x1b10, 0xadd8, 0xffff, 0xffdf, 0xf77d, 0xf7be, 0xffff, 0x6496, 0x122c, 0x12b0, 0x0a8f, 0x12af, 0x128f, 0x12af, 0x128f, 
	0x1ad0, 0x1ad0, 0x12af, 0x128f, 0x128f, 0x1aaf, 0xefbf, 0xffff, 0x43f4, 0x2b51, 0x3393, 0x33b3, 0x3393, 0x33b4, 0x3372, 0x4c55, 
	0xffff, 0xffff, 0xffff, 0xffff, 0xffff, 0xffdf, 0xefbf, 0xdf5d, 0x96fe, 0x96fe, 0x96de, 0x867c, 0x6d7a, 0x759a, 0x759b, 0x6539, 
	0x5434, 0x22af, 0x22f0, 0x22f0, 0x2b11, 0x22f0, 0x2b11, 0x22f0, 0x2b11, 0x22f0, 0x2b11, 0x22d0, 0x22f0, 0x22f0, 0x2b10, 0x22f0, 
	0x74d5, 0x8557, 0x95b9, 0x95b9, 0x43f4, 0x3b93, 0x3b93, 0x43f4, 0x8d57, 0x9db9, 0xef9e, 0xf7be, 0xf7be, 0xe73c, 0x8537, 0x74b5, 
	0x1acf, 0x3372, 0x54b6, 0x6d59, 0x96de, 0x8e7c, 0x759a, 0x759a, 0x75ba, 0x6d59, 0x54b7, 0x54d8, 0x5496, 0x6d79, 0xa5d9, 0xc6fd, 
	0xefbf, 0xc659, 0x7d58, 0x5c34, 0x2aef, 0x6cd7, 0x9598, 0x9598, 0x9598, 0x9598, 0x8d78, 0x8d57, 0x8d57, 0x8d57, 0x8d37, 0x8d57, 
	0x8d57, 0x9578, 0x9578, 0x9598, 0x8599, 0x6cd6, 0x5d17, 0x8ebd, 0x96bd, 0x863c, 0x863c, 0x75ba, 0x759a, 0x759a, 0x759a, 0x6518, 
	0x6519, 0x54b7, 0x54b7, 0x54b7, 0x54d7, 0x54b7, 0x54d7, 0x54b7, 0x54d7, 0x54b7, 0x4c76, 0x2b52, 0x9d56, 0xf7ff, 0xc6dc, 0x9556, 
	0x8db8, 0x8d98, 0x9578, 0x9577, 0x4bf4, 0x22ae, 0x2310, 0x22d0, 0x22f0, 0x22d0, 0x22f0, 0x22d0, 0x22f0, 0x22d0, 0x22f0, 0x22f0, 
	0x22f0, 0x22d0, 0x22f0, 0x22f0, 0x7cd6, 0x8d57, 0x95b9, 0x8d98, 0x3bd4, 0x3bb3, 0x3b92, 0x5435, 0xef9e, 0xf7be, 0xffff, 0xffff, 
	0xffff, 0xffff, 0xefdf, 0xd6fc, 0x5496, 0x6d59, 0x96de, 0x8ebd, 0x863c, 0x7e1b, 0x759a, 0x6d7a, 0x6519, 0x6518, 0x5496, 0x757a, 
	0xa619, 0xbedc, 0xe77e, 0xbe59, 0x8d78, 0x9dd9, 0x9dfb, 0x6c95, 0x3393, 0x3bb4, 0x3bb3, 0x3392, 0x2b31, 0x2311, 0x22d0, 0x22f0, 
	0x22d0, 0x22f0, 0x22d0, 0x22f0, 0x22d0, 0x22f0, 0x1ad0, 0x1ad0, 0x22f0, 0x22f0, 0x2b10, 0x5cb7, 0x6537, 0x96bd, 0x96bd, 0x863c, 
	0x861b, 0x75ba, 0x75ba, 0x759a, 0x6d9a, 0x6518, 0x5d18, 0x54b7, 0x54d7, 0x54b7, 0x54d7, 0x54b7, 0x54d8, 0x54d7, 0x4435, 0x2b72, 
	0x74d5, 0x95d9, 0xd6db, 0xf7df, 0xf7be, 0xf7be, 0xae3a, 0x8d16, 0x43d3, 0x22af, 0x2311, 0x22d0, 0x22f0, 0x22d0, 0x22f0, 0x22d0, 
	0x22f0, 0x22d0, 0x22f0, 0x22d0, 0x22f0, 0x22d0, 0x7cf6, 0x8d78, 0x95b9, 0x9598, 0x43d4, 0x3b93, 0x3bb3, 0x3bd4, 0x3b92, 0x5455, 
	0xef9e, 0xf7df, 0xffff, 0xffff, 0xffff, 0xffff, 0xefdf, 0xcedb, 0x5495, 0x6d79, 0x96fe, 0x8ebd, 0x863c, 0x7dfb, 0x759a, 0x757a, 
	0x7518, 0x1a4d, 0x1ad0, 0x1ab0, 0x22f0, 0x1acf, 0x22f0, 0x1acf, 0x22f0, 0x1acf, 0x22f0, 0x1aaf, 0x1ab0, 0x1ad0, 0x22f0, 0x1acf, 
	0x128e, 0x1aaf, 0xe77e, 0xf7ff, 0x3bd4, 0x2b52, 0x2b73, 0x2b73, 0x2311, 0x3bd4, 0xe73c, 0xef7d, 0xef9e, 0xce9a, 0x126e, 0x1aaf, 
	0x1ad0, 0x1ad0, 0x0a6e, 0x3bb3, 0x96fe, 0x867c, 0x6d9a, 0x759a, 0x759a, 0x6559, 0x4c97, 0x54d7, 0x4cb8, 0x4cb8, 0x5414, 0xa69d, 
	0xffff, 0x8cd4, 0x022e, 0x12b0, 0x1a0b, 0x95da, 0xf79d, 0xffff, 0xffff, 0xffff, 0xffff, 0xffff, 0xffdf, 0xffdf, 0xffde, 0xffde, 
	0xffde, 0xffff, 0xffff, 0xffff, 0xefff, 0xb6dc, 0x8efe, 0x8efe, 0x8ebe, 0x6dba, 0x759a, 0x759a, 0x759a, 0x759a, 0x6d7a, 0x5497, 
	0x54b7, 0x4cb7, 0x4c97, 0x4c97, 0x54d7, 0x54b7, 0x54b7, 0x4c97, 0x54b8, 0x54b8, 0x4475, 0x2351, 0x9555, 0xffff, 0x8dda, 0x2aee, 
	0x2392, 0x1b30, 0xadd7, 0xffff, 0x6cf7, 0x1a6d, 0x1af0, 0x1ad0, 0x22f0, 0x1aaf, 0x1ad0, 0x1ad0, 0x22f0, 0x1acf, 0x1ad0, 0x1ad0, 
	0x22f0, 0x1ad0, 0x1ad0, 0x1ad0, 0x126e, 0x22d0, 0xef9e, 0xf7df, 0x43f4, 0x3393, 0x3392, 0x4c15, 0xe75c, 0xef9e, 0xffff, 0xffff, 
	0xffff, 0xffff, 0xffff, 0xce9a, 0x0a4d, 0x3bd4, 0x9f1f, 0x96fe, 0x96de, 0x867c, 0x6d9a, 0x759a, 0x75ba, 0x6d59, 0x4cb7, 0x4c97, 
	0x4c34, 0x8e3c, 0xf79d, 0xef5d, 0xef5c, 0xffff, 0xffff, 0x9d56, 0x2b73, 0x2b93, 0x2b73, 0x1af1, 0x0a6f, 0x128f, 0x126f, 0x128f, 
	0x128f, 0x128f, 0x128f, 0x128f, 0x128f, 0x128f, 0x0a6f, 0x0a6f, 0x128f, 0x128f, 0x2310, 0x969e, 0x971e, 0x96de, 0x8ebe, 0x6d99, 
	0x6d9a, 0x759a, 0x759a, 0x75ba, 0x6d7a, 0x4c96, 0x54b7, 0x54b7, 0x54b7, 0x4cb7, 0x54d7, 0x4cb7, 0x54b8, 0x54b7, 0x3c35, 0x2351, 
	0xa5b7, 0xffff, 0xffff, 0xffbe, 0xffde, 0xffff, 0x64b7, 0x09cb, 0x12b0, 0x1ad0, 0x22f0, 0x1acf, 0x1ad0, 0x1ad0, 0x22f0, 0x1ad0, 
	0x22f0, 0x1ad0, 0x22f0, 0x1ad0, 0x1af0, 0x1aaf, 0x126e, 0x1ad0, 0xef9e, 0xf7df, 0x3bb3, 0x3352, 0x3394, 0x33b4, 0x3372, 0x4c35, 
	0xe75d, 0xef9e, 0xffff, 0xffff, 0xffff, 0xffff, 0xffff, 0xc659, 0x0a2d, 0x43f4, 0x9f1f, 0x96fe, 0x96de, 0x865c, 0x6d79, 0x75ba, 
	0x7d38, 0x2a8d, 0x2311, 0x22f0, 0x2b11, 0x22f0, 0x2b11, 0x22f0, 0x2b11, 0x22f0, 0x2b11, 0x22d0, 0x22d0, 0x22f0, 0x2b11, 0x22f0, 
	0x22f0, 0x2b10, 0x74d5, 0x8537, 0x95b8, 0x9db8, 0x9db8, 0x9db8, 0xa61a, 0xa5fa, 0x8d57, 0x8557, 0x7cf6, 0x6c94, 0x22f0, 0x2b10, 
	0x22f0, 0x2b11, 0x1acf, 0x4414, 0x96fe, 0x8e7d, 0x759a, 0x759a, 0x75ba, 0x6d59, 0x54b7, 0x54d7, 0x54b7, 0x54d7, 0x5496, 0x7d9a, 
	0x9e5c, 0x6cf6, 0x3bb2, 0x64f7, 0x9535, 0xcefc, 0xf7de, 0xffff, 0xffff, 0xffdf, 0xf7de, 0xf7be, 0xf79e, 0xf79e, 0xf79e, 0xf79e, 
	0xf79e, 0xf7be, 0xf7be, 0xf79e, 0xe7be, 0xdf7d, 0xbf7f, 0x963a, 0x861c, 0x75ba, 0x75ba, 0x759a, 0x75ba, 0x75ba, 0x6d7a, 0x54b7, 
	0x54d7, 0x54b7, 0x54b7, 0x54b7, 0x5cd7, 0x54b7, 0x54d7, 0x54b7, 0x5496, 0x4435, 0x4414, 0x3392, 0x6474, 0x8db9, 0x64d6, 0x3b91, 
	0x3bd3, 0x2b71, 0xadf8, 0xf7ff, 0x74f7, 0x228d, 0x2b11, 0x22f0, 0x2b11, 0x22d0, 0x2310, 0x22f0, 0x2b10, 0x22f0, 0x22f0, 0x22f0, 
	0x2b10, 0x22f0, 0x22f0, 0x22f0, 0x22f0, 0x2b10, 0x7cf6, 0x7cf6, 0x3bd3, 0x3bb3, 0x3bb3, 0x43f4, 0x8537, 0x95b9, 0xef9e, 0xf79e, 
	0xf7bf, 0xdf1c, 0x7d17, 0x6c95, 0x22cf, 0x3372, 0x5496, 0x6d79, 0x96fe, 0x8e7c, 0x759a, 0x759a, 0x75ba, 0x6d59, 0x54b7, 0x54b7, 
	0x5496, 0x757a, 0x9db8, 0xc6fd, 0xefbf, 0xbe39, 0x7d38, 0x5c13, 0x2af0, 0x6cf8, 0x9dd9, 0x9dd9, 0x9db8, 0x9db8, 0x9db8, 0x9598, 
	0x9577, 0x9598, 0x9577, 0x9598, 0x9598, 0x9db8, 0x9db8, 0x9db8, 0x8dda, 0x74f6, 0x6538, 0x96be, 0x96be, 0x863b, 0x861c, 0x75ba, 
	0x759a, 0x759a, 0x759a, 0x6538, 0x5d18, 0x54b7, 0x54d7, 0x54b7, 0x54d7, 0x54b7, 0x54d7, 0x54b7, 0x54d7, 0x54d7, 0x4455, 0x2b72, 
	0xa597, 0xf7ff, 0xbe9b, 0x8d36, 0x8d78, 0x8d77, 0x9598, 0x9598, 0x4bf4, 0x22af, 0x2b11, 0x22f0, 0x22f0, 0x22f0, 0x2b10, 0x22f0, 
	0x22f0, 0x22f0, 0x2b10, 0x22f0, 0x2b11, 0x22d0, 0x22d0, 0x2b11, 0x7cd5, 0x8517, 0x9dd9, 0x95b9, 0x43d4, 0x3bb3, 0x3bb3, 0x43f4, 
	0x8537, 0x9dd9, 0xf79e, 0xf79e, 0xf7bf, 0xdf1c, 0x7d17, 0x6c95, 0x22cf, 0x3b92, 0x54b6, 0x6d79, 0x96fe, 0x865c, 0x759a, 0x7dba, 
	0x7d58, 0x1a4d, 0x1af0, 0x1ad0, 0x22f0, 0x1acf, 0x22f0, 0x1acf, 0x22f0, 0x1ad0, 0x22f0, 0x1aaf, 0x1ab0, 0x1ad0, 0x22f0, 0x1ad0, 
	0x1ad0, 0x1ad0, 0x128f, 0x22f0, 0xe73c, 0xf7be, 0xef5c, 0xf77d, 0xffff, 0xef9e, 0x2b52, 0x2311, 0x0a4e, 0x0a6f, 0x128f, 0x1aaf, 
	0x1ad0, 0x22f0, 0x12af, 0x3bd4, 0x96fe, 0x8e7c, 0x757a, 0x759a, 0x759a, 0x6539, 0x4c97, 0x54d7, 0x4cb7, 0x54b7, 0x4cb7, 0x54b7, 
	0x4497, 0x4cb7, 0x5454, 0x9e7d, 0xf79d, 0xffde, 0xffff, 0xffff, 0xffff, 0xffbe, 0xf79e, 0xf7be, 0xf7be, 0xf7be, 0xf7be, 0xf7be, 
	0xf7be, 0xf7be, 0xf7be, 0xe73c, 0xef3c, 0xffff, 0xe7ff, 0x8d57, 0x657a, 0x6d9a, 0x759a, 0x759a, 0x759a, 0x759a, 0x6d7a, 0x54b7, 
	0x54b7, 0x54b7, 0x4c97, 0x4c97, 0x54d7, 0x54b7, 0x54b7, 0x54b8, 0x4c75, 0x2b72, 0x33b2, 0x3392, 0x2b92, 0x1b30, 0x2b72, 0x2351, 
	0x2b72, 0x1b10, 0xb618, 0xffff, 0x7517, 0x1a4d, 0x1af0, 0x1ad0, 0x22f0, 0x1acf, 0x22f0, 0x1ad0, 0x22f0, 0x1acf, 0x1ad0, 0x1ad0, 
	0x22f0, 0x1ad0, 0x22f0, 0x1acf, 0x1ad0, 0x1ad0, 0x12b0, 0x128f, 0x2b52, 0x2b93, 0x2b73, 0x2b73, 0x2311, 0x3bd4, 0xe75d, 0xef7d, 
	0xefbf, 0xc67a, 0x126e, 0x1aaf, 0x1ad0, 0x1ad0, 0x0a6e, 0x43f4, 0x96fe, 0x867c, 0x757a, 0x759a, 0x759a, 0x6559, 0x4c97, 0x4c97, 
	0x4cb7, 0x4cb8, 0x5433, 0xa6be, 0xffff, 0x8cb4, 0x022e, 0x12d0, 0x1a2c, 0x95fb, 0xf79d, 0xffff, 0xffff, 0xffff, 0xffff, 0xffff, 
	0xffdf, 0xffdf, 0xffdf, 0xffdf, 0xffdf, 0xffff, 0xffff, 0xffff, 0xefff, 0xb6bc, 0x8efe, 0x8efe, 0x8ebd, 0x6db9, 0x759a, 0x759a, 
	0x759a, 0x759a, 0x6d7a, 0x5497, 0x54b7, 0x54b7, 0x54d7, 0x54b7, 0x54b7, 0x4cb7, 0x54d7, 0x54b7, 0x54d7, 0x54d7, 0x4435, 0x2351, 
	0xa576, 0xffff, 0x85b9, 0x2b0e, 0x2b92, 0x1b31, 0xb5f8, 0xffff, 0x6cd6, 0x226d, 0x22f0, 0x1ad0, 0x1ad0, 0x1ad0, 0x22f0, 0x1ad0, 
	0x22f0, 0x1ad0, 0x22f0, 0x1ad0, 0x22f0, 0x1ab0, 0x1ab0, 0x1af0, 0x1a8e, 0x22f0, 0xefbf, 0xefbf, 0x3b93, 0x3372, 0x2b93, 0x2b73, 
	0x2311, 0x4414, 0xef7d, 0xef7d, 0xefbf, 0xc659, 0x0a6e, 0x1aaf, 0x1ad0, 0x22f0, 0x126e, 0x4415, 0x96ff, 0x865c, 0x6d79, 0x75ba, 
	0x4bf4, 0x22cf, 0x2b11, 0x22f0, 0x2b11, 0x22f0, 0x2b11, 0x22f0, 0x2b11, 0x22f0, 0x2b11, 0x22d0, 0x22f0, 0x22f0, 0x2b11, 0x22f0, 
	0x22f0, 0x22f0, 0x2b10, 0x2b11, 0x6c94, 0x7cf6, 0xef9e, 0xf7df, 0xefbe, 0xe77d, 0xb65b, 0xb65a, 0xae19, 0xae19, 0xa61a, 0x9577, 
	0x22f0, 0x2b11, 0x22f0, 0x4414, 0x9efe, 0x8e9c, 0x759a, 0x75ba, 0x759a, 0x759a, 0x6d59, 0x6538, 0x54b7, 0x54d7, 0x54d7, 0x5cd8, 
	0x5c96, 0x7dba, 0xb639, 0xd73d, 0xffbe, 0xffdf, 0xf7ff, 0xdf7e, 0xbf5e, 0xbf3e, 0xbf1e, 0xae9c, 0xa67c, 0xae7c, 0xa67c, 0xa67c, 
	0xa67c, 0xa67c, 0xb65a, 0xdf7f, 0xef7d, 0xf7be, 0xefbf, 0xd71c, 0xb6fe, 0x8599, 0x75ba, 0x75ba, 0x759a, 0x6518, 0x6518, 0x5cd7, 
	0x5cd7, 0x5cd7, 0x54b7, 0x54b7, 0x5cd8, 0x5cd7, 0x5496, 0x4415, 0x4414, 0x3bb2, 0x3bf3, 0x3392, 0x74b5, 0xa63b, 0xae3a, 0xb65a, 
	0xae3a, 0xae19, 0x8d98, 0x7cd5, 0x4bf3, 0x22cf, 0x2b11, 0x22f0, 0x2b31, 0x22f0, 0x2b10, 0x22f0, 0x2b11, 0x22f0, 0x2310, 0x2310, 
	0x2b11, 0x2b10, 0x2b10, 0x22f0, 0x2310, 0x2b10, 0x2b10, 0x2b31, 0x9598, 0xa5f9, 0xa5d9, 0xa5f9, 0xae5b, 0xae3a, 0x8537, 0x7d37, 
	0x74d6, 0x6454, 0x22f0, 0x2b11, 0x22f0, 0x2b11, 0x1acf, 0x4c55, 0x9efe, 0x8e7c, 0x759a, 0x75ba, 0x75ba, 0x6d59, 0x54b7, 0x54b7, 
	0x54d7, 0x5cf8, 0x5c96, 0x759a, 0x963c, 0x6cf7, 0x43d3, 0x7538, 0x9d76, 0xd71d, 0xffdf, 0xffff, 0xffff, 0xffdf, 0xf7de, 0xf7be, 
	0xf79e, 0xf79e, 0xf79e, 0xf79e, 0xf79e, 0xf7be, 0xf7be, 0xf79e, 0xe7be, 0xdf7e, 0xbf7f, 0x961a, 0x861c, 0x75ba, 0x7dba, 0x75ba, 
	0x75ba, 0x75ba, 0x759a, 0x5cb7, 0x5cd7, 0x54b7, 0x5cd8, 0x54b7, 0x54d7, 0x54d7, 0x5cd8, 0x5cd7, 0x5496, 0x4414, 0x3bf3, 0x3392, 
	0x6494, 0x8578, 0x5c95, 0x3bb1, 0x3bf3, 0x3391, 0xb639, 0xf7ff, 0x74d7, 0x2aae, 0x2b11, 0x22f0, 0x2b11, 0x22f0, 0x2b11, 0x2af0, 
	0x2b10, 0x2af0, 0x2b11, 0x2b10, 0x2b11, 0x22f0, 0x22f0, 0x2b11, 0x2b10, 0x2b30, 0x74b5, 0x7cf6, 0x9db8, 0xa5d9, 0x9dd9, 0xa5d9, 
	0xae3a, 0xa61a, 0x8537, 0x7d17, 0x74b6, 0x6454, 0x22d0, 0x2b11, 0x22f0, 0x2b11, 0x1acf, 0x4c55, 0x9efe, 0x865c, 0x759a, 0x75ba, 
	0x1ad0, 0x1ab0, 0x1ad0, 0x1aaf, 0x22f0, 0x1aaf, 0x22f0, 0x1aaf, 0x22f0, 0x1acf, 0x22f0, 0x1aaf, 0x1aaf, 0x1ad0, 0x22f0, 0x1acf, 
	0x1ad0, 0x1ad0, 0x1ad0, 0x1ad0, 0x128e, 0x22f0, 0xffff, 0xffff, 0xe73c, 0xef5c, 0xffff, 0xffff, 0xffff, 0xffff, 0xffff, 0xe73d, 
	0x126e, 0x1aaf, 0x0a6e, 0x33b3, 0x96de, 0x867c, 0x757a, 0x759a, 0x759a, 0x759a, 0x75ba, 0x6d59, 0x4c97, 0x54b7, 0x4cb7, 0x54d8, 
	0x5c54, 0x9e5c, 0xf77d, 0xffbe, 0xffff, 0xffff, 0xefff, 0xc6fc, 0x86bd, 0x8ede, 0x8ebe, 0x75ba, 0x6d59, 0x6d7a, 0x6d7a, 0x6d7a, 
	0x6d7a, 0x6d7a, 0x8557, 0xd7bf, 0xffbe, 0xf79d, 0xf79d, 0xffff, 0xe7ff, 0x8d57, 0x6d7a, 0x6d9a, 0x6559, 0x4cb7, 0x54b7, 0x54b7, 
	0x54b7, 0x54b7, 0x4c97, 0x4cb7, 0x54d8, 0x54d7, 0x4455, 0x2351, 0x2b92, 0x2b71, 0x2b92, 0x1b30, 0x9535, 0xefff, 0xffff, 0xffff, 
	0xffff, 0xffff, 0x7518, 0x120c, 0x1ad0, 0x1ab0, 0x22f0, 0x1acf, 0x22f0, 0x1aaf, 0x1ad0, 0x1acf, 0x22f0, 0x1acf, 0x1ad0, 0x1ad0, 
	0x22f0, 0x1ad0, 0x1ad0, 0x1acf, 0x1ad0, 0x1ad0, 0x1acf, 0x2b10, 0xe73c, 0xf7be, 0xef5c, 0xf77d, 0xffff, 0xef7e, 0x2b52, 0x2311, 
	0x0a4e, 0x0a6f, 0x128f, 0x1ab0, 0x1ad0, 0x1ad0, 0x128f, 0x4415, 0x96ff, 0x867c, 0x6d9a, 0x759a, 0x759a, 0x6539, 0x4c97, 0x4c97, 
	0x4cb7, 0x54d7, 0x4c97, 0x4c97, 0x4477, 0x4cb8, 0x5c54, 0xa69d, 0xf79d, 0xffde, 0xffff, 0xffff, 0xffff, 0xf7be, 0xf79e, 0xf7be, 
	0xf7be, 0xf7be, 0xf7be, 0xf7be, 0xf7be, 0xf7be, 0xf7be, 0xe73c, 0xef3c, 0xffff, 0xdfff, 0x8d57, 0x6d7a, 0x6d9a, 0x759a, 0x759a, 
	0x759a, 0x759a, 0x6d7a, 0x54b7, 0x54b7, 0x4c97, 0x54b7, 0x4cb7, 0x54b7, 0x4c97, 0x54d7, 0x54d7, 0x4455, 0x2b72, 0x2b92, 0x2b92, 
	0x2b92, 0x1b30, 0x2351, 0x2351, 0x2b92, 0x1b30, 0xbe39, 0xffff, 0x6cd7, 0x1a4d, 0x22f0, 0x1ab0, 0x1ad0, 0x1ad0, 0x22f0, 0x1acf, 
	0x1ad0, 0x1acf, 0x22f0, 0x1ad0, 0x1af0, 0x1aaf, 0x1aaf, 0x1ad0, 0x1af0, 0x1ad0, 0x126e, 0x2b10, 0xef7d, 0xf7be, 0xef5c, 0xf77d, 
	0xffff, 0xe75d, 0x2352, 0x1b11, 0x024e, 0x0a8f, 0x128f, 0x1ab0, 0x1acf, 0x22f0, 0x12ae, 0x4c55, 0x96ff, 0x865c, 0x6d79, 0x75ba, 
	0x22f0, 0x1ab0, 0x1ad0, 0x1aaf, 0x22f0, 0x1acf, 0x22f0, 0x1acf, 0x22f0, 0x1acf, 0x22f0, 0x1aaf, 0x1aaf, 0x1ad0, 0x22f0, 0x1acf, 
	0x1ad0, 0x1ad0, 0x1ad0, 0x1ad0, 0x22f0, 0x2310, 0x6c94, 0x7d17, 0xf79e, 0xf7bf, 0xefbe, 0xdf3c, 0x74d6, 0x74d6, 0x74b5, 0x7d16, 
	0x9d98, 0xa5d8, 0xae19, 0xb67b, 0xcf7f, 0xb6dc, 0x757a, 0x759a, 0x759a, 0x6d79, 0x5d18, 0x5cf8, 0x54b7, 0x54d7, 0x54b7, 0x54d8, 
	0x5c74, 0x9e5c, 0xef5d, 0xf7be, 0xffff, 0xffdf, 0xe7ff, 0xc6fc, 0x8ebd, 0x96de, 0x96de, 0x867c, 0x865c, 0x867c, 0x865c, 0x75da, 
	0x759a, 0x759a, 0x7d99, 0x965c, 0xb65a, 0xdf9f, 0xf79e, 0xffff, 0xf7ff, 0xd71c, 0xcf1d, 0xcf3e, 0xaede, 0x6495, 0x54d7, 0x54b7, 
	0x54d7, 0x54d7, 0x4c76, 0x3bf4, 0x4434, 0x3bf4, 0x6c94, 0x9e1a, 0xa5f9, 0xa5d8, 0xae3a, 0xb65a, 0xd6fc, 0xf7ff, 0xf7be, 0xf7be, 
	0xa61a, 0x7474, 0x43d3, 0x22af, 0x2310, 0x22d0, 0x22f0, 0x22d0, 0x2310, 0x22d0, 0x22f0, 0x22d0, 0x2310, 0x22d0, 0x22f0, 0x22f0, 
	0x22f0, 0x22d0, 0x22f0, 0x22d0, 0x22f0, 0x22f0, 0x22f0, 0x22f0, 0x6433, 0x74d6, 0xef9e, 0xf7df, 0xef9e, 0xe75d, 0xb67b, 0xb67b, 
	0xae1a, 0xae3a, 0xae3a, 0x8d57, 0x1aaf, 0x22f0, 0x1aaf, 0x4c35, 0x9efe, 0x867c, 0x759a, 0x759a, 0x759a, 0x759a, 0x6559, 0x5cf8, 
	0x54b7, 0x54d8, 0x54b7, 0x54b8, 0x5496, 0x7ddb, 0xb65a, 0xd75e, 0xffde, 0xffff, 0xf7ff, 0xdf5d, 0xb73e, 0xb73e, 0xb71e, 0xa69c, 
	0xa65b, 0xa65b, 0xa65b, 0xa65b, 0xa65c, 0xa65c, 0xb65a, 0xd77f, 0xf77d, 0xf7be, 0xefbf, 0xd71c, 0xb71f, 0x8599, 0x75ba, 0x75ba, 
	0x6d9a, 0x5d18, 0x5d18, 0x54b7, 0x54d7, 0x54b7, 0x54d7, 0x54b7, 0x54d7, 0x54b7, 0x5496, 0x3bf4, 0x43f4, 0x3392, 0x33b2, 0x2b72, 
	0x74f5, 0xa65b, 0xb65a, 0xb67a, 0xb65a, 0xae3a, 0x8d78, 0x7495, 0x3bb3, 0x22af, 0x2310, 0x22d0, 0x22f0, 0x22d0, 0x22f0, 0x22d0, 
	0x22f0, 0x22d0, 0x22f0, 0x22d0, 0x22f0, 0x1ad0, 0x1ad0, 0x22f0, 0x22f0, 0x22d0, 0x22cf, 0x2b10, 0x6c74, 0x7d16, 0xf7be, 0xf7bf, 
	0xef9e, 0xe75d, 0xb67b, 0xb65b, 0xae1a, 0xae3a, 0xae3a, 0x8d37, 0x22d0, 0x2b11, 0x1acf, 0x5455, 0x9efe, 0x865c, 0x759a, 0x7dba, 
	0x1ad0, 0x128f, 0x1ad0, 0x1ad0, 0x22f0, 0x1ad0, 0x22f0, 0x1ad0, 0x22f0, 0x1ad0, 0x22f0, 0x1acf, 0x1acf, 0x1ad0, 0x22f0, 0x1ad0, 
	0x1ad0, 0x1ad0, 0x22d0, 0x22d0, 0x22f0, 0x1ad0, 0x126e, 0x2b31, 0xffff, 0xffff, 0xe75d, 0xc67a, 0x1aaf, 0x128f, 0x124d, 0x43b3, 
	0xf7be, 0xffdf, 0xffff, 0xffff, 0xefdf, 0xd6fc, 0x6d59, 0x759a, 0x75ba, 0x6559, 0x4c97, 0x54d7, 0x54b7, 0x54b7, 0x4cb7, 0x54d8, 
	0x5c54, 0x9e5c, 0xef5d, 0xf7be, 0xffff, 0xf7be, 0xdfdf, 0xc6dc, 0x8ebe, 0x96de, 0x8ebd, 0x96fe, 0x9f1e, 0x96fe, 0x96de, 0x75da, 
	0x757a, 0x759a, 0x759a, 0x6d7a, 0x8d57, 0xd7bf, 0xffbe, 0xffff, 0xffff, 0xffff, 0xffff, 0xffff, 0xd7bf, 0x6454, 0x4c97, 0x4cb8, 
	0x54d7, 0x54d7, 0x4455, 0x2351, 0x2b92, 0x2331, 0x7c93, 0xe7bf, 0xef5c, 0xef5c, 0xf7be, 0xffff, 0xffff, 0xffff, 0xf7be, 0xef7d, 
	0x64d7, 0x09ec, 0x12b0, 0x128f, 0x1ab0, 0x128f, 0x1ad0, 0x1ad0, 0x22f0, 0x1aaf, 0x22f0, 0x1ad0, 0x22f0, 0x1ad0, 0x1ad0, 0x1ad0, 
	0x22f0, 0x1ad0, 0x22f0, 0x1ad0, 0x1ad0, 0x22f0, 0x1af0, 0x1ab0, 0x126e, 0x2b11, 0xffff, 0xffff, 0xe73c, 0xef5d, 0xffff, 0xffff, 
	0xffff, 0xffff, 0xffff, 0xd6fc, 0x0a6e, 0x12af, 0x0a6e, 0x3bf4, 0x96fe, 0x865c, 0x757a, 0x759a, 0x759a, 0x75ba, 0x75bb, 0x6538, 
	0x4c97, 0x54d7, 0x4cb7, 0x4cb8, 0x5c54, 0x9e7d, 0xf77d, 0xffde, 0xffff, 0xffff, 0xefff, 0xc6fc, 0x86bd, 0x8ede, 0x8ebe, 0x75da, 
	0x6d7a, 0x6d7a, 0x6d79, 0x6d9a, 0x6d9a, 0x6d9a, 0x8577, 0xd7bf, 0xf7be, 0xf79d, 0xf79d, 0xffff, 0xdfff, 0x8d57, 0x6d9a, 0x6d9a, 
	0x655a, 0x4cb7, 0x54b7, 0x54b7, 0x54b7, 0x54b7, 0x54d7, 0x54b7, 0x54d7, 0x54d7, 0x4475, 0x2351, 0x2b92, 0x2b71, 0x2372, 0x1b31, 
	0x9d76, 0xf7ff, 0xffff, 0xffff, 0xffff, 0xffff, 0x6cf7, 0x122c, 0x1ad0, 0x1ad0, 0x22f0, 0x1ad0, 0x22f0, 0x1ad0, 0x22f0, 0x1ad0, 
	0x22d0, 0x1ad0, 0x22f0, 0x1ad0, 0x22f0, 0x1aaf, 0x1aaf, 0x22f0, 0x22f0, 0x1ad0, 0x1ad0, 0x1ad0, 0x1a6e, 0x3351, 0xffff, 0xffff, 
	0xe73c, 0xef5d, 0xffff, 0xffff, 0xffff, 0xffff, 0xffff, 0xcebb, 0x0a4e, 0x1ab0, 0x0a6e, 0x4415, 0x96fe, 0x865c, 0x757a, 0x75ba, 
	0xb63a, 0xbe5a, 0x5c75, 0x22af, 0x2b31, 0x22f0, 0x2b11, 0x22f0, 0x2b11, 0x22f0, 0x2b11, 0x22f0, 0x22f0, 0x2b10, 0x2b11, 0x22f0, 
	0x22f0, 0x22f0, 0x2b10, 0x2b10, 0x22f0, 0x22f0, 0x22f0, 0x2b31, 0x6454, 0x7cf6, 0xf7df, 0xdf1c, 0x2b10, 0x2b10, 0x22f0, 0x3352, 
	0x6433, 0x8537, 0xf79e, 0xf79e, 0xffff, 0xefbe, 0xcf5f, 0xae7b, 0x5cf8, 0x5cf8, 0x54b7, 0x5cd8, 0x54b7, 0x54d7, 0x54d7, 0x54f8, 
	0x5c74, 0xa69d, 0xffdf, 0xffff, 0xffff, 0xf7be, 0xe7df, 0xc6dc, 0x8ebd, 0x96de, 0x96de, 0x54d6, 0x4414, 0x863c, 0x96de, 0x8e9c, 
	0x8e5c, 0x7dda, 0x759a, 0x75ba, 0x7db9, 0x965c, 0xb63a, 0xe7bf, 0xffbe, 0xf7be, 0xf7be, 0xef9d, 0xe77e, 0xd6db, 0xa6be, 0x64b5, 
	0x54b7, 0x3bf4, 0x6c94, 0xb6bd, 0xc69b, 0xbe9b, 0xd6fc, 0xf7df, 0xf7be, 0xf7be, 0xf7be, 0xf7be, 0xf7be, 0xf7be, 0xf7be, 0xffdf, 
	0xc6dc, 0xa5b7, 0xadf8, 0xa5d8, 0xb63a, 0xbe5a, 0x5455, 0x22af, 0x2b11, 0x22f0, 0x22f0, 0x22f0, 0x2b11, 0x22f0, 0x22f0, 0x22f0, 
	0x2b10, 0x22f0, 0x22f0, 0x22f0, 0x22f0, 0x2b10, 0x2b11, 0x22f0, 0x22d0, 0x2b31, 0x6454, 0x7cf6, 0xf7be, 0xf7de, 0xef9e, 0xdefc, 
	0x6c95, 0x6c95, 0x6c74, 0x7cf6, 0xa5d9, 0xae19, 0xb65a, 0xc6bb, 0xcf9f, 0xb6bc, 0x759a, 0x75ba, 0x75ba, 0x6d79, 0x5d18, 0x5cf8, 
	0x54b7, 0x5cd8, 0x54d7, 0x54d8, 0x5c75, 0x9e7c, 0xef5d, 0xf7be, 0xffff, 0xffdf, 0xe7ff, 0xc6fc, 0x8ebd, 0x96de, 0x96dd, 0x8e9c, 
	0x8e7c, 0x8e7c, 0x8e5d, 0x7dda, 0x759a, 0x75ba, 0x7d9a, 0x965c, 0xb63a, 0xdf9f, 0xf79e, 0xffff, 0xf7ff, 0xdf3d, 0xd73d, 0xd73e, 
	0xaefe, 0x6495, 0x54d8, 0x54d7, 0x54d8, 0x54d7, 0x5497, 0x4414, 0x4434, 0x3bf4, 0x74b5, 0xa65b, 0xae39, 0xae19, 0xb65a, 0xbe9b, 
	0xdf3c, 0xffff, 0xf7be, 0xf7be, 0x9df9, 0x6c53, 0x43b3, 0x22cf, 0x2310, 0x22f0, 0x2b11, 0x22f0, 0x22f0, 0x22f0, 0x2b10, 0x22f0, 
	0x2b10, 0x22f0, 0x2b10, 0x22f0, 0x2311, 0x22f0, 0x22f0, 0x2311, 0x2b10, 0x22f0, 0x22f0, 0x22f0, 0x22f0, 0x3331, 0x6c74, 0x7d17, 
	0xf7be, 0xf7be, 0xefbf, 0xd6db, 0x6c95, 0x74b5, 0x6c95, 0x7cf6, 0xa5d8, 0xae19, 0xb65a, 0xc6bb, 0xcf9f, 0xb69b, 0x757a, 0x7dba, 
	0xffdf, 0xffff, 0x6cf7, 0x1a2c, 0x1ad0, 0x128f, 0x1ad0, 0x1acf, 0x22f0, 0x1ad0, 0x22f0, 0x1aaf, 0x1aaf, 0x1ad0, 0x22f0, 0x1acf, 
	0x1ad0, 0x1ad0, 0x22d0, 0x22d0, 0x1ad0, 0x1ad0, 0x1ad0, 0x1ad0, 0x124d, 0x2b31, 0xffff, 0xe75e, 0x22d0, 0x22cf, 0x1ad0, 0x1af0, 
	0x1a4d, 0x4bf3, 0xef7d, 0xf79e, 0xffff, 0xffff, 0xffff, 0xcedc, 0x4476, 0x54b7, 0x54b7, 0x54d7, 0x4cb7, 0x54b7, 0x4c97, 0x54d8, 
	0x5c54, 0xaede, 0xffff, 0xffff, 0xffff, 0xf7be, 0xdfdf, 0xbedc, 0x8ebd, 0x96fe, 0x9eff, 0x33b2, 0x126e, 0x7dfc, 0x971e, 0x96de, 
	0x96be, 0x75da, 0x759a, 0x759a, 0x6d9a, 0x6d7a, 0x8d77, 0xd7bf, 0xffbe, 0xf7bd, 0xf7be, 0xef5c, 0xf77d, 0xffff, 0xd7bf, 0x6454, 
	0x4476, 0x1b51, 0x7473, 0xf7ff, 0xffff, 0xffff, 0xffff, 0xffff, 0xffff, 0xffff, 0xffdf, 0xef9d, 0xef9e, 0xef9d, 0xffdf, 0xffff, 
	0xf7be, 0xef7d, 0xef7d, 0xef7d, 0xffff, 0xffff, 0x6cd7, 0x1a4d, 0x1ad0, 0x128f, 0x1ad0, 0x1ad0, 0x22f0, 0x1acf, 0x1ad0, 0x1ad0, 
	0x22f0, 0x1ad0, 0x22f0, 0x1ad0, 0x1ad0, 0x22f0, 0x22f0, 0x1aaf, 0x1ab0, 0x1ad0, 0x1a6e, 0x3352, 0xffff, 0xffff, 0xe77e, 0xc679, 
	0x128f, 0x128f, 0x124d, 0x43f3, 0xf7be, 0xffde, 0xffff, 0xffff, 0xefdf, 0xcedb, 0x6d59, 0x759a, 0x75ba, 0x6559, 0x4c97, 0x4c97, 
	0x4cb7, 0x54d7, 0x4cb7, 0x4cb8, 0x5c54, 0x9e5c, 0xef5d, 0xf7be, 0xffff, 0xf7be, 0xdfdf, 0xbedc, 0x8ebd, 0x8ede, 0x8edd, 0x96fe, 
	0x96fe, 0x96de, 0x96be, 0x75da, 0x757a, 0x759a, 0x6d9a, 0x6d7a, 0x8d77, 0xd7bf, 0xffbe, 0xffff, 0xffff, 0xffff, 0xffff, 0xffff, 
	0xcfbf, 0x6454, 0x4cb7, 0x4cb8, 0x54b7, 0x54b7, 0x4c76, 0x2b51, 0x2b92, 0x2331, 0x7cb3, 0xe7df, 0xef5d, 0xef5c, 0xffbe, 0xffff, 
	0xffff, 0xffff, 0xf79e, 0xef7d, 0x64b6, 0x120c, 0x1ad0, 0x128f, 0x1aaf, 0x128f, 0x22f0, 0x1acf, 0x1ad0, 0x1ad0, 0x22f0, 0x1ad0, 
	0x22d0, 0x1ad0, 0x22f0, 0x1ad0, 0x22f0, 0x1aaf, 0x1aaf, 0x22f0, 0x22f0, 0x1ad0, 0x1ad0, 0x1ad0, 0x1ad0, 0x1ad0, 0x126e, 0x3372, 
	0xffff, 0xffff, 0xe77e, 0xbe39, 0x0a6f, 0x12af, 0x124d, 0x4c14, 0xf7be, 0xffde, 0xffff, 0xffff, 0xefdf, 0xc6bb, 0x6559, 0x75ba, 
	0xf79e, 0xef7d, 0xc69b, 0xadf8, 0xb619, 0xb639, 0x4bf4, 0x22ae, 0x22f0, 0x22d0, 0x22f0, 0x1ad0, 0x1ad0, 0x22f0, 0x22f0, 0x22d0, 
	0x22d0, 0x22d0, 0x22f0, 0x22f0, 0x22f0, 0x22d0, 0x22cf, 0x3351, 0xbe5a, 0xcedc, 0xef9e, 0xd6db, 0x22f0, 0x22f0, 0x22d0, 0x22f0, 
	0x22cf, 0x3351, 0x5bf2, 0x8537, 0xffff, 0xffff, 0xf7ff, 0xcebb, 0x4c96, 0x54d7, 0x54b7, 0x54d8, 0x54b7, 0x54d7, 0x54b7, 0x54d8, 
	0x5c74, 0x9e7d, 0xf79d, 0xffde, 0xffff, 0xffff, 0xffff, 0xef7d, 0xcf9f, 0x74d5, 0x3bd3, 0x2311, 0x22d0, 0x3bd4, 0x3c13, 0x863c, 
	0x96fe, 0x8e9c, 0x8e7d, 0x75da, 0x759a, 0x759a, 0x7d9a, 0x7d9a, 0x8599, 0x8599, 0x7d99, 0x7d79, 0x9d97, 0xdf9f, 0xe75d, 0xc67a, 
	0xbe7b, 0xb63a, 0xce9a, 0xffff, 0xffff, 0xffff, 0xffff, 0xffff, 0xffff, 0xffff, 0xffff, 0xffdf, 0xffdf, 0xffdf, 0xffff, 0xffff, 
	0xffdf, 0xffdf, 0xffdf, 0xffdf, 0xf79e, 0xef7d, 0xc69b, 0xb5f8, 0xb619, 0xb639, 0x4bd3, 0x22ae, 0x22f0, 0x22d0, 0x22f0, 0x22f0, 
	0x2310, 0x22f0, 0x22f0, 0x22d0, 0x22f0, 0x22f0, 0x22f0, 0x1ad0, 0x1ad0, 0x22f0, 0x22d0, 0x2b11, 0x6433, 0x74d6, 0xf7ff, 0xd6fc, 
	0x22d0, 0x22f0, 0x22d0, 0x3352, 0x5bf2, 0x7d17, 0xf79e, 0xf79e, 0xffff, 0xf7be, 0xcf7f, 0xae5b, 0x54d7, 0x5cf8, 0x54b7, 0x54b7, 
	0x54b7, 0x54d8, 0x54b7, 0x54b8, 0x5c74, 0xa6be, 0xffdf, 0xffff, 0xffff, 0xf7be, 0xdfdf, 0xbedc, 0x8ebd, 0x8ede, 0x96de, 0x54b6, 
	0x3bf3, 0x865c, 0x96fe, 0x8e9c, 0x8e7d, 0x75da, 0x759a, 0x759a, 0x7dba, 0x8e3c, 0xae39, 0xe7df, 0xf7be, 0xf7be, 0xf7be, 0xef7d, 
	0xe77e, 0xd71c, 0xa6be, 0x6495, 0x4c96, 0x33d4, 0x74b4, 0xbefd, 0xcedc, 0xc6bb, 0xdf1c, 0xf7df, 0xffdf, 0xffdf, 0xf7be, 0xf7be, 
	0xf7be, 0xf7be, 0xf7be, 0xffdf, 0xcedc, 0xadf8, 0xb619, 0xae19, 0xbe7a, 0xc69b, 0x5434, 0x22ae, 0x22f0, 0x22f0, 0x22f0, 0x22d0, 
	0x22f0, 0x22d0, 0x22f0, 0x22f0, 0x22f0, 0x1ad0, 0x1ad0, 0x22f0, 0x22f0, 0x22d0, 0x22d0, 0x22f0, 0x1ad0, 0x22f0, 0x1ad0, 0x2310, 
	0x5c13, 0x7cf7, 0xf7ff, 0xcebb, 0x1aaf, 0x22d0, 0x1aaf, 0x2b31, 0x5bf2, 0x8537, 0xf79e, 0xf79e, 0xffff, 0xf79e, 0xcf5f, 0xae5a, 
	0xf79e, 0xe73c, 0xef5d, 0xef7d, 0xef7d, 0xf7be, 0x5455, 0x1a4d, 0x1ad0, 0x12b0, 0x22f0, 0x1acf, 0x1acf, 0x1ad0, 0x22f0, 0x1ad0, 
	0x1ad0, 0x1ad0, 0x22f0, 0x1ad0, 0x1ab0, 0x12af, 0x1a8e, 0x2b31, 0xffff, 0xffff, 0xef9e, 0xceba, 0x22f0, 0x22cf, 0x1ad0, 0x22f0, 
	0x1ad0, 0x1af0, 0x124d, 0x5455, 0xffff, 0xffff, 0xf7ff, 0xc6bb, 0x4456, 0x4c97, 0x4c97, 0x54b7, 0x4c97, 0x4cb7, 0x4c97, 0x54d8, 
	0x5c54, 0x9e5c, 0xef7d, 0xf7be, 0xffff, 0xffff, 0xffff, 0xffbe, 0xefff, 0x6c11, 0x0a6e, 0x1ab0, 0x22d0, 0x22d0, 0x12ae, 0x861c, 
	0x971e, 0x96de, 0x96be, 0x75da, 0x759a, 0x759a, 0x6d9a, 0x4cb7, 0x4c97, 0x4c97, 0x4cb7, 0x4497, 0x7cd5, 0xcf7f, 0xef5c, 0xef5c, 
	0xef5d, 0xef5d, 0xf79e, 0xffff, 0xffff, 0xffff, 0xffff, 0xffff, 0xffff, 0xffff, 0xffff, 0xffff, 0xffff, 0xffff, 0xffff, 0xffff, 
	0xffff, 0xffff, 0xffff, 0xffff, 0xef9e, 0xe73c, 0xef5d, 0xef7d, 0xef7d, 0xf79e, 0x5434, 0x1a6d, 0x1ad0, 0x128f, 0x1ad0, 0x1ad0, 
	0x22f0, 0x1ad0, 0x22f0, 0x1ad0, 0x1ad0, 0x22f0, 0x22f0, 0x1acf, 0x1acf, 0x22f0, 0x1ad0, 0x1ad0, 0x124d, 0x3351, 0xffff, 0xdf3d, 
	0x22d0, 0x22d0, 0x1ad0, 0x1af0, 0x1a4d, 0x4c14, 0xef7d, 0xf79e, 0xffff, 0xffff, 0xffff, 0xc69b, 0x4c76, 0x54d8, 0x4cb7, 0x4cb7, 
	0x54b7, 0x54d8, 0x4cb7, 0x4cb8, 0x5c54, 0xaede, 0xffff, 0xffff, 0xffff, 0xf7be, 0xdfdf, 0xbedb, 0x8ebd, 0x96fe, 0x9edf, 0x33b2, 
	0x128e, 0x861c, 0x971e, 0x96de, 0x96be, 0x75da, 0x6d7a, 0x759a, 0x6dba, 0x6d9a, 0x8d97, 0xd7df, 0xf7be, 0xf7be, 0xf79e, 0xef5c, 
	0xf77d, 0xffff, 0xcf9f, 0x6474, 0x4476, 0x1b51, 0x7c93, 0xf7ff, 0xffff, 0xffff, 0xffff, 0xffff, 0xffff, 0xffff, 0xffdf, 0xef9d, 
	0xef9e, 0xef9d, 0xffdf, 0xffff, 0xf7be, 0xef5d, 0xef7d, 0xef5d, 0xffff, 0xffff, 0x5c96, 0x1a4d, 0x1ab0, 0x12b0, 0x22f0, 0x1ad0, 
	0x22f0, 0x1ad0, 0x22f0, 0x1ad0, 0x22f0, 0x1acf, 0x1acf, 0x22f0, 0x22f0, 0x1ad0, 0x1ad0, 0x22f0, 0x22d0, 0x22f0, 0x1af0, 0x1ad0, 
	0x122d, 0x3b92, 0xffff, 0xd6fc, 0x1aaf, 0x22f0, 0x1ad0, 0x1af0, 0x124d, 0x5435, 0xef7d, 0xf79e, 0xffff, 0xffff, 0xffff, 0xc69b, 
	0xffff, 0xffdf, 0xffdf, 0xffdf, 0xef7d, 0xe73c, 0xcefc, 0xcebb, 0xbe7a, 0xb65a, 0x4bd3, 0x22af, 0x22d0, 0x22f0, 0x2b10, 0x22f0, 
	0x22f0, 0x22f0, 0x22f0, 0x2b31, 0xbe7b, 0xc6bc, 0xc6bb, 0xcebb, 0xef9e, 0xdefc, 0x5c34, 0x53f3, 0x22f0, 0x2310, 0x22f0, 0x2b11, 
	0x22f0, 0x2b11, 0x22d0, 0x3352, 0x5bf2, 0x8558, 0xef9e, 0xe75d, 0xd73d, 0xd73d, 0xd73d, 0xcefc, 0xc69b, 0xc69b, 0xbedd, 0x95b8, 
	0x5496, 0x6539, 0x8537, 0xbf1e, 0xffff, 0xffdf, 0xf7be, 0xef7d, 0xdfbf, 0x6c32, 0x1aaf, 0x22f0, 0x22f0, 0x2b11, 0x22f0, 0x3bb3, 
	0x3c13, 0x8e5c, 0x96de, 0x7dda, 0x759a, 0x759a, 0x759a, 0x7579, 0x6d59, 0x54b7, 0x54d7, 0x54b7, 0x5cd7, 0x7559, 0x9d97, 0xd75e, 
	0xef5d, 0xffdf, 0xffdf, 0xffff, 0xffff, 0xffff, 0xffff, 0xffff, 0xffdf, 0xf7be, 0xf7be, 0xffde, 0xc73e, 0x9e1a, 0x9e5c, 0x963b, 
	0xd6fc, 0xefdf, 0xffdf, 0xffff, 0xffdf, 0xffdf, 0xffdf, 0xffdf, 0xef7d, 0xe75c, 0xcedc, 0xc69b, 0xbe5a, 0xb639, 0x43b2, 0x22cf, 
	0x2b11, 0x22f0, 0x22f0, 0x22f0, 0x22f0, 0x22f0, 0x2310, 0x22d0, 0x22d0, 0x22f0, 0x22cf, 0x3b72, 0xc69b, 0xcedc, 0xef9f, 0xcebb, 
	0x22f0, 0x22f0, 0x22f0, 0x2b11, 0x22f0, 0x3351, 0x53d2, 0x8558, 0xffff, 0xffff, 0xf7ff, 0xc69b, 0x4c96, 0x54d7, 0x54b7, 0x54b7, 
	0x54b7, 0x5cd8, 0x54b7, 0x54d7, 0x5c74, 0xa69d, 0xf79d, 0xffde, 0xffff, 0xffff, 0xffff, 0xef7d, 0xcf9f, 0x74b4, 0x3bd3, 0x2b51, 
	0x22f0, 0x3bd3, 0x3c13, 0x8e5c, 0x96de, 0x8e9d, 0x8e7d, 0x75ba, 0x75ba, 0x75ba, 0x7d9a, 0x7d99, 0x7d79, 0x7d79, 0x7d99, 0x7559, 
	0x9d97, 0xdf9f, 0xe75d, 0xc69a, 0xbe9b, 0xb65a, 0xd6bb, 0xffff, 0xffff, 0xffff, 0xffff, 0xffff, 0xffff, 0xffff, 0xffff, 0xffdf, 
	0xffff, 0xffff, 0xffff, 0xffff, 0xffff, 0xffdf, 0xffdf, 0xffdf, 0xf79e, 0xef7d, 0xc69b, 0xb619, 0xb639, 0xb63a, 0x4bd3, 0x22cf, 
	0x22f0, 0x22f0, 0x2b11, 0x22f0, 0x2b11, 0x22d0, 0x22d0, 0x22f0, 0x2b10, 0x22f0, 0x22f0, 0x22f0, 0x22f0, 0x2b11, 0x22f0, 0x3b92, 
	0xc69b, 0xcedc, 0xefbf, 0xc67a, 0x22f0, 0x2b10, 0x22f0, 0x2b11, 0x22f0, 0x3372, 0x5bf2, 0x8d98, 0xffff, 0xffff, 0xf7ff, 0xc69b, 
	0xffff, 0xffff, 0xffff, 0xffff, 0xef9d, 0xe73c, 0xffff, 0xffff, 0xf7be, 0xf79e, 0x5414, 0x1a8e, 0x1ad0, 0x1af0, 0x22f0, 0x1ad0, 
	0x22f0, 0x1ad0, 0x1aaf, 0x2b31, 0xffdf, 0xffff, 0xffff, 0xffff, 0xe77e, 0xcebb, 0x1aaf, 0x1aaf, 0x1ad0, 0x22f0, 0x1ad0, 0x22f0, 
	0x1ad0, 0x22f0, 0x1ad0, 0x1ab0, 0x124d, 0x5455, 0xef7d, 0xf79e, 0xffff, 0xffff, 0xffff, 0xffdf, 0xef5c, 0xef5c, 0xe79f, 0xadd8, 
	0x4477, 0x4cb7, 0x5434, 0xaede, 0xffff, 0xffde, 0xf79e, 0xef7d, 0xdf9f, 0x6c11, 0x128f, 0x1ad0, 0x22d0, 0x22f0, 0x1ad0, 0x1ab0, 
	0x1acf, 0x861c, 0x96de, 0x75da, 0x759a, 0x759a, 0x759a, 0x75ba, 0x6d9a, 0x54b7, 0x54b7, 0x54b7, 0x4cb8, 0x4497, 0x7cf5, 0xcf7f, 
	0xef7d, 0xffff, 0xffff, 0xffff, 0xffff, 0xffff, 0xffff, 0xffff, 0xffdf, 0xef9e, 0xf79e, 0xf7be, 0xaede, 0x7537, 0x6d9a, 0x6559, 
	0xbe9b, 0xefdf, 0xffdf, 0xffff, 0xffff, 0xffff, 0xffff, 0xffff, 0xef7d, 0xe73c, 0xffff, 0xffff, 0xf7be, 0xef9d, 0x4bd3, 0x22ae, 
	0x22f0, 0x1ad0, 0x22f0, 0x1ad0, 0x1ad0, 0x22f0, 0x1ad0, 0x1aaf, 0x12af, 0x1ad0, 0x1a8e, 0x3b72, 0xffff, 0xffff, 0xe77e, 0xc67a, 
	0x1ad0, 0x22d0, 0x1ad0, 0x22f0, 0x1ad0, 0x1ad0, 0x124d, 0x5c96, 0xffff, 0xffff, 0xf7ff, 0xc69b, 0x4476, 0x54d7, 0x4c97, 0x4c97, 
	0x4c97, 0x54d7, 0x4c97, 0x4cb7, 0x5c54, 0x9e7c, 0xef5d, 0xf7be, 0xffff, 0xffff, 0xffff, 0xffbe, 0xe7ff, 0x63d0, 0x126f, 0x1af1, 
	0x22d0, 0x1ad0, 0x1acf, 0x863c, 0x96fe, 0x96de, 0x96be, 0x75ba, 0x759a, 0x759a, 0x6d7a, 0x4c96, 0x4c97, 0x4c97, 0x4cb8, 0x4497, 
	0x7cd5, 0xcf7f, 0xef5c, 0xef5c, 0xef5d, 0xef5d, 0xf79e, 0xffff, 0xffff, 0xffff, 0xffff, 0xffff, 0xffff, 0xffff, 0xffff, 0xffff, 
	0xffff, 0xffff, 0xffff, 0xffff, 0xffff, 0xffff, 0xffff, 0xffff, 0xef9d, 0xe73c, 0xef5d, 0xef7d, 0xef7d, 0xf79d, 0x4c14, 0x1a6e, 
	0x1ad0, 0x1ad0, 0x22f0, 0x22d0, 0x22f0, 0x1acf, 0x1acf, 0x22f0, 0x22f0, 0x1ad0, 0x1ad0, 0x22f0, 0x1ad0, 0x1ad0, 0x1a8e, 0x3b92, 
	0xffff, 0xffff, 0xe79e, 0xbe59, 0x1aaf, 0x22f0, 0x1ad0, 0x22f0, 0x1ad0, 0x1af0, 0x124d, 0x64b6, 0xffff, 0xffff, 0xf7ff, 0xbe9b, 
	0xd6fc, 0xefdf, 0xffdf, 0xffff, 0xffff, 0xffdf, 0xf79e, 0xef9d, 0x74f6, 0x4b91, 0x3352, 0x22d0, 0x22f0, 0x22f0, 0x2b11, 0x22f0, 
	0x22f0, 0x2b10, 0xadf9, 0xb65a, 0x5c34, 0x53f3, 0x5413, 0x5413, 0x4bf3, 0x4bb2, 0x22f0, 0x22f0, 0x22f0, 0x22f0, 0x22d0, 0x22f0, 
	0x22d0, 0x22f0, 0x22d0, 0x22d0, 0x1acf, 0x3352, 0x4bd3, 0x4bf3, 0x4bf3, 0x5414, 0x4bf3, 0x5414, 0x4b70, 0x95d9, 0xffff, 0xef9e, 
	0xdf3d, 0xdf5e, 0xd75f, 0x9557, 0x4bd3, 0x5414, 0x4bf3, 0x53f3, 0x4bd3, 0x3331, 0x1ad0, 0x1ad0, 0x22f0, 0x2b10, 0x22d0, 0x22d0, 
	0x2310, 0x861c, 0x96de, 0x7dda, 0x759a, 0x759a, 0x759a, 0x75ba, 0x6d7a, 0x54b7, 0x54b7, 0x54b7, 0x54b8, 0x4c97, 0x8536, 0xe7ff, 
	0xffdf, 0xffff, 0xffff, 0xffff, 0xffff, 0xffff, 0xffff, 0xf7be, 0xf7be, 0xf7be, 0xbf3e, 0x95d9, 0x7dfb, 0x759a, 0x75ba, 0x759a, 
	0x85da, 0x8e1b, 0x963b, 0x8e1b, 0xd71c, 0xefdf, 0xffdf, 0xffff, 0xffff, 0xffdf, 0xef9e, 0xef9d, 0x74d6, 0x4bb1, 0x2b11, 0x22d0, 
	0x22f0, 0x22d0, 0x22f0, 0x22f0, 0x22cf, 0x2b10, 0xae19, 0xbe7a, 0xd6dc, 0xd6fc, 0xd6fc, 0xd71c, 0xef9e, 0xd6fb, 0x53f3, 0x4bb2, 
	0x22f0, 0x22f0, 0x22f0, 0x2b10, 0x22f0, 0x22f0, 0x22cf, 0x3372, 0x53d2, 0x8558, 0xef9e, 0xe77d, 0xdf5e, 0xdf5e, 0xdf5e, 0xd71d, 
	0xcebb, 0xcebb, 0xbefd, 0x9598, 0x4c96, 0x6539, 0x7d16, 0xc73f, 0xffff, 0xffdf, 0xf7be, 0xef7d, 0xdf9f, 0x63f1, 0x1aaf, 0x2311, 
	0x22f0, 0x22f0, 0x22f0, 0x3b93, 0x3bf3, 0x8e7d, 0x96be, 0x75da, 0x759a, 0x75ba, 0x759a, 0x7579, 0x6d59, 0x54b7, 0x54d8, 0x54b7, 
	0x5cd7, 0x6d59, 0x9d97, 0xd77e, 0xef7d, 0xffdf, 0xffdf, 0xffff, 0xffff, 0xffff, 0xffff, 0xffff, 0xffdf, 0xf7be, 0xf7be, 0xffde, 
	0xbf1e, 0x9df9, 0x963b, 0x8e1b, 0xd6fc, 0xefdf, 0xffdf, 0xffff, 0xffdf, 0xffdf, 0xffdf, 0xffdf, 0xef7d, 0xe73c, 0xd71c, 0xd6fc, 
	0xc69b, 0xbe5a, 0x43b2, 0x22cf, 0x2311, 0x22d0, 0x22d0, 0x22f0, 0x22f0, 0x22f0, 0x22cf, 0x3351, 0xc6bb, 0xcefc, 0xd6dc, 0xd6fc, 
	0xef9e, 0xd6db, 0x4bf3, 0x43b2, 0x1ad0, 0x22f0, 0x22d0, 0x22f0, 0x1ad0, 0x22f0, 0x1aaf, 0x3352, 0x53b1, 0x8d78, 0xefbe, 0xe75d, 
	0xc69b, 0xe7df, 0xffdf, 0xffff, 0xffff, 0xffff, 0xef7d, 0xef5d, 0x4c14, 0x1a6d, 0x1af0, 0x1ab0, 0x1aaf, 0x1ad0, 0x22f0, 0x1acf, 
	0x1aaf, 0x22f0, 0xd6fc, 0xdf3d, 0x2b10, 0x1a8e, 0x12af, 0x1ab0, 0x1aaf, 0x1aaf, 0x1ad0, 0x22f0, 0x22d0, 0x22f0, 0x1ad0, 0x22f0, 
	0x1ad0, 0x22f0, 0x1ad0, 0x1ab0, 0x1aaf, 0x22f0, 0x12af, 0x1aaf, 0x128f, 0x1ad0, 0x128f, 0x1ad0, 0x1a4c, 0x7d59, 0xffff, 0xffff, 
	0xffff, 0xffff, 0xf7ff, 0x84d4, 0x0a4e, 0x1ad0, 0x1aaf, 0x1ad0, 0x1aaf, 0x22f0, 0x1ad0, 0x1ad0, 0x22d0, 0x22f0, 0x1ad0, 0x1ad0, 
	0x1aef, 0x861c, 0x96de, 0x75da, 0x759a, 0x759a, 0x759a, 0x759a, 0x6d7a, 0x54b7, 0x54b7, 0x54b7, 0x4cb8, 0x4c97, 0x8536, 0xefff, 
	0xffff, 0xffff, 0xffff, 0xffff, 0xffff, 0xffff, 0xffdf, 0xef9e, 0xf79e, 0xf7be, 0xaefe, 0x7d37, 0x6d9a, 0x6d9a, 0x759a, 0x759a, 
	0x759a, 0x6d7a, 0x6d9a, 0x6d79, 0xc6bb, 0xefdf, 0xffdf, 0xffff, 0xffff, 0xffff, 0xef7d, 0xe75d, 0x4bf3, 0x126d, 0x1ad0, 0x1ad0, 
	0x22f0, 0x22d0, 0x22f0, 0x1ad0, 0x1aaf, 0x2b10, 0xdefc, 0xef9e, 0xffff, 0xffff, 0xffff, 0xffff, 0xe77e, 0xce9a, 0x1aaf, 0x1aaf, 
	0x1ad0, 0x22f0, 0x1ad0, 0x22f0, 0x1ad0, 0x22d0, 0x1ad0, 0x22f0, 0x1a4d, 0x5c75, 0xef7d, 0xf79e, 0xffff, 0xffff, 0xffff, 0xffde, 
	0xef5c, 0xef5c, 0xdfbf, 0xa5d8, 0x4497, 0x4cb8, 0x5434, 0xaeff, 0xffff, 0xf7be, 0xf79d, 0xef5d, 0xdf9f, 0x63d0, 0x12af, 0x22f0, 
	0x1ad0, 0x22d0, 0x1ad0, 0x1ad0, 0x1aef, 0x863c, 0x96de, 0x75da, 0x759a, 0x759a, 0x759a, 0x759a, 0x6d9a, 0x54b7, 0x54b7, 0x54b7, 
	0x4cb8, 0x4497, 0x8515, 0xd77f, 0xef7d, 0xffff, 0xffff, 0xffff, 0xffff, 0xffff, 0xffff, 0xffff, 0xffdf, 0xef9e, 0xf79e, 0xf7be, 
	0xaede, 0x7538, 0x6d9a, 0x6559, 0xc69b, 0xe7df, 0xffdf, 0xffff, 0xffff, 0xffff, 0xffff, 0xffff, 0xef7d, 0xe73c, 0xffff, 0xffff, 
	0xf79e, 0xef7d, 0x43d3, 0x22ae, 0x22f0, 0x1ad0, 0x1acf, 0x22f0, 0x22f0, 0x1ad0, 0x1aae, 0x3351, 0xffff, 0xffff, 0xffff, 0xffff, 
	0xe77e, 0xc67a, 0x1aaf, 0x1aaf, 0x1ad0, 0x22f0, 0x1ad0, 0x22f0, 0x1ad0, 0x22f0, 0x1ad0, 0x22f0, 0x1a4d, 0x6496, 0xef7d, 0xf7be, 
	0x85da, 0x8e1b, 0x7d9a, 0x7558, 0x7579, 0x6d38, 0xcedb, 0xefdf, 0xcedb, 0xc67a, 0x43f3, 0x1a8e, 0x1ad0, 0x22f0, 0x22f0, 0x22d0, 
	0xadf8, 0xc69b, 0xf7df, 0xefbe, 0x3351, 0x22cf, 0x22f0, 0x22f0, 0x22f0, 0x22f0, 0x22f0, 0x2310, 0x22f0, 0x22f0, 0x22f0, 0x2311, 
	0x22ae, 0x4c14, 0xd71d, 0xd71d, 0xd71c, 0xd71d, 0xd71d, 0xd6fc, 0xc6bb, 0xcedc, 0xdf1d, 0xdf1d, 0xcf1d, 0x9d77, 0x4392, 0x4bf3, 
	0x4bd3, 0x4bf3, 0x4b90, 0x9dfa, 0xcf3e, 0x7453, 0x1aaf, 0x2311, 0x22d0, 0x22f0, 0x1ad0, 0x22f0, 0x22f0, 0x2b11, 0x22d0, 0x22d0, 
	0x230f, 0x863c, 0x96de, 0x7dda, 0x759a, 0x759a, 0x75ba, 0x75ba, 0x759a, 0x6d79, 0x6d7a, 0x54b7, 0x54d8, 0x4c97, 0x8d36, 0xefff, 
	0xffff, 0xffff, 0xffff, 0xffff, 0xffff, 0xffff, 0xffdf, 0xf79e, 0xf79e, 0xf7be, 0xbf7f, 0x9e5b, 0x8e9d, 0x8e9d, 0x8e9d, 0x8e9d, 
	0x861b, 0x7599, 0x75ba, 0x759a, 0x85fa, 0x8e1b, 0x7d9a, 0x7558, 0x7579, 0x7538, 0xd6fc, 0xefbf, 0xcedb, 0xc67a, 0x43b2, 0x22cf, 
	0x2311, 0x22f0, 0x22f0, 0x22f0, 0xadf9, 0xc6bb, 0xf7df, 0xef9e, 0x5c34, 0x4bd2, 0x4bf3, 0x4bf3, 0x43d3, 0x43b2, 0x22f0, 0x22f0, 
	0x22f0, 0x22f0, 0x22d0, 0x22f0, 0x22f0, 0x22f0, 0x1ad0, 0x2311, 0x22cf, 0x3351, 0x43b2, 0x4bd3, 0x4bd2, 0x5413, 0x43d3, 0x43d3, 
	0x4350, 0x9dfa, 0xffff, 0xf79e, 0xdf5e, 0xe77e, 0xd77f, 0x8d16, 0x4392, 0x4bd3, 0x4bd2, 0x4bf3, 0x43d3, 0x2b30, 0x22d0, 0x2310, 
	0x22f0, 0x22f0, 0x22d0, 0x22f0, 0x2310, 0x8e5c, 0x96be, 0x75da, 0x759a, 0x75ba, 0x759a, 0x759a, 0x759a, 0x54b7, 0x54d7, 0x54b7, 
	0x54b7, 0x4c97, 0x8d36, 0xe7ff, 0xffff, 0xffff, 0xffff, 0xffff, 0xffff, 0xffff, 0xffdf, 0xf79e, 0xf7be, 0xf7be, 0xbefe, 0x95d9, 
	0x85fb, 0x759a, 0x759a, 0x759a, 0x85da, 0x8e1b, 0x961b, 0x8dfb, 0xd71c, 0xefdf, 0xffff, 0xffff, 0xffff, 0xffdf, 0xef9e, 0xef7d, 
	0x6c95, 0x4391, 0x2b11, 0x22d0, 0x22f0, 0x22d0, 0x1ad0, 0x2310, 0x22f0, 0x2b10, 0xb63a, 0xb63a, 0x53f3, 0x53f3, 0x4bf3, 0x4bd3, 
	0x43b2, 0x43b2, 0x22f0, 0x22f0, 0x22d0, 0x2310, 0x22f0, 0x22f0, 0x22d0, 0x2310, 0x22d0, 0x2310, 0x22d0, 0x2b31, 0x43b2, 0x4bf3, 
	0x75ba, 0x759a, 0x5d18, 0x4c96, 0x54b7, 0x4c76, 0xc69b, 0xefdf, 0xef7d, 0xef9d, 0x5434, 0x228e, 0x1ad0, 0x1af0, 0x2af0, 0x22f0, 
	0xd6bb, 0xef9e, 0xffff, 0xefbe, 0x3351, 0x22cf, 0x1ad0, 0x22f0, 0x22f0, 0x22d0, 0x1ad0, 0x22f0, 0x22d0, 0x22f0, 0x1ad0, 0x22f0, 
	0x228e, 0x5455, 0xffff, 0xffff, 0xffff, 0xffff, 0xffff, 0xffff, 0xf7be, 0xffff, 0xffff, 0xffff, 0xffff, 0xa597, 0x0a6e, 0x1af0, 
	0x12b0, 0x1ad0, 0x1a4c, 0x9e1b, 0xf7ff, 0x84b3, 0x128f, 0x2311, 0x22d0, 0x22f0, 0x1ad0, 0x1ad0, 0x22d0, 0x22f0, 0x1ad0, 0x22d0, 
	0x1aef, 0x863c, 0x96de, 0x75da, 0x759a, 0x759a, 0x759a, 0x759a, 0x759a, 0x759a, 0x759a, 0x54b7, 0x4cb7, 0x4c97, 0x8536, 0xefff, 
	0xffff, 0xffff, 0xffff, 0xffff, 0xffff, 0xffff, 0xffdf, 0xf79e, 0xf79e, 0xf79e, 0xbf7f, 0x9e9c, 0x8ede, 0x8edd, 0x96de, 0x96de, 
	0x863c, 0x6d9a, 0x75ba, 0x759a, 0x759a, 0x759a, 0x5d18, 0x4c96, 0x4cb7, 0x4c76, 0xcebb, 0xefdf, 0xef7d, 0xef7d, 0x4bf3, 0x22ae, 
	0x22f1, 0x1ad0, 0x22f0, 0x22f0, 0xd6db, 0xef9e, 0xffff, 0xef9e, 0x2b10, 0x1aaf, 0x1ab0, 0x1ad0, 0x1aaf, 0x1ad0, 0x22d0, 0x22f0, 
	0x22d0, 0x22f0, 0x1ad0, 0x22f0, 0x22d0, 0x22f0, 0x1ad0, 0x2311, 0x22d0, 0x22f0, 0x1aaf, 0x1ad0, 0x1aaf, 0x22f0, 0x12b0, 0x12b0, 
	0x1a4d, 0x859a, 0xffff, 0xffff, 0xffff, 0xffff, 0xf7ff, 0x8493, 0x0a6e, 0x1ad0, 0x1aaf, 0x1ad0, 0x1aaf, 0x22f0, 0x22d0, 0x22f0, 
	0x22d0, 0x22f0, 0x22d0, 0x22f0, 0x230f, 0x863c, 0x96be, 0x75ba, 0x759a, 0x759a, 0x759a, 0x759a, 0x6d7a, 0x54b7, 0x54d7, 0x54b7, 
	0x4cb8, 0x4c97, 0x8d36, 0xefff, 0xffff, 0xffff, 0xffff, 0xffff, 0xffff, 0xffff, 0xffdf, 0xef9e, 0xf79e, 0xf7be, 0xaede, 0x7d58, 
	0x75ba, 0x75ba, 0x759a, 0x759a, 0x759a, 0x6d9a, 0x759a, 0x6d59, 0xc6bb, 0xefbf, 0xffdf, 0xffff, 0xffff, 0xffff, 0xef7d, 0xe75d, 
	0x43d3, 0x1a8e, 0x22f0, 0x22f0, 0x22f0, 0x1ad0, 0x1ad0, 0x22f0, 0x22ef, 0x3330, 0xdf3d, 0xd71c, 0x22f0, 0x22af, 0x1ad0, 0x1ab0, 
	0x1aaf, 0x1ad0, 0x22d0, 0x22f0, 0x1ad0, 0x22f0, 0x22d0, 0x22f0, 0x1ad0, 0x22f0, 0x22d0, 0x2310, 0x22f0, 0x1ad0, 0x1aaf, 0x22f0, 
	0x75ba, 0x759a, 0x759a, 0x757a, 0x5d18, 0x54b7, 0x6518, 0x6518, 0xd6db, 0xefdf, 0xd6fc, 0xce9a, 0x4392, 0x22af, 0xadf8, 0xc6dc, 
	0xe75d, 0xe73c, 0x5434, 0x4391, 0x2311, 0x22f0, 0x22f0, 0x22f0, 0x22f0, 0x22f0, 0x22f0, 0x2310, 0x22f0, 0x22f0, 0x22ae, 0x4bd3, 
	0xdf3d, 0xe77e, 0xffff, 0xffff, 0xffff, 0xffff, 0xffff, 0xffff, 0xf7ff, 0xcedc, 0x6cd6, 0xa69d, 0xffff, 0xf79e, 0xd75e, 0x84f5, 
	0x128f, 0x22f0, 0x22cf, 0x3b92, 0x4b70, 0x9e1b, 0xdf3d, 0xdf3d, 0xe73d, 0xe73d, 0xd77f, 0x5bd1, 0x1aaf, 0x2311, 0x22ef, 0x759a, 
	0x865b, 0x96bd, 0x96be, 0x7dda, 0x759a, 0x759a, 0x75ba, 0x759a, 0x759a, 0x759a, 0x759a, 0x54b7, 0x54d8, 0x4c97, 0x8d36, 0xefff, 
	0xffff, 0xffff, 0xffff, 0xffff, 0xffff, 0xf7be, 0xf7be, 0xf7de, 0xa65b, 0x434f, 0x3bd3, 0x3372, 0x3392, 0x2b51, 0x6538, 0x9efe, 
	0x96dd, 0x8ebd, 0x861c, 0x7599, 0x75ba, 0x759a, 0x759a, 0x757a, 0x5d18, 0x54b7, 0x6518, 0x6d38, 0xd6fc, 0xefbf, 0xd6db, 0xc69a, 
	0x4392, 0x22af, 0xb619, 0xc6bb, 0xe75d, 0xe73c, 0x5434, 0x4391, 0x22f0, 0x22f0, 0x22f0, 0x22f0, 0x22f0, 0x22f0, 0x22f0, 0x22f0, 
	0x22f0, 0x22f0, 0x22f0, 0x2311, 0x228e, 0x5434, 0xdf3d, 0xdf3d, 0xdf3d, 0xdf3d, 0xdf3d, 0xdf1c, 0xcedb, 0xd71c, 0xdf3d, 0xdf3d, 
	0xd73e, 0x9d77, 0x3b71, 0x43b3, 0x43b2, 0x43d3, 0x4b70, 0x9e1b, 0xd75f, 0x6c32, 0x1aaf, 0x2310, 0x22d0, 0x22f0, 0x22d0, 0x2310, 
	0x22d0, 0x22f0, 0x22f0, 0x22f0, 0x2310, 0x8e5c, 0x96de, 0x75da, 0x759a, 0x75ba, 0x759a, 0x759a, 0x759a, 0x757a, 0x6d7a, 0x54b7, 
	0x54b8, 0x4c97, 0x8d36, 0xefff, 0xffff, 0xffff, 0xffff, 0xffff, 0xffff, 0xffff, 0xffdf, 0xf79e, 0xf79e, 0xf7be, 0xbf5f, 0x9e7b, 
	0x8ebd, 0x8ebd, 0x8e9d, 0x8e9d, 0x861b, 0x7599, 0x7dba, 0x759a, 0x85da, 0x85fb, 0x7d99, 0x6d38, 0x6d58, 0x6d38, 0xd6fc, 0xefbf, 
	0xd6db, 0xc69a, 0x43b2, 0x22af, 0x2310, 0x1ad0, 0x1acf, 0x2b10, 0xbe39, 0xcebb, 0xffff, 0xef7e, 0x3331, 0x2af0, 0x22f0, 0x22f0, 
	0x22f0, 0x2b11, 0x22f0, 0x22f0, 0x22f0, 0x2311, 0x22f0, 0x2310, 0x228e, 0x5c55, 0xdf3d, 0xdf3d, 0xdf3d, 0xdf3d, 0xdf3d, 0xdf1c, 
	0x75ba, 0x759a, 0x759a, 0x759a, 0x5d18, 0x5497, 0x54b7, 0x4c76, 0xc6bb, 0xe7bf, 0xef7d, 0xef7d, 0x4bd3, 0x2acf, 0xce9a, 0xef9e, 
	0xe73d, 0xdefc, 0x3351, 0x1aae, 0x1ad0, 0x1ad0, 0x1ad0, 0x1ad0, 0x1ad0, 0x1ad0, 0x1ad0, 0x1ad0, 0x1ad0, 0x1af0, 0x22af, 0x5414, 
	0xffff, 0xffff, 0xffff, 0xffff, 0xffff, 0xffff, 0xffff, 0xffff, 0xefff, 0xbe9b, 0x4c14, 0x8e3c, 0xffdf, 0xffff, 0xffff, 0x9d76, 
	0x1aaf, 0x22f0, 0x12b0, 0x1ad0, 0x1a2c, 0x9e3c, 0xffff, 0xffff, 0xffff, 0xffff, 0xefff, 0x63f1, 0x1ad0, 0x2311, 0x1aef, 0x861c, 
	0x96fe, 0x8edd, 0x8ebd, 0x75da, 0x759a, 0x759a, 0x759a, 0x759a, 0x759a, 0x759a, 0x6d7a, 0x54b7, 0x4cb7, 0x4c97, 0x8516, 0xe7ff, 
	0xffff, 0xffff, 0xffff, 0xffff, 0xffff, 0xef9e, 0xf79e, 0xffdf, 0x961b, 0x1a4c, 0x1ad0, 0x12b0, 0x1ad0, 0x126e, 0x54b6, 0x96be, 
	0x8ebd, 0x96de, 0x863c, 0x759a, 0x759a, 0x759a, 0x759a, 0x759a, 0x5d18, 0x4c97, 0x4c97, 0x4c76, 0xcebb, 0xe7bf, 0xef7d, 0xef7d, 
	0x4bd3, 0x22cf, 0xcebb, 0xef9e, 0xe73d, 0xd6fb, 0x2b31, 0x126e, 0x1ab0, 0x1af0, 0x22d0, 0x22f0, 0x22d0, 0x22d0, 0x1ad0, 0x22f0, 
	0x1ad0, 0x1ad0, 0x1ad0, 0x22f1, 0x22ae, 0x6496, 0xffff, 0xffff, 0xffff, 0xffff, 0xffff, 0xffff, 0xf7be, 0xffdf, 0xffff, 0xffff, 
	0xffff, 0x9d76, 0x128f, 0x1ad0, 0x12af, 0x1ad0, 0x222c, 0xa65c, 0xf7ff, 0x7c73, 0x1aaf, 0x2311, 0x22f0, 0x22f0, 0x22f0, 0x22f0, 
	0x1ad0, 0x22d0, 0x1ad0, 0x22f0, 0x2310, 0x863c, 0x96de, 0x75da, 0x759a, 0x759a, 0x759a, 0x759a, 0x759a, 0x759a, 0x6d9a, 0x54b7, 
	0x4cb8, 0x4c97, 0x8d36, 0xefff, 0xffff, 0xffff, 0xffff, 0xffff, 0xffff, 0xffff, 0xffdf, 0xf79e, 0xef9e, 0xef9d, 0xb75f, 0x9e7b, 
	0x8ebd, 0x8ebd, 0x96dd, 0x96de, 0x863c, 0x7599, 0x75ba, 0x759a, 0x759a, 0x759a, 0x5d18, 0x4c96, 0x4c97, 0x4c76, 0xcedb, 0xe7bf, 
	0xef7d, 0xef7d, 0x4bd3, 0x22cf, 0x22f0, 0x1ad0, 0x22cf, 0x2b31, 0xd6fb, 0xef9e, 0xffff, 0xe75e, 0x2b10, 0x22cf, 0x1ad0, 0x1ad0, 
	0x1ad0, 0x22f0, 0x1ad0, 0x1ad0, 0x1acf, 0x22f0, 0x1ad0, 0x22f0, 0x228e, 0x64b6, 0xffff, 0xffff, 0xffff, 0xffff, 0xffff, 0xffff, 
	0x861c, 0x6d9a, 0x759a, 0x759a, 0x5d18, 0x5497, 0x54d7, 0x54b7, 0x64f8, 0x64f8, 0xd6fc, 0xefdf, 0xdefb, 0xd6db, 0xf7df, 0xffff, 
	0x5414, 0x3330, 0x22f0, 0x22d0, 0x1ad0, 0x1acf, 0x1ad0, 0x1ad0, 0x1ad0, 0x1ad0, 0x1ad0, 0x1ad0, 0x1a8e, 0x43b3, 0xe75d, 0xe79e, 
	0xffff, 0xffdf, 0xef5d, 0xef5d, 0xe77e, 0xdf3c, 0x9efe, 0x969c, 0x7ddb, 0x7dba, 0x6d7a, 0x6d5a, 0x6cb6, 0xa69d, 0xffff, 0xf7be, 
	0xd77f, 0x7c94, 0x0a6f, 0x1ad0, 0x1aaf, 0x3352, 0x3371, 0x3b92, 0x3372, 0x3b92, 0x432f, 0xae7c, 0xd79f, 0xae5a, 0x7e3c, 0x8ebd, 
	0x96de, 0x75fb, 0x75ba, 0x759a, 0x759a, 0x759a, 0x759a, 0x759a, 0x759a, 0x759a, 0x6d7a, 0x54b7, 0x4cb7, 0x4c97, 0x54d7, 0x5d18, 
	0x9d97, 0xefff, 0xffff, 0xffff, 0xffff, 0xf79e, 0xf79d, 0xffde, 0xa65c, 0x3b0f, 0x33b3, 0x3373, 0x2b32, 0x1aaf, 0x2b31, 0x2311, 
	0x6558, 0x96ff, 0x8ebd, 0x8ebd, 0x7dfb, 0x6d79, 0x759a, 0x759a, 0x5d18, 0x4c97, 0x4cb7, 0x4c97, 0x64f8, 0x64f8, 0xd71c, 0xefbf, 
	0xd6fb, 0xd6bb, 0xf7df, 0xf7df, 0x4bf3, 0x3b30, 0x1af0, 0x1aaf, 0x1ad0, 0x22f0, 0x22f0, 0x22f0, 0x22d0, 0x22f0, 0x22d0, 0x22f0, 
	0x22f0, 0x22f0, 0x1a8e, 0x4bf4, 0xe75d, 0xef9e, 0xffff, 0xffff, 0xffff, 0xffff, 0xffff, 0xffff, 0xf7ff, 0xc6bb, 0x6495, 0xa69d, 
	0xffff, 0xf7be, 0xd77f, 0x84d4, 0x128f, 0x22f0, 0x22d0, 0x3372, 0x432f, 0xa63b, 0xe77d, 0xe77d, 0xe77d, 0xe77d, 0xd79f, 0x5bd1, 
	0x1aaf, 0x22f0, 0x1aef, 0x75ba, 0x867c, 0x96dd, 0x96be, 0x75ba, 0x759a, 0x759a, 0x759a, 0x759a, 0x759a, 0x759a, 0x6d7a, 0x54b7, 
	0x54b8, 0x4c97, 0x8d36, 0xefff, 0xffff, 0xffff, 0xffff, 0xffff, 0xffff, 0xf7be, 0xf79e, 0xffde, 0x9e1b, 0x3b0f, 0x3372, 0x2b51, 
	0x3392, 0x2b31, 0x6538, 0x9eff, 0x96dd, 0x8ebd, 0x861b, 0x7599, 0x759a, 0x759a, 0x759a, 0x6d7a, 0x5cf8, 0x54b7, 0x64f8, 0x64f8, 
	0xd71c, 0xefbf, 0xd6fc, 0xce9a, 0x3b71, 0x22af, 0xb639, 0xcedc, 0xe75d, 0xdf1c, 0x4bd3, 0x3b71, 0x22f0, 0x22f0, 0x22d0, 0x22d0, 
	0x1ad0, 0x22f0, 0x22d0, 0x22f0, 0x1ad0, 0x22f0, 0x1a8e, 0x5434, 0xe75d, 0xef9e, 0xffff, 0xffff, 0xffff, 0xffff, 0xffff, 0xffff, 
	0x863c, 0x7599, 0x759a, 0x759a, 0x6539, 0x54b7, 0x54d7, 0x54b7, 0x54b7, 0x4c96, 0xcebb, 0xe7bf, 0xe73c, 0xe71c, 0xf7bf, 0xf7bf, 
	0x3b92, 0x1aae, 0x22f0, 0x22f0, 0x22f0, 0x22f0, 0x22f0, 0x22f0, 0x22f0, 0x22f0, 0x22f0, 0x2310, 0x22ae, 0x4bf3, 0xffff, 0xffff, 
	0xffff, 0xffdf, 0xe73c, 0xe73c, 0xdf7d, 0xcf1c, 0x96bd, 0x865c, 0x6d79, 0x75ba, 0x75bb, 0x6559, 0x5455, 0x965d, 0xffdf, 0xffff, 
	0xf7ff, 0x9535, 0x1ad0, 0x2b11, 0x22d0, 0x22f0, 0x1acf, 0x22f0, 0x1ad0, 0x1af0, 0x2a6c, 0xbefe, 0xefff, 0xc6fc, 0x8ede, 0x8ede, 
	0x96be, 0x75da, 0x759a, 0x75ba, 0x759a, 0x759a, 0x759a, 0x759a, 0x759a, 0x759a, 0x759a, 0x54b7, 0x54b7, 0x54b7, 0x54d8, 0x4c97, 
	0x8d36, 0xefff, 0xffff, 0xffff, 0xffff, 0xf79e, 0xef9d, 0xf79e, 0x9e5c, 0x4371, 0x3bd4, 0x33b4, 0x3372, 0x1ad0, 0x22f0, 0x1a8f, 
	0x5cf7, 0x96be, 0x96dd, 0x96fe, 0x863c, 0x7599, 0x75ba, 0x759a, 0x6519, 0x54b7, 0x54d7, 0x54b7, 0x54b7, 0x4c96, 0xcedc, 0xe79f, 
	0xe73c, 0xe71c, 0xf7bf, 0xefbf, 0x3b72, 0x22af, 0x2310, 0x1ad0, 0x1ad0, 0x22f0, 0x22f0, 0x22f0, 0x22f0, 0x22f0, 0x22d0, 0x22f0, 
	0x22f0, 0x22f0, 0x2acf, 0x5c55, 0xffff, 0xffff, 0xffff, 0xffff, 0xffff, 0xffff, 0xffff, 0xffff, 0xefff, 0xbe7b, 0x4c34, 0x965d, 
	0xffdf, 0xffff, 0xffff, 0x9d36, 0x1ad0, 0x2311, 0x1ad0, 0x22f1, 0x224c, 0xa65c, 0xffff, 0xffff, 0xffff, 0xffff, 0xefff, 0x6c12, 
	0x22f0, 0x2311, 0x2310, 0x863c, 0x96fe, 0x96dd, 0x8e9d, 0x75da, 0x759a, 0x759a, 0x759a, 0x759a, 0x759a, 0x759a, 0x759a, 0x54b7, 
	0x4cb8, 0x4c97, 0x8d36, 0xe7ff, 0xffff, 0xffff, 0xffff, 0xffff, 0xffff, 0xef9e, 0xf79e, 0xffdf, 0x95fb, 0x226d, 0x1ab0, 0x1ad0, 
	0x22f0, 0x128f, 0x5cd6, 0x96be, 0x96dd, 0x96de, 0x863c, 0x759a, 0x759a, 0x759a, 0x75ba, 0x759a, 0x5d18, 0x54b7, 0x54b7, 0x4c96, 
	0xcedb, 0xe7bf, 0xef7d, 0xef5d, 0x4bb2, 0x2aef, 0xd6db, 0xef9e, 0xdf3d, 0xcebb, 0x2b10, 0x1aaf, 0x22f0, 0x22f0, 0x22f0, 0x22f0, 
	0x22d0, 0x22f0, 0x22f0, 0x22f0, 0x1ad0, 0x2311, 0x2acf, 0x6496, 0xffff, 0xffff, 0xffff, 0xffff, 0xffff, 0xffff, 0xffff, 0xffff, 
	0x863c, 0x7599, 0x759a, 0x759a, 0x759a, 0x759a, 0x5d18, 0x54b7, 0x54d7, 0x54b7, 0x64f8, 0x64f8, 0x3b92, 0x3351, 0x3b72, 0x3351, 
	0x22f0, 0x22f0, 0x22f0, 0x22f0, 0x22f0, 0x22f0, 0x22f0, 0x22f0, 0x22f0, 0x22f0, 0x22f0, 0x2310, 0x22af, 0x4bf3, 0xffff, 0xffff, 
	0xef5d, 0xef5d, 0xdf5d, 0xd71c, 0x9edd, 0x9edd, 0x96de, 0x867c, 0x759a, 0x75ba, 0x759a, 0x75ba, 0x759a, 0x6d59, 0x6cb6, 0x9e7c, 
	0xef7d, 0xef7d, 0xdfbf, 0x7cb4, 0x128f, 0x2311, 0x22f0, 0x2311, 0x22d0, 0x22f0, 0x1ace, 0x7dfb, 0xa71e, 0x9edd, 0x96be, 0x7dfb, 
	0x75ba, 0x759a, 0x759a, 0x759a, 0x759a, 0x759a, 0x759a, 0x759a, 0x759a, 0x759a, 0x759a, 0x54b7, 0x54d7, 0x54b7, 0x54d8, 0x4cb7, 
	0x8d57, 0xefff, 0xffff, 0xffbe, 0xf79d, 0xef7d, 0xae7c, 0x53d2, 0x4415, 0x3bb3, 0x3393, 0x22f0, 0x2310, 0x22d0, 0x2b11, 0x22d0, 
	0x2b31, 0x2310, 0x6558, 0x9efe, 0x861c, 0x759a, 0x75ba, 0x759a, 0x759a, 0x759a, 0x5cf8, 0x54b7, 0x54d7, 0x54b7, 0x64f8, 0x6518, 
	0x43d3, 0x3351, 0x3b72, 0x3351, 0x22f0, 0x22f0, 0x2310, 0x22d0, 0x22d0, 0x22f0, 0x22f0, 0x22f0, 0x22f0, 0x22f0, 0x22f0, 0x22f0, 
	0x22ae, 0x4bf3, 0xef7e, 0xef9e, 0xffff, 0xffdf, 0xef5c, 0xef5d, 0xe77e, 0xd71c, 0x9ede, 0x969c, 0x7ddb, 0x7dda, 0x6d7a, 0x6d59, 
	0x6cb5, 0xaebe, 0xffff, 0xf7be, 0xdf9f, 0x7cb4, 0x128f, 0x2311, 0x22cf, 0x3351, 0x3371, 0x3b92, 0x3372, 0x3b72, 0x432f, 0xb6bd, 
	0xdfbf, 0xae5a, 0x865c, 0x96de, 0x96be, 0x7dfb, 0x75ba, 0x759a, 0x75ba, 0x75ba, 0x759a, 0x759a, 0x759a, 0x759a, 0x759a, 0x54b7, 
	0x54b7, 0x54b7, 0x5cd7, 0x5cf8, 0x9db8, 0xefff, 0xffff, 0xffff, 0xffff, 0xf79e, 0xf79e, 0xffdf, 0x9e5c, 0x3b50, 0x3393, 0x33b3, 
	0x3372, 0x22d0, 0x2b31, 0x2311, 0x6558, 0x9efe, 0x96dd, 0x8ebd, 0x7dfb, 0x759a, 0x75ba, 0x759a, 0x5cf8, 0x54b7, 0x54d7, 0x54b7, 
	0x64f8, 0x6518, 0xdf1c, 0xefbf, 0xdefb, 0xd6db, 0xffff, 0xf7df, 0x4bd3, 0x3330, 0x22f0, 0x22f0, 0x22f0, 0x22f0, 0x22f0, 0x22f0, 
	0x22f0, 0x22f0, 0x22f0, 0x22f0, 0x22ae, 0x5414, 0xef7e, 0xef9f, 0xffff, 0xffdf, 0xef5c, 0xef5d, 0xe79e, 0xd71c, 0x9ede, 0x969c, 
	0x863c, 0x7599, 0x759a, 0x759a, 0x75ba, 0x759a, 0x5d18, 0x54b7, 0x54d7, 0x54b7, 0x54b8, 0x4c97, 0x2311, 0x1ad0, 0x22f0, 0x1aaf, 
	0x22d0, 0x22f0, 0x22f0, 0x22f0, 0x22f0, 0x22d0, 0x22d0, 0x22f0, 0x22d0, 0x22d0, 0x1ad0, 0x22f0, 0x22ae, 0x4bd3, 0xffff, 0xffdf, 
	0xe73c, 0xe73c, 0xdf7e, 0xd71c, 0x8ebd, 0x96dd, 0x96de, 0x867c, 0x759a, 0x75ba, 0x759a, 0x75ba, 0x75bb, 0x6539, 0x5455, 0x8e1c, 
	0xe71c, 0xf79e, 0xf7ff, 0x9515, 0x22f0, 0x2311, 0x1ad0, 0x22f0, 0x1ad0, 0x2b11, 0x2310, 0x75db, 0x96fe, 0x8edd, 0x8ebd, 0x75da, 
	0x759a, 0x7dbb, 0x7dba, 0x7dda, 0x7dba, 0x7dda, 0x7dba, 0x7dda, 0x7dda, 0x759a, 0x6d9a, 0x54b7, 0x54b7, 0x54b7, 0x54b8, 0x4c97, 
	0x8536, 0xdfff, 0xef9e, 0xe75d, 0xe73c, 0xdf3c, 0x961b, 0x3b30, 0x33b4, 0x33b3, 0x3372, 0x1aaf, 0x22d0, 0x1ad0, 0x22f0, 0x1acf, 
	0x22f0, 0x1ad0, 0x6538, 0x9eff, 0x861b, 0x6d99, 0x759a, 0x759a, 0x759a, 0x759a, 0x5cf8, 0x54b7, 0x54d7, 0x54b7, 0x54b7, 0x54b7, 
	0x2b31, 0x1aaf, 0x1ad0, 0x1aaf, 0x1ad0, 0x22f0, 0x22f0, 0x1acf, 0x1acf, 0x22f0, 0x22d0, 0x22f0, 0x22d0, 0x22f0, 0x1ad0, 0x22f0, 
	0x228e, 0x4c14, 0xffff, 0xffff, 0xffff, 0xf7be, 0xe73c, 0xe73c, 0xd75e, 0xcefc, 0x8ebe, 0x865c, 0x6d79, 0x759a, 0x75bb, 0x6539, 
	0x5455, 0x967d, 0xf7de, 0xffff, 0xf7ff, 0x9535, 0x22f0, 0x2b31, 0x1acf, 0x1ad0, 0x1aaf, 0x22f0, 0x1ab0, 0x1ad0, 0x2a6c, 0xbefe, 
	0xefff, 0xbedc, 0x8ede, 0x8edd, 0x8ebd, 0x75da, 0x757a, 0x759a, 0x759a, 0x759a, 0x759a, 0x759a, 0x759a, 0x759a, 0x6d7a, 0x54b7, 
	0x54b7, 0x54b7, 0x54d8, 0x4477, 0x8d57, 0xefff, 0xffff, 0xffff, 0xffdf, 0xef9e, 0xef7d, 0xef7d, 0x961b, 0x3b50, 0x3393, 0x3393, 
	0x3372, 0x1aaf, 0x22d0, 0x128f, 0x5cf7, 0x8e9d, 0x8ebd, 0x96de, 0x7e1b, 0x7599, 0x759a, 0x759a, 0x5cf8, 0x54b7, 0x54d7, 0x54b7, 
	0x54b7, 0x4c97, 0xcedc, 0xe79f, 0xdf1c, 0xdf1c, 0xefbf, 0xe77e, 0x3351, 0x1aaf, 0x1ad0, 0x22f0, 0x1ad0, 0x1ad0, 0x1ad0, 0x1ad0, 
	0x1aaf, 0x22f0, 0x1ad0, 0x1ad0, 0x1a8e, 0x4c34, 0xffff, 0xffff, 0xffff, 0xf7be, 0xe73c, 0xe73c, 0xd77e, 0xc6fc, 0x8ebe, 0x865c, 
	0x863c, 0x6d99, 0x759a, 0x759a, 0x75ba, 0x759a, 0x5d18, 0x54b7, 0x54d7, 0x54b7, 0x54d7, 0x54b7, 0x2b31, 0x1ad0, 0x22f0, 0x22d0, 
	0x22d0, 0x22d0, 0x22f0, 0x22f0, 0x22d0, 0x1ad0, 0x22d0, 0x22f0, 0x22d0, 0x22d0, 0x1ad0, 0x22f0, 0x22ae, 0x4bd3, 0xffff, 0xffdf, 
	0xe73c, 0xef7d, 0xf7ff, 0xe79e, 0x8ebd, 0x96de, 0x8edd, 0x8edd, 0x96bd, 0x865c, 0x757a, 0x759a, 0x759a, 0x759a, 0x6d7a, 0x6539, 
	0x6495, 0xa67c, 0xef7d, 0xe71b, 0xcf3e, 0x6c32, 0x128f, 0x22f0, 0x1aae, 0x7579, 0x8e9d, 0x8ebd, 0x96de, 0x7dfb, 0x6d9a, 0x6d9a, 
	0x8578, 0xcfbf, 0xffdf, 0xf7df, 0xf7df, 0xf7df, 0xf7df, 0xffdf, 0xd7df, 0x8d78, 0x6d7a, 0x54b7, 0x54b7, 0x4c97, 0x54b7, 0x4cb7, 
	0x5476, 0x43f4, 0x43f4, 0x43d4, 0x4c14, 0x43f4, 0x3bd4, 0x3393, 0x3bb4, 0x33b3, 0x3372, 0x1acf, 0x22f0, 0x1ad0, 0x22f0, 0x1a8f, 
	0x5cd6, 0x969d, 0x8ebd, 0x96de, 0x861c, 0x6d9a, 0x759a, 0x759a, 0x759a, 0x759a, 0x5cf8, 0x54b7, 0x54d7, 0x54b7, 0x54b7, 0x54b7, 
	0x2b31, 0x1aaf, 0x22f0, 0x1ad0, 0x22d0, 0x22f0, 0x22f0, 0x1acf, 0x1acf, 0x22f0, 0x22d0, 0x22f0, 0x22d0, 0x22d0, 0x1ad0, 0x22f0, 
	0x228e, 0x4bf4, 0xffff, 0xffdf, 0xef5c, 0xef5c, 0xdf5d, 0xd71c, 0x96dd, 0x96dd, 0x96de, 0x865c, 0x6d79, 0x75ba, 0x759a, 0x6d9a, 
	0x6d7a, 0x6d59, 0x6495, 0x9e7c, 0xf77d, 0xf77d, 0xe7df, 0x7c93, 0x126e, 0x1ad0, 0x1ad0, 0x22f0, 0x1ad0, 0x1ad0, 0x1aae, 0x85fb, 
	0x9f1e, 0x96dd, 0x96be, 0x7dfb, 0x759a, 0x759a, 0x6d9a, 0x6d9a, 0x759a, 0x759a, 0x759a, 0x759a, 0x759a, 0x759a, 0x6d9a, 0x54b7, 
	0x54b7, 0x54b7, 0x54d8, 0x4c97, 0x9557, 0xf7ff, 0xffff, 0xffbe, 0xf79d, 0xef7d, 0xa65c, 0x4b91, 0x43f4, 0x3393, 0x2b52, 0x1ad0, 
	0x2311, 0x1acf, 0x22d0, 0x1aaf, 0x2311, 0x1ad0, 0x6578, 0x9efe, 0x7e1b, 0x6d99, 0x759a, 0x759a, 0x759a, 0x757a, 0x5cf8, 0x5497, 
	0x54b7, 0x54b7, 0x5cf8, 0x5cd8, 0x3372, 0x2b10, 0x2b31, 0x2b51, 0x22f0, 0x1ad0, 0x1ad0, 0x22f0, 0x1ad0, 0x22f0, 0x1ad0, 0x1ad0, 
	0x1acf, 0x22f0, 0x1ad0, 0x1ad0, 0x1a8e, 0x4c14, 0xffff, 0xffdf, 0xe75c, 0xef5c, 0xdf5d, 0xd71c, 0x96dd, 0x96dd, 0x96de, 0x865c, 
	0x861c, 0x7599, 0x759a, 0x759a, 0x75ba, 0x759a, 0x5d18, 0x54b7, 0x54d7, 0x54b7, 0x54d7, 0x54b7, 0x2b52, 0x2311, 0x2311, 0x22d0, 
	0x22f0, 0x22f0, 0x22f0, 0x22f0, 0x22f0, 0x22d0, 0x22f0, 0x22f0, 0x22f0, 0x22f0, 0x22d0, 0x22f0, 0x22ae, 0x4bf3, 0xffff, 0xffff, 
	0xef5c, 0xef7d, 0xf7ff, 0xe79e, 0x9edd, 0x9efe, 0x9efe, 0x9edd, 0x96de, 0x867c, 0x759a, 0x75ba, 0x759a, 0x759a, 0x75bb, 0x6539, 
	0x5454, 0x963c, 0xe71c, 0xe73c, 0xe7bf, 0x84b3, 0x2311, 0x3352, 0x2310, 0x7ddb, 0x96fe, 0x8ebd, 0x969d, 0x861b, 0x7dda, 0x7ddb, 
	0x95b8, 0xdfdf, 0xffff, 0xffff, 0xffff, 0xffff, 0xffff, 0xffff, 0xdfff, 0x95b8, 0x75ba, 0x64f8, 0x5cf8, 0x5cf8, 0x64f8, 0x64f8, 
	0x5cb7, 0x3393, 0x3393, 0x3393, 0x3bd4, 0x3393, 0x3bb3, 0x3bb3, 0x3bd3, 0x3bb3, 0x3372, 0x1acf, 0x22f0, 0x22d0, 0x2310, 0x1aaf, 
	0x5d17, 0x9eff, 0x96dd, 0x8ebd, 0x861b, 0x7599, 0x759a, 0x759a, 0x75ba, 0x759a, 0x5cf8, 0x54b7, 0x54d7, 0x54b7, 0x54b7, 0x54b7, 
	0x3372, 0x22f0, 0x22f0, 0x22d0, 0x22f0, 0x22f0, 0x22f0, 0x1ad0, 0x22d0, 0x22f0, 0x22f0, 0x22f0, 0x22f0, 0x22f0, 0x22f0, 0x22f0, 
	0x22ae, 0x4c14, 0xffff, 0xffdf, 0xe73c, 0xe75c, 0xe77e, 0xd71c, 0x8ebd, 0x96dd, 0x96de, 0x867c, 0x75ba, 0x7dda, 0x759a, 0x759a, 
	0x75bb, 0x6539, 0x5c75, 0x963c, 0xe71c, 0xf79e, 0xf7ff, 0x8cf4, 0x2310, 0x2b11, 0x22d0, 0x2b11, 0x22d0, 0x2b31, 0x2330, 0x7dfb, 
	0x96fe, 0x96dd, 0x969d, 0x7dda, 0x759a, 0x7ddb, 0x7dda, 0x7dda, 0x85da, 0x85da, 0x7ddb, 0x7ddb, 0x7ddb, 0x7dba, 0x759a, 0x54b7, 
	0x54b7, 0x54b7, 0x54d8, 0x4cb7, 0x8d57, 0xdfdf, 0xef9e, 0xe73c, 0xdf3c, 0xdf1c, 0x95fb, 0x3b50, 0x3bd4, 0x3bb3, 0x2b52, 0x1ad0, 
	0x2b11, 0x22d0, 0x22f0, 0x22d0, 0x2b31, 0x22f0, 0x6d78, 0x9efe, 0x861b, 0x759a, 0x75ba, 0x759a, 0x759a, 0x75ba, 0x5d18, 0x54b7, 
	0x54d7, 0x54b7, 0x54b7, 0x54b7, 0x2b31, 0x1aaf, 0x1aaf, 0x22f0, 0x22f0, 0x22f0, 0x22f0, 0x22f0, 0x22f0, 0x22f0, 0x22f0, 0x22f0, 
	0x22d0, 0x22f0, 0x22f0, 0x22f0, 0x228e, 0x5434, 0xffff, 0xffdf, 0xe73c, 0xe75c, 0xdf7e, 0xd71c, 0x8ebd, 0x96de, 0x96de, 0x867c, 
	0x75ba, 0x759a, 0x759a, 0x759a, 0x75ba, 0x759a, 0x5d19, 0x54b7, 0x54d7, 0x54b7, 0x54d7, 0x54b7, 0x5497, 0x54b7, 0x2b52, 0x1ad0, 
	0x22d0, 0x22d0, 0x22f0, 0x22f0, 0x22f0, 0x22d0, 0x22d0, 0x22f0, 0x22f0, 0x22d0, 0x1ad0, 0x22f0, 0x22ae, 0x4bf3, 0xffff, 0xffff, 
	0xffff, 0xffdf, 0xe73c, 0xef7d, 0xffff, 0xffff, 0xf7ff, 0xdf9e, 0x8ebd, 0x96de, 0x96be, 0x865c, 0x757a, 0x759a, 0x75ba, 0x6539, 
	0x4c97, 0x54d8, 0x6495, 0xa67c, 0xf77d, 0xe71c, 0xcf3e, 0xb69b, 0x869d, 0x8ebe, 0x8ebe, 0x75fb, 0x8558, 0xcf9f, 0xffff, 0xffdf, 
	0xffdf, 0xffff, 0xffff, 0xffff, 0xffff, 0xf79e, 0xf79e, 0xef5d, 0xe75d, 0xdf3c, 0xdf3c, 0xdf1c, 0xdf1c, 0xdf1c, 0xdf1c, 0xe73c, 
	0xae9d, 0x4370, 0x2b93, 0x33b4, 0x3bd4, 0x3bb3, 0x3bb3, 0x3393, 0x3bb4, 0x33b3, 0x3372, 0x1ad0, 0x22f0, 0x1ad0, 0x22f0, 0x128f, 
	0x5d17, 0x9eff, 0x863c, 0x75ba, 0x75ba, 0x759a, 0x759a, 0x759a, 0x759a, 0x759a, 0x5cf8, 0x54b7, 0x54d7, 0x54b7, 0x54b7, 0x54b7, 
	0x54b7, 0x4c97, 0x2b31, 0x1ad0, 0x22d0, 0x22f0, 0x22f0, 0x1ad0, 0x1ad0, 0x22f0, 0x22f0, 0x22f0, 0x22f0, 0x22f0, 0x22f0, 0x2310, 
	0x22ae, 0x4c14, 0xffff, 0xffdf, 0xe73c, 0xef7d, 0xf7ff, 0xe79e, 0x8ebd, 0x96de, 0x8ebd, 0x8ebd, 0x96be, 0x865c, 0x757a, 0x759a, 
	0x759a, 0x75ba, 0x6d9a, 0x6539, 0x6495, 0xa67d, 0xef7d, 0xe71c, 0xd75e, 0x6c12, 0x128f, 0x22f0, 0x1acf, 0x759a, 0x8ebd, 0x96dd, 
	0x96de, 0x75fa, 0x6d9a, 0x6d9a, 0x8d78, 0xd7bf, 0xffff, 0xffdf, 0xf7ff, 0xf7ff, 0xffdf, 0xffdf, 0xd7df, 0x8d78, 0x6d7a, 0x54b7, 
	0x4cb7, 0x4cb7, 0x54d7, 0x54b7, 0x5476, 0x3bf4, 0x43f4, 0x43d4, 0x43f4, 0x43d4, 0x43f4, 0x3bb3, 0x3bd4, 0x3bb3, 0x2b52, 0x1ad0, 
	0x2b11, 0x22d0, 0x22f0, 0x1aaf, 0x5cf7, 0x96be, 0x96dd, 0x96de, 0x7e1b, 0x7599, 0x75ba, 0x759a, 0x759a, 0x759a, 0x5d18, 0x54b7, 
	0x54d7, 0x54b7, 0x54d7, 0x54b7, 0x2b31, 0x1acf, 0x1ad0, 0x22f0, 0x22f0, 0x22f0, 0x22d0, 0x22f0, 0x22f0, 0x22f0, 0x22f0, 0x22d0, 
	0x22d0, 0x22f0, 0x22f0, 0x22f0, 0x228e, 0x5434, 0xffff, 0xffdf, 0xe73c, 0xef7d, 0xf7ff, 0xe77e, 0x8ebd, 0x8ebd, 0x8ebd, 0x96de, 
	0x75ba, 0x759a, 0x759a, 0x759a, 0x75ba, 0x759a, 0x5d18, 0x54b7, 0x54d8, 0x54b7, 0x54d8, 0x54b7, 0x54b7, 0x54d7, 0x3352, 0x22d0, 
	0x22f0, 0x22f0, 0x22f0, 0x22f0, 0x22f0, 0x22f0, 0x22f0, 0x22f0, 0x22f0, 0x22f0, 0x22f0, 0x2311, 0x22cf, 0x43d3, 0xe77e, 0xef9e, 
	0xffff, 0xffdf, 0xe73c, 0xe75c, 0xef7d, 0xef7e, 0xe7bf, 0xcf1d, 0x865c, 0x8e9d, 0x96de, 0x865c, 0x759a, 0x759a, 0x75ba, 0x6539, 
	0x54b7, 0x54d7, 0x5c75, 0x963c, 0xdf1c, 0xdefb, 0xcf3e, 0xbedc, 0x96dd, 0x9efe, 0x9efe, 0x863b, 0x95b8, 0xd7bf, 0xffff, 0xffff, 
	0xffff, 0xffff, 0xffff, 0xffff, 0xffff, 0xf79e, 0xef9e, 0xe75d, 0xe75d, 0xef5d, 0xef5d, 0xef5d, 0xef5d, 0xef5d, 0xef5c, 0xef5d, 
	0xbedd, 0x5bf2, 0x43f5, 0x33b3, 0x43d4, 0x3bb3, 0x3bd3, 0x3bb3, 0x3bd3, 0x3393, 0x3372, 0x22d0, 0x22f0, 0x22d0, 0x2b51, 0x2b31, 
	0x6538, 0x9efe, 0x863c, 0x7599, 0x75ba, 0x759a, 0x75ba, 0x759a, 0x75ba, 0x759a, 0x5cf8, 0x54b7, 0x54d7, 0x54b7, 0x54b7, 0x54b7, 
	0x54d7, 0x54b7, 0x2b31, 0x22d0, 0x22f0, 0x22f0, 0x2310, 0x22d0, 0x1ad0, 0x22f0, 0x22f0, 0x22f0, 0x22f0, 0x22f0, 0x22f0, 0x22f0, 
	0x22ae, 0x4bf4, 0xffff, 0xffdf, 0xef5c, 0xef7d, 0xf7ff, 0xe79e, 0x9ede, 0x9efe, 0x9efe, 0x9edd, 0x96de, 0x867c, 0x75ba, 0x759a, 
	0x759a, 0x75ba, 0x75bb, 0x6518, 0x5454, 0x963c, 0xdf1b, 0xe73c, 0xe79f, 0x8493, 0x2b31, 0x3372, 0x2b31, 0x7dfb, 0x96fe, 0x8ebd, 
	0x969d, 0x861b, 0x85db, 0x85db, 0x9dd8, 0xdfff, 0xffff, 0xffff, 0xffff, 0xffff, 0xffff, 0xffff, 0xdfdf, 0x9db8, 0x7dbb, 0x6518, 
	0x6518, 0x64f8, 0x6518, 0x6518, 0x5cb7, 0x3393, 0x3bb3, 0x3393, 0x3bb3, 0x3393, 0x3bd4, 0x3bb3, 0x3bd4, 0x3bb3, 0x2b52, 0x1ad0, 
	0x2b11, 0x22d0, 0x22f0, 0x1aaf, 0x5d37, 0x9eff, 0x96dd, 0x8ebd, 0x7dfb, 0x759a, 0x75ba, 0x759a, 0x759a, 0x759a, 0x5cf8, 0x54b7, 
	0x54b7, 0x54b7, 0x54d7, 0x54b7, 0x3372, 0x22f0, 0x22d0, 0x22f0, 0x22f0, 0x22d0, 0x22d0, 0x22f0, 0x22f0, 0x22f0, 0x22f0, 0x22d0, 
	0x22d0, 0x22f0, 0x22f0, 0x22f0, 0x228e, 0x5434, 0xffff, 0xffdf, 0xef5c, 0xf77d, 0xf7ff, 0xe77e, 0x9edd, 0x9efe, 0x9efe, 0x9efe, 
	0x75ba, 0x759a, 0x759a, 0x759a, 0x75ba, 0x759a, 0x5d18, 0x54b7, 0x54d7, 0x54b7, 0x54d7, 0x54b7, 0x54b7, 0x54d7, 0x2b52, 0x1ad0, 
	0x22d0, 0x22d0, 0x22f0, 0x22f0, 0x22f0, 0x22f0, 0x1acf, 0x1ad0, 0x1ad0, 0x1ad0, 0x1ad0, 0x22f0, 0x22f0, 0x2310, 0x22cf, 0x5434, 
	0xffff, 0xffff, 0xef9e, 0xb618, 0x1acf, 0x3372, 0x3bd4, 0x3bd4, 0x3392, 0x5cf8, 0x9efe, 0x865c, 0x759a, 0x759a, 0x75ba, 0x6539, 
	0x54b7, 0x54d7, 0x54b7, 0x54d8, 0x54d7, 0x54d7, 0x4c96, 0x7e1c, 0xa69b, 0xcfdf, 0xffff, 0xffff, 0xffff, 0xffff, 0xffff, 0xffff, 
	0xffff, 0xffff, 0xffff, 0xffff, 0xffff, 0xf7be, 0xf7be, 0xf79e, 0xf7be, 0xffff, 0xffff, 0xf7be, 0xf7be, 0xf7be, 0xf79e, 0xe73c, 
	0xe73c, 0xe75c, 0xa67c, 0x3b50, 0x33b4, 0x3393, 0x33b3, 0x33b3, 0x3372, 0x1ad0, 0x2311, 0x22d0, 0x22f0, 0x1aaf, 0x54d6, 0x96de, 
	0x96dd, 0x96fe, 0x863c, 0x7599, 0x75ba, 0x759a, 0x759a, 0x759a, 0x75ba, 0x759a, 0x5cf8, 0x54b7, 0x54d7, 0x54b7, 0x54b7, 0x54b7, 
	0x54d8, 0x54b7, 0x2b31, 0x1ad0, 0x22d0, 0x22f0, 0x22f0, 0x1ad0, 0x1ad0, 0x22f0, 0x22d0, 0x22f0, 0x22d0, 0x22f0, 0x1ad0, 0x22f0, 
	0x228e, 0x4c14, 0xffff, 0xffff, 0xffff, 0xf7be, 0xe73c, 0xef9e, 0xffff, 0xffff, 0xf7ff, 0xdf9e, 0x96dd, 0x96de, 0x96de, 0x7e3c, 
	0x757a, 0x75ba, 0x759a, 0x6518, 0x4c97, 0x54d8, 0x6475, 0xa69d, 0xf77d, 0xef3c, 0xd77e, 0xbebb, 0x8e9d, 0x8ebe, 0x8ebe, 0x75fb, 
	0x8557, 0xcfbf, 0xffff, 0xffdf, 0xffff, 0xffff, 0xffff, 0xffff, 0xffff, 0xf79e, 0xf79e, 0xe75d, 0xe75c, 0xe73c, 0xe73c, 0xe73c, 
	0xe73c, 0xdf3c, 0xe73c, 0xe75c, 0xa67c, 0x3b50, 0x33b4, 0x33b3, 0x3bb4, 0x3393, 0x3bd3, 0x3393, 0x3bd4, 0x33b3, 0x2b52, 0x1ad0, 
	0x2311, 0x1ad0, 0x22f0, 0x128e, 0x5d17, 0x9eff, 0x863c, 0x759a, 0x759a, 0x759a, 0x75ba, 0x759a, 0x759a, 0x759a, 0x5cf8, 0x54b7, 
	0x54d7, 0x54b7, 0x54d7, 0x54b7, 0x54b7, 0x4c96, 0x2310, 0x22f0, 0x22f0, 0x22d0, 0x1ad0, 0x22f0, 0x22d0, 0x22f0, 0x22f0, 0x22d0, 
	0x22d0, 0x22f0, 0x22f0, 0x22f0, 0x1a8e, 0x5434, 0xffff, 0xffff, 0xffff, 0xf7be, 0xe73c, 0xef9e, 0xffff, 0xffff, 0xf7ff, 0xdf7e, 
	0x75ba, 0x759a, 0x759a, 0x759a, 0x759a, 0x759a, 0x5d18, 0x54b7, 0x54d7, 0x54b7, 0x54d7, 0x54b7, 0x54b7, 0x54b7, 0x2b52, 0x1ad0, 
	0x22d0, 0x22d0, 0x22f0, 0x22f0, 0x22f0, 0x22f0, 0x3b92, 0x3bb2, 0x4392, 0x3b92, 0x3b92, 0x3b72, 0x22f0, 0x22f0, 0x1a8e, 0x43d3, 
	0xdf5d, 0xdf3d, 0xc6dc, 0x9d77, 0x128f, 0x2b31, 0x3373, 0x3bb4, 0x3bf4, 0x6539, 0x96fe, 0x865c, 0x757a, 0x759a, 0x75ba, 0x6539, 
	0x4cb7, 0x54b7, 0x54b7, 0x54d7, 0x5497, 0x6518, 0x6518, 0x8e7d, 0xb6dc, 0xd7df, 0xffff, 0xffff, 0xffff, 0xffff, 0xffff, 0xffff, 
	0xffff, 0xffff, 0xffff, 0xf7be, 0xef9e, 0xe75d, 0xdf5d, 0xdf5d, 0xdf5d, 0xefbf, 0xef9e, 0xdf5d, 0xdf5d, 0xdf3d, 0xdf3c, 0xe75d, 
	0xef5c, 0xef7d, 0xb6bd, 0x5bf2, 0x5455, 0x4c35, 0x43f4, 0x3372, 0x3352, 0x1aaf, 0x2311, 0x1ad0, 0x22f0, 0x1a8f, 0x54f6, 0x9eff, 
	0x8ebd, 0x8e9d, 0x861b, 0x7599, 0x759a, 0x759a, 0x759a, 0x759a, 0x759a, 0x759a, 0x5cf8, 0x54b7, 0x54d7, 0x54b7, 0x54b7, 0x54b7, 
	0x54d7, 0x54b7, 0x2b31, 0x1ad0, 0x22d0, 0x22f0, 0x22f0, 0x1acf, 0x1ad0, 0x22f0, 0x22d0, 0x22f0, 0x22d0, 0x22f0, 0x1ad0, 0x22f0, 
	0x1aae, 0x43d3, 0xdf5d, 0xe77e, 0xffff, 0xffdf, 0xe73c, 0xe75d, 0xe73d, 0xe75d, 0xdf7f, 0xc6dc, 0x863b, 0x8e9d, 0x96de, 0x863c, 
	0x757a, 0x75ba, 0x759a, 0x6518, 0x4cb7, 0x4cb7, 0x5c75, 0x963c, 0xd6fc, 0xd6fb, 0xc73d, 0xb6bc, 0x96dd, 0x9f1e, 0xa6fe, 0x8e3b, 
	0x95b8, 0xdfdf, 0xffff, 0xffff, 0xffff, 0xffff, 0xffff, 0xffff, 0xffff, 0xf79e, 0xef9e, 0xe75d, 0xe75d, 0xef5d, 0xef7d, 0xef5d, 
	0xef5d, 0xef5d, 0xef5c, 0xef5d, 0xb6bd, 0x5bf2, 0x4c35, 0x3393, 0x3bb4, 0x3393, 0x3bd4, 0x3393, 0x3bb4, 0x3393, 0x2b31, 0x1acf, 
	0x2311, 0x1ad0, 0x2b31, 0x2b31, 0x6558, 0x9eff, 0x861c, 0x6d99, 0x759a, 0x759a, 0x75ba, 0x759a, 0x759a, 0x759a, 0x5cf8, 0x54b7, 
	0x54b7, 0x54b7, 0x54d7, 0x54b7, 0x54d7, 0x4c97, 0x2310, 0x22f0, 0x22f0, 0x22d0, 0x22d0, 0x22f0, 0x22f0, 0x22f0, 0x22f0, 0x22f0, 
	0x22d0, 0x22f0, 0x22f0, 0x22f0, 0x22ae, 0x4c14, 0xe75d, 0xef9e, 0xffff, 0xf7be, 0xe73c, 0xe75d, 0xe75d, 0xe75d, 0xdf9f, 0xc6fc, 
	0x759a, 0x759a, 0x759a, 0x759a, 0x759a, 0x759a, 0x5d18, 0x5497, 0x54d7, 0x54b7, 0x54d7, 0x4cb7, 0x54b7, 0x54b7, 0x2b31, 0x1aaf, 
	0x1aaf, 0x1aaf, 0x22f0, 0x22f0, 0x22cf, 0x2b31, 0xefbe, 0xffff, 0xffff, 0xffdf, 0xe75d, 0xc67a, 0x1aaf, 0x1aaf, 0x1aaf, 0x1ad0, 
	0x22f0, 0x2310, 0x22f0, 0x1ad0, 0x1acf, 0x22f0, 0x128e, 0x4c35, 0x96fe, 0x96dd, 0x96de, 0x865c, 0x757a, 0x759a, 0x759a, 0x6538, 
	0x4c97, 0x54b7, 0x4cb7, 0x4cb8, 0x5434, 0xaeff, 0xffff, 0xffff, 0xffff, 0xffff, 0xffff, 0xffff, 0xffff, 0xffff, 0xffff, 0xffff, 
	0xffff, 0xffff, 0xefff, 0x9db8, 0x759a, 0x759a, 0x759a, 0x759a, 0x759a, 0x759a, 0x759a, 0x75ba, 0x6d9a, 0x4cb7, 0x8516, 0xdfdf, 
	0xf7be, 0xf79d, 0xef7d, 0xe73c, 0xe73c, 0xef5d, 0x95fa, 0x226d, 0x22f0, 0x1ad0, 0x22f0, 0x1acf, 0x22d0, 0x126e, 0x54d6, 0x9eff, 
	0x863c, 0x6d99, 0x759a, 0x759a, 0x759a, 0x759a, 0x759a, 0x759a, 0x759a, 0x759a, 0x5cf8, 0x5497, 0x54d7, 0x54b7, 0x54b7, 0x54b7, 
	0x54d7, 0x54b7, 0x2311, 0x1aaf, 0x1aaf, 0x1acf, 0x22f0, 0x1aaf, 0x1acf, 0x22f0, 0x1aaf, 0x1acf, 0x1aaf, 0x1acf, 0x1aaf, 0x1ad0, 
	0x1ad0, 0x22f0, 0x228e, 0x5435, 0xffff, 0xffff, 0xef9e, 0xb5f8, 0x1aaf, 0x2b52, 0x3bb4, 0x3bb4, 0x2b72, 0x6518, 0x96ff, 0x7e3c, 
	0x757a, 0x75ba, 0x759a, 0x6518, 0x4c97, 0x54b7, 0x54b7, 0x54d8, 0x54b7, 0x54b7, 0x4c96, 0x7e3c, 0xa69b, 0xcfdf, 0xffff, 0xffff, 
	0xffff, 0xffff, 0xffff, 0xffff, 0xffff, 0xffff, 0xffff, 0xffff, 0xffff, 0xf7be, 0xf7be, 0xf7be, 0xf7be, 0xffff, 0xffff, 0xf7be, 
	0xf7be, 0xf7be, 0xf79e, 0xe73c, 0xe73c, 0xef5c, 0xa67c, 0x3b50, 0x3393, 0x2b73, 0x33b3, 0x33b3, 0x3372, 0x1acf, 0x1acf, 0x1acf, 
	0x22f0, 0x128f, 0x5cf7, 0x96de, 0x96dd, 0x96de, 0x861c, 0x6d99, 0x759a, 0x759a, 0x759a, 0x759a, 0x759a, 0x759a, 0x5cf8, 0x5497, 
	0x54b7, 0x54b7, 0x54b7, 0x54b7, 0x54d7, 0x4c97, 0x22f0, 0x1ad0, 0x22f0, 0x1ad0, 0x1ad0, 0x22d0, 0x22d0, 0x22f0, 0x1acf, 0x1aaf, 
	0x1aaf, 0x1ad0, 0x1aaf, 0x1ad0, 0x1ad0, 0x2310, 0x22ae, 0x6496, 0xffff, 0xffff, 0xef9f, 0xadd7, 0x1aaf, 0x2b31, 0x3bd4, 0x43f4, 
	0x75ba, 0x759a, 0x75ba, 0x759a, 0x759a, 0x6d79, 0x5d18, 0x54b7, 0x54d7, 0x54b7, 0x54d7, 0x54b7, 0x54b7, 0x54d7, 0x3b93, 0x2b31, 
	0x43b2, 0x43b3, 0x2b11, 0x22f0, 0x22f0, 0x3351, 0xcedc, 0xdf5e, 0xffdf, 0xffdf, 0xef9e, 0xd6fb, 0x4bd3, 0x4bd2, 0x43d3, 0x43b2, 
	0x22d0, 0x22f0, 0x22f0, 0x22d0, 0x22d0, 0x2b52, 0x3371, 0x5cd7, 0x96fe, 0x96de, 0x96de, 0x865c, 0x759a, 0x75ba, 0x75ba, 0x6d39, 
	0x54b7, 0x54d7, 0x54b7, 0x6539, 0x7d16, 0xbf3f, 0xffff, 0xffff, 0xffff, 0xffff, 0xffff, 0xffff, 0xffff, 0xffff, 0xffff, 0xffdf, 
	0xf7ff, 0xf7df, 0xd7ff, 0x95f9, 0x75db, 0x75db, 0x7ddb, 0x7ddb, 0x7dda, 0x7dda, 0x7ddb, 0x759a, 0x6d9a, 0x54d7, 0x7d37, 0xc75f, 
	0xe73c, 0xefbe, 0xef7d, 0xef5d, 0xef5d, 0xef7d, 0x9e1b, 0x2a8d, 0x2311, 0x22f0, 0x2b11, 0x22d0, 0x2b51, 0x3372, 0x6538, 0x9efe, 
	0x863c, 0x7599, 0x7dba, 0x759a, 0x75ba, 0x759a, 0x75ba, 0x759a, 0x759a, 0x6d79, 0x5cf8, 0x54b7, 0x54d7, 0x54b7, 0x54d7, 0x54d7, 
	0x54d7, 0x54b7, 0x3372, 0x2b31, 0x43b2, 0x43b3, 0x2b11, 0x22d0, 0x22d0, 0x2b11, 0x4bd3, 0x4bd3, 0x4bd3, 0x4bd3, 0x43b2, 0x4392, 
	0x22f0, 0x22f0, 0x22ae, 0x4c14, 0xdf3d, 0xd6fc, 0xc6bc, 0x9d77, 0x1aaf, 0x2b31, 0x3393, 0x3bd4, 0x4414, 0x6d79, 0x9efe, 0x863c, 
	0x759a, 0x7dba, 0x75ba, 0x6538, 0x54b7, 0x54d7, 0x54b7, 0x54d7, 0x54b7, 0x6539, 0x6d38, 0x967d, 0xb6dc, 0xdfff, 0xffff, 0xffff, 
	0xffff, 0xffff, 0xffff, 0xffff, 0xffff, 0xffff, 0xffff, 0xef9e, 0xe79f, 0xdf5d, 0xdf5d, 0xdf5d, 0xdf5d, 0xef9f, 0xe79e, 0xdf5d, 
	0xdf5d, 0xd71d, 0xdf3c, 0xe75d, 0xef5c, 0xef7d, 0xb6bd, 0x6412, 0x5475, 0x5455, 0x4c35, 0x3b92, 0x3372, 0x22f0, 0x22f0, 0x22f0, 
	0x2b11, 0x1aaf, 0x5d17, 0x9eff, 0x96bd, 0x8ebd, 0x861c, 0x759a, 0x75ba, 0x759a, 0x7dba, 0x759a, 0x75ba, 0x75ba, 0x6518, 0x54b7, 
	0x54d7, 0x54d7, 0x54d7, 0x54d7, 0x54d8, 0x54b7, 0x2b31, 0x2310, 0x2311, 0x22f0, 0x22f0, 0x22f0, 0x22f0, 0x2b11, 0x43b3, 0x43b3, 
	0x43b2, 0x4bd3, 0x43b2, 0x3b92, 0x22d0, 0x2311, 0x228e, 0x5434, 0xdf3d, 0xd71c, 0xc6bc, 0x9556, 0x1aaf, 0x2311, 0x3393, 0x43f5, 
	0x75ba, 0x759a, 0x759a, 0x759a, 0x5d18, 0x5497, 0x54d7, 0x54b7, 0x54d7, 0x54b7, 0x54d7, 0x54b7, 0x54b7, 0x54b7, 0x5497, 0x5497, 
	0xdf3d, 0xe79f, 0x3b72, 0x22af, 0x22f0, 0x1ad0, 0x22af, 0x3351, 0xe73c, 0xef9e, 0xffff, 0xffff, 0xffff, 0xffff, 0xffff, 0xd6dc, 
	0x1a8f, 0x1acf, 0x12b0, 0x128f, 0x128e, 0x4415, 0x96fe, 0x96dd, 0x96dd, 0x96dd, 0x96de, 0x865c, 0x757a, 0x759a, 0x759a, 0x6539, 
	0x4c97, 0x54b8, 0x5c54, 0xaede, 0xffff, 0xf7be, 0xef9e, 0xffdf, 0xffff, 0xffff, 0xffff, 0xffff, 0xffff, 0xffff, 0xffff, 0xef7d, 
	0xd77f, 0xb6bb, 0x8ede, 0x8ede, 0x96dd, 0x96dd, 0x96dd, 0x96dd, 0x96dd, 0x96dd, 0x969d, 0x75ba, 0x759a, 0x759a, 0x6d9a, 0x4c97, 
	0x8d36, 0xe7ff, 0xf7be, 0xf79d, 0xef7d, 0xef7d, 0x95fa, 0x224c, 0x1ad0, 0x12af, 0x22d0, 0x126e, 0x4c95, 0x96fe, 0x96de, 0x96de, 
	0x863c, 0x6d99, 0x75ba, 0x759a, 0x759a, 0x759a, 0x759a, 0x759a, 0x5d18, 0x5497, 0x54b7, 0x54b7, 0x54d7, 0x54b7, 0x54b7, 0x54b7, 
	0x54d7, 0x54b7, 0x5496, 0x54b7, 0xdf5d, 0xe79e, 0x3371, 0x1aaf, 0x1aaf, 0x3372, 0xffdf, 0xffff, 0xffff, 0xffdf, 0xe77e, 0xc67a, 
	0x1aaf, 0x1aaf, 0x1aaf, 0x22f0, 0x22d0, 0x22f0, 0x1ad0, 0x2311, 0x22d0, 0x22f0, 0x128e, 0x4c55, 0x96fe, 0x96dd, 0x96de, 0x863c, 
	0x757a, 0x75ba, 0x75ba, 0x6518, 0x5497, 0x54d7, 0x54b7, 0x54b7, 0x5c34, 0xb71f, 0xffff, 0xffff, 0xffff, 0xffff, 0xffff, 0xffff, 
	0xffff, 0xffff, 0xffff, 0xffff, 0xffff, 0xffff, 0xe7ff, 0x9598, 0x759a, 0x759a, 0x759a, 0x759a, 0x759a, 0x759a, 0x759a, 0x759a, 
	0x6d7a, 0x4c97, 0x8d36, 0xe7ff, 0xf7be, 0xf79d, 0xef7d, 0xe73c, 0xe73c, 0xef7d, 0x95fa, 0x228d, 0x2311, 0x1ad0, 0x1ad0, 0x1ad0, 
	0x22f0, 0x126e, 0x5cf7, 0x9eff, 0x863c, 0x7599, 0x75ba, 0x759a, 0x759a, 0x759a, 0x75ba, 0x759a, 0x759a, 0x75ba, 0x5cf8, 0x54b7, 
	0x54b7, 0x54b7, 0x54d7, 0x54b7, 0x54d7, 0x4c97, 0x22f0, 0x1ad0, 0x1ad0, 0x1aaf, 0x1ad0, 0x22f0, 0x22af, 0x3b92, 0xffff, 0xffff, 
	0xffff, 0xffdf, 0xe77e, 0xbe39, 0x128f, 0x1ad0, 0x1aaf, 0x1ad0, 0x1ad0, 0x22f0, 0x1ad0, 0x22f0, 0x1ad0, 0x1acf, 0x128e, 0x5496, 
	0x75ba, 0x759a, 0x759a, 0x759a, 0x5d18, 0x5497, 0x54d7, 0x54b7, 0x54d7, 0x54b7, 0x54d7, 0x54b7, 0x54b7, 0x54b7, 0x7538, 0x7d79, 
	0xe75d, 0xef9e, 0x3b72, 0x22cf, 0x22f0, 0x22f0, 0x22cf, 0x3331, 0xb639, 0xc69b, 0xffff, 0xffff, 0xdf1c, 0xdf5d, 0xffff, 0xdf3d, 
	0x4bb2, 0x53f3, 0x4bf3, 0x4bd3, 0x3392, 0x5cd7, 0x96fe, 0x96dd, 0x96de, 0x8ebd, 0x8e9d, 0x863c, 0x759a, 0x759a, 0x759a, 0x6539, 
	0x4c97, 0x54b8, 0x5c54, 0xaede, 0xffff, 0xffde, 0xf7be, 0xffff, 0xffff, 0xffff, 0xffff, 0xffff, 0xffff, 0xffdf, 0xf7df, 0xe73c, 
	0xbf5e, 0xaebc, 0x8ebd, 0x96de, 0x96dd, 0x96dd, 0x96dd, 0x96dd, 0x96dd, 0x96dd, 0x96be, 0x7dfb, 0x7ddb, 0x759a, 0x6d9a, 0x4cb7, 
	0x7d16, 0xb6fe, 0xd6fb, 0xefbe, 0xef9d, 0xef7d, 0xae5b, 0x5390, 0x4bf3, 0x4bd3, 0x43f3, 0x3b92, 0x5d17, 0x96fe, 0x8ebd, 0x8e9d, 
	0x85fc, 0x759a, 0x75ba, 0x759a, 0x75ba, 0x759a, 0x759a, 0x759a, 0x5d18, 0x5497, 0x54d7, 0x54b7, 0x54d7, 0x54b7, 0x54b7, 0x54b7, 
	0x54d7, 0x54b7, 0x7538, 0x7d79, 0xe77e, 0xe79e, 0x3372, 0x1aaf, 0x1a8f, 0x2b31, 0xc6bb, 0xd71d, 0xffdf, 0xffdf, 0xef9e, 0xd6db, 
	0x4bd3, 0x4bf3, 0x4bd3, 0x43b3, 0x1aaf, 0x1ad0, 0x1aaf, 0x22f0, 0x1aaf, 0x2b31, 0x2b72, 0x5cd7, 0x96fe, 0x96de, 0x96de, 0x7e3c, 
	0x6d79, 0x759a, 0x6d9a, 0x5d18, 0x4c97, 0x54b7, 0x4c96, 0x6539, 0x7d16, 0xc73f, 0xffff, 0xffff, 0xffff, 0xffff, 0xffff, 0xffff, 
	0xffff, 0xffff, 0xffff, 0xffdf, 0xf7df, 0xf7be, 0xcfdf, 0x95d9, 0x75db, 0x75db, 0x75db, 0x75db, 0x7ddb, 0x7ddb, 0x7ddb, 0x759a, 
	0x6d7a, 0x54d7, 0x7d37, 0xbf3f, 0xdf1c, 0xefbe, 0xef9d, 0xef5d, 0xef5c, 0xef7d, 0x95fa, 0x226c, 0x1af1, 0x1ab0, 0x1ab0, 0x12af, 
	0x2b52, 0x2b72, 0x6558, 0x96fe, 0x861c, 0x6d99, 0x759a, 0x759a, 0x759a, 0x759a, 0x75ba, 0x759a, 0x6d7a, 0x6d7a, 0x5cf8, 0x4cb7, 
	0x54b7, 0x54b7, 0x54b7, 0x54b7, 0x54b7, 0x4c97, 0x2b51, 0x2b31, 0x4bd3, 0x43b3, 0x1ad0, 0x1ad0, 0x22cf, 0x3b72, 0xd6dc, 0xdf3d, 
	0xffff, 0xffde, 0xef9e, 0xcebb, 0x4bd2, 0x53f3, 0x4bd3, 0x43b2, 0x1aaf, 0x22f0, 0x1ad0, 0x22f0, 0x1ad0, 0x2311, 0x2b71, 0x6518, 
	0x759a, 0x759a, 0x759a, 0x759a, 0x5d19, 0x4c97, 0x54b7, 0x4cb7, 0x54b7, 0x54b7, 0x54b7, 0x4c97, 0x4c77, 0x4c97, 0xd71c, 0xefdf, 
	0xf7be, 0xef7d, 0x3372, 0x1aaf, 0x1ad0, 0x1ad0, 0x1ad0, 0x1af0, 0x1a8e, 0x3b72, 0xf7ff, 0xe77e, 0x3b71, 0x5c75, 0xffff, 0xffff, 
	0xef7d, 0xf79d, 0xffff, 0xefbe, 0x96dd, 0x96de, 0x8edd, 0x96dd, 0x96de, 0x865c, 0x6d79, 0x759a, 0x759a, 0x759a, 0x759b, 0x6519, 
	0x4497, 0x4cb7, 0x5434, 0xa6de, 0xffff, 0xffff, 0xffff, 0xffff, 0xffff, 0xffff, 0xffff, 0xffff, 0xffff, 0xef7d, 0xcf7e, 0xb69b, 
	0x8ebe, 0x8ede, 0x96dd, 0x96fe, 0x96fe, 0x96fe, 0x96fe, 0x96fe, 0x96fe, 0x8edd, 0x96dd, 0x96dd, 0x8e9d, 0x6dba, 0x6d7a, 0x54b7, 
	0x4c76, 0x2352, 0x7452, 0xefff, 0xf7be, 0xf79d, 0xef7d, 0xe75d, 0xef5c, 0xef5d, 0xb75f, 0x9e9c, 0x8ede, 0x8efe, 0x863c, 0x6d79, 
	0x759a, 0x759a, 0x759a, 0x759a, 0x75ba, 0x759a, 0x759a, 0x759a, 0x5d18, 0x4c96, 0x54b7, 0x54b7, 0x54d7, 0x54b7, 0x54b7, 0x54b7, 
	0x5497, 0x4c97, 0xdf1c, 0xefbf, 0xf7be, 0xe77d, 0x3352, 0x1a8f, 0x12b0, 0x1ad0, 0x1a8e, 0x3351, 0xe75d, 0xef9e, 0xffff, 0xffff, 
	0xffff, 0xffff, 0xffff, 0xcebb, 0x126e, 0x12af, 0x128f, 0x1ad0, 0x126e, 0x4435, 0x96fe, 0x96de, 0x8edd, 0x96dd, 0x96de, 0x863c, 
	0x6d79, 0x759a, 0x759a, 0x6518, 0x4c97, 0x4cb8, 0x5c54, 0xb6ff, 0xffff, 0xf7be, 0xef9d, 0xffff, 0xffff, 0xffff, 0xffff, 0xffff, 
	0xffff, 0xffff, 0xffff, 0xef5d, 0xcf7f, 0xb69b, 0x8ebe, 0x8ede, 0x96dd, 0x96dd, 0x8ebd, 0x8ebd, 0x96de, 0x96de, 0x8e9d, 0x6d99, 
	0x757a, 0x759a, 0x6d7a, 0x4c96, 0x8d36, 0xe7ff, 0xf7be, 0xf79d, 0xef7d, 0xef7d, 0x95da, 0x1a2c, 0x12d0, 0x128f, 0x128f, 0x0a6e, 
	0x54d6, 0x9eff, 0x96de, 0x96de, 0x861c, 0x6d79, 0x759a, 0x759a, 0x759a, 0x759a, 0x759a, 0x759a, 0x5cf8, 0x4c97, 0x54b7, 0x4c97, 
	0x54b7, 0x54b7, 0x54b7, 0x54b7, 0x54b7, 0x4c97, 0x4c76, 0x54b7, 0xdf7e, 0xdf7e, 0x2b30, 0x1aaf, 0x1ad0, 0x22f0, 0x1aaf, 0x3b72, 
	0xe75d, 0xef9e, 0xffff, 0xffff, 0xffff, 0xffff, 0xffff, 0xc69a, 0x126e, 0x1ad0, 0x128f, 0x1ad0, 0x126e, 0x4c35, 0x96fe, 0x96de, 
	0x7dba, 0x759a, 0x75ba, 0x75ba, 0x6519, 0x54b7, 0x54d7, 0x54b7, 0x5cd7, 0x54b7, 0x54d7, 0x54b7, 0x7538, 0x7d79, 0xdf3d, 0xefbf, 
	0xf7be, 0xef7d, 0x3b92, 0x2acf, 0x2310, 0x22f0, 0x22f0, 0x22f0, 0x2acf, 0x4392, 0xf7ff, 0xe75e, 0x4392, 0x5455, 0xcf1d, 0xcefc, 
	0xbe5a, 0xcebb, 0xe7df, 0xd77e, 0x96bd, 0x96de, 0x96dd, 0x8ebd, 0x8e7d, 0x863c, 0x759a, 0x7dba, 0x759a, 0x759a, 0x6d59, 0x7579, 
	0x7558, 0x7559, 0x7d16, 0xbf1e, 0xffff, 0xffff, 0xffff, 0xffff, 0xffff, 0xffff, 0xffff, 0xffff, 0xffff, 0xef7d, 0xcf7e, 0xb6bb, 
	0x96de, 0x96de, 0x96dd, 0x7e1b, 0x7dda, 0x7dda, 0x7dfa, 0x7dda, 0x7dfb, 0x96bd, 0x96de, 0x96de, 0x969d, 0x7dfb, 0x75bb, 0x5cf8, 
	0x54d7, 0x33d3, 0x6c74, 0xb6dd, 0xd6fb, 0xefbe, 0xef9d, 0xef5d, 0xef5d, 0xef5c, 0xc75e, 0xb6bc, 0x96de, 0x8e9c, 0x861c, 0x759a, 
	0x75ba, 0x759a, 0x7dba, 0x759a, 0x7dba, 0x759a, 0x75ba, 0x75ba, 0x6518, 0x54b7, 0x54d7, 0x54b7, 0x54d7, 0x54b7, 0x54b7, 0x54b7, 
	0x7558, 0x7d79, 0xdf5d, 0xefbf, 0xf7be, 0xe77d, 0x3b72, 0x22af, 0x22f0, 0x2311, 0x22cf, 0x3372, 0xb619, 0xc69b, 0xffff, 0xffdf, 
	0xd6fc, 0xdf3d, 0xffff, 0xdf1c, 0x4bd2, 0x53f3, 0x5414, 0x5414, 0x3bb2, 0x64f7, 0x96fe, 0x96dd, 0x96dd, 0x96bd, 0x8e9d, 0x7e1b, 
	0x759a, 0x7dba, 0x75ba, 0x6538, 0x54b7, 0x54d8, 0x5c74, 0xb71f, 0xffff, 0xffde, 0xf7be, 0xffff, 0xffff, 0xffff, 0xffff, 0xffff, 
	0xffff, 0xffdf, 0xf7df, 0xdf3c, 0xbf5e, 0xaebc, 0x8ebd, 0x96de, 0x96de, 0x96de, 0x96dd, 0x96dd, 0x96dd, 0x96de, 0x96be, 0x7dfb, 
	0x7ddb, 0x75ba, 0x6d9a, 0x54b7, 0x7d16, 0xb6dd, 0xd6fb, 0xefbe, 0xef9d, 0xef7d, 0xae5b, 0x5390, 0x5413, 0x4bf3, 0x43d3, 0x3b92, 
	0x6558, 0x9efe, 0x8ebd, 0x8e9c, 0x861b, 0x759a, 0x7dba, 0x759a, 0x75ba, 0x759a, 0x7dba, 0x759a, 0x5cf8, 0x54b7, 0x54d7, 0x54b7, 
	0x54d7, 0x54b7, 0x54d7, 0x54d7, 0x54d7, 0x54b7, 0x7538, 0x7d99, 0xe77e, 0xe75d, 0x3351, 0x2aef, 0x22f0, 0x2311, 0x22cf, 0x3b72, 
	0xb639, 0xc6bb, 0xffff, 0xf7df, 0xd6fc, 0xdf5d, 0xffff, 0xd6dc, 0x4bb2, 0x5413, 0x5414, 0x5414, 0x3392, 0x5cf7, 0x96fe, 0x96de, 
	0x759a, 0x759a, 0x759a, 0x759a, 0x5d18, 0x5497, 0x54d7, 0x54b7, 0x4cb7, 0x4c97, 0x4cb7, 0x4c96, 0xd6fc, 0xefdf, 0xffbe, 0xffbe, 
	0xf7df, 0xef9e, 0x3351, 0x1a8e, 0x1aaf, 0x12af, 0x1a8f, 0x1ab0, 0x1a6e, 0x3331, 0xef9f, 0xd71d, 0x3bb3, 0x3b93, 0x3393, 0x3393, 
	0x2b72, 0x4c76, 0x96fe, 0x96de, 0x96fe, 0x96fe, 0x8ebe, 0x865c, 0x6d7a, 0x6d9a, 0x6d7a, 0x759a, 0x6d9a, 0x5d19, 0x5434, 0x963c, 
	0xef7d, 0xef5d, 0xef7d, 0xffde, 0xffff, 0xffff, 0xffff, 0xffff, 0xffff, 0xffff, 0xffff, 0xffff, 0xffff, 0xef7d, 0xcf7e, 0xb6bb, 
	0x8edd, 0x96fe, 0x96be, 0x2b71, 0x1a8f, 0x1ab0, 0x1ad0, 0x1aaf, 0x2350, 0x96be, 0x96fe, 0x96dd, 0x96de, 0x96de, 0x8e9d, 0x75ba, 
	0x6d7a, 0x54b7, 0x4476, 0x2351, 0x7493, 0xe7ff, 0xf79e, 0xf79e, 0xef7d, 0xe73c, 0xef3c, 0xef5d, 0xa6bd, 0x7d58, 0x759b, 0x759a, 
	0x759a, 0x759a, 0x759a, 0x759a, 0x759a, 0x759a, 0x75ba, 0x759a, 0x5d18, 0x5497, 0x54b7, 0x54b7, 0x4cb7, 0x4c97, 0x4c96, 0x4c97, 
	0xdf1c, 0xf7df, 0xffbe, 0xffbe, 0xf7df, 0xef9e, 0x2b31, 0x126e, 0x1ab0, 0x1af0, 0x22f0, 0x22f0, 0x1a8e, 0x3b92, 0xf7ff, 0xdf5e, 
	0x3351, 0x5c96, 0xffff, 0xffff, 0xf77d, 0xf7bd, 0xffff, 0xefbe, 0x96dd, 0x96de, 0x8ebd, 0x96de, 0x96de, 0x865c, 0x6d7a, 0x759a, 
	0x759a, 0x75ba, 0x75bb, 0x5d18, 0x4497, 0x4cb8, 0x5434, 0xaeff, 0xffff, 0xffff, 0xffff, 0xffff, 0xffff, 0xffff, 0xffff, 0xffff, 
	0xffff, 0xef5d, 0xcf7e, 0xb69b, 0x8ede, 0x8ede, 0x8ebd, 0x96de, 0x96fe, 0x96fe, 0x96fe, 0x96fe, 0x96fe, 0x96dd, 0x96dd, 0x96de, 
	0x8e9d, 0x6d99, 0x6d7a, 0x54b7, 0x4476, 0x2351, 0x7473, 0xefff, 0xf7be, 0xf79d, 0xef7d, 0xef5d, 0xef5d, 0xef5d, 0xb75f, 0x9e9c, 
	0x96fe, 0x96fe, 0x863c, 0x6d79, 0x759a, 0x759a, 0x75ba, 0x759a, 0x759a, 0x759a, 0x75ba, 0x759a, 0x5cf8, 0x4cb7, 0x54b8, 0x54b7, 
	0x54b7, 0x54b7, 0x54b8, 0x54b7, 0x4c97, 0x5497, 0xdf3d, 0xf7df, 0xf7be, 0xe75d, 0x2b31, 0x22cf, 0x1ad0, 0x22f0, 0x1af0, 0x1ad0, 
	0x1a8e, 0x43d3, 0xf7ff, 0xd71d, 0x3331, 0x64b7, 0xffff, 0xffff, 0xf75c, 0xffbe, 0xffff, 0xe79e, 0x96de, 0x96de, 0x8edd, 0x96de, 
	0x75ba, 0x759a, 0x759a, 0x75ba, 0x6519, 0x54b7, 0x54d7, 0x54b7, 0x7559, 0x7d9a, 0x8599, 0x8579, 0xdf3c, 0xefbf, 0xcebb, 0xbe7a, 
	0xbe9b, 0xbe7b, 0x6c95, 0x5c34, 0x5c54, 0x5c34, 0x6454, 0x6455, 0x6434, 0x74b6, 0xefbf, 0xd71c, 0x3bb3, 0x3bb3, 0x3bb3, 0x3bd4, 
	0x3bb3, 0x4c55, 0x7dfb, 0x7dfb, 0x7dda, 0x8e7c, 0xb73e, 0xaedd, 0x9e3b, 0x9e5c, 0x9e3b, 0x9e5c, 0x9e5c, 0x8dfa, 0x8537, 0xae7c, 
	0xef7e, 0xceba, 0xb619, 0xdf3d, 0xffdf, 0xffff, 0xffff, 0xffff, 0xffff, 0xffff, 0xffff, 0xffff, 0xffff, 0xef7d, 0xcf7e, 0xb6bb, 
	0x8ebe, 0x75fb, 0x759a, 0x2b51, 0x22d0, 0x22f0, 0x2af0, 0x22f0, 0x2b50, 0x7599, 0x75fa, 0x96be, 0x96dd, 0x96dd, 0x8e9d, 0x75ba, 
	0x6d7a, 0x54b7, 0x4c96, 0x33d3, 0x84f5, 0xe7df, 0xf79e, 0xf79e, 0xef9d, 0xef5d, 0xef5d, 0xef5d, 0xaebd, 0x7d58, 0x75bb, 0x759a, 
	0x759a, 0x759a, 0x75ba, 0x759a, 0x75ba, 0x759a, 0x75ba, 0x75ba, 0x5d18, 0x54b7, 0x54d7, 0x54b7, 0x7d59, 0x7d9a, 0x8579, 0x8579, 
	0xdf3d, 0xefbf, 0xc6bb, 0xbe7a, 0xbe9b, 0xbe7b, 0x6495, 0x5413, 0x22f0, 0x22f0, 0x22f0, 0x22f1, 0x22cf, 0x43b2, 0xf7ff, 0xdf3d, 
	0x3b92, 0x5c55, 0xcedc, 0xc6bc, 0xb639, 0xc6bb, 0xdfdf, 0xcf5e, 0x96bd, 0x96de, 0x96dd, 0x8ebd, 0x8e7d, 0x863c, 0x759a, 0x759a, 
	0x759a, 0x759a, 0x6d59, 0x7579, 0x7d79, 0x7d79, 0x8537, 0xc73f, 0xffff, 0xffff, 0xffff, 0xffff, 0xffff, 0xffff, 0xffff, 0xffff, 
	0xffff, 0xef7d, 0xcf7f, 0xb6bb, 0x96de, 0x96de, 0x96bd, 0x75da, 0x75ba, 0x75ba, 0x75ba, 0x75ba, 0x75da, 0x96be, 0x96de, 0x96de, 
	0x969d, 0x7dfb, 0x7ddb, 0x64f8, 0x54d7, 0x33d3, 0x6c94, 0xb6bc, 0xd6db, 0xefbe, 0xef9d, 0xef5d, 0xef5d, 0xef5c, 0xc73e, 0xb6dc, 
	0x9edd, 0x8e7c, 0x85fc, 0x759a, 0x75ba, 0x759a, 0x7dba, 0x759a, 0x75ba, 0x759a, 0x7dba, 0x759a, 0x5d18, 0x54b7, 0x54d8, 0x54b7, 
	0x54d7, 0x54b7, 0x54d7, 0x54d7, 0x7d78, 0x8599, 0xe75d, 0xf7bf, 0xf7bf, 0xe75d, 0x3351, 0x22f0, 0x22d0, 0x22f0, 0x22d0, 0x22d0, 
	0x228e, 0x4bd3, 0xf7ff, 0xd6fc, 0x3371, 0x5c76, 0xcedc, 0xc6bc, 0xb639, 0xc6bb, 0xdfdf, 0xcf5e, 0x8ebd, 0x96dd, 0x96dd, 0x8ebd, 
	0x759a, 0x759a, 0x759a, 0x759a, 0x5d18, 0x4c96, 0x4c97, 0x4456, 0xcedb, 0xefff, 0xffde, 0xffde, 0xf7df, 0xf7de, 0x5456, 0x3351, 
	0x3372, 0x3393, 0xe75d, 0xffff, 0xfffe, 0xffff, 0xffff, 0xffff, 0xffff, 0xffff, 0xf7ff, 0xdf3c, 0x3bb3, 0x3bb3, 0x3393, 0x33b3, 
	0x3393, 0x3bb3, 0x2b93, 0x2b73, 0x3330, 0x7538, 0xffff, 0xffff, 0xffff, 0xffff, 0xffff, 0xffff, 0xffff, 0xffff, 0xf77d, 0xf77d, 
	0xe7df, 0x8d15, 0x2aef, 0x961b, 0xf79d, 0xffbe, 0xffff, 0xffff, 0xffff, 0xffff, 0xffff, 0xffff, 0xffff, 0xef7d, 0xcf7e, 0xb69b, 
	0x8e9e, 0x2371, 0x1aaf, 0x22f0, 0x1ad0, 0x1ad0, 0x1ad0, 0x1ad0, 0x1ad0, 0x128f, 0x2330, 0x969e, 0x96dd, 0x96dd, 0x8e9d, 0x75ba, 
	0x6d7a, 0x5497, 0x4cb7, 0x4c97, 0x9577, 0xe7ff, 0xffbe, 0xffbe, 0xf7de, 0xffde, 0xf79e, 0xef5d, 0xa6bd, 0x7538, 0x6d9a, 0x6d7a, 
	0x759a, 0x759a, 0x759a, 0x759a, 0x759a, 0x759a, 0x759a, 0x759a, 0x5d18, 0x4c97, 0x4c97, 0x4476, 0xcedb, 0xf7ff, 0xffde, 0xffde, 
	0xf7df, 0xf7be, 0x4c35, 0x2b52, 0x3372, 0x3bb3, 0xef9e, 0xefbe, 0x22f0, 0x1a8e, 0x1a90, 0x1a90, 0x1a4e, 0x3b52, 0xe7bf, 0xd6fc, 
	0x3393, 0x3393, 0x2b73, 0x3393, 0x2b72, 0x4c76, 0x96fe, 0x96de, 0x96fe, 0x96de, 0x8ebe, 0x7e3c, 0x6d59, 0x759a, 0x6d7a, 0x6d7a, 
	0x6d9a, 0x5d19, 0x5434, 0x965c, 0xf77d, 0xef7d, 0xef7d, 0xffde, 0xffff, 0xffff, 0xffff, 0xffff, 0xffff, 0xffff, 0xffff, 0xffff, 
	0xffff, 0xef5d, 0xcf7e, 0xb6bb, 0x8edd, 0x96fe, 0x8e9e, 0x2330, 0x1aaf, 0x1acf, 0x1aaf, 0x128f, 0x2350, 0x96be, 0x96fe, 0x96dd, 
	0x96dd, 0x96dd, 0x8e9d, 0x75ba, 0x6d7a, 0x54b7, 0x4c76, 0x2331, 0x7cb3, 0xe7ff, 0xf79e, 0xf79e, 0xef7d, 0xe73c, 0xe73c, 0xef5d, 
	0xa6bd, 0x7d58, 0x6d9a, 0x6d9a, 0x759a, 0x759a, 0x759a, 0x759a, 0x759a, 0x759a, 0x759a, 0x759a, 0x5cf8, 0x4cb7, 0x54d7, 0x54b7, 
	0x4c97, 0x4c97, 0x4c97, 0x4c97, 0xdf3d, 0xf7df, 0xffbe, 0xffbe, 0xf7df, 0xe77d, 0x22f0, 0x128f, 0x128f, 0x1ab0, 0x1a90, 0x128f, 
	0x1a4d, 0x3b72, 0xefdf, 0xcebb, 0x3392, 0x3bb3, 0x2b73, 0x3393, 0x2b72, 0x4c97, 0x96fe, 0x96de, 0x96de, 0x96de, 0x8ebe, 0x865c, 
	0x75ba, 0x759a, 0x6d7a, 0x6d59, 0x5cf8, 0x5497, 0x7d58, 0x859a, 0xd71c, 0xefdf, 0xc6bb, 0xb65a, 0xb65a, 0xb67b, 0x4c35, 0x3b92, 
	0x3bb3, 0x3bd3, 0xadfa, 0xb67b, 0xbe5a, 0xbe7b, 0xc6bb, 0xcedc, 0xf7ff, 0xf7be, 0xbe9b, 0xae19, 0x3bd3, 0x3bb3, 0x3bb3, 0x3bd4, 
	0x3bb3, 0x3bd4, 0x3bb4, 0x33b3, 0x3b92, 0x64d7, 0xc6bc, 0xc6bc, 0xc6bc, 0xc6bc, 0xc6bc, 0xc6bc, 0xc6bc, 0xbe7b, 0xb639, 0xb639, 
	0xae5c, 0x74b5, 0x3b51, 0x7d59, 0xbe39, 0xe75e, 0xffff, 0xffff, 0xffff, 0xffff, 0xffdf, 0xffff, 0xffff, 0xef7d, 0xd77e, 0xc6dc, 
	0xa6fe, 0x3b91, 0x22d0, 0x2b11, 0x22f0, 0x22f0, 0x22f0, 0x22f0, 0x22f0, 0x22d0, 0x3391, 0x969e, 0x96de, 0x96de, 0x8e9d, 0x75ba, 
	0x759a, 0x64f8, 0x5cf8, 0x4cb7, 0x8537, 0xb6fe, 0xbe9b, 0xbe5a, 0xbe7a, 0xb65a, 0xd6bb, 0xe77d, 0xbedd, 0x9df9, 0x9e5c, 0x9e5c, 
	0x861b, 0x7599, 0x75ba, 0x759a, 0x7dba, 0x759a, 0x757a, 0x6d59, 0x5d18, 0x54b7, 0x7d59, 0x859a, 0xdf1c, 0xefdf, 0xc6bb, 0xbe5a, 
	0xbe7b, 0xb67b, 0x4c35, 0x3b93, 0x3bb3, 0x43d4, 0xae3a, 0xae5b, 0x6475, 0x6454, 0x6475, 0x6c75, 0x6c54, 0x7cd6, 0xefbf, 0xd6fc, 
	0x3bb3, 0x3bb3, 0x3bb3, 0x3bd4, 0x3bb3, 0x4c56, 0x7dfb, 0x7dfb, 0x7dda, 0x8e7c, 0xb73e, 0xaedd, 0x9e5b, 0x9e7c, 0x9e5c, 0x9e5c, 
	0x9e7c, 0x95fa, 0x8537, 0xb69c, 0xe77e, 0xceba, 0xb618, 0xdf5d, 0xffdf, 0xffff, 0xffff, 0xffff, 0xffff, 0xffff, 0xffff, 0xffff, 
	0xffff, 0xef7d, 0xcf7e, 0xb6bb, 0x8ebe, 0x75fa, 0x6d59, 0x2330, 0x22f0, 0x22f0, 0x22f0, 0x22d0, 0x2b51, 0x7579, 0x75fa, 0x96be, 
	0x96dd, 0x96dd, 0x8e9d, 0x75ba, 0x6d7a, 0x54b7, 0x4cb7, 0x33d3, 0x8d15, 0xe7ff, 0xf79e, 0xf79e, 0xef9d, 0xef5d, 0xef5c, 0xef5d, 
	0xa6bd, 0x7d78, 0x75ba, 0x759a, 0x75ba, 0x759a, 0x75ba, 0x759a, 0x759a, 0x759a, 0x75ba, 0x759a, 0x5cf8, 0x54b7, 0x54d7, 0x54b7, 
	0x7d79, 0x85ba, 0x8599, 0x8599, 0xdf5d, 0xefbf, 0xbe9b, 0xbe7a, 0xbe7b, 0xb65a, 0x6475, 0x6454, 0x6474, 0x6474, 0x6c75, 0x6475, 
	0x6c54, 0x7cf7, 0xefdf, 0xcedb, 0x3b93, 0x43d4, 0x3bb3, 0x3bd4, 0x3bb3, 0x5476, 0x7dfb, 0x7dfb, 0x7dda, 0x8e7c, 0xb73e, 0xaedd, 
	0x6d9a, 0x6d7a, 0x54f8, 0x4476, 0x4c97, 0x4456, 0xc6bb, 0xf7ff, 0xffbe, 0xffdf, 0x5cb6, 0x2b31, 0x2b73, 0x2b93, 0x33b3, 0x3393, 
	0x3393, 0x3393, 0x3373, 0x2b73, 0x2b93, 0x2b73, 0x3352, 0x43d4, 0xefbf, 0xdf5d, 0x3393, 0x3392, 0x3393, 0x3393, 0x2b72, 0x3373, 
	0x2b72, 0x3393, 0x2b73, 0x2b73, 0x2b52, 0x3393, 0x2b73, 0x3373, 0x2b72, 0x3393, 0x2b72, 0x3393, 0x2b72, 0x3373, 0x2b73, 0x3393, 
	0x2b73, 0x3393, 0x3393, 0x33b4, 0x330f, 0xa69d, 0xffff, 0xffff, 0xffff, 0xf7be, 0xef9e, 0xffff, 0xffff, 0xef7d, 0xe73c, 0xef5c, 
	0xd75f, 0x534f, 0x1ad0, 0x1af0, 0x1ad0, 0x1ad0, 0x22d0, 0x22d0, 0x22d0, 0x1aaf, 0x2b71, 0x96be, 0x96fe, 0x96dd, 0x8e9d, 0x6dba, 
	0x759a, 0x759a, 0x6559, 0x4cb7, 0x54b8, 0x4c97, 0x4435, 0x2351, 0x2b92, 0x2331, 0x8d15, 0xe7df, 0xef5c, 0xef3c, 0xffbe, 0xffff, 
	0xaefe, 0x7537, 0x6d9a, 0x6d7a, 0x6d9a, 0x6d7a, 0x54f8, 0x4c76, 0x4c97, 0x4456, 0xcebb, 0xf7ff, 0xffbe, 0xffdf, 0x5476, 0x3351, 
	0x3393, 0x2b73, 0x33b3, 0x3393, 0x3393, 0x33b4, 0x3372, 0x3bb3, 0xf79e, 0xffff, 0xffff, 0xffff, 0xffff, 0xffff, 0xf7ff, 0xdf1c, 
	0x3393, 0x3393, 0x3393, 0x3bb3, 0x3393, 0x3393, 0x2b73, 0x33b3, 0x3330, 0x7d59, 0xffff, 0xffff, 0xffff, 0xffff, 0xffff, 0xffff, 
	0xffff, 0xffff, 0xf77d, 0xf77d, 0xe7df, 0x8d15, 0x2aef, 0x9e3c, 0xf79d, 0xffde, 0xffff, 0xffff, 0xffff, 0xffff, 0xffff, 0xffff, 
	0xffff, 0xef5d, 0xcf7e, 0xb6bb, 0x8e9e, 0x2351, 0x128f, 0x1ab0, 0x22f0, 0x22d0, 0x1ad0, 0x1ad0, 0x22d0, 0x1a8f, 0x2b71, 0x96be, 
	0x96dd, 0x96dd, 0x8e7d, 0x75ba, 0x6d5a, 0x4c97, 0x4cb8, 0x4c97, 0x9d97, 0xefff, 0xffbe, 0xffbe, 0xf7de, 0xffde, 0xf79d, 0xef5d, 
	0xa69d, 0x7538, 0x6d9a, 0x6d7a, 0x759a, 0x759a, 0x759a, 0x759a, 0x759a, 0x759a, 0x75ba, 0x759a, 0x5cf8, 0x4cb7, 0x4c97, 0x4c76, 
	0xd6fc, 0xf7ff, 0xffde, 0xffde, 0xf7df, 0xefbe, 0x43f4, 0x3372, 0x3372, 0x3bd4, 0xf79e, 0xffff, 0xffff, 0xffff, 0xffff, 0xffff, 
	0xffff, 0xffff, 0xf7ff, 0xd6db, 0x3392, 0x3bb3, 0x3393, 0x3bb3, 0x3393, 0x3bb3, 0x3373, 0x3393, 0x3330, 0x7d79, 0xffff, 0xffff, 
	0xa67b, 0xa65b, 0x961a, 0x8db9, 0x8dda, 0x8db9, 0xd6fc, 0xefdf, 0xc6bb, 0xb63a, 0x5c76, 0x3b92, 0x3bb4, 0x3bd4, 0x43d4, 0x3bb3, 
	0x3bd4, 0x3bd4, 0x3bd4, 0x3bd4, 0x3bd4, 0x3bb3, 0x3bb3, 0x4c14, 0xae5b, 0xa61a, 0x3bb3, 0x3bb3, 0x3bb3, 0x4c15, 0x8538, 0x8558, 
	0x8537, 0x8558, 0x8537, 0x7d37, 0x7d38, 0x74d6, 0x3bb3, 0x3bd3, 0x3bb3, 0x3bd4, 0x3bb3, 0x43d4, 0x3bb3, 0x3bd4, 0x3bb3, 0x43d4, 
	0x3bb3, 0x3bd4, 0x3bb3, 0x3bd4, 0x4370, 0xa67d, 0xffdf, 0xffff, 0xffff, 0xf7be, 0xf79e, 0xffff, 0xffff, 0xf79e, 0xef7d, 0xef5c, 
	0xd75f, 0x5370, 0x22f0, 0x2311, 0x22f0, 0x22f0, 0x2310, 0x2310, 0x22f0, 0x22f0, 0x2b51, 0x6d59, 0x75ba, 0x96de, 0x969d, 0x75ba, 
	0x75ba, 0x75ba, 0x6d5a, 0x54b7, 0x5cd8, 0x54d7, 0x5496, 0x4414, 0x4414, 0x3392, 0x74b4, 0xa63a, 0xceba, 0xef9e, 0xd71d, 0xbe5a, 
	0xae7c, 0xa63b, 0xa65b, 0xa65b, 0xa65b, 0xa65b, 0x95fa, 0x8db9, 0x8dda, 0x85b9, 0xd71c, 0xefdf, 0xc69b, 0xb63a, 0x5455, 0x3bb2, 
	0x3bd4, 0x3bb3, 0x3bd4, 0x3bb3, 0x3bd3, 0x3bd4, 0x3bb3, 0x43d4, 0xa61a, 0xb65b, 0xbe7a, 0xc6bb, 0xf7ff, 0xf7be, 0xb67b, 0x9dd9, 
	0x3bb3, 0x3bb3, 0x3bb3, 0x43d4, 0x3bb3, 0x3bb3, 0x3bb3, 0x3bd4, 0x3b92, 0x64d7, 0xbe9b, 0xbe9b, 0xbe7b, 0xbe9b, 0xbe9b, 0xbe9b, 
	0xbe9b, 0xb65a, 0xadf9, 0xae19, 0xa63b, 0x74b5, 0x3b71, 0x7d59, 0xb5f8, 0xdf7e, 0xffff, 0xffff, 0xffff, 0xffdf, 0xffdf, 0xffff, 
	0xffff, 0xef5d, 0xd77e, 0xc6fc, 0xa6de, 0x3b91, 0x1ad0, 0x22f0, 0x2b10, 0x2b10, 0x22f0, 0x22f0, 0x2af0, 0x22d0, 0x33b2, 0x96be, 
	0x96de, 0x96de, 0x969d, 0x75ba, 0x757a, 0x6518, 0x5d18, 0x54b7, 0x8557, 0xb6dd, 0xbe7b, 0xb63a, 0xb65a, 0xae39, 0xceba, 0xe77d, 
	0xbedd, 0xa619, 0xa65c, 0xa67c, 0x8e1c, 0x7d99, 0x7dba, 0x759a, 0x75ba, 0x759a, 0x757a, 0x6d59, 0x5cf8, 0x54b7, 0x8579, 0x8dba, 
	0xdf3d, 0xefbf, 0xbe9b, 0xb639, 0xb65b, 0xae3a, 0x4414, 0x3bb3, 0x3bb3, 0x43f4, 0xa61a, 0xb65b, 0xb65a, 0xb65a, 0xbe7b, 0xc6bc, 
	0xffff, 0xef9e, 0xb67b, 0x9db8, 0x3b93, 0x3bd4, 0x3bb3, 0x3bd4, 0x3bb3, 0x3bd4, 0x3bb3, 0x3bd4, 0x3b72, 0x6cd7, 0xbe9b, 0xbe9b, 
	0xffde, 0xffff, 0xffff, 0xffff, 0xffff, 0xfffe, 0xffde, 0xffff, 0x64d7, 0x3331, 0x33b4, 0x3393, 0x3393, 0x3393, 0x3bb4, 0x3393, 
	0x33b3, 0x3393, 0x33b3, 0x33b3, 0x33b3, 0x3393, 0x3393, 0x33b3, 0x2b73, 0x2b73, 0x3393, 0x33b3, 0x2b31, 0x5456, 0xffff, 0xffff, 
	0xffff, 0xffff, 0xffff, 0xffff, 0xffff, 0xcebb, 0x2332, 0x2b73, 0x2b52, 0x3393, 0x3393, 0x3bd4, 0x3393, 0x33b3, 0x3393, 0x3bb4, 
	0x3393, 0x33b3, 0x3393, 0x3bb4, 0x3b50, 0x9e5c, 0xf79d, 0xffde, 0xffff, 0xf7be, 0xf79e, 0xffff, 0xffff, 0xffff, 0xffff, 0xef7d, 
	0xcf5f, 0x4b4f, 0x1ab0, 0x1af0, 0x1ad0, 0x1ad0, 0x22f0, 0x1ad0, 0x1ad0, 0x1ad0, 0x22d0, 0x126e, 0x2350, 0x96be, 0x8e9d, 0x6db9, 
	0x759a, 0x759a, 0x6559, 0x4c96, 0x54d7, 0x54b7, 0x54b7, 0x54b8, 0x4c75, 0x3392, 0x33b3, 0x2331, 0x9d76, 0xffff, 0x8e1b, 0x1a6d, 
	0x9d97, 0xefff, 0xffbe, 0xf7be, 0xffde, 0xffff, 0xffff, 0xffff, 0xffff, 0xffff, 0xffdf, 0xffff, 0x5cb7, 0x2b31, 0x3393, 0x3393, 
	0x3bb3, 0x3393, 0x33b3, 0x3393, 0x3393, 0x33b3, 0x3bb3, 0x3393, 0x2b73, 0x2b93, 0x3351, 0x43f4, 0xefdf, 0xdf3d, 0x3372, 0x3372, 
	0x3393, 0x3393, 0x2b53, 0x3373, 0x2b72, 0x2b73, 0x2b52, 0x3393, 0x2b52, 0x3373, 0x2b73, 0x2b73, 0x2b52, 0x3393, 0x2b73, 0x2b73, 
	0x2b52, 0x3393, 0x2b73, 0x2b93, 0x2b72, 0x33b3, 0x3393, 0x33b4, 0x330f, 0xaebe, 0xffff, 0xffff, 0xffff, 0xf7be, 0xef9e, 0xffff, 
	0xffff, 0xef5d, 0xe73c, 0xef5c, 0xcf5f, 0x4b4f, 0x12af, 0x12d0, 0x22f0, 0x22f0, 0x1ad0, 0x1ad0, 0x22d0, 0x1aaf, 0x2b91, 0x9ede, 
	0x96fe, 0x96dd, 0x8e7d, 0x7599, 0x759a, 0x759a, 0x6d7a, 0x5497, 0x54b7, 0x4c97, 0x4435, 0x2351, 0x2b92, 0x2331, 0x8d15, 0xe7df, 
	0xef5c, 0xef3c, 0xffde, 0xffff, 0xaede, 0x7537, 0x6d9a, 0x6d7a, 0x6d7a, 0x6d7a, 0x54f8, 0x4476, 0x4c97, 0x4476, 0xd6db, 0xf7ff, 
	0xffde, 0xffde, 0x5455, 0x3351, 0x2b93, 0x2b73, 0x3393, 0x33b3, 0x3bb3, 0x3393, 0x2b73, 0x2b73, 0x2b73, 0x2b93, 0x3351, 0x4c14, 
	0xf7df, 0xd71c, 0x3372, 0x3373, 0x3393, 0x3393, 0x2b72, 0x2b73, 0x2b72, 0x2b93, 0x2b52, 0x3393, 0x2b73, 0x2b52, 0x2b53, 0x3393, 
	0xbe9b, 0x9d97, 0x9db8, 0x9d98, 0xa5f9, 0xa5f9, 0xa61a, 0xa61a, 0x5476, 0x3372, 0x33b4, 0x3393, 0x3393, 0x3393, 0x3bb3, 0x3393, 
	0x3393, 0x3393, 0x33b3, 0x3393, 0x33b3, 0x3393, 0x3393, 0x33b3, 0x33b3, 0x3393, 0x3392, 0x43f4, 0x8557, 0x9dfa, 0xffff, 0xffff, 
	0xffdf, 0xffdf, 0xffdf, 0xffff, 0xffff, 0xdf1c, 0x74f6, 0x7d17, 0x7d38, 0x6495, 0x3373, 0x3bb4, 0x3393, 0x3393, 0x3393, 0x3bb4, 
	0x3393, 0x33b3, 0x3393, 0x33b4, 0x3b71, 0x7538, 0xa5b8, 0xd73d, 0xffde, 0xef9d, 0xef7d, 0xf7be, 0xf7be, 0xf7be, 0xf7be, 0xef5c, 
	0xcf5f, 0x4b4f, 0x1ab0, 0x1af0, 0x1acf, 0x1ad0, 0x1ad0, 0x1ad0, 0x1ad0, 0x1aaf, 0x2310, 0x4c35, 0x54f6, 0x96de, 0x8e9d, 0x6dba, 
	0x759a, 0x759a, 0x6d7a, 0x5cf8, 0x5d18, 0x4cb7, 0x54b7, 0x4cb7, 0x4455, 0x2b92, 0x33d3, 0x2b71, 0x74b5, 0xa63b, 0x95d9, 0x7cf5, 
	0xc67a, 0xefdf, 0xf79e, 0xf7be, 0xbe7b, 0x9d97, 0x9db8, 0x9db8, 0xa5f9, 0xa5f9, 0xa61a, 0xa61a, 0x5455, 0x3372, 0x3393, 0x3393, 
	0x3bb3, 0x3393, 0x33b3, 0x3393, 0x3393, 0x33b3, 0x33b4, 0x3393, 0x33b3, 0x3bb4, 0x3bb3, 0x4c14, 0xa63a, 0x9dd9, 0x3bb3, 0x3bb3, 
	0x3b93, 0x4c15, 0x8558, 0x8578, 0x8558, 0x8558, 0x8558, 0x8d78, 0x8579, 0x6cd6, 0x3393, 0x3bb3, 0x3bb3, 0x3bd4, 0x3bb3, 0x3bb3, 
	0x3bb3, 0x3bd4, 0x3bb3, 0x3bb3, 0x3bb3, 0x3bd3, 0x33b3, 0x3bd4, 0x4350, 0xa69d, 0xffde, 0xffff, 0xffff, 0xf7be, 0xf79e, 0xffff, 
	0xffff, 0xf79e, 0xf77d, 0xef5d, 0xcf5f, 0x4b4f, 0x1ab0, 0x1ad0, 0x22f0, 0x22f0, 0x22f0, 0x22f0, 0x22f0, 0x22d0, 0x3351, 0x6d38, 
	0x6d99, 0x96de, 0x8e9d, 0x75ba, 0x759a, 0x759a, 0x6d7a, 0x54b7, 0x54d7, 0x54b7, 0x5496, 0x4414, 0x4414, 0x2b92, 0x6c94, 0x9dfa, 
	0xce9a, 0xef9e, 0xcefc, 0xb619, 0xa67b, 0xa65b, 0xa67c, 0xa65b, 0xa67c, 0xa67c, 0x9e1a, 0x95d9, 0x95da, 0x8dda, 0xdf3c, 0xefdf, 
	0xb67b, 0xae19, 0x4c35, 0x3b92, 0x3bd4, 0x33b3, 0x3bb3, 0x3bd3, 0x3bd3, 0x3bb3, 0x3bb3, 0x3bb3, 0x3bb3, 0x3bb3, 0x3b93, 0x4414, 
	0xa63a, 0x9dd9, 0x3bb3, 0x3bb3, 0x3b93, 0x4c15, 0x8558, 0x8558, 0x8558, 0x8558, 0x8558, 0x8558, 0x7d59, 0x6495, 0x3393, 0x3bd4, 
	0x64d7, 0x09eb, 0x0a6f, 0x022e, 0x1b11, 0x2332, 0x2352, 0x2332, 0x2b73, 0x2b73, 0x2b73, 0x2b52, 0x2b52, 0x2b73, 0x2b93, 0x2b52, 
	0x2b73, 0x2b73, 0x2b73, 0x2b73, 0x2b73, 0x2b73, 0x2b73, 0x2b73, 0x2b73, 0x2b73, 0x2b31, 0x4c35, 0xffff, 0xffff, 0xffff, 0xffff, 
	0xef9d, 0xef9e, 0xef9d, 0xf7be, 0xffff, 0xffdf, 0xef5c, 0xef5d, 0xe7bf, 0xadd7, 0x2332, 0x2b93, 0x2b52, 0x2b73, 0x2b52, 0x2b93, 
	0x2b52, 0x2b73, 0x2b52, 0x2b93, 0x2353, 0x2353, 0x2acf, 0x961c, 0xef5d, 0xe73c, 0xe73c, 0xe73c, 0xe73c, 0xe73c, 0xe73c, 0xe73c, 
	0xcf5f, 0x432e, 0x0a6f, 0x12b0, 0x126f, 0x128f, 0x128f, 0x128f, 0x128f, 0x0a6f, 0x1b30, 0x8ebe, 0x96fe, 0x8edd, 0x867d, 0x6d79, 
	0x6d7a, 0x6d7a, 0x6d7a, 0x6d9a, 0x6559, 0x4c76, 0x4c97, 0x4477, 0x4435, 0x2351, 0x2b92, 0x2351, 0x2352, 0x12f0, 0x9556, 0xf7ff, 
	0xf79e, 0xf79d, 0xf79e, 0xffdf, 0x5c96, 0x01eb, 0x0a6f, 0x024e, 0x1b11, 0x2332, 0x2352, 0x2332, 0x2b73, 0x2b52, 0x2b73, 0x2b73, 
	0x2b73, 0x2b73, 0x2b73, 0x2b52, 0x2b53, 0x2b73, 0x2b73, 0x2b52, 0x2b52, 0x2b73, 0x2b73, 0x2b73, 0x2332, 0x2352, 0x2b73, 0x2b93, 
	0x2b31, 0x5476, 0xffff, 0xffff, 0xffff, 0xffff, 0xffff, 0xffff, 0xffff, 0xc67a, 0x2332, 0x2b73, 0x2b52, 0x3393, 0x2b52, 0x2b52, 
	0x2b52, 0x3393, 0x2b52, 0x2b73, 0x2b52, 0x2b93, 0x2b73, 0x2b93, 0x330f, 0x961b, 0xef5d, 0xffbe, 0xffff, 0xf7be, 0xef9e, 0xffff, 
	0xffff, 0xffff, 0xffff, 0xef5d, 0xcf5f, 0x430e, 0x0a6f, 0x0a8f, 0x12af, 0x128f, 0x128f, 0x128f, 0x128f, 0x128f, 0x128f, 0x0a2e, 
	0x1b30, 0x8ebe, 0x8e7d, 0x6d99, 0x6d7a, 0x6d7a, 0x6559, 0x4c76, 0x4c97, 0x4477, 0x4c97, 0x4c97, 0x4435, 0x2351, 0x1b51, 0x12f0, 
	0x9d76, 0xf7ff, 0x85b9, 0x1a6d, 0x9d97, 0xefff, 0xf7be, 0xf7be, 0xf7be, 0xf7be, 0xf7be, 0xf7be, 0xf7be, 0xf7be, 0xf7be, 0xf7be, 
	0x4c35, 0x22f0, 0x2b73, 0x2b73, 0x2b73, 0x2b52, 0x2b52, 0x2b73, 0x2b73, 0x2b72, 0x2b73, 0x2b73, 0x2b73, 0x2b73, 0x2b73, 0x2b73, 
	0x2332, 0x2353, 0x2b73, 0x2b73, 0x2b31, 0x5c97, 0xffff, 0xffff, 0xffff, 0xffff, 0xffff, 0xffff, 0xffff, 0xbe39, 0x2311, 0x3393, 
	0xb67b, 0x84f5, 0x8537, 0x8537, 0x8d98, 0x9599, 0x95b9, 0x9599, 0x95b9, 0x9599, 0x95b9, 0x9599, 0x9599, 0x9599, 0x95b9, 0x9598, 
	0x9599, 0x9599, 0x95b9, 0x9599, 0x95b9, 0x9599, 0x9599, 0x95b9, 0x95b9, 0x95b9, 0x9598, 0xa5fa, 0xffff, 0xffff, 0xffff, 0xffff, 
	0xf7de, 0xf7de, 0xf7be, 0xffdf, 0xffff, 0xffdf, 0xf79e, 0xf79e, 0xefbf, 0xcedb, 0x8d78, 0x95b9, 0x8d99, 0x95b9, 0x9598, 0x95b9, 
	0x9599, 0x95b9, 0x9598, 0x95b9, 0x8d99, 0x95b9, 0x9577, 0xcf1d, 0xf7be, 0xf79e, 0xf79e, 0xf79e, 0xf79e, 0xf79e, 0xf79e, 0xf79e, 
	0xe7bf, 0x9d76, 0x8537, 0x8537, 0x8537, 0x8537, 0x8537, 0x8537, 0x8537, 0x8517, 0x8d97, 0xc73e, 0xc75e, 0xc75e, 0xc73e, 0xb6bc, 
	0xb6bc, 0xb6bc, 0xb6bc, 0xb6bc, 0xae9c, 0x9e3b, 0xa63b, 0xa63b, 0x9e1a, 0x8d98, 0x95b8, 0x8d98, 0x8db8, 0x8d78, 0xce9a, 0xf7ff, 
	0xf7de, 0xf7de, 0xf7be, 0xffdf, 0xae5b, 0x84f5, 0x8537, 0x8537, 0x8d98, 0x9599, 0x95b9, 0x9599, 0x95b9, 0x9598, 0x9599, 0x9599, 
	0x95b9, 0x9599, 0x95b9, 0x9599, 0x9599, 0x95b9, 0x95b9, 0x9599, 0x8d98, 0x8d99, 0x9599, 0x9599, 0x9598, 0x9599, 0x8d98, 0x95b9, 
	0x9578, 0xa61a, 0xffff, 0xffff, 0xffff, 0xffff, 0xffff, 0xffff, 0xffff, 0xdf1d, 0x8d78, 0x8d99, 0x8d98, 0x95b9, 0x8d98, 0x8d98, 
	0x8d98, 0x95b9, 0x9598, 0x9599, 0x8d98, 0x9599, 0x8d99, 0x95b9, 0x9557, 0xc6fd, 0xf7be, 0xffff, 0xffff, 0xffdf, 0xf7be, 0xffff, 
	0xffff, 0xffff, 0xffff, 0xf7be, 0xe79f, 0x9d76, 0x7d16, 0x7d17, 0x8537, 0x8537, 0x8537, 0x8517, 0x8537, 0x8537, 0x8537, 0x8516, 
	0x8d98, 0xc73f, 0xbf3e, 0xaebc, 0xb6bc, 0xb6bc, 0xae9c, 0x9e1a, 0x9e3b, 0x9e1b, 0xa63b, 0x9e3b, 0x9dfa, 0x8d98, 0x8d98, 0x8577, 
	0xcebb, 0xffff, 0xbedc, 0x8d36, 0xcebb, 0xf7ff, 0xf7de, 0xf7de, 0xf7de, 0xf7de, 0xf7de, 0xf7de, 0xf7be, 0xf7be, 0xf7de, 0xf7df, 
	0xa61a, 0x9578, 0x95b9, 0x8d98, 0x95b9, 0x8d98, 0x8d98, 0x8d99, 0x9599, 0x9598, 0x9598, 0x9599, 0x9599, 0x9599, 0x9599, 0x9598, 
	0x9598, 0x9599, 0x8d98, 0x8d99, 0x9577, 0xae3a, 0xffff, 0xffff, 0xffff, 0xffff, 0xffff, 0xffff, 0xffff, 0xd6fc, 0x8d78, 0x95b9
};

// Array of all bitmaps for convenience. (Total bytes used to store images = 57616)
const int epd_bitmap_allArray_LEN = 1;
const uint16_t* epd_bitmap_allArray[1] = {
	epd_bitmap_small_pixel_waves
};
