// 'small-pixel-mouse', 240x240px
const uint16_t epd_bitmap_small_pixel_mouse [] = {
	0x00eb, 0x00ca, 0x3000, 0x4843, 0x2860, 0x2040, 0x0b81, 0x0320, 0x0089, 0x096c, 0x190c, 0x0028, 0x5002, 0x4801, 0x01a0, 0x23a3, 
	0x1386, 0x01a0, 0x0175, 0x0175, 0x1802, 0x2023, 0x1860, 0x1840, 0x03e0, 0x03e0, 0x00ca, 0x018c, 0x1970, 0x002b, 0x3800, 0x3800, 
	0x0100, 0x2323, 0x1ba4, 0x01c0, 0x0133, 0x0995, 0x1804, 0x2024, 0x3861, 0x2000, 0x03e0, 0x0c61, 0x0149, 0x018a, 0x11b3, 0x008e, 
	0x4000, 0x4822, 0x00e0, 0x2262, 0x1be3, 0x0260, 0x00f1, 0x09b3, 0x1866, 0x0825, 0x3841, 0x2800, 0x0240, 0x1321, 0x0165, 0x0104, 
	0x1170, 0x008d, 0x2800, 0x3842, 0x0860, 0x18c0, 0x0a82, 0x01a0, 0x0048, 0x092c, 0x1086, 0x0004, 0x4021, 0x3800, 0x0080, 0x0921, 
	0x00c1, 0x0040, 0x0086, 0x0046, 0x1800, 0x2841, 0x1821, 0x1000, 0x0040, 0x0060, 0x0001, 0x0022, 0x0022, 0x0001, 0x2800, 0x2801, 
	0x0000, 0x0020, 0x0020, 0x0000, 0x0022, 0x0022, 0x0800, 0x1821, 0x2821, 0x1800, 0x0080, 0x00c0, 0x0021, 0x0042, 0x0043, 0x0002, 
	0x3001, 0x3822, 0x0060, 0x10c0, 0x09c1, 0x00e0, 0x0046, 0x00c8, 0x0802, 0x0802, 0x3841, 0x2800, 0x0100, 0x09c1, 0x00e2, 0x0081, 
	0x08c9, 0x0067, 0x2000, 0x3021, 0x1060, 0x1040, 0x09c0, 0x0160, 0x0024, 0x08c7, 0x0865, 0x0003, 0x3801, 0x3801, 0x00a0, 0x11a1, 
	0x09a2, 0x00a0, 0x00ea, 0x00ca, 0x1000, 0x2842, 0x3061, 0x2000, 0x01c0, 0x0a00, 0x0064, 0x00c5, 0x08c9, 0x0026, 0x2800, 0x3021, 
	0x0040, 0x1080, 0x0981, 0x00c0, 0x0046, 0x00a8, 0x0802, 0x0802, 0x3021, 0x2000, 0x0060, 0x00c0, 0x0061, 0x0020, 0x0065, 0x0024, 
	0x1000, 0x2021, 0x1821, 0x0800, 0x0000, 0x0000, 0x0000, 0x0001, 0x0000, 0x0000, 0x2000, 0x2020, 0x0000, 0x0000, 0x0000, 0x0000, 
	0x0000, 0x0000, 0x0800, 0x1000, 0x2021, 0x1800, 0x0000, 0x0000, 0x0000, 0x0000, 0x0000, 0x0000, 0x1800, 0x2821, 0x1021, 0x0800, 
	0x0000, 0x0000, 0x0000, 0x0000, 0x0000, 0x0800, 0x2821, 0x2800, 0x0000, 0x0000, 0x0000, 0x0000, 0x0000, 0x0000, 0x1000, 0x1821, 
	0x2021, 0x1800, 0x0000, 0x0000, 0x0000, 0x0000, 0x0000, 0x0000, 0x2000, 0x2821, 0x1000, 0x0800, 0x0000, 0x0000, 0x0000, 0x0000, 
	0x010b, 0x00ca, 0x3000, 0x4043, 0x2080, 0x2060, 0x0b61, 0x0320, 0x0089, 0x016d, 0x190c, 0x0028, 0x5001, 0x4801, 0x01a0, 0x23a3, 
	0x1365, 0x01a0, 0x0175, 0x0175, 0x1802, 0x2023, 0x1860, 0x1840, 0x03e0, 0x03e0, 0x00c9, 0x018c, 0x116f, 0x002a, 0x3800, 0x3800, 
	0x0100, 0x2323, 0x1b84, 0x01a0, 0x0153, 0x0994, 0x2003, 0x2024, 0x3061, 0x2000, 0x03c0, 0x0c40, 0x0129, 0x018b, 0x11b3, 0x008e, 
	0x4000, 0x4822, 0x00e0, 0x2282, 0x13c4, 0x0240, 0x0111, 0x09b4, 0x1866, 0x0805, 0x3841, 0x2800, 0x0220, 0x1322, 0x0165, 0x0104, 
	0x1170, 0x00ad, 0x2800, 0x3842, 0x0860, 0x10c0, 0x1261, 0x01a0, 0x0069, 0x094d, 0x1065, 0x0004, 0x4021, 0x3800, 0x0060, 0x0921, 
	0x00c2, 0x0040, 0x0087, 0x0066, 0x1000, 0x2021, 0x2021, 0x1000, 0x0060, 0x0060, 0x0001, 0x0022, 0x0002, 0x0001, 0x2800, 0x2800, 
	0x0000, 0x0020, 0x0040, 0x0000, 0x0002, 0x0022, 0x1000, 0x1822, 0x2821, 0x1800, 0x00a0, 0x00c0, 0x0021, 0x0021, 0x0843, 0x0002, 
	0x3000, 0x3821, 0x0040, 0x10c0, 0x09c1, 0x00e0, 0x0046, 0x00c8, 0x0802, 0x0822, 0x3822, 0x3000, 0x0100, 0x09c1, 0x00e2, 0x0081, 
	0x08c9, 0x0048, 0x2000, 0x3021, 0x1040, 0x1020, 0x09e0, 0x0180, 0x0025, 0x08c8, 0x0865, 0x0003, 0x3801, 0x3801, 0x00a0, 0x11a1, 
	0x09a2, 0x00a0, 0x00ca, 0x00cb, 0x1800, 0x2822, 0x3041, 0x2000, 0x01c0, 0x0a00, 0x0064, 0x00c6, 0x08e9, 0x0026, 0x2800, 0x3021, 
	0x0040, 0x1080, 0x0981, 0x00c0, 0x0046, 0x00a7, 0x0802, 0x0802, 0x3021, 0x2800, 0x0060, 0x00c0, 0x0061, 0x0020, 0x0065, 0x0024, 
	0x1000, 0x2021, 0x1821, 0x1000, 0x0000, 0x0000, 0x0000, 0x0001, 0x0000, 0x0000, 0x2000, 0x2001, 0x0000, 0x0000, 0x0000, 0x0000, 
	0x0000, 0x0000, 0x0800, 0x1020, 0x2021, 0x1800, 0x0000, 0x0000, 0x0000, 0x0000, 0x0000, 0x0000, 0x1800, 0x2021, 0x1020, 0x0800, 
	0x0000, 0x0000, 0x0000, 0x0000, 0x0000, 0x0000, 0x2801, 0x2800, 0x0000, 0x0000, 0x0000, 0x0000, 0x0000, 0x0000, 0x1000, 0x1821, 
	0x2821, 0x1800, 0x0000, 0x0000, 0x0000, 0x0000, 0x0000, 0x0000, 0x2000, 0x2821, 0x1000, 0x0800, 0x0000, 0x0000, 0x0000, 0x0000, 
	0x010c, 0x00cb, 0x2800, 0x4043, 0x2080, 0x2060, 0x0b81, 0x0320, 0x0089, 0x096d, 0x190c, 0x0028, 0x5001, 0x4801, 0x01a0, 0x23a3, 
	0x1385, 0x01a0, 0x0195, 0x0196, 0x1802, 0x2023, 0x2060, 0x1840, 0x03e0, 0x0c00, 0x00ca, 0x018d, 0x1170, 0x002b, 0x3800, 0x3801, 
	0x0100, 0x2303, 0x1ba5, 0x01c0, 0x0134, 0x09b6, 0x1804, 0x2025, 0x3861, 0x2800, 0x03c0, 0x1461, 0x0128, 0x018a, 0x11b3, 0x008e, 
	0x4000, 0x4822, 0x00c0, 0x2222, 0x1be3, 0x0260, 0x00d0, 0x09b3, 0x1066, 0x0805, 0x3841, 0x2800, 0x0200, 0x1322, 0x0185, 0x0103, 
	0x1170, 0x00ad, 0x2800, 0x3842, 0x1060, 0x1880, 0x1261, 0x01a0, 0x0068, 0x094b, 0x1086, 0x0004, 0x3821, 0x3000, 0x0060, 0x0901, 
	0x00c1, 0x0040, 0x0066, 0x0066, 0x1000, 0x1821, 0x2021, 0x1000, 0x0060, 0x0060, 0x0001, 0x0021, 0x0021, 0x0001, 0x1800, 0x2000, 
	0x0000, 0x0020, 0x0040, 0x0020, 0x0001, 0x0022, 0x0800, 0x1021, 0x2841, 0x1800, 0x0080, 0x00c0, 0x0021, 0x0021, 0x0043, 0x0002, 
	0x2800, 0x3022, 0x0840, 0x0880, 0x09a1, 0x00e0, 0x0025, 0x08c8, 0x0823, 0x0802, 0x3021, 0x2800, 0x00a0, 0x0961, 0x00e2, 0x0060, 
	0x08a7, 0x0066, 0x1000, 0x2021, 0x1040, 0x0800, 0x0160, 0x0140, 0x0004, 0x08a6, 0x0864, 0x0003, 0x3000, 0x3021, 0x0060, 0x0921, 
	0x09a2, 0x00a0, 0x0088, 0x00a9, 0x0801, 0x1822, 0x3041, 0x2000, 0x0120, 0x09c1, 0x0082, 0x0083, 0x08a7, 0x0025, 0x1800, 0x2021, 
	0x0820, 0x0820, 0x0121, 0x00c0, 0x0023, 0x0085, 0x0021, 0x0001, 0x1800, 0x1800, 0x0020, 0x0080, 0x0061, 0x0020, 0x0042, 0x0022, 
	0x0800, 0x1000, 0x1020, 0x0800, 0x0000, 0x0000, 0x0000, 0x0000, 0x0000, 0x0000, 0x1000, 0x1820, 0x0000, 0x0000, 0x0000, 0x0000, 
	0x0000, 0x0000, 0x0000, 0x0800, 0x1020, 0x1000, 0x0000, 0x0000, 0x0000, 0x0000, 0x0000, 0x0000, 0x0800, 0x1000, 0x1020, 0x0800, 
	0x0000, 0x0000, 0x0000, 0x0000, 0x0000, 0x0000, 0x1000, 0x1821, 0x0000, 0x0000, 0x0000, 0x0000, 0x0000, 0x0000, 0x0000, 0x0800, 
	0x1020, 0x0800, 0x0000, 0x0000, 0x0000, 0x0000, 0x0000, 0x0000, 0x0800, 0x1020, 0x0820, 0x0000, 0x0000, 0x0000, 0x0000, 0x0000, 
	0x0066, 0x00a7, 0x1001, 0x1822, 0x2061, 0x1000, 0x01c0, 0x1261, 0x0044, 0x00c6, 0x10ea, 0x0026, 0x2800, 0x3021, 0x0080, 0x1181, 
	0x1aa4, 0x0120, 0x00ab, 0x092e, 0x0822, 0x0002, 0x1820, 0x1000, 0x01a0, 0x12a1, 0x00a4, 0x00c4, 0x090a, 0x0047, 0x1800, 0x2001, 
	0x0060, 0x08e0, 0x1263, 0x0140, 0x0069, 0x090c, 0x0843, 0x0002, 0x2021, 0x1800, 0x0120, 0x1242, 0x00e4, 0x0082, 0x090b, 0x0069, 
	0x1000, 0x2001, 0x0040, 0x0860, 0x09c1, 0x0160, 0x0026, 0x08c9, 0x0865, 0x0002, 0x1800, 0x1800, 0x0060, 0x0921, 0x0902, 0x0040, 
	0x0087, 0x0066, 0x0800, 0x1000, 0x1020, 0x0800, 0x00e0, 0x00e0, 0x0001, 0x0043, 0x0063, 0x0002, 0x0800, 0x1020, 0x0000, 0x0020, 
	0x0040, 0x0000, 0x0001, 0x0021, 0x0000, 0x0000, 0x0800, 0x0000, 0x0000, 0x0000, 0x0000, 0x0000, 0x0000, 0x0000, 0x0000, 0x0800, 
	0x0000, 0x0000, 0x0000, 0x0000, 0x0000, 0x0000, 0x0000, 0x0000, 0x0800, 0x0000, 0x0000, 0x0000, 0x0000, 0x0000, 0x0000, 0x0000, 
	0x0000, 0x0800, 0x0820, 0x0000, 0x0020, 0x0040, 0x0000, 0x0001, 0x0021, 0x0000, 0x0800, 0x0800, 0x0000, 0x0000, 0x0040, 0x0000, 
	0x0001, 0x0001, 0x0000, 0x0000, 0x0800, 0x0000, 0x0000, 0x0020, 0x0000, 0x0000, 0x0020, 0x0000, 0x0000, 0x0020, 0x0000, 0x0000, 
	0x0020, 0x0020, 0x0000, 0x0000, 0x0000, 0x0000, 0x0000, 0x0000, 0x0000, 0x0020, 0x0020, 0x0000, 0x0020, 0x0020, 0x0000, 0x0000, 
	0x0000, 0x0000, 0x0000, 0x0000, 0x0000, 0x0000, 0x0000, 0x0000, 0x0000, 0x0000, 0x0000, 0x0000, 0x0000, 0x0000, 0x0000, 0x0000, 
	0x0000, 0x0000, 0x0000, 0x0000, 0x0000, 0x0000, 0x0000, 0x0000, 0x0000, 0x0000, 0x0000, 0x0000, 0x0000, 0x0000, 0x0000, 0x0000, 
	0x0000, 0x0000, 0x0000, 0x0000, 0x0000, 0x0000, 0x0000, 0x0000, 0x0000, 0x0000, 0x0000, 0x0000, 0x0000, 0x0000, 0x0000, 0x0000, 
	0x0000, 0x0000, 0x0000, 0x0000, 0x0000, 0x0000, 0x0000, 0x0000, 0x0000, 0x0000, 0x0000, 0x0000, 0x0000, 0x0000, 0x0000, 0x0000, 
	0x0000, 0x0000, 0x0000, 0x0000, 0x0000, 0x0000, 0x0000, 0x0000, 0x0000, 0x0000, 0x0000, 0x0000, 0x0000, 0x0000, 0x0000, 0x0000, 
	0x0000, 0x0000, 0x0000, 0x0000, 0x0000, 0x0000, 0x0000, 0x0020, 0x0000, 0x0000, 0x0001, 0x0001, 0x0000, 0x0000, 0x0000, 0x0000, 
	0x0040, 0x0020, 0x0001, 0x0001, 0x0020, 0x0000, 0x0000, 0x0000, 0x0020, 0x0040, 0x0020, 0x0000, 0x0021, 0x0001, 0x0000, 0x0000, 
	0x0000, 0x0020, 0x0060, 0x0040, 0x0001, 0x0001, 0x0000, 0x0000, 0x0000, 0x0000, 0x0040, 0x0060, 0x0020, 0x0000, 0x0021, 0x0001, 
	0x0000, 0x0000, 0x0000, 0x0020, 0x0040, 0x0040, 0x0001, 0x0001, 0x0000, 0x0000, 0x0000, 0x0000, 0x0020, 0x0020, 0x0020, 0x0000, 
	0x0000, 0x0001, 0x0000, 0x0000, 0x0000, 0x0000, 0x0020, 0x0000, 0x0000, 0x0000, 0x0000, 0x0000, 0x0000, 0x0000, 0x0000, 0x0020, 
	0x0000, 0x0000, 0x0000, 0x0000, 0x0000, 0x0000, 0x0000, 0x0000, 0x0000, 0x0000, 0x0000, 0x0000, 0x0000, 0x0000, 0x0000, 0x0000, 
	0x0000, 0x0020, 0x0020, 0x0000, 0x0000, 0x0000, 0x0000, 0x0000, 0x0000, 0x0000, 0x0040, 0x0040, 0x0000, 0x0000, 0x0001, 0x0000, 
	0x0800, 0x0800, 0x0000, 0x0040, 0x0080, 0x0040, 0x0022, 0x0042, 0x0000, 0x0000, 0x0000, 0x0000, 0x0060, 0x00c0, 0x0040, 0x0020, 
	0x0022, 0x0001, 0x0800, 0x0800, 0x0000, 0x0020, 0x00c0, 0x00a0, 0x0001, 0x0042, 0x0002, 0x0001, 0x1000, 0x0800, 0x0060, 0x00e1, 
	0x00c1, 0x0040, 0x0044, 0x0044, 0x0800, 0x0821, 0x0800, 0x0000, 0x00e0, 0x0100, 0x0021, 0x0042, 0x0063, 0x0002, 0x1000, 0x1000, 
	0x0020, 0x0060, 0x00e0, 0x0060, 0x0023, 0x0063, 0x0001, 0x0001, 0x0000, 0x0000, 0x0020, 0x0040, 0x0000, 0x0000, 0x0021, 0x0001, 
	0x0000, 0x0000, 0x0000, 0x0000, 0x0000, 0x0000, 0x0000, 0x0000, 0x0000, 0x0000, 0x0800, 0x0800, 0x0000, 0x0000, 0x0000, 0x0000, 
	0x0000, 0x0000, 0x0000, 0x0000, 0x0800, 0x0000, 0x0000, 0x0000, 0x0000, 0x0000, 0x0000, 0x0000, 0x0800, 0x0820, 0x0000, 0x0000, 
	0x0000, 0x0000, 0x0000, 0x0000, 0x0000, 0x0000, 0x1020, 0x0800, 0x0000, 0x0000, 0x0000, 0x0000, 0x0000, 0x0000, 0x0800, 0x1020, 
	0x0800, 0x0800, 0x0000, 0x0000, 0x0000, 0x0000, 0x0000, 0x0000, 0x0800, 0x1000, 0x0000, 0x0000, 0x0000, 0x0000, 0x0000, 0x0000, 
	0x0086, 0x0065, 0x1000, 0x2041, 0x0020, 0x0860, 0x0a81, 0x0220, 0x0025, 0x00e8, 0x10a7, 0x0004, 0x2821, 0x1800, 0x0120, 0x1ac2, 
	0x0a24, 0x00c0, 0x00ec, 0x00ec, 0x1001, 0x1822, 0x0020, 0x0040, 0x0ae0, 0x02c0, 0x0065, 0x0108, 0x10ea, 0x0006, 0x2000, 0x2000, 
	0x00c0, 0x1a83, 0x1aa4, 0x0100, 0x00ed, 0x092e, 0x1002, 0x1823, 0x1840, 0x1000, 0x0300, 0x0b81, 0x00a6, 0x0128, 0x114d, 0x0049, 
	0x2800, 0x2800, 0x0080, 0x11e2, 0x1ae3, 0x0180, 0x008b, 0x092d, 0x1023, 0x0803, 0x1821, 0x1000, 0x0180, 0x1242, 0x00c3, 0x0082, 
	0x08ea, 0x0047, 0x1800, 0x2001, 0x0020, 0x0880, 0x0981, 0x0100, 0x0024, 0x00a6, 0x0822, 0x0802, 0x2821, 0x1800, 0x0080, 0x0921, 
	0x00a1, 0x0020, 0x0065, 0x0024, 0x1000, 0x1821, 0x0820, 0x0800, 0x0120, 0x00e0, 0x0002, 0x0063, 0x0042, 0x0001, 0x1000, 0x1000, 
	0x0020, 0x08a0, 0x08a1, 0x0020, 0x0024, 0x0044, 0x0800, 0x1821, 0x2020, 0x1000, 0x0120, 0x0160, 0x0042, 0x0083, 0x0885, 0x0003, 
	0x3001, 0x3821, 0x0060, 0x1121, 0x1242, 0x0120, 0x0089, 0x092b, 0x0823, 0x0803, 0x2821, 0x2000, 0x0140, 0x1242, 0x0123, 0x00a1, 
	0x090a, 0x0068, 0x2000, 0x3022, 0x0840, 0x1080, 0x0a81, 0x01e0, 0x0026, 0x090a, 0x1086, 0x0004, 0x4022, 0x3801, 0x00e0, 0x1a42, 
	0x1223, 0x00e0, 0x010e, 0x010d, 0x1800, 0x3043, 0x3061, 0x2000, 0x0260, 0x0ac0, 0x0085, 0x0107, 0x112b, 0x0027, 0x3800, 0x4021, 
	0x0060, 0x1121, 0x1242, 0x0140, 0x0089, 0x090b, 0x0823, 0x0002, 0x2001, 0x1800, 0x0080, 0x0901, 0x0061, 0x0020, 0x0065, 0x0024, 
	0x0800, 0x1820, 0x0820, 0x0800, 0x0040, 0x0040, 0x0001, 0x0021, 0x0001, 0x0000, 0x2000, 0x2000, 0x0000, 0x0000, 0x0020, 0x0000, 
	0x0001, 0x0001, 0x0800, 0x1021, 0x2021, 0x1800, 0x0000, 0x0000, 0x0000, 0x0000, 0x0000, 0x0000, 0x1800, 0x2021, 0x1021, 0x0800, 
	0x0000, 0x0000, 0x0001, 0x0021, 0x0000, 0x0000, 0x3021, 0x2801, 0x0000, 0x0000, 0x0000, 0x0000, 0x0000, 0x0000, 0x1000, 0x2021, 
	0x2821, 0x1800, 0x0000, 0x0000, 0x0000, 0x0000, 0x0000, 0x0000, 0x1800, 0x2021, 0x0800, 0x0800, 0x0000, 0x0000, 0x0000, 0x0000, 
	0x012d, 0x00ec, 0x2800, 0x4043, 0x1880, 0x1880, 0x0bc1, 0x0360, 0x008a, 0x098e, 0x192d, 0x0029, 0x5001, 0x4800, 0x01a0, 0x23a3, 
	0x1345, 0x0180, 0x0174, 0x0174, 0x1802, 0x2823, 0x1860, 0x1840, 0x03c0, 0x03c0, 0x00c9, 0x018d, 0x114f, 0x002a, 0x3800, 0x4001, 
	0x0100, 0x2303, 0x1b84, 0x01a0, 0x0133, 0x0174, 0x2003, 0x2824, 0x3861, 0x2800, 0x03c0, 0x0c40, 0x0108, 0x016a, 0x1192, 0x006d, 
	0x4000, 0x4822, 0x00e0, 0x1a42, 0x1383, 0x0220, 0x00cf, 0x0992, 0x1045, 0x0804, 0x3041, 0x2000, 0x01e0, 0x12c1, 0x0124, 0x00c3, 
	0x092d, 0x008a, 0x2000, 0x3021, 0x0840, 0x1080, 0x0a01, 0x0140, 0x0026, 0x08c8, 0x1043, 0x0803, 0x3821, 0x3000, 0x00a0, 0x0961, 
	0x0101, 0x0060, 0x00a7, 0x0066, 0x1800, 0x2841, 0x1840, 0x1000, 0x0160, 0x0120, 0x0023, 0x0085, 0x0064, 0x0003, 0x2000, 0x2000, 
	0x0040, 0x08c1, 0x08e1, 0x0040, 0x0045, 0x0065, 0x1000, 0x2021, 0x2841, 0x1800, 0x0160, 0x01c0, 0x0063, 0x00a3, 0x08a7, 0x0005, 
	0x3800, 0x4022, 0x0080, 0x1941, 0x1282, 0x0160, 0x008a, 0x092d, 0x0823, 0x0803, 0x3821, 0x2800, 0x0180, 0x1281, 0x0143, 0x00c1, 
	0x090c, 0x008a, 0x2000, 0x3842, 0x1060, 0x1880, 0x0aa0, 0x0200, 0x0048, 0x092b, 0x10a7, 0x0004, 0x4801, 0x4801, 0x00e0, 0x1a42, 
	0x0a44, 0x00e0, 0x010e, 0x010e, 0x2000, 0x3043, 0x3861, 0x2800, 0x0280, 0x02c0, 0x00a6, 0x0128, 0x112c, 0x0028, 0x3800, 0x4822, 
	0x0080, 0x1121, 0x0a62, 0x0160, 0x008a, 0x092c, 0x0843, 0x0003, 0x2020, 0x1800, 0x0080, 0x0900, 0x0081, 0x0040, 0x0085, 0x0024, 
	0x1000, 0x1821, 0x1020, 0x0800, 0x0040, 0x0040, 0x0001, 0x0022, 0x0001, 0x0001, 0x2800, 0x2820, 0x0000, 0x0000, 0x0020, 0x0000, 
	0x0002, 0x0022, 0x0800, 0x1021, 0x2021, 0x1800, 0x0000, 0x0000, 0x0000, 0x0000, 0x0001, 0x0000, 0x1800, 0x2821, 0x1020, 0x0800, 
	0x0000, 0x0000, 0x0000, 0x0001, 0x0000, 0x0800, 0x3021, 0x3001, 0x0000, 0x0000, 0x0000, 0x0000, 0x0000, 0x0000, 0x1000, 0x2021, 
	0x2841, 0x1800, 0x0000, 0x0000, 0x0000, 0x0000, 0x0000, 0x0000, 0x2000, 0x2821, 0x1000, 0x0800, 0x0000, 0x0000, 0x0000, 0x0000, 
	0x012d, 0x00ec, 0x2800, 0x4043, 0x2080, 0x2080, 0x0bc1, 0x0360, 0x008a, 0x098d, 0x190c, 0x0028, 0x5001, 0x4800, 0x01a0, 0x23a3, 
	0x1345, 0x0180, 0x0154, 0x0154, 0x1802, 0x2023, 0x1860, 0x1840, 0x03c0, 0x03c0, 0x00c9, 0x018c, 0x114f, 0x002a, 0x3800, 0x4001, 
	0x0100, 0x22e3, 0x1b64, 0x01a0, 0x0133, 0x0994, 0x2003, 0x2824, 0x3861, 0x2800, 0x03c0, 0x0c41, 0x0109, 0x016a, 0x1192, 0x006d, 
	0x4000, 0x4822, 0x00e0, 0x2242, 0x13a3, 0x0220, 0x00ef, 0x0992, 0x1045, 0x0804, 0x3041, 0x2000, 0x01e0, 0x12c1, 0x0124, 0x00c3, 
	0x092d, 0x006a, 0x2000, 0x3021, 0x0840, 0x1080, 0x09e1, 0x0140, 0x0026, 0x08c8, 0x1043, 0x0803, 0x3821, 0x3000, 0x00a0, 0x0961, 
	0x0102, 0x0060, 0x00a8, 0x0067, 0x1800, 0x2022, 0x1840, 0x1000, 0x0160, 0x0120, 0x0023, 0x0085, 0x0864, 0x0003, 0x2000, 0x2000, 
	0x0040, 0x08c1, 0x08e1, 0x0040, 0x0045, 0x0065, 0x1000, 0x2022, 0x2841, 0x1800, 0x0160, 0x09c0, 0x0063, 0x0084, 0x08c7, 0x0025, 
	0x3800, 0x4822, 0x0080, 0x1941, 0x1282, 0x0160, 0x008a, 0x092d, 0x0844, 0x0823, 0x3821, 0x2800, 0x0180, 0x1281, 0x0143, 0x00a1, 
	0x090c, 0x008a, 0x2000, 0x3842, 0x1060, 0x1880, 0x0aa1, 0x0220, 0x0048, 0x092b, 0x10a7, 0x0004, 0x4801, 0x4801, 0x00e0, 0x1a62, 
	0x1264, 0x0100, 0x010e, 0x010d, 0x2001, 0x3043, 0x3861, 0x2800, 0x02a0, 0x0ae0, 0x00c6, 0x0128, 0x112c, 0x0028, 0x3800, 0x4021, 
	0x0060, 0x1921, 0x0a62, 0x0160, 0x008a, 0x092c, 0x0843, 0x0002, 0x2020, 0x1800, 0x0080, 0x0901, 0x0081, 0x0040, 0x0086, 0x0024, 
	0x1000, 0x1821, 0x1020, 0x0800, 0x0040, 0x0040, 0x0001, 0x0022, 0x0001, 0x0001, 0x2800, 0x2820, 0x0000, 0x0000, 0x0020, 0x0000, 
	0x0002, 0x0022, 0x0800, 0x1021, 0x2021, 0x1800, 0x0000, 0x0000, 0x0000, 0x0000, 0x0001, 0x0000, 0x1800, 0x2841, 0x1020, 0x0800, 
	0x0000, 0x0000, 0x0000, 0x0001, 0x0000, 0x0800, 0x3001, 0x3001, 0x0000, 0x0000, 0x0000, 0x0000, 0x0000, 0x0000, 0x1000, 0x2021, 
	0x3042, 0x2000, 0x0000, 0x0000, 0x0000, 0x0000, 0x0000, 0x0000, 0x2000, 0x2821, 0x1000, 0x0800, 0x0000, 0x0000, 0x0000, 0x0000, 
	0x010d, 0x00ec, 0x2800, 0x4043, 0x2080, 0x2080, 0x0be1, 0x0380, 0x00aa, 0x098d, 0x190c, 0x0028, 0x5021, 0x4800, 0x01a0, 0x23a3, 
	0x1365, 0x01a0, 0x0174, 0x0174, 0x1802, 0x2823, 0x1860, 0x1840, 0x03c0, 0x03e0, 0x00c9, 0x018c, 0x116f, 0x002a, 0x3800, 0x4001, 
	0x0100, 0x2303, 0x1b84, 0x01a0, 0x0133, 0x0994, 0x2003, 0x2844, 0x3861, 0x2800, 0x03e0, 0x0c61, 0x0108, 0x016a, 0x1192, 0x006d, 
	0x4000, 0x4822, 0x00e0, 0x2242, 0x13a3, 0x0220, 0x00ef, 0x0992, 0x1045, 0x0804, 0x3041, 0x2000, 0x01e0, 0x12c1, 0x0124, 0x00e3, 
	0x092d, 0x008a, 0x2000, 0x3022, 0x0840, 0x1080, 0x09e1, 0x0140, 0x0026, 0x08c8, 0x0823, 0x0803, 0x3821, 0x3000, 0x00a0, 0x0981, 
	0x0102, 0x0060, 0x00a8, 0x0067, 0x1800, 0x2022, 0x1840, 0x1000, 0x0160, 0x0140, 0x0023, 0x0085, 0x0864, 0x0003, 0x2000, 0x2000, 
	0x0040, 0x08c0, 0x08e1, 0x0040, 0x0065, 0x0065, 0x1000, 0x2022, 0x2841, 0x1800, 0x0160, 0x01a0, 0x0063, 0x0084, 0x08c8, 0x0025, 
	0x3801, 0x4822, 0x0080, 0x1941, 0x1282, 0x0160, 0x008a, 0x092d, 0x0844, 0x0823, 0x3821, 0x2800, 0x0180, 0x1282, 0x0143, 0x00a1, 
	0x090c, 0x008a, 0x2800, 0x3842, 0x1060, 0x1880, 0x0aa1, 0x0220, 0x0048, 0x092b, 0x1087, 0x0004, 0x4801, 0x4801, 0x00e0, 0x1a42, 
	0x1264, 0x0100, 0x012e, 0x012e, 0x2000, 0x3043, 0x4061, 0x2800, 0x02a0, 0x0ae0, 0x00a6, 0x0128, 0x112c, 0x0049, 0x3800, 0x4822, 
	0x0060, 0x1921, 0x1262, 0x0160, 0x008a, 0x092d, 0x0843, 0x0002, 0x2820, 0x2000, 0x0080, 0x0921, 0x0082, 0x0041, 0x0086, 0x0025, 
	0x1000, 0x1820, 0x1020, 0x0800, 0x0060, 0x0040, 0x0001, 0x0022, 0x0001, 0x0001, 0x2800, 0x2800, 0x0000, 0x0000, 0x0020, 0x0000, 
	0x0022, 0x0022, 0x0800, 0x1021, 0x2021, 0x1800, 0x0000, 0x0000, 0x0000, 0x0000, 0x0001, 0x0000, 0x1800, 0x2821, 0x1020, 0x0800, 
	0x0000, 0x0000, 0x0001, 0x0001, 0x0000, 0x0000, 0x3021, 0x3000, 0x0000, 0x0000, 0x0000, 0x0000, 0x0000, 0x0000, 0x1000, 0x2041, 
	0x3042, 0x1800, 0x0000, 0x0000, 0x0000, 0x0000, 0x0000, 0x0000, 0x2000, 0x2821, 0x1000, 0x0800, 0x0000, 0x0000, 0x0000, 0x0000, 
	0x010d, 0x00ec, 0x2800, 0x4043, 0x2080, 0x2080, 0x0be1, 0x0380, 0x0089, 0x098d, 0x190c, 0x0028, 0x5001, 0x4800, 0x01a0, 0x23a3, 
	0x1366, 0x01a0, 0x0174, 0x0174, 0x1802, 0x2823, 0x2060, 0x1840, 0x03e0, 0x03e0, 0x00c9, 0x018d, 0x116f, 0x002a, 0x3800, 0x4001, 
	0x0100, 0x22e3, 0x1b84, 0x01a0, 0x0133, 0x0994, 0x1803, 0x2824, 0x3881, 0x2000, 0x03e0, 0x0c61, 0x0108, 0x016a, 0x1192, 0x006d, 
	0x4000, 0x4822, 0x00e0, 0x2242, 0x13a3, 0x0220, 0x00cf, 0x0992, 0x1045, 0x0804, 0x3041, 0x2000, 0x01e0, 0x12c1, 0x0124, 0x00c3, 
	0x092d, 0x008a, 0x2000, 0x3022, 0x0840, 0x1080, 0x09e1, 0x0140, 0x0026, 0x08c8, 0x1024, 0x0803, 0x4021, 0x3000, 0x00a0, 0x0981, 
	0x00e2, 0x0060, 0x00a8, 0x0087, 0x1800, 0x2822, 0x1840, 0x1000, 0x0160, 0x0140, 0x0023, 0x0085, 0x0864, 0x0003, 0x2000, 0x2000, 
	0x0040, 0x08c0, 0x08e1, 0x0040, 0x0045, 0x0066, 0x1000, 0x2021, 0x2841, 0x1800, 0x0160, 0x09c0, 0x0063, 0x0084, 0x08c7, 0x0025, 
	0x3801, 0x4822, 0x0080, 0x1941, 0x1282, 0x0160, 0x008a, 0x092d, 0x0844, 0x0803, 0x3821, 0x2800, 0x0180, 0x1281, 0x0144, 0x00c1, 
	0x092c, 0x008a, 0x2800, 0x3822, 0x1060, 0x1880, 0x0aa1, 0x0220, 0x0048, 0x092b, 0x10a7, 0x0005, 0x4801, 0x4801, 0x0100, 0x1a42, 
	0x0a44, 0x0100, 0x012f, 0x012f, 0x2001, 0x3043, 0x3861, 0x2800, 0x02a0, 0x0ae0, 0x00a6, 0x0149, 0x112c, 0x0028, 0x3800, 0x4821, 
	0x0080, 0x1921, 0x1262, 0x0160, 0x008b, 0x092d, 0x0844, 0x0003, 0x2820, 0x2000, 0x0080, 0x0900, 0x0081, 0x0041, 0x0086, 0x0025, 
	0x1000, 0x1820, 0x1020, 0x0800, 0x0040, 0x0040, 0x0001, 0x0022, 0x0001, 0x0001, 0x2800, 0x2800, 0x0000, 0x0000, 0x0020, 0x0000, 
	0x0002, 0x0023, 0x0800, 0x1021, 0x2021, 0x1800, 0x0000, 0x0000, 0x0000, 0x0000, 0x0001, 0x0000, 0x2000, 0x2821, 0x1020, 0x0800, 
	0x0000, 0x0000, 0x0001, 0x0001, 0x0000, 0x0800, 0x3021, 0x3000, 0x0000, 0x0000, 0x0000, 0x0000, 0x0000, 0x0000, 0x1000, 0x2021, 
	0x3042, 0x2000, 0x0000, 0x0000, 0x0000, 0x0000, 0x0000, 0x0000, 0x2000, 0x2821, 0x1000, 0x0800, 0x0000, 0x0000, 0x0000, 0x0000, 
	0x012d, 0x00ec, 0x2800, 0x4043, 0x1880, 0x20a0, 0x0be1, 0x0360, 0x008a, 0x098e, 0x190d, 0x0029, 0x5001, 0x4801, 0x01a0, 0x23a3, 
	0x1345, 0x0180, 0x0174, 0x0174, 0x1802, 0x2823, 0x2060, 0x1840, 0x03c0, 0x03c0, 0x00c9, 0x018d, 0x116f, 0x002a, 0x4000, 0x4001, 
	0x0100, 0x22e3, 0x1b84, 0x01a0, 0x0133, 0x0174, 0x1803, 0x2824, 0x3861, 0x2000, 0x03c0, 0x0c40, 0x00e8, 0x016a, 0x1992, 0x006d, 
	0x4000, 0x4822, 0x00c0, 0x2242, 0x1383, 0x0200, 0x00f0, 0x0992, 0x1045, 0x0804, 0x3841, 0x2800, 0x01e0, 0x12c1, 0x0124, 0x00c3, 
	0x094d, 0x008a, 0x2000, 0x3022, 0x0840, 0x1080, 0x09e1, 0x0140, 0x0026, 0x08e9, 0x1044, 0x0803, 0x4021, 0x3000, 0x00a0, 0x0981, 
	0x0102, 0x0060, 0x00a8, 0x0067, 0x1800, 0x2022, 0x1840, 0x1000, 0x0160, 0x0120, 0x0003, 0x0085, 0x0864, 0x0003, 0x2000, 0x2000, 
	0x0040, 0x08c0, 0x08e1, 0x0040, 0x0065, 0x0086, 0x1000, 0x2021, 0x2841, 0x1800, 0x0160, 0x09c0, 0x0063, 0x00a4, 0x08c8, 0x0025, 
	0x3800, 0x4822, 0x0080, 0x1941, 0x1282, 0x0140, 0x00ab, 0x092d, 0x0844, 0x0803, 0x3821, 0x2800, 0x0180, 0x1261, 0x0143, 0x00c1, 
	0x092d, 0x008a, 0x2000, 0x3822, 0x1060, 0x1880, 0x0aa1, 0x0220, 0x0068, 0x094b, 0x10a7, 0x0005, 0x4822, 0x4801, 0x00e0, 0x1a42, 
	0x0a44, 0x0100, 0x012f, 0x012f, 0x1801, 0x3043, 0x3861, 0x2800, 0x0280, 0x0ac0, 0x00a6, 0x0148, 0x114d, 0x0028, 0x3800, 0x4821, 
	0x0060, 0x1921, 0x0a62, 0x0140, 0x008a, 0x092d, 0x0843, 0x0003, 0x2820, 0x1800, 0x0080, 0x0921, 0x0081, 0x0040, 0x0086, 0x0045, 
	0x1000, 0x1821, 0x1020, 0x0800, 0x0040, 0x0040, 0x0001, 0x0022, 0x0021, 0x0001, 0x2000, 0x2820, 0x0000, 0x0000, 0x0020, 0x0000, 
	0x0002, 0x0022, 0x0800, 0x1021, 0x2841, 0x1800, 0x0000, 0x0000, 0x0000, 0x0000, 0x0001, 0x0000, 0x1800, 0x2841, 0x1020, 0x0800, 
	0x0000, 0x0000, 0x0000, 0x0000, 0x0000, 0x0800, 0x3021, 0x3001, 0x0000, 0x0000, 0x0000, 0x0000, 0x0000, 0x0000, 0x1000, 0x2041, 
	0x3042, 0x2000, 0x0000, 0x0000, 0x0000, 0x0000, 0x0000, 0x0000, 0x2000, 0x2821, 0x1000, 0x0800, 0x0000, 0x0000, 0x0000, 0x0000, 
	0x014e, 0x00ed, 0x2801, 0x4043, 0x1880, 0x20a0, 0x0be1, 0x0360, 0x008a, 0x098e, 0x192d, 0x0029, 0x5022, 0x4801, 0x01a0, 0x23a3, 
	0x1346, 0x0180, 0x0175, 0x0175, 0x1802, 0x2824, 0x2060, 0x1840, 0x03e0, 0x03e0, 0x00c9, 0x018d, 0x116f, 0x002a, 0x4000, 0x4001, 
	0x0100, 0x2303, 0x1b84, 0x01a0, 0x0133, 0x0994, 0x1803, 0x2824, 0x3881, 0x2800, 0x03c0, 0x0c41, 0x00e8, 0x016a, 0x19b2, 0x006d, 
	0x4000, 0x4822, 0x00c0, 0x2242, 0x1383, 0x0200, 0x00f0, 0x0992, 0x1046, 0x0805, 0x3841, 0x2800, 0x01c0, 0x12e2, 0x0144, 0x00c3, 
	0x094e, 0x00ab, 0x2000, 0x3021, 0x0840, 0x1060, 0x09e1, 0x0140, 0x0026, 0x08c8, 0x1044, 0x0803, 0x4021, 0x3000, 0x0080, 0x0961, 
	0x0102, 0x0060, 0x00a8, 0x0087, 0x1800, 0x2021, 0x1840, 0x1000, 0x0140, 0x0140, 0x0023, 0x0085, 0x0864, 0x0003, 0x2000, 0x2000, 
	0x0040, 0x08c0, 0x08e1, 0x0040, 0x0045, 0x0086, 0x1000, 0x1821, 0x2841, 0x1800, 0x0140, 0x09c1, 0x0063, 0x0084, 0x08c8, 0x0025, 
	0x3800, 0x4022, 0x0080, 0x1120, 0x1282, 0x0160, 0x008a, 0x092d, 0x0844, 0x0003, 0x3821, 0x2800, 0x0140, 0x1261, 0x0164, 0x00a1, 
	0x092c, 0x00aa, 0x2000, 0x3022, 0x1060, 0x1040, 0x0a80, 0x0220, 0x0047, 0x092b, 0x10c7, 0x0004, 0x4001, 0x4801, 0x00c0, 0x1201, 
	0x1244, 0x00e0, 0x010e, 0x010e, 0x1801, 0x2842, 0x3862, 0x2800, 0x0220, 0x0aa1, 0x00a5, 0x0107, 0x112c, 0x0048, 0x3000, 0x4041, 
	0x0860, 0x10c0, 0x0a41, 0x0160, 0x0069, 0x090c, 0x0843, 0x0002, 0x2020, 0x1800, 0x0060, 0x00e0, 0x0081, 0x0020, 0x0065, 0x0044, 
	0x0800, 0x1021, 0x1020, 0x0800, 0x0040, 0x0040, 0x0001, 0x0001, 0x0001, 0x0000, 0x1800, 0x2000, 0x0000, 0x0000, 0x0020, 0x0000, 
	0x0001, 0x0021, 0x0800, 0x1000, 0x2021, 0x1800, 0x0000, 0x0000, 0x0000, 0x0000, 0x0001, 0x0000, 0x1800, 0x2020, 0x1021, 0x0800, 
	0x0000, 0x0000, 0x0000, 0x0000, 0x0000, 0x0000, 0x2000, 0x2821, 0x0000, 0x0000, 0x0000, 0x0000, 0x0000, 0x0000, 0x0800, 0x1020, 
	0x2841, 0x1800, 0x0000, 0x0000, 0x0000, 0x0000, 0x0000, 0x0000, 0x1000, 0x1820, 0x0820, 0x0800, 0x0000, 0x0000, 0x0000, 0x0000, 
	0x00a9, 0x00ea, 0x1801, 0x2022, 0x2060, 0x1020, 0x0280, 0x0ae1, 0x0066, 0x0108, 0x110b, 0x0027, 0x3000, 0x3821, 0x00c0, 0x11e1, 
	0x1ac4, 0x0120, 0x00cd, 0x094f, 0x0802, 0x0802, 0x2041, 0x1000, 0x0200, 0x12e1, 0x00a5, 0x00e6, 0x112c, 0x0048, 0x2000, 0x2821, 
	0x0080, 0x1141, 0x1ac3, 0x0160, 0x006a, 0x092d, 0x0823, 0x0802, 0x2841, 0x2000, 0x0180, 0x1ac2, 0x00e4, 0x00a3, 0x092c, 0x006a, 
	0x1800, 0x2021, 0x0040, 0x0880, 0x1241, 0x0180, 0x0047, 0x08ea, 0x0865, 0x0003, 0x1800, 0x1800, 0x00a0, 0x0961, 0x0902, 0x0060, 
	0x0087, 0x0066, 0x0800, 0x1021, 0x0820, 0x0800, 0x00c0, 0x00c0, 0x0001, 0x0063, 0x0042, 0x0001, 0x1000, 0x1800, 0x0020, 0x0060, 
	0x0081, 0x0020, 0x0023, 0x0043, 0x0000, 0x0801, 0x1020, 0x0800, 0x0040, 0x0080, 0x0020, 0x0020, 0x0021, 0x0001, 0x0000, 0x0800, 
	0x0000, 0x0020, 0x0060, 0x0020, 0x0001, 0x0021, 0x0000, 0x0000, 0x1020, 0x0800, 0x0020, 0x0080, 0x0040, 0x0000, 0x0042, 0x0022, 
	0x0800, 0x1021, 0x0820, 0x0000, 0x00e0, 0x00a0, 0x0002, 0x0063, 0x0042, 0x0001, 0x0800, 0x1000, 0x0020, 0x0080, 0x08a1, 0x0020, 
	0x0043, 0x0043, 0x0000, 0x0000, 0x1020, 0x0800, 0x0080, 0x08e0, 0x0001, 0x0021, 0x0043, 0x0001, 0x0800, 0x1020, 0x0000, 0x0000, 
	0x08e1, 0x0060, 0x0022, 0x0063, 0x0001, 0x0000, 0x1020, 0x1000, 0x0020, 0x08a1, 0x0061, 0x0020, 0x0064, 0x0023, 0x0000, 0x0820, 
	0x0820, 0x0000, 0x0060, 0x0060, 0x0000, 0x0021, 0x0021, 0x0001, 0x0000, 0x0000, 0x0000, 0x0000, 0x0020, 0x0000, 0x0000, 0x0000, 
	0x0000, 0x0000, 0x0000, 0x0000, 0x0000, 0x0000, 0x0000, 0x0000, 0x0000, 0x0000, 0x0000, 0x0000, 0x0000, 0x0000, 0x0000, 0x0000, 
	0x0000, 0x0000, 0x0000, 0x0000, 0x0000, 0x0000, 0x0000, 0x0000, 0x0000, 0x0000, 0x0000, 0x0000, 0x0000, 0x0000, 0x0000, 0x0000, 
	0x0000, 0x0000, 0x0000, 0x0000, 0x0000, 0x0000, 0x0000, 0x0000, 0x0000, 0x0000, 0x0000, 0x0000, 0x0000, 0x0000, 0x0000, 0x0000, 
	0x0000, 0x0000, 0x0000, 0x0000, 0x0000, 0x0000, 0x0000, 0x0000, 0x0000, 0x0000, 0x0000, 0x0000, 0x0000, 0x0000, 0x0000, 0x0000, 
	0x0000, 0x0021, 0x0000, 0x0000, 0x0000, 0x0000, 0x0000, 0x0061, 0x0000, 0x0000, 0x0041, 0x0021, 0x0000, 0x0000, 0x0000, 0x0000, 
	0x0060, 0x0040, 0x0001, 0x0022, 0x0001, 0x0000, 0x0000, 0x0000, 0x0000, 0x0040, 0x0020, 0x0000, 0x0021, 0x0001, 0x0000, 0x0000, 
	0x0000, 0x0000, 0x0040, 0x0040, 0x0000, 0x0021, 0x0020, 0x0000, 0x0000, 0x0000, 0x0000, 0x0020, 0x0000, 0x0000, 0x0002, 0x0002, 
	0x0000, 0x0000, 0x0000, 0x0000, 0x0020, 0x0020, 0x0000, 0x0000, 0x0000, 0x0000, 0x0000, 0x0000, 0x0000, 0x0000, 0x0000, 0x0000, 
	0x0000, 0x0000, 0x0000, 0x0000, 0x0000, 0x0000, 0x0000, 0x0020, 0x0000, 0x0000, 0x0000, 0x0000, 0x0000, 0x0000, 0x0000, 0x0000, 
	0x0000, 0x0000, 0x0000, 0x0000, 0x0000, 0x0000, 0x0000, 0x0000, 0x0000, 0x0000, 0x0000, 0x0000, 0x0000, 0x0000, 0x0000, 0x0000, 
	0x0020, 0x0020, 0x0020, 0x0000, 0x0001, 0x0001, 0x0000, 0x0000, 0x0000, 0x0000, 0x0040, 0x0040, 0x0000, 0x0020, 0x0001, 0x0000, 
	0x0000, 0x0000, 0x0000, 0x0040, 0x0060, 0x0040, 0x0001, 0x0021, 0x0000, 0x0000, 0x0000, 0x0000, 0x0060, 0x0080, 0x0020, 0x0000, 
	0x0022, 0x0002, 0x0000, 0x0000, 0x0000, 0x0020, 0x00c0, 0x0080, 0x0002, 0x0023, 0x0021, 0x0001, 0x0800, 0x0000, 0x0040, 0x00a0, 
	0x0080, 0x0020, 0x0043, 0x0043, 0x0000, 0x0000, 0x0000, 0x0000, 0x0080, 0x00a0, 0x0001, 0x0021, 0x0022, 0x0001, 0x0000, 0x0000, 
	0x0000, 0x0020, 0x0060, 0x0020, 0x0001, 0x0021, 0x0000, 0x0000, 0x0000, 0x0000, 0x0020, 0x0040, 0x0000, 0x0000, 0x0001, 0x0000, 
	0x0000, 0x0000, 0x0000, 0x0000, 0x0040, 0x0040, 0x0000, 0x0001, 0x0000, 0x0000, 0x0000, 0x0000, 0x0000, 0x0020, 0x0020, 0x0000, 
	0x0000, 0x0000, 0x0000, 0x0000, 0x0000, 0x0000, 0x0020, 0x0040, 0x0000, 0x0000, 0x0021, 0x0000, 0x0800, 0x0800, 0x0000, 0x0000, 
	0x0040, 0x0020, 0x0000, 0x0021, 0x0000, 0x0000, 0x0800, 0x0000, 0x0000, 0x0020, 0x0020, 0x0000, 0x0001, 0x0001, 0x0000, 0x0800, 
	0x0000, 0x0000, 0x0020, 0x0020, 0x0000, 0x0000, 0x0001, 0x0000, 0x0800, 0x0800, 0x0000, 0x0000, 0x0020, 0x0020, 0x0000, 0x0000, 
	0x00a8, 0x0067, 0x0800, 0x1021, 0x0020, 0x0060, 0x0a21, 0x01c0, 0x0024, 0x08e7, 0x0886, 0x0004, 0x2001, 0x1800, 0x0100, 0x1a82, 
	0x0a03, 0x00c0, 0x00ed, 0x00cc, 0x0800, 0x1021, 0x0020, 0x0040, 0x0ae1, 0x02c0, 0x0065, 0x0108, 0x10e9, 0x0026, 0x1000, 0x1000, 
	0x00c0, 0x1a43, 0x1283, 0x0100, 0x00cc, 0x08ed, 0x0801, 0x1022, 0x0820, 0x0800, 0x0280, 0x0ae1, 0x0084, 0x00c6, 0x110a, 0x0027, 
	0x1800, 0x1800, 0x0060, 0x0961, 0x1222, 0x0100, 0x0068, 0x08ea, 0x0822, 0x0002, 0x1020, 0x0800, 0x00e0, 0x0961, 0x0061, 0x0061, 
	0x0885, 0x0024, 0x1000, 0x1820, 0x0020, 0x0040, 0x0921, 0x00a0, 0x0003, 0x0885, 0x0022, 0x0001, 0x1821, 0x1000, 0x00a0, 0x0961, 
	0x00c1, 0x0040, 0x00a6, 0x0045, 0x1000, 0x1821, 0x0020, 0x0020, 0x0140, 0x0100, 0x0002, 0x0064, 0x0823, 0x0002, 0x2821, 0x2000, 
	0x0080, 0x1181, 0x0982, 0x0080, 0x00a8, 0x00a8, 0x1000, 0x2022, 0x1840, 0x1000, 0x01e0, 0x0a41, 0x0064, 0x00c5, 0x10e9, 0x0026, 
	0x3000, 0x3021, 0x0060, 0x1181, 0x1aa3, 0x0140, 0x008a, 0x092c, 0x1023, 0x1023, 0x3041, 0x2000, 0x01a0, 0x1ac2, 0x0144, 0x00e2, 
	0x112d, 0x008a, 0x2800, 0x3842, 0x0840, 0x10a0, 0x1302, 0x0240, 0x0049, 0x114d, 0x10a8, 0x0005, 0x4021, 0x3800, 0x0100, 0x1a82, 
	0x1244, 0x00e0, 0x090f, 0x00ee, 0x1000, 0x2042, 0x2040, 0x1000, 0x0220, 0x0a41, 0x0065, 0x00e7, 0x090a, 0x0026, 0x2000, 0x2821, 
	0x0040, 0x08c1, 0x09a1, 0x00e0, 0x0046, 0x08a8, 0x0802, 0x0802, 0x2841, 0x1800, 0x0080, 0x0901, 0x0081, 0x0020, 0x0064, 0x0023, 
	0x1000, 0x2041, 0x1020, 0x0800, 0x0100, 0x00e0, 0x0002, 0x0063, 0x0022, 0x0001, 0x2001, 0x2000, 0x0020, 0x0060, 0x0081, 0x0020, 
	0x0043, 0x0043, 0x0800, 0x1821, 0x2041, 0x1800, 0x00a0, 0x08e0, 0x0021, 0x0042, 0x0064, 0x0002, 0x2000, 0x2821, 0x0820, 0x0800, 
	0x00e1, 0x0080, 0x0003, 0x0064, 0x0801, 0x0001, 0x2821, 0x2000, 0x0020, 0x08a0, 0x0081, 0x0020, 0x0043, 0x0023, 0x1000, 0x2041, 
	0x2021, 0x1000, 0x0080, 0x00a0, 0x0001, 0x0022, 0x0042, 0x0001, 0x2000, 0x2041, 0x0820, 0x0000, 0x0060, 0x0020, 0x0001, 0x0022, 
	0x0171, 0x010f, 0x2000, 0x3042, 0x1060, 0x18a0, 0x13c1, 0x0320, 0x0069, 0x098e, 0x190c, 0x0008, 0x4821, 0x4000, 0x01e0, 0x2403, 
	0x1386, 0x01a0, 0x0995, 0x0995, 0x1802, 0x2023, 0x1060, 0x1880, 0x0c40, 0x0c40, 0x00ca, 0x01ae, 0x1190, 0x004b, 0x3000, 0x3000, 
	0x0120, 0x2343, 0x1ba5, 0x01a0, 0x0154, 0x0195, 0x1803, 0x1824, 0x2860, 0x1800, 0x03a0, 0x0c00, 0x00c7, 0x0149, 0x1171, 0x004c, 
	0x3000, 0x3801, 0x00a0, 0x19e1, 0x1302, 0x01a0, 0x00ad, 0x094f, 0x1044, 0x0803, 0x2841, 0x2000, 0x0140, 0x0a01, 0x00c3, 0x0082, 
	0x08ea, 0x0047, 0x2000, 0x3022, 0x0840, 0x0880, 0x09a1, 0x0100, 0x0025, 0x08c8, 0x0823, 0x0003, 0x3821, 0x2800, 0x0100, 0x1201, 
	0x0143, 0x0080, 0x00ca, 0x0068, 0x1000, 0x2021, 0x1040, 0x1000, 0x01c0, 0x0180, 0x0024, 0x08a7, 0x0885, 0x0003, 0x4001, 0x4001, 
	0x00c0, 0x11e1, 0x09c3, 0x00c0, 0x00cc, 0x00ec, 0x1801, 0x2823, 0x3061, 0x2000, 0x0260, 0x0ac0, 0x00a5, 0x0106, 0x112c, 0x0048, 
	0x4001, 0x5022, 0x00a0, 0x19a1, 0x12e3, 0x0180, 0x00cd, 0x0970, 0x1024, 0x1024, 0x4842, 0x3800, 0x0220, 0x1321, 0x01a5, 0x0103, 
	0x0971, 0x00ae, 0x3800, 0x5042, 0x1880, 0x20c0, 0x0b61, 0x02a0, 0x008b, 0x096f, 0x10ca, 0x0006, 0x5021, 0x5001, 0x0120, 0x1aa2, 
	0x1285, 0x0120, 0x0150, 0x0130, 0x1801, 0x2842, 0x3061, 0x2000, 0x0240, 0x0a80, 0x0085, 0x0128, 0x090b, 0x0027, 0x2800, 0x3021, 
	0x0060, 0x10e0, 0x09e1, 0x0100, 0x0047, 0x00c9, 0x0802, 0x0802, 0x3021, 0x2800, 0x00a0, 0x0941, 0x0081, 0x0040, 0x0066, 0x0024, 
	0x1800, 0x2821, 0x1840, 0x1000, 0x0120, 0x0100, 0x0003, 0x0064, 0x0823, 0x0002, 0x2800, 0x3000, 0x0020, 0x0880, 0x00c1, 0x0040, 
	0x0024, 0x0045, 0x0800, 0x1821, 0x2841, 0x2000, 0x00a0, 0x0120, 0x0042, 0x0063, 0x0886, 0x0004, 0x2000, 0x3021, 0x1020, 0x0820, 
	0x0101, 0x00a0, 0x0004, 0x0085, 0x0022, 0x0001, 0x2801, 0x2800, 0x0040, 0x08a0, 0x0081, 0x0020, 0x0045, 0x0044, 0x1000, 0x2021, 
	0x2841, 0x1800, 0x0080, 0x00c0, 0x0001, 0x0042, 0x0043, 0x0002, 0x2800, 0x3021, 0x0820, 0x0800, 0x0060, 0x0040, 0x0002, 0x0022, 
	0x0151, 0x0110, 0x2801, 0x3023, 0x1080, 0x18a0, 0x0be1, 0x0340, 0x008a, 0x098e, 0x190c, 0x0029, 0x4801, 0x4000, 0x01c0, 0x23e3, 
	0x1386, 0x01a0, 0x0195, 0x0195, 0x1802, 0x2023, 0x1060, 0x1880, 0x0440, 0x0440, 0x00ea, 0x01ae, 0x1990, 0x002b, 0x3000, 0x3000, 
	0x0140, 0x2323, 0x1ba5, 0x01a0, 0x0133, 0x0994, 0x1003, 0x1824, 0x2860, 0x1800, 0x0360, 0x13e1, 0x00e7, 0x0149, 0x1170, 0x004c, 
	0x3000, 0x3821, 0x00a0, 0x19e2, 0x1303, 0x01a0, 0x00ac, 0x094e, 0x1024, 0x0803, 0x2821, 0x2000, 0x0140, 0x0a01, 0x00c3, 0x0082, 
	0x08ea, 0x0047, 0x2000, 0x3021, 0x0840, 0x1060, 0x09a1, 0x0100, 0x0026, 0x00c8, 0x0823, 0x0802, 0x3821, 0x2800, 0x0100, 0x1201, 
	0x0143, 0x0080, 0x08ca, 0x0089, 0x1000, 0x2042, 0x1840, 0x1000, 0x01a0, 0x0180, 0x0024, 0x00c7, 0x0865, 0x0004, 0x4001, 0x4001, 
	0x00c0, 0x11e2, 0x09e3, 0x00c0, 0x00cb, 0x00ec, 0x1801, 0x2823, 0x3061, 0x2000, 0x0240, 0x0aa0, 0x00a5, 0x0107, 0x112c, 0x0048, 
	0x4000, 0x4822, 0x00a0, 0x19a1, 0x1303, 0x01a0, 0x00cc, 0x096f, 0x1024, 0x1004, 0x4842, 0x3800, 0x0220, 0x1342, 0x01a5, 0x0103, 
	0x0970, 0x00ad, 0x3800, 0x5043, 0x1880, 0x20c0, 0x0b81, 0x02a0, 0x006b, 0x096f, 0x10c9, 0x0006, 0x5021, 0x5001, 0x0120, 0x1aa2, 
	0x1285, 0x0120, 0x0130, 0x0130, 0x1801, 0x2823, 0x2861, 0x1800, 0x0260, 0x0aa0, 0x0086, 0x0108, 0x110b, 0x0027, 0x2800, 0x3021, 
	0x0040, 0x10c1, 0x09e1, 0x0100, 0x0047, 0x08c9, 0x0802, 0x0802, 0x3021, 0x2800, 0x00a0, 0x0941, 0x00a2, 0x0041, 0x0085, 0x0044, 
	0x1800, 0x2841, 0x1840, 0x1000, 0x0120, 0x0100, 0x0003, 0x0064, 0x0843, 0x0002, 0x2800, 0x3000, 0x0020, 0x0880, 0x00c1, 0x0040, 
	0x0045, 0x0065, 0x0800, 0x1021, 0x2841, 0x2000, 0x00a0, 0x0101, 0x0042, 0x0042, 0x0085, 0x0004, 0x2000, 0x3021, 0x1040, 0x0820, 
	0x0100, 0x00a0, 0x0003, 0x0065, 0x0022, 0x0001, 0x3001, 0x2800, 0x0040, 0x08a0, 0x0081, 0x0020, 0x0045, 0x0024, 0x1000, 0x2021, 
	0x2841, 0x1800, 0x00a0, 0x00e0, 0x0001, 0x0042, 0x0043, 0x0002, 0x2800, 0x3021, 0x1020, 0x0800, 0x0060, 0x0020, 0x0002, 0x0023, 
	0x0171, 0x0130, 0x2001, 0x3043, 0x1880, 0x18a0, 0x0be1, 0x0360, 0x0069, 0x096d, 0x190c, 0x0029, 0x4822, 0x4001, 0x01e0, 0x2403, 
	0x1386, 0x01a0, 0x0196, 0x0196, 0x1802, 0x2023, 0x1860, 0x1880, 0x0c40, 0x0440, 0x00cb, 0x01ae, 0x1990, 0x002b, 0x3000, 0x3000, 
	0x0140, 0x2343, 0x1ba5, 0x01a0, 0x0133, 0x0995, 0x1804, 0x1824, 0x2840, 0x1800, 0x0380, 0x0be1, 0x00c7, 0x0149, 0x1170, 0x004c, 
	0x3000, 0x3801, 0x00a0, 0x19e2, 0x1323, 0x01c0, 0x00cd, 0x094f, 0x0844, 0x0803, 0x2821, 0x2000, 0x0160, 0x0a21, 0x00c3, 0x00a2, 
	0x08ea, 0x0047, 0x2800, 0x3821, 0x0840, 0x1060, 0x09c1, 0x0120, 0x0045, 0x08c8, 0x0823, 0x0003, 0x3821, 0x3000, 0x0100, 0x1202, 
	0x0143, 0x0080, 0x08eb, 0x008a, 0x1800, 0x2842, 0x1840, 0x1000, 0x01c0, 0x01a0, 0x0024, 0x00a6, 0x0865, 0x0004, 0x4001, 0x4001, 
	0x00c0, 0x11e2, 0x09e3, 0x00c0, 0x00ec, 0x010c, 0x1801, 0x2823, 0x3061, 0x2000, 0x0260, 0x0ac0, 0x00a5, 0x0127, 0x112c, 0x0048, 
	0x4000, 0x5022, 0x00a0, 0x19a1, 0x1323, 0x01a0, 0x00cd, 0x0970, 0x1044, 0x1024, 0x4842, 0x3800, 0x0220, 0x1341, 0x01a6, 0x0103, 
	0x0971, 0x00ae, 0x3800, 0x5042, 0x1880, 0x20a0, 0x0b81, 0x02c0, 0x008c, 0x0990, 0x18ca, 0x0007, 0x5802, 0x5001, 0x0120, 0x1ac2, 
	0x0a85, 0x0120, 0x0131, 0x0131, 0x1801, 0x2823, 0x3061, 0x2000, 0x0260, 0x0aa1, 0x00a6, 0x0128, 0x092c, 0x0028, 0x2800, 0x3021, 
	0x0060, 0x10e0, 0x0a02, 0x0100, 0x0047, 0x08c9, 0x0802, 0x0802, 0x3021, 0x2800, 0x00a0, 0x0961, 0x00a2, 0x0041, 0x0086, 0x0045, 
	0x1800, 0x2821, 0x1840, 0x1000, 0x0120, 0x0100, 0x0003, 0x0084, 0x0043, 0x0002, 0x3000, 0x3001, 0x0020, 0x0860, 0x00c1, 0x0040, 
	0x0045, 0x0066, 0x0800, 0x1821, 0x3041, 0x2000, 0x00a0, 0x0120, 0x0042, 0x0042, 0x0065, 0x0003, 0x2000, 0x3021, 0x1020, 0x0800, 
	0x0100, 0x00a0, 0x0003, 0x0065, 0x0002, 0x0001, 0x3001, 0x2800, 0x0040, 0x08a1, 0x0081, 0x0020, 0x0044, 0x0024, 0x1000, 0x2041, 
	0x2821, 0x1800, 0x00a0, 0x00c0, 0x0001, 0x0042, 0x0043, 0x0002, 0x2800, 0x3021, 0x0800, 0x0800, 0x0060, 0x0020, 0x0023, 0x0043, 
	0x0171, 0x0130, 0x2001, 0x3043, 0x1080, 0x18a0, 0x0be1, 0x0360, 0x006a, 0x098e, 0x112d, 0x0029, 0x4801, 0x4000, 0x01e0, 0x2403, 
	0x13a6, 0x01a0, 0x0196, 0x0196, 0x1802, 0x2023, 0x1860, 0x1860, 0x0c60, 0x0440, 0x00cb, 0x01ae, 0x1991, 0x004b, 0x3000, 0x3000, 
	0x0140, 0x2323, 0x1ba5, 0x01c0, 0x0134, 0x0995, 0x1804, 0x1824, 0x2840, 0x1800, 0x0380, 0x0c00, 0x00c7, 0x0149, 0x1170, 0x006c, 
	0x3000, 0x3801, 0x00a0, 0x19e1, 0x1303, 0x01a0, 0x00cd, 0x0950, 0x0844, 0x0803, 0x3041, 0x2000, 0x0160, 0x1221, 0x00c3, 0x0082, 
	0x090a, 0x0047, 0x2800, 0x3822, 0x0840, 0x1060, 0x09c1, 0x0100, 0x0046, 0x08e9, 0x0823, 0x0803, 0x3821, 0x3000, 0x0100, 0x1201, 
	0x0123, 0x0080, 0x00ea, 0x0089, 0x1800, 0x2822, 0x1840, 0x1000, 0x01c0, 0x01a0, 0x0024, 0x00a6, 0x0865, 0x0004, 0x4001, 0x4001, 
	0x00c0, 0x11e2, 0x09e3, 0x00c0, 0x00cc, 0x00ec, 0x1801, 0x2823, 0x3041, 0x2000, 0x0260, 0x0ac0, 0x00a5, 0x0107, 0x112c, 0x0048, 
	0x4000, 0x5022, 0x00a0, 0x19a2, 0x1303, 0x01a0, 0x00ce, 0x0970, 0x1824, 0x1004, 0x4842, 0x3800, 0x0220, 0x1341, 0x01a6, 0x0103, 
	0x0950, 0x00ad, 0x3800, 0x5042, 0x1880, 0x20a0, 0x0b81, 0x02c0, 0x008b, 0x098f, 0x18ca, 0x0006, 0x5802, 0x5001, 0x0120, 0x1aa2, 
	0x0a85, 0x0120, 0x0151, 0x0131, 0x1801, 0x2843, 0x3061, 0x2000, 0x0260, 0x0aa0, 0x0086, 0x0128, 0x112c, 0x0028, 0x2800, 0x3021, 
	0x0040, 0x10c1, 0x09e2, 0x0100, 0x0067, 0x08c9, 0x0802, 0x0802, 0x3021, 0x2800, 0x00a0, 0x0941, 0x0082, 0x0041, 0x00a6, 0x0045, 
	0x1800, 0x2841, 0x1840, 0x1000, 0x0120, 0x0100, 0x0023, 0x0084, 0x0043, 0x0002, 0x2801, 0x3001, 0x0020, 0x0880, 0x00a1, 0x0040, 
	0x0044, 0x0044, 0x0800, 0x1821, 0x3041, 0x2000, 0x00a0, 0x0921, 0x0042, 0x0062, 0x0865, 0x0003, 0x2000, 0x3021, 0x1020, 0x0820, 
	0x0101, 0x00a0, 0x0024, 0x0085, 0x0002, 0x0002, 0x2801, 0x2801, 0x0040, 0x08a0, 0x0081, 0x0020, 0x0044, 0x0024, 0x1000, 0x2041, 
	0x2821, 0x1800, 0x00a0, 0x00c0, 0x0001, 0x0062, 0x0043, 0x0002, 0x2800, 0x3021, 0x1000, 0x0800, 0x0060, 0x0020, 0x0003, 0x0043, 
	0x0171, 0x0110, 0x2001, 0x3043, 0x1860, 0x18a0, 0x0be1, 0x0360, 0x008a, 0x098e, 0x190d, 0x0029, 0x4801, 0x4801, 0x01e0, 0x2403, 
	0x1386, 0x01a0, 0x0196, 0x0196, 0x1803, 0x2024, 0x1860, 0x1860, 0x0440, 0x0440, 0x00eb, 0x01ce, 0x1991, 0x002b, 0x3000, 0x3000, 
	0x0140, 0x2323, 0x1385, 0x01a0, 0x0154, 0x0995, 0x1804, 0x1824, 0x2840, 0x2000, 0x0360, 0x0be0, 0x00e7, 0x0169, 0x1170, 0x006c, 
	0x3800, 0x4001, 0x00a0, 0x19e1, 0x1303, 0x01a0, 0x00cc, 0x096f, 0x1024, 0x0803, 0x2841, 0x2000, 0x0160, 0x1221, 0x00c3, 0x00a3, 
	0x090b, 0x0068, 0x2800, 0x3821, 0x0840, 0x1060, 0x09a1, 0x0100, 0x0046, 0x08c8, 0x0823, 0x0803, 0x3822, 0x2800, 0x00e0, 0x09e1, 
	0x0122, 0x0080, 0x08ca, 0x0089, 0x1800, 0x2842, 0x1840, 0x1000, 0x01a0, 0x0180, 0x0024, 0x00c7, 0x0885, 0x0004, 0x4001, 0x4001, 
	0x00c0, 0x11e1, 0x09e3, 0x00c0, 0x00ec, 0x00ec, 0x1801, 0x2842, 0x3041, 0x2000, 0x0240, 0x0aa1, 0x00a6, 0x0128, 0x112c, 0x0048, 
	0x4001, 0x4822, 0x00a0, 0x19c1, 0x1303, 0x01a0, 0x00ce, 0x0970, 0x1024, 0x1024, 0x4842, 0x3800, 0x0220, 0x1321, 0x0186, 0x0104, 
	0x0970, 0x00ad, 0x3800, 0x5043, 0x1880, 0x20c0, 0x0b81, 0x02a0, 0x008b, 0x098f, 0x18c9, 0x0006, 0x5021, 0x5001, 0x0120, 0x1ac2, 
	0x0a85, 0x0120, 0x0151, 0x0131, 0x1801, 0x2843, 0x3061, 0x2000, 0x0260, 0x02a0, 0x0086, 0x0129, 0x112c, 0x0028, 0x2800, 0x3021, 
	0x0060, 0x10e0, 0x09c1, 0x0100, 0x0067, 0x08c9, 0x0802, 0x0802, 0x3021, 0x2800, 0x00c0, 0x0140, 0x0082, 0x0041, 0x00a6, 0x0045, 
	0x1800, 0x2822, 0x1840, 0x1000, 0x0140, 0x0100, 0x0003, 0x0085, 0x0843, 0x0002, 0x3000, 0x3001, 0x0020, 0x0080, 0x00c1, 0x0040, 
	0x0044, 0x0045, 0x0800, 0x1821, 0x3041, 0x2000, 0x00c0, 0x0120, 0x0042, 0x0063, 0x08a6, 0x0004, 0x2000, 0x3021, 0x1020, 0x1020, 
	0x0900, 0x00a0, 0x0024, 0x0085, 0x0802, 0x0001, 0x3001, 0x2800, 0x0040, 0x08c0, 0x0081, 0x0020, 0x0044, 0x0044, 0x1000, 0x2021, 
	0x2821, 0x1800, 0x00a0, 0x00c0, 0x0022, 0x0042, 0x0044, 0x0002, 0x2800, 0x3021, 0x0820, 0x0800, 0x0060, 0x0020, 0x0003, 0x0044, 
	0x0172, 0x0110, 0x2801, 0x3843, 0x1880, 0x18a0, 0x0be1, 0x0360, 0x006a, 0x098e, 0x192d, 0x0029, 0x5001, 0x4800, 0x01e0, 0x2404, 
	0x1385, 0x01a0, 0x0196, 0x0196, 0x1802, 0x2023, 0x1860, 0x1860, 0x0c60, 0x0440, 0x00cb, 0x01ce, 0x1991, 0x004b, 0x3800, 0x3800, 
	0x0140, 0x2343, 0x1ba5, 0x01a0, 0x0154, 0x09b6, 0x1804, 0x1824, 0x2841, 0x1800, 0x0380, 0x0c00, 0x00e8, 0x016a, 0x1191, 0x006c, 
	0x3000, 0x4021, 0x00a0, 0x19e2, 0x1303, 0x01c0, 0x00cd, 0x0970, 0x1045, 0x0804, 0x3041, 0x2000, 0x0160, 0x1241, 0x00c3, 0x00a3, 
	0x090b, 0x0069, 0x2800, 0x3822, 0x1040, 0x1060, 0x09c1, 0x0120, 0x0025, 0x08e8, 0x0844, 0x0003, 0x3822, 0x3000, 0x0100, 0x1201, 
	0x0143, 0x0080, 0x08eb, 0x00aa, 0x1800, 0x2842, 0x1840, 0x1000, 0x01a0, 0x0180, 0x0024, 0x08c7, 0x0886, 0x0004, 0x4001, 0x4001, 
	0x00c0, 0x11e1, 0x1203, 0x00c0, 0x00ec, 0x010c, 0x1801, 0x2023, 0x3061, 0x2000, 0x0260, 0x0ac1, 0x00a5, 0x0107, 0x114c, 0x0048, 
	0x4001, 0x4842, 0x0080, 0x19a1, 0x1323, 0x01a0, 0x00cd, 0x0970, 0x1025, 0x1004, 0x5042, 0x4000, 0x0200, 0x1342, 0x01a6, 0x0103, 
	0x0971, 0x00ae, 0x3800, 0x5043, 0x2080, 0x20a0, 0x1381, 0x02c0, 0x006b, 0x118f, 0x10ca, 0x0007, 0x5001, 0x5001, 0x0100, 0x1a82, 
	0x1284, 0x0120, 0x0131, 0x0131, 0x1801, 0x2023, 0x3061, 0x2000, 0x0220, 0x0aa1, 0x00a5, 0x0107, 0x112c, 0x0028, 0x2800, 0x3021, 
	0x0040, 0x10a0, 0x09c1, 0x0100, 0x0046, 0x08c9, 0x0823, 0x0802, 0x3821, 0x2800, 0x0080, 0x0921, 0x00a2, 0x0040, 0x0086, 0x0045, 
	0x1800, 0x2021, 0x1840, 0x1000, 0x0100, 0x00e0, 0x0003, 0x0064, 0x0043, 0x0002, 0x2800, 0x2800, 0x0020, 0x0860, 0x00c1, 0x0040, 
	0x0044, 0x0064, 0x0800, 0x1001, 0x2841, 0x1800, 0x0080, 0x00e0, 0x0042, 0x0042, 0x0885, 0x0004, 0x1800, 0x2821, 0x1040, 0x0800, 
	0x00e0, 0x00a0, 0x0023, 0x0085, 0x0022, 0x0001, 0x2800, 0x2800, 0x0020, 0x0880, 0x0081, 0x0020, 0x0043, 0x0043, 0x0800, 0x1821, 
	0x2041, 0x1800, 0x0060, 0x00a0, 0x0001, 0x0042, 0x0043, 0x0002, 0x1800, 0x2041, 0x0820, 0x0800, 0x0060, 0x0020, 0x0002, 0x0022, 
	0x010d, 0x012d, 0x1801, 0x2022, 0x1860, 0x1040, 0x02e0, 0x0b00, 0x0066, 0x0129, 0x112c, 0x0028, 0x3800, 0x3801, 0x0120, 0x1aa2, 
	0x1b25, 0x0140, 0x0110, 0x0972, 0x1003, 0x1003, 0x1840, 0x1000, 0x02c0, 0x13a2, 0x00c6, 0x0128, 0x116e, 0x004a, 0x1800, 0x2020, 
	0x00a0, 0x11a1, 0x1b04, 0x0180, 0x00ad, 0x1150, 0x0844, 0x0803, 0x2041, 0x1800, 0x01e0, 0x1302, 0x00c4, 0x00c4, 0x092c, 0x006a, 
	0x1800, 0x2821, 0x0060, 0x08a0, 0x1221, 0x0160, 0x0047, 0x08ea, 0x0864, 0x0002, 0x2020, 0x1800, 0x00a0, 0x0921, 0x00a2, 0x0040, 
	0x0086, 0x0045, 0x1000, 0x1821, 0x1040, 0x0800, 0x0100, 0x00e0, 0x0002, 0x0064, 0x0042, 0x0001, 0x2000, 0x2000, 0x0060, 0x08e1, 
	0x0901, 0x0040, 0x0066, 0x0066, 0x0800, 0x0801, 0x1020, 0x0800, 0x00a0, 0x0100, 0x0021, 0x0042, 0x0063, 0x0002, 0x1800, 0x2021, 
	0x0040, 0x00a0, 0x0941, 0x0080, 0x0045, 0x0886, 0x0001, 0x0801, 0x2021, 0x1800, 0x00c0, 0x0981, 0x0082, 0x0061, 0x08a7, 0x0025, 
	0x1000, 0x2021, 0x0840, 0x0840, 0x0981, 0x0120, 0x0025, 0x08a7, 0x0843, 0x0001, 0x2000, 0x2000, 0x0060, 0x0920, 0x0922, 0x0060, 
	0x0088, 0x0087, 0x0800, 0x1801, 0x1841, 0x1000, 0x0120, 0x0981, 0x0023, 0x0085, 0x08a6, 0x0003, 0x1800, 0x2021, 0x0040, 0x0080, 
	0x1162, 0x0080, 0x0046, 0x00a7, 0x0001, 0x0001, 0x1821, 0x1000, 0x0080, 0x0901, 0x0041, 0x0021, 0x0065, 0x0023, 0x0800, 0x1000, 
	0x0820, 0x0000, 0x00a0, 0x0080, 0x0001, 0x0042, 0x0021, 0x0000, 0x1000, 0x1000, 0x0000, 0x0020, 0x0040, 0x0000, 0x0001, 0x0001, 
	0x0000, 0x0000, 0x0820, 0x0000, 0x0020, 0x0040, 0x0000, 0x0000, 0x0021, 0x0000, 0x0000, 0x0820, 0x0000, 0x0000, 0x0020, 0x0020, 
	0x0001, 0x0001, 0x0000, 0x0000, 0x0800, 0x0800, 0x0000, 0x0020, 0x0000, 0x0000, 0x0021, 0x0001, 0x0000, 0x0000, 0x0800, 0x0000, 
	0x0020, 0x0020, 0x0000, 0x0000, 0x0020, 0x0000, 0x0000, 0x0820, 0x0000, 0x0000, 0x0020, 0x0000, 0x0000, 0x0000, 0x0000, 0x0000, 
	0x0800, 0x0800, 0x0000, 0x0000, 0x0000, 0x0000, 0x0000, 0x0000, 0x0000, 0x0000, 0x0000, 0x0000, 0x0000, 0x0000, 0x0000, 0x0000, 
	0x0001, 0x0022, 0x0000, 0x0000, 0x0800, 0x0000, 0x0000, 0x0881, 0x0000, 0x0000, 0x0043, 0x0002, 0x0000, 0x0800, 0x0000, 0x0000, 
	0x08a0, 0x0040, 0x0001, 0x0843, 0x0021, 0x0000, 0x0000, 0x0000, 0x0000, 0x0861, 0x0020, 0x0000, 0x0042, 0x0022, 0x0000, 0x0000, 
	0x0000, 0x0000, 0x0040, 0x0040, 0x0000, 0x0021, 0x0021, 0x0000, 0x0000, 0x0000, 0x0000, 0x0020, 0x0040, 0x0000, 0x0021, 0x0021, 
	0x0000, 0x0000, 0x0000, 0x0000, 0x0020, 0x0020, 0x0000, 0x0000, 0x0020, 0x0000, 0x0000, 0x0000, 0x0000, 0x0000, 0x0000, 0x0000, 
	0x0000, 0x0000, 0x0000, 0x0000, 0x0000, 0x0000, 0x0000, 0x0000, 0x0000, 0x0000, 0x0000, 0x0000, 0x0000, 0x0000, 0x0000, 0x0000, 
	0x0000, 0x0000, 0x0000, 0x0000, 0x0000, 0x0000, 0x0000, 0x0000, 0x0000, 0x0000, 0x0000, 0x0000, 0x0000, 0x0000, 0x0000, 0x0000, 
	0x0000, 0x0000, 0x0020, 0x0000, 0x0000, 0x0000, 0x0000, 0x0000, 0x0000, 0x0000, 0x0000, 0x0020, 0x0000, 0x0000, 0x0000, 0x0000, 
	0x0000, 0x0000, 0x0000, 0x0000, 0x0040, 0x0040, 0x0000, 0x0000, 0x0000, 0x0000, 0x0000, 0x0000, 0x0020, 0x0040, 0x0020, 0x0000, 
	0x0000, 0x0000, 0x0000, 0x0000, 0x0000, 0x0000, 0x0040, 0x0040, 0x0000, 0x0001, 0x0000, 0x0000, 0x0000, 0x0000, 0x0020, 0x0020, 
	0x0020, 0x0000, 0x0000, 0x0001, 0x0000, 0x0000, 0x0000, 0x0000, 0x0020, 0x0020, 0x0000, 0x0000, 0x0000, 0x0000, 0x0000, 0x0000, 
	0x0000, 0x0000, 0x0000, 0x0000, 0x0000, 0x0000, 0x0000, 0x0000, 0x0000, 0x0000, 0x0000, 0x0000, 0x0000, 0x0000, 0x0000, 0x0000, 
	0x0000, 0x0000, 0x0000, 0x0000, 0x0020, 0x0020, 0x0000, 0x0000, 0x0000, 0x0000, 0x0000, 0x0000, 0x0000, 0x0020, 0x0020, 0x0000, 
	0x0000, 0x0000, 0x0000, 0x0000, 0x0000, 0x0000, 0x0020, 0x0020, 0x0000, 0x0000, 0x0000, 0x0000, 0x0000, 0x0000, 0x0000, 0x0000, 
	0x0020, 0x0020, 0x0000, 0x0000, 0x0000, 0x0000, 0x0000, 0x0000, 0x0000, 0x0020, 0x0020, 0x0000, 0x0001, 0x0000, 0x0000, 0x0000, 
	0x0000, 0x0000, 0x0020, 0x0020, 0x0000, 0x0020, 0x0000, 0x0000, 0x0000, 0x0000, 0x0000, 0x0020, 0x0040, 0x0020, 0x0000, 0x0021, 
	0x00a9, 0x0068, 0x0000, 0x0800, 0x0020, 0x0080, 0x0a20, 0x01c0, 0x0025, 0x00c7, 0x0885, 0x0003, 0x1820, 0x0800, 0x00e0, 0x1222, 
	0x09a3, 0x00a0, 0x00ca, 0x00aa, 0x0800, 0x1021, 0x0020, 0x0040, 0x0280, 0x0260, 0x0045, 0x0108, 0x08c8, 0x0025, 0x1000, 0x1000, 
	0x0080, 0x09c2, 0x11e2, 0x00c0, 0x00a9, 0x00c9, 0x0801, 0x0822, 0x0820, 0x0000, 0x01a0, 0x01e0, 0x0043, 0x00a4, 0x08a7, 0x0024, 
	0x1000, 0x1000, 0x0040, 0x00c0, 0x0921, 0x0080, 0x0024, 0x0065, 0x0001, 0x0801, 0x0820, 0x0000, 0x00a0, 0x0900, 0x0041, 0x0041, 
	0x0044, 0x0003, 0x1000, 0x1800, 0x0020, 0x0060, 0x0921, 0x00a0, 0x0003, 0x0065, 0x0022, 0x0001, 0x1020, 0x0800, 0x0080, 0x0901, 
	0x0081, 0x0020, 0x0064, 0x0023, 0x0800, 0x1020, 0x0000, 0x0000, 0x00e0, 0x00a0, 0x0001, 0x0042, 0x0802, 0x0001, 0x2821, 0x2000, 
	0x00a0, 0x11c2, 0x09a3, 0x0080, 0x00ca, 0x00ca, 0x1000, 0x1822, 0x1820, 0x0800, 0x0200, 0x0a60, 0x0063, 0x00c5, 0x08e9, 0x0005, 
	0x2800, 0x2801, 0x0060, 0x1161, 0x1242, 0x0120, 0x0089, 0x092b, 0x0802, 0x1023, 0x2841, 0x1800, 0x01a0, 0x12a2, 0x0124, 0x00c2, 
	0x092c, 0x008a, 0x2000, 0x3042, 0x0040, 0x10a0, 0x12a1, 0x0200, 0x0048, 0x092b, 0x1086, 0x0003, 0x2821, 0x2000, 0x00c0, 0x11e2, 
	0x09a3, 0x0080, 0x00ca, 0x00ca, 0x0800, 0x1821, 0x1020, 0x0800, 0x0180, 0x01a0, 0x0022, 0x0084, 0x0886, 0x0003, 0x1800, 0x1800, 
	0x0020, 0x0880, 0x0901, 0x0060, 0x0003, 0x0044, 0x0801, 0x0801, 0x1821, 0x1000, 0x0080, 0x0900, 0x0061, 0x0020, 0x0065, 0x0024, 
	0x1800, 0x2841, 0x0820, 0x0820, 0x0141, 0x0100, 0x0024, 0x00a6, 0x0843, 0x0002, 0x2021, 0x2000, 0x0040, 0x08c1, 0x08c1, 0x0040, 
	0x0043, 0x0043, 0x0800, 0x1821, 0x2021, 0x1000, 0x00e0, 0x0140, 0x0042, 0x0042, 0x0064, 0x0002, 0x1800, 0x2021, 0x0020, 0x0840, 
	0x00e1, 0x0080, 0x0023, 0x0065, 0x0001, 0x0001, 0x3021, 0x2800, 0x0040, 0x08e1, 0x00a1, 0x0040, 0x0065, 0x0044, 0x1000, 0x2041, 
	0x2041, 0x1000, 0x00e0, 0x0100, 0x0022, 0x0064, 0x0064, 0x0002, 0x2800, 0x3021, 0x0020, 0x0860, 0x0901, 0x0080, 0x0024, 0x0066, 
	0x01b5, 0x0154, 0x1801, 0x2823, 0x0060, 0x10e0, 0x1481, 0x03c0, 0x008b, 0x09d0, 0x194e, 0x002a, 0x4821, 0x4000, 0x01c0, 0x2403, 
	0x1366, 0x0180, 0x0196, 0x0175, 0x2002, 0x3044, 0x2060, 0x2060, 0x0c80, 0x0460, 0x00cb, 0x09cf, 0x19b1, 0x004c, 0x3801, 0x3801, 
	0x0100, 0x22e3, 0x1b44, 0x0160, 0x0132, 0x0973, 0x1802, 0x2023, 0x2841, 0x1800, 0x02e0, 0x0b41, 0x00a6, 0x0128, 0x114e, 0x004a, 
	0x3000, 0x3821, 0x0060, 0x1141, 0x1242, 0x0120, 0x0089, 0x090b, 0x0802, 0x0802, 0x2821, 0x1800, 0x0140, 0x09e1, 0x00a2, 0x0082, 
	0x08c9, 0x0047, 0x2800, 0x3022, 0x0840, 0x10a0, 0x0a21, 0x0160, 0x0047, 0x08e9, 0x0844, 0x0003, 0x2821, 0x2000, 0x00c0, 0x11c1, 
	0x0102, 0x0060, 0x00c8, 0x0067, 0x1000, 0x2021, 0x1020, 0x0800, 0x0160, 0x0140, 0x0023, 0x00a5, 0x0844, 0x0003, 0x4802, 0x4801, 
	0x0100, 0x1a62, 0x1264, 0x0100, 0x012f, 0x010e, 0x1801, 0x2843, 0x3061, 0x2000, 0x02c0, 0x0b20, 0x00c6, 0x0128, 0x114d, 0x0029, 
	0x4001, 0x4822, 0x00a0, 0x19a1, 0x1303, 0x01a0, 0x00ce, 0x0970, 0x1024, 0x1024, 0x5042, 0x3800, 0x0220, 0x1341, 0x01a6, 0x0124, 
	0x0971, 0x00ae, 0x3000, 0x4842, 0x1880, 0x18a0, 0x0b21, 0x0280, 0x006a, 0x096e, 0x10c8, 0x0005, 0x4001, 0x3801, 0x00e0, 0x1a42, 
	0x0a03, 0x00e0, 0x010e, 0x010e, 0x1001, 0x2022, 0x2041, 0x1800, 0x01e0, 0x0200, 0x0044, 0x00c6, 0x08e8, 0x0005, 0x2800, 0x3001, 
	0x0040, 0x0880, 0x0941, 0x00a0, 0x0045, 0x0087, 0x0801, 0x0801, 0x3021, 0x2000, 0x00c0, 0x0961, 0x0082, 0x0061, 0x00a7, 0x0025, 
	0x2000, 0x3042, 0x1860, 0x1020, 0x01a0, 0x0140, 0x0025, 0x00a7, 0x0865, 0x0003, 0x3001, 0x3001, 0x0040, 0x08e1, 0x0901, 0x0060, 
	0x0065, 0x0066, 0x1000, 0x2021, 0x3042, 0x2000, 0x0100, 0x0980, 0x0062, 0x0083, 0x0886, 0x0004, 0x2000, 0x3021, 0x0820, 0x0820, 
	0x0120, 0x00a0, 0x0025, 0x00a6, 0x0822, 0x0002, 0x3821, 0x3801, 0x0060, 0x0921, 0x00e1, 0x0060, 0x0087, 0x0066, 0x1800, 0x2842, 
	0x3041, 0x2000, 0x0140, 0x0140, 0x0023, 0x0084, 0x0085, 0x0003, 0x3000, 0x3821, 0x0840, 0x1080, 0x0941, 0x00a0, 0x0046, 0x0087, 
	0x01b5, 0x0174, 0x2001, 0x2823, 0x0860, 0x18e0, 0x1481, 0x03e0, 0x00ac, 0x09d0, 0x194f, 0x002a, 0x4801, 0x4000, 0x01e0, 0x2403, 
	0x1b86, 0x01a0, 0x0175, 0x0175, 0x2002, 0x3044, 0x2080, 0x2060, 0x0c80, 0x0460, 0x00eb, 0x09cf, 0x1991, 0x004c, 0x3800, 0x4001, 
	0x0120, 0x22e3, 0x1b24, 0x0160, 0x0132, 0x0973, 0x1803, 0x2023, 0x3041, 0x2000, 0x02c0, 0x0b21, 0x00a6, 0x0128, 0x114e, 0x004a, 
	0x3000, 0x3821, 0x0080, 0x1161, 0x1242, 0x0120, 0x0089, 0x090b, 0x1003, 0x0803, 0x2821, 0x1800, 0x0140, 0x09e1, 0x00a2, 0x0082, 
	0x08e9, 0x0047, 0x2800, 0x3022, 0x0840, 0x10a0, 0x0a21, 0x0140, 0x0047, 0x08e9, 0x0844, 0x0003, 0x2821, 0x2000, 0x00e0, 0x11c1, 
	0x0102, 0x0060, 0x00c9, 0x0068, 0x1000, 0x2021, 0x1020, 0x0800, 0x0180, 0x0160, 0x0024, 0x00a6, 0x0864, 0x0003, 0x4802, 0x4801, 
	0x0100, 0x1a82, 0x1284, 0x0100, 0x010e, 0x012f, 0x1801, 0x2843, 0x3061, 0x2000, 0x02c0, 0x0b21, 0x00c6, 0x0128, 0x114d, 0x0049, 
	0x4000, 0x4822, 0x00a0, 0x19a1, 0x1303, 0x01a0, 0x00cd, 0x0970, 0x1824, 0x1024, 0x5042, 0x3800, 0x0220, 0x1362, 0x01a6, 0x0124, 
	0x0971, 0x00ae, 0x3000, 0x4842, 0x1880, 0x20a0, 0x0b41, 0x0280, 0x008a, 0x096e, 0x10c9, 0x0005, 0x4001, 0x4001, 0x00e0, 0x1a42, 
	0x0a04, 0x00e0, 0x010e, 0x00ed, 0x1000, 0x2022, 0x2041, 0x1800, 0x01e0, 0x0220, 0x0044, 0x00c5, 0x08c8, 0x0005, 0x2000, 0x2821, 
	0x0040, 0x0880, 0x0941, 0x00a0, 0x0046, 0x00a7, 0x0801, 0x0822, 0x3021, 0x2000, 0x00c0, 0x0961, 0x00a2, 0x0061, 0x00a7, 0x0025, 
	0x2000, 0x3042, 0x1840, 0x1000, 0x01a0, 0x0160, 0x0045, 0x00c7, 0x0885, 0x0003, 0x3001, 0x3001, 0x0040, 0x10e1, 0x0901, 0x0060, 
	0x0066, 0x0086, 0x1000, 0x2021, 0x3042, 0x2000, 0x0100, 0x0181, 0x0063, 0x0063, 0x0086, 0x0004, 0x2000, 0x3021, 0x0820, 0x0820, 
	0x0921, 0x00a0, 0x0024, 0x00a6, 0x0822, 0x0002, 0x3821, 0x3801, 0x0060, 0x0921, 0x00e2, 0x0040, 0x0087, 0x0066, 0x1800, 0x2842, 
	0x3041, 0x1800, 0x0120, 0x0140, 0x0023, 0x0084, 0x0885, 0x0003, 0x3000, 0x3821, 0x0840, 0x1060, 0x0941, 0x00a0, 0x0046, 0x0087, 
	0x01b5, 0x0174, 0x1801, 0x2823, 0x0860, 0x18e0, 0x1481, 0x03e0, 0x00ac, 0x09d0, 0x194f, 0x002a, 0x4801, 0x4000, 0x01e0, 0x2403, 
	0x1386, 0x01a0, 0x0196, 0x0196, 0x2002, 0x3044, 0x2080, 0x1860, 0x0c80, 0x0480, 0x00eb, 0x01cf, 0x1991, 0x004c, 0x3800, 0x3800, 
	0x0120, 0x22e2, 0x1344, 0x0160, 0x0132, 0x0973, 0x1803, 0x2024, 0x2841, 0x1800, 0x02c0, 0x0b21, 0x00a6, 0x0128, 0x114e, 0x004a, 
	0x3000, 0x3821, 0x0080, 0x1161, 0x1242, 0x0120, 0x0089, 0x090b, 0x0803, 0x0803, 0x2841, 0x1800, 0x0140, 0x0a01, 0x00a2, 0x0082, 
	0x08e9, 0x0047, 0x2800, 0x3041, 0x0840, 0x10a0, 0x0a21, 0x0140, 0x0047, 0x08e9, 0x0864, 0x0003, 0x2821, 0x2000, 0x00e0, 0x11c1, 
	0x0102, 0x0060, 0x00c9, 0x0068, 0x1000, 0x2021, 0x1040, 0x0820, 0x01a0, 0x0160, 0x0024, 0x00a6, 0x0865, 0x0003, 0x4802, 0x4801, 
	0x0100, 0x1a62, 0x1284, 0x0100, 0x010f, 0x012f, 0x1801, 0x2843, 0x3061, 0x2000, 0x02c0, 0x0b21, 0x00c6, 0x0128, 0x114d, 0x0049, 
	0x4000, 0x4822, 0x00a0, 0x19a1, 0x1303, 0x01a0, 0x00cd, 0x0970, 0x1824, 0x1824, 0x5042, 0x4000, 0x0240, 0x1362, 0x01a6, 0x0124, 
	0x0971, 0x00ae, 0x3800, 0x5042, 0x1880, 0x20a0, 0x1341, 0x0280, 0x008b, 0x096e, 0x10c9, 0x0006, 0x4001, 0x4000, 0x00e0, 0x1a42, 
	0x0a03, 0x00e0, 0x010e, 0x010d, 0x1000, 0x2022, 0x2041, 0x1800, 0x01e0, 0x0a20, 0x0044, 0x00c6, 0x08e8, 0x0025, 0x2000, 0x2821, 
	0x0040, 0x0880, 0x0941, 0x00a0, 0x0046, 0x00a7, 0x0801, 0x1002, 0x3021, 0x2000, 0x00c0, 0x0961, 0x00a2, 0x0041, 0x00a7, 0x0045, 
	0x2000, 0x3842, 0x1840, 0x1000, 0x01a0, 0x0160, 0x0025, 0x00c7, 0x0885, 0x0003, 0x3001, 0x3001, 0x0040, 0x08e1, 0x0901, 0x0060, 
	0x0066, 0x0086, 0x1000, 0x2022, 0x3041, 0x2000, 0x0100, 0x0981, 0x0063, 0x0083, 0x08a6, 0x0024, 0x2000, 0x3021, 0x0820, 0x0820, 
	0x0120, 0x00a0, 0x0025, 0x00a6, 0x0822, 0x0002, 0x4021, 0x3801, 0x0060, 0x0920, 0x00e2, 0x0040, 0x0087, 0x0046, 0x1800, 0x2842, 
	0x3061, 0x1800, 0x0120, 0x0160, 0x0023, 0x0084, 0x0886, 0x0003, 0x3000, 0x3821, 0x0840, 0x0860, 0x0941, 0x00a0, 0x0046, 0x0087, 
	0x01b6, 0x0174, 0x1801, 0x2823, 0x0880, 0x18e0, 0x1481, 0x03e0, 0x00ac, 0x09d0, 0x194f, 0x002a, 0x4801, 0x4800, 0x01e0, 0x2404, 
	0x13a6, 0x01a0, 0x0196, 0x0196, 0x2002, 0x3044, 0x2080, 0x2060, 0x0480, 0x0480, 0x00eb, 0x01cf, 0x1991, 0x002c, 0x3800, 0x4000, 
	0x0120, 0x22e3, 0x1b44, 0x0180, 0x0132, 0x0973, 0x1803, 0x2024, 0x3061, 0x2000, 0x02c0, 0x0b21, 0x00a6, 0x0128, 0x114e, 0x004a, 
	0x3000, 0x3821, 0x0080, 0x1161, 0x1242, 0x0120, 0x008a, 0x090c, 0x0803, 0x0803, 0x2841, 0x1800, 0x0160, 0x0a01, 0x00a2, 0x0082, 
	0x08e9, 0x0047, 0x2800, 0x3041, 0x0840, 0x10a0, 0x0a21, 0x0160, 0x0047, 0x08ea, 0x0844, 0x0003, 0x2821, 0x2000, 0x00e0, 0x11c1, 
	0x0102, 0x0060, 0x00c9, 0x0067, 0x1000, 0x2021, 0x1040, 0x0800, 0x0180, 0x0140, 0x0024, 0x00a6, 0x0865, 0x0003, 0x4802, 0x4801, 
	0x0100, 0x1a62, 0x1263, 0x0100, 0x010f, 0x012f, 0x1801, 0x2843, 0x3061, 0x2000, 0x02c0, 0x0b21, 0x00c7, 0x0148, 0x114d, 0x0049, 
	0x4000, 0x4822, 0x00a0, 0x19c1, 0x1303, 0x01a0, 0x00ce, 0x0970, 0x1824, 0x1824, 0x5042, 0x3800, 0x0240, 0x1362, 0x01a6, 0x0104, 
	0x0971, 0x00ae, 0x3800, 0x5043, 0x1880, 0x20a0, 0x0b41, 0x0280, 0x008b, 0x096f, 0x10c9, 0x0006, 0x4021, 0x4000, 0x00e0, 0x1a42, 
	0x1224, 0x00e0, 0x010e, 0x010e, 0x1000, 0x2022, 0x2041, 0x1800, 0x01e0, 0x0200, 0x0044, 0x00c5, 0x08e8, 0x0005, 0x2000, 0x2821, 
	0x0040, 0x0880, 0x0941, 0x00a0, 0x0046, 0x00a7, 0x0801, 0x1001, 0x3021, 0x2000, 0x00c0, 0x0961, 0x0082, 0x0061, 0x08a7, 0x0045, 
	0x2000, 0x3042, 0x1840, 0x1000, 0x01a0, 0x0160, 0x0024, 0x08c7, 0x0885, 0x0003, 0x3001, 0x3001, 0x0040, 0x08e0, 0x0101, 0x0060, 
	0x0066, 0x0066, 0x1000, 0x2022, 0x3841, 0x2000, 0x0100, 0x0981, 0x0042, 0x0083, 0x00a6, 0x0024, 0x2000, 0x3021, 0x1040, 0x0820, 
	0x0921, 0x00a0, 0x0024, 0x00a6, 0x0802, 0x0802, 0x4021, 0x3801, 0x0060, 0x0921, 0x00c2, 0x0060, 0x0088, 0x0067, 0x1800, 0x2822, 
	0x3041, 0x1800, 0x0120, 0x0160, 0x0023, 0x0084, 0x0885, 0x0003, 0x3000, 0x4041, 0x0840, 0x1060, 0x0941, 0x00a0, 0x0046, 0x00a8, 
	0x01b6, 0x0174, 0x2001, 0x2823, 0x0880, 0x18c0, 0x1481, 0x03e0, 0x00ab, 0x09d0, 0x194f, 0x002a, 0x4801, 0x4000, 0x01c0, 0x2403, 
	0x1386, 0x01a0, 0x0196, 0x0196, 0x2002, 0x3024, 0x2080, 0x2060, 0x0460, 0x0460, 0x00eb, 0x01cf, 0x1991, 0x004c, 0x3800, 0x4001, 
	0x0100, 0x22e3, 0x1b45, 0x0180, 0x0133, 0x0974, 0x1803, 0x2024, 0x3041, 0x2000, 0x02c0, 0x0b20, 0x00a6, 0x0128, 0x114e, 0x004a, 
	0x3000, 0x4021, 0x0080, 0x1161, 0x1242, 0x0120, 0x008a, 0x090c, 0x0803, 0x0803, 0x2821, 0x1800, 0x0140, 0x1201, 0x00a3, 0x0082, 
	0x08e9, 0x0047, 0x2800, 0x3041, 0x0840, 0x10a0, 0x0a21, 0x0160, 0x0047, 0x090a, 0x0864, 0x0003, 0x2821, 0x2000, 0x00e0, 0x11c1, 
	0x0102, 0x0060, 0x00a8, 0x0067, 0x1000, 0x2021, 0x1020, 0x0800, 0x0180, 0x0140, 0x0024, 0x00a6, 0x0865, 0x0003, 0x4801, 0x4801, 
	0x0100, 0x1a62, 0x1264, 0x0100, 0x012f, 0x012f, 0x1801, 0x2843, 0x3061, 0x2000, 0x02c0, 0x0b20, 0x00c6, 0x0148, 0x114d, 0x0049, 
	0x4000, 0x4821, 0x00a0, 0x19c1, 0x12e3, 0x01a0, 0x00ce, 0x0970, 0x1824, 0x1824, 0x5042, 0x3800, 0x0240, 0x1362, 0x01a6, 0x0124, 
	0x0971, 0x00ae, 0x3000, 0x4842, 0x1880, 0x20a0, 0x0b41, 0x0280, 0x006b, 0x096f, 0x10c9, 0x0006, 0x4021, 0x4000, 0x00e0, 0x1a42, 
	0x0a04, 0x00e0, 0x012e, 0x010e, 0x1000, 0x1822, 0x2041, 0x1800, 0x01e0, 0x0200, 0x0044, 0x00c5, 0x08e8, 0x0005, 0x2000, 0x2821, 
	0x0040, 0x0880, 0x0141, 0x00a0, 0x0046, 0x0087, 0x0801, 0x1001, 0x3021, 0x2000, 0x00c0, 0x0961, 0x0082, 0x0061, 0x08c8, 0x0046, 
	0x2000, 0x3042, 0x1840, 0x1000, 0x01a0, 0x0160, 0x0024, 0x08c7, 0x0865, 0x0003, 0x3000, 0x3001, 0x0040, 0x08e1, 0x0901, 0x0060, 
	0x0066, 0x0066, 0x1000, 0x2021, 0x3041, 0x2000, 0x0100, 0x0181, 0x0042, 0x0083, 0x08a6, 0x0004, 0x2000, 0x3021, 0x1040, 0x0820, 
	0x0921, 0x00c0, 0x0025, 0x00a6, 0x0822, 0x0002, 0x4021, 0x3801, 0x0060, 0x0921, 0x00e2, 0x0040, 0x0087, 0x0067, 0x1800, 0x2822, 
	0x3041, 0x2000, 0x0120, 0x0140, 0x0023, 0x0084, 0x0886, 0x0003, 0x3000, 0x3821, 0x0840, 0x1080, 0x0941, 0x00a0, 0x0047, 0x00a8, 
	0x01b6, 0x0175, 0x2001, 0x2823, 0x0880, 0x18e0, 0x14a1, 0x03e0, 0x00ac, 0x09d1, 0x194f, 0x002b, 0x4821, 0x4000, 0x01e0, 0x2403, 
	0x1386, 0x01a0, 0x0196, 0x0196, 0x2002, 0x3044, 0x2080, 0x2060, 0x0c80, 0x0460, 0x00ec, 0x01cf, 0x19b2, 0x004c, 0x4000, 0x4001, 
	0x0100, 0x22e3, 0x1344, 0x0180, 0x0133, 0x0174, 0x1803, 0x2024, 0x3041, 0x2000, 0x02c0, 0x0b20, 0x00a6, 0x0128, 0x114e, 0x004a, 
	0x3800, 0x4021, 0x0060, 0x1141, 0x1242, 0x0120, 0x008a, 0x092d, 0x1023, 0x0803, 0x2821, 0x1800, 0x0140, 0x1201, 0x00c3, 0x0082, 
	0x08ea, 0x0047, 0x2800, 0x3842, 0x0840, 0x10a0, 0x0a42, 0x0180, 0x0047, 0x090a, 0x0864, 0x0003, 0x3021, 0x2800, 0x00e0, 0x11e1, 
	0x0122, 0x0060, 0x00a9, 0x0068, 0x1000, 0x2021, 0x1020, 0x1000, 0x0180, 0x0140, 0x0024, 0x00a6, 0x1065, 0x0003, 0x4801, 0x4801, 
	0x0100, 0x1a82, 0x1284, 0x0120, 0x012f, 0x012f, 0x1801, 0x2843, 0x3061, 0x2000, 0x02c0, 0x0b21, 0x00c7, 0x0149, 0x114e, 0x004a, 
	0x4000, 0x4822, 0x00a0, 0x21c1, 0x1303, 0x01a0, 0x00ce, 0x0970, 0x1825, 0x1824, 0x5042, 0x3800, 0x0220, 0x1362, 0x01a6, 0x0124, 
	0x0971, 0x00ae, 0x3000, 0x4842, 0x1880, 0x18c0, 0x0b61, 0x0280, 0x008b, 0x098f, 0x10e9, 0x0006, 0x4021, 0x4001, 0x00e0, 0x1a42, 
	0x0a04, 0x00e0, 0x012f, 0x010e, 0x1001, 0x1822, 0x2041, 0x1800, 0x01e0, 0x0200, 0x0044, 0x00a5, 0x08e8, 0x0005, 0x2000, 0x2821, 
	0x0040, 0x0880, 0x0941, 0x00a0, 0x0045, 0x0087, 0x0801, 0x0801, 0x3021, 0x2800, 0x00a0, 0x0961, 0x00a2, 0x0041, 0x00a7, 0x0046, 
	0x2000, 0x3042, 0x2060, 0x1000, 0x01a0, 0x0160, 0x0025, 0x00c7, 0x0885, 0x0003, 0x3000, 0x3001, 0x0040, 0x08c0, 0x0901, 0x0060, 
	0x0066, 0x0066, 0x1000, 0x2021, 0x3041, 0x2000, 0x0100, 0x0981, 0x0042, 0x0063, 0x0886, 0x0004, 0x2000, 0x2821, 0x1040, 0x0820, 
	0x0121, 0x00c0, 0x0024, 0x0086, 0x0822, 0x0002, 0x3801, 0x3801, 0x0060, 0x0921, 0x08e2, 0x0040, 0x0087, 0x0066, 0x1800, 0x2822, 
	0x3041, 0x1800, 0x0120, 0x0160, 0x0023, 0x0084, 0x0885, 0x0003, 0x3000, 0x3821, 0x0840, 0x0860, 0x0941, 0x00a0, 0x0046, 0x00a8, 
	0x0173, 0x0173, 0x1802, 0x2023, 0x1060, 0x1080, 0x0bc0, 0x0bc0, 0x0089, 0x098d, 0x194e, 0x002a, 0x4001, 0x4001, 0x0140, 0x1b02, 
	0x1b85, 0x0180, 0x0132, 0x0973, 0x1803, 0x1823, 0x2860, 0x1800, 0x0380, 0x1421, 0x00c8, 0x016b, 0x1990, 0x004b, 0x2800, 0x3021, 
	0x00a0, 0x11e1, 0x1b04, 0x0160, 0x00ce, 0x0970, 0x1024, 0x1003, 0x2841, 0x1800, 0x01e0, 0x0ac1, 0x00a4, 0x00a4, 0x112c, 0x0069, 
	0x2000, 0x3021, 0x0040, 0x0880, 0x09c2, 0x0100, 0x0046, 0x08e9, 0x0823, 0x0002, 0x2020, 0x1800, 0x00a0, 0x0961, 0x00a2, 0x0040, 
	0x00a7, 0x0046, 0x1800, 0x2021, 0x1040, 0x0820, 0x09a1, 0x0140, 0x0024, 0x00a6, 0x0844, 0x0002, 0x2000, 0x1800, 0x0060, 0x0900, 
	0x0902, 0x0040, 0x0065, 0x0065, 0x0800, 0x0801, 0x1020, 0x0800, 0x00c0, 0x00e0, 0x0002, 0x0043, 0x0844, 0x0002, 0x3000, 0x3821, 
	0x0080, 0x0940, 0x1203, 0x00c0, 0x0089, 0x08ca, 0x0801, 0x1002, 0x2841, 0x1800, 0x0160, 0x1221, 0x00c3, 0x00a3, 0x08ea, 0x0047, 
	0x2000, 0x2841, 0x0840, 0x0880, 0x1202, 0x0140, 0x0047, 0x08e9, 0x0844, 0x0003, 0x3001, 0x3000, 0x00e0, 0x11e1, 0x0984, 0x0080, 
	0x00eb, 0x00aa, 0x1000, 0x2021, 0x1861, 0x1000, 0x01c0, 0x01e0, 0x0024, 0x00c7, 0x08a6, 0x0004, 0x2000, 0x2821, 0x0060, 0x08e0, 
	0x0982, 0x00a0, 0x0067, 0x08a8, 0x0001, 0x0001, 0x1020, 0x0800, 0x00a0, 0x0901, 0x0041, 0x0041, 0x0064, 0x0003, 0x0800, 0x1000, 
	0x0020, 0x0000, 0x0080, 0x0060, 0x0001, 0x0022, 0x0001, 0x0000, 0x1000, 0x1000, 0x0020, 0x0060, 0x0061, 0x0020, 0x0023, 0x0023, 
	0x0800, 0x0820, 0x1841, 0x0800, 0x0080, 0x00a0, 0x0021, 0x0042, 0x0042, 0x0001, 0x0800, 0x1020, 0x0000, 0x0000, 0x0060, 0x0020, 
	0x0001, 0x0022, 0x0000, 0x0000, 0x1820, 0x1000, 0x0020, 0x0080, 0x0020, 0x0000, 0x0022, 0x0001, 0x0000, 0x0820, 0x0820, 0x0800, 
	0x0040, 0x0040, 0x0001, 0x0021, 0x0021, 0x0000, 0x1000, 0x1020, 0x0000, 0x0020, 0x0060, 0x0020, 0x0022, 0x0022, 0x0000, 0x0000, 
	0x1821, 0x1000, 0x0020, 0x0060, 0x0020, 0x0020, 0x0021, 0x0001, 0x0800, 0x1020, 0x0820, 0x0000, 0x0040, 0x0040, 0x0001, 0x0021, 
	0x0024, 0x0085, 0x0021, 0x0000, 0x0800, 0x0000, 0x0040, 0x0901, 0x0020, 0x0020, 0x0884, 0x0023, 0x0000, 0x0820, 0x0000, 0x0000, 
	0x0901, 0x0060, 0x0003, 0x0064, 0x0021, 0x0000, 0x0800, 0x0800, 0x0020, 0x08e1, 0x0040, 0x0020, 0x0064, 0x0023, 0x0000, 0x0000, 
	0x0000, 0x0000, 0x00a0, 0x0060, 0x0001, 0x0042, 0x0021, 0x0000, 0x0800, 0x0000, 0x0000, 0x0061, 0x0040, 0x0000, 0x0022, 0x0022, 
	0x0000, 0x0000, 0x0000, 0x0000, 0x0020, 0x0020, 0x0000, 0x0000, 0x0001, 0x0000, 0x0000, 0x0000, 0x0000, 0x0000, 0x0020, 0x0000, 
	0x0000, 0x0000, 0x0800, 0x0800, 0x0000, 0x0000, 0x0020, 0x0040, 0x0002, 0x0002, 0x0021, 0x0001, 0x0000, 0x0020, 0x0000, 0x0000, 
	0x0000, 0x0000, 0x0000, 0x0000, 0x0000, 0x0000, 0x0000, 0x0000, 0x0000, 0x0000, 0x0000, 0x0000, 0x0000, 0x0000, 0x0000, 0x0000, 
	0x0000, 0x0000, 0x0000, 0x0000, 0x0000, 0x0000, 0x0000, 0x0000, 0x0000, 0x0000, 0x0000, 0x0000, 0x0020, 0x0000, 0x0000, 0x0000, 
	0x0000, 0x0000, 0x0000, 0x0000, 0x0000, 0x0020, 0x0000, 0x0000, 0x0020, 0x0000, 0x0000, 0x0000, 0x0000, 0x0000, 0x0020, 0x0000, 
	0x0000, 0x0000, 0x0000, 0x0000, 0x0000, 0x0000, 0x0000, 0x0020, 0x0000, 0x0000, 0x0000, 0x0000, 0x0000, 0x0000, 0x0000, 0x0000, 
	0x0000, 0x0000, 0x0000, 0x0000, 0x0000, 0x0000, 0x0000, 0x0000, 0x0000, 0x0000, 0x0000, 0x0000, 0x0000, 0x0000, 0x0000, 0x0000, 
	0x0000, 0x0000, 0x0000, 0x0000, 0x0000, 0x0000, 0x0000, 0x0000, 0x0000, 0x0000, 0x0000, 0x0000, 0x0000, 0x0000, 0x0000, 0x0000, 
	0x0000, 0x0000, 0x0000, 0x0000, 0x0000, 0x0000, 0x0000, 0x0000, 0x0000, 0x0000, 0x0000, 0x0000, 0x0000, 0x0000, 0x0000, 0x0000, 
	0x0000, 0x0000, 0x0000, 0x0000, 0x0000, 0x0000, 0x0000, 0x0000, 0x0000, 0x0000, 0x0000, 0x0000, 0x0000, 0x0000, 0x0000, 0x0000, 
	0x0000, 0x0000, 0x0000, 0x0000, 0x0000, 0x0000, 0x0000, 0x0000, 0x0000, 0x0000, 0x0000, 0x0000, 0x0000, 0x0000, 0x0000, 0x0000, 
	0x0000, 0x0000, 0x0000, 0x0000, 0x0000, 0x0000, 0x0000, 0x0000, 0x0000, 0x0000, 0x0000, 0x0000, 0x0020, 0x0000, 0x0000, 0x0000, 
	0x0087, 0x0046, 0x0800, 0x0800, 0x0020, 0x0060, 0x01a1, 0x0140, 0x0024, 0x00a6, 0x0864, 0x0002, 0x1000, 0x0800, 0x00a0, 0x11a1, 
	0x0922, 0x0060, 0x0088, 0x0068, 0x0800, 0x0800, 0x0000, 0x0020, 0x09a1, 0x0160, 0x0023, 0x0084, 0x0865, 0x0003, 0x0800, 0x0800, 
	0x0040, 0x00e1, 0x08e1, 0x0060, 0x0044, 0x0044, 0x0000, 0x0821, 0x0000, 0x0000, 0x00c0, 0x00e0, 0x0021, 0x0041, 0x0063, 0x0002, 
	0x0800, 0x0800, 0x0020, 0x0080, 0x08e1, 0x0040, 0x0023, 0x0064, 0x0000, 0x0801, 0x0800, 0x0000, 0x00a0, 0x00e0, 0x0041, 0x0041, 
	0x0803, 0x0802, 0x8002, 0x9044, 0x00c0, 0x29e1, 0x1cc4, 0x0300, 0x00ef, 0x1233, 0x18c9, 0x0827, 0x4862, 0x2800, 0x0140, 0x1262, 
	0x0143, 0x00a1, 0x090c, 0x008a, 0x0800, 0x0800, 0x0000, 0x0000, 0x00a0, 0x0080, 0x0001, 0x0042, 0x0021, 0x0001, 0x1000, 0x0800, 
	0x0080, 0x0941, 0x0921, 0x0060, 0x0086, 0x0086, 0x0800, 0x1021, 0x0820, 0x0000, 0x0180, 0x01a0, 0x0022, 0x0083, 0x0886, 0x0003, 
	0x2000, 0x2000, 0x0040, 0x08e1, 0x09a1, 0x00c0, 0x0067, 0x00c8, 0x0801, 0x0802, 0x1821, 0x1000, 0x0120, 0x09e1, 0x00a2, 0x0061, 
	0x08c8, 0x0045, 0x1000, 0x1821, 0x0020, 0x0060, 0x09a1, 0x0120, 0x0024, 0x08c7, 0x0843, 0x0002, 0x2020, 0x1800, 0x0060, 0x0921, 
	0x00c2, 0x0040, 0x0065, 0x0045, 0x0800, 0x1021, 0x0820, 0x0800, 0x00c0, 0x00e0, 0x0021, 0x0042, 0x0042, 0x0001, 0x1000, 0x1000, 
	0x0020, 0x0060, 0x00a0, 0x0040, 0x0022, 0x0043, 0x0000, 0x0801, 0x1820, 0x1000, 0x0060, 0x00c1, 0x0041, 0x0020, 0x0043, 0x0002, 
	0x1800, 0x2021, 0x0820, 0x0000, 0x0100, 0x00c0, 0x0002, 0x0064, 0x0042, 0x0001, 0x1800, 0x1800, 0x0020, 0x0060, 0x0080, 0x0020, 
	0x0022, 0x0022, 0x0000, 0x0820, 0x0820, 0x0800, 0x0080, 0x00c0, 0x0021, 0x0021, 0x0042, 0x0001, 0x1800, 0x2021, 0x0020, 0x0840, 
	0x0921, 0x00a0, 0x0023, 0x0064, 0x0001, 0x0001, 0x2021, 0x1800, 0x0040, 0x08a0, 0x0081, 0x0020, 0x0044, 0x0023, 0x1000, 0x1821, 
	0x1020, 0x0800, 0x00e0, 0x00e0, 0x0001, 0x0042, 0x0043, 0x0002, 0x2000, 0x2821, 0x0020, 0x0880, 0x0901, 0x0080, 0x0024, 0x0066, 
	0x09b4, 0x0153, 0x2801, 0x3844, 0x1080, 0x18c0, 0x1462, 0x03a0, 0x008b, 0x11d0, 0x192e, 0x0029, 0x4822, 0x4000, 0x01a0, 0x23c3, 
	0x1346, 0x0160, 0x0195, 0x0174, 0x2002, 0x3043, 0x1860, 0x1840, 0x03a0, 0x03a0, 0x0089, 0x016c, 0x114e, 0x0029, 0x3801, 0x3800, 
	0x00a0, 0x1a02, 0x1243, 0x0100, 0x00cc, 0x010d, 0x1001, 0x2043, 0x2041, 0x1800, 0x01c0, 0x0a00, 0x0044, 0x00a5, 0x090a, 0x0026, 
	0x3800, 0x3801, 0x0060, 0x1121, 0x1202, 0x00e0, 0x0069, 0x08eb, 0x1002, 0x1022, 0x3041, 0x1800, 0x0160, 0x0a21, 0x00a2, 0x0082, 
	0x1067, 0x0806, 0xd003, 0xf8e8, 0x39a0, 0x5a82, 0x2747, 0x0520, 0x01d7, 0x1b9e, 0x394e, 0x186a, 0x9883, 0x8000, 0x0240, 0x1c03, 
	0x0a66, 0x0142, 0x11b6, 0x0113, 0x1000, 0x2022, 0x1040, 0x0820, 0x0160, 0x0120, 0x0003, 0x0085, 0x0844, 0x0003, 0x3801, 0x3000, 
	0x00e0, 0x1222, 0x09e3, 0x00c0, 0x00ed, 0x00ed, 0x1801, 0x2843, 0x3061, 0x2000, 0x0240, 0x0a80, 0x0085, 0x0107, 0x112b, 0x0028, 
	0x4001, 0x4822, 0x0080, 0x1981, 0x12a3, 0x0140, 0x00ac, 0x094f, 0x1003, 0x1024, 0x4042, 0x3000, 0x01c0, 0x12c1, 0x0164, 0x00e2, 
	0x094e, 0x008b, 0x2800, 0x3822, 0x1060, 0x18a0, 0x0aa1, 0x01e0, 0x0048, 0x092c, 0x10a7, 0x0004, 0x4021, 0x3800, 0x00a0, 0x11a1, 
	0x0962, 0x0080, 0x00a9, 0x00a9, 0x1000, 0x2822, 0x2841, 0x1800, 0x0160, 0x0180, 0x0022, 0x0084, 0x0885, 0x0004, 0x2800, 0x3021, 
	0x0020, 0x0860, 0x0901, 0x0080, 0x0025, 0x0066, 0x0801, 0x1002, 0x3041, 0x2000, 0x00a0, 0x0141, 0x0061, 0x0041, 0x0086, 0x0045, 
	0x2800, 0x3842, 0x1840, 0x1000, 0x0181, 0x0140, 0x0024, 0x00a6, 0x0864, 0x0003, 0x3000, 0x3000, 0x0040, 0x08a0, 0x00c1, 0x0040, 
	0x0024, 0x0044, 0x0800, 0x1821, 0x2021, 0x1000, 0x00c0, 0x0121, 0x0042, 0x0062, 0x0084, 0x0003, 0x2800, 0x3841, 0x1040, 0x1060, 
	0x0981, 0x00e0, 0x0025, 0x08a7, 0x0022, 0x0002, 0x3821, 0x3000, 0x0060, 0x0901, 0x00c1, 0x0040, 0x0086, 0x0045, 0x1800, 0x2822, 
	0x2841, 0x1800, 0x0140, 0x0160, 0x0023, 0x0064, 0x0865, 0x0003, 0x3800, 0x4021, 0x0040, 0x10a0, 0x0981, 0x00c0, 0x0046, 0x00a8, 
	0x01d6, 0x0174, 0x3002, 0x4024, 0x1880, 0x20a0, 0x0c81, 0x03e0, 0x00ac, 0x09d0, 0x192f, 0x002a, 0x5001, 0x4800, 0x01c0, 0x23e3, 
	0x1386, 0x01a0, 0x0175, 0x0175, 0x2003, 0x3044, 0x2880, 0x2040, 0x03c0, 0x03c0, 0x00a9, 0x016c, 0x114e, 0x002a, 0x4000, 0x4000, 
	0x00a0, 0x19e2, 0x1263, 0x0100, 0x00ed, 0x012e, 0x1801, 0x2023, 0x3041, 0x2000, 0x01e0, 0x0a20, 0x0064, 0x00c5, 0x110a, 0x0027, 
	0x3800, 0x4021, 0x0080, 0x1141, 0x1222, 0x0120, 0x0089, 0x090b, 0x1002, 0x1023, 0x3841, 0x2800, 0x0160, 0x0a21, 0x00c3, 0x0082, 
	0x1047, 0x0806, 0xd004, 0xf0c8, 0x41c0, 0x5a82, 0x1f27, 0x0540, 0x01f6, 0x139c, 0x398f, 0x186b, 0x9863, 0x8800, 0x0240, 0x23e2, 
	0x0a87, 0x0162, 0x09b6, 0x0134, 0x1800, 0x2022, 0x1040, 0x0800, 0x0180, 0x0140, 0x0024, 0x00a6, 0x0865, 0x0003, 0x3801, 0x3001, 
	0x00e0, 0x1222, 0x11e3, 0x00c0, 0x00ed, 0x00ed, 0x1801, 0x2843, 0x3061, 0x2000, 0x0240, 0x0a81, 0x00a6, 0x0107, 0x110b, 0x0028, 
	0x4001, 0x4822, 0x0080, 0x1981, 0x12a3, 0x0160, 0x00ab, 0x094e, 0x1003, 0x1023, 0x4841, 0x3800, 0x01e0, 0x12c2, 0x0164, 0x00e2, 
	0x094e, 0x00ab, 0x2800, 0x4042, 0x1060, 0x1880, 0x0aa1, 0x01e0, 0x0048, 0x092c, 0x1087, 0x0004, 0x4001, 0x3801, 0x0080, 0x1181, 
	0x0962, 0x00a0, 0x00c9, 0x00a9, 0x1000, 0x2022, 0x2841, 0x1800, 0x0140, 0x0160, 0x0023, 0x0084, 0x08a6, 0x0004, 0x2800, 0x3021, 
	0x0020, 0x0860, 0x0921, 0x00a0, 0x0044, 0x0086, 0x0801, 0x1022, 0x3021, 0x2800, 0x00a0, 0x0920, 0x0082, 0x0041, 0x0086, 0x0025, 
	0x2000, 0x3042, 0x1840, 0x1000, 0x0180, 0x0140, 0x0025, 0x08c7, 0x0864, 0x0003, 0x3000, 0x3001, 0x0020, 0x08a0, 0x00c1, 0x0040, 
	0x0044, 0x0045, 0x0800, 0x1021, 0x2021, 0x1000, 0x00c0, 0x0120, 0x0022, 0x0042, 0x0885, 0x0003, 0x2800, 0x3841, 0x1040, 0x1060, 
	0x0981, 0x00e0, 0x0045, 0x00a7, 0x0823, 0x0002, 0x3021, 0x3001, 0x0060, 0x0900, 0x00a1, 0x0040, 0x0086, 0x0045, 0x1800, 0x2821, 
	0x2841, 0x1800, 0x0140, 0x0140, 0x0023, 0x0084, 0x0885, 0x0003, 0x3800, 0x4021, 0x0040, 0x10a0, 0x0961, 0x00a0, 0x0046, 0x00a7, 
	0x01b6, 0x0175, 0x3002, 0x4044, 0x1880, 0x20c0, 0x1481, 0x03e0, 0x00ab, 0x09b0, 0x192e, 0x002a, 0x5021, 0x4800, 0x01c0, 0x23e3, 
	0x1386, 0x01a0, 0x0175, 0x0175, 0x2802, 0x3844, 0x2880, 0x2040, 0x03e0, 0x03c0, 0x00ca, 0x018c, 0x114f, 0x002a, 0x4000, 0x4000, 
	0x00c0, 0x1a02, 0x1263, 0x0100, 0x00cd, 0x092e, 0x1802, 0x2023, 0x3061, 0x2000, 0x0200, 0x0240, 0x0064, 0x00c6, 0x110a, 0x0027, 
	0x3800, 0x4021, 0x0060, 0x1121, 0x0a22, 0x0120, 0x008a, 0x090c, 0x1003, 0x1003, 0x3841, 0x2800, 0x0180, 0x0a41, 0x00e3, 0x0082, 
	0x1047, 0x0806, 0xd003, 0xf0c7, 0x41a0, 0x6262, 0x2727, 0x0520, 0x01f6, 0x139c, 0x396f, 0x186b, 0xa043, 0x8800, 0x0240, 0x2403, 
	0x0aa6, 0x0162, 0x09b6, 0x0134, 0x1800, 0x2021, 0x1020, 0x0800, 0x0160, 0x0140, 0x0024, 0x00a6, 0x0865, 0x0003, 0x3801, 0x3801, 
	0x00e0, 0x1222, 0x0a23, 0x00e0, 0x00ed, 0x00ed, 0x1801, 0x2843, 0x3861, 0x2000, 0x0260, 0x0ac0, 0x00a6, 0x0107, 0x112c, 0x0028, 
	0x4001, 0x4822, 0x0080, 0x1981, 0x12a2, 0x0160, 0x00cc, 0x094e, 0x1003, 0x1023, 0x4842, 0x3800, 0x01e0, 0x12e1, 0x0165, 0x00e3, 
	0x094e, 0x008b, 0x2800, 0x4042, 0x1060, 0x1880, 0x0aa1, 0x0200, 0x0048, 0x092c, 0x0886, 0x0004, 0x4021, 0x3801, 0x00a0, 0x11a1, 
	0x0982, 0x0080, 0x00ca, 0x00aa, 0x1800, 0x2822, 0x2841, 0x1800, 0x0160, 0x0180, 0x0043, 0x0084, 0x08a6, 0x0004, 0x2800, 0x3021, 
	0x0020, 0x0860, 0x0921, 0x0080, 0x0045, 0x0086, 0x0801, 0x1001, 0x3821, 0x2800, 0x00a0, 0x0941, 0x0082, 0x0041, 0x0086, 0x0025, 
	0x2800, 0x3842, 0x2040, 0x1000, 0x0180, 0x0140, 0x0025, 0x00c7, 0x0864, 0x0002, 0x3000, 0x3001, 0x0040, 0x08a0, 0x00c1, 0x0040, 
	0x0044, 0x0045, 0x0800, 0x1801, 0x2041, 0x1000, 0x00c0, 0x0120, 0x0022, 0x0042, 0x0865, 0x0003, 0x3000, 0x3841, 0x1040, 0x1060, 
	0x09a1, 0x00e0, 0x0025, 0x00a7, 0x0822, 0x0002, 0x3801, 0x3000, 0x0060, 0x0901, 0x00a2, 0x0040, 0x0087, 0x0066, 0x1800, 0x2842, 
	0x3041, 0x1800, 0x0120, 0x0160, 0x0023, 0x0084, 0x0885, 0x0003, 0x3800, 0x4021, 0x0840, 0x10a0, 0x0981, 0x00c0, 0x0046, 0x08a8, 
	0x01d6, 0x0175, 0x3001, 0x4043, 0x18a0, 0x20c0, 0x1481, 0x0400, 0x00ac, 0x09d1, 0x194f, 0x002b, 0x5821, 0x5000, 0x01c0, 0x2403, 
	0x1386, 0x01c0, 0x0176, 0x0176, 0x2802, 0x3044, 0x2880, 0x2040, 0x03c0, 0x03c0, 0x00ca, 0x018d, 0x196e, 0x002a, 0x4000, 0x4000, 
	0x00c0, 0x1a02, 0x1263, 0x0100, 0x00ed, 0x012e, 0x1802, 0x2043, 0x3041, 0x2000, 0x0200, 0x0a40, 0x0064, 0x00e6, 0x110b, 0x0028, 
	0x3800, 0x4021, 0x0060, 0x1121, 0x1222, 0x0100, 0x008a, 0x090c, 0x1003, 0x1823, 0x3841, 0x2800, 0x0180, 0x0a41, 0x00c3, 0x0082, 
	0x1048, 0x0807, 0xd003, 0xf0c7, 0x41a0, 0x5a82, 0x2707, 0x0520, 0x01f6, 0x139d, 0x396f, 0x186b, 0x9863, 0x8800, 0x0240, 0x23e3, 
	0x0a87, 0x0162, 0x09b6, 0x0134, 0x1000, 0x2022, 0x1040, 0x1000, 0x0180, 0x0140, 0x0024, 0x08a6, 0x0865, 0x0003, 0x3801, 0x3801, 
	0x00e0, 0x1222, 0x1203, 0x00c0, 0x010d, 0x010d, 0x1801, 0x2843, 0x3862, 0x2000, 0x0260, 0x0aa0, 0x00a6, 0x0128, 0x112c, 0x0028, 
	0x4001, 0x4822, 0x0080, 0x1981, 0x12a2, 0x0160, 0x00ab, 0x094e, 0x1003, 0x1823, 0x4842, 0x3800, 0x01e0, 0x12e1, 0x0165, 0x00e3, 
	0x094e, 0x008b, 0x2800, 0x4042, 0x1860, 0x1880, 0x0aa1, 0x0200, 0x0068, 0x094c, 0x10a7, 0x0004, 0x4021, 0x3800, 0x00a0, 0x11a1, 
	0x0982, 0x00a0, 0x00ca, 0x00aa, 0x1800, 0x2842, 0x2841, 0x1800, 0x0160, 0x0180, 0x0023, 0x0084, 0x08a6, 0x0004, 0x2800, 0x3021, 
	0x0040, 0x0860, 0x0921, 0x0080, 0x0045, 0x0086, 0x0801, 0x1001, 0x3821, 0x2800, 0x00a0, 0x0921, 0x0062, 0x0041, 0x0087, 0x0025, 
	0x2800, 0x3842, 0x2060, 0x1800, 0x0181, 0x0120, 0x0025, 0x08c7, 0x0844, 0x0003, 0x3000, 0x3001, 0x0020, 0x08a0, 0x00c1, 0x0040, 
	0x0065, 0x0065, 0x0800, 0x1021, 0x2020, 0x1800, 0x00c0, 0x0120, 0x0022, 0x0042, 0x0885, 0x0003, 0x3000, 0x3821, 0x1040, 0x1060, 
	0x0981, 0x00e0, 0x0046, 0x00c8, 0x0823, 0x0002, 0x3821, 0x3000, 0x0060, 0x0901, 0x00c2, 0x0040, 0x0087, 0x0067, 0x1800, 0x2842, 
	0x3041, 0x2000, 0x0120, 0x0160, 0x0023, 0x0084, 0x0865, 0x0003, 0x3800, 0x4022, 0x0840, 0x10a0, 0x0981, 0x00c0, 0x0067, 0x00a8, 
	0x01d6, 0x0175, 0x2802, 0x3844, 0x2080, 0x20a0, 0x1461, 0x03e0, 0x00ac, 0x09d1, 0x194f, 0x002b, 0x5022, 0x4800, 0x01c0, 0x23e4, 
	0x1386, 0x01a0, 0x0175, 0x0175, 0x2802, 0x3044, 0x2880, 0x2040, 0x03c0, 0x03c0, 0x00ca, 0x018d, 0x114f, 0x002b, 0x4001, 0x4001, 
	0x00c0, 0x1a02, 0x1263, 0x0100, 0x00ee, 0x012f, 0x1802, 0x2043, 0x3061, 0x1800, 0x01e0, 0x0a40, 0x0064, 0x00e6, 0x110a, 0x0027, 
	0x3800, 0x4021, 0x0060, 0x1121, 0x1222, 0x0100, 0x008a, 0x090c, 0x1002, 0x1023, 0x3841, 0x2800, 0x0180, 0x0a41, 0x00c3, 0x0082, 
	0x1048, 0x0807, 0xd003, 0xf0c8, 0x41a0, 0x6262, 0x2708, 0x0520, 0x01f6, 0x139c, 0x396f, 0x186b, 0x9862, 0x8800, 0x0260, 0x1be2, 
	0x0a87, 0x0162, 0x09b6, 0x0134, 0x1000, 0x2022, 0x1840, 0x1000, 0x0160, 0x0120, 0x0024, 0x00a6, 0x0865, 0x0003, 0x3801, 0x3801, 
	0x00e0, 0x1a22, 0x0a03, 0x00e0, 0x010d, 0x00ed, 0x1801, 0x2843, 0x3061, 0x2000, 0x0240, 0x0aa0, 0x00a5, 0x0127, 0x110c, 0x0028, 
	0x4000, 0x4822, 0x0080, 0x1981, 0x1283, 0x0140, 0x00cc, 0x094e, 0x1003, 0x1823, 0x4842, 0x3800, 0x01e0, 0x12c1, 0x0165, 0x00e3, 
	0x094e, 0x008b, 0x2800, 0x4042, 0x1060, 0x18a0, 0x0aa1, 0x0200, 0x0069, 0x094c, 0x10a7, 0x0004, 0x3821, 0x3800, 0x00a0, 0x11a1, 
	0x0962, 0x0080, 0x00ea, 0x00aa, 0x1800, 0x2842, 0x2841, 0x1800, 0x0180, 0x0180, 0x0023, 0x0084, 0x0885, 0x0003, 0x2800, 0x3021, 
	0x0040, 0x0880, 0x0921, 0x0080, 0x0046, 0x0087, 0x0801, 0x1001, 0x3041, 0x2800, 0x00a0, 0x0120, 0x0062, 0x0041, 0x00a6, 0x0045, 
	0x2800, 0x3842, 0x2060, 0x1800, 0x0981, 0x0120, 0x0025, 0x08c7, 0x0864, 0x0002, 0x3000, 0x3000, 0x0040, 0x08a0, 0x00c1, 0x0040, 
	0x0045, 0x0045, 0x0800, 0x1821, 0x2021, 0x1800, 0x00c0, 0x0120, 0x0022, 0x0042, 0x0085, 0x0003, 0x2800, 0x3841, 0x1040, 0x1060, 
	0x0981, 0x00e0, 0x0046, 0x08c7, 0x0823, 0x0002, 0x3821, 0x3000, 0x0060, 0x0901, 0x00c2, 0x0040, 0x0087, 0x0066, 0x1800, 0x2842, 
	0x2861, 0x1800, 0x0140, 0x0140, 0x0023, 0x0085, 0x0885, 0x0003, 0x3000, 0x4022, 0x0040, 0x10a0, 0x0961, 0x00a0, 0x0067, 0x00a8, 
	0x01d7, 0x0175, 0x3002, 0x4044, 0x18a0, 0x20c0, 0x0c81, 0x03e0, 0x00cd, 0x09d1, 0x194f, 0x002a, 0x5022, 0x4800, 0x01e0, 0x2403, 
	0x1386, 0x01a0, 0x0196, 0x0195, 0x2802, 0x3844, 0x2880, 0x2040, 0x03e0, 0x03c0, 0x00aa, 0x098e, 0x116f, 0x004b, 0x4000, 0x4000, 
	0x00c0, 0x1a02, 0x1243, 0x0100, 0x010e, 0x014f, 0x1801, 0x2023, 0x3041, 0x2000, 0x0200, 0x0240, 0x0065, 0x00e7, 0x110b, 0x0028, 
	0x4000, 0x4801, 0x0060, 0x1141, 0x1222, 0x0120, 0x008a, 0x092d, 0x1003, 0x1823, 0x3841, 0x2800, 0x0180, 0x0a21, 0x00c3, 0x0082, 
	0x1048, 0x0807, 0xd803, 0xf8c8, 0x41a0, 0x6282, 0x2728, 0x0520, 0x01f7, 0x139d, 0x394f, 0x186b, 0xa063, 0x8800, 0x0260, 0x2402, 
	0x02a7, 0x0162, 0x09b6, 0x0134, 0x1000, 0x2022, 0x1040, 0x1000, 0x01a0, 0x0160, 0x0004, 0x00a6, 0x0886, 0x0004, 0x4001, 0x3801, 
	0x00e0, 0x1a22, 0x0a03, 0x00e0, 0x010e, 0x010e, 0x1801, 0x2843, 0x3061, 0x2000, 0x0260, 0x0ac1, 0x00a6, 0x0108, 0x112c, 0x0028, 
	0x4000, 0x4821, 0x0080, 0x1981, 0x0aa3, 0x0160, 0x00cd, 0x094f, 0x1004, 0x1824, 0x4842, 0x3800, 0x01e0, 0x12e1, 0x0165, 0x00e3, 
	0x094f, 0x008c, 0x2800, 0x4042, 0x1060, 0x18a0, 0x0aa1, 0x0200, 0x0069, 0x094d, 0x10a7, 0x0004, 0x4001, 0x4001, 0x00a0, 0x11a2, 
	0x0963, 0x0080, 0x00cb, 0x00aa, 0x1000, 0x2842, 0x2841, 0x1800, 0x0180, 0x0180, 0x0043, 0x00a5, 0x08a7, 0x0004, 0x2800, 0x3021, 
	0x0820, 0x1080, 0x0921, 0x0080, 0x0046, 0x00a7, 0x0801, 0x1002, 0x3822, 0x2800, 0x0080, 0x0921, 0x0082, 0x0041, 0x00a7, 0x0045, 
	0x2800, 0x3842, 0x2060, 0x1000, 0x01a0, 0x0140, 0x0024, 0x00c7, 0x0865, 0x0003, 0x3000, 0x3000, 0x0020, 0x08a0, 0x00c1, 0x0040, 
	0x0044, 0x0024, 0x0800, 0x1021, 0x2021, 0x1800, 0x00c0, 0x0120, 0x0042, 0x0062, 0x0865, 0x0003, 0x2800, 0x3842, 0x1040, 0x1040, 
	0x09a1, 0x0100, 0x0045, 0x08a7, 0x0823, 0x0002, 0x3821, 0x3000, 0x0060, 0x0901, 0x00c1, 0x0060, 0x0087, 0x0066, 0x1800, 0x2842, 
	0x3041, 0x1800, 0x0140, 0x0160, 0x0023, 0x0084, 0x0885, 0x0003, 0x3800, 0x4021, 0x0840, 0x1080, 0x0981, 0x00c0, 0x0047, 0x00a8, 
	0x0195, 0x0174, 0x2802, 0x3844, 0x2080, 0x2080, 0x0c00, 0x03c0, 0x00ab, 0x09af, 0x196f, 0x002a, 0x4801, 0x4801, 0x0140, 0x2323, 
	0x1b85, 0x0180, 0x0133, 0x0974, 0x1802, 0x2844, 0x3061, 0x2000, 0x0320, 0x0b81, 0x00c8, 0x014a, 0x116e, 0x004a, 0x3000, 0x3821, 
	0x0080, 0x1181, 0x1243, 0x0100, 0x00aa, 0x092c, 0x0802, 0x1022, 0x3041, 0x2000, 0x0160, 0x1201, 0x0083, 0x00a4, 0x110a, 0x0047, 
	0x2800, 0x3841, 0x0060, 0x08c0, 0x11e2, 0x0100, 0x0046, 0x08e9, 0x1023, 0x0803, 0x3041, 0x2000, 0x00e0, 0x09c1, 0x00c3, 0x0061, 
	0x0867, 0x0026, 0xa002, 0xc8e7, 0x5180, 0x4960, 0x1e25, 0x04e0, 0x0151, 0x1318, 0x318f, 0x0029, 0x8842, 0x8001, 0x0180, 0x1b02, 
	0x12a6, 0x0120, 0x0952, 0x0111, 0x0801, 0x1822, 0x1820, 0x1000, 0x0120, 0x0140, 0x0002, 0x0063, 0x0864, 0x0002, 0x2800, 0x2821, 
	0x0080, 0x0961, 0x11c2, 0x00a0, 0x00a9, 0x00ca, 0x1001, 0x1822, 0x3041, 0x2000, 0x0180, 0x0a21, 0x00a3, 0x00a4, 0x10e9, 0x0046, 
	0x2800, 0x3042, 0x0060, 0x10a0, 0x1201, 0x0120, 0x0067, 0x090a, 0x0844, 0x0003, 0x3021, 0x2800, 0x00e0, 0x11e1, 0x0943, 0x0080, 
	0x08ca, 0x0089, 0x1800, 0x2021, 0x1860, 0x1020, 0x01c0, 0x01a0, 0x0025, 0x08c7, 0x0885, 0x0003, 0x2000, 0x2821, 0x0040, 0x08c0, 
	0x0922, 0x0060, 0x0066, 0x0087, 0x0800, 0x1001, 0x2021, 0x1000, 0x00a0, 0x0901, 0x0041, 0x0062, 0x0064, 0x0003, 0x1000, 0x1821, 
	0x0820, 0x0020, 0x00a0, 0x0060, 0x0002, 0x0043, 0x0001, 0x0001, 0x1821, 0x1800, 0x0020, 0x0080, 0x0061, 0x0020, 0x0044, 0x0023, 
	0x1000, 0x1820, 0x1841, 0x1000, 0x00c0, 0x00c0, 0x0001, 0x0042, 0x0043, 0x0001, 0x1000, 0x1821, 0x0000, 0x0020, 0x0060, 0x0020, 
	0x0001, 0x0001, 0x0000, 0x0000, 0x1020, 0x0800, 0x0040, 0x0080, 0x0020, 0x0020, 0x0042, 0x0001, 0x1000, 0x1821, 0x1040, 0x0800, 
	0x00c0, 0x00a0, 0x0002, 0x0043, 0x0021, 0x0000, 0x1800, 0x1820, 0x0020, 0x0060, 0x0081, 0x0020, 0x0023, 0x0023, 0x0800, 0x0800, 
	0x1821, 0x1000, 0x0080, 0x00c0, 0x0001, 0x0021, 0x0022, 0x0001, 0x1000, 0x1821, 0x0820, 0x0000, 0x00a0, 0x0060, 0x0002, 0x0043, 
	0x0045, 0x00a7, 0x0001, 0x0001, 0x1021, 0x0800, 0x00a0, 0x0961, 0x0022, 0x0042, 0x00a6, 0x0024, 0x1000, 0x1820, 0x0020, 0x0040, 
	0x0961, 0x0080, 0x0004, 0x0086, 0x0021, 0x0001, 0x1021, 0x0800, 0x0060, 0x0901, 0x0041, 0x0021, 0x0085, 0x0023, 0x0000, 0x0820, 
	0x0000, 0x0000, 0x0080, 0x0060, 0x0001, 0x0042, 0x0021, 0x0000, 0x0800, 0x0800, 0x0000, 0x0060, 0x0020, 0x0000, 0x0042, 0x0022, 
	0x0000, 0x0800, 0x0000, 0x0000, 0x0040, 0x0040, 0x0000, 0x0001, 0x0020, 0x0000, 0x0800, 0x0800, 0x0000, 0x0020, 0x0040, 0x0000, 
	0x0001, 0x0021, 0x2000, 0x2800, 0x2862, 0x1000, 0x0100, 0x0180, 0x0003, 0x0085, 0x08a6, 0x0003, 0x1800, 0x2020, 0x0000, 0x0020, 
	0x08c1, 0x0020, 0x0004, 0x0045, 0x0000, 0x0000, 0x0000, 0x0000, 0x0000, 0x0020, 0x0000, 0x0000, 0x0000, 0x0000, 0x0000, 0x0000, 
	0x0000, 0x0000, 0x0040, 0x0020, 0x0000, 0x0001, 0x0000, 0x0000, 0x0000, 0x0000, 0x0000, 0x0040, 0x0020, 0x0000, 0x0001, 0x0001, 
	0x0000, 0x0000, 0x0800, 0x0000, 0x0020, 0x0040, 0x0000, 0x0000, 0x0020, 0x0000, 0x0000, 0x0000, 0x0000, 0x0000, 0x0040, 0x0000, 
	0x0000, 0x0021, 0x0000, 0x0000, 0x0800, 0x0000, 0x0000, 0x0020, 0x0000, 0x0000, 0x0020, 0x0000, 0x0000, 0x0000, 0x0000, 0x0000, 
	0x0020, 0x0000, 0x0000, 0x0000, 0x0000, 0x0000, 0x0000, 0x0000, 0x0000, 0x0000, 0x0000, 0x0000, 0x0000, 0x0000, 0x0000, 0x0000, 
	0x0000, 0x0000, 0x0000, 0x0000, 0x0000, 0x0000, 0x0000, 0x0000, 0x0000, 0x0000, 0x0000, 0x0000, 0x0000, 0x0000, 0x0000, 0x0000, 
	0x0000, 0x0000, 0x0000, 0x0000, 0x0000, 0x0000, 0x0000, 0x0000, 0x0000, 0x0000, 0x0000, 0x0000, 0x0000, 0x0000, 0x0000, 0x0000, 
	0x0000, 0x0000, 0x0000, 0x0000, 0x0000, 0x0000, 0x0000, 0x0000, 0x0000, 0x0000, 0x0000, 0x0000, 0x0000, 0x0000, 0x0000, 0x0000, 
	0x0000, 0x0000, 0x0000, 0x0000, 0x0000, 0x0000, 0x0000, 0x0000, 0x0000, 0x0000, 0x0000, 0x0000, 0x0000, 0x0000, 0x0000, 0x0000, 
	0x0000, 0x0000, 0x0000, 0x0000, 0x0000, 0x0000, 0x0000, 0x0000, 0x0000, 0x0000, 0x0000, 0x0000, 0x0000, 0x0000, 0x0000, 0x0000, 
	0x0065, 0x0044, 0x0000, 0x0800, 0x0000, 0x0040, 0x0900, 0x00c0, 0x0002, 0x0063, 0x0042, 0x0001, 0x0800, 0x0000, 0x0060, 0x00c1, 
	0x0081, 0x0020, 0x0043, 0x0023, 0x0000, 0x0000, 0x0000, 0x0000, 0x0080, 0x0060, 0x0001, 0x0021, 0x0021, 0x0000, 0x0000, 0x0000, 
	0x0000, 0x0040, 0x0040, 0x0020, 0x0021, 0x0021, 0x0000, 0x0000, 0x0000, 0x0000, 0x0040, 0x0040, 0x0000, 0x0020, 0x0001, 0x0000, 
	0x0000, 0x0000, 0x0000, 0x0040, 0x0040, 0x0000, 0x0001, 0x0021, 0x0000, 0x0000, 0x0000, 0x0000, 0x0020, 0x0020, 0x0000, 0x0000, 
	0x0800, 0x0800, 0x6802, 0x6822, 0x0080, 0x1981, 0x13a3, 0x0240, 0x00ac, 0x096f, 0x2806, 0x3047, 0x68a3, 0x4800, 0x0260, 0x1c03, 
	0x0245, 0x0141, 0x0991, 0x00ef, 0x1801, 0x2842, 0x0000, 0x0840, 0x09c0, 0x0160, 0x0024, 0x00a6, 0x0865, 0x0003, 0x1020, 0x0800, 
	0x0040, 0x00c0, 0x0080, 0x0020, 0x0044, 0x0043, 0x0000, 0x0801, 0x0000, 0x0000, 0x00a0, 0x00a0, 0x0000, 0x0021, 0x0021, 0x0001, 
	0x0800, 0x0800, 0x0020, 0x0060, 0x0080, 0x0040, 0x0002, 0x0022, 0x0000, 0x0800, 0x0820, 0x0000, 0x0080, 0x00c0, 0x0040, 0x0020, 
	0x0043, 0x0002, 0x0800, 0x1020, 0x0000, 0x0020, 0x00c0, 0x0060, 0x0001, 0x0042, 0x0001, 0x0001, 0x1000, 0x0800, 0x0020, 0x0040, 
	0x0040, 0x0000, 0x0021, 0x0001, 0x0800, 0x0820, 0x0000, 0x0000, 0x0020, 0x0020, 0x0000, 0x0000, 0x0000, 0x0000, 0x0800, 0x0800, 
	0x0000, 0x0000, 0x0000, 0x0000, 0x0000, 0x0001, 0x0000, 0x0000, 0x0800, 0x0000, 0x0000, 0x0020, 0x0000, 0x0000, 0x0021, 0x0000, 
	0x1000, 0x1801, 0x0000, 0x0000, 0x0080, 0x0040, 0x0001, 0x0022, 0x0001, 0x0000, 0x0800, 0x0800, 0x0000, 0x0020, 0x0020, 0x0000, 
	0x0001, 0x0001, 0x0000, 0x0820, 0x0820, 0x0000, 0x0080, 0x00a0, 0x0001, 0x0021, 0x0021, 0x0001, 0x1000, 0x1000, 0x0000, 0x0020, 
	0x0080, 0x0040, 0x0002, 0x0043, 0x0001, 0x0001, 0x1020, 0x0800, 0x0020, 0x0060, 0x0020, 0x0000, 0x0022, 0x0022, 0x0800, 0x1021, 
	0x0800, 0x0800, 0x0080, 0x0080, 0x0001, 0x0022, 0x0022, 0x0001, 0x1800, 0x2001, 0x0020, 0x0880, 0x08e1, 0x0060, 0x0024, 0x0065, 
	0x01b5, 0x0153, 0x3001, 0x4043, 0x1060, 0x18a0, 0x1401, 0x0360, 0x006a, 0x098f, 0x190c, 0x0009, 0x4821, 0x3800, 0x0140, 0x1ae3, 
	0x1244, 0x00e0, 0x0130, 0x0110, 0x1801, 0x2843, 0x1840, 0x1000, 0x0240, 0x0220, 0x0045, 0x00e7, 0x08c8, 0x0005, 0x2800, 0x2800, 
	0x0060, 0x0921, 0x0961, 0x0080, 0x0067, 0x00a7, 0x1000, 0x1822, 0x1820, 0x1000, 0x0120, 0x0160, 0x0022, 0x0063, 0x0885, 0x0003, 
	0x2800, 0x3001, 0x0020, 0x08a0, 0x0921, 0x0080, 0x0045, 0x0086, 0x0801, 0x1021, 0x2021, 0x1800, 0x0080, 0x00e0, 0x0041, 0x0021, 
	0x1003, 0x1003, 0xd004, 0xf0a7, 0x3160, 0x5282, 0x2f27, 0x04c0, 0x01b6, 0x1b7d, 0x48cd, 0x48cd, 0xf167, 0xc001, 0x0420, 0x3ee7, 
	0x148c, 0x0284, 0x1b5f, 0x025b, 0x5002, 0x7086, 0x4081, 0x3020, 0x0ba1, 0x0300, 0x006a, 0x098e, 0x110b, 0x0007, 0x4021, 0x3800, 
	0x00a0, 0x11c1, 0x0983, 0x0080, 0x00eb, 0x00cb, 0x1000, 0x2042, 0x2020, 0x1000, 0x0180, 0x01a0, 0x0042, 0x0083, 0x08a6, 0x0004, 
	0x2800, 0x3021, 0x0040, 0x08c0, 0x0981, 0x00a0, 0x0046, 0x00a7, 0x1001, 0x1822, 0x3842, 0x2800, 0x0100, 0x09c1, 0x00a2, 0x0082, 
	0x08c9, 0x0047, 0x2800, 0x3842, 0x1040, 0x1040, 0x09a0, 0x0120, 0x0025, 0x00a7, 0x0823, 0x0002, 0x3021, 0x2800, 0x0040, 0x08c1, 
	0x00a1, 0x0020, 0x0044, 0x0044, 0x1000, 0x2021, 0x2021, 0x1000, 0x0060, 0x0060, 0x0001, 0x0022, 0x0022, 0x0001, 0x2800, 0x2821, 
	0x0800, 0x0800, 0x0040, 0x0000, 0x0002, 0x0022, 0x0800, 0x0800, 0x2021, 0x1800, 0x0020, 0x0060, 0x0020, 0x0000, 0x0043, 0x0002, 
	0x2000, 0x3042, 0x1840, 0x1000, 0x0100, 0x00c0, 0x0003, 0x0064, 0x0042, 0x0001, 0x2000, 0x2000, 0x0020, 0x0060, 0x0060, 0x0020, 
	0x0023, 0x0043, 0x1000, 0x1821, 0x2841, 0x1800, 0x00c0, 0x0120, 0x0022, 0x0042, 0x0064, 0x0003, 0x2000, 0x3021, 0x0820, 0x0840, 
	0x0921, 0x00a0, 0x0025, 0x0086, 0x0001, 0x0001, 0x2821, 0x2000, 0x0040, 0x08c1, 0x0061, 0x0020, 0x0065, 0x0024, 0x1000, 0x2842, 
	0x2041, 0x1800, 0x0100, 0x0100, 0x0022, 0x0064, 0x0844, 0x0002, 0x3800, 0x4021, 0x0040, 0x10c0, 0x0982, 0x00c0, 0x0047, 0x00a8, 
	0x01d6, 0x0175, 0x3801, 0x4864, 0x20a0, 0x20a0, 0x1421, 0x03a0, 0x008b, 0x09af, 0x192e, 0x002a, 0x4821, 0x4000, 0x0160, 0x1ae2, 
	0x12a5, 0x0120, 0x0131, 0x0131, 0x2001, 0x2843, 0x2061, 0x1800, 0x0260, 0x0260, 0x0065, 0x0108, 0x08e9, 0x0026, 0x3000, 0x3001, 
	0x0060, 0x0941, 0x0982, 0x00a0, 0x0087, 0x00a8, 0x1000, 0x2022, 0x2841, 0x1800, 0x0120, 0x0160, 0x0022, 0x0063, 0x0886, 0x0004, 
	0x3000, 0x3821, 0x0040, 0x08a0, 0x0941, 0x0080, 0x0045, 0x00a7, 0x0801, 0x1022, 0x2041, 0x1800, 0x0080, 0x00e0, 0x0041, 0x0041, 
	0x1004, 0x1003, 0xd004, 0xf087, 0x3980, 0x5a82, 0x26e7, 0x04c0, 0x01b6, 0x135c, 0x48cd, 0x48cd, 0xf987, 0xd022, 0x0440, 0x36c7, 
	0x14ad, 0x02a5, 0x135f, 0x027b, 0x5002, 0x7065, 0x48a1, 0x3020, 0x0b81, 0x0320, 0x008b, 0x098f, 0x190c, 0x0008, 0x4001, 0x4000, 
	0x00a0, 0x11c2, 0x09a3, 0x00a0, 0x00cb, 0x00cb, 0x1000, 0x2022, 0x2041, 0x1800, 0x0180, 0x09c0, 0x0043, 0x0084, 0x08a7, 0x0004, 
	0x2800, 0x3021, 0x0040, 0x08c0, 0x0982, 0x00c0, 0x0046, 0x00a7, 0x1001, 0x1822, 0x3842, 0x2800, 0x0100, 0x09c1, 0x00c3, 0x0082, 
	0x08e9, 0x0047, 0x2800, 0x3842, 0x1860, 0x1040, 0x01a0, 0x0140, 0x0025, 0x00a7, 0x0843, 0x0002, 0x3021, 0x3001, 0x0040, 0x08a0, 
	0x00a1, 0x0020, 0x0044, 0x0024, 0x1000, 0x2021, 0x2841, 0x1800, 0x0060, 0x0060, 0x0001, 0x0022, 0x0042, 0x0001, 0x2800, 0x3021, 
	0x0800, 0x0800, 0x0040, 0x0020, 0x0022, 0x0023, 0x0800, 0x0800, 0x2821, 0x2000, 0x0020, 0x0060, 0x0021, 0x0020, 0x0043, 0x0022, 
	0x2000, 0x3042, 0x2041, 0x1000, 0x0100, 0x00c0, 0x0003, 0x0085, 0x0043, 0x0002, 0x2000, 0x2000, 0x0020, 0x0860, 0x0080, 0x0020, 
	0x0043, 0x0043, 0x1000, 0x1821, 0x2841, 0x1800, 0x00c0, 0x0120, 0x0022, 0x0042, 0x0885, 0x0003, 0x2000, 0x3021, 0x0820, 0x0820, 
	0x0121, 0x00a0, 0x0024, 0x0086, 0x0002, 0x0001, 0x2821, 0x2000, 0x0040, 0x08c0, 0x0061, 0x0020, 0x0065, 0x0044, 0x1800, 0x2841, 
	0x2841, 0x1800, 0x0100, 0x0100, 0x0022, 0x0064, 0x0864, 0x0002, 0x3800, 0x4021, 0x0060, 0x10c0, 0x0982, 0x00c0, 0x0047, 0x00a8, 
	0x01d7, 0x0175, 0x3802, 0x4844, 0x28a0, 0x28a0, 0x0c41, 0x03c0, 0x00ab, 0x09b0, 0x192e, 0x002a, 0x5021, 0x4800, 0x0160, 0x1b02, 
	0x12a4, 0x0140, 0x0151, 0x0131, 0x2001, 0x3043, 0x2840, 0x1800, 0x0260, 0x0280, 0x0066, 0x0128, 0x10e9, 0x0026, 0x3000, 0x3801, 
	0x0060, 0x1141, 0x09a2, 0x00a0, 0x0088, 0x00a8, 0x1000, 0x2022, 0x2841, 0x1800, 0x0140, 0x0180, 0x0042, 0x0063, 0x0886, 0x0004, 
	0x3000, 0x3821, 0x0040, 0x08a0, 0x0961, 0x00a0, 0x0046, 0x08a7, 0x0801, 0x1002, 0x2821, 0x1800, 0x00a0, 0x0100, 0x0041, 0x0041, 
	0x1004, 0x1004, 0xd003, 0xf087, 0x3980, 0x5a62, 0x26e7, 0x04c0, 0x01b6, 0x135d, 0x48cd, 0x48cd, 0xf967, 0xd022, 0x0440, 0x3ec8, 
	0x14ad, 0x02a5, 0x135f, 0x027b, 0x5002, 0x7065, 0x48a1, 0x3820, 0x03a1, 0x0340, 0x008b, 0x098f, 0x110b, 0x0008, 0x4801, 0x4000, 
	0x00c0, 0x11c1, 0x09a3, 0x00a0, 0x00cb, 0x00cb, 0x1001, 0x2022, 0x2841, 0x1800, 0x01a0, 0x01c0, 0x0043, 0x00a5, 0x08c8, 0x0025, 
	0x2800, 0x3001, 0x0060, 0x10e0, 0x09a1, 0x00c0, 0x0046, 0x00a7, 0x1001, 0x1022, 0x4042, 0x3000, 0x0120, 0x09c1, 0x00c3, 0x0082, 
	0x08c9, 0x0047, 0x2800, 0x3842, 0x1840, 0x1020, 0x09c1, 0x0140, 0x0024, 0x08a7, 0x0843, 0x0002, 0x3821, 0x3001, 0x0040, 0x08a0, 
	0x0081, 0x0020, 0x0044, 0x0024, 0x1000, 0x2021, 0x2841, 0x1800, 0x0060, 0x0060, 0x0001, 0x0022, 0x0042, 0x0001, 0x2800, 0x3021, 
	0x0800, 0x0800, 0x0040, 0x0020, 0x0002, 0x0043, 0x0800, 0x1001, 0x2821, 0x2000, 0x0020, 0x0060, 0x0021, 0x0020, 0x0063, 0x0022, 
	0x2000, 0x3842, 0x2041, 0x1000, 0x0100, 0x00c0, 0x0003, 0x0085, 0x0043, 0x0002, 0x2000, 0x2000, 0x0020, 0x0060, 0x0080, 0x0020, 
	0x0023, 0x0043, 0x1000, 0x2021, 0x2821, 0x1800, 0x00c0, 0x0120, 0x0022, 0x0042, 0x0865, 0x0003, 0x2800, 0x3021, 0x0820, 0x0820, 
	0x0121, 0x00a0, 0x0024, 0x0086, 0x0002, 0x0001, 0x2821, 0x2800, 0x0040, 0x08c1, 0x0081, 0x0020, 0x0065, 0x0024, 0x1800, 0x2841, 
	0x2841, 0x1800, 0x0100, 0x0120, 0x0023, 0x0064, 0x0864, 0x0002, 0x3800, 0x4022, 0x0040, 0x10c0, 0x0982, 0x00c0, 0x0067, 0x08c9, 
	0x01d7, 0x0176, 0x3802, 0x5064, 0x20a0, 0x20a0, 0x0c61, 0x03c0, 0x00ac, 0x09d0, 0x192e, 0x002a, 0x5021, 0x4800, 0x0160, 0x2303, 
	0x12c5, 0x0140, 0x0152, 0x0131, 0x2001, 0x3043, 0x2860, 0x1800, 0x0280, 0x0280, 0x0065, 0x0108, 0x10e9, 0x0026, 0x3800, 0x3801, 
	0x0060, 0x1141, 0x09a2, 0x00a0, 0x0088, 0x00a9, 0x1000, 0x2022, 0x2841, 0x1800, 0x0160, 0x01a0, 0x0042, 0x0063, 0x0886, 0x0004, 
	0x3000, 0x3821, 0x0040, 0x08a0, 0x0961, 0x00a0, 0x0046, 0x00a7, 0x0801, 0x1022, 0x2841, 0x1800, 0x00a0, 0x0100, 0x0061, 0x0041, 
	0x1004, 0x1004, 0xd003, 0xf087, 0x3980, 0x5262, 0x26e7, 0x04a0, 0x01b6, 0x135d, 0x48cd, 0x48ed, 0xf967, 0xd022, 0x0440, 0x3ec8, 
	0x148d, 0x0285, 0x135f, 0x029b, 0x5002, 0x7086, 0x48a1, 0x3820, 0x03c1, 0x0340, 0x008b, 0x098f, 0x110c, 0x0008, 0x4001, 0x4000, 
	0x00c0, 0x11c1, 0x09a3, 0x00a0, 0x00eb, 0x00eb, 0x1001, 0x2022, 0x2841, 0x1800, 0x01a0, 0x09c0, 0x0063, 0x00a5, 0x08c8, 0x0005, 
	0x2800, 0x3021, 0x0060, 0x10e0, 0x09a1, 0x00c0, 0x0046, 0x00a8, 0x1001, 0x1822, 0x4042, 0x3000, 0x0120, 0x09e1, 0x00c3, 0x0082, 
	0x08e9, 0x0047, 0x2800, 0x4042, 0x1840, 0x1020, 0x01a0, 0x0140, 0x0025, 0x08a7, 0x0844, 0x0003, 0x3821, 0x3001, 0x0040, 0x08a0, 
	0x0081, 0x0020, 0x0065, 0x0044, 0x1000, 0x2841, 0x2841, 0x1800, 0x0060, 0x0080, 0x0001, 0x0021, 0x0022, 0x0001, 0x2800, 0x3021, 
	0x0800, 0x0800, 0x0040, 0x0020, 0x0023, 0x0043, 0x0800, 0x1001, 0x2821, 0x2000, 0x0020, 0x0060, 0x0020, 0x0020, 0x0043, 0x0002, 
	0x2000, 0x3842, 0x2041, 0x1000, 0x0100, 0x00c0, 0x0003, 0x0085, 0x0043, 0x0002, 0x2000, 0x2000, 0x0020, 0x0060, 0x0060, 0x0020, 
	0x0044, 0x0044, 0x1000, 0x2021, 0x2841, 0x1800, 0x00e0, 0x0100, 0x0022, 0x0062, 0x0885, 0x0003, 0x2800, 0x3021, 0x1040, 0x1040, 
	0x0121, 0x00a0, 0x0024, 0x0086, 0x0002, 0x0001, 0x2821, 0x2800, 0x0040, 0x08c1, 0x0081, 0x0020, 0x0065, 0x0044, 0x1800, 0x2821, 
	0x2841, 0x1800, 0x0120, 0x0120, 0x0023, 0x0064, 0x0864, 0x0003, 0x3800, 0x4021, 0x0040, 0x10c0, 0x09a2, 0x00c0, 0x0068, 0x08c9, 
	0x01d7, 0x0196, 0x3802, 0x4864, 0x20a0, 0x20a0, 0x0c41, 0x03c0, 0x00ac, 0x09b0, 0x192e, 0x002a, 0x5021, 0x4800, 0x0160, 0x1b02, 
	0x12a4, 0x0140, 0x0151, 0x0131, 0x2001, 0x3043, 0x2840, 0x1800, 0x0280, 0x0260, 0x0066, 0x0108, 0x10ea, 0x0026, 0x3800, 0x3801, 
	0x0060, 0x1141, 0x0982, 0x00a0, 0x0088, 0x00a9, 0x1000, 0x2022, 0x2841, 0x1800, 0x0160, 0x0180, 0x0042, 0x0083, 0x0886, 0x0004, 
	0x3000, 0x3821, 0x0040, 0x08a0, 0x0961, 0x00a0, 0x0045, 0x00a7, 0x0801, 0x1022, 0x2821, 0x1800, 0x00a0, 0x0900, 0x0061, 0x0041, 
	0x1004, 0x1004, 0xd804, 0xf087, 0x3980, 0x5262, 0x26e7, 0x04a0, 0x01b6, 0x135d, 0x48cd, 0x48ed, 0xf967, 0xc802, 0x0440, 0x36c7, 
	0x0c8c, 0x02a4, 0x135f, 0x027b, 0x5002, 0x7086, 0x48c1, 0x3840, 0x0ba1, 0x0340, 0x008b, 0x096f, 0x110c, 0x0008, 0x4001, 0x4000, 
	0x00a0, 0x11a1, 0x09a3, 0x00a0, 0x00ec, 0x00ec, 0x1000, 0x2042, 0x2841, 0x1800, 0x0180, 0x01c0, 0x0043, 0x00a5, 0x08c8, 0x0005, 
	0x3000, 0x3021, 0x0040, 0x10c0, 0x0981, 0x00c0, 0x0046, 0x00a8, 0x1001, 0x1822, 0x4042, 0x3000, 0x0120, 0x09e1, 0x00c3, 0x0082, 
	0x08ea, 0x0047, 0x2800, 0x4042, 0x1840, 0x1020, 0x01a0, 0x0140, 0x0025, 0x08c7, 0x0844, 0x0003, 0x3801, 0x3801, 0x0040, 0x08a0, 
	0x0081, 0x0020, 0x0065, 0x0045, 0x1000, 0x2041, 0x2841, 0x1800, 0x0060, 0x0080, 0x0001, 0x0021, 0x0022, 0x0001, 0x2800, 0x3021, 
	0x0800, 0x0800, 0x0060, 0x0020, 0x0023, 0x0043, 0x0800, 0x1001, 0x2821, 0x2000, 0x0020, 0x0080, 0x0020, 0x0020, 0x0043, 0x0002, 
	0x2000, 0x3842, 0x2040, 0x1000, 0x0100, 0x00c0, 0x0003, 0x0085, 0x0043, 0x0002, 0x2000, 0x2000, 0x0020, 0x0060, 0x0080, 0x0020, 
	0x0044, 0x0043, 0x1000, 0x1821, 0x2841, 0x1800, 0x00e0, 0x0120, 0x0042, 0x0062, 0x0065, 0x0003, 0x2800, 0x3021, 0x1040, 0x1040, 
	0x0121, 0x00a0, 0x0024, 0x0086, 0x0802, 0x0001, 0x2821, 0x2800, 0x0040, 0x00c0, 0x0061, 0x0020, 0x0085, 0x0044, 0x1800, 0x2822, 
	0x2841, 0x1800, 0x0100, 0x0100, 0x0023, 0x0084, 0x0064, 0x0003, 0x3800, 0x4021, 0x0060, 0x10c0, 0x0982, 0x00c0, 0x0068, 0x08c9, 
	0x01d7, 0x0196, 0x3801, 0x4844, 0x20a0, 0x28a0, 0x0c41, 0x03a0, 0x00ac, 0x09b0, 0x192e, 0x002a, 0x5021, 0x4800, 0x0160, 0x1b03, 
	0x0a84, 0x0120, 0x0151, 0x0131, 0x2001, 0x3043, 0x2860, 0x1800, 0x0260, 0x0260, 0x0066, 0x0929, 0x10ea, 0x0007, 0x3801, 0x3801, 
	0x0060, 0x1141, 0x0982, 0x00a0, 0x0089, 0x00a9, 0x1000, 0x2022, 0x2841, 0x1800, 0x0160, 0x01a0, 0x0042, 0x0083, 0x0886, 0x0004, 
	0x3000, 0x3821, 0x0040, 0x08a0, 0x0941, 0x0080, 0x0046, 0x00a7, 0x0801, 0x1022, 0x2841, 0x2000, 0x00a0, 0x0921, 0x0061, 0x0041, 
	0x1024, 0x1004, 0xd804, 0xf087, 0x3960, 0x5a82, 0x26e7, 0x04a0, 0x01d7, 0x135d, 0x48cd, 0x50ed, 0xf947, 0xc801, 0x0440, 0x36c6, 
	0x0c8c, 0x02a5, 0x137f, 0x027b, 0x5802, 0x7086, 0x48c1, 0x3840, 0x0bc1, 0x0340, 0x008c, 0x0990, 0x110c, 0x0008, 0x4801, 0x4000, 
	0x00a0, 0x11c1, 0x09a2, 0x00a0, 0x00ec, 0x00ec, 0x1000, 0x2042, 0x2041, 0x1800, 0x0180, 0x01a0, 0x0043, 0x00a5, 0x08c8, 0x0005, 
	0x3000, 0x3821, 0x0040, 0x10e0, 0x09a1, 0x00c0, 0x0067, 0x00c8, 0x1001, 0x1822, 0x4042, 0x3000, 0x0120, 0x09e1, 0x00c3, 0x0082, 
	0x090a, 0x0068, 0x2800, 0x4042, 0x1840, 0x1020, 0x09a1, 0x0120, 0x0025, 0x00c7, 0x0864, 0x0003, 0x3821, 0x3801, 0x0040, 0x08c1, 
	0x00a1, 0x0040, 0x0065, 0x0045, 0x1000, 0x2022, 0x2841, 0x1800, 0x0080, 0x0080, 0x0001, 0x0022, 0x0022, 0x0001, 0x2800, 0x3021, 
	0x0800, 0x0800, 0x0060, 0x0020, 0x0023, 0x0043, 0x0800, 0x1001, 0x2841, 0x2000, 0x0020, 0x0080, 0x0020, 0x0020, 0x0043, 0x0002, 
	0x2000, 0x3842, 0x2040, 0x1000, 0x0100, 0x00e0, 0x0003, 0x0085, 0x0043, 0x0002, 0x2000, 0x2000, 0x0020, 0x0860, 0x0081, 0x0020, 
	0x0043, 0x0043, 0x1000, 0x2041, 0x2841, 0x1800, 0x00e0, 0x0120, 0x0042, 0x0063, 0x0865, 0x0003, 0x2800, 0x3021, 0x0820, 0x1040, 
	0x0921, 0x00a0, 0x0025, 0x0086, 0x0802, 0x0001, 0x3001, 0x2800, 0x0040, 0x08c0, 0x0081, 0x0020, 0x0065, 0x0045, 0x1800, 0x2842, 
	0x2841, 0x1800, 0x0100, 0x0120, 0x0023, 0x0085, 0x0865, 0x0003, 0x3800, 0x4042, 0x0060, 0x10c0, 0x09a1, 0x00c0, 0x0068, 0x08ca, 
	0x01b7, 0x0196, 0x3002, 0x4044, 0x28a0, 0x2880, 0x0be1, 0x03a0, 0x008a, 0x09ae, 0x192e, 0x002a, 0x4801, 0x4801, 0x0120, 0x1aa2, 
	0x1285, 0x0100, 0x0130, 0x0151, 0x2001, 0x2823, 0x2861, 0x1800, 0x0200, 0x0a40, 0x0064, 0x00e7, 0x10ea, 0x0026, 0x3000, 0x3021, 
	0x0060, 0x0901, 0x0982, 0x00a0, 0x0047, 0x08a8, 0x0801, 0x1822, 0x2841, 0x1800, 0x0100, 0x0961, 0x0042, 0x0062, 0x0886, 0x0004, 
	0x2800, 0x3021, 0x0040, 0x0860, 0x0921, 0x0080, 0x0025, 0x08a6, 0x0802, 0x0802, 0x2841, 0x1800, 0x0060, 0x08e0, 0x0061, 0x0040, 
	0x0824, 0x0803, 0xb003, 0xd8a7, 0x4160, 0x51c0, 0x2666, 0x0480, 0x0153, 0x131a, 0x410e, 0x308c, 0xe0e6, 0xc002, 0x0340, 0x35e5, 
	0x148a, 0x0242, 0x12fd, 0x027b, 0x4001, 0x6065, 0x50c2, 0x3000, 0x0320, 0x0320, 0x0069, 0x094c, 0x110c, 0x0007, 0x3800, 0x4021, 
	0x0080, 0x1141, 0x09c3, 0x00a0, 0x0089, 0x00ca, 0x1001, 0x1822, 0x2041, 0x1800, 0x0120, 0x0981, 0x0042, 0x0063, 0x08a7, 0x0024, 
	0x2000, 0x2821, 0x0040, 0x0880, 0x0961, 0x00c0, 0x0025, 0x0086, 0x0802, 0x0802, 0x3821, 0x2800, 0x00c0, 0x0981, 0x00c2, 0x0060, 
	0x00c8, 0x0067, 0x1800, 0x2842, 0x1840, 0x1000, 0x0140, 0x0120, 0x0023, 0x0084, 0x0843, 0x0002, 0x2800, 0x2801, 0x0020, 0x0060, 
	0x0080, 0x0020, 0x0023, 0x0043, 0x0800, 0x1021, 0x2041, 0x1800, 0x0040, 0x0060, 0x0000, 0x0021, 0x0022, 0x0001, 0x1800, 0x2021, 
	0x0820, 0x0800, 0x0060, 0x0020, 0x0001, 0x0021, 0x0000, 0x0800, 0x2001, 0x1800, 0x0020, 0x0040, 0x0020, 0x0000, 0x0022, 0x0002, 
	0x1800, 0x2021, 0x2041, 0x1000, 0x00a0, 0x00a0, 0x0001, 0x0042, 0x0042, 0x0001, 0x1000, 0x1000, 0x0000, 0x0020, 0x0040, 0x0020, 
	0x0022, 0x0022, 0x0800, 0x0800, 0x2021, 0x1800, 0x0060, 0x00c0, 0x0021, 0x0041, 0x0043, 0x0002, 0x1000, 0x2021, 0x1020, 0x0800, 
	0x00a0, 0x0080, 0x0002, 0x0043, 0x0001, 0x0001, 0x1800, 0x1801, 0x0020, 0x0060, 0x0081, 0x0020, 0x0023, 0x0022, 0x0800, 0x1001, 
	0x2041, 0x1000, 0x0080, 0x00c0, 0x0001, 0x0042, 0x0043, 0x0002, 0x2000, 0x2841, 0x0840, 0x0840, 0x0921, 0x00a0, 0x0024, 0x0085, 
	0x0068, 0x00ca, 0x0801, 0x0801, 0x1841, 0x1000, 0x0100, 0x09a1, 0x0022, 0x0063, 0x08a7, 0x0024, 0x1000, 0x1821, 0x0020, 0x0060, 
	0x0941, 0x0060, 0x0044, 0x0085, 0x0001, 0x0001, 0x1020, 0x0800, 0x0040, 0x08c1, 0x0041, 0x0020, 0x0043, 0x0022, 0x0800, 0x1000, 
	0x0000, 0x0000, 0x0060, 0x0040, 0x0001, 0x0021, 0x0000, 0x0000, 0x0800, 0x0800, 0x0020, 0x0060, 0x0020, 0x0000, 0x0021, 0x0001, 
	0x0800, 0x0820, 0x0020, 0x0000, 0x0040, 0x0040, 0x0001, 0x0001, 0x0000, 0x0000, 0x0800, 0x0800, 0x0000, 0x0020, 0x0020, 0x0000, 
	0x0001, 0x0001, 0x2800, 0x4021, 0x3882, 0x1800, 0x0180, 0x0201, 0x0005, 0x00a7, 0x10c8, 0x0004, 0x4000, 0x5042, 0x0040, 0x0900, 
	0x1203, 0x0080, 0x008a, 0x092c, 0x0000, 0x0800, 0x2041, 0x1000, 0x0060, 0x0900, 0x0001, 0x0021, 0x0064, 0x0003, 0x0000, 0x0820, 
	0x0000, 0x0000, 0x0060, 0x0020, 0x0001, 0x0021, 0x0000, 0x0000, 0x0800, 0x0000, 0x0000, 0x0040, 0x0020, 0x0000, 0x0001, 0x0000, 
	0x0000, 0x0000, 0x0000, 0x0000, 0x0020, 0x0020, 0x0000, 0x0000, 0x0000, 0x0000, 0x0800, 0x0800, 0x0000, 0x0000, 0x0040, 0x0000, 
	0x0001, 0x0021, 0x0000, 0x0000, 0x0820, 0x0000, 0x0020, 0x0040, 0x0000, 0x0000, 0x0000, 0x0000, 0x0000, 0x0000, 0x0000, 0x0000, 
	0x0000, 0x0000, 0x0000, 0x0000, 0x0000, 0x0000, 0x0000, 0x0000, 0x0000, 0x0000, 0x0000, 0x0000, 0x0000, 0x0000, 0x0000, 0x0000, 
	0x0000, 0x0000, 0x0000, 0x0000, 0x0000, 0x0000, 0x0000, 0x0000, 0x0000, 0x0000, 0x0000, 0x0000, 0x0000, 0x0000, 0x0000, 0x0000, 
	0x0000, 0x0000, 0x0000, 0x0000, 0x0000, 0x0000, 0x0000, 0x0000, 0x0000, 0x0000, 0x0000, 0x0000, 0x0000, 0x0000, 0x0000, 0x0000, 
	0x0000, 0x0000, 0x0000, 0x0000, 0x0000, 0x0000, 0x0000, 0x0000, 0x0000, 0x0000, 0x0000, 0x0000, 0x0000, 0x0000, 0x0000, 0x0000, 
	0x0000, 0x0000, 0x0000, 0x0000, 0x0000, 0x0000, 0x0000, 0x0000, 0x0000, 0x0000, 0x0000, 0x0000, 0x0000, 0x0000, 0x0000, 0x0000, 
	0x0000, 0x0000, 0x0000, 0x0000, 0x0000, 0x0000, 0x0000, 0x0000, 0x0000, 0x0000, 0x0000, 0x0000, 0x0000, 0x0000, 0x0000, 0x0000, 
	0x0022, 0x0022, 0x0000, 0x0000, 0x0000, 0x0000, 0x0040, 0x0040, 0x0000, 0x0001, 0x0000, 0x0000, 0x0000, 0x0000, 0x0000, 0x0000, 
	0x0000, 0x0000, 0x0000, 0x0000, 0x0000, 0x0000, 0x0000, 0x0000, 0x0000, 0x0000, 0x0000, 0x0000, 0x0000, 0x0000, 0x0000, 0x0000, 
	0x0000, 0x0000, 0x0000, 0x0000, 0x0000, 0x0000, 0x0000, 0x0000, 0x0000, 0x0000, 0x0000, 0x0000, 0x0000, 0x0000, 0x0000, 0x0000, 
	0x0000, 0x0000, 0x0000, 0x0000, 0x0000, 0x0000, 0x0000, 0x0000, 0x0000, 0x0000, 0x0000, 0x0000, 0x0000, 0x0000, 0x0000, 0x0000, 
	0x0800, 0x0800, 0x4801, 0x4801, 0x0040, 0x1120, 0x0a82, 0x0180, 0x0069, 0x090b, 0x0885, 0x0004, 0x0000, 0x0000, 0x0020, 0x0040, 
	0x0000, 0x0000, 0x0000, 0x0000, 0x4801, 0x5863, 0x1040, 0x1880, 0x0b01, 0x0260, 0x0067, 0x094b, 0x10e9, 0x0006, 0x2040, 0x1000, 
	0x0060, 0x00e0, 0x00c1, 0x0040, 0x0065, 0x0065, 0x0000, 0x0000, 0x0000, 0x0000, 0x0020, 0x0020, 0x0000, 0x0000, 0x0000, 0x0000, 
	0x0800, 0x0800, 0x0000, 0x0020, 0x0020, 0x0000, 0x0001, 0x0001, 0x0000, 0x0000, 0x0020, 0x0000, 0x0020, 0x0020, 0x0000, 0x0000, 
	0x0000, 0x0000, 0x0800, 0x0800, 0x0000, 0x0000, 0x0000, 0x0000, 0x0000, 0x0000, 0x0000, 0x0000, 0x0020, 0x0000, 0x0000, 0x0000, 
	0x0000, 0x0000, 0x0000, 0x0000, 0x0000, 0x0800, 0x0000, 0x0000, 0x0000, 0x0000, 0x0000, 0x0000, 0x0000, 0x0000, 0x0800, 0x0800, 
	0x0000, 0x0000, 0x0000, 0x0000, 0x0000, 0x0000, 0x0000, 0x0000, 0x0800, 0x0000, 0x0000, 0x0000, 0x0000, 0x0000, 0x0000, 0x0000, 
	0x0000, 0x0800, 0x0000, 0x0000, 0x0000, 0x0000, 0x0000, 0x0000, 0x0000, 0x0000, 0x0800, 0x0800, 0x0000, 0x0000, 0x0000, 0x0000, 
	0x0000, 0x0000, 0x0000, 0x0820, 0x0800, 0x0000, 0x0000, 0x0000, 0x0000, 0x0000, 0x0000, 0x0000, 0x0000, 0x0800, 0x0000, 0x0000, 
	0x0000, 0x0000, 0x0000, 0x0000, 0x0000, 0x0000, 0x0820, 0x0000, 0x0000, 0x0000, 0x0000, 0x0000, 0x0000, 0x0000, 0x0000, 0x0800, 
	0x0000, 0x0000, 0x0020, 0x0020, 0x0000, 0x0000, 0x0000, 0x0000, 0x0800, 0x0800, 0x0000, 0x0040, 0x0080, 0x0020, 0x0002, 0x0022, 
	0x0150, 0x00ef, 0x2000, 0x2842, 0x0820, 0x1040, 0x0a21, 0x01c0, 0x0025, 0x00e8, 0x08a7, 0x0004, 0x2821, 0x2000, 0x0040, 0x08c0, 
	0x00a1, 0x0020, 0x0044, 0x0044, 0x1000, 0x1841, 0x1000, 0x0800, 0x0060, 0x0060, 0x0001, 0x0021, 0x0001, 0x0001, 0x2821, 0x2000, 
	0x0000, 0x0000, 0x0000, 0x0000, 0x0022, 0x0022, 0x0800, 0x1821, 0x1821, 0x0800, 0x0000, 0x0000, 0x0000, 0x0001, 0x0001, 0x0000, 
	0x1800, 0x1820, 0x0000, 0x0000, 0x0000, 0x0000, 0x0000, 0x0000, 0x0000, 0x0800, 0x0820, 0x0800, 0x0000, 0x0000, 0x0000, 0x0000, 
	0x0800, 0x1000, 0xc804, 0xe0a7, 0x1920, 0x4aa2, 0x2ee7, 0x0460, 0x0195, 0x1b3c, 0x198e, 0x0029, 0x3021, 0x2800, 0x00a0, 0x0961, 
	0x00a1, 0x0040, 0x0844, 0x0003, 0xa802, 0xe129, 0x6161, 0x5920, 0x1745, 0x0620, 0x0171, 0x1379, 0x2a34, 0x006d, 0x8843, 0x7801, 
	0x0140, 0x1ae2, 0x1284, 0x0100, 0x0952, 0x0131, 0x0801, 0x1822, 0x1820, 0x1000, 0x00c0, 0x00e0, 0x0001, 0x0042, 0x0844, 0x0002, 
	0x2800, 0x2821, 0x0020, 0x0880, 0x08e1, 0x0060, 0x0024, 0x0044, 0x0800, 0x1821, 0x3041, 0x2000, 0x0060, 0x00c0, 0x0021, 0x0021, 
	0x0043, 0x0002, 0x1800, 0x2841, 0x1020, 0x0800, 0x0040, 0x0020, 0x0001, 0x0022, 0x0001, 0x0801, 0x2821, 0x2000, 0x0000, 0x0000, 
	0x0000, 0x0000, 0x0000, 0x0000, 0x1000, 0x2041, 0x2041, 0x1000, 0x0000, 0x0000, 0x0000, 0x0000, 0x0000, 0x0000, 0x2801, 0x3021, 
	0x0800, 0x0000, 0x0000, 0x0000, 0x0000, 0x0000, 0x0800, 0x1020, 0x2821, 0x1800, 0x0000, 0x0000, 0x0000, 0x0000, 0x0000, 0x0000, 
	0x1800, 0x2041, 0x1000, 0x0800, 0x0000, 0x0000, 0x0000, 0x0000, 0x0000, 0x0000, 0x3001, 0x2801, 0x0000, 0x0000, 0x0000, 0x0000, 
	0x0001, 0x0001, 0x1000, 0x2041, 0x2841, 0x1800, 0x0020, 0x0020, 0x0001, 0x0021, 0x0022, 0x0001, 0x1800, 0x2021, 0x0800, 0x0000, 
	0x0020, 0x0020, 0x0002, 0x0022, 0x0000, 0x0001, 0x2021, 0x1800, 0x0000, 0x0040, 0x0020, 0x0000, 0x0022, 0x0001, 0x1000, 0x1821, 
	0x1820, 0x1000, 0x0080, 0x0080, 0x0001, 0x0042, 0x0022, 0x0001, 0x2800, 0x3021, 0x0020, 0x08a0, 0x0941, 0x0080, 0x0045, 0x0086, 
	0x0173, 0x0132, 0x2801, 0x3843, 0x2060, 0x1840, 0x0a81, 0x0200, 0x0046, 0x0929, 0x10a8, 0x0005, 0x3821, 0x3000, 0x0040, 0x08e1, 
	0x00e1, 0x0040, 0x0066, 0x0066, 0x1800, 0x2022, 0x2041, 0x1000, 0x0080, 0x00a0, 0x0001, 0x0022, 0x0022, 0x0001, 0x3801, 0x3801, 
	0x0000, 0x0000, 0x0040, 0x0000, 0x0022, 0x0022, 0x1000, 0x2022, 0x3041, 0x1800, 0x0000, 0x0000, 0x0000, 0x0000, 0x0001, 0x0001, 
	0x2000, 0x2821, 0x0800, 0x0000, 0x0000, 0x0000, 0x0000, 0x0001, 0x0800, 0x0800, 0x1820, 0x1000, 0x0000, 0x0000, 0x0000, 0x0000, 
	0x1000, 0x1801, 0xd804, 0xf067, 0x3980, 0x5262, 0x26e7, 0x04a0, 0x01b6, 0x1b5d, 0x21b0, 0x002a, 0x3841, 0x2800, 0x00c0, 0x0961, 
	0x00c1, 0x0040, 0x0845, 0x0004, 0xb002, 0xe8e8, 0x79c3, 0x6120, 0x1726, 0x0622, 0x0191, 0x1399, 0x2a75, 0x008d, 0x9003, 0x9002, 
	0x0140, 0x22e2, 0x12c5, 0x0140, 0x0133, 0x0153, 0x1002, 0x1823, 0x2040, 0x1000, 0x00e0, 0x0100, 0x0002, 0x0043, 0x0865, 0x0003, 
	0x2800, 0x3021, 0x0020, 0x0860, 0x00e1, 0x0060, 0x0024, 0x0065, 0x1000, 0x1822, 0x3842, 0x2800, 0x0080, 0x00e0, 0x0041, 0x0020, 
	0x0064, 0x0023, 0x2000, 0x3041, 0x1821, 0x1000, 0x0060, 0x0040, 0x0002, 0x0022, 0x0001, 0x0801, 0x3821, 0x3000, 0x0000, 0x0000, 
	0x0000, 0x0000, 0x0000, 0x0000, 0x1800, 0x2821, 0x3042, 0x1800, 0x0000, 0x0000, 0x0000, 0x0000, 0x0000, 0x0000, 0x3000, 0x3821, 
	0x1000, 0x0800, 0x0000, 0x0000, 0x0000, 0x0000, 0x0800, 0x1021, 0x3041, 0x2000, 0x0000, 0x0000, 0x0000, 0x0000, 0x0000, 0x0000, 
	0x1800, 0x2821, 0x1821, 0x0800, 0x0000, 0x0000, 0x0000, 0x0000, 0x0000, 0x0800, 0x3001, 0x3001, 0x0800, 0x0000, 0x0000, 0x0000, 
	0x0001, 0x0001, 0x1000, 0x2841, 0x3042, 0x2000, 0x0020, 0x0020, 0x0001, 0x0021, 0x0022, 0x0002, 0x2000, 0x2821, 0x1020, 0x0800, 
	0x0040, 0x0020, 0x0002, 0x0023, 0x0001, 0x0001, 0x2821, 0x2000, 0x0020, 0x0060, 0x0040, 0x0000, 0x0022, 0x0002, 0x1000, 0x2021, 
	0x1821, 0x1000, 0x0080, 0x0080, 0x0001, 0x0042, 0x0042, 0x0001, 0x2800, 0x3021, 0x0040, 0x08a0, 0x0941, 0x0080, 0x0066, 0x00a7, 
	0x0173, 0x0132, 0x2801, 0x3843, 0x2060, 0x1840, 0x0a81, 0x0200, 0x0026, 0x090a, 0x10c8, 0x0006, 0x3821, 0x3000, 0x0060, 0x0900, 
	0x00c1, 0x0040, 0x0066, 0x0066, 0x1800, 0x2822, 0x2041, 0x1000, 0x0080, 0x0080, 0x0001, 0x0022, 0x0022, 0x0001, 0x3801, 0x3801, 
	0x0000, 0x0800, 0x0040, 0x0020, 0x0002, 0x0023, 0x1000, 0x2021, 0x2841, 0x1800, 0x0000, 0x0020, 0x0000, 0x0001, 0x0022, 0x0001, 
	0x2000, 0x2821, 0x0800, 0x0000, 0x0000, 0x0000, 0x0001, 0x0021, 0x0000, 0x0800, 0x1820, 0x1000, 0x0000, 0x0000, 0x0000, 0x0000, 
	0x1000, 0x1801, 0xd004, 0xf087, 0x3160, 0x5262, 0x26c8, 0x0480, 0x01b6, 0x135d, 0x21d0, 0x004a, 0x3821, 0x3000, 0x00a0, 0x0961, 
	0x00c1, 0x0040, 0x0845, 0x0005, 0xb002, 0xe0e8, 0x71a2, 0x6100, 0x1726, 0x0622, 0x0191, 0x1379, 0x3275, 0x008d, 0x9003, 0x8802, 
	0x0140, 0x22e2, 0x12c5, 0x0140, 0x0153, 0x0153, 0x1002, 0x1823, 0x2020, 0x1000, 0x00e0, 0x0100, 0x0022, 0x0063, 0x0865, 0x0003, 
	0x3000, 0x3821, 0x0020, 0x0860, 0x0901, 0x0060, 0x0024, 0x0065, 0x0801, 0x1822, 0x3842, 0x2800, 0x0060, 0x00e0, 0x0041, 0x0020, 
	0x0064, 0x0023, 0x2000, 0x3041, 0x1821, 0x0800, 0x0060, 0x0040, 0x0001, 0x0022, 0x0800, 0x0801, 0x3821, 0x3000, 0x0000, 0x0000, 
	0x0000, 0x0000, 0x0000, 0x0000, 0x1800, 0x2822, 0x2842, 0x1800, 0x0000, 0x0000, 0x0000, 0x0000, 0x0000, 0x0000, 0x3000, 0x3821, 
	0x1000, 0x0800, 0x0000, 0x0000, 0x0000, 0x0000, 0x0800, 0x1001, 0x3022, 0x2000, 0x0000, 0x0000, 0x0000, 0x0000, 0x0001, 0x0000, 
	0x1800, 0x2841, 0x1820, 0x0800, 0x0000, 0x0000, 0x0000, 0x0000, 0x0000, 0x0000, 0x3001, 0x3001, 0x0000, 0x0000, 0x0000, 0x0000, 
	0x0001, 0x0001, 0x1000, 0x2841, 0x3041, 0x2000, 0x0020, 0x0040, 0x0000, 0x0021, 0x0023, 0x0002, 0x2000, 0x2821, 0x1000, 0x0800, 
	0x0040, 0x0020, 0x0002, 0x0022, 0x0001, 0x0001, 0x2020, 0x2000, 0x0000, 0x0040, 0x0020, 0x0000, 0x0043, 0x0002, 0x1000, 0x2021, 
	0x2041, 0x1000, 0x00a0, 0x00a0, 0x0001, 0x0022, 0x0022, 0x0001, 0x2800, 0x3021, 0x0040, 0x08a0, 0x0941, 0x00a0, 0x0046, 0x0087, 
	0x0173, 0x0132, 0x2801, 0x3843, 0x2060, 0x1840, 0x0a81, 0x0220, 0x0046, 0x0909, 0x10a8, 0x0006, 0x3821, 0x3000, 0x0060, 0x0900, 
	0x00e1, 0x0040, 0x0066, 0x0066, 0x1800, 0x2842, 0x2041, 0x1000, 0x0060, 0x0060, 0x0001, 0x0021, 0x0022, 0x0001, 0x3801, 0x3801, 
	0x0000, 0x0820, 0x0040, 0x0000, 0x0022, 0x0022, 0x1000, 0x2022, 0x2841, 0x1800, 0x0000, 0x0020, 0x0000, 0x0001, 0x0022, 0x0001, 
	0x2000, 0x2821, 0x0000, 0x0000, 0x0000, 0x0000, 0x0001, 0x0001, 0x0000, 0x0800, 0x1820, 0x1000, 0x0000, 0x0000, 0x0000, 0x0000, 
	0x1000, 0x1801, 0xd804, 0xf087, 0x3960, 0x5262, 0x26c7, 0x0480, 0x01b6, 0x1b5d, 0x21d0, 0x002a, 0x4021, 0x3000, 0x00a0, 0x0961, 
	0x00c2, 0x0040, 0x0845, 0x0004, 0xb802, 0xe0c7, 0x79a2, 0x6920, 0x1706, 0x0622, 0x0192, 0x1379, 0x3275, 0x008d, 0x9003, 0x9002, 
	0x0140, 0x22e2, 0x12a5, 0x0120, 0x0153, 0x0153, 0x1001, 0x1822, 0x2020, 0x1000, 0x00e0, 0x0100, 0x0022, 0x0063, 0x0865, 0x0003, 
	0x3000, 0x3821, 0x0820, 0x1060, 0x0921, 0x0080, 0x0044, 0x0065, 0x1000, 0x1822, 0x3842, 0x2800, 0x0060, 0x08c0, 0x0041, 0x0020, 
	0x0065, 0x0024, 0x2000, 0x3042, 0x1821, 0x0800, 0x0060, 0x0040, 0x0001, 0x0022, 0x0801, 0x0801, 0x3021, 0x3000, 0x0000, 0x0000, 
	0x0000, 0x0000, 0x0001, 0x0000, 0x1800, 0x2841, 0x2841, 0x1800, 0x0000, 0x0000, 0x0000, 0x0000, 0x0000, 0x0000, 0x3000, 0x3821, 
	0x1000, 0x0800, 0x0000, 0x0000, 0x0000, 0x0000, 0x0800, 0x1021, 0x3021, 0x2800, 0x0000, 0x0000, 0x0000, 0x0000, 0x0000, 0x0000, 
	0x1800, 0x2821, 0x1821, 0x0800, 0x0000, 0x0000, 0x0001, 0x0021, 0x0000, 0x0000, 0x3001, 0x3001, 0x0000, 0x0000, 0x0000, 0x0000, 
	0x0001, 0x0001, 0x1000, 0x2841, 0x3842, 0x2000, 0x0020, 0x0040, 0x0001, 0x0022, 0x0023, 0x0002, 0x2000, 0x2821, 0x1020, 0x0800, 
	0x0040, 0x0020, 0x0002, 0x0043, 0x0000, 0x0000, 0x2821, 0x2000, 0x0000, 0x0040, 0x0021, 0x0000, 0x0043, 0x0023, 0x1000, 0x2021, 
	0x2041, 0x1000, 0x00a0, 0x00a0, 0x0001, 0x0042, 0x0022, 0x0001, 0x2800, 0x3021, 0x0040, 0x08a0, 0x0941, 0x00a0, 0x0046, 0x0087, 
	0x0173, 0x0132, 0x2801, 0x3843, 0x2060, 0x1840, 0x0a81, 0x0220, 0x0046, 0x0909, 0x10a8, 0x0005, 0x3801, 0x3801, 0x0040, 0x08e1, 
	0x00e1, 0x0040, 0x0065, 0x0065, 0x1800, 0x2041, 0x2021, 0x1000, 0x0080, 0x0060, 0x0001, 0x0021, 0x0002, 0x0001, 0x3001, 0x3821, 
	0x0000, 0x0000, 0x0040, 0x0000, 0x0023, 0x0043, 0x1000, 0x2042, 0x2841, 0x1800, 0x0000, 0x0020, 0x0000, 0x0001, 0x0022, 0x0001, 
	0x2800, 0x2821, 0x0800, 0x0000, 0x0000, 0x0000, 0x0001, 0x0001, 0x0000, 0x0800, 0x1820, 0x1000, 0x0000, 0x0000, 0x0000, 0x0000, 
	0x1000, 0x1801, 0xd803, 0xf066, 0x3980, 0x5262, 0x26c7, 0x0480, 0x01b6, 0x1b5d, 0x21d0, 0x002a, 0x3821, 0x3000, 0x00a0, 0x0961, 
	0x00c2, 0x0040, 0x0846, 0x0005, 0xb802, 0xe0a8, 0x7182, 0x6901, 0x1705, 0x0601, 0x0191, 0x1379, 0x2a75, 0x008d, 0x9003, 0x8802, 
	0x0140, 0x22e2, 0x12a5, 0x0120, 0x0153, 0x0133, 0x1001, 0x1822, 0x2020, 0x1000, 0x00e0, 0x0100, 0x0022, 0x0063, 0x0865, 0x0003, 
	0x2800, 0x3021, 0x0020, 0x0860, 0x0901, 0x0060, 0x0044, 0x0085, 0x1000, 0x1822, 0x3842, 0x2800, 0x0060, 0x00c0, 0x0041, 0x0021, 
	0x0065, 0x0023, 0x2000, 0x3041, 0x1821, 0x0800, 0x0060, 0x0040, 0x0002, 0x0043, 0x0801, 0x0801, 0x3021, 0x3000, 0x0000, 0x0000, 
	0x0000, 0x0000, 0x0001, 0x0001, 0x1800, 0x2842, 0x2841, 0x1800, 0x0000, 0x0000, 0x0000, 0x0000, 0x0000, 0x0000, 0x3000, 0x3821, 
	0x1000, 0x0800, 0x0000, 0x0000, 0x0000, 0x0000, 0x0800, 0x1021, 0x3021, 0x2000, 0x0000, 0x0000, 0x0000, 0x0000, 0x0000, 0x0000, 
	0x1800, 0x2841, 0x1820, 0x0800, 0x0000, 0x0000, 0x0001, 0x0001, 0x0000, 0x0000, 0x3001, 0x3001, 0x0000, 0x0000, 0x0000, 0x0000, 
	0x0002, 0x0002, 0x1000, 0x2841, 0x3842, 0x2000, 0x0020, 0x0040, 0x0001, 0x0022, 0x0043, 0x0002, 0x2000, 0x2841, 0x1020, 0x0800, 
	0x0040, 0x0020, 0x0002, 0x0022, 0x0001, 0x0001, 0x2801, 0x2000, 0x0000, 0x0040, 0x0020, 0x0000, 0x0043, 0x0022, 0x1000, 0x1821, 
	0x2021, 0x1000, 0x0080, 0x0080, 0x0001, 0x0042, 0x0023, 0x0002, 0x2800, 0x3021, 0x0020, 0x0880, 0x0921, 0x0080, 0x0025, 0x0066, 
	0x0173, 0x0132, 0x2801, 0x3843, 0x2060, 0x1840, 0x0a61, 0x0200, 0x0027, 0x090a, 0x10c8, 0x0025, 0x3801, 0x3800, 0x0060, 0x0901, 
	0x08c1, 0x0040, 0x0066, 0x0066, 0x1800, 0x2822, 0x2021, 0x1000, 0x0080, 0x0060, 0x0001, 0x0022, 0x0002, 0x0001, 0x3001, 0x3001, 
	0x0000, 0x0000, 0x0040, 0x0000, 0x0023, 0x0043, 0x1000, 0x2022, 0x2841, 0x1800, 0x0000, 0x0020, 0x0000, 0x0001, 0x0022, 0x0001, 
	0x2000, 0x2821, 0x0800, 0x0000, 0x0000, 0x0000, 0x0001, 0x0001, 0x0000, 0x0800, 0x1820, 0x1000, 0x0000, 0x0000, 0x0000, 0x0000, 
	0x1000, 0x1001, 0xd804, 0xf067, 0x3160, 0x5282, 0x26c7, 0x0480, 0x01b6, 0x1b5d, 0x21cf, 0x0029, 0x4021, 0x3000, 0x00a0, 0x0961, 
	0x00e2, 0x0060, 0x0846, 0x0005, 0xb802, 0xe8a7, 0x7182, 0x6920, 0x1725, 0x0601, 0x0192, 0x137a, 0x3255, 0x008d, 0x9022, 0x8801, 
	0x0140, 0x22e2, 0x12a5, 0x0120, 0x0153, 0x0133, 0x1001, 0x1822, 0x2020, 0x1000, 0x00e0, 0x0100, 0x0002, 0x0063, 0x0885, 0x0004, 
	0x3000, 0x3021, 0x0040, 0x0880, 0x0101, 0x0080, 0x0045, 0x0085, 0x1001, 0x1822, 0x3842, 0x2800, 0x0060, 0x00c0, 0x0041, 0x0021, 
	0x0065, 0x0003, 0x2000, 0x3041, 0x1821, 0x0800, 0x0060, 0x0040, 0x0002, 0x0063, 0x0801, 0x0001, 0x3801, 0x3801, 0x0000, 0x0000, 
	0x0000, 0x0000, 0x0001, 0x0001, 0x1800, 0x3022, 0x2841, 0x1800, 0x0000, 0x0000, 0x0000, 0x0000, 0x0000, 0x0000, 0x3001, 0x3821, 
	0x0800, 0x0800, 0x0000, 0x0000, 0x0000, 0x0000, 0x0800, 0x1021, 0x3021, 0x2000, 0x0000, 0x0000, 0x0000, 0x0000, 0x0000, 0x0000, 
	0x2000, 0x2821, 0x1820, 0x1000, 0x0000, 0x0000, 0x0000, 0x0000, 0x0000, 0x0000, 0x3001, 0x3001, 0x0000, 0x0000, 0x0000, 0x0000, 
	0x0022, 0x0022, 0x1000, 0x2841, 0x3042, 0x2000, 0x0020, 0x0040, 0x0001, 0x0022, 0x0043, 0x0002, 0x2000, 0x2821, 0x1000, 0x0800, 
	0x0040, 0x0020, 0x0002, 0x0023, 0x0801, 0x0801, 0x2821, 0x2000, 0x0020, 0x0060, 0x0020, 0x0000, 0x0043, 0x0023, 0x1000, 0x2021, 
	0x2021, 0x1000, 0x00a0, 0x00a0, 0x0002, 0x0043, 0x0043, 0x0002, 0x2800, 0x3021, 0x0040, 0x10a0, 0x0941, 0x00a0, 0x0025, 0x0086, 
	0x0173, 0x0152, 0x2801, 0x3843, 0x2060, 0x1820, 0x0261, 0x0220, 0x0045, 0x0929, 0x10c9, 0x0006, 0x3001, 0x3001, 0x0040, 0x08e1, 
	0x00e1, 0x0040, 0x0065, 0x0065, 0x1000, 0x2041, 0x2041, 0x1000, 0x0060, 0x0080, 0x0001, 0x0021, 0x0021, 0x0001, 0x3001, 0x3021, 
	0x0000, 0x0020, 0x0060, 0x0020, 0x0022, 0x0043, 0x1000, 0x2021, 0x2842, 0x1800, 0x0020, 0x0020, 0x0000, 0x0000, 0x0021, 0x0001, 
	0x1800, 0x2021, 0x0800, 0x0000, 0x0000, 0x0000, 0x0001, 0x0021, 0x0000, 0x0800, 0x1020, 0x0800, 0x0000, 0x0000, 0x0000, 0x0000, 
	0x0800, 0x1001, 0xc803, 0xe8a7, 0x4160, 0x5201, 0x26a6, 0x0480, 0x0175, 0x1b3c, 0x21d1, 0x002a, 0x3821, 0x3000, 0x0080, 0x0941, 
	0x00e2, 0x0040, 0x0066, 0x0025, 0xa002, 0xd0c8, 0x8162, 0x68c0, 0x0ec3, 0x0621, 0x0170, 0x1338, 0x2a75, 0x006e, 0x8802, 0x8802, 
	0x0100, 0x2282, 0x12c5, 0x0120, 0x0131, 0x0152, 0x1002, 0x1022, 0x2020, 0x1800, 0x00c0, 0x0100, 0x0022, 0x0042, 0x0865, 0x0003, 
	0x2000, 0x3041, 0x0840, 0x0860, 0x0901, 0x0080, 0x0023, 0x0064, 0x0800, 0x1021, 0x3021, 0x2800, 0x0020, 0x0880, 0x0041, 0x0020, 
	0x0043, 0x0023, 0x1800, 0x2821, 0x1821, 0x0800, 0x0060, 0x0040, 0x0001, 0x0042, 0x0801, 0x0001, 0x2821, 0x2821, 0x0000, 0x0000, 
	0x0000, 0x0000, 0x0000, 0x0001, 0x1000, 0x2021, 0x2842, 0x1800, 0x0000, 0x0000, 0x0000, 0x0000, 0x0000, 0x0000, 0x2800, 0x3022, 
	0x1000, 0x0800, 0x0000, 0x0000, 0x0000, 0x0000, 0x0800, 0x0800, 0x2821, 0x2000, 0x0000, 0x0000, 0x0000, 0x0000, 0x0000, 0x0000, 
	0x1000, 0x2021, 0x1820, 0x0800, 0x0000, 0x0000, 0x0000, 0x0000, 0x0000, 0x0000, 0x2801, 0x3001, 0x0000, 0x0000, 0x0020, 0x0000, 
	0x0001, 0x0001, 0x1000, 0x1821, 0x3042, 0x2000, 0x0020, 0x0040, 0x0000, 0x0021, 0x0022, 0x0001, 0x1000, 0x1821, 0x0820, 0x0000, 
	0x0040, 0x0020, 0x0001, 0x0022, 0x0000, 0x0000, 0x1820, 0x1800, 0x0000, 0x0040, 0x0020, 0x0000, 0x0022, 0x0002, 0x0800, 0x1000, 
	0x1841, 0x0800, 0x0060, 0x0080, 0x0001, 0x0021, 0x0022, 0x0001, 0x1800, 0x2021, 0x0020, 0x0860, 0x0901, 0x0080, 0x0023, 0x0064, 
	0x0067, 0x00c8, 0x0801, 0x0801, 0x1821, 0x1000, 0x00c0, 0x0920, 0x0001, 0x0042, 0x0864, 0x0003, 0x1000, 0x1000, 0x0000, 0x0020, 
	0x0060, 0x0020, 0x0001, 0x0021, 0x0000, 0x0800, 0x1020, 0x0800, 0x0020, 0x0020, 0x0000, 0x0000, 0x0001, 0x0000, 0x0800, 0x1000, 
	0x0000, 0x0000, 0x0020, 0x0000, 0x0001, 0x0001, 0x0000, 0x0000, 0x1000, 0x1000, 0x0000, 0x0000, 0x0000, 0x0000, 0x0000, 0x0000, 
	0x0800, 0x0800, 0x0000, 0x0000, 0x0000, 0x0000, 0x0000, 0x0000, 0x0000, 0x0000, 0x0800, 0x0800, 0x0000, 0x0000, 0x0000, 0x0000, 
	0x0000, 0x0000, 0x3800, 0x5042, 0x38c2, 0x1800, 0x0240, 0x0280, 0x0027, 0x010b, 0x114a, 0x0005, 0x1000, 0x1000, 0x0000, 0x0040, 
	0x0060, 0x0000, 0x0001, 0x0021, 0x2800, 0x4021, 0x58c4, 0x3000, 0x01e0, 0x1302, 0x0065, 0x00c7, 0x116c, 0x0027, 0x2000, 0x3841, 
	0x0020, 0x0020, 0x0941, 0x0080, 0x0004, 0x0866, 0x0001, 0x0000, 0x0800, 0x0800, 0x0000, 0x0020, 0x0000, 0x0000, 0x0001, 0x0000, 
	0x0800, 0x0800, 0x0020, 0x0000, 0x0020, 0x0020, 0x0000, 0x0000, 0x0000, 0x0000, 0x1000, 0x1000, 0x0000, 0x0020, 0x0020, 0x0000, 
	0x0001, 0x0001, 0x0000, 0x0800, 0x0800, 0x0000, 0x0020, 0x0020, 0x0000, 0x0000, 0x0000, 0x0000, 0x0800, 0x0800, 0x0000, 0x0000, 
	0x0000, 0x0000, 0x0000, 0x0000, 0x0000, 0x0000, 0x1000, 0x0800, 0x0000, 0x0000, 0x0000, 0x0000, 0x0000, 0x0000, 0x0800, 0x0800, 
	0x0000, 0x0000, 0x0000, 0x0000, 0x0000, 0x0000, 0x0000, 0x0000, 0x0800, 0x0800, 0x0000, 0x0000, 0x0000, 0x0000, 0x0000, 0x0000, 
	0x0000, 0x0000, 0x0820, 0x0000, 0x0000, 0x0000, 0x0000, 0x0000, 0x0000, 0x0000, 0x0000, 0x0800, 0x0000, 0x0000, 0x0000, 0x0000, 
	0x0000, 0x0000, 0x0000, 0x0000, 0x0800, 0x0800, 0x0000, 0x0000, 0x0000, 0x0000, 0x0000, 0x0000, 0x0000, 0x0000, 0x0000, 0x0000, 
	0x0000, 0x0000, 0x0000, 0x0000, 0x0000, 0x0000, 0x0000, 0x0000, 0x0000, 0x0000, 0x0000, 0x0000, 0x0000, 0x0000, 0x0000, 0x0000, 
	0x0000, 0x0000, 0x0000, 0x0000, 0x0000, 0x0000, 0x0000, 0x0000, 0x0000, 0x0800, 0x0000, 0x0000, 0x0020, 0x0020, 0x0000, 0x0000, 
	0x0000, 0x0000, 0x0000, 0x0000, 0x0000, 0x0000, 0x0000, 0x0000, 0x0000, 0x0000, 0x0000, 0x0000, 0x0000, 0x0000, 0x0000, 0x0000, 
	0x0000, 0x0000, 0x0000, 0x0000, 0x0000, 0x0000, 0x0000, 0x0000, 0x0000, 0x0000, 0x0000, 0x0000, 0x0000, 0x0000, 0x0000, 0x0000, 
	0x0000, 0x0000, 0x0000, 0x0000, 0x0000, 0x0000, 0x0000, 0x0000, 0x0000, 0x0000, 0x0000, 0x0000, 0x0000, 0x0000, 0x0000, 0x0000, 
	0x0000, 0x0000, 0x0000, 0x0000, 0x0000, 0x0000, 0x0000, 0x0000, 0x0000, 0x0000, 0x0000, 0x0000, 0x0000, 0x0000, 0x0000, 0x0000, 
	0x0000, 0x0800, 0x3001, 0x3000, 0x0020, 0x08a0, 0x0981, 0x0100, 0x0046, 0x00c8, 0x0065, 0x0004, 0x0000, 0x0000, 0x0000, 0x0000, 
	0x0000, 0x0000, 0x0000, 0x0000, 0x0000, 0x0000, 0x0000, 0x0000, 0x0020, 0x0000, 0x0000, 0x0000, 0x0800, 0x1801, 0x4042, 0x2800, 
	0x00c0, 0x11c1, 0x0183, 0x00a0, 0x00cb, 0x00cb, 0x0001, 0x0822, 0x0000, 0x0000, 0x00a0, 0x00c0, 0x0001, 0x0022, 0x0042, 0x0001, 
	0x0000, 0x0000, 0x0000, 0x0000, 0x0000, 0x0000, 0x0000, 0x0000, 0x0000, 0x0000, 0x0000, 0x0000, 0x0000, 0x0000, 0x0000, 0x0000, 
	0x0000, 0x0000, 0x0000, 0x0000, 0x0000, 0x0000, 0x0000, 0x0000, 0x0000, 0x0000, 0x0000, 0x0000, 0x0000, 0x0000, 0x0000, 0x0000, 
	0x0000, 0x0000, 0x0000, 0x0000, 0x0000, 0x0000, 0x0000, 0x0000, 0x0000, 0x0000, 0x0000, 0x0000, 0x0000, 0x0000, 0x0000, 0x0000, 
	0x0000, 0x0000, 0x0000, 0x0000, 0x0000, 0x0000, 0x0000, 0x0000, 0x0000, 0x0000, 0x0000, 0x0000, 0x0000, 0x0000, 0x0000, 0x0000, 
	0x0000, 0x0000, 0x0000, 0x0000, 0x0000, 0x0000, 0x0000, 0x0000, 0x0000, 0x0000, 0x0000, 0x0000, 0x0000, 0x0000, 0x0000, 0x0000, 
	0x0000, 0x0000, 0x0000, 0x0000, 0x0000, 0x0000, 0x0000, 0x0000, 0x0000, 0x0000, 0x0000, 0x0000, 0x0000, 0x0000, 0x0000, 0x0000, 
	0x0000, 0x0000, 0x0000, 0x0000, 0x0000, 0x0000, 0x0000, 0x0000, 0x0000, 0x0000, 0x0000, 0x0000, 0x0000, 0x0000, 0x0000, 0x0000, 
	0x0000, 0x0000, 0x0000, 0x0000, 0x0000, 0x0000, 0x0000, 0x0000, 0x0000, 0x0000, 0x0000, 0x0020, 0x0020, 0x0000, 0x0001, 0x0001, 
	0x00ca, 0x0089, 0x1000, 0x1821, 0x0800, 0x0000, 0x0040, 0x0040, 0x0000, 0x0001, 0x0001, 0x0001, 0x1820, 0x1000, 0x0000, 0x0000, 
	0x0000, 0x0000, 0x0001, 0x0001, 0x0800, 0x1821, 0x0800, 0x0800, 0x0000, 0x0000, 0x0000, 0x0000, 0x0000, 0x0000, 0x2020, 0x1800, 
	0x0000, 0x0000, 0x0000, 0x0000, 0x0000, 0x0000, 0x0800, 0x1821, 0x1020, 0x0800, 0x0000, 0x0000, 0x0000, 0x0000, 0x0000, 0x0000, 
	0x1800, 0x1800, 0x0000, 0x0000, 0x0000, 0x0000, 0x0000, 0x0000, 0x0000, 0x0000, 0x0800, 0x0800, 0x0000, 0x0000, 0x0000, 0x0000, 
	0x1000, 0x1000, 0xc004, 0xd886, 0x1120, 0x42a2, 0x2686, 0x0420, 0x0155, 0x1afb, 0x118f, 0x0009, 0x0000, 0x0000, 0x0000, 0x0000, 
	0x0000, 0x0000, 0x0000, 0x0000, 0x2000, 0x3042, 0x1020, 0x0800, 0x0160, 0x0100, 0x0002, 0x0043, 0x2801, 0x4044, 0xe8a7, 0xc803, 
	0x02c0, 0x4606, 0x1d4a, 0x0260, 0x0afd, 0x02dd, 0x3803, 0x5087, 0x4881, 0x3000, 0x02e0, 0x0320, 0x0087, 0x012a, 0x114d, 0x0029, 
	0x1800, 0x2000, 0x0000, 0x0020, 0x0080, 0x0020, 0x0002, 0x0043, 0x0800, 0x1001, 0x2021, 0x1000, 0x0000, 0x0020, 0x0000, 0x0000, 
	0x0022, 0x0001, 0x1800, 0x2020, 0x0800, 0x0000, 0x0000, 0x0000, 0x0000, 0x0000, 0x0000, 0x0000, 0x2821, 0x2000, 0x0000, 0x0000, 
	0x0000, 0x0000, 0x0000, 0x0000, 0x1000, 0x2841, 0x1821, 0x1000, 0x0000, 0x0000, 0x0000, 0x0000, 0x0000, 0x0000, 0x2801, 0x2801, 
	0x0800, 0x0000, 0x0000, 0x0000, 0x0000, 0x0000, 0x0800, 0x1020, 0x2821, 0x1800, 0x0000, 0x0000, 0x0000, 0x0000, 0x0000, 0x0000, 
	0x1800, 0x2021, 0x1000, 0x0800, 0x0000, 0x0000, 0x0000, 0x0000, 0x0000, 0x0800, 0x2821, 0x2800, 0x0000, 0x0000, 0x0000, 0x0000, 
	0x0000, 0x0000, 0x1000, 0x2041, 0x2021, 0x1800, 0x0000, 0x0000, 0x0000, 0x0000, 0x0000, 0x0000, 0x1800, 0x2021, 0x0800, 0x0800, 
	0x0000, 0x0000, 0x0000, 0x0000, 0x0000, 0x0000, 0x2020, 0x1800, 0x0000, 0x0000, 0x0000, 0x0000, 0x0000, 0x0000, 0x1000, 0x2041, 
	0x1820, 0x0800, 0x0000, 0x0000, 0x0000, 0x0001, 0x0000, 0x0000, 0x2000, 0x2821, 0x0020, 0x0860, 0x00a0, 0x0040, 0x0024, 0x0045, 
	0x012d, 0x00cc, 0x1800, 0x2842, 0x1821, 0x1000, 0x0080, 0x0060, 0x0001, 0x0022, 0x0801, 0x0001, 0x2821, 0x2800, 0x0000, 0x0000, 
	0x0000, 0x0000, 0x0001, 0x0001, 0x1000, 0x2021, 0x2021, 0x1000, 0x0000, 0x0000, 0x0000, 0x0000, 0x0000, 0x0000, 0x2801, 0x3001, 
	0x0000, 0x0000, 0x0000, 0x0000, 0x0000, 0x0000, 0x1000, 0x2021, 0x2041, 0x1800, 0x0000, 0x0000, 0x0000, 0x0000, 0x0000, 0x0000, 
	0x2000, 0x2821, 0x0800, 0x0000, 0x0000, 0x0000, 0x0000, 0x0000, 0x0000, 0x0800, 0x1020, 0x0800, 0x0000, 0x0000, 0x0000, 0x0000, 
	0x1000, 0x1001, 0xd804, 0xf087, 0x3180, 0x52a2, 0x2686, 0x0460, 0x0177, 0x1afd, 0x11d0, 0x002a, 0x0000, 0x0000, 0x0000, 0x0000, 
	0x0000, 0x0000, 0x0000, 0x0000, 0x2800, 0x3842, 0x2041, 0x1000, 0x0181, 0x0140, 0x0023, 0x0084, 0x2802, 0x4865, 0xf867, 0xf025, 
	0x02e0, 0x45e7, 0x25ac, 0x02c1, 0x0b1f, 0x031e, 0x4004, 0x5887, 0x60c3, 0x4800, 0x0300, 0x0340, 0x00c8, 0x016b, 0x114f, 0x004a, 
	0x2000, 0x2800, 0x0000, 0x0820, 0x0080, 0x0040, 0x0022, 0x0043, 0x0800, 0x1001, 0x2841, 0x1800, 0x0000, 0x0040, 0x0000, 0x0020, 
	0x0022, 0x0002, 0x1800, 0x2841, 0x1021, 0x0800, 0x0000, 0x0000, 0x0000, 0x0001, 0x0000, 0x0800, 0x3021, 0x2800, 0x0000, 0x0000, 
	0x0000, 0x0000, 0x0000, 0x0000, 0x1800, 0x2841, 0x2842, 0x1800, 0x0000, 0x0000, 0x0000, 0x0000, 0x0000, 0x0000, 0x2800, 0x3021, 
	0x0820, 0x0000, 0x0000, 0x0000, 0x0000, 0x0000, 0x0800, 0x1020, 0x3042, 0x2000, 0x0000, 0x0000, 0x0000, 0x0000, 0x0000, 0x0000, 
	0x1800, 0x2841, 0x1821, 0x0800, 0x0000, 0x0000, 0x0000, 0x0000, 0x0000, 0x0800, 0x3021, 0x3001, 0x0000, 0x0000, 0x0000, 0x0000, 
	0x0000, 0x0000, 0x1000, 0x2021, 0x2842, 0x1800, 0x0000, 0x0000, 0x0000, 0x0000, 0x0000, 0x0000, 0x2000, 0x2821, 0x1020, 0x0800, 
	0x0000, 0x0000, 0x0000, 0x0000, 0x0000, 0x0800, 0x2821, 0x2000, 0x0000, 0x0000, 0x0000, 0x0000, 0x0001, 0x0001, 0x1000, 0x2021, 
	0x2041, 0x1000, 0x0020, 0x0020, 0x0000, 0x0001, 0x0001, 0x0000, 0x2800, 0x3021, 0x0020, 0x0860, 0x00e1, 0x0060, 0x0024, 0x0065, 
	0x012d, 0x00ec, 0x2000, 0x2822, 0x2020, 0x1000, 0x0080, 0x0080, 0x0001, 0x0022, 0x0002, 0x0001, 0x2821, 0x2800, 0x0000, 0x0000, 
	0x0000, 0x0000, 0x0001, 0x0001, 0x1000, 0x2021, 0x2021, 0x1000, 0x0000, 0x0000, 0x0000, 0x0000, 0x0000, 0x0000, 0x2801, 0x3001, 
	0x0000, 0x0000, 0x0000, 0x0000, 0x0000, 0x0000, 0x1000, 0x2021, 0x2821, 0x1800, 0x0000, 0x0000, 0x0000, 0x0000, 0x0000, 0x0000, 
	0x2000, 0x2821, 0x0800, 0x0000, 0x0000, 0x0000, 0x0000, 0x0000, 0x0000, 0x0800, 0x1820, 0x1000, 0x0000, 0x0000, 0x0000, 0x0000, 
	0x1000, 0x1801, 0xd804, 0xf067, 0x3180, 0x5aa2, 0x2686, 0x0460, 0x0177, 0x12fc, 0x11d0, 0x002a, 0x0000, 0x0000, 0x0000, 0x0000, 
	0x0000, 0x0000, 0x0000, 0x0000, 0x2800, 0x3842, 0x2040, 0x1800, 0x0180, 0x0140, 0x0023, 0x0064, 0x2802, 0x4865, 0xf846, 0xf005, 
	0x02e0, 0x45e7, 0x1dac, 0x02e0, 0x031e, 0x031e, 0x4004, 0x5887, 0x60a2, 0x4800, 0x0300, 0x0340, 0x00c8, 0x014b, 0x114f, 0x004a, 
	0x2800, 0x2820, 0x0020, 0x0840, 0x00a0, 0x0040, 0x0023, 0x0044, 0x0800, 0x1021, 0x2821, 0x2000, 0x0020, 0x0040, 0x0021, 0x0001, 
	0x0022, 0x0002, 0x1800, 0x2821, 0x1821, 0x0800, 0x0000, 0x0000, 0x0000, 0x0001, 0x0000, 0x0800, 0x3021, 0x2800, 0x0000, 0x0000, 
	0x0000, 0x0000, 0x0021, 0x0021, 0x1800, 0x2842, 0x2842, 0x1800, 0x0000, 0x0000, 0x0000, 0x0000, 0x0000, 0x0000, 0x3000, 0x3821, 
	0x0800, 0x0800, 0x0000, 0x0000, 0x0000, 0x0000, 0x0800, 0x1020, 0x3022, 0x2000, 0x0000, 0x0000, 0x0000, 0x0000, 0x0000, 0x0000, 
	0x1800, 0x2821, 0x1821, 0x0800, 0x0000, 0x0000, 0x0000, 0x0000, 0x0000, 0x0800, 0x3001, 0x3001, 0x0000, 0x0000, 0x0000, 0x0000, 
	0x0000, 0x0000, 0x1000, 0x2021, 0x3041, 0x2000, 0x0000, 0x0000, 0x0000, 0x0000, 0x0000, 0x0000, 0x2000, 0x2821, 0x1000, 0x0800, 
	0x0000, 0x0000, 0x0000, 0x0000, 0x0000, 0x0800, 0x2821, 0x2000, 0x0000, 0x0000, 0x0000, 0x0000, 0x0001, 0x0001, 0x1000, 0x2021, 
	0x2021, 0x1000, 0x0020, 0x0020, 0x0001, 0x0021, 0x0001, 0x0000, 0x2800, 0x3021, 0x0020, 0x0840, 0x00e1, 0x0060, 0x0024, 0x0065, 
	0x012d, 0x00ec, 0x1800, 0x2822, 0x1821, 0x1000, 0x00a0, 0x0080, 0x0001, 0x0022, 0x0002, 0x0001, 0x2821, 0x2800, 0x0000, 0x0000, 
	0x0000, 0x0000, 0x0001, 0x0001, 0x1000, 0x2021, 0x2041, 0x1000, 0x0000, 0x0000, 0x0000, 0x0000, 0x0000, 0x0000, 0x3001, 0x3001, 
	0x0000, 0x0000, 0x0000, 0x0000, 0x0000, 0x0000, 0x1000, 0x2021, 0x2841, 0x1800, 0x0000, 0x0000, 0x0000, 0x0000, 0x0000, 0x0000, 
	0x2000, 0x2821, 0x0800, 0x0000, 0x0000, 0x0000, 0x0000, 0x0000, 0x0000, 0x0800, 0x1820, 0x1000, 0x0000, 0x0000, 0x0000, 0x0000, 
	0x1000, 0x1001, 0xd003, 0xf086, 0x3180, 0x52c2, 0x2687, 0x0460, 0x0156, 0x12dc, 0x11d0, 0x002a, 0x0000, 0x0000, 0x0000, 0x0000, 
	0x0000, 0x0000, 0x0000, 0x0000, 0x2800, 0x3842, 0x2040, 0x1000, 0x01a0, 0x0140, 0x0023, 0x0064, 0x3001, 0x4865, 0xf846, 0xf005, 
	0x02c0, 0x45c7, 0x1dac, 0x02e0, 0x0b1e, 0x02fe, 0x4004, 0x5867, 0x60a2, 0x4800, 0x0320, 0x0360, 0x00a8, 0x016b, 0x116f, 0x004b, 
	0x2000, 0x2820, 0x0020, 0x0840, 0x00a0, 0x0040, 0x0024, 0x0065, 0x0800, 0x1021, 0x2821, 0x2000, 0x0020, 0x0060, 0x0020, 0x0000, 
	0x0022, 0x0001, 0x2000, 0x2841, 0x1821, 0x0800, 0x0000, 0x0000, 0x0000, 0x0001, 0x0000, 0x0800, 0x3021, 0x2800, 0x0000, 0x0000, 
	0x0000, 0x0000, 0x0022, 0x0022, 0x1800, 0x2842, 0x2841, 0x1800, 0x0000, 0x0000, 0x0000, 0x0000, 0x0000, 0x0000, 0x3001, 0x3821, 
	0x1000, 0x0800, 0x0000, 0x0000, 0x0000, 0x0000, 0x0800, 0x1000, 0x3022, 0x2800, 0x0000, 0x0000, 0x0000, 0x0000, 0x0000, 0x0000, 
	0x1800, 0x2821, 0x1821, 0x0800, 0x0000, 0x0000, 0x0000, 0x0000, 0x0000, 0x0800, 0x3001, 0x3001, 0x0000, 0x0000, 0x0000, 0x0000, 
	0x0001, 0x0000, 0x1000, 0x2021, 0x3041, 0x2000, 0x0000, 0x0000, 0x0000, 0x0000, 0x0000, 0x0000, 0x2000, 0x2821, 0x1000, 0x0800, 
	0x0000, 0x0000, 0x0000, 0x0001, 0x0000, 0x0800, 0x2821, 0x2000, 0x0000, 0x0000, 0x0000, 0x0000, 0x0001, 0x0001, 0x1800, 0x2021, 
	0x2021, 0x1000, 0x0020, 0x0020, 0x0001, 0x0021, 0x0021, 0x0001, 0x2800, 0x3021, 0x0020, 0x0840, 0x00e1, 0x0060, 0x0024, 0x0065, 
	0x010e, 0x00cd, 0x1800, 0x2822, 0x2041, 0x1000, 0x0080, 0x0080, 0x0001, 0x0022, 0x0821, 0x0001, 0x3021, 0x2801, 0x0000, 0x0000, 
	0x0000, 0x0000, 0x0001, 0x0001, 0x1000, 0x2021, 0x2021, 0x1000, 0x0000, 0x0000, 0x0000, 0x0000, 0x0000, 0x0000, 0x3001, 0x3001, 
	0x0000, 0x0000, 0x0000, 0x0000, 0x0000, 0x0000, 0x1000, 0x2021, 0x2821, 0x1800, 0x0000, 0x0000, 0x0000, 0x0000, 0x0000, 0x0000, 
	0x2800, 0x2821, 0x0800, 0x0000, 0x0000, 0x0000, 0x0000, 0x0000, 0x0000, 0x0800, 0x1820, 0x1000, 0x0000, 0x0000, 0x0000, 0x0000, 
	0x1000, 0x1001, 0xd803, 0xf066, 0x3180, 0x52c2, 0x2686, 0x0460, 0x0176, 0x12dc, 0x11b1, 0x002a, 0x0000, 0x0000, 0x0000, 0x0000, 
	0x0000, 0x0000, 0x0000, 0x0000, 0x2800, 0x3842, 0x2040, 0x1000, 0x01a0, 0x0140, 0x0023, 0x0064, 0x3002, 0x4865, 0xf846, 0xf005, 
	0x02c0, 0x45c6, 0x1dac, 0x02c0, 0x0b1e, 0x031e, 0x4004, 0x5867, 0x60a2, 0x4800, 0x0320, 0x0360, 0x00c9, 0x016b, 0x114f, 0x004b, 
	0x2800, 0x3020, 0x0020, 0x0840, 0x00a0, 0x0040, 0x0024, 0x0065, 0x0800, 0x1021, 0x2841, 0x2000, 0x0020, 0x0060, 0x0020, 0x0020, 
	0x0022, 0x0002, 0x2000, 0x2841, 0x1821, 0x0800, 0x0000, 0x0000, 0x0000, 0x0001, 0x0000, 0x0800, 0x3021, 0x2800, 0x0000, 0x0000, 
	0x0000, 0x0000, 0x0001, 0x0001, 0x1800, 0x2841, 0x2841, 0x1800, 0x0000, 0x0000, 0x0000, 0x0000, 0x0000, 0x0000, 0x3000, 0x3821, 
	0x0800, 0x0800, 0x0000, 0x0000, 0x0000, 0x0000, 0x0800, 0x1820, 0x3022, 0x2000, 0x0000, 0x0000, 0x0000, 0x0000, 0x0000, 0x0000, 
	0x1800, 0x2821, 0x1821, 0x0800, 0x0000, 0x0000, 0x0000, 0x0000, 0x0000, 0x0800, 0x3001, 0x3001, 0x0000, 0x0000, 0x0000, 0x0000, 
	0x0000, 0x0000, 0x1000, 0x2021, 0x2841, 0x1800, 0x0000, 0x0000, 0x0000, 0x0000, 0x0001, 0x0000, 0x2000, 0x2821, 0x1000, 0x0800, 
	0x0000, 0x0000, 0x0000, 0x0001, 0x0000, 0x0800, 0x2821, 0x2000, 0x0000, 0x0000, 0x0000, 0x0000, 0x0021, 0x0001, 0x1800, 0x2021, 
	0x2021, 0x1000, 0x0020, 0x0020, 0x0001, 0x0001, 0x0001, 0x0000, 0x2800, 0x3021, 0x0020, 0x0860, 0x00e1, 0x0060, 0x0025, 0x0066, 
	0x012d, 0x00ec, 0x1800, 0x2842, 0x1821, 0x1000, 0x0080, 0x0080, 0x0001, 0x0022, 0x0801, 0x0001, 0x2821, 0x2800, 0x0000, 0x0000, 
	0x0000, 0x0000, 0x0002, 0x0002, 0x1000, 0x2022, 0x2021, 0x1000, 0x0000, 0x0000, 0x0000, 0x0000, 0x0000, 0x0000, 0x3001, 0x3001, 
	0x0000, 0x0000, 0x0000, 0x0000, 0x0000, 0x0000, 0x1000, 0x2021, 0x2841, 0x1800, 0x0000, 0x0000, 0x0000, 0x0000, 0x0000, 0x0000, 
	0x2800, 0x2821, 0x0800, 0x0000, 0x0000, 0x0000, 0x0000, 0x0000, 0x0000, 0x0800, 0x1821, 0x1000, 0x0000, 0x0000, 0x0000, 0x0000, 
	0x1000, 0x1001, 0xd804, 0xf067, 0x3180, 0x52c2, 0x2686, 0x0460, 0x0177, 0x12fc, 0x11d1, 0x002a, 0x0000, 0x0000, 0x0000, 0x0000, 
	0x0000, 0x0000, 0x0000, 0x0000, 0x2800, 0x3842, 0x2040, 0x1000, 0x0180, 0x0140, 0x0023, 0x0085, 0x2802, 0x4865, 0xf826, 0xf004, 
	0x02e0, 0x45e6, 0x1d8b, 0x02c0, 0x0b1e, 0x031e, 0x4004, 0x5867, 0x60a2, 0x4000, 0x0300, 0x0340, 0x00a8, 0x016b, 0x114f, 0x004a, 
	0x2800, 0x3020, 0x0020, 0x0840, 0x00a0, 0x0040, 0x0024, 0x0065, 0x0800, 0x1001, 0x2841, 0x2000, 0x0020, 0x0040, 0x0001, 0x0001, 
	0x0043, 0x0002, 0x2000, 0x2841, 0x1821, 0x0800, 0x0000, 0x0000, 0x0001, 0x0001, 0x0000, 0x0800, 0x3021, 0x2800, 0x0000, 0x0000, 
	0x0000, 0x0000, 0x0000, 0x0000, 0x1800, 0x2822, 0x2841, 0x1800, 0x0000, 0x0000, 0x0000, 0x0000, 0x0000, 0x0000, 0x3001, 0x3021, 
	0x0800, 0x0800, 0x0000, 0x0000, 0x0000, 0x0000, 0x0800, 0x1821, 0x3022, 0x2000, 0x0000, 0x0000, 0x0000, 0x0000, 0x0000, 0x0000, 
	0x2000, 0x2821, 0x1821, 0x0800, 0x0000, 0x0000, 0x0000, 0x0000, 0x0000, 0x0800, 0x3001, 0x3001, 0x0000, 0x0000, 0x0000, 0x0000, 
	0x0000, 0x0000, 0x1000, 0x2021, 0x2841, 0x1800, 0x0000, 0x0000, 0x0000, 0x0000, 0x0001, 0x0000, 0x2000, 0x2821, 0x1000, 0x0800, 
	0x0000, 0x0000, 0x0000, 0x0001, 0x0000, 0x0800, 0x2821, 0x2000, 0x0000, 0x0000, 0x0000, 0x0000, 0x0001, 0x0001, 0x1000, 0x2021, 
	0x2021, 0x1000, 0x0020, 0x0020, 0x0001, 0x0001, 0x0001, 0x0000, 0x2800, 0x3021, 0x0020, 0x0860, 0x08e1, 0x0060, 0x0045, 0x0066, 
	0x010d, 0x00ec, 0x1800, 0x2842, 0x1840, 0x1000, 0x0080, 0x0080, 0x0001, 0x0021, 0x0821, 0x0001, 0x2821, 0x2800, 0x0000, 0x0000, 
	0x0000, 0x0000, 0x0001, 0x0001, 0x1000, 0x2021, 0x2041, 0x1000, 0x0000, 0x0000, 0x0000, 0x0000, 0x0000, 0x0001, 0x2801, 0x3001, 
	0x0000, 0x0000, 0x0000, 0x0000, 0x0000, 0x0000, 0x1000, 0x1821, 0x2841, 0x1800, 0x0000, 0x0000, 0x0000, 0x0000, 0x0000, 0x0000, 
	0x2000, 0x2821, 0x0800, 0x0000, 0x0000, 0x0000, 0x0000, 0x0000, 0x0000, 0x0800, 0x1820, 0x1000, 0x0000, 0x0000, 0x0000, 0x0000, 
	0x0800, 0x1000, 0xd004, 0xf0a7, 0x3960, 0x5a62, 0x26a5, 0x0480, 0x0156, 0x1afc, 0x11d1, 0x002a, 0x0000, 0x0000, 0x0000, 0x0000, 
	0x0000, 0x0000, 0x0000, 0x0000, 0x2800, 0x3842, 0x2041, 0x1800, 0x0160, 0x0140, 0x0023, 0x0084, 0x2002, 0x3865, 0xf846, 0xe805, 
	0x02c0, 0x45a5, 0x25aa, 0x02c0, 0x0afe, 0x0afe, 0x4004, 0x5086, 0x68a3, 0x4800, 0x0300, 0x0b61, 0x00c8, 0x014a, 0x116f, 0x004a, 
	0x2000, 0x2820, 0x0020, 0x0840, 0x00c1, 0x0040, 0x0023, 0x0064, 0x0801, 0x0801, 0x2841, 0x1800, 0x0020, 0x0040, 0x0000, 0x0020, 
	0x0022, 0x0002, 0x1800, 0x2841, 0x1821, 0x0800, 0x0000, 0x0000, 0x0000, 0x0001, 0x0000, 0x0800, 0x3001, 0x2800, 0x0000, 0x0000, 
	0x0000, 0x0000, 0x0000, 0x0000, 0x1000, 0x2022, 0x2841, 0x1800, 0x0000, 0x0000, 0x0000, 0x0000, 0x0000, 0x0000, 0x2800, 0x3021, 
	0x0800, 0x0800, 0x0000, 0x0000, 0x0000, 0x0000, 0x0800, 0x1021, 0x3022, 0x2800, 0x0000, 0x0000, 0x0000, 0x0000, 0x0000, 0x0000, 
	0x1800, 0x2821, 0x1821, 0x0800, 0x0000, 0x0000, 0x0000, 0x0000, 0x0000, 0x0000, 0x3001, 0x3021, 0x0000, 0x0000, 0x0000, 0x0000, 
	0x0000, 0x0000, 0x1000, 0x2021, 0x2841, 0x1800, 0x0000, 0x0000, 0x0000, 0x0000, 0x0001, 0x0000, 0x1800, 0x2821, 0x0820, 0x0000, 
	0x0000, 0x0000, 0x0000, 0x0000, 0x0000, 0x0800, 0x2001, 0x2000, 0x0000, 0x0000, 0x0000, 0x0000, 0x0001, 0x0001, 0x1000, 0x1821, 
	0x2021, 0x1000, 0x0000, 0x0000, 0x0000, 0x0001, 0x0001, 0x0000, 0x2000, 0x2821, 0x0020, 0x0840, 0x08c1, 0x0060, 0x0024, 0x0065, 
	0x0065, 0x0065, 0x0800, 0x0800, 0x1021, 0x0800, 0x0020, 0x0020, 0x0000, 0x0000, 0x0000, 0x0000, 0x1000, 0x1000, 0x0000, 0x0000, 
	0x0000, 0x0000, 0x0000, 0x0000, 0x0000, 0x0800, 0x1020, 0x0800, 0x0000, 0x0000, 0x0000, 0x0000, 0x0000, 0x0000, 0x1000, 0x1021, 
	0x0000, 0x0000, 0x0000, 0x0000, 0x0000, 0x0000, 0x0000, 0x0800, 0x1020, 0x0800, 0x0000, 0x0000, 0x0000, 0x0000, 0x0000, 0x0000, 
	0x0800, 0x0820, 0x0000, 0x0000, 0x0000, 0x0000, 0x0000, 0x0000, 0x0000, 0x0000, 0x0800, 0x0800, 0x0000, 0x0000, 0x0000, 0x0000, 
	0x0000, 0x0000, 0x5000, 0x7063, 0x40e1, 0x2000, 0x0300, 0x02e0, 0x0049, 0x096d, 0x116c, 0x0007, 0x0000, 0x0000, 0x0000, 0x0000, 
	0x0000, 0x0000, 0x0000, 0x0000, 0x0800, 0x1000, 0x1841, 0x0800, 0x0080, 0x00a0, 0x0000, 0x0021, 0x0801, 0x0801, 0x6801, 0x8884, 
	0x00c0, 0x1160, 0x2365, 0x0160, 0x00ee, 0x11d2, 0x1023, 0x0803, 0x4062, 0x2800, 0x00c0, 0x09a1, 0x0082, 0x0041, 0x08a7, 0x0025, 
	0x0000, 0x0820, 0x0000, 0x0000, 0x0020, 0x0020, 0x0000, 0x0001, 0x0000, 0x0000, 0x1000, 0x0800, 0x0000, 0x0000, 0x0000, 0x0000, 
	0x0001, 0x0001, 0x0000, 0x0800, 0x0820, 0x0000, 0x0000, 0x0000, 0x0000, 0x0000, 0x0000, 0x0000, 0x0800, 0x1020, 0x0000, 0x0000, 
	0x0000, 0x0000, 0x0000, 0x0000, 0x0000, 0x0800, 0x1020, 0x0800, 0x0000, 0x0000, 0x0000, 0x0000, 0x0000, 0x0000, 0x0800, 0x1021, 
	0x0800, 0x0000, 0x0000, 0x0000, 0x0000, 0x0000, 0x0000, 0x0000, 0x1000, 0x1000, 0x0000, 0x0000, 0x0000, 0x0000, 0x0000, 0x0000, 
	0x0000, 0x0800, 0x0820, 0x0000, 0x0000, 0x0000, 0x0000, 0x0000, 0x0000, 0x0000, 0x0800, 0x1020, 0x0000, 0x0000, 0x0000, 0x0000, 
	0x0000, 0x0000, 0x0000, 0x0000, 0x0820, 0x0800, 0x0000, 0x0000, 0x0000, 0x0000, 0x0000, 0x0000, 0x0000, 0x0800, 0x0800, 0x0000, 
	0x0000, 0x0000, 0x0000, 0x0000, 0x0000, 0x0000, 0x0800, 0x0800, 0x0000, 0x0000, 0x0000, 0x0000, 0x0000, 0x0000, 0x0000, 0x0000, 
	0x0820, 0x0000, 0x0000, 0x0000, 0x0000, 0x0000, 0x0000, 0x0000, 0x0000, 0x0800, 0x0000, 0x0000, 0x0020, 0x0020, 0x0000, 0x0001, 
	0x0000, 0x0000, 0x0000, 0x0000, 0x0000, 0x0000, 0x0000, 0x0000, 0x0000, 0x0000, 0x0000, 0x0000, 0x0000, 0x0000, 0x0000, 0x0000, 
	0x0000, 0x0000, 0x0000, 0x0000, 0x0000, 0x0000, 0x0000, 0x0000, 0x0000, 0x0000, 0x0000, 0x0000, 0x0000, 0x0000, 0x0000, 0x0000, 
	0x0000, 0x0000, 0x0000, 0x0000, 0x0000, 0x0000, 0x0000, 0x0000, 0x0000, 0x0000, 0x0000, 0x0000, 0x0000, 0x0000, 0x0000, 0x0000, 
	0x0000, 0x0000, 0x0000, 0x0000, 0x0000, 0x0000, 0x0000, 0x0000, 0x0000, 0x0000, 0x0000, 0x0000, 0x0000, 0x0000, 0x0000, 0x0000, 
	0x0000, 0x0000, 0x2000, 0x2000, 0x0000, 0x0840, 0x0100, 0x00a0, 0x0004, 0x0066, 0x0064, 0x0003, 0x0000, 0x0000, 0x0000, 0x0000, 
	0x0000, 0x0000, 0x0000, 0x0000, 0x0000, 0x0000, 0x0000, 0x0000, 0x0000, 0x0000, 0x0000, 0x0000, 0x0000, 0x0000, 0x0000, 0x0000, 
	0x0000, 0x0000, 0x0020, 0x0000, 0x0000, 0x0001, 0x1800, 0x2021, 0x1000, 0x0800, 0x0140, 0x0140, 0x0043, 0x0084, 0x0086, 0x0025, 
	0x0800, 0x0000, 0x0000, 0x0020, 0x0040, 0x0020, 0x0001, 0x0022, 0x0000, 0x0000, 0x0000, 0x0000, 0x0000, 0x0000, 0x0000, 0x0000, 
	0x0000, 0x0000, 0x0000, 0x0000, 0x0000, 0x0000, 0x0000, 0x0000, 0x0000, 0x0000, 0x0000, 0x0000, 0x0000, 0x0000, 0x0000, 0x0000, 
	0x0000, 0x0000, 0x0000, 0x0000, 0x0000, 0x0000, 0x0000, 0x0000, 0x0000, 0x0000, 0x0000, 0x0000, 0x0000, 0x0000, 0x0000, 0x0000, 
	0x0000, 0x0000, 0x0000, 0x0000, 0x0000, 0x0000, 0x0000, 0x0000, 0x0000, 0x0000, 0x0000, 0x0000, 0x0000, 0x0000, 0x0000, 0x0000, 
	0x0000, 0x0000, 0x0000, 0x0000, 0x0000, 0x0000, 0x0000, 0x0000, 0x0000, 0x0000, 0x0000, 0x0000, 0x0000, 0x0000, 0x0000, 0x0000, 
	0x0000, 0x0000, 0x0000, 0x0000, 0x0000, 0x0000, 0x0000, 0x0000, 0x0000, 0x0000, 0x0000, 0x0000, 0x0000, 0x0000, 0x0000, 0x0000, 
	0x0000, 0x0000, 0x0000, 0x0000, 0x0000, 0x0000, 0x0000, 0x0000, 0x0000, 0x0000, 0x0000, 0x0000, 0x0000, 0x0000, 0x0000, 0x0000, 
	0x0000, 0x0000, 0x0000, 0x0000, 0x0000, 0x0000, 0x0000, 0x0000, 0x0000, 0x0000, 0x0000, 0x0000, 0x0000, 0x0000, 0x0000, 0x0000, 
	0x0001, 0x0001, 0x0800, 0x1020, 0x0800, 0x0000, 0x0000, 0x0000, 0x0000, 0x0000, 0x0000, 0x0000, 0x1020, 0x0800, 0x0000, 0x0000, 
	0x0000, 0x0000, 0x0000, 0x0000, 0x0800, 0x1021, 0x0820, 0x0000, 0x0000, 0x0000, 0x0000, 0x0000, 0x0000, 0x0000, 0x1820, 0x1000, 
	0x0000, 0x0000, 0x0000, 0x0000, 0x0000, 0x0000, 0x0000, 0x0820, 0x0820, 0x0800, 0x0000, 0x0000, 0x0000, 0x0000, 0x0000, 0x0000, 
	0x1000, 0x1000, 0x0000, 0x0000, 0x0000, 0x0000, 0x0000, 0x0000, 0x0000, 0x0000, 0x0800, 0x0000, 0x0000, 0x0000, 0x0000, 0x0000, 
	0x0800, 0x1000, 0xb004, 0xc065, 0x0100, 0x3281, 0x25e5, 0x03a0, 0x0113, 0x1a79, 0x114d, 0x0008, 0x0000, 0x0000, 0x0000, 0x0000, 
	0x0000, 0x0000, 0x0000, 0x0000, 0x0000, 0x0000, 0x0000, 0x0000, 0x0000, 0x0000, 0x0000, 0x0000, 0x0000, 0x0800, 0x2821, 0x2000, 
	0x0060, 0x0901, 0x00c1, 0x0040, 0x0044, 0x0023, 0x7000, 0xb107, 0x7903, 0x5000, 0x0620, 0x0e41, 0x016c, 0x0ad1, 0x2a97, 0x008f, 
	0x5802, 0x5802, 0x0080, 0x1981, 0x1263, 0x0120, 0x00cc, 0x092e, 0x0023, 0x0002, 0x1000, 0x0800, 0x0000, 0x0000, 0x0000, 0x0000, 
	0x0000, 0x0000, 0x1000, 0x1820, 0x0000, 0x0000, 0x0000, 0x0000, 0x0000, 0x0000, 0x0000, 0x0000, 0x1821, 0x1000, 0x0000, 0x0000, 
	0x0000, 0x0000, 0x0000, 0x0000, 0x0800, 0x1821, 0x1020, 0x0800, 0x0000, 0x0000, 0x0000, 0x0000, 0x0000, 0x0000, 0x1800, 0x1801, 
	0x0000, 0x0000, 0x0000, 0x0000, 0x0000, 0x0000, 0x0800, 0x1020, 0x1821, 0x1000, 0x0000, 0x0000, 0x0000, 0x0000, 0x0000, 0x0000, 
	0x1000, 0x1821, 0x0800, 0x0000, 0x0000, 0x0000, 0x0000, 0x0000, 0x0000, 0x0000, 0x1820, 0x1000, 0x0000, 0x0000, 0x0000, 0x0000, 
	0x0000, 0x0000, 0x0800, 0x1821, 0x1821, 0x0800, 0x0000, 0x0000, 0x0000, 0x0000, 0x0000, 0x0000, 0x1800, 0x1820, 0x0000, 0x0000, 
	0x0000, 0x0000, 0x0000, 0x0000, 0x0000, 0x0800, 0x1821, 0x1000, 0x0000, 0x0000, 0x0000, 0x0000, 0x0000, 0x0000, 0x1000, 0x1821, 
	0x1000, 0x0800, 0x0000, 0x0000, 0x0000, 0x0000, 0x0000, 0x0000, 0x1801, 0x1800, 0x0000, 0x0000, 0x0040, 0x0000, 0x0001, 0x0001, 
	0x0023, 0x0023, 0x1800, 0x2841, 0x1821, 0x1000, 0x0000, 0x0000, 0x0000, 0x0000, 0x0000, 0x0800, 0x2821, 0x2800, 0x0000, 0x0000, 
	0x0000, 0x0000, 0x0000, 0x0000, 0x1800, 0x2021, 0x2021, 0x1000, 0x0000, 0x0000, 0x0000, 0x0000, 0x0000, 0x0000, 0x2801, 0x2801, 
	0x0000, 0x0000, 0x0000, 0x0000, 0x0000, 0x0000, 0x1000, 0x1821, 0x2021, 0x1000, 0x0000, 0x0000, 0x0000, 0x0000, 0x0000, 0x0000, 
	0x2000, 0x2001, 0x0000, 0x0000, 0x0000, 0x0000, 0x0000, 0x0000, 0x0000, 0x0800, 0x1020, 0x0800, 0x0000, 0x0000, 0x0000, 0x0000, 
	0x1000, 0x1000, 0xd804, 0xf087, 0x31a0, 0x52c2, 0x1e86, 0x0460, 0x0177, 0x12dc, 0x11b0, 0x002a, 0x0000, 0x0000, 0x0000, 0x0000, 
	0x0000, 0x0000, 0x0000, 0x0000, 0x0000, 0x0000, 0x0000, 0x0000, 0x0000, 0x0000, 0x0000, 0x0000, 0x0000, 0x0800, 0x4021, 0x3801, 
	0x0060, 0x0921, 0x0142, 0x0060, 0x0045, 0x0024, 0x8800, 0xc8e8, 0xb185, 0x8020, 0x06c2, 0x0ee3, 0x020f, 0x0313, 0x2ada, 0x00f2, 
	0x7802, 0x8043, 0x00a0, 0x21a1, 0x12c3, 0x0160, 0x00ef, 0x0971, 0x0844, 0x0003, 0x2020, 0x1800, 0x0000, 0x0000, 0x0000, 0x0000, 
	0x0000, 0x0000, 0x1800, 0x2821, 0x1020, 0x0800, 0x0000, 0x0000, 0x0000, 0x0000, 0x0000, 0x0800, 0x2821, 0x2801, 0x0000, 0x0000, 
	0x0000, 0x0000, 0x0000, 0x0000, 0x1800, 0x2821, 0x2021, 0x1800, 0x0000, 0x0000, 0x0000, 0x0000, 0x0000, 0x0000, 0x2800, 0x3021, 
	0x0800, 0x0000, 0x0000, 0x0000, 0x0000, 0x0000, 0x0800, 0x1821, 0x3022, 0x2000, 0x0000, 0x0000, 0x0000, 0x0000, 0x0000, 0x0000, 
	0x2000, 0x2821, 0x1821, 0x0800, 0x0000, 0x0000, 0x0000, 0x0000, 0x0000, 0x0800, 0x2801, 0x2800, 0x0000, 0x0000, 0x0000, 0x0000, 
	0x0000, 0x0000, 0x1000, 0x2021, 0x2821, 0x1800, 0x0000, 0x0000, 0x0000, 0x0000, 0x0000, 0x0000, 0x2800, 0x3021, 0x1000, 0x0800, 
	0x0000, 0x0000, 0x0000, 0x0000, 0x0800, 0x0800, 0x2821, 0x2000, 0x0000, 0x0000, 0x0000, 0x0000, 0x0000, 0x0000, 0x1800, 0x2021, 
	0x2021, 0x1000, 0x0000, 0x0000, 0x0000, 0x0000, 0x0000, 0x0000, 0x2800, 0x3021, 0x0020, 0x0020, 0x0040, 0x0000, 0x0002, 0x0022, 
	0x0023, 0x0023, 0x1800, 0x2021, 0x1821, 0x0800, 0x0000, 0x0000, 0x0000, 0x0000, 0x0000, 0x0000, 0x2821, 0x2800, 0x0000, 0x0000, 
	0x0000, 0x0000, 0x0000, 0x0000, 0x1800, 0x2021, 0x2021, 0x1000, 0x0000, 0x0000, 0x0000, 0x0000, 0x0000, 0x0000, 0x2801, 0x2801, 
	0x0000, 0x0000, 0x0000, 0x0000, 0x0000, 0x0000, 0x1000, 0x1821, 0x2041, 0x1000, 0x0000, 0x0000, 0x0000, 0x0000, 0x0000, 0x0000, 
	0x2000, 0x2821, 0x0800, 0x0000, 0x0000, 0x0000, 0x0000, 0x0000, 0x0000, 0x0800, 0x1020, 0x0800, 0x0000, 0x0000, 0x0000, 0x0000, 
	0x1000, 0x1801, 0xd804, 0xf067, 0x31a0, 0x52c2, 0x1e66, 0x0460, 0x0176, 0x12dc, 0x11b0, 0x002a, 0x0000, 0x0000, 0x0000, 0x0000, 
	0x0000, 0x0000, 0x0000, 0x0000, 0x0000, 0x0000, 0x0000, 0x0000, 0x0000, 0x0000, 0x0000, 0x0000, 0x0000, 0x0800, 0x4002, 0x3801, 
	0x0060, 0x0921, 0x0921, 0x0060, 0x0065, 0x0045, 0x8800, 0xc0e8, 0xa965, 0x8000, 0x06a2, 0x0ee3, 0x020f, 0x0313, 0x2ada, 0x00d2, 
	0x7002, 0x8043, 0x08a0, 0x2181, 0x12c3, 0x0160, 0x00ef, 0x0971, 0x0844, 0x0003, 0x2020, 0x1800, 0x0000, 0x0000, 0x0000, 0x0000, 
	0x0000, 0x0000, 0x1800, 0x2821, 0x1020, 0x0800, 0x0000, 0x0000, 0x0000, 0x0000, 0x0000, 0x0800, 0x2821, 0x2800, 0x0000, 0x0000, 
	0x0000, 0x0000, 0x0000, 0x0000, 0x1000, 0x2021, 0x2021, 0x1000, 0x0000, 0x0000, 0x0000, 0x0000, 0x0000, 0x0000, 0x2801, 0x3021, 
	0x0800, 0x0000, 0x0000, 0x0000, 0x0000, 0x0000, 0x0800, 0x1820, 0x3021, 0x2000, 0x0000, 0x0000, 0x0000, 0x0000, 0x0000, 0x0000, 
	0x2000, 0x2841, 0x1821, 0x0800, 0x0000, 0x0000, 0x0000, 0x0000, 0x0000, 0x0000, 0x2801, 0x2800, 0x0000, 0x0000, 0x0000, 0x0000, 
	0x0000, 0x0000, 0x1000, 0x2021, 0x2841, 0x1800, 0x0000, 0x0000, 0x0000, 0x0000, 0x0000, 0x0000, 0x2000, 0x3021, 0x1000, 0x0800, 
	0x0000, 0x0000, 0x0000, 0x0000, 0x0000, 0x0800, 0x2821, 0x2000, 0x0000, 0x0000, 0x0000, 0x0000, 0x0000, 0x0000, 0x1000, 0x2041, 
	0x2021, 0x1000, 0x0000, 0x0000, 0x0000, 0x0000, 0x0000, 0x0000, 0x2800, 0x2821, 0x0800, 0x0800, 0x0060, 0x0020, 0x0002, 0x0022, 
	0x0044, 0x0044, 0x1800, 0x2822, 0x1821, 0x1000, 0x0000, 0x0000, 0x0000, 0x0000, 0x0000, 0x0800, 0x2821, 0x2800, 0x0000, 0x0000, 
	0x0000, 0x0000, 0x0000, 0x0000, 0x1800, 0x2021, 0x2021, 0x1000, 0x0000, 0x0000, 0x0000, 0x0000, 0x0000, 0x0000, 0x2801, 0x2801, 
	0x0000, 0x0000, 0x0000, 0x0000, 0x0000, 0x0000, 0x1000, 0x1821, 0x2021, 0x1000, 0x0000, 0x0000, 0x0000, 0x0000, 0x0000, 0x0000, 
	0x2000, 0x2801, 0x0800, 0x0000, 0x0000, 0x0000, 0x0000, 0x0000, 0x0000, 0x0800, 0x1020, 0x1000, 0x0000, 0x0000, 0x0000, 0x0000, 
	0x1000, 0x1801, 0xd804, 0xf067, 0x31a0, 0x52c2, 0x1e86, 0x0460, 0x0176, 0x12dc, 0x11b0, 0x002a, 0x0000, 0x0000, 0x0000, 0x0000, 
	0x0000, 0x0000, 0x0000, 0x0000, 0x0000, 0x0000, 0x0000, 0x0000, 0x0000, 0x0000, 0x0000, 0x0000, 0x0000, 0x0800, 0x4002, 0x4001, 
	0x0080, 0x0921, 0x0901, 0x0060, 0x0046, 0x0046, 0x8800, 0xc8c8, 0xa964, 0x8020, 0x06a2, 0x0ee3, 0x020f, 0x0313, 0x2ada, 0x00d2, 
	0x7802, 0x8043, 0x00a0, 0x2181, 0x12c3, 0x0160, 0x00ef, 0x0971, 0x0844, 0x0003, 0x2020, 0x1800, 0x0000, 0x0000, 0x0000, 0x0000, 
	0x0001, 0x0001, 0x1800, 0x2821, 0x1000, 0x0800, 0x0000, 0x0000, 0x0000, 0x0000, 0x0000, 0x0800, 0x3021, 0x2800, 0x0000, 0x0000, 
	0x0000, 0x0000, 0x0000, 0x0000, 0x1000, 0x2041, 0x2021, 0x1800, 0x0000, 0x0000, 0x0000, 0x0000, 0x0000, 0x0000, 0x2801, 0x3021, 
	0x0800, 0x0000, 0x0000, 0x0000, 0x0000, 0x0000, 0x0800, 0x1821, 0x3022, 0x2800, 0x0000, 0x0000, 0x0000, 0x0000, 0x0000, 0x0000, 
	0x2000, 0x2821, 0x1821, 0x0800, 0x0000, 0x0000, 0x0000, 0x0000, 0x0000, 0x0800, 0x2801, 0x2801, 0x0000, 0x0000, 0x0000, 0x0000, 
	0x0000, 0x0000, 0x1000, 0x2021, 0x2841, 0x1800, 0x0000, 0x0000, 0x0000, 0x0000, 0x0000, 0x0000, 0x2000, 0x3021, 0x1000, 0x0800, 
	0x0000, 0x0000, 0x0000, 0x0000, 0x0000, 0x0800, 0x3021, 0x2800, 0x0000, 0x0000, 0x0000, 0x0000, 0x0000, 0x0000, 0x1800, 0x2841, 
	0x2021, 0x1000, 0x0000, 0x0000, 0x0000, 0x0000, 0x0000, 0x0000, 0x2800, 0x3021, 0x0800, 0x0800, 0x0040, 0x0020, 0x0002, 0x0022, 
	0x0043, 0x0023, 0x1800, 0x2841, 0x1821, 0x0800, 0x0000, 0x0000, 0x0000, 0x0000, 0x0000, 0x0800, 0x2821, 0x2800, 0x0000, 0x0000, 
	0x0000, 0x0000, 0x0000, 0x0000, 0x1000, 0x2021, 0x2021, 0x1000, 0x0000, 0x0000, 0x0000, 0x0000, 0x0000, 0x0000, 0x2800, 0x2800, 
	0x0000, 0x0000, 0x0000, 0x0000, 0x0000, 0x0000, 0x1000, 0x1821, 0x2021, 0x1000, 0x0000, 0x0000, 0x0000, 0x0000, 0x0000, 0x0000, 
	0x2000, 0x2821, 0x0000, 0x0000, 0x0000, 0x0000, 0x0000, 0x0000, 0x0000, 0x0800, 0x1820, 0x1000, 0x0000, 0x0000, 0x0000, 0x0000, 
	0x1000, 0x1801, 0xd804, 0xf067, 0x31a0, 0x52c2, 0x1e65, 0x0460, 0x0177, 0x12dc, 0x11b0, 0x002a, 0x0000, 0x0000, 0x0000, 0x0000, 
	0x0000, 0x0000, 0x0000, 0x0000, 0x0000, 0x0000, 0x0000, 0x0000, 0x0000, 0x0000, 0x0000, 0x0000, 0x0000, 0x0800, 0x4022, 0x3801, 
	0x0060, 0x0941, 0x0121, 0x0060, 0x0066, 0x0046, 0x8800, 0xc8c7, 0xa944, 0x8020, 0x06a2, 0x0ee3, 0x020f, 0x0313, 0x2ada, 0x00d2, 
	0x7002, 0x8043, 0x00a0, 0x2181, 0x12e3, 0x0160, 0x00ef, 0x0971, 0x0844, 0x0003, 0x2020, 0x1800, 0x0000, 0x0000, 0x0000, 0x0000, 
	0x0021, 0x0001, 0x1800, 0x2821, 0x1020, 0x0800, 0x0000, 0x0000, 0x0000, 0x0000, 0x0000, 0x0800, 0x3021, 0x2800, 0x0000, 0x0000, 
	0x0000, 0x0000, 0x0000, 0x0000, 0x1800, 0x2841, 0x2021, 0x1000, 0x0000, 0x0000, 0x0000, 0x0000, 0x0000, 0x0000, 0x2800, 0x3021, 
	0x0800, 0x0000, 0x0000, 0x0000, 0x0000, 0x0000, 0x0800, 0x1821, 0x3041, 0x2800, 0x0000, 0x0000, 0x0000, 0x0000, 0x0000, 0x0000, 
	0x2000, 0x2821, 0x1821, 0x0800, 0x0000, 0x0000, 0x0000, 0x0000, 0x0000, 0x0800, 0x2821, 0x2800, 0x0000, 0x0000, 0x0000, 0x0000, 
	0x0000, 0x0000, 0x1000, 0x2021, 0x2841, 0x1800, 0x0000, 0x0000, 0x0000, 0x0000, 0x0000, 0x0000, 0x2000, 0x3021, 0x1020, 0x0800, 
	0x0000, 0x0000, 0x0000, 0x0000, 0x0000, 0x0800, 0x2821, 0x2800, 0x0000, 0x0000, 0x0000, 0x0000, 0x0000, 0x0000, 0x1800, 0x2821, 
	0x2021, 0x1000, 0x0000, 0x0000, 0x0000, 0x0000, 0x0000, 0x0000, 0x2800, 0x3021, 0x0800, 0x0000, 0x0040, 0x0020, 0x0003, 0x0023, 
	0x0023, 0x0023, 0x1800, 0x2821, 0x1820, 0x0800, 0x0000, 0x0000, 0x0000, 0x0000, 0x0000, 0x0800, 0x2821, 0x2800, 0x0000, 0x0000, 
	0x0000, 0x0000, 0x0000, 0x0000, 0x1800, 0x2021, 0x2021, 0x1000, 0x0000, 0x0000, 0x0000, 0x0000, 0x0000, 0x0000, 0x2800, 0x2800, 
	0x0000, 0x0000, 0x0000, 0x0000, 0x0000, 0x0000, 0x1000, 0x1821, 0x2021, 0x1800, 0x0000, 0x0000, 0x0000, 0x0000, 0x0000, 0x0000, 
	0x2000, 0x2821, 0x0000, 0x0000, 0x0000, 0x0000, 0x0000, 0x0000, 0x0000, 0x0820, 0x1821, 0x1000, 0x0000, 0x0000, 0x0000, 0x0000, 
	0x1000, 0x1001, 0xd804, 0xf067, 0x3180, 0x52a2, 0x1e66, 0x0460, 0x0177, 0x12dc, 0x11b1, 0x002b, 0x0000, 0x0000, 0x0000, 0x0000, 
	0x0000, 0x0000, 0x0000, 0x0000, 0x0000, 0x0000, 0x0000, 0x0000, 0x0000, 0x0000, 0x0000, 0x0000, 0x0000, 0x0800, 0x4802, 0x4001, 
	0x0060, 0x1141, 0x0921, 0x0060, 0x0067, 0x0046, 0x8800, 0xc0c7, 0xa944, 0x8000, 0x06a2, 0x0ec3, 0x020f, 0x0313, 0x2ad9, 0x00d2, 
	0x7002, 0x8043, 0x08a0, 0x2181, 0x12c3, 0x0160, 0x00ef, 0x0971, 0x0844, 0x0003, 0x2020, 0x1800, 0x0000, 0x0000, 0x0000, 0x0000, 
	0x0021, 0x0001, 0x2000, 0x2821, 0x1020, 0x0800, 0x0000, 0x0000, 0x0000, 0x0000, 0x0000, 0x0800, 0x3001, 0x3000, 0x0000, 0x0000, 
	0x0000, 0x0000, 0x0000, 0x0000, 0x1800, 0x2821, 0x2821, 0x1800, 0x0000, 0x0000, 0x0000, 0x0000, 0x0000, 0x0000, 0x2800, 0x3021, 
	0x0800, 0x0800, 0x0000, 0x0000, 0x0000, 0x0000, 0x0800, 0x1821, 0x3041, 0x2800, 0x0000, 0x0000, 0x0000, 0x0000, 0x0000, 0x0000, 
	0x2000, 0x2821, 0x1821, 0x0800, 0x0000, 0x0000, 0x0000, 0x0000, 0x0000, 0x0800, 0x2821, 0x2800, 0x0000, 0x0000, 0x0000, 0x0000, 
	0x0000, 0x0000, 0x1000, 0x2021, 0x2821, 0x1800, 0x0000, 0x0000, 0x0000, 0x0000, 0x0000, 0x0000, 0x2800, 0x3021, 0x1000, 0x0800, 
	0x0000, 0x0000, 0x0000, 0x0000, 0x0800, 0x0800, 0x2821, 0x2800, 0x0000, 0x0000, 0x0000, 0x0000, 0x0000, 0x0000, 0x1800, 0x2821, 
	0x2021, 0x1000, 0x0000, 0x0000, 0x0000, 0x0000, 0x0000, 0x0000, 0x2800, 0x3021, 0x0800, 0x0800, 0x0040, 0x0020, 0x0003, 0x0023, 
	0x0023, 0x0023, 0x1800, 0x2841, 0x1821, 0x0800, 0x0000, 0x0000, 0x0000, 0x0000, 0x0000, 0x0000, 0x2821, 0x2800, 0x0000, 0x0000, 
	0x0000, 0x0000, 0x0000, 0x0000, 0x1000, 0x2021, 0x2021, 0x1000, 0x0000, 0x0000, 0x0000, 0x0000, 0x0000, 0x0000, 0x2821, 0x2801, 
	0x0000, 0x0000, 0x0000, 0x0000, 0x0000, 0x0000, 0x0800, 0x1821, 0x2041, 0x1800, 0x0000, 0x0000, 0x0000, 0x0000, 0x0000, 0x0000, 
	0x2000, 0x2821, 0x0800, 0x0000, 0x0000, 0x0000, 0x0000, 0x0000, 0x0000, 0x0800, 0x1821, 0x1000, 0x0000, 0x0000, 0x0000, 0x0000, 
	0x0800, 0x1000, 0xd804, 0xf887, 0x3180, 0x5aa2, 0x1ea5, 0x0480, 0x0177, 0x12fd, 0x11d1, 0x002a, 0x0000, 0x0000, 0x0000, 0x0000, 
	0x0000, 0x0000, 0x0000, 0x0000, 0x0000, 0x0000, 0x0000, 0x0000, 0x0000, 0x0000, 0x0000, 0x0000, 0x0000, 0x0800, 0x4002, 0x4001, 
	0x0060, 0x1141, 0x0942, 0x0060, 0x0067, 0x0047, 0x8800, 0xc0e8, 0xb144, 0x8800, 0x06c1, 0x0f02, 0x020f, 0x0333, 0x2ada, 0x00d2, 
	0x7802, 0x8043, 0x08a0, 0x2181, 0x12e3, 0x0180, 0x00ef, 0x0971, 0x0844, 0x0003, 0x2020, 0x1800, 0x0000, 0x0000, 0x0000, 0x0000, 
	0x0001, 0x0000, 0x1800, 0x2821, 0x1821, 0x0800, 0x0000, 0x0000, 0x0000, 0x0000, 0x0000, 0x0800, 0x3021, 0x2801, 0x0000, 0x0000, 
	0x0000, 0x0000, 0x0000, 0x0000, 0x1000, 0x2041, 0x2842, 0x1800, 0x0000, 0x0000, 0x0000, 0x0000, 0x0000, 0x0000, 0x2800, 0x3021, 
	0x0800, 0x0800, 0x0000, 0x0000, 0x0000, 0x0000, 0x0800, 0x1021, 0x3042, 0x2800, 0x0000, 0x0000, 0x0000, 0x0000, 0x0000, 0x0000, 
	0x1800, 0x2821, 0x1821, 0x0800, 0x0000, 0x0000, 0x0000, 0x0000, 0x0000, 0x0000, 0x2821, 0x2821, 0x0000, 0x0000, 0x0000, 0x0000, 
	0x0000, 0x0000, 0x1000, 0x1821, 0x2841, 0x1800, 0x0000, 0x0000, 0x0000, 0x0000, 0x0000, 0x0000, 0x2000, 0x2841, 0x1000, 0x0800, 
	0x0000, 0x0000, 0x0000, 0x0000, 0x0000, 0x0800, 0x2821, 0x2000, 0x0000, 0x0000, 0x0000, 0x0000, 0x0000, 0x0000, 0x1000, 0x2041, 
	0x2041, 0x1000, 0x0000, 0x0000, 0x0000, 0x0000, 0x0000, 0x0000, 0x2000, 0x2821, 0x0800, 0x0800, 0x0061, 0x0020, 0x0002, 0x0023, 
	0x0001, 0x0001, 0x0800, 0x1000, 0x1020, 0x0800, 0x0000, 0x0000, 0x0000, 0x0000, 0x0000, 0x0000, 0x1000, 0x1820, 0x0000, 0x0000, 
	0x0000, 0x0000, 0x0000, 0x0000, 0x0800, 0x1000, 0x1021, 0x0800, 0x0000, 0x0000, 0x0000, 0x0000, 0x0000, 0x0000, 0x1000, 0x1821, 
	0x0000, 0x0000, 0x0000, 0x0000, 0x0000, 0x0000, 0x0800, 0x0800, 0x1821, 0x1000, 0x0000, 0x0000, 0x0000, 0x0000, 0x0000, 0x0000, 
	0x0800, 0x1020, 0x0000, 0x0000, 0x0000, 0x0000, 0x0000, 0x0000, 0x0000, 0x0000, 0x0800, 0x0800, 0x0000, 0x0000, 0x0000, 0x0000, 
	0x0000, 0x0000, 0x6800, 0x8884, 0x4101, 0x3060, 0x0bc2, 0x0360, 0x006b, 0x09b0, 0x118d, 0x0007, 0x0000, 0x0000, 0x0000, 0x0000, 
	0x0000, 0x0000, 0x0000, 0x0000, 0x0000, 0x0000, 0x0000, 0x0000, 0x0000, 0x0000, 0x0000, 0x0000, 0x0000, 0x0000, 0x2000, 0x2821, 
	0x0020, 0x0060, 0x08c1, 0x0040, 0x0023, 0x0043, 0x3800, 0x5043, 0x8905, 0x6000, 0x02c0, 0x1c83, 0x0168, 0x0147, 0x1a13, 0x00ad, 
	0x3000, 0x4842, 0x1060, 0x0840, 0x09a1, 0x0100, 0x0026, 0x08a8, 0x0843, 0x0002, 0x1000, 0x0800, 0x0000, 0x0000, 0x0000, 0x0000, 
	0x0000, 0x0000, 0x0800, 0x1000, 0x0820, 0x0000, 0x0000, 0x0000, 0x0000, 0x0000, 0x0000, 0x0000, 0x1000, 0x1800, 0x0000, 0x0000, 
	0x0000, 0x0000, 0x0000, 0x0000, 0x0800, 0x0800, 0x1821, 0x0800, 0x0000, 0x0000, 0x0000, 0x0000, 0x0000, 0x0000, 0x1000, 0x1820, 
	0x0800, 0x0000, 0x0000, 0x0000, 0x0000, 0x0000, 0x0000, 0x0000, 0x1800, 0x1800, 0x0000, 0x0000, 0x0000, 0x0000, 0x0000, 0x0000, 
	0x0800, 0x1000, 0x1021, 0x0800, 0x0000, 0x0000, 0x0000, 0x0000, 0x0000, 0x0000, 0x1000, 0x1000, 0x0000, 0x0000, 0x0000, 0x0000, 
	0x0000, 0x0000, 0x0800, 0x0800, 0x1820, 0x1000, 0x0000, 0x0000, 0x0000, 0x0000, 0x0000, 0x0000, 0x0800, 0x1020, 0x0820, 0x0000, 
	0x0000, 0x0000, 0x0000, 0x0000, 0x0000, 0x0000, 0x1000, 0x1000, 0x0000, 0x0000, 0x0000, 0x0000, 0x0000, 0x0000, 0x0800, 0x0800, 
	0x1020, 0x0800, 0x0000, 0x0000, 0x0000, 0x0000, 0x0000, 0x0000, 0x0800, 0x1020, 0x0020, 0x0000, 0x0020, 0x0000, 0x0001, 0x0001, 
	0x0000, 0x0000, 0x0000, 0x0000, 0x0000, 0x0000, 0x0000, 0x0000, 0x0000, 0x0000, 0x0000, 0x0000, 0x0000, 0x0000, 0x0000, 0x0000, 
	0x0000, 0x0000, 0x0000, 0x0000, 0x0000, 0x0000, 0x0000, 0x0000, 0x0000, 0x0000, 0x0000, 0x0000, 0x0000, 0x0000, 0x0000, 0x0000, 
	0x0000, 0x0000, 0x0000, 0x0000, 0x0000, 0x0000, 0x0000, 0x0000, 0x0000, 0x0000, 0x0000, 0x0000, 0x0000, 0x0000, 0x0000, 0x0000, 
	0x0000, 0x0000, 0x0000, 0x0000, 0x0000, 0x0000, 0x0000, 0x0000, 0x0000, 0x0000, 0x0000, 0x0000, 0x0000, 0x0000, 0x0000, 0x0000, 
	0x0000, 0x0000, 0x1800, 0x1800, 0x0820, 0x0800, 0x0060, 0x0080, 0x0003, 0x0044, 0x0064, 0x0002, 0x0000, 0x0000, 0x0000, 0x0000, 
	0x0000, 0x0000, 0x0000, 0x0000, 0x0000, 0x0000, 0x0000, 0x0000, 0x0000, 0x0000, 0x0000, 0x0000, 0x0000, 0x0000, 0x0000, 0x0000, 
	0x0000, 0x0000, 0x0000, 0x0000, 0x0000, 0x0000, 0x0000, 0x0000, 0x1000, 0x0800, 0x0000, 0x0040, 0x0020, 0x0000, 0x0022, 0x0021, 
	0x1000, 0x1000, 0x0000, 0x0020, 0x0080, 0x0040, 0x0024, 0x0044, 0x0022, 0x0001, 0x0000, 0x0000, 0x0000, 0x0000, 0x0000, 0x0000, 
	0x0000, 0x0000, 0x0000, 0x0000, 0x0000, 0x0000, 0x0000, 0x0000, 0x0000, 0x0000, 0x0000, 0x0000, 0x0000, 0x0000, 0x0000, 0x0000, 
	0x0000, 0x0000, 0x0000, 0x0000, 0x0000, 0x0000, 0x0000, 0x0000, 0x0000, 0x0000, 0x0000, 0x0000, 0x0000, 0x0000, 0x0000, 0x0000, 
	0x0000, 0x0000, 0x0000, 0x0000, 0x0000, 0x0000, 0x0000, 0x0000, 0x0000, 0x0000, 0x0000, 0x0000, 0x0000, 0x0000, 0x0000, 0x0000, 
	0x0000, 0x0000, 0x0000, 0x0000, 0x0000, 0x0000, 0x0000, 0x0000, 0x0000, 0x0000, 0x0000, 0x0000, 0x0000, 0x0000, 0x0000, 0x0000, 
	0x0000, 0x0000, 0x0000, 0x0000, 0x0000, 0x0000, 0x0000, 0x0000, 0x0000, 0x0000, 0x0000, 0x0000, 0x0000, 0x0000, 0x0000, 0x0000, 
	0x0000, 0x0000, 0x0000, 0x0000, 0x0000, 0x0000, 0x0000, 0x0000, 0x0000, 0x0000, 0x0000, 0x0000, 0x0000, 0x0000, 0x0000, 0x0000, 
	0x0000, 0x0000, 0x0000, 0x0000, 0x0000, 0x0000, 0x0000, 0x0000, 0x0000, 0x0000, 0x0000, 0x0000, 0x0000, 0x0000, 0x0000, 0x0000, 
	0x0000, 0x0000, 0x0800, 0x1020, 0x0000, 0x0000, 0x0000, 0x0000, 0x0000, 0x0000, 0x0000, 0x0000, 0x1000, 0x0800, 0x0000, 0x0000, 
	0x0000, 0x0000, 0x0000, 0x0000, 0x0800, 0x1021, 0x0800, 0x0000, 0x0000, 0x0000, 0x0000, 0x0000, 0x0000, 0x0000, 0x1000, 0x1000, 
	0x0000, 0x0000, 0x0000, 0x0000, 0x0000, 0x0000, 0x0000, 0x0820, 0x0800, 0x0000, 0x0000, 0x0000, 0x0000, 0x0000, 0x0000, 0x0000, 
	0x0800, 0x0800, 0x0000, 0x0000, 0x0000, 0x0000, 0x0000, 0x0000, 0x0000, 0x0000, 0x0000, 0x0000, 0x0000, 0x0000, 0x0000, 0x0000, 
	0x0800, 0x1000, 0x9803, 0xa844, 0x00c0, 0x2a62, 0x2565, 0x0340, 0x00f2, 0x1237, 0x092c, 0x0007, 0x0000, 0x0000, 0x0000, 0x0000, 
	0x0000, 0x0000, 0x0000, 0x0000, 0x0000, 0x0000, 0x0000, 0x0000, 0x0000, 0x0000, 0x0000, 0x0000, 0x0000, 0x0000, 0x0000, 0x0000, 
	0x0000, 0x0000, 0x0000, 0x0000, 0x0000, 0x0000, 0x1000, 0x2041, 0x1020, 0x0800, 0x00e0, 0x00e0, 0x0001, 0x0042, 0x1001, 0x1802, 
	0xb045, 0xa804, 0x0160, 0x33c3, 0x2587, 0x02c0, 0x01d7, 0x129a, 0x2067, 0x2046, 0x4062, 0x2800, 0x0140, 0x09e1, 0x0083, 0x0083, 
	0x08e9, 0x0047, 0x0800, 0x1000, 0x0000, 0x0000, 0x0000, 0x0000, 0x0000, 0x0000, 0x0000, 0x0000, 0x1020, 0x0800, 0x0000, 0x0000, 
	0x0000, 0x0000, 0x0000, 0x0000, 0x0800, 0x1020, 0x0800, 0x0000, 0x0000, 0x0000, 0x0000, 0x0000, 0x0000, 0x0000, 0x1820, 0x1000, 
	0x0000, 0x0000, 0x0000, 0x0000, 0x0000, 0x0000, 0x0000, 0x0820, 0x1020, 0x0800, 0x0000, 0x0000, 0x0000, 0x0000, 0x0000, 0x0000, 
	0x1000, 0x1020, 0x0000, 0x0000, 0x0000, 0x0000, 0x0000, 0x0000, 0x0000, 0x0000, 0x1020, 0x0800, 0x0000, 0x0000, 0x0000, 0x0000, 
	0x0000, 0x0000, 0x0800, 0x1821, 0x1020, 0x0800, 0x0000, 0x0000, 0x0000, 0x0000, 0x0000, 0x0000, 0x1000, 0x1800, 0x0000, 0x0000, 
	0x0000, 0x0000, 0x0000, 0x0000, 0x0000, 0x0800, 0x1821, 0x1000, 0x0000, 0x0000, 0x0000, 0x0000, 0x0000, 0x0000, 0x0800, 0x1020, 
	0x0800, 0x0000, 0x0000, 0x0000, 0x0000, 0x0000, 0x0000, 0x0000, 0x1000, 0x1000, 0x0000, 0x0000, 0x0000, 0x0000, 0x0001, 0x0001, 
	0x0000, 0x0000, 0x1800, 0x2841, 0x1821, 0x0800, 0x0000, 0x0000, 0x0000, 0x0000, 0x0000, 0x0800, 0x2821, 0x2801, 0x0000, 0x0000, 
	0x0000, 0x0000, 0x0000, 0x0000, 0x1000, 0x2041, 0x1821, 0x1000, 0x0000, 0x0000, 0x0000, 0x0000, 0x0000, 0x0000, 0x2801, 0x2801, 
	0x0000, 0x0000, 0x0000, 0x0000, 0x0000, 0x0000, 0x1000, 0x2041, 0x2021, 0x1000, 0x0000, 0x0000, 0x0000, 0x0000, 0x0000, 0x0000, 
	0x1800, 0x2001, 0x0800, 0x0000, 0x0000, 0x0000, 0x0000, 0x0000, 0x0000, 0x0000, 0x0820, 0x0800, 0x0000, 0x0000, 0x0000, 0x0000, 
	0x0800, 0x1000, 0xd804, 0xf087, 0x3180, 0x52a2, 0x2666, 0x0460, 0x0177, 0x1add, 0x1190, 0x000a, 0x0000, 0x0000, 0x0000, 0x0000, 
	0x0000, 0x0000, 0x0000, 0x0000, 0x0000, 0x0000, 0x0000, 0x0000, 0x0000, 0x0000, 0x0000, 0x0000, 0x0000, 0x0000, 0x0000, 0x0000, 
	0x0000, 0x0000, 0x0000, 0x0000, 0x0000, 0x0000, 0x2000, 0x3042, 0x3041, 0x1800, 0x0140, 0x0160, 0x0022, 0x0063, 0x1803, 0x2003, 
	0xe805, 0xf867, 0x0200, 0x5465, 0x2e8a, 0x0380, 0x027b, 0x135f, 0x3089, 0x3069, 0x7863, 0x5800, 0x01a0, 0x1261, 0x00c4, 0x00c4, 
	0x094d, 0x006a, 0x1800, 0x2821, 0x0820, 0x0800, 0x0000, 0x0000, 0x0000, 0x0000, 0x0000, 0x0800, 0x2821, 0x2000, 0x0000, 0x0000, 
	0x0000, 0x0000, 0x0000, 0x0000, 0x1000, 0x2041, 0x1821, 0x1000, 0x0000, 0x0000, 0x0000, 0x0000, 0x0000, 0x0000, 0x2800, 0x3021, 
	0x0800, 0x0000, 0x0000, 0x0000, 0x0000, 0x0000, 0x0800, 0x1020, 0x2821, 0x2000, 0x0000, 0x0000, 0x0000, 0x0000, 0x0000, 0x0000, 
	0x1800, 0x2821, 0x1020, 0x0800, 0x0000, 0x0000, 0x0000, 0x0000, 0x0000, 0x0000, 0x2801, 0x2000, 0x0000, 0x0000, 0x0000, 0x0000, 
	0x0000, 0x0000, 0x1000, 0x2021, 0x2842, 0x1800, 0x0000, 0x0000, 0x0000, 0x0000, 0x0000, 0x0000, 0x2000, 0x2841, 0x0800, 0x0000, 
	0x0000, 0x0000, 0x0000, 0x0000, 0x0800, 0x1000, 0x2821, 0x2000, 0x0000, 0x0000, 0x0000, 0x0000, 0x0000, 0x0000, 0x1000, 0x2021, 
	0x2021, 0x1000, 0x0000, 0x0000, 0x0000, 0x0000, 0x0000, 0x0000, 0x2000, 0x2821, 0x0000, 0x0000, 0x0000, 0x0000, 0x0001, 0x0022, 
	0x0021, 0x0001, 0x1800, 0x2841, 0x1821, 0x1000, 0x0000, 0x0000, 0x0000, 0x0000, 0x0000, 0x0800, 0x3021, 0x2801, 0x0000, 0x0000, 
	0x0000, 0x0000, 0x0000, 0x0000, 0x1800, 0x2821, 0x2021, 0x1000, 0x0000, 0x0000, 0x0000, 0x0000, 0x0000, 0x0000, 0x2801, 0x2821, 
	0x0000, 0x0000, 0x0000, 0x0000, 0x0000, 0x0000, 0x1000, 0x2021, 0x2821, 0x1800, 0x0000, 0x0000, 0x0000, 0x0000, 0x0000, 0x0000, 
	0x2000, 0x2021, 0x0800, 0x0000, 0x0000, 0x0000, 0x0000, 0x0000, 0x0000, 0x0800, 0x1000, 0x0800, 0x0000, 0x0000, 0x0000, 0x0000, 
	0x0800, 0x1000, 0xd804, 0xf067, 0x31a0, 0x52a2, 0x1e66, 0x0460, 0x0177, 0x12dc, 0x11b0, 0x000a, 0x0000, 0x0000, 0x0000, 0x0000, 
	0x0000, 0x0000, 0x0000, 0x0000, 0x0000, 0x0000, 0x0000, 0x0000, 0x0000, 0x0000, 0x0000, 0x0000, 0x0000, 0x0000, 0x0000, 0x0000, 
	0x0000, 0x0000, 0x0000, 0x0000, 0x0000, 0x0000, 0x1800, 0x3042, 0x2841, 0x1800, 0x0160, 0x0160, 0x0022, 0x0063, 0x1803, 0x2004, 
	0xe805, 0xf046, 0x0220, 0x5485, 0x268a, 0x0380, 0x027b, 0x135f, 0x3089, 0x2868, 0x7863, 0x5800, 0x01a0, 0x0a81, 0x00e5, 0x00c5, 
	0x092d, 0x006a, 0x1800, 0x2020, 0x1020, 0x0800, 0x0000, 0x0000, 0x0000, 0x0000, 0x0000, 0x0800, 0x2821, 0x2800, 0x0000, 0x0000, 
	0x0000, 0x0000, 0x0000, 0x0000, 0x1000, 0x2021, 0x2021, 0x1000, 0x0000, 0x0000, 0x0000, 0x0000, 0x0000, 0x0000, 0x3001, 0x3021, 
	0x0800, 0x0000, 0x0000, 0x0000, 0x0000, 0x0000, 0x0800, 0x1820, 0x3021, 0x2000, 0x0000, 0x0000, 0x0000, 0x0000, 0x0000, 0x0000, 
	0x2000, 0x2821, 0x1821, 0x0800, 0x0000, 0x0000, 0x0000, 0x0000, 0x0000, 0x0000, 0x2801, 0x2801, 0x0000, 0x0000, 0x0000, 0x0000, 
	0x0000, 0x0000, 0x1000, 0x2021, 0x2821, 0x1800, 0x0000, 0x0000, 0x0000, 0x0000, 0x0000, 0x0000, 0x2000, 0x2821, 0x1020, 0x0800, 
	0x0000, 0x0000, 0x0000, 0x0000, 0x0800, 0x1000, 0x2821, 0x2800, 0x0000, 0x0000, 0x0000, 0x0000, 0x0000, 0x0000, 0x1800, 0x2021, 
	0x2021, 0x1000, 0x0000, 0x0000, 0x0000, 0x0000, 0x0000, 0x0000, 0x2800, 0x2821, 0x0800, 0x0000, 0x0000, 0x0000, 0x0002, 0x0022, 
	0x0001, 0x0001, 0x2000, 0x2841, 0x2021, 0x1000, 0x0000, 0x0000, 0x0000, 0x0000, 0x0000, 0x0800, 0x3021, 0x2801, 0x0000, 0x0000, 
	0x0000, 0x0000, 0x0000, 0x0000, 0x1800, 0x2041, 0x2021, 0x1000, 0x0000, 0x0000, 0x0000, 0x0000, 0x0000, 0x0000, 0x3000, 0x3000, 
	0x0000, 0x0000, 0x0000, 0x0000, 0x0000, 0x0001, 0x1000, 0x2021, 0x2021, 0x1800, 0x0000, 0x0000, 0x0000, 0x0000, 0x0000, 0x0000, 
	0x2000, 0x2821, 0x0800, 0x0000, 0x0000, 0x0000, 0x0000, 0x0000, 0x0000, 0x0800, 0x1000, 0x0800, 0x0000, 0x0000, 0x0000, 0x0000, 
	0x1000, 0x1000, 0xd804, 0xf067, 0x3180, 0x52a2, 0x1e66, 0x0460, 0x0177, 0x12bc, 0x11b0, 0x000a, 0x0000, 0x0000, 0x0000, 0x0000, 
	0x0000, 0x0000, 0x0000, 0x0000, 0x0000, 0x0000, 0x0000, 0x0000, 0x0000, 0x0000, 0x0000, 0x0000, 0x0000, 0x0000, 0x0000, 0x0000, 
	0x0000, 0x0000, 0x0000, 0x0000, 0x0000, 0x0000, 0x2000, 0x3042, 0x3062, 0x1800, 0x0160, 0x0180, 0x0042, 0x0083, 0x2003, 0x2004, 
	0xe805, 0xf046, 0x01e0, 0x5445, 0x2e6a, 0x0380, 0x025b, 0x135e, 0x3089, 0x2868, 0x7883, 0x6000, 0x01a0, 0x0a61, 0x00e4, 0x00e4, 
	0x092d, 0x006a, 0x1800, 0x2821, 0x1020, 0x0800, 0x0000, 0x0000, 0x0000, 0x0000, 0x0000, 0x0800, 0x2821, 0x2800, 0x0000, 0x0000, 
	0x0000, 0x0000, 0x0000, 0x0000, 0x1000, 0x2021, 0x2021, 0x1000, 0x0000, 0x0000, 0x0000, 0x0000, 0x0000, 0x0000, 0x3001, 0x3021, 
	0x0800, 0x0800, 0x0000, 0x0000, 0x0000, 0x0000, 0x0800, 0x1800, 0x2841, 0x2000, 0x0000, 0x0000, 0x0000, 0x0000, 0x0000, 0x0000, 
	0x1800, 0x2821, 0x1821, 0x0800, 0x0000, 0x0000, 0x0000, 0x0000, 0x0000, 0x0000, 0x2821, 0x2800, 0x0000, 0x0000, 0x0000, 0x0000, 
	0x0000, 0x0000, 0x1000, 0x2021, 0x2841, 0x1800, 0x0000, 0x0000, 0x0000, 0x0000, 0x0000, 0x0000, 0x2000, 0x3041, 0x0820, 0x0000, 
	0x0000, 0x0000, 0x0000, 0x0000, 0x0000, 0x0820, 0x3021, 0x2800, 0x0000, 0x0000, 0x0000, 0x0000, 0x0000, 0x0000, 0x1000, 0x2021, 
	0x2021, 0x1000, 0x0000, 0x0000, 0x0000, 0x0001, 0x0000, 0x0000, 0x2800, 0x2821, 0x0800, 0x0000, 0x0000, 0x0000, 0x0002, 0x0022, 
	0x0002, 0x0001, 0x1800, 0x2841, 0x1821, 0x1000, 0x0000, 0x0000, 0x0000, 0x0000, 0x0000, 0x0800, 0x3021, 0x3001, 0x0000, 0x0000, 
	0x0000, 0x0000, 0x0000, 0x0000, 0x1800, 0x2041, 0x2021, 0x1000, 0x0000, 0x0000, 0x0000, 0x0000, 0x0000, 0x0000, 0x3000, 0x3000, 
	0x0000, 0x0000, 0x0000, 0x0000, 0x0000, 0x0000, 0x1000, 0x2021, 0x2021, 0x1800, 0x0000, 0x0000, 0x0000, 0x0000, 0x0000, 0x0000, 
	0x2000, 0x2801, 0x0000, 0x0000, 0x0000, 0x0000, 0x0000, 0x0000, 0x0000, 0x0800, 0x1020, 0x0800, 0x0000, 0x0000, 0x0000, 0x0000, 
	0x1000, 0x1000, 0xd803, 0xf086, 0x3180, 0x5aa2, 0x1e45, 0x0460, 0x0177, 0x12bc, 0x11b0, 0x000a, 0x0000, 0x0000, 0x0000, 0x0000, 
	0x0000, 0x0000, 0x0000, 0x0000, 0x0000, 0x0000, 0x0000, 0x0000, 0x0000, 0x0000, 0x0000, 0x0000, 0x0000, 0x0000, 0x0000, 0x0000, 
	0x0000, 0x0000, 0x0000, 0x0000, 0x0000, 0x0000, 0x1800, 0x3041, 0x3041, 0x1800, 0x0160, 0x0180, 0x0023, 0x0064, 0x1803, 0x2004, 
	0xe805, 0xf046, 0x01e0, 0x5445, 0x266a, 0x0380, 0x025b, 0x133e, 0x3089, 0x3068, 0x7863, 0x5800, 0x01a0, 0x0a61, 0x00e4, 0x00e4, 
	0x092d, 0x006a, 0x1800, 0x2821, 0x1020, 0x0800, 0x0000, 0x0000, 0x0000, 0x0000, 0x0000, 0x0800, 0x3021, 0x2800, 0x0000, 0x0000, 
	0x0000, 0x0000, 0x0000, 0x0000, 0x1000, 0x2021, 0x2021, 0x1000, 0x0000, 0x0000, 0x0000, 0x0000, 0x0000, 0x0000, 0x3001, 0x3821, 
	0x0800, 0x0000, 0x0000, 0x0000, 0x0000, 0x0000, 0x0800, 0x1820, 0x3021, 0x2000, 0x0000, 0x0000, 0x0000, 0x0000, 0x0000, 0x0000, 
	0x1800, 0x2821, 0x1821, 0x0800, 0x0000, 0x0000, 0x0000, 0x0000, 0x0000, 0x0000, 0x2801, 0x2800, 0x0000, 0x0000, 0x0000, 0x0000, 
	0x0000, 0x0000, 0x1000, 0x2021, 0x2841, 0x1800, 0x0000, 0x0000, 0x0000, 0x0000, 0x0000, 0x0000, 0x2800, 0x3021, 0x1000, 0x0800, 
	0x0000, 0x0000, 0x0000, 0x0000, 0x0800, 0x1000, 0x3021, 0x2800, 0x0000, 0x0000, 0x0000, 0x0000, 0x0000, 0x0000, 0x1800, 0x2021, 
	0x2021, 0x1000, 0x0000, 0x0000, 0x0000, 0x0001, 0x0001, 0x0000, 0x2800, 0x3021, 0x0800, 0x0000, 0x0000, 0x0000, 0x0002, 0x0022, 
	0x0001, 0x0001, 0x2000, 0x3022, 0x1821, 0x1000, 0x0000, 0x0000, 0x0000, 0x0000, 0x0000, 0x0800, 0x3021, 0x2801, 0x0000, 0x0000, 
	0x0000, 0x0000, 0x0001, 0x0001, 0x1800, 0x2821, 0x2021, 0x1000, 0x0000, 0x0000, 0x0000, 0x0000, 0x0000, 0x0000, 0x3001, 0x3001, 
	0x0000, 0x0000, 0x0000, 0x0000, 0x0000, 0x0000, 0x1000, 0x2021, 0x2821, 0x1800, 0x0000, 0x0000, 0x0000, 0x0000, 0x0000, 0x0000, 
	0x2000, 0x2821, 0x0000, 0x0000, 0x0000, 0x0000, 0x0000, 0x0000, 0x0000, 0x0800, 0x1000, 0x0800, 0x0000, 0x0000, 0x0000, 0x0000, 
	0x0800, 0x1000, 0xd803, 0xf066, 0x3180, 0x52a2, 0x1e45, 0x0460, 0x0177, 0x12bc, 0x11b0, 0x0009, 0x0000, 0x0000, 0x0000, 0x0000, 
	0x0000, 0x0000, 0x0000, 0x0000, 0x0000, 0x0000, 0x0000, 0x0000, 0x0000, 0x0000, 0x0000, 0x0000, 0x0000, 0x0000, 0x0000, 0x0000, 
	0x0000, 0x0000, 0x0000, 0x0000, 0x0000, 0x0000, 0x2000, 0x3041, 0x2841, 0x1800, 0x0140, 0x0180, 0x0022, 0x0084, 0x1804, 0x2004, 
	0xe805, 0xf046, 0x01e0, 0x5444, 0x2649, 0x0360, 0x027b, 0x0b3e, 0x3089, 0x2868, 0x7862, 0x5800, 0x01a0, 0x0a61, 0x00e4, 0x00c4, 
	0x092d, 0x006a, 0x1800, 0x2821, 0x1020, 0x0800, 0x0000, 0x0000, 0x0000, 0x0000, 0x0000, 0x0800, 0x2821, 0x2800, 0x0000, 0x0000, 
	0x0000, 0x0000, 0x0000, 0x0000, 0x1000, 0x2041, 0x2021, 0x1000, 0x0000, 0x0000, 0x0000, 0x0000, 0x0000, 0x0000, 0x3001, 0x3021, 
	0x0800, 0x0000, 0x0000, 0x0000, 0x0000, 0x0000, 0x0800, 0x1020, 0x3021, 0x2000, 0x0000, 0x0000, 0x0000, 0x0000, 0x0000, 0x0000, 
	0x2000, 0x2821, 0x1821, 0x0800, 0x0000, 0x0000, 0x0000, 0x0000, 0x0000, 0x0000, 0x2000, 0x2000, 0x0000, 0x0000, 0x0000, 0x0000, 
	0x0000, 0x0000, 0x1000, 0x2021, 0x2841, 0x1800, 0x0000, 0x0000, 0x0000, 0x0000, 0x0000, 0x0000, 0x2800, 0x3021, 0x1000, 0x0800, 
	0x0000, 0x0000, 0x0000, 0x0000, 0x0800, 0x1000, 0x3021, 0x2800, 0x0000, 0x0000, 0x0000, 0x0000, 0x0000, 0x0000, 0x1800, 0x2021, 
	0x2021, 0x1000, 0x0000, 0x0000, 0x0000, 0x0001, 0x0001, 0x0000, 0x2800, 0x2821, 0x0800, 0x0000, 0x0000, 0x0000, 0x0002, 0x0022, 
	0x0001, 0x0001, 0x2000, 0x3021, 0x2021, 0x1000, 0x0000, 0x0000, 0x0000, 0x0000, 0x0000, 0x0800, 0x3021, 0x3001, 0x0000, 0x0000, 
	0x0000, 0x0000, 0x0001, 0x0000, 0x1800, 0x2841, 0x2021, 0x1000, 0x0000, 0x0000, 0x0000, 0x0000, 0x0000, 0x0000, 0x3001, 0x3001, 
	0x0000, 0x0000, 0x0000, 0x0000, 0x0000, 0x0000, 0x1000, 0x2041, 0x2821, 0x1800, 0x0000, 0x0000, 0x0000, 0x0000, 0x0000, 0x0000, 
	0x2000, 0x2821, 0x0000, 0x0000, 0x0000, 0x0000, 0x0000, 0x0000, 0x0000, 0x0800, 0x1020, 0x0800, 0x0000, 0x0000, 0x0000, 0x0000, 
	0x0800, 0x1001, 0xd804, 0xf887, 0x31a0, 0x52c2, 0x1e85, 0x0460, 0x0177, 0x12dd, 0x11b0, 0x000a, 0x0000, 0x0000, 0x0000, 0x0000, 
	0x0000, 0x0000, 0x0000, 0x0000, 0x0000, 0x0000, 0x0000, 0x0000, 0x0000, 0x0000, 0x0000, 0x0000, 0x0000, 0x0000, 0x0000, 0x0000, 
	0x0000, 0x0000, 0x0000, 0x0000, 0x0000, 0x0000, 0x2000, 0x3042, 0x3061, 0x2000, 0x0160, 0x0180, 0x0043, 0x0084, 0x1804, 0x1804, 
	0xf005, 0xf846, 0x01e0, 0x5465, 0x2688, 0x0380, 0x027c, 0x0b3f, 0x3089, 0x3069, 0x7883, 0x6000, 0x01e0, 0x0aa1, 0x0104, 0x00e4, 
	0x092d, 0x006a, 0x1800, 0x2821, 0x1020, 0x0800, 0x0000, 0x0000, 0x0000, 0x0000, 0x0000, 0x0800, 0x3021, 0x2800, 0x0000, 0x0000, 
	0x0000, 0x0000, 0x0000, 0x0000, 0x1000, 0x2021, 0x2041, 0x1000, 0x0000, 0x0000, 0x0000, 0x0000, 0x0000, 0x0000, 0x3001, 0x3821, 
	0x0800, 0x0800, 0x0000, 0x0000, 0x0000, 0x0000, 0x0800, 0x1821, 0x3041, 0x2000, 0x0000, 0x0000, 0x0000, 0x0000, 0x0000, 0x0000, 
	0x2000, 0x2841, 0x1821, 0x0800, 0x0000, 0x0000, 0x0000, 0x0000, 0x0000, 0x0000, 0x2821, 0x2800, 0x0000, 0x0000, 0x0000, 0x0000, 
	0x0000, 0x0000, 0x1000, 0x2041, 0x3042, 0x1800, 0x0000, 0x0000, 0x0000, 0x0000, 0x0000, 0x0000, 0x2000, 0x3022, 0x1000, 0x0800, 
	0x0000, 0x0000, 0x0000, 0x0000, 0x0000, 0x0820, 0x3021, 0x2800, 0x0000, 0x0000, 0x0000, 0x0000, 0x0000, 0x0000, 0x1800, 0x2021, 
	0x2041, 0x1000, 0x0000, 0x0000, 0x0000, 0x0000, 0x0000, 0x0000, 0x2800, 0x2821, 0x0800, 0x0000, 0x0000, 0x0000, 0x0002, 0x0022, 
	0x0000, 0x0000, 0x0800, 0x1821, 0x1821, 0x1000, 0x0000, 0x0000, 0x0000, 0x0000, 0x0000, 0x0000, 0x1800, 0x1821, 0x0000, 0x0000, 
	0x0000, 0x0000, 0x0000, 0x0000, 0x0800, 0x1021, 0x1821, 0x1000, 0x0000, 0x0000, 0x0000, 0x0000, 0x0000, 0x0000, 0x1800, 0x1821, 
	0x0800, 0x0000, 0x0000, 0x0000, 0x0000, 0x0000, 0x0800, 0x1000, 0x1821, 0x1000, 0x0000, 0x0000, 0x0000, 0x0000, 0x0000, 0x0000, 
	0x1000, 0x1020, 0x0000, 0x0000, 0x0000, 0x0000, 0x0000, 0x0000, 0x0000, 0x0000, 0x0800, 0x0800, 0x0000, 0x0000, 0x0000, 0x0000, 
	0x0000, 0x0000, 0x8001, 0xa0a5, 0x4120, 0x38c0, 0x1483, 0x03c0, 0x00ad, 0x09f3, 0x118e, 0x0008, 0x0000, 0x0000, 0x0000, 0x0000, 
	0x0000, 0x0000, 0x0000, 0x0000, 0x0000, 0x0000, 0x0000, 0x0000, 0x0000, 0x0000, 0x0000, 0x0000, 0x0000, 0x0000, 0x0000, 0x0000, 
	0x0000, 0x0000, 0x0000, 0x0000, 0x0000, 0x0000, 0x1000, 0x1801, 0x2842, 0x1800, 0x00a0, 0x0101, 0x0021, 0x0021, 0x0822, 0x0802, 
	0x9002, 0xb8a6, 0x1920, 0x31c0, 0x24e6, 0x02e0, 0x0132, 0x1257, 0x18c8, 0x0806, 0x5862, 0x4800, 0x00c0, 0x09a1, 0x00e2, 0x0040, 
	0x08a8, 0x0067, 0x0800, 0x1021, 0x1000, 0x0800, 0x0000, 0x0000, 0x0000, 0x0000, 0x0000, 0x0000, 0x1801, 0x1821, 0x0000, 0x0000, 
	0x0000, 0x0000, 0x0000, 0x0000, 0x0800, 0x0820, 0x1821, 0x1000, 0x0000, 0x0000, 0x0000, 0x0000, 0x0000, 0x0000, 0x1800, 0x2021, 
	0x0800, 0x0000, 0x0000, 0x0000, 0x0000, 0x0000, 0x0000, 0x0800, 0x1821, 0x1800, 0x0000, 0x0000, 0x0000, 0x0000, 0x0000, 0x0000, 
	0x0800, 0x1020, 0x1021, 0x0800, 0x0000, 0x0000, 0x0000, 0x0000, 0x0000, 0x0000, 0x1000, 0x1821, 0x0000, 0x0000, 0x0000, 0x0000, 
	0x0000, 0x0000, 0x0800, 0x1000, 0x2041, 0x1000, 0x0000, 0x0000, 0x0000, 0x0000, 0x0000, 0x0000, 0x1000, 0x1821, 0x0820, 0x0000, 
	0x0000, 0x0000, 0x0000, 0x0000, 0x0000, 0x0000, 0x1800, 0x1800, 0x0000, 0x0000, 0x0000, 0x0000, 0x0000, 0x0000, 0x0800, 0x1000, 
	0x1821, 0x0800, 0x0000, 0x0000, 0x0000, 0x0000, 0x0000, 0x0000, 0x1000, 0x1821, 0x0000, 0x0000, 0x0000, 0x0000, 0x0000, 0x0001, 
	0x0000, 0x0000, 0x0000, 0x0000, 0x0000, 0x0000, 0x0000, 0x0000, 0x0000, 0x0000, 0x0000, 0x0000, 0x0000, 0x0000, 0x0000, 0x0000, 
	0x0000, 0x0000, 0x0000, 0x0000, 0x0000, 0x0000, 0x0000, 0x0000, 0x0000, 0x0000, 0x0000, 0x0000, 0x0000, 0x0000, 0x0000, 0x0000, 
	0x0000, 0x0000, 0x0000, 0x0000, 0x0000, 0x0000, 0x0000, 0x0000, 0x0000, 0x0000, 0x0000, 0x0000, 0x0000, 0x0000, 0x0000, 0x0000, 
	0x0000, 0x0000, 0x0000, 0x0000, 0x0000, 0x0000, 0x0000, 0x0000, 0x0000, 0x0000, 0x0000, 0x0000, 0x0000, 0x0000, 0x0000, 0x0000, 
	0x0000, 0x0000, 0x1000, 0x1000, 0x1021, 0x0800, 0x0080, 0x00c0, 0x0002, 0x0023, 0x0064, 0x0002, 0x0000, 0x0000, 0x0000, 0x0000, 
	0x0000, 0x0000, 0x0000, 0x0000, 0x0000, 0x0000, 0x0000, 0x0000, 0x0000, 0x0000, 0x0000, 0x0000, 0x0000, 0x0000, 0x0000, 0x0000, 
	0x0000, 0x0000, 0x0000, 0x0000, 0x0000, 0x0000, 0x0000, 0x0000, 0x0800, 0x0000, 0x0000, 0x0000, 0x0000, 0x0000, 0x0000, 0x0000, 
	0x0800, 0x1020, 0x1001, 0x0000, 0x0080, 0x0080, 0x0002, 0x0043, 0x0022, 0x0001, 0x0800, 0x0800, 0x0000, 0x0040, 0x0040, 0x0020, 
	0x0023, 0x0023, 0x0000, 0x0000, 0x0000, 0x0000, 0x0000, 0x0000, 0x0000, 0x0000, 0x0000, 0x0000, 0x0000, 0x0000, 0x0000, 0x0000, 
	0x0000, 0x0000, 0x0000, 0x0000, 0x0000, 0x0000, 0x0000, 0x0000, 0x0000, 0x0000, 0x0000, 0x0000, 0x0000, 0x0000, 0x0000, 0x0000, 
	0x0000, 0x0000, 0x0000, 0x0000, 0x0000, 0x0000, 0x0000, 0x0000, 0x0000, 0x0000, 0x0000, 0x0000, 0x0000, 0x0000, 0x0000, 0x0000, 
	0x0000, 0x0000, 0x0000, 0x0000, 0x0000, 0x0000, 0x0000, 0x0000, 0x0000, 0x0000, 0x0000, 0x0000, 0x0000, 0x0000, 0x0000, 0x0000, 
	0x0000, 0x0000, 0x0000, 0x0000, 0x0000, 0x0000, 0x0000, 0x0000, 0x0000, 0x0000, 0x0000, 0x0000, 0x0000, 0x0000, 0x0000, 0x0000, 
	0x0000, 0x0000, 0x0000, 0x0000, 0x0000, 0x0000, 0x0000, 0x0000, 0x0000, 0x0000, 0x0000, 0x0000, 0x0000, 0x0000, 0x0000, 0x0000, 
	0x0000, 0x0000, 0x0000, 0x0000, 0x0000, 0x0000, 0x0000, 0x0000, 0x0000, 0x0000, 0x0000, 0x0000, 0x0000, 0x0000, 0x0000, 0x0000, 
	0x0001, 0x0000, 0x0800, 0x1020, 0x0000, 0x0000, 0x0000, 0x0000, 0x0000, 0x0000, 0x0000, 0x0000, 0x0820, 0x0800, 0x0000, 0x0000, 
	0x0000, 0x0000, 0x0000, 0x0000, 0x0800, 0x0820, 0x0000, 0x0000, 0x0000, 0x0000, 0x0000, 0x0000, 0x0000, 0x0000, 0x1020, 0x0800, 
	0x0000, 0x0000, 0x0000, 0x0000, 0x0000, 0x0000, 0x0800, 0x1020, 0x0800, 0x0000, 0x0000, 0x0000, 0x0000, 0x0000, 0x0000, 0x0000, 
	0x0800, 0x0800, 0x0000, 0x0000, 0x0000, 0x0000, 0x0000, 0x0000, 0x0000, 0x0000, 0x0000, 0x0000, 0x0000, 0x0020, 0x0000, 0x0000, 
	0x0800, 0x0800, 0x8803, 0x8823, 0x00a0, 0x2222, 0x24a5, 0x02a0, 0x00d0, 0x11f5, 0x08ea, 0x0006, 0x0000, 0x0000, 0x0000, 0x0000, 
	0x0000, 0x0000, 0x0000, 0x0000, 0x0000, 0x0000, 0x0000, 0x0000, 0x0000, 0x0000, 0x0000, 0x0000, 0x0000, 0x0000, 0x0000, 0x0000, 
	0x0000, 0x0000, 0x0000, 0x0000, 0x0000, 0x0000, 0x0000, 0x0000, 0x0000, 0x0000, 0x0000, 0x0000, 0x0000, 0x0000, 0x0000, 0x0000, 
	0x1821, 0x1000, 0x0020, 0x00a0, 0x00a1, 0x0040, 0x0022, 0x0022, 0x3800, 0x68a5, 0x70a4, 0x4800, 0x03e0, 0x1d63, 0x01e8, 0x01e8, 
	0x1a57, 0x0111, 0x3800, 0x4022, 0x0020, 0x0860, 0x0961, 0x00c0, 0x0024, 0x00a6, 0x0042, 0x0001, 0x1000, 0x0800, 0x0000, 0x0000, 
	0x0000, 0x0000, 0x0000, 0x0000, 0x0800, 0x0820, 0x0000, 0x0000, 0x0000, 0x0000, 0x0000, 0x0000, 0x0000, 0x0000, 0x0800, 0x0800, 
	0x0000, 0x0000, 0x0000, 0x0000, 0x0000, 0x0000, 0x0000, 0x0800, 0x0820, 0x0800, 0x0000, 0x0000, 0x0000, 0x0000, 0x0000, 0x0000, 
	0x0800, 0x1000, 0x0000, 0x0000, 0x0000, 0x0000, 0x0000, 0x0000, 0x0000, 0x0000, 0x1000, 0x0800, 0x0000, 0x0000, 0x0000, 0x0000, 
	0x0000, 0x0000, 0x0800, 0x0820, 0x0800, 0x0000, 0x0000, 0x0000, 0x0000, 0x0000, 0x0000, 0x0000, 0x1000, 0x1000, 0x0000, 0x0000, 
	0x0000, 0x0000, 0x0000, 0x0000, 0x0000, 0x0000, 0x0820, 0x0800, 0x0000, 0x0000, 0x0000, 0x0000, 0x0000, 0x0000, 0x0800, 0x1001, 
	0x0000, 0x0000, 0x0000, 0x0000, 0x0000, 0x0000, 0x0000, 0x0000, 0x1000, 0x0800, 0x0000, 0x0000, 0x0000, 0x0000, 0x0000, 0x0001, 
	0x0022, 0x0002, 0x1800, 0x2842, 0x1821, 0x0800, 0x0000, 0x0000, 0x0000, 0x0001, 0x0001, 0x0001, 0x2821, 0x2000, 0x0000, 0x0000, 
	0x0000, 0x0000, 0x0000, 0x0000, 0x1800, 0x2821, 0x1821, 0x1000, 0x0000, 0x0000, 0x0000, 0x0000, 0x0000, 0x0000, 0x3001, 0x3001, 
	0x0000, 0x0000, 0x0000, 0x0000, 0x0000, 0x0000, 0x1000, 0x2841, 0x2842, 0x1800, 0x0000, 0x0000, 0x0000, 0x0000, 0x0000, 0x0000, 
	0x2000, 0x2821, 0x0000, 0x0000, 0x0020, 0x0000, 0x0001, 0x0001, 0x0000, 0x0800, 0x1020, 0x0800, 0x0020, 0x0040, 0x0020, 0x0000, 
	0x1000, 0x1001, 0xd804, 0xf087, 0x2980, 0x52e2, 0x1e85, 0x0460, 0x0177, 0x12dd, 0x11b0, 0x0009, 0x0000, 0x0000, 0x0000, 0x0000, 
	0x0000, 0x0000, 0x0000, 0x0000, 0x0000, 0x0000, 0x0000, 0x0000, 0x0000, 0x0000, 0x0000, 0x0000, 0x0000, 0x0000, 0x0000, 0x0000, 
	0x0000, 0x0000, 0x0000, 0x0000, 0x0000, 0x0000, 0x0000, 0x0000, 0x0000, 0x0000, 0x0000, 0x0000, 0x0000, 0x0000, 0x0000, 0x0000, 
	0x3801, 0x4002, 0x0060, 0x08e0, 0x0961, 0x0080, 0x0044, 0x0065, 0x5800, 0x98c7, 0xd926, 0xa000, 0x0580, 0x2705, 0x032d, 0x02cc, 
	0x1b3e, 0x0198, 0x6001, 0x8064, 0x2880, 0x2060, 0x0a61, 0x01a0, 0x0048, 0x092b, 0x0865, 0x0003, 0x2821, 0x2800, 0x0000, 0x0000, 
	0x0000, 0x0000, 0x0000, 0x0000, 0x1000, 0x2041, 0x1821, 0x1000, 0x0000, 0x0000, 0x0000, 0x0000, 0x0000, 0x0000, 0x2801, 0x2801, 
	0x0000, 0x0000, 0x0000, 0x0000, 0x0000, 0x0000, 0x0800, 0x1021, 0x2821, 0x1800, 0x0000, 0x0000, 0x0000, 0x0000, 0x0000, 0x0000, 
	0x2000, 0x2841, 0x1021, 0x0800, 0x0000, 0x0000, 0x0000, 0x0000, 0x0000, 0x0800, 0x2821, 0x2801, 0x0000, 0x0000, 0x0000, 0x0000, 
	0x0000, 0x0000, 0x1000, 0x2021, 0x2021, 0x1800, 0x0000, 0x0000, 0x0000, 0x0000, 0x0000, 0x0000, 0x2001, 0x2821, 0x0800, 0x0000, 
	0x0000, 0x0000, 0x0000, 0x0000, 0x0800, 0x1000, 0x2821, 0x2000, 0x0000, 0x0000, 0x0000, 0x0000, 0x0000, 0x0000, 0x1800, 0x2842, 
	0x2021, 0x1000, 0x0000, 0x0000, 0x0000, 0x0000, 0x0000, 0x0000, 0x2801, 0x2801, 0x0000, 0x0000, 0x0020, 0x0000, 0x0002, 0x0023, 
	0x0044, 0x0023, 0x2000, 0x2841, 0x2021, 0x1000, 0x0020, 0x0020, 0x0001, 0x0021, 0x0801, 0x0801, 0x3001, 0x2800, 0x0000, 0x0000, 
	0x0000, 0x0000, 0x0021, 0x0021, 0x1800, 0x2821, 0x2021, 0x1000, 0x0000, 0x0000, 0x0000, 0x0000, 0x0000, 0x0000, 0x3001, 0x3001, 
	0x0000, 0x0000, 0x0000, 0x0000, 0x0000, 0x0000, 0x1000, 0x2841, 0x2841, 0x1800, 0x0000, 0x0000, 0x0000, 0x0000, 0x0000, 0x0000, 
	0x2800, 0x2821, 0x0800, 0x0000, 0x0000, 0x0000, 0x0001, 0x0021, 0x0000, 0x0800, 0x1000, 0x1000, 0x0020, 0x0040, 0x0020, 0x0020, 
	0x1001, 0x1001, 0xd803, 0xf066, 0x3180, 0x52c2, 0x1e45, 0x0440, 0x0177, 0x12bc, 0x11b0, 0x000a, 0x0000, 0x0000, 0x0000, 0x0000, 
	0x0000, 0x0000, 0x0000, 0x0000, 0x0000, 0x0000, 0x0000, 0x0000, 0x0000, 0x0000, 0x0000, 0x0000, 0x0000, 0x0000, 0x0000, 0x0000, 
	0x0000, 0x0000, 0x0000, 0x0000, 0x0000, 0x0000, 0x0000, 0x0000, 0x0000, 0x0000, 0x0000, 0x0000, 0x0000, 0x0000, 0x0000, 0x0000, 
	0x3801, 0x4021, 0x0040, 0x10c0, 0x0961, 0x00a0, 0x0045, 0x0065, 0x5800, 0x90c7, 0xd8e6, 0xa800, 0x0560, 0x26e5, 0x032d, 0x02ab, 
	0x1b3d, 0x01b7, 0x6001, 0x7844, 0x30a0, 0x2840, 0x0a61, 0x01a0, 0x0068, 0x092c, 0x0886, 0x0004, 0x3021, 0x2800, 0x0000, 0x0000, 
	0x0000, 0x0000, 0x0000, 0x0000, 0x1000, 0x2021, 0x2021, 0x1000, 0x0000, 0x0000, 0x0000, 0x0000, 0x0000, 0x0000, 0x2800, 0x2821, 
	0x0800, 0x0000, 0x0000, 0x0000, 0x0000, 0x0000, 0x0800, 0x1821, 0x2841, 0x2000, 0x0000, 0x0000, 0x0000, 0x0000, 0x0000, 0x0000, 
	0x2000, 0x2821, 0x1821, 0x0800, 0x0000, 0x0000, 0x0000, 0x0000, 0x0000, 0x0800, 0x2821, 0x2800, 0x0000, 0x0000, 0x0000, 0x0000, 
	0x0000, 0x0000, 0x1000, 0x2021, 0x2841, 0x1800, 0x0000, 0x0000, 0x0000, 0x0000, 0x0000, 0x0000, 0x2000, 0x2821, 0x1000, 0x0800, 
	0x0000, 0x0000, 0x0000, 0x0000, 0x0000, 0x0820, 0x2821, 0x2800, 0x0000, 0x0000, 0x0000, 0x0000, 0x0000, 0x0000, 0x1800, 0x2021, 
	0x2041, 0x1000, 0x0000, 0x0000, 0x0000, 0x0000, 0x0000, 0x0000, 0x2800, 0x3021, 0x0000, 0x0000, 0x0040, 0x0000, 0x0023, 0x0023, 
	0x0044, 0x0023, 0x2000, 0x3042, 0x2041, 0x1000, 0x0020, 0x0020, 0x0000, 0x0021, 0x0001, 0x0801, 0x3021, 0x2801, 0x0000, 0x0000, 
	0x0000, 0x0000, 0x0001, 0x0001, 0x1800, 0x2842, 0x2021, 0x1000, 0x0000, 0x0000, 0x0000, 0x0001, 0x0000, 0x0000, 0x3001, 0x3821, 
	0x0000, 0x0000, 0x0000, 0x0000, 0x0000, 0x0000, 0x1800, 0x2821, 0x3041, 0x1800, 0x0000, 0x0000, 0x0000, 0x0000, 0x0001, 0x0000, 
	0x2800, 0x3021, 0x0800, 0x0000, 0x0000, 0x0000, 0x0001, 0x0022, 0x0000, 0x0800, 0x1821, 0x1000, 0x0020, 0x0040, 0x0001, 0x0021, 
	0x0801, 0x1002, 0xd803, 0xf066, 0x3180, 0x52c2, 0x1e65, 0x0460, 0x0177, 0x12dd, 0x11b0, 0x002a, 0x0000, 0x0000, 0x0000, 0x0000, 
	0x0000, 0x0000, 0x0000, 0x0000, 0x0000, 0x0000, 0x0000, 0x0000, 0x0000, 0x0000, 0x0000, 0x0000, 0x0000, 0x0000, 0x0000, 0x0000, 
	0x0000, 0x0000, 0x0000, 0x0000, 0x0000, 0x0000, 0x0000, 0x0000, 0x0000, 0x0000, 0x0000, 0x0000, 0x0000, 0x0000, 0x0000, 0x0000, 
	0x3801, 0x4022, 0x0040, 0x10c0, 0x0981, 0x00a0, 0x0045, 0x0065, 0x5800, 0x90c7, 0xd8e6, 0xa800, 0x0540, 0x26c5, 0x032d, 0x02ab, 
	0x1b3e, 0x0197, 0x6001, 0x8064, 0x30a0, 0x2840, 0x0a61, 0x01a0, 0x0069, 0x092c, 0x0885, 0x0003, 0x3021, 0x2800, 0x0000, 0x0000, 
	0x0000, 0x0000, 0x0000, 0x0000, 0x1000, 0x2021, 0x2021, 0x1000, 0x0000, 0x0000, 0x0000, 0x0000, 0x0000, 0x0000, 0x2800, 0x3021, 
	0x0800, 0x0000, 0x0000, 0x0000, 0x0000, 0x0000, 0x0800, 0x1821, 0x3021, 0x2000, 0x0000, 0x0000, 0x0000, 0x0000, 0x0000, 0x0000, 
	0x2000, 0x3041, 0x1821, 0x0800, 0x0000, 0x0000, 0x0000, 0x0000, 0x0000, 0x0800, 0x3001, 0x2801, 0x0000, 0x0000, 0x0000, 0x0000, 
	0x0000, 0x0000, 0x1000, 0x2041, 0x2841, 0x1800, 0x0000, 0x0000, 0x0000, 0x0000, 0x0000, 0x0000, 0x2800, 0x3021, 0x1000, 0x0800, 
	0x0000, 0x0000, 0x0000, 0x0000, 0x0000, 0x0820, 0x3021, 0x2000, 0x0000, 0x0000, 0x0000, 0x0000, 0x0000, 0x0000, 0x1800, 0x2841, 
	0x2041, 0x1000, 0x0000, 0x0000, 0x0000, 0x0000, 0x0000, 0x0000, 0x2800, 0x3021, 0x0800, 0x0000, 0x0040, 0x0000, 0x0023, 0x0023, 
	0x0044, 0x0044, 0x2000, 0x3042, 0x2021, 0x1000, 0x0000, 0x0000, 0x0001, 0x0021, 0x0801, 0x0001, 0x3021, 0x2800, 0x0000, 0x0000, 
	0x0000, 0x0000, 0x0001, 0x0001, 0x1800, 0x2842, 0x2021, 0x1000, 0x0000, 0x0000, 0x0000, 0x0000, 0x0000, 0x0000, 0x3801, 0x3801, 
	0x0800, 0x0000, 0x0000, 0x0000, 0x0001, 0x0001, 0x1000, 0x2842, 0x3041, 0x1800, 0x0000, 0x0000, 0x0000, 0x0000, 0x0001, 0x0000, 
	0x3000, 0x3021, 0x0800, 0x0000, 0x0000, 0x0000, 0x0002, 0x0022, 0x0000, 0x0800, 0x1821, 0x1000, 0x0020, 0x0040, 0x0001, 0x0001, 
	0x1001, 0x1002, 0xd804, 0xf066, 0x2980, 0x52c2, 0x1e45, 0x0440, 0x0177, 0x12dc, 0x11b0, 0x002a, 0x0000, 0x0000, 0x0000, 0x0000, 
	0x0000, 0x0000, 0x0000, 0x0000, 0x0000, 0x0000, 0x0000, 0x0000, 0x0000, 0x0000, 0x0000, 0x0000, 0x0000, 0x0000, 0x0000, 0x0000, 
	0x0000, 0x0000, 0x0000, 0x0000, 0x0000, 0x0000, 0x0000, 0x0000, 0x0000, 0x0000, 0x0000, 0x0000, 0x0000, 0x0000, 0x0000, 0x0000, 
	0x4001, 0x4022, 0x0040, 0x10c0, 0x0961, 0x00a0, 0x0045, 0x0065, 0x5800, 0x90c6, 0xd0e6, 0xa800, 0x0560, 0x1ee5, 0x032d, 0x02cb, 
	0x233d, 0x0197, 0x6001, 0x8064, 0x3080, 0x2840, 0x0a41, 0x01a0, 0x0048, 0x090b, 0x0865, 0x0003, 0x3020, 0x2800, 0x0000, 0x0000, 
	0x0000, 0x0000, 0x0000, 0x0000, 0x1000, 0x2021, 0x2021, 0x1000, 0x0000, 0x0000, 0x0000, 0x0000, 0x0000, 0x0000, 0x2800, 0x3021, 
	0x0800, 0x0000, 0x0000, 0x0000, 0x0000, 0x0000, 0x0800, 0x1821, 0x3041, 0x2000, 0x0000, 0x0000, 0x0000, 0x0000, 0x0000, 0x0000, 
	0x2000, 0x3041, 0x1821, 0x0800, 0x0000, 0x0000, 0x0000, 0x0000, 0x0000, 0x0800, 0x3001, 0x2800, 0x0000, 0x0000, 0x0000, 0x0000, 
	0x0000, 0x0000, 0x1000, 0x2021, 0x2821, 0x1800, 0x0000, 0x0000, 0x0000, 0x0000, 0x0000, 0x0000, 0x2800, 0x3021, 0x1000, 0x0800, 
	0x0000, 0x0000, 0x0000, 0x0000, 0x0800, 0x1000, 0x3021, 0x2800, 0x0000, 0x0000, 0x0000, 0x0000, 0x0000, 0x0000, 0x1800, 0x2841, 
	0x2021, 0x1000, 0x0000, 0x0000, 0x0000, 0x0000, 0x0000, 0x0000, 0x2800, 0x3021, 0x0800, 0x0800, 0x0020, 0x0000, 0x0023, 0x0043, 
	0x0044, 0x0024, 0x2000, 0x3041, 0x2021, 0x1000, 0x0000, 0x0000, 0x0001, 0x0022, 0x0801, 0x0001, 0x3021, 0x2800, 0x0000, 0x0000, 
	0x0000, 0x0000, 0x0001, 0x0001, 0x1800, 0x2841, 0x2021, 0x1000, 0x0000, 0x0000, 0x0000, 0x0000, 0x0000, 0x0000, 0x3801, 0x3801, 
	0x0800, 0x0000, 0x0000, 0x0000, 0x0001, 0x0001, 0x1000, 0x2841, 0x3041, 0x1800, 0x0000, 0x0000, 0x0000, 0x0000, 0x0001, 0x0000, 
	0x2800, 0x3021, 0x0800, 0x0000, 0x0000, 0x0000, 0x0002, 0x0002, 0x0000, 0x0800, 0x1820, 0x1000, 0x0020, 0x0040, 0x0000, 0x0001, 
	0x1001, 0x1002, 0xd804, 0xf067, 0x2980, 0x52c2, 0x1e66, 0x0440, 0x0177, 0x12dc, 0x11b0, 0x000a, 0x0000, 0x0000, 0x0000, 0x0000, 
	0x0000, 0x0000, 0x0000, 0x0000, 0x0000, 0x0000, 0x0000, 0x0000, 0x0000, 0x0000, 0x0000, 0x0000, 0x0000, 0x0000, 0x0000, 0x0000, 
	0x0000, 0x0000, 0x0000, 0x0000, 0x0000, 0x0000, 0x0000, 0x0000, 0x0000, 0x0000, 0x0000, 0x0000, 0x0000, 0x0000, 0x0000, 0x0000, 
	0x3801, 0x4022, 0x0040, 0x10c0, 0x0961, 0x00a0, 0x0045, 0x0066, 0x5800, 0x90c7, 0xd0e6, 0xa800, 0x0540, 0x26c5, 0x032d, 0x02ab, 
	0x1b3d, 0x0197, 0x6001, 0x7865, 0x3081, 0x2840, 0x0a41, 0x01a0, 0x0048, 0x090b, 0x0865, 0x0003, 0x3021, 0x2800, 0x0000, 0x0000, 
	0x0000, 0x0000, 0x0000, 0x0000, 0x1000, 0x2021, 0x2021, 0x1000, 0x0000, 0x0000, 0x0000, 0x0000, 0x0000, 0x0000, 0x2800, 0x3021, 
	0x0000, 0x0000, 0x0000, 0x0000, 0x0000, 0x0000, 0x0800, 0x1821, 0x2841, 0x2000, 0x0000, 0x0000, 0x0000, 0x0000, 0x0000, 0x0000, 
	0x2000, 0x3021, 0x1821, 0x0800, 0x0000, 0x0000, 0x0000, 0x0000, 0x0000, 0x0800, 0x2821, 0x2800, 0x0000, 0x0000, 0x0000, 0x0000, 
	0x0000, 0x0000, 0x1000, 0x2021, 0x2841, 0x1800, 0x0000, 0x0000, 0x0000, 0x0000, 0x0000, 0x0000, 0x2800, 0x3021, 0x0820, 0x0000, 
	0x0000, 0x0000, 0x0000, 0x0000, 0x0000, 0x0800, 0x3021, 0x2800, 0x0000, 0x0000, 0x0000, 0x0000, 0x0000, 0x0000, 0x1800, 0x2821, 
	0x2041, 0x1000, 0x0000, 0x0000, 0x0000, 0x0000, 0x0000, 0x0000, 0x2801, 0x3021, 0x0800, 0x0000, 0x0020, 0x0000, 0x0003, 0x0023, 
	0x0044, 0x0044, 0x2000, 0x3042, 0x2021, 0x1000, 0x0020, 0x0020, 0x0001, 0x0022, 0x0801, 0x0801, 0x3021, 0x3000, 0x0000, 0x0000, 
	0x0000, 0x0000, 0x0001, 0x0001, 0x1800, 0x2841, 0x2041, 0x1000, 0x0000, 0x0000, 0x0000, 0x0000, 0x0000, 0x0000, 0x3821, 0x3801, 
	0x0800, 0x0000, 0x0000, 0x0000, 0x0000, 0x0000, 0x1800, 0x2841, 0x3041, 0x2000, 0x0000, 0x0000, 0x0000, 0x0000, 0x0000, 0x0000, 
	0x2800, 0x3021, 0x0800, 0x0000, 0x0000, 0x0000, 0x0001, 0x0022, 0x0000, 0x0801, 0x1820, 0x1000, 0x0020, 0x0040, 0x0020, 0x0020, 
	0x0801, 0x1001, 0xe004, 0xf867, 0x29a0, 0x5302, 0x1e86, 0x0460, 0x0178, 0x1ade, 0x11b0, 0x000a, 0x0000, 0x0000, 0x0000, 0x0000, 
	0x0000, 0x0000, 0x0000, 0x0000, 0x0000, 0x0000, 0x0000, 0x0000, 0x0000, 0x0000, 0x0000, 0x0000, 0x0000, 0x0000, 0x0000, 0x0000, 
	0x0000, 0x0000, 0x0000, 0x0000, 0x0000, 0x0000, 0x0000, 0x0000, 0x0000, 0x0000, 0x0000, 0x0000, 0x0000, 0x0000, 0x0000, 0x0000, 
	0x4001, 0x4022, 0x0040, 0x10e0, 0x0981, 0x00c0, 0x0066, 0x0087, 0x5800, 0x98e7, 0xd8e6, 0xa800, 0x0580, 0x1f04, 0x032d, 0x02cc, 
	0x1b3e, 0x0197, 0x6801, 0x8064, 0x30a0, 0x2840, 0x0a61, 0x01c0, 0x0068, 0x092b, 0x0865, 0x0004, 0x3021, 0x2800, 0x0000, 0x0000, 
	0x0000, 0x0000, 0x0000, 0x0000, 0x1000, 0x2021, 0x2021, 0x1000, 0x0000, 0x0000, 0x0000, 0x0000, 0x0000, 0x0000, 0x2801, 0x3021, 
	0x0800, 0x0000, 0x0000, 0x0000, 0x0000, 0x0000, 0x0800, 0x1821, 0x3021, 0x2000, 0x0000, 0x0000, 0x0000, 0x0000, 0x0000, 0x0000, 
	0x2000, 0x3021, 0x1821, 0x1000, 0x0000, 0x0000, 0x0000, 0x0000, 0x0000, 0x0800, 0x3021, 0x2800, 0x0000, 0x0000, 0x0000, 0x0000, 
	0x0000, 0x0000, 0x1000, 0x2021, 0x2841, 0x1800, 0x0000, 0x0000, 0x0000, 0x0000, 0x0000, 0x0000, 0x2800, 0x3021, 0x1000, 0x0800, 
	0x0000, 0x0000, 0x0000, 0x0000, 0x0800, 0x1000, 0x3021, 0x2800, 0x0000, 0x0000, 0x0000, 0x0000, 0x0000, 0x0000, 0x1800, 0x2822, 
	0x2021, 0x1000, 0x0000, 0x0000, 0x0000, 0x0000, 0x0000, 0x0000, 0x3001, 0x3021, 0x0800, 0x0800, 0x0040, 0x0000, 0x0003, 0x0023, 
	0x0022, 0x0022, 0x1000, 0x1821, 0x1821, 0x1000, 0x0020, 0x0020, 0x0000, 0x0001, 0x0001, 0x0000, 0x2000, 0x2021, 0x0000, 0x0000, 
	0x0000, 0x0000, 0x0000, 0x0000, 0x1000, 0x1821, 0x2041, 0x1000, 0x0000, 0x0000, 0x0000, 0x0000, 0x0000, 0x0000, 0x2000, 0x2821, 
	0x0800, 0x0000, 0x0000, 0x0000, 0x0000, 0x0000, 0x0800, 0x1820, 0x2841, 0x1800, 0x0000, 0x0000, 0x0000, 0x0000, 0x0000, 0x0000, 
	0x1800, 0x2021, 0x0800, 0x0000, 0x0020, 0x0020, 0x0000, 0x0001, 0x0000, 0x0000, 0x0820, 0x0800, 0x0000, 0x0040, 0x0020, 0x0000, 
	0x0800, 0x0801, 0x9802, 0xb8a6, 0x3920, 0x3940, 0x1d24, 0x03e0, 0x00d0, 0x1256, 0x118f, 0x0009, 0x0000, 0x0000, 0x0000, 0x0000, 
	0x0000, 0x0000, 0x0000, 0x0000, 0x0000, 0x0000, 0x0000, 0x0000, 0x0000, 0x0000, 0x0000, 0x0000, 0x0000, 0x0000, 0x0000, 0x0000, 
	0x0000, 0x0000, 0x0000, 0x0000, 0x0000, 0x0000, 0x0000, 0x0000, 0x0000, 0x0000, 0x0000, 0x0000, 0x0000, 0x0000, 0x0000, 0x0000, 
	0x2800, 0x3822, 0x0840, 0x0860, 0x0941, 0x00a0, 0x0023, 0x0044, 0x3800, 0x6084, 0xb8e6, 0x9801, 0x0360, 0x2d64, 0x030a, 0x01e5, 
	0x1a99, 0x0195, 0x4000, 0x5864, 0x3882, 0x2000, 0x01c1, 0x0180, 0x0024, 0x08c6, 0x0864, 0x0003, 0x2000, 0x2000, 0x0000, 0x0000, 
	0x0000, 0x0000, 0x0000, 0x0000, 0x0800, 0x1020, 0x1821, 0x1000, 0x0000, 0x0000, 0x0000, 0x0000, 0x0000, 0x0000, 0x1800, 0x2021, 
	0x0800, 0x0000, 0x0000, 0x0000, 0x0000, 0x0000, 0x0800, 0x1000, 0x2021, 0x1800, 0x0000, 0x0000, 0x0000, 0x0000, 0x0000, 0x0000, 
	0x1000, 0x2021, 0x1821, 0x0800, 0x0000, 0x0000, 0x0000, 0x0000, 0x0000, 0x0000, 0x2001, 0x2021, 0x0000, 0x0000, 0x0000, 0x0000, 
	0x0000, 0x0000, 0x0800, 0x1020, 0x2041, 0x1800, 0x0000, 0x0000, 0x0000, 0x0000, 0x0000, 0x0000, 0x1800, 0x2021, 0x0820, 0x0000, 
	0x0000, 0x0000, 0x0000, 0x0000, 0x0000, 0x0800, 0x2021, 0x2001, 0x0000, 0x0000, 0x0000, 0x0000, 0x0000, 0x0000, 0x1000, 0x1821, 
	0x2021, 0x1000, 0x0000, 0x0000, 0x0000, 0x0000, 0x0000, 0x0000, 0x2000, 0x2821, 0x0020, 0x0000, 0x0040, 0x0000, 0x0001, 0x0001, 
	0x0000, 0x0000, 0x0000, 0x0000, 0x0000, 0x0000, 0x0000, 0x0000, 0x0000, 0x0000, 0x0000, 0x0000, 0x0000, 0x0000, 0x0000, 0x0000, 
	0x0000, 0x0000, 0x0000, 0x0000, 0x0000, 0x0000, 0x0000, 0x0000, 0x0000, 0x0000, 0x0000, 0x0000, 0x0000, 0x0000, 0x0000, 0x0000, 
	0x0000, 0x0000, 0x0000, 0x0000, 0x0000, 0x0000, 0x0000, 0x0000, 0x0000, 0x0000, 0x0000, 0x0000, 0x0000, 0x0000, 0x0000, 0x0000, 
	0x0000, 0x0000, 0x0000, 0x0000, 0x0000, 0x0000, 0x0000, 0x0000, 0x0000, 0x0000, 0x0000, 0x0000, 0x0000, 0x0000, 0x0000, 0x0000, 
	0x0000, 0x0000, 0x1800, 0x2800, 0x1841, 0x0800, 0x00a0, 0x0100, 0x0003, 0x0065, 0x0886, 0x0003, 0x0000, 0x0000, 0x0000, 0x0000, 
	0x0000, 0x0000, 0x0000, 0x0000, 0x0000, 0x0000, 0x0000, 0x0000, 0x0000, 0x0000, 0x0000, 0x0000, 0x0000, 0x0000, 0x0000, 0x0000, 
	0x0000, 0x0000, 0x0000, 0x0000, 0x0000, 0x0000, 0x0000, 0x0000, 0x0000, 0x0000, 0x0000, 0x0000, 0x0000, 0x0000, 0x0000, 0x0000, 
	0x0000, 0x0000, 0x0000, 0x0000, 0x0020, 0x0020, 0x0000, 0x0000, 0x0000, 0x0000, 0x3001, 0x3001, 0x0000, 0x08a0, 0x08c2, 0x0000, 
	0x0066, 0x0086, 0x0800, 0x0800, 0x1020, 0x0000, 0x0020, 0x0040, 0x0000, 0x0001, 0x0021, 0x0001, 0x0000, 0x0000, 0x0000, 0x0000, 
	0x0000, 0x0000, 0x0000, 0x0000, 0x0000, 0x0000, 0x0000, 0x0000, 0x0000, 0x0000, 0x0000, 0x0000, 0x0000, 0x0000, 0x0000, 0x0000, 
	0x0000, 0x0000, 0x0000, 0x0000, 0x0000, 0x0000, 0x0000, 0x0000, 0x0000, 0x0000, 0x0000, 0x0000, 0x0000, 0x0000, 0x0000, 0x0000, 
	0x0000, 0x0000, 0x0000, 0x0000, 0x0000, 0x0000, 0x0000, 0x0000, 0x0000, 0x0000, 0x0000, 0x0000, 0x0000, 0x0000, 0x0000, 0x0000, 
	0x0000, 0x0000, 0x0000, 0x0000, 0x0800, 0x0000, 0x0000, 0x0000, 0x0000, 0x0000, 0x0000, 0x0000, 0x0000, 0x0000, 0x0000, 0x0000, 
	0x0000, 0x0000, 0x0000, 0x0000, 0x0000, 0x0000, 0x0000, 0x0000, 0x0000, 0x0000, 0x0000, 0x0000, 0x0000, 0x0000, 0x0000, 0x0000, 
	0x0000, 0x0000, 0x0000, 0x0000, 0x0000, 0x0000, 0x0000, 0x0000, 0x0000, 0x0000, 0x0000, 0x0000, 0x0000, 0x0000, 0x0000, 0x0000, 
	0x0022, 0x0002, 0x0800, 0x0820, 0x0000, 0x0000, 0x0040, 0x0040, 0x0000, 0x0021, 0x0000, 0x0000, 0x0800, 0x0800, 0x0000, 0x0040, 
	0x0020, 0x0000, 0x0022, 0x0002, 0x0000, 0x0800, 0x0000, 0x0000, 0x0040, 0x0040, 0x0000, 0x0021, 0x0021, 0x0001, 0x0820, 0x0800, 
	0x0000, 0x0020, 0x0040, 0x0000, 0x0001, 0x0001, 0x0800, 0x0820, 0x0000, 0x0000, 0x0040, 0x0040, 0x0000, 0x0001, 0x0021, 0x0000, 
	0x0800, 0x0800, 0x0000, 0x0040, 0x0060, 0x0020, 0x0001, 0x0021, 0x0000, 0x0000, 0x0000, 0x0000, 0x0020, 0x0040, 0x0000, 0x0000, 
	0x0800, 0x0800, 0x6822, 0x6822, 0x0060, 0x19c2, 0x1bc4, 0x0200, 0x00ae, 0x11b2, 0x08e9, 0x0005, 0x0000, 0x0000, 0x0000, 0x0000, 
	0x0000, 0x0000, 0x0000, 0x0000, 0x0000, 0x0000, 0x0000, 0x0000, 0x0000, 0x0000, 0x0000, 0x0000, 0x0000, 0x0000, 0x0000, 0x0000, 
	0x0000, 0x0000, 0x0000, 0x0000, 0x0000, 0x0000, 0x0000, 0x0000, 0x0000, 0x0000, 0x0000, 0x0000, 0x0000, 0x0000, 0x0000, 0x0000, 
	0x0000, 0x0000, 0x0000, 0x0000, 0x0000, 0x0000, 0x0000, 0x0000, 0x0000, 0x0820, 0x0800, 0x0000, 0x0060, 0x0080, 0x0000, 0x0020, 
	0x0001, 0x0000, 0x6802, 0x7063, 0x0060, 0x2161, 0x1c23, 0x02c0, 0x00ce, 0x11f2, 0x10e9, 0x0026, 0x3061, 0x1800, 0x0060, 0x00e1, 
	0x0081, 0x0020, 0x0065, 0x0044, 0x0000, 0x0820, 0x0000, 0x0000, 0x0000, 0x0000, 0x0000, 0x0000, 0x0000, 0x0000, 0x0800, 0x0800, 
	0x0000, 0x0000, 0x0000, 0x0000, 0x0000, 0x0000, 0x0000, 0x0000, 0x0000, 0x0000, 0x0000, 0x0000, 0x0000, 0x0000, 0x0000, 0x0000, 
	0x0800, 0x0800, 0x0000, 0x0000, 0x0000, 0x0000, 0x0000, 0x0000, 0x0000, 0x0000, 0x0000, 0x0000, 0x0000, 0x0000, 0x0000, 0x0000, 
	0x0000, 0x0000, 0x0000, 0x0020, 0x0000, 0x0000, 0x0000, 0x0000, 0x0000, 0x0000, 0x0000, 0x0000, 0x0000, 0x0000, 0x0000, 0x0000, 
	0x0000, 0x0000, 0x0000, 0x0000, 0x0000, 0x0000, 0x0000, 0x0000, 0x0000, 0x0000, 0x0000, 0x0000, 0x0000, 0x0000, 0x0000, 0x0000, 
	0x0000, 0x0000, 0x0000, 0x0000, 0x0000, 0x0000, 0x0000, 0x0000, 0x0800, 0x0000, 0x0000, 0x0000, 0x0000, 0x0000, 0x0000, 0x0000, 
	0x0086, 0x0046, 0x1800, 0x2841, 0x1820, 0x0800, 0x00e0, 0x00a0, 0x0002, 0x0063, 0x0822, 0x0002, 0x2821, 0x2800, 0x0020, 0x08c1, 
	0x00a1, 0x0020, 0x0065, 0x0065, 0x1800, 0x2842, 0x1840, 0x0800, 0x00c0, 0x00c0, 0x0001, 0x0063, 0x0843, 0x0002, 0x3021, 0x3000, 
	0x0020, 0x0880, 0x00a1, 0x0020, 0x0044, 0x0044, 0x1000, 0x2042, 0x2041, 0x1000, 0x00a0, 0x00c0, 0x0021, 0x0042, 0x0043, 0x0002, 
	0x2800, 0x2801, 0x0020, 0x0880, 0x08e1, 0x0060, 0x0024, 0x0065, 0x0800, 0x0821, 0x1820, 0x1000, 0x0080, 0x00c1, 0x0041, 0x0020, 
	0x1002, 0x1002, 0xd804, 0xf087, 0x1980, 0x4b02, 0x2686, 0x0440, 0x0178, 0x1add, 0x11af, 0x0029, 0x0000, 0x0000, 0x0000, 0x0000, 
	0x0000, 0x0000, 0x0000, 0x0000, 0x0000, 0x0000, 0x0000, 0x0000, 0x0000, 0x0000, 0x0000, 0x0000, 0x0000, 0x0000, 0x0000, 0x0000, 
	0x0000, 0x0000, 0x0000, 0x0000, 0x0000, 0x0000, 0x0000, 0x0000, 0x0000, 0x0000, 0x0000, 0x0000, 0x0000, 0x0000, 0x0000, 0x0000, 
	0x0000, 0x0000, 0x0000, 0x0000, 0x0000, 0x0000, 0x0000, 0x0000, 0x1000, 0x2041, 0x3062, 0x2000, 0x0100, 0x0981, 0x0062, 0x0061, 
	0x0844, 0x0003, 0xd004, 0xf0a8, 0x3980, 0x5a82, 0x1f26, 0x0520, 0x01b6, 0x1b7d, 0x316f, 0x084b, 0x8863, 0x7000, 0x00e0, 0x09e1, 
	0x0163, 0x00a0, 0x08eb, 0x00aa, 0x1800, 0x2842, 0x2021, 0x1000, 0x0000, 0x0000, 0x0000, 0x0000, 0x0000, 0x0000, 0x2801, 0x2821, 
	0x0000, 0x0000, 0x0000, 0x0000, 0x0000, 0x0000, 0x0800, 0x1821, 0x2021, 0x1800, 0x0000, 0x0000, 0x0000, 0x0000, 0x0000, 0x0000, 
	0x1800, 0x2841, 0x1020, 0x0800, 0x0000, 0x0000, 0x0000, 0x0000, 0x0000, 0x0000, 0x1821, 0x1800, 0x0000, 0x0000, 0x0000, 0x0000, 
	0x0000, 0x0000, 0x0800, 0x1821, 0x1821, 0x1000, 0x0000, 0x0000, 0x0000, 0x0000, 0x0000, 0x0000, 0x1800, 0x2021, 0x0800, 0x0000, 
	0x0000, 0x0000, 0x0000, 0x0000, 0x0000, 0x0800, 0x2021, 0x1800, 0x0000, 0x0000, 0x0000, 0x0000, 0x0000, 0x0000, 0x1000, 0x1821, 
	0x1020, 0x0800, 0x0000, 0x0000, 0x0000, 0x0001, 0x0000, 0x0000, 0x2001, 0x2001, 0x0000, 0x0840, 0x0061, 0x0000, 0x0003, 0x0023, 
	0x00a7, 0x0067, 0x2000, 0x3042, 0x1840, 0x1000, 0x0100, 0x00c0, 0x0003, 0x0064, 0x0823, 0x0002, 0x3021, 0x2800, 0x0040, 0x08c0, 
	0x00a1, 0x0020, 0x0045, 0x0065, 0x1800, 0x2842, 0x2041, 0x1000, 0x00e0, 0x00c0, 0x0002, 0x0063, 0x0843, 0x0002, 0x3801, 0x3801, 
	0x0020, 0x0860, 0x00a1, 0x0020, 0x0045, 0x0065, 0x1800, 0x2022, 0x2841, 0x1800, 0x00c0, 0x00e0, 0x0022, 0x0042, 0x0064, 0x0003, 
	0x3000, 0x3001, 0x0040, 0x0880, 0x0901, 0x0060, 0x0045, 0x0086, 0x0801, 0x1001, 0x2021, 0x1800, 0x0080, 0x00e1, 0x0041, 0x0021, 
	0x1003, 0x1003, 0xd804, 0xf067, 0x29a0, 0x52e2, 0x1e66, 0x0460, 0x0177, 0x12bd, 0x11b0, 0x002a, 0x0000, 0x0000, 0x0000, 0x0000, 
	0x0000, 0x0000, 0x0000, 0x0000, 0x0000, 0x0000, 0x0000, 0x0000, 0x0000, 0x0000, 0x0000, 0x0000, 0x0000, 0x0000, 0x0000, 0x0000, 
	0x0000, 0x0000, 0x0000, 0x0000, 0x0000, 0x0000, 0x0000, 0x0000, 0x0000, 0x0000, 0x0000, 0x0000, 0x0000, 0x0000, 0x0000, 0x0000, 
	0x0000, 0x0000, 0x0000, 0x0000, 0x0000, 0x0000, 0x0000, 0x0000, 0x1000, 0x2041, 0x3842, 0x2800, 0x0100, 0x0980, 0x0082, 0x0062, 
	0x0845, 0x0004, 0xd003, 0xf087, 0x41a0, 0x5a82, 0x1f06, 0x0520, 0x01b6, 0x135d, 0x29af, 0x006b, 0x8843, 0x7801, 0x00e0, 0x1202, 
	0x0963, 0x00a0, 0x00eb, 0x00aa, 0x1800, 0x2842, 0x2821, 0x1800, 0x0000, 0x0000, 0x0000, 0x0000, 0x0000, 0x0000, 0x3001, 0x3001, 
	0x0800, 0x0000, 0x0000, 0x0000, 0x0000, 0x0000, 0x0800, 0x1821, 0x2821, 0x2000, 0x0000, 0x0000, 0x0000, 0x0000, 0x0000, 0x0000, 
	0x2000, 0x3021, 0x1821, 0x0800, 0x0000, 0x0000, 0x0000, 0x0000, 0x0000, 0x0000, 0x2000, 0x1800, 0x0000, 0x0000, 0x0000, 0x0000, 
	0x0000, 0x0000, 0x1000, 0x2021, 0x2021, 0x1800, 0x0000, 0x0000, 0x0000, 0x0000, 0x0000, 0x0000, 0x2000, 0x2821, 0x0800, 0x0000, 
	0x0000, 0x0000, 0x0000, 0x0000, 0x0800, 0x1000, 0x2821, 0x2000, 0x0000, 0x0000, 0x0000, 0x0000, 0x0000, 0x0000, 0x1000, 0x2021, 
	0x1821, 0x0800, 0x0000, 0x0000, 0x0001, 0x0001, 0x0000, 0x0000, 0x2800, 0x3001, 0x0020, 0x0840, 0x0080, 0x0020, 0x0024, 0x0044, 
	0x00a7, 0x0066, 0x2000, 0x3042, 0x1840, 0x1000, 0x0100, 0x00c0, 0x0003, 0x0064, 0x0844, 0x0003, 0x3021, 0x3000, 0x0040, 0x08c1, 
	0x00a1, 0x0020, 0x0045, 0x0045, 0x1800, 0x2842, 0x2041, 0x1000, 0x00c0, 0x00c0, 0x0002, 0x0043, 0x0844, 0x0003, 0x3801, 0x3801, 
	0x0020, 0x0880, 0x00c1, 0x0040, 0x0045, 0x0065, 0x1000, 0x2022, 0x2841, 0x1800, 0x00c0, 0x00e0, 0x0002, 0x0043, 0x0865, 0x0003, 
	0x3000, 0x3021, 0x0040, 0x0880, 0x0901, 0x0060, 0x0045, 0x0086, 0x0801, 0x0821, 0x2021, 0x1800, 0x0080, 0x00e0, 0x0021, 0x0021, 
	0x1003, 0x1003, 0xd804, 0xf066, 0x29a0, 0x52e2, 0x1e66, 0x0440, 0x0178, 0x12dd, 0x11b0, 0x002a, 0x0000, 0x0000, 0x0000, 0x0000, 
	0x0000, 0x0000, 0x0000, 0x0000, 0x0000, 0x0000, 0x0000, 0x0000, 0x0000, 0x0000, 0x0000, 0x0000, 0x0000, 0x0000, 0x0000, 0x0000, 
	0x0000, 0x0000, 0x0000, 0x0000, 0x0000, 0x0000, 0x0000, 0x0000, 0x0000, 0x0000, 0x0000, 0x0000, 0x0000, 0x0000, 0x0000, 0x0000, 
	0x0000, 0x0000, 0x0000, 0x0000, 0x0000, 0x0000, 0x0000, 0x0000, 0x1000, 0x2021, 0x3842, 0x2800, 0x0100, 0x09a1, 0x0062, 0x0061, 
	0x1025, 0x0804, 0xd003, 0xf067, 0x3980, 0x5a83, 0x1ee7, 0x0520, 0x01b7, 0x135d, 0x2990, 0x086b, 0x8843, 0x7801, 0x0100, 0x1221, 
	0x0163, 0x00a0, 0x08ec, 0x00ab, 0x1800, 0x2842, 0x2841, 0x1000, 0x0000, 0x0000, 0x0000, 0x0000, 0x0000, 0x0000, 0x3001, 0x3021, 
	0x0800, 0x0000, 0x0000, 0x0000, 0x0000, 0x0000, 0x0800, 0x1821, 0x3041, 0x2000, 0x0000, 0x0000, 0x0000, 0x0000, 0x0000, 0x0000, 
	0x2000, 0x3042, 0x1821, 0x0800, 0x0000, 0x0000, 0x0000, 0x0000, 0x0000, 0x0000, 0x2000, 0x1800, 0x0000, 0x0000, 0x0000, 0x0000, 
	0x0000, 0x0000, 0x1000, 0x2021, 0x2021, 0x1800, 0x0000, 0x0000, 0x0000, 0x0000, 0x0000, 0x0000, 0x2000, 0x2821, 0x0800, 0x0000, 
	0x0000, 0x0000, 0x0000, 0x0000, 0x0000, 0x0820, 0x2821, 0x2000, 0x0000, 0x0000, 0x0000, 0x0000, 0x0000, 0x0000, 0x1000, 0x2021, 
	0x1821, 0x0800, 0x0000, 0x0000, 0x0000, 0x0001, 0x0000, 0x0000, 0x2801, 0x3021, 0x0020, 0x0840, 0x0080, 0x0020, 0x0024, 0x0044, 
	0x00a8, 0x0067, 0x2000, 0x3022, 0x1840, 0x1000, 0x0100, 0x00c0, 0x0003, 0x0085, 0x0844, 0x0003, 0x3801, 0x3001, 0x0040, 0x08c0, 
	0x00a1, 0x0020, 0x0045, 0x0065, 0x1800, 0x2822, 0x2021, 0x1000, 0x00e0, 0x00e0, 0x0002, 0x0063, 0x0844, 0x0003, 0x3801, 0x3801, 
	0x0020, 0x0880, 0x00c1, 0x0040, 0x0045, 0x0065, 0x1000, 0x2022, 0x3041, 0x1800, 0x00e0, 0x0100, 0x0022, 0x0063, 0x0885, 0x0003, 
	0x3000, 0x3021, 0x0040, 0x08a0, 0x0901, 0x0060, 0x0046, 0x00a7, 0x0801, 0x0821, 0x2021, 0x1800, 0x0080, 0x08e0, 0x0021, 0x0021, 
	0x1003, 0x1003, 0xd804, 0xf066, 0x2980, 0x52e2, 0x1e66, 0x0440, 0x0177, 0x12dc, 0x11b0, 0x002a, 0x0000, 0x0000, 0x0000, 0x0000, 
	0x0000, 0x0000, 0x0000, 0x0000, 0x0000, 0x0000, 0x0000, 0x0000, 0x0000, 0x0000, 0x0000, 0x0000, 0x0000, 0x0000, 0x0000, 0x0000, 
	0x0000, 0x0000, 0x0000, 0x0000, 0x0000, 0x0000, 0x0000, 0x0000, 0x0000, 0x0000, 0x0000, 0x0000, 0x0000, 0x0000, 0x0000, 0x0000, 
	0x0000, 0x0000, 0x0000, 0x0000, 0x0000, 0x0000, 0x0000, 0x0000, 0x1800, 0x2821, 0x4042, 0x2800, 0x0120, 0x09a1, 0x0062, 0x0062, 
	0x0846, 0x0005, 0xd003, 0xf087, 0x3980, 0x5a82, 0x16e7, 0x0520, 0x01b6, 0x135d, 0x3190, 0x084b, 0x8843, 0x7801, 0x0100, 0x1221, 
	0x0963, 0x00a0, 0x010c, 0x00aa, 0x1800, 0x2842, 0x2021, 0x1000, 0x0000, 0x0000, 0x0000, 0x0000, 0x0000, 0x0000, 0x3001, 0x3021, 
	0x0800, 0x0000, 0x0000, 0x0000, 0x0000, 0x0000, 0x0800, 0x1820, 0x3021, 0x2000, 0x0000, 0x0000, 0x0000, 0x0000, 0x0000, 0x0000, 
	0x2800, 0x3022, 0x1821, 0x0800, 0x0000, 0x0000, 0x0000, 0x0000, 0x0000, 0x0000, 0x2000, 0x2000, 0x0000, 0x0000, 0x0000, 0x0000, 
	0x0000, 0x0000, 0x1000, 0x2021, 0x2041, 0x1800, 0x0000, 0x0000, 0x0000, 0x0000, 0x0000, 0x0000, 0x2000, 0x2821, 0x0820, 0x0000, 
	0x0000, 0x0000, 0x0000, 0x0000, 0x0000, 0x0800, 0x2821, 0x2000, 0x0000, 0x0000, 0x0000, 0x0000, 0x0000, 0x0000, 0x1800, 0x2021, 
	0x1821, 0x0800, 0x0000, 0x0000, 0x0000, 0x0001, 0x0000, 0x0000, 0x3001, 0x3001, 0x0000, 0x0840, 0x0081, 0x0020, 0x0024, 0x0044, 
	0x00a7, 0x0067, 0x2000, 0x2842, 0x1840, 0x1000, 0x0100, 0x00c0, 0x0002, 0x0084, 0x0843, 0x0003, 0x3021, 0x3000, 0x0040, 0x08c0, 
	0x00a1, 0x0020, 0x0065, 0x0065, 0x1800, 0x2842, 0x2041, 0x1000, 0x00e0, 0x00e0, 0x0002, 0x0064, 0x0844, 0x0003, 0x3001, 0x3001, 
	0x0020, 0x0880, 0x00c1, 0x0040, 0x0045, 0x0065, 0x1800, 0x2822, 0x3041, 0x1800, 0x00c0, 0x00e0, 0x0022, 0x0063, 0x0085, 0x0004, 
	0x3000, 0x3801, 0x0040, 0x0880, 0x0921, 0x0080, 0x0046, 0x0086, 0x0801, 0x1001, 0x2021, 0x1000, 0x0080, 0x00c0, 0x0021, 0x0021, 
	0x1003, 0x1003, 0xd804, 0xf066, 0x29a0, 0x52e2, 0x1e66, 0x0440, 0x0177, 0x12dc, 0x11b0, 0x002a, 0x0000, 0x0000, 0x0000, 0x0000, 
	0x0000, 0x0000, 0x0000, 0x0000, 0x0000, 0x0000, 0x0000, 0x0000, 0x0000, 0x0000, 0x0000, 0x0000, 0x0000, 0x0000, 0x0000, 0x0000, 
	0x0000, 0x0000, 0x0000, 0x0000, 0x0000, 0x0000, 0x0000, 0x0000, 0x0000, 0x0000, 0x0000, 0x0000, 0x0000, 0x0000, 0x0000, 0x0000, 
	0x0000, 0x0000, 0x0000, 0x0000, 0x0000, 0x0000, 0x0000, 0x0000, 0x1000, 0x2021, 0x3842, 0x2800, 0x0120, 0x09a1, 0x0062, 0x0062, 
	0x0845, 0x0004, 0xd003, 0xf087, 0x4180, 0x5a82, 0x1ee6, 0x0500, 0x01d6, 0x137d, 0x3190, 0x086b, 0x8843, 0x7801, 0x0100, 0x1201, 
	0x0963, 0x00a0, 0x00ec, 0x00ab, 0x1800, 0x2842, 0x2041, 0x1000, 0x0000, 0x0000, 0x0000, 0x0000, 0x0000, 0x0000, 0x2801, 0x3021, 
	0x0800, 0x0000, 0x0000, 0x0000, 0x0000, 0x0000, 0x0800, 0x1820, 0x3041, 0x2000, 0x0000, 0x0000, 0x0000, 0x0000, 0x0000, 0x0000, 
	0x2800, 0x3021, 0x1821, 0x0800, 0x0000, 0x0000, 0x0000, 0x0000, 0x0000, 0x0800, 0x2000, 0x1800, 0x0000, 0x0000, 0x0000, 0x0000, 
	0x0000, 0x0000, 0x1000, 0x2021, 0x2841, 0x1800, 0x0000, 0x0000, 0x0000, 0x0000, 0x0000, 0x0000, 0x2000, 0x2821, 0x0800, 0x0000, 
	0x0000, 0x0000, 0x0000, 0x0000, 0x0800, 0x1000, 0x2821, 0x2000, 0x0000, 0x0000, 0x0000, 0x0000, 0x0000, 0x0000, 0x1000, 0x2021, 
	0x1821, 0x0800, 0x0000, 0x0000, 0x0001, 0x0021, 0x0001, 0x0000, 0x3001, 0x3001, 0x0020, 0x0840, 0x0081, 0x0020, 0x0024, 0x0044, 
	0x00a8, 0x0067, 0x2000, 0x3042, 0x1840, 0x1000, 0x0120, 0x00e0, 0x0003, 0x0085, 0x0844, 0x0003, 0x3821, 0x3000, 0x0040, 0x08c0, 
	0x00a1, 0x0040, 0x0066, 0x0066, 0x1800, 0x2842, 0x2041, 0x1000, 0x00e0, 0x00e0, 0x0002, 0x0064, 0x0864, 0x0003, 0x3801, 0x3801, 
	0x0020, 0x08a0, 0x00c1, 0x0040, 0x0065, 0x0086, 0x1800, 0x2822, 0x3041, 0x1800, 0x00e0, 0x0100, 0x0002, 0x0063, 0x0865, 0x0004, 
	0x3000, 0x3001, 0x0040, 0x08a0, 0x0901, 0x0060, 0x0046, 0x0087, 0x0801, 0x1001, 0x2021, 0x1000, 0x0080, 0x00c0, 0x0021, 0x0021, 
	0x1003, 0x1003, 0xe004, 0xf067, 0x29a0, 0x5b02, 0x2686, 0x0440, 0x0198, 0x12fd, 0x11b0, 0x002a, 0x0000, 0x0000, 0x0000, 0x0000, 
	0x0000, 0x0000, 0x0000, 0x0000, 0x0000, 0x0000, 0x0000, 0x0000, 0x0000, 0x0000, 0x0000, 0x0000, 0x0000, 0x0000, 0x0000, 0x0000, 
	0x0000, 0x0000, 0x0000, 0x0000, 0x0000, 0x0000, 0x0000, 0x0000, 0x0000, 0x0000, 0x0000, 0x0000, 0x0000, 0x0000, 0x0000, 0x0000, 
	0x0000, 0x0000, 0x0000, 0x0000, 0x0000, 0x0000, 0x0000, 0x0000, 0x1800, 0x2841, 0x4042, 0x2800, 0x0120, 0x09a0, 0x0082, 0x0082, 
	0x1046, 0x0005, 0xd803, 0xf067, 0x39a0, 0x5aa2, 0x1f06, 0x0500, 0x01d7, 0x137d, 0x3190, 0x086b, 0x9043, 0x7800, 0x0100, 0x1221, 
	0x0964, 0x00a0, 0x08ec, 0x00ab, 0x1800, 0x2842, 0x2021, 0x1000, 0x0000, 0x0000, 0x0000, 0x0000, 0x0000, 0x0000, 0x3001, 0x3021, 
	0x0800, 0x0000, 0x0000, 0x0000, 0x0000, 0x0000, 0x0800, 0x1821, 0x3041, 0x2000, 0x0000, 0x0000, 0x0000, 0x0000, 0x0000, 0x0000, 
	0x2000, 0x3041, 0x1821, 0x0800, 0x0000, 0x0000, 0x0000, 0x0000, 0x0000, 0x0000, 0x2001, 0x2000, 0x0000, 0x0000, 0x0000, 0x0000, 
	0x0000, 0x0000, 0x1000, 0x2021, 0x2021, 0x1800, 0x0000, 0x0000, 0x0000, 0x0000, 0x0000, 0x0000, 0x2000, 0x2821, 0x0820, 0x0000, 
	0x0000, 0x0000, 0x0000, 0x0000, 0x0800, 0x1020, 0x2821, 0x2000, 0x0000, 0x0000, 0x0000, 0x0000, 0x0001, 0x0000, 0x1000, 0x2021, 
	0x1821, 0x0800, 0x0020, 0x0020, 0x0001, 0x0001, 0x0001, 0x0000, 0x2801, 0x3001, 0x0020, 0x0840, 0x0080, 0x0020, 0x0024, 0x0044, 
	0x0065, 0x0065, 0x1000, 0x2021, 0x2041, 0x1000, 0x00c0, 0x00c0, 0x0001, 0x0042, 0x0823, 0x0002, 0x2801, 0x2801, 0x0020, 0x0880, 
	0x00a1, 0x0020, 0x0023, 0x0044, 0x1000, 0x1821, 0x2041, 0x1000, 0x00a0, 0x00c0, 0x0001, 0x0041, 0x0843, 0x0002, 0x2800, 0x2821, 
	0x0000, 0x0840, 0x0081, 0x0020, 0x0023, 0x0044, 0x1000, 0x1821, 0x2841, 0x1800, 0x0080, 0x00e0, 0x0021, 0x0042, 0x0044, 0x0003, 
	0x2000, 0x2821, 0x0020, 0x0840, 0x00c1, 0x0060, 0x0023, 0x0064, 0x0801, 0x0801, 0x1820, 0x1000, 0x0040, 0x00a0, 0x0041, 0x0020, 
	0x0802, 0x0802, 0xb003, 0xd0a7, 0x3960, 0x49c1, 0x1dc5, 0x0420, 0x0113, 0x1298, 0x11d0, 0x0029, 0x0000, 0x0000, 0x0000, 0x0000, 
	0x0000, 0x0000, 0x0000, 0x0000, 0x0000, 0x0000, 0x0000, 0x0000, 0x0000, 0x0000, 0x0000, 0x0000, 0x0000, 0x0000, 0x0000, 0x0000, 
	0x0000, 0x0000, 0x0000, 0x0000, 0x0000, 0x0000, 0x0000, 0x0000, 0x0000, 0x0000, 0x0000, 0x0000, 0x0000, 0x0000, 0x0000, 0x0000, 
	0x0000, 0x0000, 0x0000, 0x0000, 0x0000, 0x0000, 0x0000, 0x0000, 0x1000, 0x1821, 0x3842, 0x2800, 0x00c0, 0x0961, 0x0082, 0x0041, 
	0x0845, 0x0004, 0xa802, 0xd0c7, 0x4960, 0x5181, 0x1e45, 0x04e0, 0x0153, 0x1afa, 0x29d0, 0x004a, 0x8022, 0x7802, 0x00a0, 0x11c1, 
	0x0983, 0x0080, 0x00a9, 0x0088, 0x1000, 0x1821, 0x2041, 0x1000, 0x0000, 0x0000, 0x0000, 0x0000, 0x0000, 0x0000, 0x2000, 0x2821, 
	0x0800, 0x0000, 0x0000, 0x0000, 0x0000, 0x0000, 0x0800, 0x0820, 0x2021, 0x1800, 0x0000, 0x0000, 0x0000, 0x0000, 0x0000, 0x0000, 
	0x1800, 0x2821, 0x1821, 0x0800, 0x0000, 0x0000, 0x0000, 0x0000, 0x0000, 0x0000, 0x1800, 0x1800, 0x0000, 0x0000, 0x0000, 0x0000, 
	0x0000, 0x0000, 0x0800, 0x1821, 0x2021, 0x1800, 0x0000, 0x0000, 0x0000, 0x0000, 0x0000, 0x0000, 0x1800, 0x2021, 0x0800, 0x0800, 
	0x0000, 0x0000, 0x0000, 0x0000, 0x0000, 0x0800, 0x2021, 0x1800, 0x0000, 0x0000, 0x0000, 0x0000, 0x0000, 0x0000, 0x1000, 0x1821, 
	0x1821, 0x0800, 0x0000, 0x0000, 0x0000, 0x0020, 0x0000, 0x0000, 0x2801, 0x2821, 0x0020, 0x0820, 0x0061, 0x0020, 0x0002, 0x0022, 
	0x0000, 0x0020, 0x0000, 0x0000, 0x0820, 0x0000, 0x0000, 0x0000, 0x0000, 0x0000, 0x0000, 0x0000, 0x0000, 0x0820, 0x0000, 0x0000, 
	0x0020, 0x0000, 0x0000, 0x0000, 0x0000, 0x0000, 0x0000, 0x0000, 0x0000, 0x0000, 0x0000, 0x0000, 0x0000, 0x0000, 0x0000, 0x0020, 
	0x0000, 0x0000, 0x0000, 0x0000, 0x0000, 0x0000, 0x0000, 0x0000, 0x0800, 0x0800, 0x0000, 0x0000, 0x0000, 0x0000, 0x0000, 0x0000, 
	0x0000, 0x0000, 0x0000, 0x0000, 0x0000, 0x0000, 0x0000, 0x0000, 0x0000, 0x0000, 0x0000, 0x0000, 0x0000, 0x0000, 0x0000, 0x0000, 
	0x0000, 0x0000, 0x2000, 0x3021, 0x2862, 0x0800, 0x0120, 0x0160, 0x0004, 0x0086, 0x08c7, 0x0004, 0x0000, 0x0000, 0x0000, 0x0000, 
	0x0000, 0x0000, 0x0000, 0x0000, 0x0000, 0x0000, 0x0000, 0x0000, 0x0000, 0x0000, 0x0000, 0x0000, 0x0000, 0x0000, 0x0000, 0x0000, 
	0x0000, 0x0000, 0x0000, 0x0000, 0x0000, 0x0000, 0x0000, 0x0000, 0x0000, 0x0000, 0x0000, 0x0000, 0x0000, 0x0000, 0x0000, 0x0000, 
	0x0000, 0x0000, 0x0000, 0x0000, 0x0000, 0x0000, 0x0000, 0x0000, 0x0000, 0x0000, 0x1000, 0x1000, 0x0000, 0x0020, 0x0040, 0x0000, 
	0x0001, 0x0021, 0x2000, 0x3021, 0x3882, 0x1800, 0x0160, 0x01e0, 0x0024, 0x00a6, 0x08c8, 0x0004, 0x1800, 0x2041, 0x0000, 0x0000, 
	0x0060, 0x0000, 0x0001, 0x0022, 0x0000, 0x0000, 0x0800, 0x0800, 0x0000, 0x0000, 0x0000, 0x0000, 0x0000, 0x0000, 0x0000, 0x0800, 
	0x0000, 0x0000, 0x0000, 0x0000, 0x0000, 0x0000, 0x0000, 0x0000, 0x0800, 0x0800, 0x0000, 0x0000, 0x0000, 0x0000, 0x0000, 0x0000, 
	0x0000, 0x0000, 0x0800, 0x0000, 0x0000, 0x0000, 0x0000, 0x0000, 0x0000, 0x0000, 0x0000, 0x0020, 0x0000, 0x0000, 0x0000, 0x0000, 
	0x0000, 0x0000, 0x0000, 0x0000, 0x0800, 0x0000, 0x0000, 0x0000, 0x0000, 0x0000, 0x0000, 0x0000, 0x0000, 0x0000, 0x0000, 0x0000, 
	0x0000, 0x0000, 0x0000, 0x0000, 0x0000, 0x0000, 0x0800, 0x0800, 0x0000, 0x0000, 0x0000, 0x0000, 0x0000, 0x0000, 0x0000, 0x0000, 
	0x0800, 0x0000, 0x0000, 0x0000, 0x0000, 0x0000, 0x0000, 0x0000, 0x0000, 0x0800, 0x0000, 0x0000, 0x0000, 0x0000, 0x0000, 0x0000, 
	0x0022, 0x0001, 0x0800, 0x0800, 0x0000, 0x0000, 0x0080, 0x0060, 0x0001, 0x0022, 0x0021, 0x0001, 0x0800, 0x0800, 0x0020, 0x0040, 
	0x0020, 0x0000, 0x0021, 0x0021, 0x0000, 0x0000, 0x0000, 0x0000, 0x0040, 0x0040, 0x0000, 0x0021, 0x0021, 0x0001, 0x0800, 0x0800, 
	0x0020, 0x0040, 0x0040, 0x0020, 0x0022, 0x0022, 0x0000, 0x0800, 0x0000, 0x0000, 0x0060, 0x0060, 0x0000, 0x0021, 0x0021, 0x0000, 
	0x0000, 0x0000, 0x0000, 0x0040, 0x0060, 0x0020, 0x0001, 0x0022, 0x0000, 0x0000, 0x0000, 0x0000, 0x0020, 0x0040, 0x0000, 0x0000, 
	0x0800, 0x0800, 0x5822, 0x5002, 0x0060, 0x1181, 0x1b03, 0x0180, 0x008c, 0x094f, 0x08a7, 0x0004, 0x0000, 0x0000, 0x0000, 0x0000, 
	0x0000, 0x0000, 0x0000, 0x0000, 0x0000, 0x0000, 0x0000, 0x0000, 0x0000, 0x0000, 0x0000, 0x0000, 0x0000, 0x0000, 0x0000, 0x0000, 
	0x0000, 0x0000, 0x0000, 0x0000, 0x0000, 0x0000, 0x0000, 0x0000, 0x0000, 0x0000, 0x0000, 0x0000, 0x0000, 0x0000, 0x0000, 0x0000, 
	0x0000, 0x0000, 0x0000, 0x0000, 0x0000, 0x0000, 0x0000, 0x0000, 0x0000, 0x0000, 0x0000, 0x0000, 0x0000, 0x0000, 0x0000, 0x0000, 
	0x0000, 0x0000, 0x0000, 0x0000, 0x0000, 0x0020, 0x0040, 0x0020, 0x0000, 0x0000, 0x1000, 0x2021, 0x5063, 0x3000, 0x0180, 0x1ac2, 
	0x09c4, 0x00e1, 0x094f, 0x00ee, 0x1001, 0x1822, 0x0800, 0x0800, 0x0080, 0x0080, 0x0001, 0x0042, 0x0022, 0x0001, 0x0000, 0x0000, 
	0x0000, 0x0000, 0x0000, 0x0000, 0x0000, 0x0000, 0x0000, 0x0000, 0x0000, 0x0000, 0x0000, 0x0000, 0x0000, 0x0000, 0x0000, 0x0000, 
	0x0000, 0x0000, 0x0000, 0x0000, 0x0000, 0x0000, 0x0000, 0x0000, 0x0000, 0x0000, 0x0000, 0x0000, 0x0000, 0x0000, 0x0000, 0x0000, 
	0x0000, 0x0000, 0x0000, 0x0000, 0x0000, 0x0000, 0x0000, 0x0000, 0x0000, 0x0000, 0x0000, 0x0000, 0x0000, 0x0000, 0x0000, 0x0000, 
	0x0000, 0x0000, 0x0000, 0x0000, 0x0000, 0x0000, 0x0000, 0x0000, 0x0000, 0x0000, 0x0000, 0x0000, 0x0000, 0x0000, 0x0000, 0x0000, 
	0x0000, 0x0000, 0x0000, 0x0000, 0x0000, 0x0000, 0x0000, 0x0000, 0x0000, 0x0000, 0x0000, 0x0000, 0x0000, 0x0000, 0x0000, 0x0000, 
	0x0085, 0x0044, 0x2000, 0x3842, 0x1840, 0x1000, 0x0180, 0x0120, 0x0004, 0x00a6, 0x0864, 0x0003, 0x3021, 0x2800, 0x0060, 0x0901, 
	0x08c1, 0x0040, 0x0065, 0x0065, 0x1000, 0x2021, 0x1020, 0x0800, 0x0140, 0x0120, 0x0022, 0x0084, 0x0864, 0x0003, 0x3821, 0x3801, 
	0x0040, 0x0901, 0x0901, 0x0040, 0x0067, 0x0087, 0x1800, 0x2842, 0x2041, 0x1000, 0x0160, 0x01a0, 0x0023, 0x0084, 0x08a6, 0x0004, 
	0x2800, 0x2801, 0x0040, 0x08e0, 0x0962, 0x0080, 0x0046, 0x0887, 0x0001, 0x0001, 0x0820, 0x0800, 0x00c0, 0x0921, 0x0041, 0x0021, 
	0x1002, 0x1002, 0xd804, 0xe867, 0x1960, 0x5303, 0x26a6, 0x0440, 0x0178, 0x12fd, 0x118f, 0x0009, 0x0000, 0x0000, 0x0000, 0x0000, 
	0x0000, 0x0000, 0x0000, 0x0000, 0x0000, 0x0000, 0x0000, 0x0000, 0x0000, 0x0000, 0x0000, 0x0000, 0x0000, 0x0000, 0x0000, 0x0000, 
	0x0000, 0x0000, 0x0000, 0x0000, 0x0000, 0x0000, 0x0000, 0x0000, 0x0000, 0x0000, 0x0000, 0x0000, 0x0000, 0x0000, 0x0000, 0x0000, 
	0x0000, 0x0000, 0x0000, 0x0000, 0x0000, 0x0000, 0x0000, 0x0000, 0x0000, 0x0000, 0x0000, 0x0000, 0x0000, 0x0000, 0x0000, 0x0000, 
	0x0000, 0x0000, 0x3000, 0x3822, 0x0840, 0x0860, 0x0981, 0x00e0, 0x0024, 0x0085, 0x3000, 0x5885, 0xe0c7, 0xb802, 0x03e0, 0x36c5, 
	0x148b, 0x0283, 0x131f, 0x025c, 0x4802, 0x6086, 0x4081, 0x2800, 0x0220, 0x01e0, 0x0045, 0x0107, 0x08c7, 0x0004, 0x2800, 0x2800, 
	0x0000, 0x0000, 0x0000, 0x0000, 0x0000, 0x0000, 0x0800, 0x1020, 0x2021, 0x1000, 0x0000, 0x0000, 0x0000, 0x0000, 0x0000, 0x0000, 
	0x1800, 0x2021, 0x0800, 0x0000, 0x0000, 0x0000, 0x0000, 0x0000, 0x0000, 0x0800, 0x2021, 0x1800, 0x0000, 0x0000, 0x0000, 0x0000, 
	0x0000, 0x0000, 0x1000, 0x1821, 0x1821, 0x0800, 0x0000, 0x0000, 0x0000, 0x0000, 0x0000, 0x0000, 0x1800, 0x2000, 0x0000, 0x0000, 
	0x0000, 0x0000, 0x0000, 0x0000, 0x0000, 0x0820, 0x2041, 0x1000, 0x0000, 0x0000, 0x0000, 0x0000, 0x0001, 0x0000, 0x1000, 0x1821, 
	0x0820, 0x0000, 0x0020, 0x0020, 0x0001, 0x0021, 0x0000, 0x0000, 0x2000, 0x2000, 0x0000, 0x0020, 0x0040, 0x0000, 0x0002, 0x0023, 
	0x0087, 0x0066, 0x2800, 0x3842, 0x2060, 0x1000, 0x0180, 0x0140, 0x0004, 0x00a6, 0x0865, 0x0003, 0x3821, 0x3000, 0x0060, 0x0921, 
	0x08e1, 0x0040, 0x0086, 0x0066, 0x1800, 0x2022, 0x1840, 0x1000, 0x0140, 0x0140, 0x0023, 0x0085, 0x0865, 0x0003, 0x4001, 0x4001, 
	0x0040, 0x1100, 0x0142, 0x0080, 0x0088, 0x00a8, 0x1800, 0x2842, 0x3041, 0x2000, 0x0180, 0x01a0, 0x0043, 0x0084, 0x08a7, 0x0005, 
	0x3000, 0x3001, 0x0060, 0x10e0, 0x0982, 0x00a0, 0x0047, 0x00a8, 0x0801, 0x0801, 0x1820, 0x1000, 0x00e0, 0x0141, 0x0041, 0x0041, 
	0x1003, 0x1003, 0xe004, 0xf067, 0x29c0, 0x5302, 0x1e66, 0x0460, 0x0177, 0x12dd, 0x1190, 0x000a, 0x0000, 0x0000, 0x0000, 0x0000, 
	0x0000, 0x0000, 0x0000, 0x0000, 0x0000, 0x0000, 0x0000, 0x0000, 0x0000, 0x0000, 0x0000, 0x0000, 0x0000, 0x0000, 0x0000, 0x0000, 
	0x0000, 0x0000, 0x0000, 0x0000, 0x0000, 0x0000, 0x0000, 0x0000, 0x0000, 0x0000, 0x0000, 0x0000, 0x0000, 0x0000, 0x0000, 0x0000, 
	0x0000, 0x0000, 0x0000, 0x0000, 0x0000, 0x0000, 0x0000, 0x0000, 0x0000, 0x0000, 0x0000, 0x0000, 0x0000, 0x0000, 0x0000, 0x0000, 
	0x0000, 0x0000, 0x3000, 0x4042, 0x1060, 0x1060, 0x09c1, 0x0120, 0x0024, 0x0085, 0x3800, 0x6085, 0xf886, 0xe003, 0x03e0, 0x3686, 
	0x14cd, 0x02c4, 0x133f, 0x027d, 0x4803, 0x6866, 0x58a2, 0x3800, 0x0220, 0x0200, 0x0046, 0x00e8, 0x08c8, 0x0005, 0x3000, 0x3001, 
	0x0800, 0x0000, 0x0000, 0x0000, 0x0000, 0x0000, 0x0800, 0x1821, 0x3041, 0x2000, 0x0000, 0x0000, 0x0000, 0x0000, 0x0000, 0x0000, 
	0x1800, 0x2821, 0x1020, 0x0800, 0x0000, 0x0000, 0x0000, 0x0000, 0x0800, 0x0800, 0x2801, 0x2801, 0x0000, 0x0000, 0x0000, 0x0000, 
	0x0000, 0x0000, 0x1000, 0x2021, 0x2021, 0x1800, 0x0000, 0x0000, 0x0000, 0x0000, 0x0000, 0x0000, 0x2000, 0x2821, 0x0800, 0x0000, 
	0x0000, 0x0000, 0x0000, 0x0000, 0x0800, 0x1000, 0x3021, 0x2000, 0x0000, 0x0000, 0x0000, 0x0000, 0x0021, 0x0001, 0x1000, 0x2021, 
	0x1821, 0x0800, 0x0020, 0x0020, 0x0001, 0x0022, 0x0001, 0x0001, 0x2800, 0x3001, 0x0020, 0x0840, 0x0060, 0x0020, 0x0024, 0x0044, 
	0x0087, 0x0067, 0x2800, 0x3842, 0x2041, 0x1800, 0x0980, 0x0140, 0x0004, 0x00a6, 0x1065, 0x0004, 0x3821, 0x3000, 0x0060, 0x0921, 
	0x08e1, 0x0040, 0x0067, 0x0067, 0x1000, 0x2042, 0x1840, 0x1000, 0x0160, 0x0140, 0x0003, 0x0084, 0x0865, 0x0003, 0x4001, 0x4001, 
	0x0060, 0x0901, 0x0921, 0x0060, 0x0087, 0x00a8, 0x1800, 0x2842, 0x3061, 0x2000, 0x0160, 0x01a0, 0x0043, 0x00a4, 0x08a7, 0x0025, 
	0x3000, 0x3001, 0x0060, 0x1101, 0x0981, 0x00a0, 0x0047, 0x00c9, 0x0802, 0x0802, 0x1820, 0x1000, 0x00c0, 0x0921, 0x0041, 0x0041, 
	0x1003, 0x1003, 0xe004, 0xf066, 0x29a0, 0x52e2, 0x2667, 0x0440, 0x0177, 0x12dc, 0x1190, 0x002a, 0x0000, 0x0000, 0x0000, 0x0000, 
	0x0000, 0x0000, 0x0000, 0x0000, 0x0000, 0x0000, 0x0000, 0x0000, 0x0000, 0x0000, 0x0000, 0x0000, 0x0000, 0x0000, 0x0000, 0x0000, 
	0x0000, 0x0000, 0x0000, 0x0000, 0x0000, 0x0000, 0x0000, 0x0000, 0x0000, 0x0000, 0x0000, 0x0000, 0x0000, 0x0000, 0x0000, 0x0000, 
	0x0000, 0x0000, 0x0000, 0x0000, 0x0000, 0x0000, 0x0000, 0x0000, 0x0000, 0x0000, 0x0000, 0x0000, 0x0000, 0x0000, 0x0000, 0x0000, 
	0x0000, 0x0000, 0x3000, 0x4022, 0x1040, 0x1040, 0x09c1, 0x0120, 0x0024, 0x0065, 0x3800, 0x6085, 0xf066, 0xd803, 0x03c0, 0x3666, 
	0x14cc, 0x02a4, 0x133f, 0x027c, 0x4803, 0x6066, 0x58a2, 0x3800, 0x0200, 0x0200, 0x0045, 0x0108, 0x08c8, 0x0005, 0x3000, 0x3021, 
	0x0800, 0x0000, 0x0000, 0x0000, 0x0000, 0x0000, 0x0800, 0x1821, 0x3041, 0x2000, 0x0000, 0x0000, 0x0000, 0x0000, 0x0000, 0x0000, 
	0x2000, 0x2821, 0x1020, 0x0800, 0x0000, 0x0000, 0x0000, 0x0000, 0x0000, 0x0800, 0x2821, 0x2800, 0x0000, 0x0000, 0x0000, 0x0000, 
	0x0000, 0x0000, 0x1000, 0x2021, 0x2021, 0x1000, 0x0000, 0x0000, 0x0000, 0x0000, 0x0000, 0x0000, 0x2000, 0x2821, 0x0800, 0x0000, 
	0x0000, 0x0000, 0x0000, 0x0000, 0x0800, 0x1000, 0x3021, 0x2800, 0x0000, 0x0000, 0x0000, 0x0000, 0x0022, 0x0001, 0x1000, 0x2021, 
	0x1820, 0x0800, 0x0020, 0x0020, 0x0001, 0x0022, 0x0001, 0x0001, 0x2800, 0x3001, 0x0020, 0x0840, 0x0080, 0x0020, 0x0024, 0x0044, 
	0x00a7, 0x0067, 0x2800, 0x3842, 0x2060, 0x1000, 0x01c0, 0x0160, 0x0023, 0x00a6, 0x1065, 0x0004, 0x3821, 0x3800, 0x0060, 0x0921, 
	0x0101, 0x0040, 0x0087, 0x0087, 0x1000, 0x2022, 0x1840, 0x1000, 0x0160, 0x0140, 0x0022, 0x0084, 0x0865, 0x0003, 0x4001, 0x4001, 
	0x0040, 0x1101, 0x0921, 0x0060, 0x0087, 0x00a8, 0x1801, 0x2843, 0x3061, 0x1800, 0x0180, 0x01a0, 0x0043, 0x00a5, 0x08c8, 0x0026, 
	0x3000, 0x3001, 0x0060, 0x1101, 0x0982, 0x00a0, 0x0047, 0x08c8, 0x0801, 0x0801, 0x1820, 0x1000, 0x00c0, 0x0921, 0x0041, 0x0041, 
	0x1003, 0x1003, 0xe004, 0xf067, 0x29a0, 0x5303, 0x2667, 0x0440, 0x0177, 0x12dc, 0x1190, 0x002a, 0x0000, 0x0000, 0x0000, 0x0000, 
	0x0000, 0x0000, 0x0000, 0x0000, 0x0000, 0x0000, 0x0000, 0x0000, 0x0000, 0x0000, 0x0000, 0x0000, 0x0000, 0x0000, 0x0000, 0x0000, 
	0x0000, 0x0000, 0x0000, 0x0000, 0x0000, 0x0000, 0x0000, 0x0000, 0x0000, 0x0000, 0x0000, 0x0000, 0x0000, 0x0000, 0x0000, 0x0000, 
	0x0000, 0x0000, 0x0000, 0x0000, 0x0000, 0x0000, 0x0000, 0x0000, 0x0000, 0x0000, 0x0000, 0x0000, 0x0000, 0x0000, 0x0000, 0x0000, 
	0x0000, 0x0000, 0x3000, 0x4042, 0x1040, 0x1040, 0x09c1, 0x0120, 0x0024, 0x0085, 0x3800, 0x6085, 0xf067, 0xd803, 0x03c0, 0x3666, 
	0x14ad, 0x02a4, 0x133f, 0x027c, 0x4803, 0x6866, 0x58a2, 0x3800, 0x0220, 0x0200, 0x0045, 0x0108, 0x08c8, 0x0005, 0x3000, 0x3021, 
	0x0800, 0x0000, 0x0000, 0x0000, 0x0000, 0x0000, 0x0800, 0x1821, 0x3041, 0x2000, 0x0000, 0x0000, 0x0000, 0x0000, 0x0000, 0x0000, 
	0x2000, 0x2821, 0x1020, 0x0800, 0x0000, 0x0000, 0x0000, 0x0000, 0x0000, 0x0800, 0x2821, 0x2800, 0x0000, 0x0000, 0x0000, 0x0000, 
	0x0000, 0x0000, 0x1000, 0x2021, 0x2021, 0x1800, 0x0000, 0x0000, 0x0000, 0x0000, 0x0000, 0x0000, 0x2800, 0x3021, 0x0800, 0x0000, 
	0x0000, 0x0000, 0x0000, 0x0000, 0x0800, 0x1000, 0x3021, 0x2000, 0x0000, 0x0000, 0x0000, 0x0000, 0x0022, 0x0001, 0x1800, 0x2021, 
	0x1820, 0x0800, 0x0040, 0x0020, 0x0001, 0x0042, 0x0001, 0x0001, 0x2801, 0x3001, 0x0000, 0x0840, 0x0061, 0x0020, 0x0044, 0x0045, 
	0x0087, 0x0067, 0x2800, 0x3842, 0x2060, 0x1000, 0x01a0, 0x0160, 0x0004, 0x00a6, 0x0865, 0x0004, 0x3821, 0x3801, 0x0060, 0x0901, 
	0x00e1, 0x0040, 0x0087, 0x0087, 0x1800, 0x2022, 0x1840, 0x1000, 0x0160, 0x0140, 0x0023, 0x0085, 0x0865, 0x0003, 0x4001, 0x4001, 
	0x0060, 0x0901, 0x0921, 0x0060, 0x0088, 0x00a8, 0x1800, 0x3043, 0x3041, 0x2000, 0x0180, 0x01c0, 0x0043, 0x00a5, 0x08c8, 0x0005, 
	0x3000, 0x3801, 0x0060, 0x1101, 0x0982, 0x00a0, 0x0068, 0x08c9, 0x0801, 0x0801, 0x1820, 0x1000, 0x00c0, 0x0921, 0x0041, 0x0021, 
	0x1003, 0x1003, 0xd804, 0xf066, 0x29a0, 0x5302, 0x2667, 0x0440, 0x0178, 0x12dd, 0x1190, 0x000a, 0x0000, 0x0000, 0x0000, 0x0000, 
	0x0000, 0x0000, 0x0000, 0x0000, 0x0000, 0x0000, 0x0000, 0x0000, 0x0000, 0x0000, 0x0000, 0x0000, 0x0000, 0x0000, 0x0000, 0x0000, 
	0x0000, 0x0000, 0x0000, 0x0000, 0x0000, 0x0000, 0x0000, 0x0000, 0x0000, 0x0000, 0x0000, 0x0000, 0x0000, 0x0000, 0x0000, 0x0000, 
	0x0000, 0x0000, 0x0000, 0x0000, 0x0000, 0x0000, 0x0000, 0x0000, 0x0000, 0x0000, 0x0000, 0x0000, 0x0000, 0x0000, 0x0000, 0x0000, 
	0x0000, 0x0000, 0x3000, 0x4042, 0x1040, 0x1060, 0x09a1, 0x0100, 0x0024, 0x0086, 0x3800, 0x6085, 0xf866, 0xd803, 0x03c0, 0x3665, 
	0x14ad, 0x02a4, 0x133f, 0x027c, 0x4803, 0x6866, 0x58a2, 0x3800, 0x0200, 0x01e0, 0x0045, 0x00e8, 0x10c8, 0x0005, 0x2800, 0x3021, 
	0x0000, 0x0000, 0x0000, 0x0000, 0x0000, 0x0000, 0x0800, 0x1821, 0x3022, 0x2000, 0x0000, 0x0000, 0x0000, 0x0000, 0x0000, 0x0000, 
	0x2000, 0x2821, 0x1020, 0x0800, 0x0000, 0x0000, 0x0000, 0x0000, 0x0000, 0x0800, 0x2821, 0x2800, 0x0000, 0x0000, 0x0000, 0x0000, 
	0x0000, 0x0000, 0x1000, 0x2041, 0x2041, 0x1000, 0x0000, 0x0000, 0x0000, 0x0000, 0x0000, 0x0000, 0x2800, 0x2821, 0x0800, 0x0000, 
	0x0000, 0x0000, 0x0000, 0x0000, 0x0800, 0x1020, 0x2841, 0x2000, 0x0000, 0x0000, 0x0000, 0x0000, 0x0022, 0x0002, 0x1800, 0x2021, 
	0x1821, 0x0800, 0x0020, 0x0020, 0x0002, 0x0043, 0x0002, 0x0001, 0x3001, 0x3001, 0x0000, 0x0840, 0x0081, 0x0020, 0x0045, 0x0065, 
	0x00a8, 0x0087, 0x2800, 0x3843, 0x2060, 0x1800, 0x01a0, 0x0140, 0x0004, 0x00a7, 0x0865, 0x0004, 0x3801, 0x3800, 0x0060, 0x0921, 
	0x00e1, 0x0060, 0x0087, 0x0087, 0x1800, 0x2842, 0x2020, 0x1000, 0x0160, 0x0140, 0x0023, 0x00a5, 0x1086, 0x0004, 0x4801, 0x4801, 
	0x0060, 0x1101, 0x0921, 0x0060, 0x0088, 0x00a9, 0x1800, 0x2842, 0x3041, 0x2000, 0x01a0, 0x01e0, 0x0043, 0x00a5, 0x08c8, 0x0025, 
	0x3001, 0x3821, 0x0060, 0x0900, 0x0981, 0x00a0, 0x0068, 0x08ca, 0x0802, 0x0802, 0x1820, 0x1000, 0x00e0, 0x0140, 0x0041, 0x0041, 
	0x1004, 0x1003, 0xe004, 0xf866, 0x29a0, 0x5b23, 0x1e86, 0x0460, 0x0198, 0x12dd, 0x1190, 0x002a, 0x0000, 0x0000, 0x0000, 0x0000, 
	0x0000, 0x0000, 0x0000, 0x0000, 0x0000, 0x0000, 0x0000, 0x0000, 0x0000, 0x0000, 0x0000, 0x0000, 0x0000, 0x0000, 0x0000, 0x0000, 
	0x0000, 0x0000, 0x0000, 0x0000, 0x0000, 0x0000, 0x0000, 0x0000, 0x0000, 0x0000, 0x0000, 0x0000, 0x0000, 0x0000, 0x0000, 0x0000, 
	0x0000, 0x0000, 0x0000, 0x0000, 0x0000, 0x0000, 0x0000, 0x0000, 0x0000, 0x0000, 0x0000, 0x0000, 0x0000, 0x0000, 0x0000, 0x0000, 
	0x0000, 0x0000, 0x3000, 0x4042, 0x1040, 0x1060, 0x09a1, 0x0120, 0x0025, 0x0086, 0x3801, 0x6086, 0xf067, 0xd803, 0x03c0, 0x3e66, 
	0x14ad, 0x02a5, 0x133f, 0x027c, 0x4802, 0x6886, 0x58a2, 0x3800, 0x0220, 0x0200, 0x0046, 0x0108, 0x08c8, 0x0005, 0x3000, 0x3020, 
	0x0800, 0x0000, 0x0000, 0x0000, 0x0000, 0x0000, 0x1000, 0x1821, 0x2841, 0x2000, 0x0000, 0x0000, 0x0000, 0x0000, 0x0000, 0x0000, 
	0x2000, 0x2821, 0x1020, 0x0800, 0x0000, 0x0000, 0x0000, 0x0000, 0x0000, 0x0800, 0x3001, 0x2800, 0x0000, 0x0000, 0x0000, 0x0000, 
	0x0000, 0x0000, 0x1000, 0x2021, 0x2021, 0x1800, 0x0000, 0x0000, 0x0000, 0x0000, 0x0000, 0x0000, 0x2800, 0x2821, 0x0800, 0x0000, 
	0x0000, 0x0000, 0x0000, 0x0001, 0x0800, 0x1000, 0x3021, 0x2800, 0x0000, 0x0000, 0x0000, 0x0000, 0x0022, 0x0002, 0x1800, 0x2021, 
	0x1821, 0x1000, 0x0020, 0x0020, 0x0002, 0x0043, 0x0022, 0x0001, 0x2800, 0x3001, 0x0020, 0x0860, 0x0080, 0x0020, 0x0045, 0x0066, 
	0x0065, 0x0065, 0x2000, 0x3042, 0x2061, 0x1800, 0x0140, 0x0140, 0x0022, 0x0084, 0x0865, 0x0003, 0x3001, 0x2801, 0x0040, 0x08e0, 
	0x08e1, 0x0040, 0x0045, 0x0086, 0x1000, 0x1822, 0x2041, 0x1000, 0x0100, 0x0120, 0x0022, 0x0063, 0x0865, 0x0003, 0x3801, 0x4021, 
	0x0040, 0x08a0, 0x0922, 0x0060, 0x0046, 0x0087, 0x1001, 0x2022, 0x3041, 0x2000, 0x0120, 0x0981, 0x0042, 0x0063, 0x08a7, 0x0024, 
	0x2800, 0x3021, 0x0040, 0x08a0, 0x0982, 0x00a0, 0x0025, 0x08a7, 0x0002, 0x0001, 0x1020, 0x0800, 0x00a0, 0x0921, 0x0041, 0x0020, 
	0x0802, 0x0802, 0xc003, 0xe0a7, 0x3180, 0x4a41, 0x2645, 0x0440, 0x0135, 0x12bb, 0x11b0, 0x002a, 0x0000, 0x0000, 0x0000, 0x0000, 
	0x0000, 0x0000, 0x0000, 0x0000, 0x0000, 0x0000, 0x0000, 0x0000, 0x0000, 0x0000, 0x0000, 0x0000, 0x0000, 0x0000, 0x0000, 0x0000, 
	0x0000, 0x0000, 0x0000, 0x0000, 0x0000, 0x0000, 0x0000, 0x0000, 0x0000, 0x0000, 0x0000, 0x0000, 0x0000, 0x0000, 0x0000, 0x0000, 
	0x0000, 0x0000, 0x0000, 0x0000, 0x0000, 0x0000, 0x0000, 0x0000, 0x0000, 0x0000, 0x0000, 0x0000, 0x0000, 0x0000, 0x0000, 0x0000, 
	0x0000, 0x0000, 0x3000, 0x4042, 0x1840, 0x1020, 0x0981, 0x0100, 0x0024, 0x00a5, 0x3001, 0x5085, 0xf086, 0xd804, 0x0360, 0x3e05, 
	0x14cb, 0x0282, 0x0afe, 0x027c, 0x4002, 0x5886, 0x58a3, 0x3800, 0x01e0, 0x0221, 0x0044, 0x00e7, 0x10c8, 0x0005, 0x2800, 0x2821, 
	0x0800, 0x0000, 0x0000, 0x0000, 0x0000, 0x0000, 0x0800, 0x1821, 0x3042, 0x2000, 0x0000, 0x0000, 0x0000, 0x0000, 0x0000, 0x0000, 
	0x1800, 0x2021, 0x1020, 0x0800, 0x0000, 0x0000, 0x0000, 0x0000, 0x0000, 0x0000, 0x2821, 0x2801, 0x0000, 0x0000, 0x0000, 0x0000, 
	0x0000, 0x0000, 0x1000, 0x1821, 0x2021, 0x1800, 0x0000, 0x0000, 0x0000, 0x0000, 0x0000, 0x0000, 0x2000, 0x2821, 0x0800, 0x0000, 
	0x0000, 0x0000, 0x0000, 0x0000, 0x0800, 0x1000, 0x2821, 0x2000, 0x0000, 0x0000, 0x0000, 0x0000, 0x0022, 0x0001, 0x1000, 0x2021, 
	0x1821, 0x0800, 0x0040, 0x0040, 0x0001, 0x0022, 0x0001, 0x0001, 0x2801, 0x2821, 0x0020, 0x0040, 0x0081, 0x0020, 0x0024, 0x0044, 
	0x0000, 0x0000, 0x0000, 0x0000, 0x1021, 0x0800, 0x0000, 0x0020, 0x0000, 0x0000, 0x0020, 0x0000, 0x0800, 0x0820, 0x0000, 0x0000, 
	0x0020, 0x0000, 0x0000, 0x0001, 0x0000, 0x0000, 0x0800, 0x0000, 0x0000, 0x0040, 0x0000, 0x0000, 0x0001, 0x0000, 0x0800, 0x0820, 
	0x0000, 0x0000, 0x0040, 0x0020, 0x0000, 0x0000, 0x0000, 0x0000, 0x1000, 0x0800, 0x0000, 0x0040, 0x0020, 0x0000, 0x0001, 0x0001, 
	0x0000, 0x0820, 0x0000, 0x0000, 0x0040, 0x0020, 0x0000, 0x0000, 0x0000, 0x0000, 0x0000, 0x0000, 0x0000, 0x0020, 0x0000, 0x0000, 
	0x0000, 0x0000, 0x3000, 0x4842, 0x3082, 0x1000, 0x01a0, 0x01e0, 0x0005, 0x00c8, 0x10e9, 0x0005, 0x0000, 0x0000, 0x0000, 0x0000, 
	0x0000, 0x0000, 0x0000, 0x0000, 0x0000, 0x0000, 0x0000, 0x0000, 0x0000, 0x0000, 0x0000, 0x0000, 0x0000, 0x0000, 0x0000, 0x0000, 
	0x0000, 0x0000, 0x0000, 0x0000, 0x0000, 0x0000, 0x0000, 0x0000, 0x0000, 0x0000, 0x0000, 0x0000, 0x0000, 0x0000, 0x0000, 0x0000, 
	0x0000, 0x0000, 0x0000, 0x0000, 0x0000, 0x0000, 0x0000, 0x0000, 0x0000, 0x0000, 0x0000, 0x0000, 0x0000, 0x0000, 0x0000, 0x0000, 
	0x0000, 0x0000, 0x0800, 0x1000, 0x1021, 0x0800, 0x0060, 0x0060, 0x0000, 0x0000, 0x0800, 0x0801, 0x5801, 0x7064, 0x00a0, 0x1140, 
	0x1a84, 0x00c0, 0x00ac, 0x092e, 0x0801, 0x0802, 0x3062, 0x1800, 0x0040, 0x00c0, 0x0020, 0x0000, 0x0042, 0x0001, 0x0000, 0x0820, 
	0x0000, 0x0000, 0x0000, 0x0000, 0x0000, 0x0000, 0x0000, 0x0000, 0x1000, 0x0800, 0x0000, 0x0000, 0x0000, 0x0000, 0x0000, 0x0000, 
	0x0000, 0x0800, 0x0800, 0x0000, 0x0000, 0x0000, 0x0000, 0x0000, 0x0000, 0x0000, 0x0800, 0x1000, 0x0000, 0x0000, 0x0000, 0x0000, 
	0x0000, 0x0000, 0x0000, 0x0000, 0x1020, 0x0800, 0x0000, 0x0000, 0x0000, 0x0000, 0x0000, 0x0000, 0x0800, 0x0820, 0x0800, 0x0000, 
	0x0000, 0x0000, 0x0000, 0x0000, 0x0000, 0x0000, 0x1000, 0x1000, 0x0000, 0x0000, 0x0000, 0x0000, 0x0000, 0x0000, 0x0000, 0x0000, 
	0x0820, 0x0800, 0x0000, 0x0000, 0x0000, 0x0000, 0x0000, 0x0000, 0x0800, 0x1000, 0x0000, 0x0000, 0x0020, 0x0000, 0x0000, 0x0001, 
	0x0022, 0x0021, 0x0000, 0x0000, 0x0000, 0x0000, 0x0040, 0x0020, 0x0000, 0x0021, 0x0000, 0x0000, 0x0000, 0x0000, 0x0020, 0x0040, 
	0x0020, 0x0020, 0x0001, 0x0001, 0x0000, 0x0000, 0x0000, 0x0000, 0x0040, 0x0020, 0x0000, 0x0000, 0x0001, 0x0000, 0x0800, 0x0000, 
	0x0020, 0x0060, 0x0040, 0x0020, 0x0022, 0x0022, 0x0000, 0x0000, 0x0000, 0x0000, 0x0080, 0x0080, 0x0000, 0x0021, 0x0022, 0x0001, 
	0x0000, 0x0000, 0x0000, 0x0040, 0x0060, 0x0020, 0x0001, 0x0022, 0x0000, 0x0000, 0x0000, 0x0000, 0x0020, 0x0040, 0x0000, 0x0000, 
	0x0000, 0x0000, 0x4022, 0x4001, 0x0040, 0x1101, 0x1242, 0x0120, 0x0069, 0x090c, 0x0085, 0x0003, 0x0000, 0x0000, 0x0000, 0x0000, 
	0x0000, 0x0000, 0x0000, 0x0000, 0x0000, 0x0000, 0x0000, 0x0000, 0x0000, 0x0000, 0x0000, 0x0000, 0x0000, 0x0000, 0x0000, 0x0000, 
	0x0000, 0x0000, 0x0000, 0x0000, 0x0000, 0x0000, 0x0000, 0x0000, 0x0000, 0x0000, 0x0000, 0x0000, 0x0000, 0x0000, 0x0000, 0x0000, 
	0x0000, 0x0000, 0x0000, 0x0000, 0x0000, 0x0000, 0x0000, 0x0000, 0x0000, 0x0000, 0x0000, 0x0000, 0x0000, 0x0000, 0x0000, 0x0000, 
	0x0000, 0x0000, 0x0000, 0x0000, 0x0000, 0x0000, 0x0000, 0x0000, 0x0000, 0x0000, 0x0000, 0x0000, 0x0000, 0x0000, 0x0020, 0x0020, 
	0x0020, 0x0000, 0x0000, 0x0000, 0x2000, 0x3041, 0x0800, 0x1020, 0x01e0, 0x01c0, 0x0045, 0x00e7, 0x08a8, 0x0006, 0x1000, 0x0800, 
	0x0020, 0x0040, 0x0040, 0x0020, 0x0001, 0x0021, 0x0000, 0x0000, 0x0000, 0x0000, 0x0000, 0x0000, 0x0000, 0x0000, 0x0000, 0x0000, 
	0x0000, 0x0000, 0x0000, 0x0000, 0x0000, 0x0000, 0x0000, 0x0000, 0x0000, 0x0000, 0x0000, 0x0000, 0x0000, 0x0000, 0x0000, 0x0000, 
	0x0000, 0x0000, 0x0000, 0x0000, 0x0000, 0x0000, 0x0000, 0x0000, 0x0000, 0x0000, 0x0000, 0x0000, 0x0000, 0x0000, 0x0000, 0x0000, 
	0x0000, 0x0000, 0x0000, 0x0000, 0x0000, 0x0000, 0x0000, 0x0000, 0x0000, 0x0000, 0x0000, 0x0000, 0x0000, 0x0000, 0x0000, 0x0000, 
	0x0000, 0x0000, 0x0000, 0x0000, 0x0000, 0x0000, 0x0000, 0x0000, 0x0000, 0x0000, 0x0000, 0x0000, 0x0000, 0x0000, 0x0000, 0x0000, 
	0x00a8, 0x0067, 0x1800, 0x2022, 0x1020, 0x0800, 0x0160, 0x0100, 0x0003, 0x0085, 0x0844, 0x0003, 0x2841, 0x2000, 0x0080, 0x0941, 
	0x08e1, 0x0040, 0x0087, 0x0087, 0x1000, 0x2042, 0x1020, 0x0800, 0x0140, 0x0120, 0x0002, 0x0084, 0x0864, 0x0003, 0x3821, 0x3001, 
	0x0080, 0x11a1, 0x09a2, 0x0080, 0x00aa, 0x00ca, 0x1801, 0x2043, 0x2041, 0x1000, 0x0200, 0x0220, 0x0044, 0x00c6, 0x10e9, 0x0005, 
	0x2800, 0x2801, 0x0060, 0x0941, 0x09c2, 0x00c0, 0x0068, 0x08c9, 0x0801, 0x0802, 0x1820, 0x0800, 0x0100, 0x0961, 0x0061, 0x0041, 
	0x1004, 0x1003, 0xd005, 0xd866, 0x0960, 0x4342, 0x2686, 0x0420, 0x0177, 0x1add, 0x118f, 0x0009, 0x0000, 0x0000, 0x0000, 0x0000, 
	0x0000, 0x0000, 0x0000, 0x0000, 0x0000, 0x0000, 0x0000, 0x0000, 0x0000, 0x0000, 0x0000, 0x0000, 0x0000, 0x0000, 0x0000, 0x0000, 
	0x0000, 0x0000, 0x0000, 0x0000, 0x0000, 0x0000, 0x0000, 0x0000, 0x0000, 0x0000, 0x0000, 0x0000, 0x0000, 0x0000, 0x0000, 0x0000, 
	0x0000, 0x0000, 0x0000, 0x0000, 0x0000, 0x0000, 0x0000, 0x0000, 0x0000, 0x0000, 0x0000, 0x0000, 0x0000, 0x0000, 0x0000, 0x0000, 
	0x0000, 0x0000, 0x0000, 0x0000, 0x0000, 0x0000, 0x0000, 0x0000, 0x0000, 0x0000, 0x0800, 0x1000, 0x3041, 0x2000, 0x00a0, 0x0961, 
	0x00e2, 0x0040, 0x0064, 0x0023, 0x8800, 0xc0e7, 0x6141, 0x50c0, 0x16c2, 0x0620, 0x0191, 0x0b17, 0x2a56, 0x006f, 0x6842, 0x6001, 
	0x0080, 0x1161, 0x0982, 0x00a0, 0x00a9, 0x08ca, 0x0801, 0x1022, 0x1820, 0x1000, 0x0000, 0x0000, 0x0000, 0x0000, 0x0000, 0x0000, 
	0x1000, 0x1820, 0x0000, 0x0000, 0x0000, 0x0000, 0x0000, 0x0000, 0x0000, 0x0000, 0x1821, 0x1000, 0x0000, 0x0000, 0x0000, 0x0000, 
	0x0000, 0x0000, 0x0800, 0x1021, 0x1020, 0x0800, 0x0000, 0x0000, 0x0000, 0x0000, 0x0000, 0x0000, 0x1800, 0x1801, 0x0000, 0x0000, 
	0x0000, 0x0000, 0x0000, 0x0000, 0x0000, 0x0820, 0x1821, 0x1000, 0x0000, 0x0000, 0x0000, 0x0000, 0x0021, 0x0000, 0x1000, 0x2041, 
	0x1000, 0x0800, 0x0040, 0x0040, 0x0001, 0x0022, 0x0001, 0x0000, 0x2821, 0x2000, 0x0000, 0x0040, 0x0040, 0x0020, 0x0023, 0x0023, 
	0x00a8, 0x0087, 0x2000, 0x3042, 0x1840, 0x1000, 0x0980, 0x0140, 0x0004, 0x0086, 0x0844, 0x0003, 0x3821, 0x3000, 0x0080, 0x0961, 
	0x0122, 0x0060, 0x00a9, 0x00a9, 0x1800, 0x2822, 0x2041, 0x1000, 0x0160, 0x0140, 0x0023, 0x00a5, 0x1086, 0x0004, 0x4801, 0x4001, 
	0x00a0, 0x11a1, 0x09e2, 0x00c0, 0x00eb, 0x010c, 0x1801, 0x2843, 0x3061, 0x2000, 0x0220, 0x0260, 0x0065, 0x00c7, 0x10ea, 0x0027, 
	0x3800, 0x3801, 0x0060, 0x1121, 0x09e2, 0x00e0, 0x0089, 0x08eb, 0x0801, 0x1022, 0x2021, 0x1000, 0x0100, 0x0981, 0x0062, 0x0062, 
	0x1025, 0x1005, 0xe004, 0xf867, 0x29a0, 0x5b23, 0x1e87, 0x0460, 0x0198, 0x12dd, 0x11b0, 0x002a, 0x0000, 0x0000, 0x0000, 0x0000, 
	0x0000, 0x0000, 0x0000, 0x0000, 0x0000, 0x0000, 0x0000, 0x0000, 0x0000, 0x0000, 0x0000, 0x0000, 0x0000, 0x0000, 0x0000, 0x0000, 
	0x0000, 0x0000, 0x0000, 0x0000, 0x0000, 0x0000, 0x0000, 0x0000, 0x0000, 0x0000, 0x0000, 0x0000, 0x0000, 0x0000, 0x0000, 0x0000, 
	0x0000, 0x0000, 0x0000, 0x0000, 0x0000, 0x0000, 0x0000, 0x0000, 0x0000, 0x0000, 0x0000, 0x0000, 0x0000, 0x0000, 0x0000, 0x0000, 
	0x0000, 0x0000, 0x0000, 0x0000, 0x0000, 0x0000, 0x0000, 0x0000, 0x0000, 0x0000, 0x0800, 0x1021, 0x4022, 0x3800, 0x00a0, 0x0981, 
	0x00e1, 0x0040, 0x0066, 0x0025, 0xa001, 0xd0c7, 0x9183, 0x70a0, 0x0ee5, 0x0663, 0x01b1, 0x0b37, 0x2a77, 0x00b0, 0x8002, 0x8823, 
	0x0080, 0x1940, 0x09e3, 0x00c0, 0x00cb, 0x010c, 0x1001, 0x1022, 0x3041, 0x2000, 0x0000, 0x0000, 0x0000, 0x0000, 0x0000, 0x0000, 
	0x1800, 0x2021, 0x0820, 0x0800, 0x0000, 0x0000, 0x0000, 0x0000, 0x0000, 0x0800, 0x2821, 0x2800, 0x0000, 0x0000, 0x0000, 0x0000, 
	0x0000, 0x0000, 0x1000, 0x2021, 0x2021, 0x1000, 0x0000, 0x0000, 0x0000, 0x0000, 0x0000, 0x0000, 0x2800, 0x3021, 0x0800, 0x0000, 
	0x0000, 0x0000, 0x0000, 0x0000, 0x0800, 0x1020, 0x3022, 0x2000, 0x0000, 0x0020, 0x0000, 0x0001, 0x0022, 0x0001, 0x2000, 0x3042, 
	0x2041, 0x1000, 0x00a0, 0x0080, 0x0002, 0x0043, 0x0802, 0x0001, 0x4001, 0x4001, 0x0020, 0x0860, 0x0081, 0x0020, 0x0045, 0x0045, 
	0x00a9, 0x0088, 0x2000, 0x3042, 0x1840, 0x1000, 0x09a0, 0x0140, 0x0023, 0x00a5, 0x0865, 0x0003, 0x3821, 0x3000, 0x0080, 0x1161, 
	0x0922, 0x0060, 0x00a9, 0x00a9, 0x1800, 0x2842, 0x2040, 0x1000, 0x0160, 0x0160, 0x0023, 0x0085, 0x0886, 0x0004, 0x4801, 0x4801, 
	0x0080, 0x19a1, 0x09e2, 0x00c0, 0x00cb, 0x00ec, 0x1801, 0x2843, 0x3061, 0x2000, 0x0220, 0x0240, 0x0064, 0x00e6, 0x090a, 0x0027, 
	0x3000, 0x3821, 0x0060, 0x1141, 0x09e2, 0x00c0, 0x0089, 0x08eb, 0x1002, 0x1002, 0x2021, 0x1800, 0x0120, 0x0980, 0x0062, 0x0062, 
	0x1025, 0x1005, 0xe004, 0xf047, 0x29a0, 0x5322, 0x1ea7, 0x0460, 0x0198, 0x12dd, 0x1190, 0x002a, 0x0000, 0x0000, 0x0000, 0x0000, 
	0x0000, 0x0000, 0x0000, 0x0000, 0x0000, 0x0000, 0x0000, 0x0000, 0x0000, 0x0000, 0x0000, 0x0000, 0x0000, 0x0000, 0x0000, 0x0000, 
	0x0000, 0x0000, 0x0000, 0x0000, 0x0000, 0x0000, 0x0000, 0x0000, 0x0000, 0x0000, 0x0000, 0x0000, 0x0000, 0x0000, 0x0000, 0x0000, 
	0x0000, 0x0000, 0x0000, 0x0000, 0x0000, 0x0000, 0x0000, 0x0000, 0x0000, 0x0000, 0x0000, 0x0000, 0x0000, 0x0000, 0x0000, 0x0000, 
	0x0000, 0x0000, 0x0000, 0x0000, 0x0000, 0x0000, 0x0000, 0x0000, 0x0000, 0x0000, 0x0800, 0x1000, 0x4022, 0x3801, 0x00a0, 0x0961, 
	0x00e2, 0x0040, 0x0066, 0x0025, 0xa001, 0xd8c8, 0x8983, 0x70c0, 0x0ee4, 0x0662, 0x0191, 0x0b38, 0x2a77, 0x0090, 0x8002, 0x8822, 
	0x0080, 0x1941, 0x09c3, 0x00c0, 0x00cb, 0x010c, 0x1001, 0x1022, 0x3021, 0x2000, 0x0000, 0x0000, 0x0000, 0x0000, 0x0000, 0x0000, 
	0x1800, 0x2020, 0x1000, 0x0800, 0x0000, 0x0000, 0x0000, 0x0000, 0x0000, 0x0800, 0x2821, 0x2800, 0x0000, 0x0000, 0x0000, 0x0000, 
	0x0000, 0x0000, 0x1000, 0x2021, 0x2021, 0x1000, 0x0000, 0x0000, 0x0000, 0x0000, 0x0000, 0x0000, 0x2800, 0x3021, 0x0800, 0x0000, 
	0x0000, 0x0000, 0x0000, 0x0000, 0x0800, 0x1021, 0x3821, 0x2800, 0x0000, 0x0020, 0x0000, 0x0021, 0x0043, 0x0002, 0x2800, 0x3841, 
	0x2041, 0x1000, 0x00a0, 0x0080, 0x0002, 0x0064, 0x0802, 0x0001, 0x4001, 0x4001, 0x0020, 0x0860, 0x0081, 0x0020, 0x0045, 0x0045, 
	0x00ca, 0x00a9, 0x2000, 0x3042, 0x1840, 0x1000, 0x01a0, 0x0160, 0x0024, 0x00a6, 0x1065, 0x0004, 0x3821, 0x3000, 0x0080, 0x1161, 
	0x0922, 0x0060, 0x00a9, 0x00c9, 0x1800, 0x2842, 0x2041, 0x1000, 0x0180, 0x0160, 0x0023, 0x00a5, 0x0886, 0x0004, 0x4801, 0x4801, 
	0x0080, 0x11a1, 0x09e2, 0x00c0, 0x00cb, 0x010c, 0x1801, 0x2843, 0x3061, 0x2000, 0x0240, 0x0260, 0x0084, 0x00e6, 0x110a, 0x0027, 
	0x3800, 0x3801, 0x0080, 0x1141, 0x11e2, 0x00c0, 0x0089, 0x090b, 0x0802, 0x1022, 0x2021, 0x1800, 0x0120, 0x09a1, 0x0062, 0x0062, 
	0x1025, 0x1004, 0xe004, 0xf066, 0x29a0, 0x5323, 0x2687, 0x0460, 0x0198, 0x12dd, 0x11b0, 0x002a, 0x0000, 0x0000, 0x0000, 0x0000, 
	0x0000, 0x0000, 0x0000, 0x0000, 0x0000, 0x0000, 0x0000, 0x0000, 0x0000, 0x0000, 0x0000, 0x0000, 0x0000, 0x0000, 0x0000, 0x0000, 
	0x0000, 0x0000, 0x0000, 0x0000, 0x0000, 0x0000, 0x0000, 0x0000, 0x0000, 0x0000, 0x0000, 0x0000, 0x0000, 0x0000, 0x0000, 0x0000, 
	0x0000, 0x0000, 0x0000, 0x0000, 0x0000, 0x0000, 0x0000, 0x0000, 0x0000, 0x0000, 0x0000, 0x0000, 0x0000, 0x0000, 0x0000, 0x0000, 
	0x0000, 0x0000, 0x0000, 0x0000, 0x0000, 0x0000, 0x0000, 0x0000, 0x0000, 0x0000, 0x0800, 0x1000, 0x4022, 0x3800, 0x00a0, 0x0961, 
	0x00c2, 0x0040, 0x0066, 0x0025, 0xa001, 0xd8c7, 0x8983, 0x70c0, 0x0ec4, 0x0642, 0x01b1, 0x0b37, 0x2a77, 0x008f, 0x8002, 0x8023, 
	0x0080, 0x1940, 0x09e2, 0x00c0, 0x00cc, 0x00ec, 0x1002, 0x1003, 0x3041, 0x2000, 0x0000, 0x0000, 0x0000, 0x0000, 0x0000, 0x0000, 
	0x1800, 0x2021, 0x1020, 0x0800, 0x0000, 0x0000, 0x0000, 0x0000, 0x0000, 0x0800, 0x2821, 0x2800, 0x0000, 0x0000, 0x0000, 0x0000, 
	0x0000, 0x0000, 0x1000, 0x2021, 0x2041, 0x1000, 0x0000, 0x0000, 0x0000, 0x0000, 0x0000, 0x0000, 0x2800, 0x3021, 0x0800, 0x0000, 
	0x0000, 0x0000, 0x0001, 0x0001, 0x0800, 0x1021, 0x3821, 0x2800, 0x0000, 0x0020, 0x0000, 0x0000, 0x0043, 0x0002, 0x2000, 0x3862, 
	0x2841, 0x1000, 0x00a0, 0x0080, 0x0002, 0x0063, 0x0822, 0x0001, 0x4001, 0x4021, 0x0020, 0x0860, 0x0081, 0x0020, 0x0045, 0x0065, 
	0x00c9, 0x00a9, 0x2000, 0x3042, 0x1840, 0x1000, 0x01a0, 0x0160, 0x0024, 0x00a6, 0x0865, 0x0004, 0x3821, 0x3000, 0x0080, 0x1161, 
	0x0922, 0x0060, 0x00a9, 0x00a9, 0x1800, 0x2842, 0x2041, 0x1000, 0x0160, 0x0160, 0x0023, 0x0084, 0x0886, 0x0004, 0x4802, 0x4801, 
	0x00a0, 0x11a1, 0x09c2, 0x00c0, 0x00cb, 0x00ec, 0x1801, 0x2843, 0x3041, 0x2000, 0x0220, 0x0260, 0x0064, 0x00e6, 0x10ea, 0x0027, 
	0x3800, 0x4001, 0x0080, 0x1141, 0x11e2, 0x00c0, 0x008a, 0x090b, 0x1002, 0x1002, 0x2020, 0x1800, 0x0120, 0x09a1, 0x0062, 0x0062, 
	0x1025, 0x1005, 0xe004, 0xf066, 0x29a0, 0x5323, 0x2687, 0x0460, 0x0198, 0x12dd, 0x11b0, 0x002a, 0x0000, 0x0000, 0x0000, 0x0000, 
	0x0000, 0x0000, 0x0000, 0x0000, 0x0000, 0x0000, 0x0000, 0x0000, 0x0000, 0x0000, 0x0000, 0x0000, 0x0000, 0x0000, 0x0000, 0x0000, 
	0x0000, 0x0000, 0x0000, 0x0000, 0x0000, 0x0000, 0x0000, 0x0000, 0x0000, 0x0000, 0x0000, 0x0000, 0x0000, 0x0000, 0x0000, 0x0000, 
	0x0000, 0x0000, 0x0000, 0x0000, 0x0000, 0x0000, 0x0000, 0x0000, 0x0000, 0x0000, 0x0000, 0x0000, 0x0000, 0x0000, 0x0000, 0x0000, 
	0x0000, 0x0000, 0x0000, 0x0000, 0x0000, 0x0000, 0x0000, 0x0000, 0x0000, 0x0000, 0x0800, 0x1001, 0x4022, 0x3801, 0x00a0, 0x0961, 
	0x00e1, 0x0040, 0x0066, 0x0025, 0xa001, 0xd8c7, 0x8183, 0x68c0, 0x0ee4, 0x0662, 0x01b1, 0x0b37, 0x2a77, 0x0090, 0x7802, 0x8022, 
	0x0080, 0x1941, 0x09e3, 0x00c0, 0x00cb, 0x010c, 0x0801, 0x1022, 0x3021, 0x2000, 0x0000, 0x0000, 0x0000, 0x0000, 0x0000, 0x0000, 
	0x1800, 0x2821, 0x1020, 0x0800, 0x0000, 0x0000, 0x0000, 0x0000, 0x0000, 0x0800, 0x2821, 0x2801, 0x0000, 0x0000, 0x0000, 0x0000, 
	0x0000, 0x0000, 0x1000, 0x2021, 0x2021, 0x1000, 0x0000, 0x0000, 0x0000, 0x0000, 0x0000, 0x0000, 0x3001, 0x3021, 0x0800, 0x0000, 
	0x0000, 0x0000, 0x0001, 0x0021, 0x0800, 0x1021, 0x3842, 0x2800, 0x0000, 0x0020, 0x0000, 0x0001, 0x0043, 0x0022, 0x2800, 0x3842, 
	0x2841, 0x1000, 0x00a0, 0x0060, 0x0002, 0x0064, 0x0822, 0x0001, 0x4001, 0x4022, 0x0020, 0x0860, 0x0081, 0x0020, 0x0045, 0x0045, 
	0x00ca, 0x00a9, 0x2000, 0x3042, 0x1840, 0x1000, 0x01a0, 0x0140, 0x0024, 0x08c7, 0x1086, 0x0004, 0x3801, 0x3800, 0x0080, 0x1161, 
	0x0122, 0x0060, 0x00a9, 0x00a9, 0x1800, 0x2822, 0x2040, 0x1000, 0x0160, 0x0140, 0x0023, 0x00a5, 0x0886, 0x0004, 0x4801, 0x4001, 
	0x00a0, 0x11a1, 0x09c2, 0x00c0, 0x00cc, 0x010c, 0x1801, 0x2843, 0x3061, 0x2000, 0x0240, 0x0260, 0x0065, 0x00e6, 0x110a, 0x0027, 
	0x3800, 0x3801, 0x0080, 0x1141, 0x09e2, 0x00c0, 0x008a, 0x090c, 0x1002, 0x1002, 0x2020, 0x1800, 0x0120, 0x0980, 0x0062, 0x0062, 
	0x1026, 0x0805, 0xe004, 0xf847, 0x29c0, 0x5b43, 0x1e87, 0x0460, 0x01b8, 0x12dd, 0x11b0, 0x002a, 0x0000, 0x0000, 0x0000, 0x0000, 
	0x0000, 0x0000, 0x0000, 0x0000, 0x0000, 0x0000, 0x0000, 0x0000, 0x0000, 0x0000, 0x0000, 0x0000, 0x0000, 0x0000, 0x0000, 0x0000, 
	0x0000, 0x0000, 0x0000, 0x0000, 0x0000, 0x0000, 0x0000, 0x0000, 0x0000, 0x0000, 0x0000, 0x0000, 0x0000, 0x0000, 0x0000, 0x0000, 
	0x0000, 0x0000, 0x0000, 0x0000, 0x0000, 0x0000, 0x0000, 0x0000, 0x0000, 0x0000, 0x0000, 0x0000, 0x0000, 0x0000, 0x0000, 0x0000, 
	0x0000, 0x0000, 0x0000, 0x0000, 0x0000, 0x0000, 0x0000, 0x0000, 0x0000, 0x0000, 0x0800, 0x1001, 0x4022, 0x3801, 0x00a0, 0x0961, 
	0x00c1, 0x0040, 0x0065, 0x0024, 0xa001, 0xd8c7, 0x8182, 0x70e0, 0x0ee4, 0x0642, 0x01b2, 0x0b38, 0x2a77, 0x008f, 0x8002, 0x8002, 
	0x0080, 0x1961, 0x09c3, 0x00c0, 0x00cb, 0x00ec, 0x1001, 0x1022, 0x2841, 0x2000, 0x0000, 0x0000, 0x0000, 0x0000, 0x0000, 0x0000, 
	0x1800, 0x2821, 0x1000, 0x0800, 0x0000, 0x0000, 0x0000, 0x0000, 0x0800, 0x0800, 0x2821, 0x2800, 0x0000, 0x0000, 0x0000, 0x0000, 
	0x0000, 0x0000, 0x1000, 0x2021, 0x2021, 0x1000, 0x0000, 0x0000, 0x0000, 0x0000, 0x0000, 0x0000, 0x2800, 0x3021, 0x0800, 0x0000, 
	0x0000, 0x0000, 0x0001, 0x0001, 0x0800, 0x1021, 0x3041, 0x2800, 0x0000, 0x0020, 0x0000, 0x0001, 0x0044, 0x0003, 0x2800, 0x3842, 
	0x2841, 0x1000, 0x00a0, 0x0080, 0x0003, 0x0064, 0x0822, 0x0002, 0x4001, 0x4001, 0x0020, 0x0860, 0x0081, 0x0020, 0x0045, 0x0045, 
	0x0087, 0x0087, 0x1800, 0x2842, 0x2040, 0x1000, 0x0160, 0x0140, 0x0023, 0x00a5, 0x0885, 0x0003, 0x3021, 0x3000, 0x0060, 0x0921, 
	0x0922, 0x0060, 0x0087, 0x00a7, 0x1000, 0x2022, 0x2041, 0x1000, 0x0120, 0x0140, 0x0022, 0x0084, 0x0865, 0x0004, 0x3801, 0x4002, 
	0x0080, 0x1141, 0x11c2, 0x00c0, 0x00a9, 0x090b, 0x1802, 0x2043, 0x3841, 0x2000, 0x01e0, 0x0a41, 0x0063, 0x00a4, 0x10ea, 0x0026, 
	0x3000, 0x3821, 0x0060, 0x1101, 0x11e2, 0x00c0, 0x0068, 0x08ca, 0x0802, 0x0802, 0x2021, 0x1800, 0x00e0, 0x0981, 0x0082, 0x0041, 
	0x1045, 0x0805, 0xd803, 0xf087, 0x29a0, 0x52c2, 0x26a6, 0x0480, 0x0176, 0x1adc, 0x11b0, 0x002a, 0x0000, 0x0000, 0x0000, 0x0000, 
	0x0000, 0x0000, 0x0000, 0x0000, 0x0000, 0x0000, 0x0000, 0x0000, 0x0000, 0x0000, 0x0000, 0x0000, 0x0000, 0x0000, 0x0000, 0x0000, 
	0x0000, 0x0000, 0x0000, 0x0000, 0x0000, 0x0000, 0x0000, 0x0000, 0x0000, 0x0000, 0x0000, 0x0000, 0x0000, 0x0000, 0x0000, 0x0000, 
	0x0000, 0x0000, 0x0000, 0x0000, 0x0000, 0x0000, 0x0000, 0x0000, 0x0000, 0x0000, 0x0000, 0x0000, 0x0000, 0x0020, 0x0000, 0x0000, 
	0x0000, 0x0000, 0x0000, 0x0000, 0x0000, 0x0000, 0x0000, 0x0000, 0x0000, 0x0000, 0x0800, 0x1000, 0x4022, 0x3800, 0x00c0, 0x0981, 
	0x08e2, 0x0040, 0x0066, 0x0025, 0x9800, 0xd0e8, 0x8983, 0x68c0, 0x0ee2, 0x0681, 0x0192, 0x0b18, 0x2a77, 0x0090, 0x7802, 0x8023, 
	0x0080, 0x1941, 0x1203, 0x00c0, 0x00ab, 0x08ec, 0x1002, 0x1023, 0x3041, 0x2000, 0x0000, 0x0000, 0x0000, 0x0000, 0x0000, 0x0000, 
	0x1800, 0x2821, 0x1020, 0x0800, 0x0000, 0x0000, 0x0000, 0x0000, 0x0000, 0x0800, 0x2821, 0x2800, 0x0000, 0x0000, 0x0000, 0x0000, 
	0x0000, 0x0000, 0x1000, 0x2021, 0x2021, 0x1000, 0x0000, 0x0000, 0x0000, 0x0000, 0x0000, 0x0000, 0x2800, 0x3021, 0x0800, 0x0000, 
	0x0000, 0x0000, 0x0001, 0x0001, 0x0800, 0x1021, 0x3041, 0x2800, 0x0000, 0x0020, 0x0020, 0x0000, 0x0043, 0x0022, 0x2000, 0x3842, 
	0x2841, 0x1800, 0x00a0, 0x0080, 0x0002, 0x0064, 0x0823, 0x0002, 0x4001, 0x4001, 0x0020, 0x0860, 0x00a1, 0x0040, 0x0045, 0x0045, 
	0x0001, 0x0021, 0x0000, 0x0000, 0x0820, 0x0000, 0x0020, 0x0040, 0x0000, 0x0000, 0x0021, 0x0000, 0x0800, 0x1000, 0x0000, 0x0000, 
	0x0060, 0x0020, 0x0001, 0x0021, 0x0000, 0x0000, 0x0820, 0x0800, 0x0020, 0x0060, 0x0000, 0x0000, 0x0001, 0x0001, 0x0800, 0x1021, 
	0x0000, 0x0000, 0x0080, 0x0040, 0x0001, 0x0022, 0x0000, 0x0000, 0x1021, 0x0800, 0x0040, 0x00a0, 0x0040, 0x0000, 0x0022, 0x0001, 
	0x0800, 0x1020, 0x0000, 0x0000, 0x0080, 0x0040, 0x0000, 0x0021, 0x0001, 0x0000, 0x0800, 0x0800, 0x0020, 0x0060, 0x0020, 0x0000, 
	0x0001, 0x0001, 0x4000, 0x6063, 0x38a2, 0x2000, 0x0260, 0x0260, 0x0027, 0x010b, 0x112a, 0x0006, 0x0000, 0x0000, 0x0000, 0x0000, 
	0x0000, 0x0000, 0x0000, 0x0000, 0x0000, 0x0000, 0x0000, 0x0000, 0x0000, 0x0000, 0x0000, 0x0000, 0x0000, 0x0000, 0x0000, 0x0000, 
	0x0000, 0x0000, 0x0000, 0x0000, 0x0000, 0x0000, 0x0000, 0x0000, 0x0000, 0x0000, 0x0000, 0x0000, 0x0000, 0x0000, 0x0000, 0x0000, 
	0x0000, 0x0000, 0x0000, 0x0000, 0x0000, 0x0000, 0x0000, 0x0000, 0x0000, 0x0000, 0x0000, 0x0000, 0x0000, 0x0000, 0x0000, 0x0000, 
	0x0000, 0x0000, 0x0000, 0x0000, 0x0000, 0x0000, 0x0000, 0x0000, 0x0000, 0x0000, 0x0000, 0x0000, 0x1800, 0x1821, 0x0000, 0x0020, 
	0x0061, 0x0020, 0x0000, 0x0001, 0x3000, 0x5042, 0x7104, 0x4800, 0x0260, 0x1ba3, 0x00c6, 0x0127, 0x118f, 0x004a, 0x2800, 0x4062, 
	0x1020, 0x0800, 0x08e1, 0x0060, 0x0022, 0x0063, 0x0001, 0x0001, 0x1000, 0x1000, 0x0000, 0x0000, 0x0000, 0x0000, 0x0000, 0x0000, 
	0x0800, 0x0820, 0x0820, 0x0000, 0x0000, 0x0000, 0x0000, 0x0000, 0x0000, 0x0000, 0x1000, 0x1020, 0x0000, 0x0000, 0x0000, 0x0000, 
	0x0000, 0x0000, 0x0000, 0x0800, 0x1021, 0x0800, 0x0000, 0x0000, 0x0000, 0x0000, 0x0000, 0x0000, 0x1000, 0x1820, 0x0800, 0x0000, 
	0x0000, 0x0000, 0x0000, 0x0000, 0x0000, 0x0000, 0x1800, 0x1800, 0x0000, 0x0000, 0x0000, 0x0000, 0x0001, 0x0001, 0x0800, 0x1020, 
	0x1841, 0x0800, 0x0040, 0x0040, 0x0000, 0x0021, 0x0001, 0x0000, 0x2000, 0x2821, 0x0000, 0x0000, 0x0040, 0x0020, 0x0001, 0x0022, 
	0x0000, 0x0000, 0x0000, 0x0000, 0x0000, 0x0000, 0x0020, 0x0000, 0x0000, 0x0000, 0x0000, 0x0000, 0x0000, 0x0000, 0x0000, 0x0020, 
	0x0020, 0x0000, 0x0000, 0x0000, 0x0000, 0x0000, 0x0000, 0x0000, 0x0020, 0x0020, 0x0000, 0x0000, 0x0000, 0x0000, 0x0000, 0x0000, 
	0x0000, 0x0040, 0x0020, 0x0020, 0x0001, 0x0001, 0x0000, 0x0000, 0x0000, 0x0000, 0x0040, 0x0040, 0x0000, 0x0001, 0x0021, 0x0000, 
	0x0000, 0x0000, 0x0000, 0x0020, 0x0040, 0x0000, 0x0001, 0x0021, 0x0000, 0x0000, 0x0000, 0x0000, 0x0020, 0x0040, 0x0000, 0x0000, 
	0x0000, 0x0000, 0x2800, 0x2800, 0x0020, 0x08a0, 0x0960, 0x00c0, 0x0047, 0x00c9, 0x0065, 0x0003, 0x0000, 0x0000, 0x0000, 0x0000, 
	0x0000, 0x0000, 0x0000, 0x0000, 0x0000, 0x0000, 0x0000, 0x0000, 0x0000, 0x0000, 0x0000, 0x0000, 0x0000, 0x0000, 0x0000, 0x0000, 
	0x0000, 0x0020, 0x0020, 0x0000, 0x0000, 0x0001, 0x0000, 0x0000, 0x0000, 0x0000, 0x0000, 0x0000, 0x0000, 0x0000, 0x0000, 0x0000, 
	0x0000, 0x0000, 0x0020, 0x0020, 0x0020, 0x0000, 0x0001, 0x0001, 0x1000, 0x1821, 0x1020, 0x0800, 0x0100, 0x0140, 0x0062, 0x0083, 
	0x00a8, 0x0027, 0x2000, 0x2000, 0x0020, 0x0060, 0x0120, 0x00c0, 0x0046, 0x00a7, 0x0823, 0x0803, 0x1800, 0x1000, 0x00a0, 0x0100, 
	0x00a1, 0x0060, 0x0067, 0x0046, 0x1000, 0x1801, 0x0800, 0x0800, 0x0100, 0x0100, 0x0023, 0x0064, 0x0866, 0x0004, 0x1800, 0x1000, 
	0x0040, 0x00a0, 0x00e0, 0x0080, 0x0067, 0x0087, 0x0022, 0x0001, 0x0000, 0x0000, 0x0000, 0x0000, 0x0000, 0x0000, 0x0000, 0x0000, 
	0x0000, 0x0000, 0x0000, 0x0000, 0x0000, 0x0000, 0x0000, 0x0000, 0x0000, 0x0000, 0x0000, 0x0000, 0x0000, 0x0000, 0x0000, 0x0000, 
	0x0000, 0x0000, 0x0000, 0x0000, 0x0000, 0x0000, 0x0000, 0x0000, 0x0000, 0x0000, 0x0000, 0x0000, 0x0000, 0x0000, 0x0000, 0x0000, 
	0x0000, 0x0000, 0x0000, 0x0000, 0x0000, 0x0000, 0x0000, 0x0000, 0x0000, 0x0000, 0x0000, 0x0000, 0x0000, 0x0000, 0x0000, 0x0000, 
	0x0000, 0x0000, 0x0000, 0x0000, 0x0000, 0x0000, 0x0000, 0x0000, 0x0000, 0x0000, 0x0000, 0x0000, 0x0000, 0x0000, 0x0000, 0x0000, 
	0x0065, 0x0044, 0x1000, 0x1821, 0x0820, 0x0800, 0x00e0, 0x00c0, 0x0002, 0x0063, 0x0822, 0x0002, 0x2821, 0x2000, 0x0040, 0x08e1, 
	0x00a1, 0x0020, 0x0065, 0x0065, 0x1000, 0x2042, 0x1020, 0x0800, 0x0120, 0x0100, 0x0002, 0x0064, 0x0864, 0x0003, 0x2801, 0x2000, 
	0x0060, 0x0961, 0x0962, 0x0080, 0x0088, 0x00a8, 0x1000, 0x2042, 0x1820, 0x1000, 0x01c0, 0x01e0, 0x0043, 0x00c5, 0x08c8, 0x0005, 
	0x2800, 0x2800, 0x0060, 0x0921, 0x11a2, 0x00a0, 0x0068, 0x08c9, 0x0801, 0x0821, 0x1820, 0x0800, 0x0120, 0x09a1, 0x0062, 0x0062, 
	0x1025, 0x0804, 0xc004, 0xd066, 0x0140, 0x4322, 0x2e66, 0x03e0, 0x0177, 0x1abc, 0x116e, 0x0008, 0x0000, 0x0000, 0x0000, 0x0000, 
	0x0000, 0x0000, 0x0000, 0x0000, 0x0000, 0x0000, 0x0000, 0x0000, 0x0000, 0x0000, 0x0000, 0x0000, 0x0000, 0x0800, 0x3022, 0x2000, 
	0x0080, 0x0921, 0x00c1, 0x0040, 0x0065, 0x0045, 0x0000, 0x0000, 0x0000, 0x0000, 0x0000, 0x0000, 0x0000, 0x0000, 0x0000, 0x0000, 
	0x2821, 0x2801, 0x0040, 0x08e1, 0x0921, 0x0060, 0x0045, 0x0065, 0x5000, 0x88e6, 0x90e4, 0x6000, 0x0500, 0x1e23, 0x01eb, 0x024c, 
	0x229a, 0x00d4, 0xa803, 0xc086, 0x0900, 0x42a2, 0x2625, 0x03e0, 0x0176, 0x12fb, 0x388c, 0x386b, 0xc0c6, 0x9000, 0x0360, 0x3605, 
	0x0b8a, 0x0203, 0x12bd, 0x01b9, 0x7802, 0xa8e8, 0x48e0, 0x40a0, 0x1622, 0x0580, 0x0110, 0x0a96, 0x2992, 0x002d, 0xc085, 0xa803, 
	0x01c0, 0x3ca5, 0x2548, 0x0280, 0x023b, 0x0a9c, 0x08a7, 0x0005, 0x1020, 0x0800, 0x0000, 0x0000, 0x0000, 0x0000, 0x0000, 0x0000, 
	0x1000, 0x1000, 0x0000, 0x0000, 0x0000, 0x0000, 0x0000, 0x0000, 0x0000, 0x0800, 0x1821, 0x1000, 0x0000, 0x0000, 0x0000, 0x0000, 
	0x0000, 0x0000, 0x0800, 0x1020, 0x0800, 0x0000, 0x0000, 0x0000, 0x0000, 0x0000, 0x0000, 0x0000, 0x1000, 0x1000, 0x0000, 0x0000, 
	0x0000, 0x0000, 0x0000, 0x0000, 0x0000, 0x0800, 0x1021, 0x0800, 0x0000, 0x0000, 0x0000, 0x0000, 0x0001, 0x0001, 0x1000, 0x1020, 
	0x0000, 0x0000, 0x0040, 0x0020, 0x0001, 0x0022, 0x0001, 0x0000, 0x1800, 0x1000, 0x0000, 0x0040, 0x0040, 0x0000, 0x0022, 0x0022, 
	0x0065, 0x0045, 0x1800, 0x2822, 0x1840, 0x1000, 0x0120, 0x0100, 0x0002, 0x0064, 0x0844, 0x0003, 0x3821, 0x3000, 0x0060, 0x0900, 
	0x00c1, 0x0040, 0x0066, 0x0066, 0x1800, 0x3042, 0x2040, 0x1000, 0x0160, 0x0140, 0x0003, 0x0084, 0x0886, 0x0004, 0x3801, 0x3801, 
	0x0080, 0x1181, 0x09a2, 0x00a0, 0x00a9, 0x00ca, 0x1801, 0x2822, 0x2861, 0x1800, 0x0200, 0x0240, 0x0064, 0x00c6, 0x08e9, 0x0026, 
	0x3800, 0x4021, 0x0080, 0x1161, 0x0a02, 0x00e0, 0x0089, 0x08eb, 0x1002, 0x1023, 0x2841, 0x1800, 0x0180, 0x09e1, 0x0082, 0x0062, 
	0x1026, 0x1006, 0xe004, 0xf867, 0x29c0, 0x5b23, 0x1ea7, 0x0480, 0x01b8, 0x12dd, 0x11b0, 0x002a, 0x0000, 0x0000, 0x0000, 0x0000, 
	0x0000, 0x0000, 0x0000, 0x0000, 0x0000, 0x0000, 0x0000, 0x0000, 0x0000, 0x0000, 0x0000, 0x0000, 0x0000, 0x0800, 0x4822, 0x4001, 
	0x00a0, 0x1181, 0x0922, 0x0060, 0x00a8, 0x0067, 0x0000, 0x0000, 0x0000, 0x0000, 0x0000, 0x0000, 0x0000, 0x0000, 0x0000, 0x0000, 
	0x4001, 0x4822, 0x0060, 0x1101, 0x0982, 0x00a0, 0x0066, 0x0066, 0x6800, 0xa8e7, 0xd106, 0x9800, 0x0560, 0x1e83, 0x028d, 0x028d, 
	0x229c, 0x0116, 0xd803, 0xf087, 0x39a0, 0x62e3, 0x16a6, 0x04c0, 0x0198, 0x12fd, 0x48ad, 0x48ad, 0xf886, 0xd802, 0x0400, 0x2e85, 
	0x146c, 0x0285, 0x12df, 0x01fc, 0xa003, 0xd0c9, 0x8982, 0x70e0, 0x0ec3, 0x0641, 0x0192, 0x02f8, 0x31d5, 0x0870, 0xf825, 0xf825, 
	0x0240, 0x4d05, 0x1dea, 0x0340, 0x027d, 0x0adf, 0x10c9, 0x0026, 0x2040, 0x1800, 0x0000, 0x0000, 0x0000, 0x0000, 0x0000, 0x0000, 
	0x2000, 0x3041, 0x1021, 0x0800, 0x0000, 0x0000, 0x0000, 0x0000, 0x0000, 0x0800, 0x3021, 0x2801, 0x0000, 0x0000, 0x0000, 0x0000, 
	0x0000, 0x0000, 0x1000, 0x2021, 0x1821, 0x1000, 0x0000, 0x0000, 0x0000, 0x0000, 0x0000, 0x0000, 0x2801, 0x2821, 0x0800, 0x0000, 
	0x0000, 0x0000, 0x0001, 0x0001, 0x0800, 0x1000, 0x2821, 0x2000, 0x0000, 0x0040, 0x0001, 0x0001, 0x0043, 0x0002, 0x2000, 0x2841, 
	0x1840, 0x0800, 0x00a0, 0x0080, 0x0002, 0x0044, 0x0002, 0x0001, 0x3821, 0x3001, 0x0020, 0x0880, 0x0081, 0x0020, 0x0045, 0x0045, 
	0x0086, 0x0065, 0x1800, 0x2821, 0x1840, 0x1000, 0x0120, 0x0100, 0x0002, 0x0064, 0x0823, 0x0003, 0x3821, 0x3000, 0x0060, 0x0901, 
	0x00e1, 0x0040, 0x0086, 0x0066, 0x1800, 0x3042, 0x2041, 0x1000, 0x0160, 0x0140, 0x0003, 0x00a5, 0x0886, 0x0004, 0x3801, 0x3801, 
	0x0080, 0x1181, 0x09a2, 0x00a0, 0x00aa, 0x00ca, 0x1801, 0x2042, 0x2841, 0x1800, 0x0200, 0x0240, 0x0064, 0x00e6, 0x10e9, 0x0006, 
	0x3800, 0x4001, 0x0080, 0x1161, 0x09e2, 0x00e0, 0x0089, 0x08eb, 0x1002, 0x1023, 0x2841, 0x1800, 0x0180, 0x0a01, 0x0083, 0x0062, 
	0x1026, 0x1005, 0xe004, 0xf866, 0x29c0, 0x5323, 0x26a7, 0x0460, 0x01b8, 0x12dd, 0x1190, 0x000a, 0x0000, 0x0000, 0x0000, 0x0000, 
	0x0000, 0x0000, 0x0000, 0x0000, 0x0000, 0x0000, 0x0000, 0x0000, 0x0000, 0x0000, 0x0000, 0x0000, 0x0000, 0x0800, 0x4822, 0x4001, 
	0x00a0, 0x1161, 0x0922, 0x0060, 0x0088, 0x0067, 0x0000, 0x0000, 0x0000, 0x0000, 0x0000, 0x0000, 0x0000, 0x0000, 0x0000, 0x0800, 
	0x4001, 0x4022, 0x0060, 0x1101, 0x0982, 0x00a0, 0x0046, 0x0067, 0x6800, 0xa0c7, 0xc906, 0x9800, 0x0560, 0x1e83, 0x02ad, 0x028d, 
	0x227c, 0x00f6, 0xd003, 0xf087, 0x39c0, 0x5ae3, 0x1ea6, 0x04c0, 0x0198, 0x0afd, 0x488d, 0x48ad, 0xf8a6, 0xd802, 0x03e0, 0x3665, 
	0x146c, 0x0264, 0x12bf, 0x01db, 0x9803, 0xd0c9, 0x8182, 0x68e0, 0x0ec3, 0x0621, 0x0172, 0x0ad8, 0x31b5, 0x0870, 0xf025, 0xf045, 
	0x0240, 0x4ce5, 0x1dea, 0x0340, 0x027d, 0x0ade, 0x10c9, 0x0026, 0x2020, 0x1800, 0x0000, 0x0000, 0x0000, 0x0000, 0x0000, 0x0000, 
	0x2000, 0x3041, 0x1020, 0x0800, 0x0000, 0x0000, 0x0000, 0x0000, 0x0000, 0x0800, 0x3021, 0x2800, 0x0000, 0x0000, 0x0000, 0x0000, 
	0x0000, 0x0000, 0x1000, 0x1821, 0x2021, 0x1000, 0x0000, 0x0000, 0x0000, 0x0000, 0x0000, 0x0000, 0x2800, 0x3021, 0x0800, 0x0000, 
	0x0000, 0x0000, 0x0001, 0x0021, 0x0800, 0x1001, 0x3021, 0x2000, 0x0000, 0x0040, 0x0001, 0x0001, 0x0043, 0x0002, 0x2000, 0x2841, 
	0x1840, 0x1000, 0x00a0, 0x0080, 0x0002, 0x0064, 0x0022, 0x0001, 0x3801, 0x3801, 0x0040, 0x08a0, 0x0081, 0x0020, 0x0045, 0x0045, 
	0x0086, 0x0066, 0x1800, 0x2822, 0x1840, 0x1000, 0x0120, 0x00e0, 0x0003, 0x0064, 0x0843, 0x0002, 0x3821, 0x3000, 0x0060, 0x0900, 
	0x00e1, 0x0040, 0x0087, 0x0087, 0x2000, 0x3022, 0x2041, 0x1800, 0x0180, 0x0160, 0x0023, 0x0085, 0x0886, 0x0004, 0x3801, 0x3801, 
	0x0080, 0x1181, 0x09a2, 0x00a0, 0x00ca, 0x00eb, 0x1801, 0x2022, 0x2841, 0x1800, 0x0220, 0x0260, 0x0064, 0x00c6, 0x10e9, 0x0026, 
	0x3801, 0x4001, 0x0080, 0x1161, 0x1202, 0x00e0, 0x0089, 0x090b, 0x1002, 0x1023, 0x2841, 0x1800, 0x0180, 0x0a01, 0x0083, 0x0062, 
	0x1826, 0x1005, 0xd804, 0xf067, 0x21c0, 0x5343, 0x26a7, 0x0460, 0x0198, 0x12dd, 0x11b0, 0x002a, 0x0000, 0x0000, 0x0000, 0x0000, 
	0x0000, 0x0000, 0x0000, 0x0000, 0x0000, 0x0000, 0x0000, 0x0000, 0x0000, 0x0000, 0x0000, 0x0000, 0x0800, 0x1000, 0x4822, 0x4001, 
	0x00a0, 0x1181, 0x0122, 0x0060, 0x00a8, 0x0088, 0x0000, 0x0000, 0x0000, 0x0000, 0x0000, 0x0000, 0x0000, 0x0000, 0x0000, 0x0000, 
	0x4001, 0x4022, 0x0060, 0x1101, 0x0981, 0x00a0, 0x0046, 0x0067, 0x6800, 0xa0e7, 0xd0e6, 0x9800, 0x0560, 0x1e84, 0x02ad, 0x028d, 
	0x229c, 0x0116, 0xd004, 0xf088, 0x39c0, 0x5ae3, 0x16c6, 0x04e0, 0x0198, 0x12fd, 0x488d, 0x48ad, 0xf8c6, 0xd802, 0x03e0, 0x3665, 
	0x146d, 0x0265, 0x0abf, 0x01db, 0x9802, 0xd0c9, 0x8182, 0x68e0, 0x0ec4, 0x0621, 0x0192, 0x0af8, 0x31d5, 0x0870, 0xf025, 0xf025, 
	0x0240, 0x4ce5, 0x25ca, 0x0320, 0x027d, 0x0ade, 0x10c9, 0x0026, 0x2020, 0x1800, 0x0000, 0x0000, 0x0000, 0x0000, 0x0000, 0x0000, 
	0x2000, 0x3021, 0x1020, 0x0800, 0x0000, 0x0000, 0x0000, 0x0000, 0x0000, 0x0800, 0x3021, 0x3001, 0x0000, 0x0000, 0x0000, 0x0000, 
	0x0000, 0x0000, 0x1000, 0x2021, 0x2021, 0x1000, 0x0000, 0x0000, 0x0000, 0x0000, 0x0000, 0x0000, 0x2800, 0x3021, 0x0800, 0x0000, 
	0x0000, 0x0000, 0x0001, 0x0022, 0x0800, 0x1001, 0x3021, 0x2800, 0x0020, 0x0040, 0x0001, 0x0021, 0x0043, 0x0002, 0x2000, 0x2841, 
	0x1840, 0x1000, 0x00a0, 0x0080, 0x0002, 0x0064, 0x0002, 0x0001, 0x3801, 0x3801, 0x0020, 0x0880, 0x00a1, 0x0020, 0x0045, 0x0045, 
	0x0086, 0x0065, 0x1800, 0x2841, 0x1840, 0x1000, 0x0120, 0x0100, 0x0002, 0x0063, 0x0823, 0x0002, 0x3822, 0x3001, 0x0040, 0x08e1, 
	0x00c1, 0x0040, 0x0087, 0x0067, 0x1800, 0x2842, 0x2041, 0x1000, 0x0160, 0x0140, 0x0023, 0x0085, 0x0886, 0x0004, 0x3801, 0x3801, 
	0x0080, 0x1181, 0x09c2, 0x00a0, 0x00aa, 0x00eb, 0x1801, 0x2023, 0x3041, 0x1800, 0x0220, 0x0260, 0x0064, 0x00e6, 0x110a, 0x0027, 
	0x3801, 0x4021, 0x0060, 0x1961, 0x1202, 0x00e0, 0x00aa, 0x090c, 0x1002, 0x1823, 0x2841, 0x1800, 0x0180, 0x0a01, 0x0083, 0x0062, 
	0x1026, 0x1005, 0xe004, 0xf067, 0x29a0, 0x5b24, 0x1ea7, 0x0460, 0x01b8, 0x12dd, 0x11b0, 0x002a, 0x0000, 0x0000, 0x0000, 0x0000, 
	0x0000, 0x0000, 0x0000, 0x0000, 0x0000, 0x0000, 0x0000, 0x0000, 0x0000, 0x0000, 0x0000, 0x0000, 0x0800, 0x1000, 0x4822, 0x4001, 
	0x00a0, 0x1181, 0x0122, 0x0060, 0x00c9, 0x0088, 0x0000, 0x0000, 0x0000, 0x0000, 0x0000, 0x0000, 0x0000, 0x0000, 0x0000, 0x0800, 
	0x4001, 0x4801, 0x0060, 0x1101, 0x0981, 0x00a0, 0x0066, 0x0066, 0x6800, 0xa0c7, 0xc8e5, 0x9800, 0x0560, 0x1ea4, 0x02ad, 0x028d, 
	0x229c, 0x00f6, 0xd003, 0xf0c8, 0x39c0, 0x6303, 0x1ec7, 0x04c0, 0x01b7, 0x0afd, 0x488d, 0x48ad, 0xf8a6, 0xd802, 0x03e0, 0x3665, 
	0x146d, 0x0265, 0x12bf, 0x01db, 0x9803, 0xd0c9, 0x8182, 0x70e0, 0x0ea3, 0x0621, 0x0192, 0x02f7, 0x31b5, 0x0870, 0xf005, 0xf825, 
	0x0240, 0x4ce5, 0x1dca, 0x0340, 0x027d, 0x0adf, 0x10c9, 0x0026, 0x2020, 0x1800, 0x0000, 0x0000, 0x0000, 0x0000, 0x0000, 0x0000, 
	0x2000, 0x3021, 0x1020, 0x0800, 0x0000, 0x0000, 0x0000, 0x0000, 0x0000, 0x0800, 0x3021, 0x2801, 0x0000, 0x0000, 0x0000, 0x0000, 
	0x0000, 0x0000, 0x1000, 0x2041, 0x2021, 0x1000, 0x0000, 0x0000, 0x0000, 0x0000, 0x0000, 0x0000, 0x2800, 0x3021, 0x0800, 0x0000, 
	0x0000, 0x0000, 0x0002, 0x0022, 0x0800, 0x1001, 0x3041, 0x2000, 0x0000, 0x0020, 0x0000, 0x0001, 0x0043, 0x0002, 0x2000, 0x3041, 
	0x1840, 0x1000, 0x00c0, 0x0080, 0x0003, 0x0064, 0x0002, 0x0001, 0x3801, 0x3801, 0x0020, 0x0880, 0x00a1, 0x0040, 0x0045, 0x0045, 
	0x0086, 0x0066, 0x1800, 0x2841, 0x1840, 0x1000, 0x0120, 0x00e0, 0x0002, 0x0064, 0x0823, 0x0002, 0x3821, 0x3001, 0x0060, 0x0900, 
	0x00c1, 0x0040, 0x0087, 0x0087, 0x1800, 0x3042, 0x2041, 0x1800, 0x0140, 0x0140, 0x0003, 0x0085, 0x0886, 0x0004, 0x3801, 0x3801, 
	0x0080, 0x11a1, 0x09c2, 0x00c0, 0x00aa, 0x00eb, 0x1801, 0x2842, 0x2841, 0x1800, 0x0220, 0x0240, 0x0064, 0x00e6, 0x110a, 0x0027, 
	0x3801, 0x4001, 0x0080, 0x1161, 0x11e2, 0x00e0, 0x008b, 0x090d, 0x1003, 0x1823, 0x2841, 0x1800, 0x0180, 0x09e1, 0x0083, 0x0062, 
	0x1846, 0x1006, 0xe004, 0xf087, 0x21c0, 0x5b43, 0x26a8, 0x0440, 0x01b8, 0x12dd, 0x11b0, 0x002a, 0x0000, 0x0000, 0x0000, 0x0000, 
	0x0000, 0x0000, 0x0000, 0x0000, 0x0000, 0x0000, 0x0000, 0x0000, 0x0000, 0x0000, 0x0000, 0x0000, 0x0000, 0x0820, 0x4822, 0x4001, 
	0x00a0, 0x1181, 0x0122, 0x0080, 0x00a9, 0x0088, 0x0000, 0x0000, 0x0000, 0x0000, 0x0000, 0x0000, 0x0000, 0x0000, 0x0000, 0x0000, 
	0x4001, 0x4002, 0x0060, 0x1101, 0x0961, 0x00a0, 0x0047, 0x0067, 0x6800, 0xa0e7, 0xc906, 0x9800, 0x0580, 0x1ea4, 0x02ae, 0x028e, 
	0x22bc, 0x0115, 0xd003, 0xf0c8, 0x39c0, 0x6303, 0x1ec7, 0x04e0, 0x01b8, 0x0b1d, 0x48ad, 0x48ad, 0xf0a6, 0xd002, 0x03e0, 0x3665, 
	0x144c, 0x0265, 0x0abf, 0x01db, 0x9803, 0xd0c9, 0x8182, 0x70e0, 0x0ea3, 0x0621, 0x0172, 0x0ad7, 0x31d5, 0x086f, 0xf025, 0xf025, 
	0x0240, 0x4ce5, 0x1dca, 0x0320, 0x027d, 0x0adf, 0x10c9, 0x0026, 0x2820, 0x2000, 0x0000, 0x0000, 0x0000, 0x0000, 0x0000, 0x0000, 
	0x2000, 0x3021, 0x1020, 0x0800, 0x0000, 0x0000, 0x0000, 0x0000, 0x0800, 0x0800, 0x3001, 0x3000, 0x0000, 0x0000, 0x0000, 0x0000, 
	0x0000, 0x0000, 0x1000, 0x2021, 0x2021, 0x1000, 0x0000, 0x0000, 0x0000, 0x0000, 0x0000, 0x0000, 0x2801, 0x3021, 0x0800, 0x0000, 
	0x0000, 0x0000, 0x0002, 0x0022, 0x0800, 0x1001, 0x3021, 0x2000, 0x0000, 0x0040, 0x0001, 0x0021, 0x0023, 0x0002, 0x2000, 0x3041, 
	0x1840, 0x1000, 0x00c0, 0x0080, 0x0002, 0x0064, 0x0002, 0x0001, 0x3001, 0x3821, 0x0040, 0x08a0, 0x00a1, 0x0040, 0x0045, 0x0045, 
	0x0065, 0x0065, 0x1800, 0x2822, 0x1840, 0x1000, 0x0100, 0x00e0, 0x0002, 0x0043, 0x0823, 0x0002, 0x3001, 0x3001, 0x0040, 0x08e1, 
	0x00e1, 0x0040, 0x0066, 0x0086, 0x1800, 0x2842, 0x2041, 0x1000, 0x0140, 0x0140, 0x0023, 0x0084, 0x0886, 0x0004, 0x3001, 0x3021, 
	0x0060, 0x1161, 0x09c2, 0x00a0, 0x00a9, 0x00ea, 0x1801, 0x2023, 0x3061, 0x2000, 0x01e0, 0x0a40, 0x0063, 0x00c5, 0x10e9, 0x0026, 
	0x3801, 0x4021, 0x0060, 0x1141, 0x1222, 0x00e0, 0x0089, 0x090b, 0x1003, 0x1023, 0x2841, 0x1800, 0x0160, 0x0a01, 0x0082, 0x0082, 
	0x1046, 0x0805, 0xd804, 0xf8a8, 0x21c0, 0x5322, 0x26c7, 0x0480, 0x0197, 0x1afd, 0x11b0, 0x002a, 0x0000, 0x0000, 0x0000, 0x0000, 
	0x0000, 0x0000, 0x0000, 0x0000, 0x0000, 0x0000, 0x0000, 0x0000, 0x0000, 0x0000, 0x0000, 0x0000, 0x0800, 0x1000, 0x4822, 0x4001, 
	0x0080, 0x1161, 0x0942, 0x0080, 0x0088, 0x0087, 0x0000, 0x0000, 0x0000, 0x0000, 0x0000, 0x0000, 0x0000, 0x0000, 0x0000, 0x0800, 
	0x4001, 0x4022, 0x0060, 0x1100, 0x0982, 0x00a0, 0x0067, 0x0087, 0x6000, 0xa0c7, 0xd126, 0x9800, 0x0580, 0x1ee4, 0x02cd, 0x02cd, 
	0x22dd, 0x0136, 0xd004, 0xf8e8, 0x39e0, 0x6302, 0x1f06, 0x0500, 0x01d8, 0x133e, 0x48ad, 0x48ad, 0xf8a6, 0xd802, 0x03e0, 0x3665, 
	0x146c, 0x0284, 0x12df, 0x01fc, 0xa003, 0xd0c9, 0x8982, 0x70e0, 0x0ec2, 0x0620, 0x0192, 0x0af8, 0x31d5, 0x0870, 0xf826, 0xf805, 
	0x0240, 0x4d05, 0x1dea, 0x0340, 0x027d, 0x0adf, 0x10c9, 0x0026, 0x2841, 0x1800, 0x0000, 0x0000, 0x0000, 0x0000, 0x0000, 0x0000, 
	0x2800, 0x3021, 0x1021, 0x0800, 0x0000, 0x0000, 0x0000, 0x0000, 0x0000, 0x0800, 0x3021, 0x3000, 0x0000, 0x0000, 0x0000, 0x0000, 
	0x0000, 0x0000, 0x1000, 0x2041, 0x2041, 0x1000, 0x0000, 0x0000, 0x0000, 0x0000, 0x0000, 0x0000, 0x2801, 0x3021, 0x0800, 0x0000, 
	0x0000, 0x0000, 0x0001, 0x0022, 0x0800, 0x1001, 0x3041, 0x2000, 0x0000, 0x0040, 0x0021, 0x0001, 0x0043, 0x0022, 0x2000, 0x3022, 
	0x1840, 0x1000, 0x00a0, 0x0080, 0x0003, 0x0064, 0x0022, 0x0002, 0x3001, 0x3001, 0x0020, 0x08a0, 0x00a1, 0x0040, 0x0066, 0x0065, 
	0x0000, 0x0000, 0x0000, 0x0800, 0x0820, 0x0000, 0x0020, 0x0040, 0x0000, 0x0000, 0x0000, 0x0000, 0x0800, 0x1021, 0x0000, 0x0020, 
	0x0040, 0x0020, 0x0001, 0x0021, 0x0000, 0x0000, 0x1021, 0x0800, 0x0020, 0x0060, 0x0000, 0x0000, 0x0022, 0x0001, 0x1000, 0x1020, 
	0x0000, 0x0020, 0x00a0, 0x0040, 0x0002, 0x0042, 0x0000, 0x0000, 0x1821, 0x1000, 0x0060, 0x00e1, 0x0041, 0x0020, 0x0043, 0x0022, 
	0x1000, 0x1821, 0x0820, 0x0000, 0x00e0, 0x0080, 0x0002, 0x0043, 0x0001, 0x0001, 0x1020, 0x1000, 0x0040, 0x00a0, 0x0040, 0x0020, 
	0x0022, 0x0002, 0x5800, 0x7884, 0x38e1, 0x2820, 0x0b61, 0x02e0, 0x004a, 0x096e, 0x114c, 0x0007, 0x0000, 0x0000, 0x0000, 0x0000, 
	0x0000, 0x0000, 0x0000, 0x0000, 0x0000, 0x0000, 0x0000, 0x0000, 0x0000, 0x0000, 0x0000, 0x0000, 0x0000, 0x0000, 0x1800, 0x2021, 
	0x0000, 0x0040, 0x08c1, 0x0020, 0x0002, 0x0022, 0x0000, 0x0000, 0x0000, 0x0000, 0x0000, 0x0000, 0x0000, 0x0000, 0x0000, 0x0000, 
	0x1800, 0x2821, 0x0820, 0x0820, 0x00c1, 0x0060, 0x0002, 0x0023, 0x2800, 0x3842, 0x90a5, 0x7001, 0x0200, 0x23e3, 0x0227, 0x0123, 
	0x11b3, 0x00f0, 0x6000, 0x88a5, 0x5102, 0x3840, 0x0c21, 0x03a0, 0x008b, 0x09d0, 0x290c, 0x0828, 0xa003, 0xa043, 0x0180, 0x2322, 
	0x1b87, 0x0160, 0x0194, 0x01b5, 0x4801, 0x6865, 0x8924, 0x5800, 0x0360, 0x1462, 0x00e9, 0x01ac, 0x21d2, 0x004d, 0x8801, 0xa8a5, 
	0x1100, 0x29c1, 0x2466, 0x0240, 0x0132, 0x1236, 0x08c8, 0x0005, 0x1820, 0x1000, 0x0000, 0x0000, 0x0000, 0x0000, 0x0000, 0x0000, 
	0x1000, 0x1820, 0x1020, 0x0800, 0x0000, 0x0000, 0x0000, 0x0000, 0x0000, 0x0000, 0x2000, 0x2020, 0x0000, 0x0000, 0x0000, 0x0000, 
	0x0000, 0x0000, 0x0800, 0x1000, 0x1821, 0x0800, 0x0000, 0x0000, 0x0000, 0x0000, 0x0000, 0x0000, 0x1000, 0x1820, 0x0820, 0x0000, 
	0x0000, 0x0000, 0x0001, 0x0001, 0x0000, 0x0800, 0x1820, 0x1800, 0x0000, 0x0020, 0x0000, 0x0000, 0x0021, 0x0001, 0x1000, 0x1821, 
	0x1821, 0x0800, 0x0040, 0x0040, 0x0001, 0x0021, 0x0001, 0x0001, 0x2000, 0x2821, 0x0000, 0x0020, 0x0060, 0x0020, 0x0022, 0x0023, 
	0x0000, 0x0000, 0x0000, 0x0000, 0x0000, 0x0000, 0x0000, 0x0000, 0x0000, 0x0000, 0x0000, 0x0000, 0x0000, 0x0000, 0x0000, 0x0000, 
	0x0000, 0x0000, 0x0000, 0x0000, 0x0000, 0x0000, 0x0000, 0x0000, 0x0000, 0x0000, 0x0000, 0x0000, 0x0000, 0x0000, 0x0000, 0x0000, 
	0x0020, 0x0020, 0x0020, 0x0000, 0x0001, 0x0001, 0x0000, 0x0000, 0x0000, 0x0000, 0x0020, 0x0040, 0x0000, 0x0001, 0x0001, 0x0000, 
	0x0000, 0x0000, 0x0000, 0x0020, 0x0020, 0x0020, 0x0001, 0x0001, 0x0000, 0x0000, 0x0000, 0x0000, 0x0020, 0x0020, 0x0000, 0x0000, 
	0x0000, 0x0000, 0x2000, 0x2000, 0x0020, 0x0080, 0x0100, 0x00a0, 0x0026, 0x00a8, 0x0064, 0x0003, 0x0000, 0x0000, 0x0000, 0x0000, 
	0x0000, 0x0000, 0x0000, 0x0000, 0x0000, 0x0000, 0x0000, 0x0000, 0x0000, 0x0000, 0x0000, 0x0000, 0x0000, 0x0000, 0x0800, 0x0000, 
	0x0040, 0x0080, 0x0060, 0x0040, 0x0044, 0x0024, 0x0000, 0x0000, 0x0000, 0x0000, 0x0000, 0x0000, 0x0000, 0x0000, 0x0000, 0x0000, 
	0x0000, 0x0000, 0x0000, 0x0000, 0x0000, 0x0000, 0x0000, 0x0000, 0x0800, 0x0800, 0x0800, 0x0800, 0x0020, 0x0060, 0x0021, 0x0000, 
	0x0023, 0x0023, 0x0800, 0x0800, 0x0820, 0x0000, 0x0040, 0x0060, 0x0002, 0x0023, 0x0022, 0x0001, 0x1000, 0x1000, 0x0000, 0x0000, 
	0x0060, 0x0000, 0x0002, 0x0023, 0x0000, 0x0000, 0x1821, 0x0800, 0x0000, 0x0060, 0x0020, 0x0000, 0x0043, 0x0002, 0x0800, 0x1820, 
	0x0800, 0x0000, 0x0080, 0x0040, 0x0002, 0x0043, 0x0021, 0x0001, 0x0000, 0x0000, 0x0000, 0x0000, 0x0000, 0x0000, 0x0000, 0x0000, 
	0x0000, 0x0000, 0x0000, 0x0000, 0x0000, 0x0000, 0x0000, 0x0000, 0x0000, 0x0000, 0x0000, 0x0000, 0x0000, 0x0000, 0x0000, 0x0000, 
	0x0000, 0x0000, 0x0000, 0x0000, 0x0000, 0x0000, 0x0000, 0x0000, 0x0000, 0x0000, 0x0000, 0x0000, 0x0000, 0x0000, 0x0000, 0x0000, 
	0x0000, 0x0000, 0x0000, 0x0000, 0x0000, 0x0000, 0x0000, 0x0000, 0x0000, 0x0000, 0x0000, 0x0000, 0x0000, 0x0000, 0x0000, 0x0000, 
	0x0000, 0x0000, 0x0000, 0x0000, 0x0000, 0x0000, 0x0000, 0x0000, 0x0000, 0x0000, 0x0000, 0x0000, 0x0000, 0x0000, 0x0000, 0x0000, 
	0x0044, 0x0023, 0x1000, 0x2041, 0x0820, 0x0800, 0x0080, 0x0060, 0x0001, 0x0022, 0x0001, 0x0001, 0x2021, 0x1800, 0x0020, 0x00a0, 
	0x0060, 0x0020, 0x0043, 0x0023, 0x0800, 0x1821, 0x0820, 0x0800, 0x00e0, 0x00c0, 0x0001, 0x0063, 0x0843, 0x0002, 0x2821, 0x2800, 
	0x0060, 0x1162, 0x0962, 0x0080, 0x00a9, 0x00c9, 0x1000, 0x2042, 0x1820, 0x1000, 0x01a0, 0x09c0, 0x0044, 0x00c6, 0x08c8, 0x0025, 
	0x2801, 0x2800, 0x0060, 0x0941, 0x09a2, 0x00a0, 0x0067, 0x08c9, 0x0801, 0x1022, 0x1020, 0x0800, 0x0100, 0x0961, 0x0042, 0x0042, 
	0x1024, 0x0803, 0xb824, 0xb845, 0x0140, 0x3b23, 0x2e27, 0x03a0, 0x0176, 0x1abb, 0x114d, 0x0008, 0x0000, 0x0000, 0x0000, 0x0000, 
	0x0000, 0x0000, 0x0000, 0x0000, 0x1800, 0x2821, 0x0820, 0x0820, 0x0921, 0x00c0, 0x0023, 0x0084, 0x2001, 0x3043, 0x98a5, 0x7000, 
	0x0220, 0x2c84, 0x1327, 0x0181, 0x09f9, 0x01b8, 0x1002, 0x1843, 0x1020, 0x0800, 0x0100, 0x0100, 0x0002, 0x0063, 0x0043, 0x0002, 
	0x0000, 0x0000, 0x0000, 0x0000, 0x0000, 0x0000, 0x0000, 0x0000, 0x2800, 0x50a3, 0x5082, 0x3000, 0x02c0, 0x1362, 0x00c6, 0x0128, 
	0x1170, 0x004c, 0x6001, 0x6842, 0x0060, 0x1941, 0x1b23, 0x01c0, 0x008c, 0x1170, 0x08a7, 0x0004, 0x0000, 0x0000, 0x0000, 0x0000, 
	0x0000, 0x0000, 0x0000, 0x0000, 0x0000, 0x0800, 0x0000, 0x0000, 0x0000, 0x0000, 0x0000, 0x0000, 0x0000, 0x0000, 0x0800, 0x0000, 
	0x0000, 0x0000, 0x0000, 0x0000, 0x0000, 0x0000, 0x0000, 0x0800, 0x0800, 0x0800, 0x0000, 0x0000, 0x0000, 0x0000, 0x0000, 0x0000, 
	0x1000, 0x1800, 0x0000, 0x0000, 0x0000, 0x0000, 0x0000, 0x0000, 0x0000, 0x0000, 0x1000, 0x0800, 0x0000, 0x0000, 0x0000, 0x0000, 
	0x0000, 0x0000, 0x0800, 0x1020, 0x0800, 0x0000, 0x0000, 0x0000, 0x0000, 0x0000, 0x0000, 0x0000, 0x1000, 0x1000, 0x0000, 0x0000, 
	0x0000, 0x0000, 0x0001, 0x0001, 0x0000, 0x0000, 0x0820, 0x0000, 0x0020, 0x0020, 0x0000, 0x0000, 0x0001, 0x0000, 0x0800, 0x1000, 
	0x0000, 0x0000, 0x0040, 0x0020, 0x0001, 0x0021, 0x0000, 0x0000, 0x0820, 0x0800, 0x0000, 0x0020, 0x0020, 0x0000, 0x0001, 0x0001, 
	0x0065, 0x0045, 0x2000, 0x3041, 0x2041, 0x1000, 0x00c0, 0x00a0, 0x0002, 0x0043, 0x0822, 0x0002, 0x3021, 0x3000, 0x0040, 0x08c0, 
	0x00c1, 0x0020, 0x0065, 0x0065, 0x1800, 0x2022, 0x1841, 0x1000, 0x0120, 0x0100, 0x0003, 0x0084, 0x0865, 0x0003, 0x4801, 0x4001, 
	0x0080, 0x11a1, 0x09e2, 0x00c0, 0x00cb, 0x00eb, 0x2001, 0x3043, 0x3862, 0x2000, 0x0220, 0x0260, 0x0065, 0x00e7, 0x110a, 0x0027, 
	0x4001, 0x4801, 0x0080, 0x1181, 0x0a22, 0x0100, 0x00ab, 0x090c, 0x1002, 0x1822, 0x2841, 0x1800, 0x0180, 0x0a01, 0x0083, 0x0082, 
	0x1046, 0x1005, 0xe004, 0xf8a7, 0x21e0, 0x5363, 0x26c8, 0x0480, 0x01b8, 0x12fd, 0x11af, 0x0029, 0x0000, 0x0000, 0x0000, 0x0000, 
	0x0000, 0x0000, 0x0000, 0x0000, 0x3000, 0x4042, 0x1840, 0x1020, 0x09c1, 0x0140, 0x0004, 0x00a6, 0x2802, 0x4065, 0xe045, 0xd002, 
	0x02c0, 0x3544, 0x1429, 0x0201, 0x0a3d, 0x01fc, 0x2003, 0x3044, 0x2861, 0x1800, 0x0180, 0x0180, 0x0023, 0x00a6, 0x0886, 0x0004, 
	0x0000, 0x0000, 0x0000, 0x0000, 0x0000, 0x0000, 0x0000, 0x0000, 0x4000, 0x70a4, 0x90c3, 0x6800, 0x0380, 0x1461, 0x0169, 0x018a, 
	0x1995, 0x0070, 0x9800, 0xb063, 0x2900, 0x3980, 0x1423, 0x02a0, 0x00d1, 0x09d5, 0x08ea, 0x0006, 0x0820, 0x0800, 0x0000, 0x0000, 
	0x0000, 0x0000, 0x0000, 0x0000, 0x0800, 0x1020, 0x0800, 0x0000, 0x0000, 0x0000, 0x0000, 0x0000, 0x0000, 0x0000, 0x1000, 0x1000, 
	0x0000, 0x0000, 0x0000, 0x0000, 0x0000, 0x0000, 0x0800, 0x1821, 0x2841, 0x1800, 0x0000, 0x0000, 0x0000, 0x0000, 0x0000, 0x0000, 
	0x2800, 0x3042, 0x1020, 0x0800, 0x0000, 0x0000, 0x0000, 0x0000, 0x0800, 0x0800, 0x2821, 0x2000, 0x0000, 0x0000, 0x0000, 0x0000, 
	0x0000, 0x0000, 0x1800, 0x2842, 0x2021, 0x1000, 0x0000, 0x0000, 0x0000, 0x0000, 0x0000, 0x0000, 0x2001, 0x2821, 0x0800, 0x0000, 
	0x0000, 0x0000, 0x0022, 0x0042, 0x0800, 0x1021, 0x2821, 0x1800, 0x0040, 0x00a0, 0x0021, 0x0021, 0x0023, 0x0002, 0x1800, 0x2841, 
	0x1020, 0x0800, 0x00a0, 0x0060, 0x0023, 0x0064, 0x0002, 0x0001, 0x2821, 0x2800, 0x0020, 0x0040, 0x0040, 0x0000, 0x0023, 0x0023, 
	0x0066, 0x0045, 0x2000, 0x3042, 0x2041, 0x1000, 0x00a0, 0x00a0, 0x0002, 0x0043, 0x0822, 0x0002, 0x3001, 0x3001, 0x0040, 0x08c0, 
	0x00a1, 0x0040, 0x0065, 0x0065, 0x1800, 0x2822, 0x2041, 0x1000, 0x0100, 0x0100, 0x0003, 0x0085, 0x1086, 0x0004, 0x4801, 0x4801, 
	0x00a0, 0x11a1, 0x11c2, 0x00a0, 0x00cb, 0x00ec, 0x1801, 0x3043, 0x3861, 0x2000, 0x0220, 0x0260, 0x0064, 0x00e6, 0x110a, 0x0027, 
	0x4001, 0x4821, 0x0080, 0x1181, 0x0a42, 0x0100, 0x00ab, 0x090c, 0x1002, 0x1822, 0x2841, 0x1800, 0x0180, 0x0a01, 0x0082, 0x0082, 
	0x1026, 0x1005, 0xd804, 0xf887, 0x21c0, 0x5363, 0x26a9, 0x0460, 0x01b8, 0x12fd, 0x1190, 0x002a, 0x0000, 0x0000, 0x0000, 0x0000, 
	0x0000, 0x0000, 0x0000, 0x0000, 0x3000, 0x4042, 0x1840, 0x1020, 0x01a1, 0x0140, 0x0024, 0x00a6, 0x2802, 0x4045, 0xd844, 0xc802, 
	0x02c0, 0x3523, 0x1429, 0x0201, 0x0a3d, 0x01fc, 0x2003, 0x2824, 0x2861, 0x1800, 0x01a0, 0x0180, 0x0024, 0x00a5, 0x08a6, 0x0004, 
	0x0000, 0x0000, 0x0000, 0x0000, 0x0000, 0x0000, 0x0000, 0x0000, 0x4000, 0x68a3, 0x90a3, 0x6800, 0x0380, 0x1462, 0x0189, 0x018a, 
	0x1194, 0x0090, 0x9801, 0xb063, 0x3100, 0x4180, 0x0c23, 0x02c0, 0x00d1, 0x09b4, 0x10ea, 0x0006, 0x1000, 0x0800, 0x0000, 0x0000, 
	0x0000, 0x0000, 0x0000, 0x0000, 0x0800, 0x0820, 0x0800, 0x0000, 0x0000, 0x0000, 0x0000, 0x0000, 0x0000, 0x0000, 0x1800, 0x1800, 
	0x0000, 0x0000, 0x0000, 0x0000, 0x0000, 0x0000, 0x0800, 0x1821, 0x2821, 0x2000, 0x0000, 0x0000, 0x0000, 0x0000, 0x0000, 0x0000, 
	0x2800, 0x3821, 0x1020, 0x0800, 0x0000, 0x0000, 0x0000, 0x0000, 0x0800, 0x0800, 0x2821, 0x2800, 0x0000, 0x0000, 0x0000, 0x0000, 
	0x0000, 0x0000, 0x1800, 0x2821, 0x2021, 0x1000, 0x0000, 0x0000, 0x0000, 0x0000, 0x0000, 0x0000, 0x2800, 0x3021, 0x0800, 0x0000, 
	0x0000, 0x0000, 0x0022, 0x0023, 0x0800, 0x1021, 0x3021, 0x2000, 0x0040, 0x00a0, 0x0021, 0x0021, 0x0044, 0x0003, 0x2000, 0x2841, 
	0x1821, 0x0800, 0x00a0, 0x0080, 0x0003, 0x0064, 0x0002, 0x0001, 0x3000, 0x2800, 0x0020, 0x0060, 0x0061, 0x0020, 0x0024, 0x0044, 
	0x0066, 0x0046, 0x2000, 0x3042, 0x2041, 0x1000, 0x00c0, 0x00a0, 0x0001, 0x0042, 0x0822, 0x0002, 0x3001, 0x3001, 0x0040, 0x08c0, 
	0x00a1, 0x0020, 0x0065, 0x0065, 0x1800, 0x2842, 0x2041, 0x1000, 0x0120, 0x0120, 0x0023, 0x0084, 0x0865, 0x0004, 0x4801, 0x4001, 
	0x00a0, 0x11c1, 0x09e3, 0x00c0, 0x00cb, 0x00ec, 0x2001, 0x3043, 0x3861, 0x2000, 0x0220, 0x0260, 0x0065, 0x00e6, 0x10ea, 0x0027, 
	0x4001, 0x4821, 0x0080, 0x1181, 0x1222, 0x0100, 0x00aa, 0x090c, 0x1002, 0x1023, 0x2841, 0x1800, 0x0180, 0x0a21, 0x0082, 0x0082, 
	0x1026, 0x1006, 0xe004, 0xf887, 0x21c0, 0x5364, 0x26c9, 0x0460, 0x01b8, 0x12fd, 0x11b0, 0x002a, 0x0000, 0x0000, 0x0000, 0x0000, 
	0x0000, 0x0000, 0x0000, 0x0000, 0x3000, 0x4042, 0x1840, 0x1000, 0x01a1, 0x0120, 0x0024, 0x00a6, 0x2802, 0x4045, 0xe045, 0xc802, 
	0x02c0, 0x3544, 0x1429, 0x0201, 0x0a1c, 0x01db, 0x2003, 0x2824, 0x2861, 0x1800, 0x01a0, 0x01a0, 0x0023, 0x00a5, 0x08a6, 0x0003, 
	0x0000, 0x0000, 0x0000, 0x0000, 0x0000, 0x0000, 0x0000, 0x0000, 0x4000, 0x70a3, 0x90c4, 0x6800, 0x0380, 0x1461, 0x0189, 0x018a, 
	0x19b4, 0x0090, 0x9801, 0xb064, 0x2900, 0x3980, 0x1423, 0x02c0, 0x00d1, 0x09b5, 0x10ea, 0x0006, 0x0820, 0x0800, 0x0000, 0x0000, 
	0x0000, 0x0000, 0x0000, 0x0000, 0x0800, 0x0820, 0x0800, 0x0000, 0x0000, 0x0000, 0x0000, 0x0000, 0x0000, 0x0000, 0x1000, 0x1000, 
	0x0000, 0x0000, 0x0000, 0x0000, 0x0000, 0x0000, 0x1000, 0x1821, 0x2821, 0x2000, 0x0000, 0x0000, 0x0000, 0x0000, 0x0000, 0x0000, 
	0x2800, 0x3822, 0x1020, 0x0800, 0x0000, 0x0000, 0x0000, 0x0000, 0x0800, 0x0800, 0x2821, 0x2800, 0x0000, 0x0000, 0x0000, 0x0000, 
	0x0000, 0x0000, 0x1800, 0x2821, 0x2841, 0x1000, 0x0000, 0x0000, 0x0000, 0x0000, 0x0000, 0x0000, 0x2800, 0x3021, 0x0800, 0x0000, 
	0x0000, 0x0000, 0x0022, 0x0023, 0x0800, 0x1821, 0x3021, 0x2000, 0x0040, 0x00a0, 0x0021, 0x0021, 0x0044, 0x0003, 0x2000, 0x2841, 
	0x1820, 0x1000, 0x00c0, 0x0080, 0x0023, 0x0064, 0x0022, 0x0001, 0x3000, 0x3000, 0x0000, 0x0840, 0x0060, 0x0020, 0x0044, 0x0044, 
	0x0066, 0x0065, 0x2000, 0x3022, 0x2041, 0x1000, 0x00c0, 0x00a0, 0x0002, 0x0043, 0x0823, 0x0002, 0x3001, 0x3001, 0x0040, 0x08e0, 
	0x00a1, 0x0020, 0x0066, 0x0066, 0x1800, 0x2842, 0x2041, 0x1000, 0x0140, 0x0120, 0x0023, 0x0085, 0x0865, 0x0003, 0x4802, 0x4001, 
	0x00a0, 0x11c1, 0x09e2, 0x00c0, 0x00cb, 0x010c, 0x2001, 0x3043, 0x3861, 0x2800, 0x0240, 0x0260, 0x0084, 0x00e6, 0x10ea, 0x0027, 
	0x4001, 0x4822, 0x0080, 0x1981, 0x1242, 0x0100, 0x008a, 0x090c, 0x1002, 0x1023, 0x3041, 0x1800, 0x0180, 0x0a01, 0x0083, 0x0062, 
	0x1026, 0x1005, 0xd804, 0xf8a7, 0x21c0, 0x5364, 0x26c9, 0x0460, 0x01b8, 0x12fd, 0x11b0, 0x002a, 0x0000, 0x0000, 0x0000, 0x0000, 
	0x0000, 0x0000, 0x0000, 0x0000, 0x3000, 0x4042, 0x1840, 0x1020, 0x09a0, 0x0120, 0x0024, 0x00a6, 0x2802, 0x4065, 0xd865, 0xc803, 
	0x02c0, 0x3544, 0x1429, 0x0201, 0x0a1c, 0x01db, 0x2003, 0x2844, 0x2860, 0x1800, 0x01a0, 0x01a0, 0x0024, 0x00a6, 0x08a7, 0x0004, 
	0x0000, 0x0000, 0x0000, 0x0000, 0x0000, 0x0000, 0x0000, 0x0000, 0x4000, 0x70a4, 0x90c3, 0x6800, 0x0380, 0x1481, 0x0189, 0x018a, 
	0x11b5, 0x0090, 0xa000, 0xb863, 0x3100, 0x4180, 0x1423, 0x02c0, 0x00d1, 0x09b5, 0x08ea, 0x0006, 0x1000, 0x1000, 0x0000, 0x0000, 
	0x0000, 0x0000, 0x0000, 0x0000, 0x0800, 0x1000, 0x0800, 0x0000, 0x0000, 0x0000, 0x0000, 0x0000, 0x0000, 0x0000, 0x1000, 0x1000, 
	0x0000, 0x0000, 0x0000, 0x0000, 0x0000, 0x0000, 0x1000, 0x1821, 0x2841, 0x1800, 0x0000, 0x0000, 0x0000, 0x0000, 0x0000, 0x0000, 
	0x2800, 0x3842, 0x1020, 0x0800, 0x0000, 0x0000, 0x0000, 0x0000, 0x0000, 0x0800, 0x3021, 0x2800, 0x0000, 0x0000, 0x0000, 0x0000, 
	0x0000, 0x0000, 0x1800, 0x2821, 0x2021, 0x1000, 0x0000, 0x0000, 0x0000, 0x0000, 0x0000, 0x0000, 0x2800, 0x3021, 0x0800, 0x0000, 
	0x0020, 0x0000, 0x0022, 0x0023, 0x0800, 0x1021, 0x3021, 0x2000, 0x0040, 0x0080, 0x0021, 0x0021, 0x0064, 0x0003, 0x2000, 0x2841, 
	0x1820, 0x1000, 0x00c0, 0x0080, 0x0003, 0x0064, 0x0822, 0x0001, 0x3001, 0x3001, 0x0020, 0x0860, 0x0060, 0x0020, 0x0044, 0x0044, 
	0x0086, 0x0065, 0x2000, 0x3022, 0x2041, 0x1000, 0x00c0, 0x00a0, 0x0002, 0x0022, 0x0822, 0x0002, 0x3021, 0x3001, 0x0040, 0x08e1, 
	0x00c1, 0x0040, 0x0066, 0x0066, 0x1800, 0x2021, 0x1841, 0x1000, 0x0100, 0x0100, 0x0023, 0x00a5, 0x0886, 0x0004, 0x4821, 0x4001, 
	0x00a0, 0x11a1, 0x09c2, 0x00a0, 0x00cb, 0x00eb, 0x2001, 0x3043, 0x3861, 0x2000, 0x0220, 0x0260, 0x0065, 0x0107, 0x110b, 0x0027, 
	0x4001, 0x4821, 0x0080, 0x1181, 0x1242, 0x0100, 0x00ab, 0x090c, 0x1002, 0x1823, 0x2841, 0x1800, 0x0180, 0x09e1, 0x0083, 0x0083, 
	0x1846, 0x1005, 0xe004, 0xf8a7, 0x21c0, 0x5364, 0x26c9, 0x0460, 0x01d8, 0x131d, 0x11b0, 0x002a, 0x0000, 0x0000, 0x0000, 0x0000, 
	0x0000, 0x0000, 0x0000, 0x0000, 0x3000, 0x4042, 0x1860, 0x1020, 0x09a1, 0x0120, 0x0024, 0x00a6, 0x2801, 0x4065, 0xe065, 0xc802, 
	0x02c0, 0x3543, 0x1429, 0x0221, 0x0a3d, 0x01fc, 0x2003, 0x2824, 0x2861, 0x1800, 0x01a0, 0x01a0, 0x0023, 0x00a6, 0x08a6, 0x0004, 
	0x0000, 0x0000, 0x0000, 0x0000, 0x0000, 0x0000, 0x0020, 0x0020, 0x4000, 0x70a4, 0x90c3, 0x6800, 0x0380, 0x1461, 0x016a, 0x018a, 
	0x19b5, 0x0090, 0xa001, 0xb844, 0x2900, 0x3980, 0x1422, 0x02c0, 0x00d1, 0x09b5, 0x090a, 0x0006, 0x1000, 0x0800, 0x0000, 0x0000, 
	0x0000, 0x0000, 0x0000, 0x0000, 0x0800, 0x0820, 0x0820, 0x0000, 0x0000, 0x0000, 0x0000, 0x0000, 0x0000, 0x0000, 0x1000, 0x1000, 
	0x0000, 0x0000, 0x0000, 0x0000, 0x0000, 0x0000, 0x0800, 0x1821, 0x2821, 0x1800, 0x0000, 0x0000, 0x0000, 0x0000, 0x0000, 0x0000, 
	0x2800, 0x3841, 0x1020, 0x0800, 0x0000, 0x0000, 0x0000, 0x0000, 0x0000, 0x0800, 0x3021, 0x2800, 0x0000, 0x0000, 0x0000, 0x0000, 
	0x0000, 0x0000, 0x1800, 0x2841, 0x2041, 0x1000, 0x0000, 0x0000, 0x0000, 0x0000, 0x0000, 0x0000, 0x2800, 0x3021, 0x0800, 0x0000, 
	0x0020, 0x0000, 0x0023, 0x0023, 0x0800, 0x1821, 0x3041, 0x2000, 0x0040, 0x0080, 0x0021, 0x0021, 0x0064, 0x0003, 0x2000, 0x3021, 
	0x1821, 0x0800, 0x00a0, 0x0080, 0x0003, 0x0064, 0x0021, 0x0001, 0x3001, 0x3001, 0x0020, 0x0060, 0x0041, 0x0020, 0x0044, 0x0044, 
	0x0044, 0x0044, 0x1800, 0x2842, 0x1841, 0x1000, 0x00a0, 0x00a0, 0x0001, 0x0022, 0x0822, 0x0002, 0x3021, 0x2801, 0x0040, 0x08c1, 
	0x00a1, 0x0040, 0x0045, 0x0065, 0x1800, 0x2022, 0x2041, 0x1000, 0x0120, 0x0120, 0x0023, 0x0084, 0x1086, 0x0004, 0x4801, 0x4001, 
	0x0080, 0x1181, 0x09c2, 0x00c0, 0x00aa, 0x010b, 0x1801, 0x3044, 0x3861, 0x2000, 0x0220, 0x0260, 0x0084, 0x00e6, 0x110b, 0x0047, 
	0x4001, 0x4822, 0x0080, 0x1161, 0x1243, 0x0100, 0x008a, 0x090c, 0x1003, 0x1023, 0x3041, 0x2000, 0x0160, 0x0a01, 0x0083, 0x0082, 
	0x1047, 0x0826, 0xe004, 0xf8e8, 0x21e0, 0x5383, 0x2708, 0x0480, 0x01b9, 0x1b1e, 0x11d0, 0x0029, 0x0000, 0x0000, 0x0000, 0x0000, 
	0x0000, 0x0000, 0x0000, 0x0000, 0x3000, 0x4042, 0x1860, 0x1020, 0x09c1, 0x0160, 0x0024, 0x00a6, 0x2802, 0x4065, 0xe065, 0xc802, 
	0x02c0, 0x3564, 0x1449, 0x0221, 0x0a5d, 0x01fc, 0x2803, 0x3044, 0x3061, 0x2000, 0x01c0, 0x01c0, 0x0023, 0x00a5, 0x08c7, 0x0004, 
	0x0000, 0x0000, 0x0000, 0x0000, 0x0000, 0x0000, 0x0000, 0x0000, 0x4000, 0x70c4, 0x98c3, 0x7000, 0x03a0, 0x1482, 0x018a, 0x01ab, 
	0x11d6, 0x00b1, 0xa000, 0xb863, 0x2900, 0x3980, 0x1423, 0x02c0, 0x00f2, 0x11d5, 0x110b, 0x0007, 0x1000, 0x0800, 0x0000, 0x0000, 
	0x0000, 0x0000, 0x0000, 0x0000, 0x0800, 0x0820, 0x0800, 0x0000, 0x0000, 0x0000, 0x0000, 0x0000, 0x0000, 0x0000, 0x1800, 0x1800, 
	0x0000, 0x0000, 0x0000, 0x0000, 0x0000, 0x0000, 0x0800, 0x1821, 0x2821, 0x1800, 0x0000, 0x0000, 0x0000, 0x0000, 0x0000, 0x0000, 
	0x3000, 0x3842, 0x1820, 0x0800, 0x0000, 0x0000, 0x0000, 0x0000, 0x0000, 0x0800, 0x2821, 0x2800, 0x0000, 0x0000, 0x0000, 0x0000, 
	0x0000, 0x0000, 0x1800, 0x2841, 0x2021, 0x1800, 0x0000, 0x0000, 0x0000, 0x0000, 0x0000, 0x0000, 0x3000, 0x3001, 0x0000, 0x0000, 
	0x0040, 0x0020, 0x0022, 0x0043, 0x0800, 0x1021, 0x3041, 0x2800, 0x0040, 0x00a0, 0x0021, 0x0021, 0x0064, 0x0003, 0x2000, 0x3041, 
	0x1820, 0x1000, 0x00c0, 0x00a0, 0x0003, 0x0064, 0x0022, 0x0001, 0x3001, 0x3001, 0x0020, 0x0060, 0x0061, 0x0020, 0x0045, 0x0045, 
	0x0001, 0x0001, 0x0800, 0x0800, 0x1021, 0x0800, 0x0020, 0x0040, 0x0000, 0x0000, 0x0000, 0x0000, 0x1000, 0x1021, 0x0000, 0x0020, 
	0x0040, 0x0020, 0x0001, 0x0021, 0x0000, 0x0800, 0x1020, 0x0800, 0x0040, 0x0060, 0x0000, 0x0021, 0x0022, 0x0001, 0x1800, 0x2021, 
	0x0020, 0x0040, 0x08e1, 0x0060, 0x0022, 0x0064, 0x0800, 0x0801, 0x2821, 0x1800, 0x00a0, 0x0921, 0x0041, 0x0021, 0x0065, 0x0024, 
	0x1800, 0x2021, 0x0020, 0x0840, 0x0921, 0x00a0, 0x0003, 0x0064, 0x0001, 0x0001, 0x1820, 0x1000, 0x0060, 0x08e1, 0x0061, 0x0020, 
	0x0003, 0x0003, 0x7001, 0x98a5, 0x3921, 0x30c0, 0x1423, 0x0340, 0x008c, 0x09d1, 0x116d, 0x0007, 0x0000, 0x0000, 0x0000, 0x0000, 
	0x0000, 0x0000, 0x0000, 0x0000, 0x1000, 0x2021, 0x1841, 0x0800, 0x00c0, 0x00c0, 0x0000, 0x0021, 0x1001, 0x1821, 0x8802, 0x9844, 
	0x0100, 0x2241, 0x2366, 0x0140, 0x0111, 0x0993, 0x1022, 0x1022, 0x2841, 0x1800, 0x00a0, 0x0901, 0x0001, 0x0021, 0x0043, 0x0002, 
	0x0000, 0x0000, 0x0000, 0x0000, 0x0000, 0x0000, 0x0000, 0x0000, 0x2000, 0x3841, 0x78a4, 0x6000, 0x01c0, 0x1302, 0x0145, 0x00c3, 
	0x112f, 0x008d, 0x5800, 0x7883, 0x40a0, 0x3040, 0x0ac1, 0x0260, 0x0049, 0x092c, 0x08e8, 0x0005, 0x0000, 0x0000, 0x0000, 0x0000, 
	0x0000, 0x0000, 0x0000, 0x0000, 0x0000, 0x0000, 0x0000, 0x0000, 0x0000, 0x0000, 0x0000, 0x0000, 0x0000, 0x0000, 0x0800, 0x0800, 
	0x0000, 0x0000, 0x0000, 0x0000, 0x0000, 0x0000, 0x0800, 0x0800, 0x2021, 0x1800, 0x0000, 0x0000, 0x0000, 0x0000, 0x0000, 0x0000, 
	0x1800, 0x2021, 0x1020, 0x0800, 0x0000, 0x0000, 0x0000, 0x0000, 0x0000, 0x0000, 0x2000, 0x2000, 0x0000, 0x0000, 0x0000, 0x0000, 
	0x0000, 0x0000, 0x1000, 0x1821, 0x1841, 0x1000, 0x0000, 0x0000, 0x0000, 0x0000, 0x0000, 0x0000, 0x1800, 0x2021, 0x0820, 0x0000, 
	0x0020, 0x0000, 0x0001, 0x0021, 0x0000, 0x0800, 0x2021, 0x1800, 0x0020, 0x0060, 0x0020, 0x0000, 0x0022, 0x0001, 0x1000, 0x1821, 
	0x1020, 0x0800, 0x0080, 0x0060, 0x0001, 0x0022, 0x0021, 0x0001, 0x2000, 0x2021, 0x0000, 0x0020, 0x0060, 0x0000, 0x0022, 0x0022, 
	0x0000, 0x0000, 0x0000, 0x0000, 0x0000, 0x0000, 0x0000, 0x0000, 0x0000, 0x0000, 0x0000, 0x0000, 0x0000, 0x0000, 0x0000, 0x0000, 
	0x0000, 0x0000, 0x0000, 0x0000, 0x0000, 0x0000, 0x0000, 0x0000, 0x0000, 0x0000, 0x0000, 0x0000, 0x0000, 0x0000, 0x0000, 0x0000, 
	0x0000, 0x0000, 0x0000, 0x0000, 0x0000, 0x0000, 0x0000, 0x0000, 0x0000, 0x0000, 0x0000, 0x0000, 0x0000, 0x0000, 0x0000, 0x0000, 
	0x0000, 0x0000, 0x0000, 0x0000, 0x0000, 0x0000, 0x0000, 0x0000, 0x0000, 0x0000, 0x0000, 0x0000, 0x0000, 0x0000, 0x0000, 0x0000, 
	0x0000, 0x0000, 0x2000, 0x2000, 0x0820, 0x0820, 0x0100, 0x00c0, 0x0025, 0x0086, 0x0065, 0x0003, 0x0000, 0x0000, 0x0000, 0x0000, 
	0x0000, 0x0000, 0x0000, 0x0000, 0x0800, 0x0800, 0x0000, 0x0000, 0x0080, 0x0060, 0x0003, 0x0044, 0x0023, 0x0002, 0x0800, 0x1020, 
	0x0000, 0x0000, 0x0060, 0x0020, 0x0003, 0x0023, 0x0000, 0x0000, 0x0000, 0x0000, 0x0000, 0x0020, 0x0001, 0x0001, 0x0001, 0x0000, 
	0x0000, 0x0000, 0x0000, 0x0000, 0x0000, 0x0000, 0x0000, 0x0000, 0x0000, 0x0000, 0x1000, 0x1000, 0x0000, 0x0020, 0x0040, 0x0000, 
	0x0001, 0x0001, 0x0800, 0x0800, 0x0821, 0x0000, 0x0040, 0x0080, 0x0003, 0x0023, 0x0043, 0x0002, 0x0000, 0x0000, 0x0000, 0x0000, 
	0x0000, 0x0000, 0x0000, 0x0000, 0x0000, 0x0000, 0x0000, 0x0000, 0x0000, 0x0000, 0x0000, 0x0000, 0x0000, 0x0000, 0x0000, 0x0000, 
	0x0000, 0x0000, 0x0000, 0x0000, 0x0000, 0x0000, 0x0000, 0x0000, 0x0000, 0x0000, 0x0000, 0x0000, 0x0000, 0x0000, 0x0000, 0x0000, 
	0x0000, 0x0000, 0x0000, 0x0000, 0x0000, 0x0000, 0x0000, 0x0000, 0x0000, 0x0000, 0x0000, 0x0000, 0x0000, 0x0000, 0x0000, 0x0000, 
	0x0000, 0x0000, 0x0000, 0x0000, 0x0000, 0x0000, 0x0000, 0x0000, 0x0000, 0x0000, 0x0000, 0x0000, 0x0000, 0x0000, 0x0000, 0x0000, 
	0x0000, 0x0000, 0x0000, 0x0000, 0x0000, 0x0000, 0x0000, 0x0000, 0x0000, 0x0000, 0x0000, 0x0000, 0x0000, 0x0000, 0x0000, 0x0000, 
	0x0000, 0x0000, 0x0000, 0x0000, 0x0000, 0x0000, 0x0000, 0x0000, 0x0000, 0x0000, 0x0000, 0x0000, 0x0000, 0x0000, 0x0000, 0x0000, 
	0x0000, 0x0000, 0x1000, 0x1821, 0x0800, 0x0800, 0x0000, 0x0000, 0x0000, 0x0000, 0x0000, 0x0000, 0x2021, 0x1800, 0x0000, 0x0000, 
	0x0000, 0x0000, 0x0001, 0x0001, 0x0800, 0x1021, 0x0820, 0x0000, 0x0060, 0x0060, 0x0001, 0x0022, 0x0002, 0x0001, 0x2021, 0x1800, 
	0x0040, 0x00a0, 0x00a1, 0x0020, 0x0044, 0x0065, 0x0800, 0x1821, 0x1020, 0x0800, 0x00e0, 0x0100, 0x0022, 0x0063, 0x0864, 0x0003, 
	0x2001, 0x2000, 0x0020, 0x08c1, 0x0901, 0x0060, 0x0066, 0x00a7, 0x0801, 0x0821, 0x1020, 0x0800, 0x00c0, 0x0120, 0x0041, 0x0041, 
	0x1003, 0x1003, 0xa844, 0xa844, 0x0100, 0x3303, 0x2da6, 0x0340, 0x0175, 0x1aba, 0x190b, 0x0027, 0x1820, 0x1000, 0x00a0, 0x0900, 
	0x0061, 0x0020, 0x0824, 0x0003, 0x8002, 0xa0a6, 0x10a0, 0x31a1, 0x2584, 0x0400, 0x0111, 0x12b7, 0x294e, 0x084a, 0x6882, 0x4800, 
	0x0160, 0x1ae3, 0x09e5, 0x00e0, 0x0951, 0x00ef, 0x4000, 0x6084, 0x2840, 0x2020, 0x0b41, 0x0300, 0x0069, 0x096d, 0x114d, 0x0029, 
	0x0000, 0x0000, 0x0000, 0x0000, 0x0000, 0x0000, 0x0000, 0x0000, 0x0800, 0x1821, 0x1020, 0x0800, 0x00a0, 0x00e0, 0x0021, 0x0021, 
	0x0822, 0x0001, 0x8003, 0x8844, 0x00a0, 0x2a42, 0x24c5, 0x02e0, 0x0132, 0x1236, 0x110b, 0x0007, 0x0820, 0x0000, 0x0000, 0x0000, 
	0x0000, 0x0000, 0x0000, 0x0000, 0x0800, 0x0800, 0x0000, 0x0000, 0x0000, 0x0000, 0x0000, 0x0000, 0x0000, 0x0000, 0x0800, 0x0800, 
	0x0000, 0x0000, 0x0000, 0x0000, 0x0000, 0x0000, 0x0000, 0x0820, 0x0020, 0x0000, 0x0000, 0x0000, 0x0000, 0x0000, 0x0000, 0x0000, 
	0x0800, 0x0800, 0x0000, 0x0000, 0x0000, 0x0000, 0x0000, 0x0000, 0x0000, 0x0000, 0x0820, 0x0000, 0x0000, 0x0000, 0x0000, 0x0000, 
	0x0000, 0x0000, 0x0000, 0x0820, 0x0000, 0x0000, 0x0000, 0x0000, 0x0000, 0x0000, 0x0000, 0x0000, 0x0800, 0x0000, 0x0000, 0x0000, 
	0x0000, 0x0000, 0x0000, 0x0001, 0x0000, 0x0000, 0x0000, 0x0000, 0x0000, 0x0020, 0x0000, 0x0000, 0x0001, 0x0000, 0x0000, 0x0000, 
	0x0000, 0x0000, 0x0020, 0x0020, 0x0000, 0x0021, 0x0000, 0x0000, 0x0800, 0x0000, 0x0000, 0x0020, 0x0020, 0x0000, 0x0021, 0x0001, 
	0x0000, 0x0000, 0x2000, 0x2841, 0x2021, 0x1000, 0x0000, 0x0000, 0x0000, 0x0000, 0x0800, 0x0800, 0x3821, 0x3001, 0x0000, 0x0000, 
	0x0000, 0x0000, 0x0022, 0x0022, 0x1800, 0x2841, 0x2041, 0x1000, 0x00c0, 0x00a0, 0x0001, 0x0042, 0x0823, 0x0002, 0x3001, 0x3001, 
	0x0040, 0x08e0, 0x0901, 0x0060, 0x0066, 0x0087, 0x1800, 0x2842, 0x2841, 0x1800, 0x0160, 0x01a0, 0x0043, 0x00a5, 0x08a8, 0x0005, 
	0x3801, 0x4021, 0x0060, 0x1121, 0x09c2, 0x00c0, 0x0089, 0x00ea, 0x1002, 0x1822, 0x2841, 0x1800, 0x0140, 0x09c1, 0x0062, 0x0062, 
	0x1025, 0x1005, 0xe804, 0xf887, 0x19e0, 0x53a4, 0x26e8, 0x0460, 0x01d9, 0x135e, 0x216e, 0x002a, 0x4041, 0x2800, 0x00e0, 0x09a1, 
	0x00c2, 0x0061, 0x0866, 0x0005, 0xc002, 0xe8a7, 0x5180, 0x59e1, 0x1705, 0x05a0, 0x01b5, 0x135c, 0x3991, 0x188d, 0xb843, 0xa800, 
	0x0200, 0x2403, 0x0b07, 0x0181, 0x01b7, 0x0155, 0x7000, 0xa0a6, 0x7102, 0x5000, 0x04a0, 0x0460, 0x00cd, 0x09f1, 0x11b2, 0x004c, 
	0x0000, 0x0000, 0x0000, 0x0000, 0x0000, 0x0000, 0x0000, 0x0000, 0x1800, 0x2842, 0x3862, 0x2000, 0x0140, 0x01a0, 0x0062, 0x0062, 
	0x1025, 0x0003, 0xd804, 0xf0a7, 0x29a0, 0x5b23, 0x1f07, 0x04c0, 0x01d9, 0x133e, 0x19b0, 0x002a, 0x2020, 0x1800, 0x0000, 0x0000, 
	0x0000, 0x0000, 0x0000, 0x0000, 0x1000, 0x2021, 0x1020, 0x0800, 0x0000, 0x0000, 0x0000, 0x0000, 0x0000, 0x0000, 0x2020, 0x2000, 
	0x0000, 0x0000, 0x0000, 0x0000, 0x0000, 0x0000, 0x0800, 0x1821, 0x2021, 0x1800, 0x0000, 0x0000, 0x0000, 0x0000, 0x0000, 0x0000, 
	0x2000, 0x2821, 0x0800, 0x0800, 0x0000, 0x0000, 0x0000, 0x0000, 0x0800, 0x1000, 0x3021, 0x2800, 0x0000, 0x0000, 0x0000, 0x0000, 
	0x0000, 0x0000, 0x1000, 0x2021, 0x1821, 0x0800, 0x0000, 0x0000, 0x0000, 0x0000, 0x0000, 0x0000, 0x2821, 0x2800, 0x0000, 0x0000, 
	0x0040, 0x0000, 0x0022, 0x0022, 0x0800, 0x1021, 0x2841, 0x1800, 0x0040, 0x0080, 0x0021, 0x0001, 0x0043, 0x0002, 0x1800, 0x2041, 
	0x0820, 0x0800, 0x00a0, 0x0060, 0x0002, 0x0063, 0x0001, 0x0001, 0x3021, 0x2800, 0x0020, 0x0080, 0x0081, 0x0020, 0x0044, 0x0044, 
	0x0001, 0x0001, 0x2000, 0x2841, 0x2021, 0x1000, 0x0000, 0x0000, 0x0000, 0x0000, 0x0800, 0x0801, 0x3821, 0x3000, 0x0000, 0x0000, 
	0x0000, 0x0000, 0x0022, 0x0022, 0x1800, 0x2842, 0x2041, 0x1000, 0x00a0, 0x00a0, 0x0002, 0x0043, 0x0843, 0x0002, 0x3801, 0x3801, 
	0x0040, 0x08e1, 0x0901, 0x0060, 0x0066, 0x0087, 0x1800, 0x2842, 0x2841, 0x1800, 0x0160, 0x01a0, 0x0043, 0x00a5, 0x08c8, 0x0025, 
	0x4001, 0x4021, 0x0060, 0x1121, 0x11c2, 0x00a0, 0x0069, 0x08eb, 0x1002, 0x1022, 0x2841, 0x1800, 0x0140, 0x09c1, 0x0062, 0x0062, 
	0x1825, 0x1005, 0xe004, 0xf887, 0x19c0, 0x5384, 0x26c9, 0x0460, 0x01d8, 0x135e, 0x216e, 0x0029, 0x4021, 0x3000, 0x00e0, 0x09a1, 
	0x00c2, 0x0060, 0x0846, 0x0005, 0xc002, 0xe887, 0x5980, 0x61c1, 0x16e6, 0x0581, 0x0195, 0x135b, 0x39b2, 0x108d, 0xb842, 0xa800, 
	0x0200, 0x2be3, 0x0b07, 0x0181, 0x01b6, 0x0155, 0x6800, 0x98a6, 0x70e2, 0x5000, 0x04a0, 0x0460, 0x00cc, 0x09d1, 0x11b2, 0x004c, 
	0x0000, 0x0000, 0x0000, 0x0000, 0x0000, 0x0000, 0x0000, 0x0000, 0x1000, 0x2841, 0x3842, 0x2800, 0x0140, 0x09a0, 0x0062, 0x0062, 
	0x1025, 0x0804, 0xd804, 0xf087, 0x31a0, 0x5b23, 0x1ee8, 0x04c0, 0x01d8, 0x133d, 0x19b0, 0x002a, 0x2000, 0x1800, 0x0000, 0x0000, 
	0x0000, 0x0000, 0x0000, 0x0000, 0x1800, 0x2021, 0x1821, 0x0800, 0x0000, 0x0000, 0x0000, 0x0000, 0x0000, 0x0000, 0x2000, 0x2000, 
	0x0000, 0x0000, 0x0000, 0x0000, 0x0000, 0x0000, 0x1000, 0x1821, 0x2841, 0x2000, 0x0000, 0x0000, 0x0000, 0x0000, 0x0000, 0x0000, 
	0x2000, 0x2821, 0x1000, 0x0800, 0x0000, 0x0000, 0x0000, 0x0000, 0x0800, 0x1000, 0x3821, 0x3001, 0x0000, 0x0000, 0x0000, 0x0000, 
	0x0000, 0x0000, 0x1000, 0x2021, 0x2021, 0x1000, 0x0000, 0x0000, 0x0000, 0x0000, 0x0000, 0x0000, 0x3000, 0x3021, 0x0000, 0x0000, 
	0x0040, 0x0000, 0x0023, 0x0043, 0x0800, 0x1021, 0x3021, 0x2000, 0x0060, 0x00a0, 0x0021, 0x0021, 0x0043, 0x0002, 0x2000, 0x2841, 
	0x1020, 0x0800, 0x00e0, 0x00a0, 0x0003, 0x0064, 0x0001, 0x0001, 0x3801, 0x3801, 0x0020, 0x08a0, 0x0081, 0x0020, 0x0045, 0x0045, 
	0x0001, 0x0001, 0x2000, 0x3042, 0x2041, 0x1000, 0x0000, 0x0000, 0x0000, 0x0000, 0x0800, 0x0801, 0x3821, 0x3001, 0x0000, 0x0000, 
	0x0000, 0x0000, 0x0022, 0x0022, 0x1800, 0x2822, 0x2041, 0x1000, 0x00a0, 0x0080, 0x0002, 0x0043, 0x0844, 0x0002, 0x3801, 0x3801, 
	0x0040, 0x08e0, 0x0901, 0x0060, 0x0067, 0x0087, 0x1800, 0x2842, 0x3041, 0x1800, 0x0160, 0x01a0, 0x0043, 0x00a5, 0x08c8, 0x0025, 
	0x4001, 0x4001, 0x0060, 0x1121, 0x09c2, 0x00c0, 0x0089, 0x090b, 0x1002, 0x1823, 0x2841, 0x1800, 0x0160, 0x01c0, 0x0063, 0x0063, 
	0x1826, 0x1006, 0xe004, 0xf887, 0x19c0, 0x5383, 0x26c9, 0x0460, 0x01f9, 0x135e, 0x216e, 0x0029, 0x3821, 0x3000, 0x00e0, 0x09a1, 
	0x00c2, 0x0061, 0x0846, 0x0005, 0xc003, 0xe8a7, 0x5960, 0x61c1, 0x16e6, 0x0580, 0x0195, 0x135b, 0x3991, 0x186d, 0xb842, 0xa800, 
	0x0200, 0x2be3, 0x0b06, 0x0180, 0x01b7, 0x0155, 0x6800, 0x98a6, 0x70e2, 0x5000, 0x04a0, 0x0460, 0x00cc, 0x09d0, 0x11b2, 0x004c, 
	0x0000, 0x0000, 0x0000, 0x0000, 0x0000, 0x0000, 0x0000, 0x0000, 0x1800, 0x2841, 0x3862, 0x2800, 0x0140, 0x09c1, 0x0062, 0x0062, 
	0x0845, 0x0004, 0xd804, 0xf087, 0x29a0, 0x5b23, 0x1ec8, 0x04c0, 0x01d8, 0x133d, 0x19b0, 0x002a, 0x1820, 0x1800, 0x0000, 0x0000, 
	0x0000, 0x0000, 0x0000, 0x0000, 0x1800, 0x2021, 0x1821, 0x0800, 0x0000, 0x0000, 0x0000, 0x0000, 0x0000, 0x0000, 0x2800, 0x2800, 
	0x0000, 0x0000, 0x0000, 0x0000, 0x0000, 0x0000, 0x1000, 0x1821, 0x2841, 0x2000, 0x0000, 0x0000, 0x0000, 0x0000, 0x0000, 0x0000, 
	0x2000, 0x3021, 0x1000, 0x0800, 0x0000, 0x0000, 0x0000, 0x0000, 0x0800, 0x1000, 0x3821, 0x3001, 0x0000, 0x0000, 0x0000, 0x0000, 
	0x0000, 0x0000, 0x1800, 0x2041, 0x2021, 0x1000, 0x0000, 0x0000, 0x0000, 0x0000, 0x0000, 0x0000, 0x3000, 0x3021, 0x0000, 0x0020, 
	0x0060, 0x0020, 0x0023, 0x0043, 0x0800, 0x1021, 0x3021, 0x2000, 0x0060, 0x00a0, 0x0021, 0x0021, 0x0043, 0x0002, 0x2000, 0x3041, 
	0x1820, 0x0800, 0x00c0, 0x00a0, 0x0003, 0x0064, 0x0802, 0x0001, 0x3801, 0x3801, 0x0020, 0x08a0, 0x0081, 0x0040, 0x0066, 0x0066, 
	0x0001, 0x0001, 0x2000, 0x3042, 0x2021, 0x1000, 0x0000, 0x0000, 0x0000, 0x0001, 0x0800, 0x0801, 0x3821, 0x3001, 0x0000, 0x0000, 
	0x0020, 0x0000, 0x0001, 0x0002, 0x1000, 0x2041, 0x1841, 0x0800, 0x0080, 0x0080, 0x0002, 0x0043, 0x0844, 0x0003, 0x3801, 0x3801, 
	0x0040, 0x08e1, 0x0101, 0x0060, 0x0067, 0x0087, 0x1000, 0x2042, 0x3041, 0x1800, 0x0160, 0x01a0, 0x0043, 0x00a4, 0x08c8, 0x0005, 
	0x4001, 0x4021, 0x0080, 0x1140, 0x09c2, 0x00c0, 0x0069, 0x08ca, 0x1001, 0x1822, 0x3041, 0x1800, 0x0140, 0x09c1, 0x0062, 0x0062, 
	0x1025, 0x1005, 0xe004, 0xf8a7, 0x19c0, 0x5384, 0x26e9, 0x0460, 0x01f9, 0x135e, 0x216e, 0x0029, 0x4021, 0x3000, 0x00e0, 0x09a1, 
	0x00c2, 0x0061, 0x0846, 0x0005, 0xc002, 0xe8a7, 0x5960, 0x61c1, 0x16e6, 0x0561, 0x0195, 0x135b, 0x39b2, 0x108d, 0xb842, 0xa800, 
	0x0220, 0x2403, 0x0b07, 0x0181, 0x0197, 0x0155, 0x6800, 0x98a6, 0x7102, 0x5000, 0x04a1, 0x0460, 0x00cd, 0x09d1, 0x11b2, 0x004d, 
	0x0000, 0x0000, 0x0000, 0x0000, 0x0000, 0x0000, 0x0000, 0x0000, 0x1800, 0x2842, 0x4062, 0x2800, 0x0160, 0x01c0, 0x0062, 0x0062, 
	0x1025, 0x0804, 0xd804, 0xf087, 0x29a0, 0x5b23, 0x1ec8, 0x04c0, 0x01d8, 0x133d, 0x19b0, 0x002a, 0x1800, 0x1800, 0x0000, 0x0000, 
	0x0000, 0x0000, 0x0000, 0x0000, 0x1800, 0x2021, 0x1821, 0x0800, 0x0000, 0x0000, 0x0000, 0x0000, 0x0000, 0x0000, 0x2800, 0x2800, 
	0x0000, 0x0000, 0x0000, 0x0000, 0x0000, 0x0000, 0x1000, 0x2021, 0x3042, 0x2000, 0x0000, 0x0000, 0x0000, 0x0000, 0x0000, 0x0000, 
	0x2800, 0x3021, 0x1021, 0x0800, 0x0000, 0x0000, 0x0000, 0x0000, 0x0800, 0x1000, 0x3822, 0x3001, 0x0000, 0x0000, 0x0000, 0x0000, 
	0x0000, 0x0000, 0x1800, 0x2821, 0x2041, 0x1000, 0x0000, 0x0000, 0x0000, 0x0000, 0x0000, 0x0000, 0x3000, 0x3001, 0x0000, 0x0000, 
	0x0060, 0x0020, 0x0023, 0x0043, 0x0800, 0x1021, 0x3021, 0x2000, 0x0060, 0x00a0, 0x0021, 0x0021, 0x0044, 0x0003, 0x2000, 0x3021, 
	0x1820, 0x0800, 0x00c0, 0x00a0, 0x0003, 0x0064, 0x0802, 0x0001, 0x3801, 0x3801, 0x0020, 0x0880, 0x0081, 0x0020, 0x0066, 0x0066, 
	0x0001, 0x0001, 0x2000, 0x3042, 0x2021, 0x1000, 0x0000, 0x0000, 0x0000, 0x0001, 0x0801, 0x0801, 0x3821, 0x3000, 0x0000, 0x0020, 
	0x0020, 0x0000, 0x0001, 0x0002, 0x1800, 0x2021, 0x1821, 0x1000, 0x00a0, 0x00a0, 0x0002, 0x0043, 0x0843, 0x0002, 0x3801, 0x3801, 
	0x0040, 0x08e0, 0x0901, 0x0060, 0x0087, 0x00a8, 0x1800, 0x2822, 0x3041, 0x1800, 0x0160, 0x01a0, 0x0044, 0x00a5, 0x08a8, 0x0005, 
	0x4001, 0x4001, 0x0060, 0x1121, 0x09a2, 0x00c0, 0x0088, 0x08ea, 0x1001, 0x1822, 0x3041, 0x1800, 0x0140, 0x01a1, 0x0063, 0x0063, 
	0x1826, 0x1005, 0xe004, 0xf8a7, 0x19e0, 0x5384, 0x26c9, 0x0460, 0x01f8, 0x133e, 0x216e, 0x0029, 0x3821, 0x3000, 0x00e0, 0x0981, 
	0x00a2, 0x0061, 0x0867, 0x0005, 0xc003, 0xe8a7, 0x5960, 0x61c1, 0x16c6, 0x0561, 0x01b5, 0x133b, 0x3991, 0x188d, 0xb822, 0xa800, 
	0x0220, 0x23e3, 0x0b07, 0x0181, 0x01b7, 0x0155, 0x6800, 0x98a6, 0x70e2, 0x5000, 0x04a0, 0x0460, 0x00cd, 0x09d1, 0x11b2, 0x006d, 
	0x0000, 0x0000, 0x0000, 0x0000, 0x0000, 0x0000, 0x0000, 0x0000, 0x1800, 0x2842, 0x3862, 0x2800, 0x0140, 0x09c0, 0x0082, 0x0062, 
	0x1046, 0x0805, 0xd803, 0xf087, 0x29a0, 0x5b23, 0x1ee8, 0x04c0, 0x01d8, 0x133d, 0x19b0, 0x002a, 0x2000, 0x1800, 0x0000, 0x0000, 
	0x0000, 0x0000, 0x0000, 0x0000, 0x1800, 0x2821, 0x1821, 0x0800, 0x0000, 0x0000, 0x0000, 0x0000, 0x0000, 0x0000, 0x2800, 0x2800, 
	0x0000, 0x0000, 0x0000, 0x0000, 0x0000, 0x0000, 0x1000, 0x2021, 0x3022, 0x2000, 0x0000, 0x0000, 0x0000, 0x0000, 0x0000, 0x0000, 
	0x2800, 0x3021, 0x1021, 0x0800, 0x0000, 0x0000, 0x0000, 0x0000, 0x0800, 0x1000, 0x3821, 0x3001, 0x0000, 0x0000, 0x0000, 0x0000, 
	0x0000, 0x0000, 0x1800, 0x2821, 0x2041, 0x1000, 0x0000, 0x0000, 0x0000, 0x0000, 0x0000, 0x0000, 0x3000, 0x3001, 0x0000, 0x0000, 
	0x0040, 0x0000, 0x0023, 0x0043, 0x0800, 0x1021, 0x3041, 0x2000, 0x0080, 0x00c0, 0x0041, 0x0021, 0x0044, 0x0003, 0x2000, 0x3041, 
	0x1820, 0x1000, 0x00c0, 0x00a0, 0x0003, 0x0065, 0x0802, 0x0002, 0x3801, 0x3801, 0x0020, 0x0880, 0x0081, 0x0040, 0x0066, 0x0045, 
	0x0001, 0x0001, 0x2000, 0x2841, 0x2021, 0x1000, 0x0000, 0x0000, 0x0000, 0x0000, 0x0000, 0x0801, 0x3822, 0x3001, 0x0000, 0x0000, 
	0x0020, 0x0000, 0x0001, 0x0002, 0x1800, 0x2021, 0x2041, 0x1000, 0x00a0, 0x00c0, 0x0001, 0x0042, 0x0843, 0x0002, 0x3001, 0x3001, 
	0x0040, 0x08e1, 0x0922, 0x0060, 0x0087, 0x00a8, 0x1800, 0x2842, 0x3041, 0x1800, 0x0160, 0x01a0, 0x0043, 0x00a5, 0x08e8, 0x0025, 
	0x3801, 0x4021, 0x0060, 0x1121, 0x11c2, 0x00c0, 0x0089, 0x010b, 0x1002, 0x1823, 0x3041, 0x2000, 0x0140, 0x09e1, 0x0063, 0x0063, 
	0x1826, 0x1006, 0xe804, 0xf8a7, 0x19e0, 0x53c3, 0x2709, 0x0480, 0x01f9, 0x135e, 0x216f, 0x002a, 0x4021, 0x3000, 0x00e0, 0x09a1, 
	0x00c2, 0x0060, 0x0846, 0x0005, 0xc803, 0xe8a8, 0x5180, 0x61e1, 0x1f06, 0x0580, 0x01b5, 0x137c, 0x3992, 0x188d, 0xb843, 0xa800, 
	0x0220, 0x2403, 0x0b07, 0x0181, 0x09b8, 0x0156, 0x6801, 0x98c7, 0x70e1, 0x5000, 0x04c1, 0x0460, 0x00cc, 0x09f1, 0x11b2, 0x004d, 
	0x0000, 0x0000, 0x0000, 0x0000, 0x0000, 0x0000, 0x0000, 0x0000, 0x1800, 0x2841, 0x3862, 0x2800, 0x0140, 0x09c1, 0x0082, 0x0083, 
	0x1046, 0x0004, 0xd804, 0xf087, 0x29a0, 0x6344, 0x1ee8, 0x04c0, 0x01f8, 0x1b5e, 0x19b0, 0x002a, 0x2020, 0x1800, 0x0000, 0x0000, 
	0x0000, 0x0000, 0x0001, 0x0000, 0x1800, 0x2021, 0x1821, 0x0800, 0x0000, 0x0000, 0x0000, 0x0000, 0x0000, 0x0000, 0x2000, 0x2000, 
	0x0000, 0x0000, 0x0000, 0x0000, 0x0000, 0x0000, 0x1000, 0x2041, 0x3042, 0x2000, 0x0000, 0x0000, 0x0000, 0x0000, 0x0000, 0x0000, 
	0x2800, 0x3021, 0x1021, 0x0800, 0x0000, 0x0000, 0x0000, 0x0000, 0x0000, 0x1020, 0x3822, 0x3000, 0x0000, 0x0000, 0x0000, 0x0000, 
	0x0000, 0x0000, 0x1800, 0x2041, 0x2021, 0x1000, 0x0000, 0x0000, 0x0000, 0x0001, 0x0000, 0x0000, 0x2800, 0x3021, 0x0000, 0x0000, 
	0x0040, 0x0000, 0x0022, 0x0023, 0x0800, 0x1821, 0x3041, 0x2000, 0x0060, 0x08e1, 0x0041, 0x0021, 0x0064, 0x0002, 0x2000, 0x2841, 
	0x1820, 0x1000, 0x00e0, 0x0080, 0x0023, 0x0085, 0x0002, 0x0002, 0x3821, 0x3801, 0x0020, 0x0080, 0x0081, 0x0020, 0x0066, 0x0046, 
	0x0000, 0x0000, 0x0800, 0x1000, 0x1021, 0x0800, 0x0000, 0x0000, 0x0000, 0x0000, 0x0000, 0x0000, 0x1800, 0x1821, 0x0000, 0x0000, 
	0x0000, 0x0000, 0x0000, 0x0000, 0x0000, 0x0800, 0x1021, 0x0800, 0x0020, 0x0040, 0x0000, 0x0000, 0x0001, 0x0001, 0x1800, 0x1821, 
	0x0000, 0x0820, 0x0080, 0x0040, 0x0002, 0x0043, 0x0800, 0x0801, 0x2021, 0x1000, 0x0080, 0x00c1, 0x0020, 0x0020, 0x0063, 0x0022, 
	0x1800, 0x2821, 0x0820, 0x0820, 0x0901, 0x0080, 0x0003, 0x0065, 0x0801, 0x0801, 0x2021, 0x1000, 0x0080, 0x08e1, 0x0041, 0x0020, 
	0x0003, 0x0003, 0x8801, 0xb0c6, 0x3940, 0x3920, 0x14e4, 0x03a0, 0x00cf, 0x1214, 0x194d, 0x0008, 0x2820, 0x2800, 0x0060, 0x08e1, 
	0x00a1, 0x0020, 0x0022, 0x0002, 0x7800, 0xa0a5, 0x6942, 0x4860, 0x0cc1, 0x04a0, 0x00ee, 0x0a33, 0x29b1, 0x004c, 0x8801, 0x8822, 
	0x0100, 0x1a21, 0x12a5, 0x0100, 0x0110, 0x0130, 0x4000, 0x6064, 0x70e3, 0x4800, 0x02e0, 0x0ba2, 0x00a8, 0x012a, 0x116f, 0x004b, 
	0x0000, 0x0000, 0x0000, 0x0000, 0x0000, 0x0000, 0x0000, 0x0000, 0x1000, 0x1821, 0x3042, 0x2800, 0x00a0, 0x0941, 0x0082, 0x0041, 
	0x0844, 0x0003, 0xa002, 0xc8a6, 0x4140, 0x4160, 0x15c4, 0x0460, 0x0132, 0x1297, 0x19af, 0x0029, 0x1800, 0x1800, 0x0000, 0x0000, 
	0x0000, 0x0000, 0x0000, 0x0000, 0x1000, 0x1820, 0x1821, 0x0800, 0x0000, 0x0000, 0x0000, 0x0000, 0x0000, 0x0000, 0x1800, 0x2000, 
	0x0000, 0x0000, 0x0000, 0x0000, 0x0000, 0x0000, 0x0800, 0x1020, 0x2821, 0x1800, 0x0000, 0x0000, 0x0000, 0x0000, 0x0000, 0x0000, 
	0x1800, 0x2821, 0x1020, 0x0800, 0x0000, 0x0000, 0x0000, 0x0000, 0x0800, 0x0800, 0x3001, 0x3001, 0x0000, 0x0000, 0x0000, 0x0000, 
	0x0000, 0x0000, 0x1000, 0x1821, 0x2041, 0x1000, 0x0000, 0x0000, 0x0000, 0x0000, 0x0000, 0x0000, 0x2000, 0x2821, 0x0800, 0x0000, 
	0x0060, 0x0020, 0x0002, 0x0022, 0x0800, 0x1000, 0x2821, 0x2000, 0x0040, 0x00a0, 0x0021, 0x0020, 0x0022, 0x0002, 0x1800, 0x2821, 
	0x1040, 0x0800, 0x00a0, 0x00a0, 0x0002, 0x0064, 0x0021, 0x0001, 0x3001, 0x3001, 0x0020, 0x0880, 0x0081, 0x0020, 0x0024, 0x0044, 
	0x0000, 0x0000, 0x0000, 0x0000, 0x0000, 0x0000, 0x0000, 0x0000, 0x0000, 0x0000, 0x0000, 0x0000, 0x0000, 0x0000, 0x0000, 0x0000, 
	0x0000, 0x0000, 0x0000, 0x0000, 0x0000, 0x0000, 0x0000, 0x0000, 0x0000, 0x0000, 0x0000, 0x0000, 0x0000, 0x0000, 0x0000, 0x0000, 
	0x0000, 0x0000, 0x0000, 0x0000, 0x0000, 0x0000, 0x0000, 0x0000, 0x0000, 0x0000, 0x0000, 0x0000, 0x0000, 0x0000, 0x0000, 0x0000, 
	0x0000, 0x0000, 0x0000, 0x0000, 0x0000, 0x0000, 0x0000, 0x0000, 0x0000, 0x0000, 0x0000, 0x0000, 0x0000, 0x0000, 0x0000, 0x0000, 
	0x0000, 0x0000, 0x1800, 0x2000, 0x1040, 0x0000, 0x00a0, 0x00c0, 0x0005, 0x0066, 0x0044, 0x0002, 0x0000, 0x0800, 0x0020, 0x0020, 
	0x0021, 0x0021, 0x0023, 0x0003, 0x0800, 0x1000, 0x1841, 0x0800, 0x0080, 0x00e0, 0x0002, 0x0043, 0x0885, 0x0003, 0x0800, 0x1020, 
	0x0000, 0x0000, 0x0880, 0x0020, 0x0001, 0x0022, 0x0000, 0x0000, 0x1821, 0x0800, 0x0000, 0x0080, 0x0022, 0x0001, 0x0045, 0x0004, 
	0x0000, 0x0000, 0x0000, 0x0000, 0x0000, 0x0000, 0x0000, 0x0000, 0x0000, 0x0000, 0x0020, 0x0000, 0x0000, 0x0000, 0x0020, 0x0000, 
	0x0000, 0x0000, 0x1000, 0x2021, 0x2041, 0x0800, 0x00c0, 0x0100, 0x0003, 0x0064, 0x0085, 0x0003, 0x0000, 0x0020, 0x0000, 0x0000, 
	0x0000, 0x0000, 0x0000, 0x0000, 0x0000, 0x0000, 0x0000, 0x0000, 0x0000, 0x0000, 0x0000, 0x0000, 0x0000, 0x0000, 0x0000, 0x0000, 
	0x0000, 0x0000, 0x0000, 0x0000, 0x0000, 0x0000, 0x0000, 0x0000, 0x0000, 0x0000, 0x0000, 0x0000, 0x0000, 0x0000, 0x0000, 0x0000, 
	0x0000, 0x0000, 0x0000, 0x0000, 0x0000, 0x0000, 0x0000, 0x0000, 0x0000, 0x0000, 0x0800, 0x0820, 0x0000, 0x0000, 0x0000, 0x0000, 
	0x0000, 0x0000, 0x0000, 0x0000, 0x0800, 0x0000, 0x0000, 0x0000, 0x0000, 0x0000, 0x0000, 0x0000, 0x0000, 0x0020, 0x0000, 0x0000, 
	0x0000, 0x0000, 0x0000, 0x0000, 0x0000, 0x0000, 0x0000, 0x0800, 0x0000, 0x0000, 0x0000, 0x0000, 0x0000, 0x0000, 0x0000, 0x0000, 
	0x0820, 0x0000, 0x0000, 0x0020, 0x0000, 0x0000, 0x0000, 0x0000, 0x0800, 0x1020, 0x0000, 0x0000, 0x0020, 0x0000, 0x0000, 0x0000, 
	0x0000, 0x0000, 0x1000, 0x1821, 0x0800, 0x0000, 0x0000, 0x0000, 0x0000, 0x0000, 0x0000, 0x0000, 0x1821, 0x1000, 0x0000, 0x0000, 
	0x0000, 0x0000, 0x0001, 0x0001, 0x1000, 0x1821, 0x0800, 0x0800, 0x0040, 0x0040, 0x0000, 0x0021, 0x0001, 0x0001, 0x1821, 0x1000, 
	0x0000, 0x0060, 0x0060, 0x0020, 0x0022, 0x0023, 0x0800, 0x1021, 0x1000, 0x0800, 0x0080, 0x00a0, 0x0001, 0x0021, 0x0042, 0x0001, 
	0x1800, 0x1800, 0x0020, 0x0880, 0x08a1, 0x0040, 0x0023, 0x0063, 0x0000, 0x0821, 0x1000, 0x0800, 0x0060, 0x0080, 0x0021, 0x0021, 
	0x0802, 0x0802, 0x8844, 0x8823, 0x00e0, 0x2ac3, 0x24e6, 0x02c0, 0x0153, 0x1278, 0x3028, 0x408a, 0x70c3, 0x4800, 0x0320, 0x2ce4, 
	0x0229, 0x01a6, 0x1a58, 0x0154, 0x0000, 0x0000, 0x0000, 0x0000, 0x0020, 0x0000, 0x0001, 0x0001, 0x0000, 0x0000, 0x0000, 0x0000, 
	0x0000, 0x0000, 0x0000, 0x0000, 0x0000, 0x0000, 0x5000, 0x78c5, 0x2860, 0x2040, 0x14a2, 0x0420, 0x00cb, 0x1231, 0x19d1, 0x006b, 
	0x1800, 0x1000, 0x0020, 0x0080, 0x00a1, 0x0020, 0x0023, 0x0043, 0x0000, 0x0000, 0x0000, 0x0000, 0x0000, 0x0000, 0x0000, 0x0000, 
	0x0000, 0x0000, 0x4001, 0x4001, 0x0040, 0x1121, 0x1262, 0x0140, 0x008b, 0x092d, 0x1024, 0x1024, 0x3841, 0x2000, 0x0120, 0x1222, 
	0x0124, 0x00a2, 0x090d, 0x00ab, 0x0000, 0x0800, 0x0000, 0x0000, 0x0000, 0x0000, 0x0000, 0x0000, 0x0000, 0x0000, 0x0800, 0x0000, 
	0x0000, 0x0000, 0x0000, 0x0000, 0x0000, 0x0000, 0x0000, 0x0800, 0x0000, 0x0000, 0x0000, 0x0000, 0x0000, 0x0000, 0x0000, 0x0000, 
	0x0800, 0x0800, 0x0000, 0x0000, 0x0000, 0x0000, 0x0000, 0x0000, 0x0000, 0x0000, 0x0800, 0x0000, 0x0000, 0x0000, 0x0000, 0x0000, 
	0x0000, 0x0000, 0x0000, 0x0000, 0x0000, 0x0000, 0x0000, 0x0000, 0x0000, 0x0000, 0x0000, 0x0000, 0x0000, 0x0000, 0x0000, 0x0000, 
	0x0000, 0x0000, 0x0000, 0x0001, 0x0000, 0x0000, 0x0000, 0x0000, 0x0000, 0x0000, 0x0000, 0x0000, 0x0001, 0x0000, 0x0000, 0x0000, 
	0x0000, 0x0000, 0x0000, 0x0000, 0x0000, 0x0000, 0x0000, 0x0000, 0x0000, 0x0000, 0x0000, 0x0000, 0x0000, 0x0000, 0x0000, 0x0000, 
	0x0000, 0x0000, 0x1800, 0x2841, 0x1821, 0x0800, 0x0000, 0x0000, 0x0000, 0x0000, 0x0000, 0x0800, 0x3021, 0x3001, 0x0000, 0x0000, 
	0x0000, 0x0000, 0x0001, 0x0001, 0x2000, 0x3042, 0x2041, 0x1000, 0x0080, 0x0080, 0x0001, 0x0022, 0x0822, 0x0002, 0x3001, 0x3001, 
	0x0040, 0x08a0, 0x08c1, 0x0040, 0x0045, 0x0065, 0x1000, 0x2842, 0x2841, 0x1800, 0x0100, 0x0120, 0x0022, 0x0063, 0x0865, 0x0003, 
	0x3801, 0x3801, 0x0040, 0x08c1, 0x0941, 0x0080, 0x0046, 0x0087, 0x0801, 0x1022, 0x2041, 0x1000, 0x00c0, 0x0921, 0x0041, 0x0041, 
	0x1003, 0x1003, 0xe805, 0xf888, 0x11e0, 0x53e4, 0x2708, 0x0460, 0x01fa, 0x0b3f, 0x584b, 0x68ee, 0xe967, 0xa800, 0x04e0, 0x2f05, 
	0x038d, 0x0289, 0x1b1f, 0x01fb, 0x0801, 0x0822, 0x0000, 0x0000, 0x0060, 0x0040, 0x0001, 0x0022, 0x0001, 0x0000, 0x1000, 0x0800, 
	0x0020, 0x0060, 0x0020, 0x0000, 0x0002, 0x0002, 0x9800, 0xd8e8, 0x8163, 0x6040, 0x0f24, 0x06a2, 0x01b1, 0x0b58, 0x22b9, 0x00d1, 
	0x4001, 0x4001, 0x0060, 0x0921, 0x0982, 0x0080, 0x0067, 0x00a8, 0x0001, 0x0000, 0x0000, 0x0000, 0x0000, 0x0000, 0x0000, 0x0000, 
	0x0000, 0x0000, 0xa002, 0xb064, 0x10e0, 0x3a01, 0x1484, 0x02e0, 0x0114, 0x09f7, 0x3028, 0x3869, 0xb083, 0x8800, 0x0280, 0x1c42, 
	0x0268, 0x0164, 0x09d8, 0x0135, 0x1000, 0x2042, 0x1020, 0x0800, 0x0000, 0x0000, 0x0000, 0x0000, 0x0000, 0x0000, 0x2821, 0x2000, 
	0x0000, 0x0000, 0x0000, 0x0000, 0x0000, 0x0000, 0x0800, 0x1841, 0x2041, 0x1000, 0x0000, 0x0000, 0x0000, 0x0000, 0x0000, 0x0000, 
	0x2000, 0x2821, 0x0800, 0x0000, 0x0000, 0x0000, 0x0000, 0x0000, 0x0000, 0x0820, 0x2822, 0x2000, 0x0000, 0x0000, 0x0000, 0x0000, 
	0x0000, 0x0000, 0x1000, 0x2041, 0x1020, 0x0800, 0x0000, 0x0000, 0x0001, 0x0021, 0x0001, 0x0000, 0x2021, 0x2001, 0x0000, 0x0000, 
	0x0020, 0x0000, 0x0023, 0x0044, 0x0800, 0x1021, 0x2041, 0x1000, 0x0040, 0x0080, 0x0021, 0x0021, 0x0043, 0x0002, 0x1800, 0x2021, 
	0x0820, 0x0000, 0x00a0, 0x0040, 0x0022, 0x0064, 0x0001, 0x0001, 0x2821, 0x2000, 0x0020, 0x0060, 0x0040, 0x0020, 0x0044, 0x0023, 
	0x0000, 0x0000, 0x1800, 0x2821, 0x1821, 0x1000, 0x0000, 0x0000, 0x0000, 0x0000, 0x0000, 0x0800, 0x3021, 0x3000, 0x0000, 0x0000, 
	0x0000, 0x0000, 0x0001, 0x0001, 0x2000, 0x3041, 0x2841, 0x1000, 0x0080, 0x0080, 0x0001, 0x0042, 0x0822, 0x0002, 0x3801, 0x3801, 
	0x0040, 0x08a0, 0x00c1, 0x0040, 0x0046, 0x0066, 0x1800, 0x2822, 0x2841, 0x1800, 0x0120, 0x0140, 0x0022, 0x0063, 0x0865, 0x0004, 
	0x3801, 0x3801, 0x0040, 0x08c0, 0x0941, 0x0080, 0x0046, 0x0087, 0x1000, 0x1821, 0x2841, 0x1800, 0x00c0, 0x0120, 0x0021, 0x0042, 
	0x1804, 0x1804, 0xe004, 0xf887, 0x21c0, 0x5b84, 0x26c9, 0x0460, 0x01d9, 0x0b1e, 0x504b, 0x68ee, 0xe146, 0xb000, 0x04c0, 0x2ec6, 
	0x03ad, 0x0269, 0x131e, 0x021a, 0x0802, 0x0802, 0x0800, 0x0800, 0x0060, 0x0040, 0x0001, 0x0022, 0x0001, 0x0000, 0x1000, 0x1000, 
	0x0020, 0x0060, 0x0040, 0x0020, 0x0022, 0x0002, 0xa000, 0xd8c7, 0x9163, 0x6840, 0x0ee5, 0x0683, 0x01d1, 0x0b37, 0x22b8, 0x00d1, 
	0x4001, 0x4801, 0x0060, 0x1121, 0x0982, 0x00a0, 0x0067, 0x00a8, 0x0021, 0x0001, 0x0000, 0x0000, 0x0000, 0x0000, 0x0000, 0x0000, 
	0x0000, 0x0000, 0xa001, 0xb063, 0x2120, 0x39e0, 0x1484, 0x0300, 0x0113, 0x09f6, 0x3027, 0x3868, 0xb863, 0xa000, 0x0280, 0x1c43, 
	0x0268, 0x0164, 0x09d7, 0x0135, 0x1800, 0x2822, 0x2021, 0x1000, 0x0000, 0x0000, 0x0000, 0x0001, 0x0000, 0x0000, 0x3001, 0x3001, 
	0x0000, 0x0000, 0x0000, 0x0000, 0x0000, 0x0000, 0x1000, 0x2021, 0x3022, 0x2000, 0x0000, 0x0000, 0x0000, 0x0000, 0x0000, 0x0000, 
	0x2800, 0x3821, 0x1020, 0x0800, 0x0000, 0x0000, 0x0000, 0x0000, 0x0800, 0x1000, 0x3022, 0x3001, 0x0000, 0x0000, 0x0000, 0x0000, 
	0x0000, 0x0000, 0x1800, 0x2821, 0x2021, 0x1000, 0x0000, 0x0000, 0x0001, 0x0022, 0x0001, 0x0001, 0x3000, 0x3021, 0x0020, 0x0020, 
	0x0060, 0x0020, 0x0044, 0x0064, 0x0800, 0x1821, 0x3041, 0x2000, 0x0060, 0x00c0, 0x0021, 0x0041, 0x0064, 0x0003, 0x2000, 0x3021, 
	0x1020, 0x0800, 0x00e1, 0x0080, 0x0003, 0x0064, 0x0802, 0x0002, 0x3801, 0x3801, 0x0020, 0x0080, 0x0081, 0x0020, 0x0065, 0x0044, 
	0x0001, 0x0001, 0x1800, 0x2841, 0x1821, 0x1000, 0x0000, 0x0000, 0x0000, 0x0000, 0x0000, 0x0800, 0x3021, 0x3000, 0x0000, 0x0000, 
	0x0000, 0x0000, 0x0002, 0x0002, 0x2000, 0x3042, 0x2841, 0x1000, 0x0080, 0x0080, 0x0001, 0x0042, 0x0823, 0x0002, 0x3801, 0x3801, 
	0x0040, 0x08a0, 0x00e1, 0x0040, 0x0066, 0x0086, 0x1000, 0x2842, 0x3041, 0x1800, 0x0100, 0x0140, 0x0022, 0x0062, 0x0885, 0x0004, 
	0x3801, 0x4001, 0x0040, 0x10c0, 0x0941, 0x0080, 0x0046, 0x00a8, 0x1001, 0x1822, 0x2841, 0x1800, 0x00c0, 0x0120, 0x0021, 0x0042, 
	0x1804, 0x1804, 0xe004, 0xf867, 0x19e0, 0x53a4, 0x26c9, 0x0460, 0x01d9, 0x0afe, 0x504b, 0x68ee, 0xe147, 0xa800, 0x04c0, 0x2ec6, 
	0x03ad, 0x0268, 0x12ff, 0x01fb, 0x0802, 0x0802, 0x0020, 0x0000, 0x0060, 0x0040, 0x0001, 0x0022, 0x0001, 0x0001, 0x1000, 0x0800, 
	0x0000, 0x0060, 0x0020, 0x0000, 0x0023, 0x0003, 0xa001, 0xd8a7, 0x9144, 0x6840, 0x0ee5, 0x0683, 0x01b1, 0x0b37, 0x22b8, 0x00d1, 
	0x4001, 0x4021, 0x0080, 0x1141, 0x0982, 0x00a0, 0x0067, 0x00a8, 0x0001, 0x0001, 0x0000, 0x0000, 0x0000, 0x0000, 0x0000, 0x0000, 
	0x0000, 0x0000, 0xa001, 0xb063, 0x2100, 0x3a01, 0x14a4, 0x0300, 0x0114, 0x09f7, 0x3828, 0x4069, 0xb863, 0xa000, 0x0280, 0x2462, 
	0x0288, 0x0184, 0x09d8, 0x0155, 0x1800, 0x2842, 0x2021, 0x1000, 0x0000, 0x0000, 0x0001, 0x0001, 0x0001, 0x0001, 0x3001, 0x3001, 
	0x0000, 0x0000, 0x0000, 0x0000, 0x0001, 0x0001, 0x1000, 0x2021, 0x3041, 0x2000, 0x0000, 0x0000, 0x0000, 0x0000, 0x0000, 0x0000, 
	0x2800, 0x3041, 0x1021, 0x0800, 0x0000, 0x0000, 0x0000, 0x0000, 0x0800, 0x1000, 0x3821, 0x3000, 0x0000, 0x0000, 0x0000, 0x0000, 
	0x0001, 0x0001, 0x1800, 0x2841, 0x2041, 0x1000, 0x0020, 0x0020, 0x0001, 0x0022, 0x0001, 0x0001, 0x3000, 0x3001, 0x0000, 0x0820, 
	0x0060, 0x0020, 0x0024, 0x0044, 0x0800, 0x1821, 0x3022, 0x2000, 0x0080, 0x00e1, 0x0041, 0x0041, 0x0065, 0x0003, 0x2000, 0x3041, 
	0x1020, 0x0800, 0x00e0, 0x0080, 0x0003, 0x0064, 0x0802, 0x0002, 0x3801, 0x3801, 0x0020, 0x08a0, 0x00a1, 0x0040, 0x0066, 0x0045, 
	0x0001, 0x0001, 0x1800, 0x2821, 0x2021, 0x1000, 0x0000, 0x0000, 0x0000, 0x0000, 0x0800, 0x0800, 0x3821, 0x3001, 0x0000, 0x0000, 
	0x0000, 0x0000, 0x0022, 0x0022, 0x2000, 0x3042, 0x2841, 0x1000, 0x0080, 0x00a0, 0x0001, 0x0042, 0x0823, 0x0002, 0x4001, 0x3801, 
	0x0020, 0x08a0, 0x00c1, 0x0040, 0x0066, 0x0086, 0x1800, 0x2842, 0x3041, 0x1800, 0x0120, 0x0140, 0x0022, 0x0063, 0x0886, 0x0004, 
	0x3800, 0x4021, 0x0040, 0x10c0, 0x0921, 0x0080, 0x0046, 0x00a8, 0x1001, 0x1822, 0x2841, 0x1800, 0x00c0, 0x0121, 0x0041, 0x0042, 
	0x1804, 0x1804, 0xe004, 0xf867, 0x19c0, 0x5ba4, 0x26c9, 0x0460, 0x01d9, 0x0b1e, 0x504b, 0x68ee, 0xe146, 0xa800, 0x04c0, 0x2ec6, 
	0x038d, 0x0268, 0x131f, 0x021b, 0x0802, 0x0802, 0x0800, 0x0000, 0x0060, 0x0040, 0x0001, 0x0022, 0x0001, 0x0001, 0x1000, 0x1000, 
	0x0000, 0x0040, 0x0020, 0x0000, 0x0023, 0x0003, 0xa001, 0xd0c7, 0x8943, 0x6840, 0x0ee4, 0x0683, 0x01d1, 0x0b37, 0x22b8, 0x00d1, 
	0x4001, 0x4801, 0x0060, 0x1121, 0x0982, 0x00a0, 0x0067, 0x08a8, 0x0001, 0x0001, 0x0000, 0x0000, 0x0000, 0x0000, 0x0000, 0x0000, 
	0x0000, 0x0000, 0xa001, 0xb043, 0x2120, 0x3a01, 0x1484, 0x0300, 0x0114, 0x09f7, 0x3827, 0x4069, 0xc063, 0xa000, 0x02a0, 0x1c62, 
	0x0288, 0x0184, 0x11d8, 0x0155, 0x1800, 0x2822, 0x2021, 0x1000, 0x0000, 0x0000, 0x0001, 0x0021, 0x0000, 0x0001, 0x3001, 0x3001, 
	0x0000, 0x0000, 0x0000, 0x0000, 0x0000, 0x0000, 0x1000, 0x2841, 0x3041, 0x2000, 0x0000, 0x0000, 0x0000, 0x0000, 0x0000, 0x0000, 
	0x2800, 0x3842, 0x1021, 0x0800, 0x0000, 0x0000, 0x0000, 0x0000, 0x0800, 0x1000, 0x3021, 0x2800, 0x0000, 0x0000, 0x0000, 0x0000, 
	0x0001, 0x0000, 0x1800, 0x2821, 0x2021, 0x1000, 0x0020, 0x0020, 0x0001, 0x0022, 0x0001, 0x0001, 0x3000, 0x3821, 0x0000, 0x0820, 
	0x0060, 0x0020, 0x0024, 0x0044, 0x0800, 0x1821, 0x3041, 0x2000, 0x0080, 0x00e0, 0x0041, 0x0041, 0x0064, 0x0003, 0x2000, 0x3041, 
	0x1020, 0x0800, 0x00e0, 0x0080, 0x0003, 0x0065, 0x0802, 0x0001, 0x4001, 0x3801, 0x0020, 0x08a0, 0x0081, 0x0020, 0x0066, 0x0045, 
	0x0000, 0x0000, 0x2000, 0x2821, 0x1821, 0x1000, 0x0000, 0x0000, 0x0000, 0x0000, 0x0800, 0x0800, 0x3821, 0x3001, 0x0000, 0x0000, 
	0x0000, 0x0000, 0x0002, 0x0002, 0x2000, 0x3041, 0x2841, 0x1000, 0x00a0, 0x00a0, 0x0001, 0x0042, 0x0823, 0x0002, 0x3801, 0x3801, 
	0x0020, 0x08a0, 0x00c1, 0x0040, 0x0046, 0x0086, 0x1800, 0x2822, 0x2841, 0x1800, 0x0100, 0x0120, 0x0022, 0x0063, 0x0886, 0x0004, 
	0x3801, 0x4021, 0x0040, 0x08c0, 0x0921, 0x0080, 0x0067, 0x00a8, 0x1001, 0x1822, 0x2821, 0x1800, 0x00e0, 0x0120, 0x0042, 0x0042, 
	0x1804, 0x1805, 0xe004, 0xf867, 0x19e0, 0x53a4, 0x26a9, 0x0460, 0x01d9, 0x0b1e, 0x504b, 0x68ee, 0xe146, 0xa800, 0x04c0, 0x2ec6, 
	0x038d, 0x0268, 0x131f, 0x021b, 0x0803, 0x0803, 0x0800, 0x0000, 0x0060, 0x0040, 0x0001, 0x0022, 0x0001, 0x0000, 0x1000, 0x1000, 
	0x0020, 0x0060, 0x0041, 0x0000, 0x0023, 0x0002, 0xa001, 0xd8a7, 0x8963, 0x6840, 0x0ee4, 0x0683, 0x01d1, 0x0b37, 0x22b8, 0x00d1, 
	0x4001, 0x4801, 0x0060, 0x1121, 0x0982, 0x00a0, 0x0088, 0x00a8, 0x0021, 0x0000, 0x0000, 0x0000, 0x0000, 0x0000, 0x0000, 0x0000, 
	0x0000, 0x0000, 0xa001, 0xb043, 0x1900, 0x3a01, 0x1483, 0x02e0, 0x0113, 0x09f7, 0x3848, 0x3868, 0xc063, 0xa000, 0x02a0, 0x1c63, 
	0x0289, 0x0184, 0x09d8, 0x0155, 0x1800, 0x2842, 0x1821, 0x0800, 0x0000, 0x0000, 0x0001, 0x0021, 0x0001, 0x0001, 0x3001, 0x3001, 
	0x0000, 0x0000, 0x0000, 0x0000, 0x0000, 0x0000, 0x1000, 0x2041, 0x3042, 0x2000, 0x0000, 0x0000, 0x0000, 0x0000, 0x0000, 0x0000, 
	0x2800, 0x3842, 0x1001, 0x0800, 0x0000, 0x0000, 0x0000, 0x0000, 0x0800, 0x1000, 0x3821, 0x3000, 0x0000, 0x0000, 0x0000, 0x0000, 
	0x0000, 0x0000, 0x1800, 0x2841, 0x2041, 0x1000, 0x0020, 0x0020, 0x0001, 0x0022, 0x0001, 0x0001, 0x3001, 0x3821, 0x0000, 0x0820, 
	0x0061, 0x0020, 0x0044, 0x0044, 0x0800, 0x1821, 0x3041, 0x2000, 0x0080, 0x00e0, 0x0041, 0x0041, 0x0064, 0x0003, 0x2000, 0x3041, 
	0x1820, 0x1000, 0x00c0, 0x0080, 0x0024, 0x0085, 0x0822, 0x0001, 0x3801, 0x3801, 0x0020, 0x0080, 0x0081, 0x0020, 0x0045, 0x0045, 
	0x0000, 0x0000, 0x2000, 0x3021, 0x2021, 0x1000, 0x0000, 0x0000, 0x0000, 0x0000, 0x0000, 0x0800, 0x3821, 0x3801, 0x0000, 0x0000, 
	0x0000, 0x0000, 0x0021, 0x0021, 0x2000, 0x3042, 0x2841, 0x1800, 0x0080, 0x00a0, 0x0001, 0x0042, 0x0823, 0x0002, 0x3801, 0x3801, 
	0x0020, 0x08a1, 0x08c1, 0x0040, 0x0045, 0x0066, 0x1800, 0x2842, 0x3061, 0x1800, 0x0100, 0x0140, 0x0022, 0x0063, 0x0886, 0x0004, 
	0x3800, 0x4021, 0x0040, 0x08e0, 0x0961, 0x0080, 0x0067, 0x00c8, 0x1001, 0x1822, 0x2841, 0x1800, 0x00e0, 0x0160, 0x0041, 0x0041, 
	0x1025, 0x1004, 0xe805, 0xf867, 0x19e0, 0x5bc4, 0x26e9, 0x0480, 0x01fa, 0x0b3f, 0x584c, 0x68ee, 0xe126, 0xb000, 0x04e0, 0x2ee5, 
	0x03ad, 0x0289, 0x1b3f, 0x021b, 0x0802, 0x0802, 0x0800, 0x0000, 0x0060, 0x0040, 0x0001, 0x0042, 0x0021, 0x0001, 0x1020, 0x1000, 
	0x0000, 0x0040, 0x0040, 0x0000, 0x0002, 0x0002, 0xa000, 0xd8e7, 0x9144, 0x7040, 0x0f24, 0x06a2, 0x01d2, 0x0b58, 0x22b8, 0x00d1, 
	0x4001, 0x4001, 0x0080, 0x1140, 0x09a2, 0x00a0, 0x0088, 0x00a9, 0x0001, 0x0001, 0x0000, 0x0000, 0x0000, 0x0000, 0x0000, 0x0000, 
	0x0000, 0x0000, 0xa001, 0xb064, 0x1900, 0x4221, 0x14a4, 0x0300, 0x0134, 0x0a18, 0x3828, 0x4069, 0xb863, 0x9800, 0x02c0, 0x2463, 
	0x0288, 0x0184, 0x11f8, 0x0156, 0x1800, 0x2842, 0x1840, 0x1000, 0x0000, 0x0000, 0x0001, 0x0021, 0x0001, 0x0001, 0x3001, 0x3001, 
	0x0000, 0x0000, 0x0000, 0x0000, 0x0001, 0x0001, 0x1800, 0x2821, 0x3042, 0x2000, 0x0000, 0x0000, 0x0000, 0x0000, 0x0000, 0x0000, 
	0x3000, 0x3821, 0x1020, 0x0800, 0x0000, 0x0000, 0x0000, 0x0000, 0x0800, 0x1000, 0x3821, 0x3000, 0x0000, 0x0000, 0x0000, 0x0000, 
	0x0001, 0x0001, 0x1800, 0x2841, 0x2041, 0x1000, 0x0020, 0x0020, 0x0001, 0x0022, 0x0021, 0x0001, 0x3001, 0x3021, 0x0020, 0x0840, 
	0x0061, 0x0020, 0x0045, 0x0065, 0x0800, 0x1822, 0x3041, 0x2000, 0x0080, 0x00e0, 0x0022, 0x0042, 0x0065, 0x0003, 0x2000, 0x3041, 
	0x1040, 0x0800, 0x00e0, 0x0080, 0x0024, 0x0085, 0x0822, 0x0002, 0x3801, 0x3801, 0x0040, 0x08a0, 0x0081, 0x0020, 0x0045, 0x0045, 
	0x0000, 0x0000, 0x0800, 0x1000, 0x1021, 0x0800, 0x0000, 0x0000, 0x0000, 0x0000, 0x0000, 0x0000, 0x1800, 0x2021, 0x0000, 0x0000, 
	0x0000, 0x0000, 0x0000, 0x0000, 0x0800, 0x1021, 0x1841, 0x1000, 0x0020, 0x0040, 0x0000, 0x0000, 0x0001, 0x0001, 0x1800, 0x2021, 
	0x0000, 0x0820, 0x0060, 0x0020, 0x0002, 0x0022, 0x0800, 0x1000, 0x2021, 0x1000, 0x0060, 0x00a0, 0x0021, 0x0021, 0x0022, 0x0002, 
	0x2000, 0x2821, 0x0020, 0x0840, 0x00c1, 0x0060, 0x0022, 0x0063, 0x0801, 0x0801, 0x2021, 0x1000, 0x0060, 0x00c0, 0x0041, 0x0020, 
	0x0802, 0x0802, 0xa002, 0xc0a6, 0x3140, 0x3980, 0x1d65, 0x03e0, 0x00f1, 0x1236, 0x40ac, 0x306b, 0xc0c5, 0xa001, 0x02e0, 0x2d23, 
	0x0b6a, 0x01c4, 0x0a5a, 0x01f8, 0x0002, 0x0002, 0x0800, 0x0000, 0x0040, 0x0020, 0x0000, 0x0021, 0x0001, 0x0000, 0x0800, 0x0800, 
	0x0000, 0x0020, 0x0040, 0x0000, 0x0001, 0x0001, 0x7800, 0xa8a6, 0x9145, 0x6000, 0x0560, 0x0e03, 0x016d, 0x0251, 0x2277, 0x00b0, 
	0x3000, 0x3821, 0x0040, 0x08c0, 0x0981, 0x00a0, 0x0045, 0x0086, 0x0021, 0x0001, 0x0000, 0x0000, 0x0000, 0x0000, 0x0000, 0x0000, 
	0x0000, 0x0000, 0x8001, 0xa084, 0x30e0, 0x3920, 0x1403, 0x02e0, 0x00d0, 0x09d4, 0x3068, 0x2848, 0xb064, 0x9801, 0x0200, 0x1bc2, 
	0x0a87, 0x0142, 0x0995, 0x0154, 0x1801, 0x2022, 0x2021, 0x1000, 0x0020, 0x0020, 0x0000, 0x0001, 0x0001, 0x0000, 0x2801, 0x2821, 
	0x0800, 0x0000, 0x0000, 0x0000, 0x0000, 0x0000, 0x1000, 0x1821, 0x3042, 0x2000, 0x0000, 0x0000, 0x0000, 0x0000, 0x0000, 0x0000, 
	0x2800, 0x3021, 0x1020, 0x0800, 0x0000, 0x0000, 0x0000, 0x0000, 0x0800, 0x0800, 0x3021, 0x3001, 0x0000, 0x0000, 0x0000, 0x0000, 
	0x0000, 0x0000, 0x1800, 0x2021, 0x2041, 0x1000, 0x0020, 0x0020, 0x0001, 0x0021, 0x0001, 0x0000, 0x2800, 0x3021, 0x0800, 0x0800, 
	0x0081, 0x0020, 0x0023, 0x0044, 0x0800, 0x1021, 0x3041, 0x2000, 0x0060, 0x00c0, 0x0021, 0x0041, 0x0064, 0x0003, 0x2000, 0x3041, 
	0x1020, 0x0800, 0x00c0, 0x0080, 0x0002, 0x0044, 0x0002, 0x0001, 0x3801, 0x3801, 0x0020, 0x0880, 0x0081, 0x0020, 0x0045, 0x0044, 
	0x0000, 0x0000, 0x0000, 0x0000, 0x0000, 0x0000, 0x0000, 0x0000, 0x0000, 0x0000, 0x0000, 0x0000, 0x0000, 0x0000, 0x0000, 0x0000, 
	0x0000, 0x0000, 0x0000, 0x0000, 0x0000, 0x0000, 0x0000, 0x0000, 0x0000, 0x0000, 0x0000, 0x0000, 0x0000, 0x0000, 0x0000, 0x0000, 
	0x0000, 0x0000, 0x0000, 0x0000, 0x0000, 0x0000, 0x0000, 0x0000, 0x0000, 0x0000, 0x0000, 0x0000, 0x0000, 0x0000, 0x0000, 0x0000, 
	0x0000, 0x0000, 0x0000, 0x0000, 0x0000, 0x0000, 0x0000, 0x0000, 0x0000, 0x0000, 0x0000, 0x0000, 0x0000, 0x0000, 0x0000, 0x0000, 
	0x0000, 0x0000, 0x1800, 0x2020, 0x1820, 0x0800, 0x00c0, 0x00e0, 0x0004, 0x0066, 0x0845, 0x0003, 0x2801, 0x3001, 0x0040, 0x00c0, 
	0x0902, 0x0040, 0x0067, 0x0088, 0x0001, 0x0000, 0x0000, 0x0000, 0x0000, 0x0000, 0x0000, 0x0000, 0x0000, 0x0000, 0x0000, 0x0000, 
	0x0000, 0x0000, 0x0000, 0x0000, 0x0000, 0x0000, 0x1000, 0x1000, 0x3862, 0x2000, 0x0060, 0x1161, 0x0042, 0x0042, 0x00c8, 0x0046, 
	0x0000, 0x0020, 0x0800, 0x0000, 0x0000, 0x0000, 0x0000, 0x0000, 0x0000, 0x0000, 0x0000, 0x0000, 0x0000, 0x0000, 0x0000, 0x0000, 
	0x0000, 0x0000, 0x0800, 0x1840, 0x2041, 0x0800, 0x00c0, 0x0100, 0x0002, 0x0043, 0x0063, 0x0001, 0x2000, 0x3041, 0x0000, 0x0800, 
	0x08e1, 0x0020, 0x0024, 0x0065, 0x0000, 0x0000, 0x0800, 0x0800, 0x0000, 0x0000, 0x0000, 0x0000, 0x0000, 0x0000, 0x0000, 0x0820, 
	0x0000, 0x0000, 0x0000, 0x0000, 0x0000, 0x0000, 0x0000, 0x0000, 0x1000, 0x0800, 0x0000, 0x0000, 0x0000, 0x0000, 0x0000, 0x0000, 
	0x0000, 0x0800, 0x0800, 0x0000, 0x0000, 0x0000, 0x0000, 0x0000, 0x0000, 0x0000, 0x0800, 0x1000, 0x0000, 0x0000, 0x0000, 0x0000, 
	0x0000, 0x0000, 0x0000, 0x0800, 0x0820, 0x0800, 0x0000, 0x0000, 0x0000, 0x0000, 0x0000, 0x0000, 0x0800, 0x1020, 0x0000, 0x0000, 
	0x0020, 0x0000, 0x0000, 0x0000, 0x0000, 0x0000, 0x1000, 0x1000, 0x0000, 0x0020, 0x0020, 0x0000, 0x0001, 0x0000, 0x0800, 0x0800, 
	0x0820, 0x0000, 0x0020, 0x0020, 0x0000, 0x0000, 0x0000, 0x0000, 0x1000, 0x1820, 0x0000, 0x0000, 0x0020, 0x0000, 0x0001, 0x0001, 
	0x0000, 0x0000, 0x1000, 0x1020, 0x0000, 0x0000, 0x0000, 0x0000, 0x0000, 0x0000, 0x0000, 0x0000, 0x1800, 0x1000, 0x0000, 0x0000, 
	0x0000, 0x0000, 0x0000, 0x0000, 0x1000, 0x1821, 0x0800, 0x0800, 0x0020, 0x0020, 0x0000, 0x0001, 0x0001, 0x0000, 0x1001, 0x1000, 
	0x0000, 0x0020, 0x0040, 0x0000, 0x0002, 0x0022, 0x0800, 0x1001, 0x0800, 0x0000, 0x0040, 0x0060, 0x0000, 0x0001, 0x0021, 0x0000, 
	0x1000, 0x0800, 0x0000, 0x0020, 0x0040, 0x0020, 0x0001, 0x0021, 0x0000, 0x0000, 0x0000, 0x0000, 0x0020, 0x0020, 0x0000, 0x0000, 
	0x0800, 0x0800, 0x7824, 0x7003, 0x00c0, 0x2262, 0x2445, 0x0240, 0x0111, 0x1215, 0x08e9, 0x0006, 0x0000, 0x0000, 0x0000, 0x0000, 
	0x0000, 0x0000, 0x0000, 0x0000, 0x0000, 0x0000, 0x0000, 0x0000, 0x0020, 0x0000, 0x0000, 0x0000, 0x0000, 0x0000, 0x0000, 0x0000, 
	0x0000, 0x0020, 0x0000, 0x0000, 0x0021, 0x0000, 0x2800, 0x4062, 0x0800, 0x0820, 0x0a20, 0x01e0, 0x0046, 0x0109, 0x10a8, 0x0006, 
	0x3841, 0x2800, 0x0080, 0x09a2, 0x09c3, 0x00c0, 0x00ed, 0x090d, 0x0022, 0x0001, 0x0000, 0x0000, 0x0000, 0x0000, 0x0000, 0x0000, 
	0x0000, 0x0000, 0x0800, 0x0800, 0x0000, 0x0040, 0x0860, 0x0020, 0x0001, 0x0021, 0x1000, 0x2021, 0x2841, 0x1800, 0x0160, 0x0a61, 
	0x0124, 0x00c3, 0x092e, 0x00ac, 0x0000, 0x0000, 0x0000, 0x0000, 0x0000, 0x0000, 0x0000, 0x0000, 0x0000, 0x0000, 0x0000, 0x0000, 
	0x0000, 0x0000, 0x0000, 0x0000, 0x0000, 0x0000, 0x0000, 0x0000, 0x0000, 0x0000, 0x0000, 0x0000, 0x0000, 0x0000, 0x0000, 0x0000, 
	0x0000, 0x0000, 0x0000, 0x0000, 0x0000, 0x0000, 0x0000, 0x0000, 0x0000, 0x0000, 0x0000, 0x0000, 0x0000, 0x0000, 0x0000, 0x0000, 
	0x0000, 0x0000, 0x0000, 0x0000, 0x0000, 0x0000, 0x0000, 0x0000, 0x0000, 0x0000, 0x0000, 0x0000, 0x0000, 0x0000, 0x0000, 0x0000, 
	0x0000, 0x0000, 0x0000, 0x0000, 0x0000, 0x0000, 0x0000, 0x0000, 0x0000, 0x0000, 0x0000, 0x0000, 0x0000, 0x0000, 0x0000, 0x0000, 
	0x0000, 0x0000, 0x0000, 0x0000, 0x0000, 0x0000, 0x0000, 0x0000, 0x0000, 0x0000, 0x0000, 0x0000, 0x0000, 0x0000, 0x0000, 0x0000, 
	0x0000, 0x0000, 0x1800, 0x2841, 0x1821, 0x0800, 0x0000, 0x0000, 0x0000, 0x0000, 0x0000, 0x0800, 0x3021, 0x2801, 0x0000, 0x0000, 
	0x0000, 0x0000, 0x0001, 0x0001, 0x2000, 0x3842, 0x2841, 0x1000, 0x0080, 0x0080, 0x0001, 0x0042, 0x0822, 0x0002, 0x3021, 0x3001, 
	0x0020, 0x0860, 0x0080, 0x0020, 0x0023, 0x0044, 0x1000, 0x2842, 0x2841, 0x1800, 0x00a0, 0x00c0, 0x0001, 0x0042, 0x0844, 0x0002, 
	0x3000, 0x3021, 0x0000, 0x0840, 0x00a1, 0x0040, 0x0023, 0x0044, 0x0800, 0x1021, 0x2021, 0x1000, 0x0040, 0x0080, 0x0021, 0x0021, 
	0x1001, 0x1802, 0xe005, 0xf067, 0x11c0, 0x53c3, 0x26c7, 0x0440, 0x01ba, 0x12ff, 0x118f, 0x0009, 0x1020, 0x0800, 0x0020, 0x0020, 
	0x0000, 0x0000, 0x0022, 0x0001, 0x1000, 0x1820, 0x0800, 0x0000, 0x0040, 0x0020, 0x0001, 0x0022, 0x0001, 0x0001, 0x1821, 0x1000, 
	0x0040, 0x0080, 0x0060, 0x0020, 0x0043, 0x0022, 0x6800, 0x98c5, 0x58c1, 0x4000, 0x0c61, 0x0400, 0x00ad, 0x09d1, 0x2130, 0x084c, 
	0xb823, 0xb002, 0x0180, 0x2b83, 0x1be6, 0x01e0, 0x0197, 0x09b8, 0x0085, 0x0003, 0x0000, 0x0000, 0x0000, 0x0000, 0x0000, 0x0000, 
	0x0000, 0x0000, 0x3801, 0x4022, 0x0040, 0x10a0, 0x09a1, 0x00e0, 0x0045, 0x00a6, 0x3000, 0x60a5, 0xc8a6, 0x9800, 0x03a0, 0x2de4, 
	0x0b4b, 0x0206, 0x127d, 0x019a, 0x1001, 0x1822, 0x1000, 0x0800, 0x0040, 0x0020, 0x0001, 0x0022, 0x0001, 0x0001, 0x2000, 0x2000, 
	0x0000, 0x0000, 0x0000, 0x0000, 0x0001, 0x0001, 0x1000, 0x1821, 0x2021, 0x1000, 0x0000, 0x0000, 0x0000, 0x0000, 0x0000, 0x0000, 
	0x2800, 0x2821, 0x0800, 0x0000, 0x0000, 0x0000, 0x0000, 0x0000, 0x0800, 0x0800, 0x2021, 0x1000, 0x0000, 0x0000, 0x0000, 0x0000, 
	0x0000, 0x0000, 0x1000, 0x2021, 0x1000, 0x0800, 0x0020, 0x0020, 0x0001, 0x0022, 0x0001, 0x0000, 0x2801, 0x2000, 0x0000, 0x0040, 
	0x0081, 0x0020, 0x0043, 0x0044, 0x0800, 0x1001, 0x1820, 0x0800, 0x0060, 0x00a0, 0x0021, 0x0021, 0x0043, 0x0002, 0x1800, 0x2001, 
	0x0020, 0x0000, 0x0080, 0x0040, 0x0002, 0x0043, 0x0001, 0x0001, 0x1820, 0x1000, 0x0000, 0x0020, 0x0020, 0x0000, 0x0002, 0x0002, 
	0x0000, 0x0000, 0x1800, 0x2821, 0x1821, 0x1000, 0x0000, 0x0000, 0x0000, 0x0000, 0x0000, 0x0800, 0x3021, 0x3001, 0x0000, 0x0000, 
	0x0000, 0x0000, 0x0001, 0x0001, 0x2000, 0x3042, 0x2842, 0x1800, 0x0080, 0x0080, 0x0001, 0x0042, 0x0823, 0x0002, 0x3801, 0x3801, 
	0x0020, 0x0860, 0x0081, 0x0020, 0x0044, 0x0044, 0x1800, 0x2841, 0x3041, 0x1800, 0x00a0, 0x00c0, 0x0001, 0x0042, 0x0864, 0x0003, 
	0x3000, 0x3021, 0x0020, 0x0860, 0x00c1, 0x0040, 0x0023, 0x0064, 0x0800, 0x1021, 0x2021, 0x1800, 0x0040, 0x0080, 0x0021, 0x0021, 
	0x1001, 0x1802, 0xe004, 0xf046, 0x19c0, 0x5384, 0x26a8, 0x0460, 0x01b9, 0x12fe, 0x118f, 0x002a, 0x1000, 0x1000, 0x0000, 0x0020, 
	0x0000, 0x0000, 0x0001, 0x0001, 0x1000, 0x1821, 0x0820, 0x0000, 0x0060, 0x0020, 0x0002, 0x0043, 0x0001, 0x0001, 0x2001, 0x2000, 
	0x0040, 0x0080, 0x0060, 0x0020, 0x0044, 0x0023, 0x6800, 0x9884, 0x68e1, 0x4800, 0x0481, 0x0420, 0x00ac, 0x09d1, 0x2130, 0x084c, 
	0xc002, 0xc002, 0x01a0, 0x3382, 0x1406, 0x0200, 0x0177, 0x09b8, 0x00a6, 0x0003, 0x0000, 0x0000, 0x0000, 0x0000, 0x0000, 0x0000, 
	0x0000, 0x0000, 0x3801, 0x4822, 0x0840, 0x10a0, 0x09c1, 0x00e0, 0x0046, 0x00a7, 0x3800, 0x6086, 0xd885, 0xb801, 0x03c0, 0x25e3, 
	0x036b, 0x0226, 0x125d, 0x019a, 0x1802, 0x2023, 0x1820, 0x0800, 0x0080, 0x0060, 0x0002, 0x0043, 0x0002, 0x0001, 0x3001, 0x3001, 
	0x0000, 0x0000, 0x0020, 0x0000, 0x0022, 0x0022, 0x1000, 0x2021, 0x3041, 0x2000, 0x0000, 0x0000, 0x0000, 0x0000, 0x0001, 0x0000, 
	0x3000, 0x3821, 0x1020, 0x0800, 0x0000, 0x0000, 0x0000, 0x0000, 0x0800, 0x1000, 0x3021, 0x2800, 0x0000, 0x0000, 0x0000, 0x0000, 
	0x0021, 0x0001, 0x1800, 0x2821, 0x2021, 0x1000, 0x0060, 0x0060, 0x0001, 0x0022, 0x0022, 0x0001, 0x3801, 0x3821, 0x0020, 0x0860, 
	0x00a1, 0x0040, 0x0045, 0x0065, 0x0800, 0x1821, 0x3041, 0x2000, 0x0080, 0x00e0, 0x0021, 0x0042, 0x0064, 0x0003, 0x2000, 0x3041, 
	0x1020, 0x0800, 0x00e0, 0x0080, 0x0003, 0x0064, 0x0001, 0x0001, 0x3021, 0x2800, 0x0000, 0x0860, 0x0040, 0x0020, 0x0044, 0x0024, 
	0x0000, 0x0000, 0x2000, 0x2821, 0x2021, 0x1000, 0x0000, 0x0000, 0x0000, 0x0000, 0x0000, 0x0800, 0x3021, 0x3001, 0x0000, 0x0000, 
	0x0000, 0x0000, 0x0001, 0x0001, 0x2000, 0x3842, 0x2842, 0x1800, 0x0080, 0x0080, 0x0001, 0x0042, 0x0823, 0x0002, 0x3801, 0x3801, 
	0x0020, 0x0860, 0x0080, 0x0020, 0x0044, 0x0065, 0x1800, 0x2822, 0x3041, 0x1800, 0x00a0, 0x00c0, 0x0001, 0x0042, 0x0865, 0x0003, 
	0x3001, 0x3801, 0x0020, 0x0860, 0x08a1, 0x0040, 0x0024, 0x0044, 0x0800, 0x1821, 0x2041, 0x1800, 0x0040, 0x0080, 0x0021, 0x0021, 
	0x1002, 0x1803, 0xe804, 0xf846, 0x19c0, 0x5384, 0x2688, 0x0440, 0x01b8, 0x12fd, 0x118f, 0x0029, 0x1000, 0x1000, 0x0000, 0x0020, 
	0x0000, 0x0000, 0x0001, 0x0001, 0x1000, 0x1821, 0x0800, 0x0800, 0x0040, 0x0020, 0x0002, 0x0043, 0x0001, 0x0001, 0x2821, 0x2000, 
	0x0040, 0x08a0, 0x0061, 0x0020, 0x0044, 0x0023, 0x7000, 0x9884, 0x68e1, 0x4800, 0x0481, 0x0420, 0x00ad, 0x09d1, 0x2930, 0x082c, 
	0xc002, 0xc002, 0x01a0, 0x3382, 0x1406, 0x0200, 0x0177, 0x09b9, 0x0886, 0x0004, 0x0000, 0x0000, 0x0000, 0x0000, 0x0000, 0x0000, 
	0x0000, 0x0000, 0x3801, 0x4822, 0x0840, 0x10a0, 0x09a1, 0x00e0, 0x0045, 0x00a7, 0x3800, 0x6085, 0xd885, 0xb001, 0x03c0, 0x25e3, 
	0x0b4b, 0x0206, 0x125d, 0x01ba, 0x1802, 0x2023, 0x1820, 0x0800, 0x0080, 0x0080, 0x0002, 0x0043, 0x0002, 0x0001, 0x3001, 0x3001, 
	0x0000, 0x0000, 0x0020, 0x0000, 0x0022, 0x0022, 0x1000, 0x2021, 0x3041, 0x2000, 0x0000, 0x0000, 0x0000, 0x0000, 0x0001, 0x0000, 
	0x3000, 0x3821, 0x1020, 0x0800, 0x0000, 0x0000, 0x0000, 0x0000, 0x0800, 0x0820, 0x3021, 0x2800, 0x0000, 0x0000, 0x0000, 0x0000, 
	0x0001, 0x0001, 0x1800, 0x2821, 0x2021, 0x1000, 0x0060, 0x0060, 0x0001, 0x0042, 0x0022, 0x0001, 0x3801, 0x3821, 0x0020, 0x0860, 
	0x00a1, 0x0040, 0x0045, 0x0065, 0x0800, 0x1821, 0x3041, 0x2000, 0x0080, 0x00e0, 0x0021, 0x0042, 0x0065, 0x0003, 0x2000, 0x3041, 
	0x1020, 0x0800, 0x00e0, 0x0080, 0x0003, 0x0065, 0x0802, 0x0001, 0x3021, 0x3000, 0x0000, 0x0840, 0x0040, 0x0020, 0x0044, 0x0024, 
	0x0000, 0x0000, 0x1800, 0x2842, 0x2021, 0x1000, 0x0000, 0x0000, 0x0000, 0x0000, 0x0000, 0x0800, 0x3821, 0x3001, 0x0000, 0x0000, 
	0x0000, 0x0000, 0x0022, 0x0022, 0x2000, 0x3862, 0x2842, 0x1800, 0x0080, 0x0080, 0x0001, 0x0042, 0x0822, 0x0002, 0x4021, 0x3801, 
	0x0020, 0x0860, 0x0081, 0x0020, 0x0023, 0x0064, 0x1800, 0x2842, 0x3041, 0x1800, 0x00a0, 0x00c0, 0x0001, 0x0042, 0x0865, 0x0003, 
	0x3801, 0x3821, 0x0020, 0x0840, 0x00a0, 0x0040, 0x0023, 0x0064, 0x1000, 0x1821, 0x2021, 0x1800, 0x0060, 0x0080, 0x0021, 0x0021, 
	0x1003, 0x1803, 0xe004, 0xf046, 0x19a0, 0x5363, 0x1e88, 0x0460, 0x01b9, 0x12fe, 0x1990, 0x000a, 0x1800, 0x1000, 0x0000, 0x0020, 
	0x0000, 0x0000, 0x0022, 0x0001, 0x1000, 0x2021, 0x0820, 0x0800, 0x0040, 0x0020, 0x0002, 0x0022, 0x0001, 0x0801, 0x2821, 0x2000, 
	0x0020, 0x08a0, 0x0061, 0x0020, 0x0064, 0x0044, 0x6800, 0x98a4, 0x68e2, 0x4800, 0x0c61, 0x0400, 0x00ad, 0x09d1, 0x212f, 0x084c, 
	0xc002, 0xc002, 0x01a0, 0x3382, 0x1c06, 0x0200, 0x0177, 0x09b8, 0x0886, 0x0004, 0x0000, 0x0000, 0x0000, 0x0000, 0x0000, 0x0000, 
	0x0000, 0x0000, 0x3801, 0x4842, 0x0840, 0x10a0, 0x09c1, 0x0100, 0x0046, 0x00a7, 0x3800, 0x6085, 0xd885, 0xb001, 0x03c0, 0x25e3, 
	0x0b4b, 0x0205, 0x125d, 0x01ba, 0x1802, 0x2023, 0x1820, 0x0800, 0x0080, 0x0060, 0x0002, 0x0043, 0x0002, 0x0001, 0x3001, 0x3001, 
	0x0000, 0x0000, 0x0000, 0x0000, 0x0023, 0x0023, 0x1000, 0x2842, 0x3041, 0x2000, 0x0000, 0x0000, 0x0000, 0x0000, 0x0001, 0x0000, 
	0x3000, 0x3842, 0x1020, 0x0800, 0x0000, 0x0000, 0x0000, 0x0000, 0x0800, 0x0820, 0x3021, 0x2800, 0x0000, 0x0000, 0x0000, 0x0000, 
	0x0001, 0x0001, 0x1800, 0x2821, 0x2021, 0x1000, 0x0040, 0x0040, 0x0002, 0x0043, 0x0022, 0x0001, 0x3801, 0x3801, 0x0020, 0x0860, 
	0x00a1, 0x0040, 0x0044, 0x0065, 0x1000, 0x1821, 0x3041, 0x2000, 0x0080, 0x00e0, 0x0021, 0x0042, 0x0065, 0x0003, 0x2000, 0x3021, 
	0x1020, 0x0800, 0x00e0, 0x0080, 0x0023, 0x0085, 0x0801, 0x0001, 0x3001, 0x3000, 0x0000, 0x0040, 0x0040, 0x0020, 0x0044, 0x0024, 
	0x0000, 0x0000, 0x2000, 0x3021, 0x2021, 0x1000, 0x0000, 0x0000, 0x0000, 0x0000, 0x0000, 0x0800, 0x3021, 0x3001, 0x0000, 0x0000, 
	0x0000, 0x0000, 0x0002, 0x0002, 0x2000, 0x3842, 0x3041, 0x1800, 0x0080, 0x0080, 0x0001, 0x0042, 0x0823, 0x0002, 0x4001, 0x3801, 
	0x0020, 0x0860, 0x0080, 0x0020, 0x0045, 0x0065, 0x1800, 0x2842, 0x3041, 0x1800, 0x00a0, 0x00c0, 0x0002, 0x0043, 0x0864, 0x0003, 
	0x3801, 0x3821, 0x0020, 0x0840, 0x08a1, 0x0040, 0x0024, 0x0065, 0x1000, 0x1821, 0x2821, 0x1800, 0x0040, 0x0080, 0x0021, 0x0021, 
	0x1003, 0x1803, 0xe805, 0xf847, 0x19c0, 0x5383, 0x2688, 0x0460, 0x01b9, 0x12fe, 0x198f, 0x0009, 0x1820, 0x1000, 0x0000, 0x0000, 
	0x0000, 0x0000, 0x0022, 0x0001, 0x1800, 0x2021, 0x0820, 0x0800, 0x0040, 0x0020, 0x0002, 0x0023, 0x0001, 0x0801, 0x2821, 0x2000, 
	0x0040, 0x08a0, 0x0061, 0x0020, 0x0044, 0x0024, 0x6800, 0x98a4, 0x68e2, 0x4800, 0x0c61, 0x0400, 0x00ad, 0x09d1, 0x2130, 0x084c, 
	0xc802, 0xc002, 0x01a0, 0x3382, 0x1406, 0x0200, 0x0198, 0x09d9, 0x0886, 0x0004, 0x0000, 0x0000, 0x0000, 0x0000, 0x0000, 0x0000, 
	0x0000, 0x0000, 0x3801, 0x4822, 0x0840, 0x1080, 0x09c1, 0x00e0, 0x0046, 0x00a8, 0x3800, 0x6085, 0xd885, 0xb001, 0x03c0, 0x25c3, 
	0x0b4b, 0x0206, 0x125d, 0x019a, 0x1802, 0x2023, 0x1820, 0x0800, 0x0060, 0x0060, 0x0002, 0x0043, 0x0002, 0x0001, 0x3001, 0x3001, 
	0x0000, 0x0000, 0x0020, 0x0000, 0x0043, 0x0043, 0x1000, 0x2042, 0x3042, 0x2000, 0x0000, 0x0000, 0x0000, 0x0000, 0x0001, 0x0000, 
	0x3000, 0x3842, 0x1020, 0x0800, 0x0000, 0x0000, 0x0000, 0x0000, 0x0800, 0x1000, 0x3021, 0x2800, 0x0000, 0x0000, 0x0000, 0x0000, 
	0x0021, 0x0001, 0x1800, 0x2821, 0x2041, 0x1000, 0x0040, 0x0040, 0x0002, 0x0064, 0x0022, 0x0001, 0x3801, 0x4021, 0x0020, 0x0860, 
	0x00a1, 0x0040, 0x0044, 0x0065, 0x1000, 0x1821, 0x3041, 0x2000, 0x0080, 0x00e0, 0x0021, 0x0042, 0x0865, 0x0003, 0x2000, 0x3041, 
	0x1020, 0x0800, 0x00e0, 0x0080, 0x0023, 0x0064, 0x0001, 0x0001, 0x3021, 0x3000, 0x0000, 0x0040, 0x0040, 0x0000, 0x0045, 0x0024, 
	0x0000, 0x0000, 0x2000, 0x2841, 0x2041, 0x1000, 0x0000, 0x0000, 0x0000, 0x0000, 0x0000, 0x0800, 0x3821, 0x3001, 0x0000, 0x0000, 
	0x0000, 0x0000, 0x0021, 0x0021, 0x2000, 0x3842, 0x2841, 0x1800, 0x0080, 0x00a0, 0x0001, 0x0042, 0x0843, 0x0002, 0x4001, 0x4001, 
	0x0020, 0x0860, 0x00a1, 0x0020, 0x0065, 0x0085, 0x1800, 0x2842, 0x3041, 0x1800, 0x00a0, 0x00e0, 0x0001, 0x0042, 0x0864, 0x0003, 
	0x3801, 0x3821, 0x0020, 0x0860, 0x00c1, 0x0040, 0x0024, 0x0065, 0x0800, 0x1021, 0x2021, 0x1800, 0x0040, 0x0080, 0x0021, 0x0021, 
	0x1002, 0x1803, 0xe804, 0xf866, 0x19c0, 0x5b84, 0x26a7, 0x0460, 0x01da, 0x131f, 0x19af, 0x0029, 0x1820, 0x1000, 0x0000, 0x0000, 
	0x0000, 0x0000, 0x0001, 0x0001, 0x1000, 0x2021, 0x0820, 0x0800, 0x0040, 0x0020, 0x0001, 0x0022, 0x0001, 0x0001, 0x2801, 0x2000, 
	0x0040, 0x08a0, 0x0061, 0x0020, 0x0044, 0x0023, 0x6800, 0x98a4, 0x68e1, 0x4800, 0x0461, 0x0400, 0x00cd, 0x09d1, 0x2130, 0x084d, 
	0xc023, 0xc002, 0x01a0, 0x3383, 0x1406, 0x0200, 0x0198, 0x09d8, 0x00a6, 0x0004, 0x0000, 0x0000, 0x0000, 0x0000, 0x0000, 0x0000, 
	0x0000, 0x0000, 0x3801, 0x4822, 0x0840, 0x10a0, 0x09c1, 0x00e0, 0x0046, 0x00a8, 0x3800, 0x60a6, 0xd885, 0xb001, 0x03e0, 0x25e4, 
	0x034a, 0x0225, 0x125d, 0x019a, 0x1801, 0x2023, 0x1820, 0x0800, 0x0060, 0x0060, 0x0002, 0x0043, 0x0002, 0x0001, 0x3001, 0x3001, 
	0x0000, 0x0000, 0x0020, 0x0000, 0x0023, 0x0043, 0x1000, 0x2042, 0x3041, 0x2000, 0x0000, 0x0000, 0x0000, 0x0000, 0x0001, 0x0000, 
	0x3000, 0x3842, 0x1020, 0x0800, 0x0000, 0x0000, 0x0000, 0x0000, 0x0800, 0x1000, 0x3021, 0x2800, 0x0000, 0x0000, 0x0000, 0x0000, 
	0x0001, 0x0000, 0x1800, 0x2841, 0x2021, 0x1000, 0x0040, 0x0040, 0x0002, 0x0064, 0x0842, 0x0001, 0x3801, 0x4021, 0x0020, 0x0880, 
	0x00c1, 0x0040, 0x0065, 0x0065, 0x1000, 0x1821, 0x3041, 0x2000, 0x0080, 0x00e0, 0x0021, 0x0042, 0x0065, 0x0003, 0x2800, 0x3041, 
	0x1020, 0x0800, 0x00e0, 0x0080, 0x0003, 0x0065, 0x0801, 0x0001, 0x3021, 0x3000, 0x0020, 0x0060, 0x0040, 0x0000, 0x0045, 0x0024, 
	0x0000, 0x0000, 0x0800, 0x1000, 0x1821, 0x0800, 0x0000, 0x0000, 0x0000, 0x0000, 0x0000, 0x0000, 0x2000, 0x2020, 0x0000, 0x0000, 
	0x0000, 0x0000, 0x0000, 0x0000, 0x1000, 0x1821, 0x2021, 0x1000, 0x0040, 0x0040, 0x0000, 0x0000, 0x0001, 0x0001, 0x2000, 0x2821, 
	0x0000, 0x0020, 0x0060, 0x0020, 0x0002, 0x0022, 0x1000, 0x1820, 0x2041, 0x1800, 0x0040, 0x0080, 0x0020, 0x0020, 0x0022, 0x0001, 
	0x2000, 0x2821, 0x0800, 0x0800, 0x0080, 0x0040, 0x0001, 0x0022, 0x0800, 0x0800, 0x1821, 0x1000, 0x0020, 0x0060, 0x0020, 0x0020, 
	0x0801, 0x0802, 0xb002, 0xd8a6, 0x3160, 0x4200, 0x1dc5, 0x0420, 0x0134, 0x1279, 0x19af, 0x0009, 0x1000, 0x1000, 0x0000, 0x0020, 
	0x0000, 0x0000, 0x0000, 0x0000, 0x1000, 0x1820, 0x0820, 0x0000, 0x0020, 0x0020, 0x0001, 0x0001, 0x0000, 0x0000, 0x2000, 0x2000, 
	0x0020, 0x0080, 0x0060, 0x0020, 0x0023, 0x0023, 0x5800, 0x8084, 0x70e3, 0x4800, 0x03c0, 0x03e0, 0x00ab, 0x018e, 0x2150, 0x004c, 
	0xb002, 0xb823, 0x0140, 0x2ac1, 0x1be5, 0x01e0, 0x0134, 0x09b6, 0x00a6, 0x0004, 0x0000, 0x0000, 0x0000, 0x0000, 0x0000, 0x0000, 
	0x0000, 0x0000, 0x3800, 0x4042, 0x0840, 0x1060, 0x09a1, 0x0100, 0x0025, 0x0086, 0x3800, 0x5885, 0xd885, 0xb801, 0x0360, 0x2583, 
	0x0b6a, 0x01e4, 0x0a3c, 0x01ba, 0x1801, 0x2022, 0x1820, 0x0800, 0x0060, 0x0060, 0x0001, 0x0022, 0x0001, 0x0001, 0x2800, 0x3001, 
	0x0000, 0x0000, 0x0020, 0x0000, 0x0022, 0x0023, 0x1000, 0x2021, 0x3041, 0x2000, 0x0000, 0x0000, 0x0000, 0x0000, 0x0000, 0x0000, 
	0x3000, 0x3842, 0x1020, 0x0800, 0x0000, 0x0000, 0x0000, 0x0000, 0x0800, 0x0800, 0x3021, 0x2800, 0x0000, 0x0000, 0x0000, 0x0000, 
	0x0001, 0x0000, 0x1800, 0x2841, 0x2041, 0x1000, 0x0040, 0x0040, 0x0002, 0x0043, 0x0042, 0x0001, 0x3801, 0x4021, 0x0020, 0x0860, 
	0x00c1, 0x0040, 0x0044, 0x0065, 0x1000, 0x1821, 0x3041, 0x2000, 0x0080, 0x00e0, 0x0041, 0x0041, 0x0064, 0x0003, 0x2800, 0x3041, 
	0x1820, 0x1000, 0x00e1, 0x0080, 0x0003, 0x0065, 0x0002, 0x0001, 0x3021, 0x3001, 0x0020, 0x0860, 0x0061, 0x0000, 0x0045, 0x0024, 
	0x0000, 0x0000, 0x0000, 0x0000, 0x0000, 0x0000, 0x0000, 0x0000, 0x0000, 0x0000, 0x0000, 0x0000, 0x0000, 0x0000, 0x0000, 0x0000, 
	0x0000, 0x0000, 0x0000, 0x0000, 0x0000, 0x0000, 0x0000, 0x0000, 0x0000, 0x0000, 0x0000, 0x0000, 0x0000, 0x0000, 0x0000, 0x0000, 
	0x0000, 0x0000, 0x0000, 0x0000, 0x0000, 0x0000, 0x0000, 0x0000, 0x0000, 0x0000, 0x0000, 0x0000, 0x0000, 0x0000, 0x0000, 0x0000, 
	0x0000, 0x0000, 0x0000, 0x0000, 0x0000, 0x0000, 0x0000, 0x0000, 0x0000, 0x0000, 0x0000, 0x0000, 0x0000, 0x0000, 0x0000, 0x0000, 
	0x0000, 0x0000, 0x2000, 0x3042, 0x2060, 0x1000, 0x0140, 0x0140, 0x0005, 0x00a7, 0x08a6, 0x0003, 0x0000, 0x0000, 0x0000, 0x0000, 
	0x0000, 0x0000, 0x0000, 0x0000, 0x0000, 0x0000, 0x0000, 0x0000, 0x0000, 0x0000, 0x0000, 0x0000, 0x0000, 0x0000, 0x0000, 0x0000, 
	0x0000, 0x0000, 0x0000, 0x0000, 0x0000, 0x0000, 0x0800, 0x0800, 0x3842, 0x2000, 0x0060, 0x0921, 0x0021, 0x0041, 0x0085, 0x0023, 
	0x2000, 0x3862, 0x1000, 0x0800, 0x0941, 0x00a0, 0x0004, 0x0086, 0x0043, 0x0001, 0x0000, 0x0000, 0x0000, 0x0000, 0x0000, 0x0000, 
	0x0000, 0x0000, 0x0800, 0x1020, 0x0820, 0x0000, 0x0060, 0x0060, 0x0000, 0x0020, 0x0800, 0x0800, 0x5001, 0x5842, 0x0040, 0x1101, 
	0x11a3, 0x0080, 0x008b, 0x08cc, 0x0001, 0x0001, 0x0820, 0x0000, 0x0000, 0x0000, 0x0000, 0x0000, 0x0000, 0x0000, 0x0800, 0x1020, 
	0x0000, 0x0000, 0x0000, 0x0000, 0x0000, 0x0000, 0x0000, 0x0000, 0x1021, 0x1000, 0x0000, 0x0000, 0x0000, 0x0000, 0x0000, 0x0000, 
	0x0800, 0x1021, 0x1020, 0x0800, 0x0000, 0x0000, 0x0000, 0x0000, 0x0000, 0x0000, 0x1000, 0x1001, 0x0000, 0x0000, 0x0000, 0x0000, 
	0x0000, 0x0000, 0x0000, 0x0800, 0x1021, 0x0800, 0x0000, 0x0020, 0x0000, 0x0000, 0x0000, 0x0000, 0x1000, 0x1821, 0x0800, 0x0000, 
	0x0040, 0x0020, 0x0000, 0x0001, 0x0000, 0x0000, 0x1800, 0x1000, 0x0020, 0x0040, 0x0020, 0x0000, 0x0021, 0x0001, 0x0800, 0x1020, 
	0x1020, 0x0800, 0x0040, 0x0040, 0x0000, 0x0021, 0x0001, 0x0000, 0x1800, 0x1821, 0x0000, 0x0000, 0x0000, 0x0000, 0x0001, 0x0001, 
	0x0000, 0x0000, 0x0800, 0x1020, 0x0800, 0x0000, 0x0000, 0x0000, 0x0000, 0x0000, 0x0000, 0x0000, 0x1000, 0x0800, 0x0000, 0x0000, 
	0x0000, 0x0000, 0x0000, 0x0000, 0x0800, 0x1021, 0x0000, 0x0000, 0x0020, 0x0020, 0x0000, 0x0001, 0x0001, 0x0000, 0x0800, 0x0800, 
	0x0000, 0x0020, 0x0000, 0x0000, 0x0001, 0x0021, 0x0000, 0x0800, 0x0000, 0x0000, 0x0020, 0x0020, 0x0000, 0x0000, 0x0001, 0x0000, 
	0x0800, 0x0800, 0x0000, 0x0020, 0x0020, 0x0000, 0x0001, 0x0001, 0x0000, 0x0000, 0x0000, 0x0000, 0x0000, 0x0000, 0x0000, 0x0000, 
	0x0000, 0x0000, 0x0800, 0x0800, 0x0000, 0x0000, 0x0000, 0x0000, 0x0000, 0x0000, 0x0000, 0x0000, 0x0000, 0x0000, 0x0000, 0x0000, 
	0x0000, 0x0000, 0x0000, 0x0000, 0x0000, 0x0000, 0x0000, 0x0000, 0x0000, 0x0000, 0x0000, 0x0000, 0x0000, 0x0000, 0x0000, 0x0000, 
	0x0000, 0x0020, 0x0000, 0x0000, 0x0001, 0x0001, 0x0000, 0x0000, 0x0000, 0x0000, 0x0000, 0x0000, 0x0000, 0x0000, 0x0800, 0x1000, 
	0x4842, 0x3000, 0x00e0, 0x1222, 0x0a43, 0x0120, 0x012f, 0x0150, 0x0043, 0x0002, 0x0000, 0x0000, 0x0040, 0x0060, 0x0000, 0x0001, 
	0x0021, 0x0001, 0x0000, 0x0000, 0x0000, 0x0000, 0x0000, 0x0000, 0x0000, 0x0000, 0x1000, 0x2021, 0x2821, 0x1800, 0x0160, 0x0a40, 
	0x0123, 0x00e2, 0x012e, 0x00cc, 0x0001, 0x0000, 0x0000, 0x0000, 0x0000, 0x0000, 0x0000, 0x0000, 0x0000, 0x0000, 0x0000, 0x0000, 
	0x0000, 0x0000, 0x0000, 0x0000, 0x0000, 0x0000, 0x0000, 0x0000, 0x0000, 0x0000, 0x0000, 0x0000, 0x0000, 0x0000, 0x0000, 0x0000, 
	0x0000, 0x0000, 0x0000, 0x0000, 0x0000, 0x0000, 0x0000, 0x0000, 0x0000, 0x0000, 0x0000, 0x0000, 0x0000, 0x0000, 0x0000, 0x0000, 
	0x0000, 0x0000, 0x0000, 0x0000, 0x0000, 0x0000, 0x0000, 0x0000, 0x0000, 0x0000, 0x0000, 0x0000, 0x0000, 0x0000, 0x0000, 0x0000, 
	0x0000, 0x0000, 0x0000, 0x0000, 0x0000, 0x0000, 0x0000, 0x0000, 0x0000, 0x0000, 0x0000, 0x0000, 0x0000, 0x0000, 0x0000, 0x0000, 
	0x0000, 0x0000, 0x0000, 0x0000, 0x0000, 0x0000, 0x0000, 0x0000, 0x0000, 0x0000, 0x0000, 0x0000, 0x0000, 0x0000, 0x0000, 0x0000, 
	0x0000, 0x0000, 0x1800, 0x2841, 0x1821, 0x1000, 0x0000, 0x0000, 0x0000, 0x0000, 0x0000, 0x0800, 0x2821, 0x2801, 0x0000, 0x0020, 
	0x0020, 0x0000, 0x0021, 0x0001, 0x1800, 0x2842, 0x1821, 0x1000, 0x0060, 0x0060, 0x0001, 0x0042, 0x0823, 0x0002, 0x2821, 0x2800, 
	0x0000, 0x0040, 0x0040, 0x0000, 0x0023, 0x0043, 0x1000, 0x2022, 0x1821, 0x1000, 0x0060, 0x0080, 0x0001, 0x0021, 0x0822, 0x0002, 
	0x3001, 0x3001, 0x0000, 0x0020, 0x0060, 0x0020, 0x0022, 0x0022, 0x0800, 0x1821, 0x2041, 0x1000, 0x0020, 0x0020, 0x0000, 0x0000, 
	0x0021, 0x0000, 0x1800, 0x2020, 0x0000, 0x0000, 0x0020, 0x0000, 0x0001, 0x0021, 0x0800, 0x1000, 0x2021, 0x1000, 0x0000, 0x0000, 
	0x0000, 0x0000, 0x0000, 0x0000, 0x1000, 0x1821, 0x0800, 0x0000, 0x0020, 0x0000, 0x0001, 0x0021, 0x0000, 0x0800, 0x2021, 0x1800, 
	0x0020, 0x0060, 0x0041, 0x0000, 0x0043, 0x0022, 0x0800, 0x1821, 0x0800, 0x0800, 0x0060, 0x0060, 0x0001, 0x0021, 0x1800, 0x2822, 
	0xe087, 0xd005, 0x0260, 0x45a6, 0x260a, 0x0320, 0x02bf, 0x0aff, 0x1888, 0x1027, 0x2841, 0x1800, 0x0160, 0x01a1, 0x0042, 0x0063, 
	0x0886, 0x0004, 0x0000, 0x0000, 0x0000, 0x0000, 0x0000, 0x0000, 0x0020, 0x0020, 0x4000, 0x78c5, 0xc8e7, 0x9000, 0x0480, 0x36e6, 
	0x03ec, 0x0287, 0x1b1f, 0x021b, 0x0802, 0x1023, 0x0800, 0x0000, 0x0060, 0x0040, 0x0001, 0x0022, 0x0001, 0x0001, 0x1821, 0x1000, 
	0x0000, 0x0020, 0x0020, 0x0000, 0x0022, 0x0022, 0x0800, 0x1021, 0x1020, 0x0800, 0x0000, 0x0000, 0x0000, 0x0000, 0x0001, 0x0000, 
	0x1800, 0x2021, 0x0000, 0x0000, 0x0000, 0x0000, 0x0000, 0x0000, 0x0000, 0x0800, 0x1821, 0x1000, 0x0000, 0x0000, 0x0000, 0x0000, 
	0x0001, 0x0001, 0x1000, 0x1821, 0x0820, 0x0800, 0x0060, 0x0040, 0x0001, 0x0042, 0x0022, 0x0001, 0x1821, 0x1800, 0x0000, 0x0040, 
	0x0040, 0x0000, 0x0043, 0x0023, 0x0800, 0x1021, 0x1020, 0x0800, 0x0040, 0x0060, 0x0001, 0x0021, 0x0022, 0x0001, 0x1000, 0x1020, 
	0x0000, 0x0000, 0x0060, 0x0020, 0x0002, 0x0023, 0x0000, 0x0000, 0x1020, 0x0800, 0x0000, 0x0020, 0x0000, 0x0000, 0x0001, 0x0001, 
	0x0000, 0x0000, 0x2000, 0x2841, 0x2021, 0x1000, 0x0000, 0x0000, 0x0000, 0x0000, 0x0000, 0x0800, 0x3021, 0x2800, 0x0000, 0x0000, 
	0x0000, 0x0000, 0x0022, 0x0022, 0x2000, 0x3042, 0x2041, 0x1000, 0x0080, 0x0080, 0x0001, 0x0042, 0x0843, 0x0002, 0x3001, 0x3001, 
	0x0020, 0x0040, 0x0060, 0x0020, 0x0044, 0x0044, 0x1000, 0x2022, 0x2041, 0x1800, 0x0080, 0x0080, 0x0001, 0x0022, 0x0823, 0x0002, 
	0x3000, 0x3021, 0x0000, 0x0000, 0x0060, 0x0020, 0x0003, 0x0023, 0x1000, 0x1821, 0x2841, 0x1800, 0x0020, 0x0040, 0x0000, 0x0000, 
	0x0022, 0x0001, 0x2000, 0x2821, 0x0800, 0x0000, 0x0020, 0x0000, 0x0001, 0x0021, 0x0800, 0x1001, 0x2841, 0x1800, 0x0000, 0x0000, 
	0x0000, 0x0000, 0x0001, 0x0000, 0x1800, 0x2821, 0x1020, 0x0800, 0x0020, 0x0020, 0x0001, 0x0022, 0x0800, 0x0801, 0x3021, 0x3000, 
	0x0020, 0x0880, 0x0041, 0x0020, 0x0044, 0x0044, 0x1000, 0x1821, 0x1020, 0x0800, 0x0060, 0x0060, 0x0001, 0x0022, 0x2001, 0x3023, 
	0xf826, 0xf826, 0x02a0, 0x4566, 0x1e2c, 0x0361, 0x02de, 0x0b1f, 0x20a8, 0x1027, 0x3841, 0x2000, 0x0160, 0x09c0, 0x0063, 0x0083, 
	0x08a7, 0x0005, 0x0000, 0x0000, 0x0000, 0x0000, 0x0000, 0x0000, 0x0000, 0x0000, 0x4800, 0x80c5, 0xe8c7, 0xc802, 0x04c0, 0x2f07, 
	0x0c2e, 0x02a8, 0x133f, 0x025c, 0x1803, 0x1824, 0x1020, 0x0800, 0x00a0, 0x0080, 0x0002, 0x0043, 0x0001, 0x0001, 0x3001, 0x2801, 
	0x0000, 0x0840, 0x0060, 0x0020, 0x0023, 0x0043, 0x0800, 0x1821, 0x2021, 0x1000, 0x0000, 0x0000, 0x0000, 0x0001, 0x0022, 0x0001, 
	0x3001, 0x3822, 0x1000, 0x0800, 0x0020, 0x0000, 0x0001, 0x0021, 0x0800, 0x1001, 0x3822, 0x3001, 0x0000, 0x0020, 0x0000, 0x0000, 
	0x0022, 0x0002, 0x2000, 0x3022, 0x2021, 0x1000, 0x00a0, 0x0080, 0x0002, 0x0064, 0x0043, 0x0002, 0x3001, 0x3001, 0x0020, 0x0880, 
	0x00c1, 0x0040, 0x0045, 0x0045, 0x1000, 0x1822, 0x3042, 0x2000, 0x0080, 0x00c0, 0x0022, 0x0042, 0x0064, 0x0003, 0x2000, 0x3021, 
	0x1020, 0x0800, 0x00c1, 0x0080, 0x0023, 0x0064, 0x0801, 0x0001, 0x3021, 0x2800, 0x0000, 0x0040, 0x0020, 0x0000, 0x0023, 0x0023, 
	0x0000, 0x0000, 0x1800, 0x2841, 0x2021, 0x1000, 0x0000, 0x0000, 0x0000, 0x0000, 0x0000, 0x0800, 0x3021, 0x2800, 0x0000, 0x0000, 
	0x0000, 0x0000, 0x0022, 0x0022, 0x1800, 0x3042, 0x2841, 0x1000, 0x0080, 0x00a0, 0x0001, 0x0042, 0x0823, 0x0002, 0x3801, 0x3801, 
	0x0000, 0x0840, 0x0060, 0x0020, 0x0044, 0x0045, 0x1000, 0x2042, 0x2041, 0x1000, 0x0080, 0x00a0, 0x0001, 0x0042, 0x0043, 0x0002, 
	0x3000, 0x3821, 0x0800, 0x0800, 0x0040, 0x0020, 0x0023, 0x0044, 0x0800, 0x1821, 0x2041, 0x1800, 0x0020, 0x0040, 0x0000, 0x0001, 
	0x0022, 0x0001, 0x2000, 0x2820, 0x0800, 0x0000, 0x0020, 0x0000, 0x0001, 0x0001, 0x0800, 0x1020, 0x2821, 0x1800, 0x0000, 0x0000, 
	0x0000, 0x0000, 0x0021, 0x0001, 0x1800, 0x2041, 0x1020, 0x0800, 0x0020, 0x0020, 0x0001, 0x0022, 0x0801, 0x0801, 0x3021, 0x3000, 
	0x0020, 0x0080, 0x0041, 0x0020, 0x0045, 0x0024, 0x1000, 0x1821, 0x1020, 0x0800, 0x0060, 0x0060, 0x0001, 0x0021, 0x2000, 0x3823, 
	0xf826, 0xf806, 0x0280, 0x4d66, 0x262c, 0x0340, 0x02be, 0x0b1f, 0x20a9, 0x1047, 0x3841, 0x2800, 0x0160, 0x09c0, 0x0063, 0x0083, 
	0x08a7, 0x0025, 0x0000, 0x0000, 0x0000, 0x0000, 0x0000, 0x0000, 0x0000, 0x0000, 0x4800, 0x80a5, 0xe8c7, 0xc002, 0x04a0, 0x2ee7, 
	0x0c2e, 0x02a8, 0x133f, 0x023c, 0x1803, 0x1824, 0x1820, 0x0800, 0x00a0, 0x0080, 0x0002, 0x0063, 0x0022, 0x0001, 0x3001, 0x2801, 
	0x0000, 0x0040, 0x0060, 0x0020, 0x0043, 0x0023, 0x0800, 0x1821, 0x2021, 0x1000, 0x0000, 0x0000, 0x0001, 0x0001, 0x0022, 0x0001, 
	0x3000, 0x3821, 0x1020, 0x0800, 0x0020, 0x0000, 0x0002, 0x0022, 0x0800, 0x1001, 0x3821, 0x2800, 0x0000, 0x0020, 0x0020, 0x0000, 
	0x0023, 0x0002, 0x2000, 0x3041, 0x2041, 0x1000, 0x00a0, 0x0080, 0x0002, 0x0064, 0x0043, 0x0002, 0x3001, 0x3001, 0x0040, 0x0880, 
	0x00c1, 0x0040, 0x0044, 0x0065, 0x1000, 0x1821, 0x3042, 0x2000, 0x00a0, 0x0100, 0x0022, 0x0042, 0x0085, 0x0004, 0x2800, 0x3041, 
	0x1020, 0x0800, 0x00c0, 0x0080, 0x0003, 0x0064, 0x0001, 0x0001, 0x3021, 0x3001, 0x0000, 0x0020, 0x0020, 0x0000, 0x0044, 0x0023, 
	0x0000, 0x0000, 0x2000, 0x3041, 0x2041, 0x1000, 0x0000, 0x0000, 0x0000, 0x0000, 0x0000, 0x0800, 0x3021, 0x3001, 0x0000, 0x0000, 
	0x0000, 0x0000, 0x0023, 0x0022, 0x1800, 0x3042, 0x2841, 0x1000, 0x0080, 0x0080, 0x0001, 0x0042, 0x0823, 0x0002, 0x3801, 0x3801, 
	0x0000, 0x0840, 0x0081, 0x0020, 0x0044, 0x0064, 0x1000, 0x2022, 0x2821, 0x1800, 0x0080, 0x00a0, 0x0001, 0x0042, 0x0864, 0x0002, 
	0x3000, 0x3821, 0x0800, 0x0800, 0x0060, 0x0020, 0x0024, 0x0065, 0x1000, 0x1821, 0x2821, 0x1800, 0x0020, 0x0020, 0x0000, 0x0001, 
	0x0022, 0x0001, 0x2000, 0x2821, 0x0800, 0x0000, 0x0020, 0x0000, 0x0001, 0x0022, 0x0800, 0x1001, 0x2821, 0x2000, 0x0000, 0x0000, 
	0x0000, 0x0000, 0x0001, 0x0001, 0x1800, 0x2821, 0x1020, 0x0800, 0x0020, 0x0020, 0x0001, 0x0022, 0x0801, 0x0801, 0x3021, 0x3000, 
	0x0020, 0x0060, 0x0060, 0x0020, 0x0045, 0x0044, 0x1000, 0x1821, 0x1820, 0x0800, 0x0080, 0x0080, 0x0001, 0x0022, 0x2001, 0x3823, 
	0xf026, 0xf026, 0x0280, 0x4d66, 0x262c, 0x0341, 0x02be, 0x0b1f, 0x20a8, 0x1027, 0x3841, 0x2000, 0x0160, 0x01c1, 0x0063, 0x0083, 
	0x08c8, 0x0025, 0x0000, 0x0000, 0x0000, 0x0000, 0x0000, 0x0000, 0x0000, 0x0000, 0x4800, 0x80c5, 0xe8c7, 0xc002, 0x04a0, 0x36e7, 
	0x0c2e, 0x02a8, 0x133f, 0x023c, 0x1803, 0x1824, 0x1020, 0x0800, 0x00a0, 0x0080, 0x0002, 0x0043, 0x0022, 0x0001, 0x3001, 0x2801, 
	0x0000, 0x0040, 0x0060, 0x0020, 0x0044, 0x0024, 0x1000, 0x1821, 0x2021, 0x1800, 0x0020, 0x0020, 0x0001, 0x0021, 0x0022, 0x0001, 
	0x3000, 0x3821, 0x1000, 0x0800, 0x0020, 0x0000, 0x0002, 0x0022, 0x0800, 0x1021, 0x3821, 0x3000, 0x0000, 0x0020, 0x0000, 0x0000, 
	0x0023, 0x0002, 0x2000, 0x3041, 0x2041, 0x1000, 0x00a0, 0x00a0, 0x0003, 0x0064, 0x0843, 0x0002, 0x3801, 0x3801, 0x0040, 0x08a0, 
	0x00a1, 0x0040, 0x0065, 0x0065, 0x1000, 0x2021, 0x3041, 0x2000, 0x0080, 0x00e0, 0x0042, 0x0042, 0x0085, 0x0024, 0x2800, 0x3821, 
	0x1020, 0x0800, 0x00c0, 0x0080, 0x0003, 0x0065, 0x0802, 0x0001, 0x3021, 0x3000, 0x0000, 0x0020, 0x0020, 0x0000, 0x0044, 0x0024, 
	0x0000, 0x0000, 0x2000, 0x3041, 0x1821, 0x1000, 0x0000, 0x0000, 0x0000, 0x0000, 0x0000, 0x0801, 0x3021, 0x3000, 0x0000, 0x0000, 
	0x0000, 0x0000, 0x0023, 0x0023, 0x1800, 0x3042, 0x2041, 0x1000, 0x0060, 0x0060, 0x0001, 0x0042, 0x0022, 0x0002, 0x3001, 0x3001, 
	0x0020, 0x0840, 0x0060, 0x0020, 0x0044, 0x0064, 0x1000, 0x2042, 0x2821, 0x1800, 0x0080, 0x00a0, 0x0001, 0x0042, 0x0844, 0x0002, 
	0x3000, 0x3821, 0x0020, 0x0000, 0x0060, 0x0020, 0x0024, 0x0065, 0x1000, 0x1821, 0x2841, 0x1800, 0x0020, 0x0040, 0x0000, 0x0021, 
	0x0022, 0x0001, 0x2000, 0x2021, 0x0800, 0x0000, 0x0000, 0x0000, 0x0001, 0x0022, 0x0800, 0x1001, 0x2841, 0x2000, 0x0000, 0x0000, 
	0x0000, 0x0000, 0x0001, 0x0000, 0x1800, 0x2821, 0x1021, 0x0800, 0x0020, 0x0020, 0x0001, 0x0022, 0x0801, 0x0801, 0x3021, 0x2800, 
	0x0020, 0x0080, 0x0061, 0x0020, 0x0044, 0x0024, 0x1000, 0x1821, 0x1820, 0x0800, 0x0080, 0x0080, 0x0001, 0x0022, 0x2001, 0x3843, 
	0xf026, 0xf006, 0x02a0, 0x4d66, 0x260c, 0x0341, 0x02bd, 0x0b1f, 0x2089, 0x1027, 0x3041, 0x2000, 0x0140, 0x01a0, 0x0063, 0x0083, 
	0x08a7, 0x0025, 0x0000, 0x0000, 0x0000, 0x0000, 0x0000, 0x0000, 0x0000, 0x0000, 0x4800, 0x80c5, 0xe8e7, 0xc002, 0x04c0, 0x3707, 
	0x0c2d, 0x02a7, 0x133f, 0x023c, 0x1004, 0x1824, 0x1020, 0x0800, 0x00a0, 0x0080, 0x0002, 0x0063, 0x0022, 0x0001, 0x3001, 0x3001, 
	0x0000, 0x0040, 0x0061, 0x0020, 0x0044, 0x0044, 0x1000, 0x1821, 0x2841, 0x1800, 0x0000, 0x0020, 0x0000, 0x0021, 0x0022, 0x0001, 
	0x3000, 0x3841, 0x1000, 0x0800, 0x0020, 0x0000, 0x0002, 0x0022, 0x0800, 0x1001, 0x3821, 0x3000, 0x0000, 0x0040, 0x0000, 0x0000, 
	0x0022, 0x0002, 0x2000, 0x3041, 0x2021, 0x1000, 0x00c0, 0x0080, 0x0003, 0x0085, 0x0043, 0x0002, 0x3001, 0x3001, 0x0040, 0x0880, 
	0x00c1, 0x0040, 0x0065, 0x0066, 0x1000, 0x2021, 0x3041, 0x2000, 0x0080, 0x00e0, 0x0022, 0x0042, 0x0085, 0x0003, 0x2800, 0x3821, 
	0x1020, 0x0800, 0x00e0, 0x0080, 0x0004, 0x0065, 0x0802, 0x0001, 0x3001, 0x3001, 0x0000, 0x0040, 0x0020, 0x0000, 0x0044, 0x0024, 
	0x0000, 0x0000, 0x2000, 0x2842, 0x2021, 0x1000, 0x0000, 0x0000, 0x0000, 0x0020, 0x0000, 0x0801, 0x3021, 0x3001, 0x0000, 0x0020, 
	0x0020, 0x0000, 0x0022, 0x0022, 0x1800, 0x3042, 0x2841, 0x1000, 0x0080, 0x0060, 0x0002, 0x0043, 0x0843, 0x0002, 0x3001, 0x3001, 
	0x0000, 0x0840, 0x0080, 0x0020, 0x0023, 0x0044, 0x1000, 0x2042, 0x2841, 0x1800, 0x0080, 0x00a0, 0x0001, 0x0042, 0x0843, 0x0002, 
	0x3001, 0x3801, 0x0800, 0x0820, 0x0080, 0x0020, 0x0023, 0x0064, 0x0800, 0x1821, 0x2841, 0x1800, 0x0020, 0x0040, 0x0001, 0x0001, 
	0x0022, 0x0001, 0x2000, 0x2020, 0x0800, 0x0000, 0x0000, 0x0000, 0x0001, 0x0021, 0x0800, 0x1001, 0x2821, 0x2000, 0x0000, 0x0000, 
	0x0000, 0x0000, 0x0001, 0x0000, 0x2000, 0x2821, 0x1020, 0x0800, 0x0020, 0x0020, 0x0001, 0x0022, 0x0801, 0x0801, 0x3022, 0x2801, 
	0x0020, 0x00a0, 0x0060, 0x0020, 0x0045, 0x0024, 0x1000, 0x1821, 0x1020, 0x0800, 0x0080, 0x0060, 0x0002, 0x0042, 0x2001, 0x3823, 
	0xf826, 0xf806, 0x02a0, 0x4d66, 0x260c, 0x0341, 0x02be, 0x0b1f, 0x2088, 0x1047, 0x3841, 0x2000, 0x0140, 0x09a1, 0x0042, 0x0083, 
	0x08a6, 0x0024, 0x0000, 0x0000, 0x0000, 0x0000, 0x0000, 0x0000, 0x0000, 0x0020, 0x4800, 0x80c5, 0xe8e7, 0xc002, 0x04e0, 0x2f27, 
	0x0c2e, 0x02a8, 0x1b3f, 0x025c, 0x1803, 0x1823, 0x1040, 0x0800, 0x00a0, 0x0080, 0x0002, 0x0064, 0x0022, 0x0002, 0x2800, 0x2800, 
	0x0020, 0x0040, 0x0040, 0x0020, 0x0044, 0x0024, 0x1000, 0x1821, 0x2021, 0x1000, 0x0000, 0x0000, 0x0001, 0x0021, 0x0022, 0x0001, 
	0x3000, 0x3821, 0x1000, 0x0800, 0x0020, 0x0000, 0x0002, 0x0022, 0x0800, 0x1001, 0x3821, 0x3000, 0x0000, 0x0020, 0x0000, 0x0001, 
	0x0043, 0x0022, 0x2000, 0x3041, 0x2041, 0x1000, 0x00a0, 0x0080, 0x0003, 0x0065, 0x0043, 0x0002, 0x3001, 0x3001, 0x0040, 0x0880, 
	0x00a1, 0x0020, 0x0066, 0x0066, 0x1000, 0x2021, 0x3041, 0x2000, 0x00a0, 0x00e0, 0x0022, 0x0042, 0x0065, 0x0003, 0x2800, 0x3041, 
	0x1040, 0x0800, 0x00e0, 0x0080, 0x0024, 0x0085, 0x0002, 0x0001, 0x3021, 0x3000, 0x0020, 0x0040, 0x0040, 0x0020, 0x0044, 0x0024, 
	0x0000, 0x0000, 0x1000, 0x1821, 0x1821, 0x0800, 0x0000, 0x0000, 0x0000, 0x0000, 0x0000, 0x0000, 0x1800, 0x2001, 0x0000, 0x0000, 
	0x0020, 0x0000, 0x0001, 0x0001, 0x1000, 0x1821, 0x1841, 0x1000, 0x0040, 0x0040, 0x0000, 0x0021, 0x0022, 0x0001, 0x2000, 0x2021, 
	0x0000, 0x0020, 0x0060, 0x0020, 0x0001, 0x0021, 0x0800, 0x1821, 0x2041, 0x1000, 0x0020, 0x0060, 0x0000, 0x0001, 0x0022, 0x0001, 
	0x2000, 0x2821, 0x0800, 0x0800, 0x0040, 0x0020, 0x0001, 0x0042, 0x0800, 0x1001, 0x2021, 0x1800, 0x0000, 0x0020, 0x0000, 0x0000, 
	0x0021, 0x0001, 0x1000, 0x1821, 0x0800, 0x0000, 0x0000, 0x0000, 0x0001, 0x0001, 0x0000, 0x0800, 0x2021, 0x1800, 0x0000, 0x0000, 
	0x0000, 0x0000, 0x0000, 0x0000, 0x1800, 0x2021, 0x1021, 0x0800, 0x0020, 0x0020, 0x0000, 0x0021, 0x0000, 0x0800, 0x3001, 0x2801, 
	0x0020, 0x0860, 0x0061, 0x0020, 0x0043, 0x0023, 0x0800, 0x1821, 0x1020, 0x0800, 0x0060, 0x0080, 0x0001, 0x0021, 0x1801, 0x3023, 
	0xf025, 0xf066, 0x0260, 0x4ce4, 0x264a, 0x0360, 0x025d, 0x0aff, 0x18a8, 0x1027, 0x3841, 0x2800, 0x0140, 0x09e1, 0x0062, 0x0042, 
	0x0066, 0x0004, 0x0000, 0x0000, 0x0000, 0x0000, 0x0020, 0x0000, 0x0000, 0x0000, 0x4000, 0x78c5, 0xe907, 0xc002, 0x04a0, 0x2f06, 
	0x0c4d, 0x02a6, 0x133f, 0x025d, 0x1803, 0x1823, 0x1820, 0x0800, 0x0080, 0x0060, 0x0002, 0x0043, 0x0822, 0x0002, 0x2801, 0x2801, 
	0x0020, 0x0040, 0x0061, 0x0020, 0x0044, 0x0044, 0x1000, 0x1821, 0x2021, 0x1000, 0x0020, 0x0020, 0x0000, 0x0021, 0x0022, 0x0001, 
	0x3000, 0x3841, 0x1020, 0x0800, 0x0020, 0x0020, 0x0001, 0x0022, 0x0800, 0x1001, 0x3821, 0x3000, 0x0000, 0x0020, 0x0000, 0x0000, 
	0x0043, 0x0022, 0x2000, 0x3042, 0x2041, 0x1000, 0x00a0, 0x00a0, 0x0003, 0x0064, 0x0043, 0x0002, 0x3001, 0x3001, 0x0040, 0x0880, 
	0x00c1, 0x0040, 0x0066, 0x0066, 0x1000, 0x2022, 0x3041, 0x2000, 0x00a0, 0x00e0, 0x0022, 0x0042, 0x0865, 0x0003, 0x2800, 0x3841, 
	0x1020, 0x1000, 0x0101, 0x0080, 0x0024, 0x0085, 0x0802, 0x0001, 0x3021, 0x3000, 0x0020, 0x0860, 0x0040, 0x0000, 0x0044, 0x0023, 
	0x0000, 0x0000, 0x0000, 0x0000, 0x0000, 0x0000, 0x0000, 0x0000, 0x0000, 0x0000, 0x0000, 0x0000, 0x0000, 0x0000, 0x0000, 0x0000, 
	0x0000, 0x0000, 0x0000, 0x0000, 0x0000, 0x0000, 0x0000, 0x0000, 0x0000, 0x0000, 0x0000, 0x0000, 0x0000, 0x0000, 0x0000, 0x0000, 
	0x0000, 0x0000, 0x0000, 0x0000, 0x0000, 0x0000, 0x0000, 0x0000, 0x0000, 0x0000, 0x0000, 0x0000, 0x0000, 0x0000, 0x0000, 0x0000, 
	0x0000, 0x0000, 0x0000, 0x0000, 0x0000, 0x0000, 0x0000, 0x0000, 0x0000, 0x0000, 0x0000, 0x0000, 0x0000, 0x0000, 0x0000, 0x0000, 
	0x0000, 0x0000, 0x0000, 0x0000, 0x0000, 0x0000, 0x0000, 0x0000, 0x0000, 0x0000, 0x0000, 0x0000, 0x0000, 0x0000, 0x0000, 0x0000, 
	0x0000, 0x0000, 0x0000, 0x0000, 0x0000, 0x0000, 0x0800, 0x0000, 0x0000, 0x0000, 0x0000, 0x0000, 0x0000, 0x0000, 0x0800, 0x1000, 
	0x0000, 0x0000, 0x0020, 0x0000, 0x0000, 0x0000, 0x0000, 0x0000, 0x0800, 0x0000, 0x0000, 0x0000, 0x0000, 0x0000, 0x0000, 0x0800, 
	0x5800, 0x7884, 0x1080, 0x10a0, 0x12e3, 0x01a0, 0x006a, 0x094d, 0x0885, 0x0003, 0x1800, 0x1000, 0x0000, 0x0041, 0x0040, 0x0000, 
	0x0001, 0x0001, 0x0000, 0x0800, 0x0800, 0x0800, 0x0000, 0x0800, 0x0000, 0x0000, 0x1000, 0x2020, 0x7823, 0x8023, 0x0120, 0x1aa1, 
	0x1ae7, 0x0120, 0x0131, 0x0972, 0x0022, 0x0002, 0x0820, 0x0800, 0x0020, 0x0020, 0x0000, 0x0000, 0x0000, 0x0000, 0x1000, 0x1821, 
	0x0000, 0x0000, 0x0020, 0x0000, 0x0001, 0x0001, 0x0000, 0x0000, 0x1020, 0x0800, 0x0000, 0x0000, 0x0000, 0x0000, 0x0000, 0x0000, 
	0x1000, 0x1820, 0x1020, 0x0800, 0x0000, 0x0000, 0x0000, 0x0000, 0x0000, 0x0000, 0x1801, 0x1800, 0x0000, 0x0000, 0x0000, 0x0000, 
	0x0001, 0x0001, 0x0800, 0x1021, 0x1821, 0x1000, 0x0020, 0x0040, 0x0000, 0x0001, 0x0001, 0x0000, 0x1000, 0x1821, 0x0000, 0x0020, 
	0x0060, 0x0020, 0x0002, 0x0022, 0x0000, 0x0800, 0x2021, 0x1800, 0x0020, 0x0060, 0x0020, 0x0000, 0x0022, 0x0001, 0x1000, 0x1821, 
	0x1020, 0x0800, 0x0080, 0x0040, 0x0001, 0x0022, 0x0000, 0x0000, 0x1800, 0x2001, 0x0000, 0x0020, 0x0020, 0x0000, 0x0021, 0x0001, 
	0x0000, 0x0000, 0x0800, 0x1020, 0x0000, 0x0000, 0x0000, 0x0000, 0x0000, 0x0000, 0x0000, 0x0000, 0x0800, 0x0000, 0x0000, 0x0000, 
	0x0000, 0x0000, 0x0000, 0x0000, 0x0000, 0x0020, 0x0000, 0x0000, 0x0000, 0x0000, 0x0000, 0x0000, 0x0000, 0x0000, 0x0800, 0x0000, 
	0x0000, 0x0000, 0x0000, 0x0000, 0x0000, 0x0001, 0x0000, 0x0000, 0x0000, 0x0000, 0x0000, 0x0000, 0x0000, 0x0000, 0x0000, 0x0000, 
	0x0000, 0x0000, 0x0000, 0x0000, 0x0000, 0x0000, 0x0000, 0x0000, 0x0000, 0x0000, 0x0000, 0x0000, 0x0000, 0x0000, 0x0000, 0x0000, 
	0x0000, 0x0000, 0x0000, 0x0000, 0x0000, 0x0000, 0x0000, 0x0000, 0x0000, 0x0000, 0x0000, 0x0000, 0x0000, 0x0000, 0x0000, 0x0000, 
	0x0000, 0x0000, 0x0000, 0x0000, 0x0000, 0x0000, 0x0000, 0x0000, 0x0000, 0x0000, 0x0000, 0x0000, 0x0000, 0x0000, 0x0000, 0x0000, 
	0x0000, 0x0000, 0x0000, 0x0000, 0x0000, 0x0000, 0x0000, 0x0000, 0x0000, 0x0000, 0x0000, 0x0000, 0x0000, 0x0000, 0x0000, 0x0800, 
	0x1800, 0x1000, 0x0040, 0x00c0, 0x00e0, 0x0060, 0x0047, 0x0067, 0x1000, 0x1822, 0x1000, 0x0800, 0x01a0, 0x01e0, 0x0065, 0x00c6, 
	0x08cb, 0x0028, 0x3000, 0x2800, 0x0080, 0x1100, 0x01e1, 0x0120, 0x008a, 0x00eb, 0x0844, 0x0003, 0x1000, 0x1000, 0x0060, 0x00c0, 
	0x0081, 0x0040, 0x0087, 0x0047, 0x0000, 0x0000, 0x0000, 0x0000, 0x0000, 0x0000, 0x0000, 0x0000, 0x0000, 0x0000, 0x0000, 0x0000, 
	0x0000, 0x0000, 0x0000, 0x0000, 0x0000, 0x0000, 0x0000, 0x0000, 0x0000, 0x0000, 0x0000, 0x0000, 0x0000, 0x0000, 0x0000, 0x0000, 
	0x0000, 0x0000, 0x0000, 0x0000, 0x0000, 0x0000, 0x0000, 0x0000, 0x0000, 0x0000, 0x0000, 0x0000, 0x0000, 0x0000, 0x0000, 0x0000, 
	0x0000, 0x0000, 0x0000, 0x0000, 0x0000, 0x0000, 0x0000, 0x0000, 0x0000, 0x0000, 0x0000, 0x0000, 0x0000, 0x0000, 0x0000, 0x0000, 
	0x0000, 0x0000, 0x0000, 0x0000, 0x0000, 0x0000, 0x0000, 0x0000, 0x0000, 0x0000, 0x0000, 0x0000, 0x0000, 0x0000, 0x0000, 0x0000, 
	0x0000, 0x0000, 0x0000, 0x0000, 0x0000, 0x0000, 0x0000, 0x0000, 0x0000, 0x0000, 0x0000, 0x0000, 0x0000, 0x0000, 0x0000, 0x0000, 
	0x0000, 0x0000, 0x2000, 0x2841, 0x1821, 0x0800, 0x0000, 0x0000, 0x0000, 0x0000, 0x0000, 0x0000, 0x2821, 0x2000, 0x0000, 0x0000, 
	0x0000, 0x0000, 0x0002, 0x0002, 0x1000, 0x1821, 0x1020, 0x0800, 0x0060, 0x0060, 0x0001, 0x0021, 0x0001, 0x0001, 0x2001, 0x2000, 
	0x0000, 0x0020, 0x0040, 0x0000, 0x0023, 0x0023, 0x1000, 0x1821, 0x1821, 0x1000, 0x0060, 0x0060, 0x0000, 0x0021, 0x0002, 0x0001, 
	0x2000, 0x2821, 0x0000, 0x0000, 0x0040, 0x0000, 0x0001, 0x0022, 0x0800, 0x1821, 0x1821, 0x1000, 0x0000, 0x0000, 0x0000, 0x0000, 
	0x0001, 0x0001, 0x2000, 0x2821, 0x0000, 0x0000, 0x0000, 0x0000, 0x0000, 0x0000, 0x0800, 0x1021, 0x2021, 0x1800, 0x0000, 0x0000, 
	0x0000, 0x0000, 0x0000, 0x0000, 0x1000, 0x2021, 0x0800, 0x0000, 0x0000, 0x0000, 0x0000, 0x0000, 0x0000, 0x0800, 0x2821, 0x1800, 
	0x0000, 0x0000, 0x0000, 0x0000, 0x0001, 0x0001, 0x1000, 0x1821, 0x0800, 0x0800, 0x0020, 0x0020, 0x0000, 0x0021, 0x1000, 0x1801, 
	0x9864, 0x8802, 0x0140, 0x2343, 0x1b66, 0x0160, 0x0175, 0x0175, 0x5802, 0x9109, 0x8903, 0x6000, 0x05e0, 0x1ea3, 0x01ee, 0x02b0, 
	0x2a5a, 0x0093, 0xc004, 0xc045, 0x09a0, 0x4362, 0x2627, 0x03e0, 0x01b9, 0x12fe, 0x30cb, 0x286a, 0x80a3, 0x5800, 0x0280, 0x1c03, 
	0x01e8, 0x0145, 0x11d6, 0x0112, 0x0800, 0x1001, 0x0000, 0x0000, 0x0080, 0x0060, 0x0002, 0x0043, 0x0021, 0x0001, 0x1020, 0x1000, 
	0x0000, 0x0040, 0x0040, 0x0000, 0x0043, 0x0023, 0x0000, 0x0820, 0x0800, 0x0000, 0x0020, 0x0020, 0x0000, 0x0021, 0x0022, 0x0001, 
	0x1000, 0x1000, 0x0000, 0x0020, 0x0040, 0x0020, 0x0002, 0x0022, 0x0800, 0x0801, 0x1821, 0x0800, 0x0060, 0x00c1, 0x0041, 0x0041, 
	0x0085, 0x0024, 0x1800, 0x2021, 0x0820, 0x0000, 0x00e0, 0x00c0, 0x0003, 0x0085, 0x0043, 0x0002, 0x0000, 0x0000, 0x0000, 0x0020, 
	0x0020, 0x0000, 0x0021, 0x0001, 0x0000, 0x0800, 0x0820, 0x0000, 0x0040, 0x0040, 0x0000, 0x0021, 0x0022, 0x0001, 0x0800, 0x0820, 
	0x0000, 0x0000, 0x0040, 0x0020, 0x0001, 0x0021, 0x0000, 0x0000, 0x0820, 0x0000, 0x0000, 0x0000, 0x0000, 0x0000, 0x0000, 0x0000, 
	0x0000, 0x0000, 0x2000, 0x2841, 0x2041, 0x1000, 0x0000, 0x0000, 0x0000, 0x0000, 0x0000, 0x0000, 0x2821, 0x2800, 0x0000, 0x0020, 
	0x0020, 0x0000, 0x0022, 0x0022, 0x1000, 0x2021, 0x1821, 0x0800, 0x0060, 0x0060, 0x0001, 0x0022, 0x0022, 0x0001, 0x2801, 0x2801, 
	0x0000, 0x0040, 0x0040, 0x0000, 0x0024, 0x0044, 0x1000, 0x2022, 0x2041, 0x1000, 0x0080, 0x00a0, 0x0001, 0x0021, 0x0823, 0x0002, 
	0x3000, 0x3021, 0x0800, 0x0800, 0x0040, 0x0000, 0x0022, 0x0022, 0x0800, 0x1821, 0x2841, 0x1800, 0x0000, 0x0000, 0x0000, 0x0000, 
	0x0022, 0x0001, 0x2800, 0x3021, 0x0800, 0x0000, 0x0000, 0x0000, 0x0000, 0x0000, 0x0800, 0x1021, 0x3022, 0x2800, 0x0000, 0x0000, 
	0x0000, 0x0000, 0x0000, 0x0000, 0x1800, 0x2021, 0x1000, 0x0800, 0x0000, 0x0000, 0x0000, 0x0000, 0x0000, 0x0800, 0x3821, 0x3000, 
	0x0000, 0x0000, 0x0000, 0x0000, 0x0002, 0x0002, 0x1000, 0x2021, 0x1821, 0x0800, 0x0040, 0x0020, 0x0001, 0x0022, 0x1001, 0x1802, 
	0xb803, 0xb802, 0x0180, 0x2b42, 0x13c6, 0x01e0, 0x0176, 0x0176, 0x7002, 0xa8ea, 0xc186, 0x8800, 0x0641, 0x16e4, 0x024f, 0x02d1, 
	0x2a5a, 0x00b4, 0xe005, 0xf867, 0x2a20, 0x5b82, 0x1ea6, 0x04a0, 0x01fa, 0x0b3e, 0x40cc, 0x388b, 0xb063, 0x9800, 0x0300, 0x1c82, 
	0x0269, 0x01a6, 0x09d9, 0x0136, 0x1800, 0x2022, 0x1020, 0x0800, 0x0100, 0x00c0, 0x0003, 0x0064, 0x0823, 0x0002, 0x2820, 0x2800, 
	0x0040, 0x08c1, 0x00a1, 0x0020, 0x0066, 0x0045, 0x0800, 0x1821, 0x2021, 0x1000, 0x0080, 0x00a0, 0x0001, 0x0042, 0x0044, 0x0002, 
	0x2000, 0x2821, 0x0020, 0x0840, 0x00c0, 0x0060, 0x0023, 0x0044, 0x0800, 0x1001, 0x3821, 0x2800, 0x00c0, 0x0961, 0x0082, 0x0061, 
	0x00c8, 0x0046, 0x3000, 0x4862, 0x2861, 0x1800, 0x01a0, 0x0160, 0x0026, 0x08c8, 0x0886, 0x0003, 0x1800, 0x1800, 0x0020, 0x0060, 
	0x0061, 0x0020, 0x0023, 0x0023, 0x1000, 0x2021, 0x3042, 0x1800, 0x0080, 0x00e0, 0x0022, 0x0042, 0x0064, 0x0003, 0x2800, 0x3021, 
	0x1020, 0x0800, 0x00c0, 0x0060, 0x0003, 0x0044, 0x0001, 0x0001, 0x2821, 0x2000, 0x0000, 0x0000, 0x0000, 0x0000, 0x0022, 0x0002, 
	0x0000, 0x0000, 0x1800, 0x2841, 0x2021, 0x1000, 0x0000, 0x0000, 0x0000, 0x0001, 0x0001, 0x0001, 0x2821, 0x2800, 0x0000, 0x0020, 
	0x0040, 0x0000, 0x0022, 0x0022, 0x1000, 0x2021, 0x1821, 0x0800, 0x0060, 0x0060, 0x0001, 0x0022, 0x0822, 0x0002, 0x3001, 0x3001, 
	0x0000, 0x0020, 0x0060, 0x0020, 0x0023, 0x0044, 0x1000, 0x2042, 0x2821, 0x1800, 0x0060, 0x0080, 0x0001, 0x0022, 0x0043, 0x0002, 
	0x3000, 0x3021, 0x0000, 0x0000, 0x0040, 0x0000, 0x0002, 0x0022, 0x0800, 0x1821, 0x2841, 0x1800, 0x0000, 0x0000, 0x0000, 0x0000, 
	0x0022, 0x0001, 0x2800, 0x3021, 0x1000, 0x0800, 0x0000, 0x0000, 0x0000, 0x0000, 0x0800, 0x1021, 0x3041, 0x2000, 0x0000, 0x0000, 
	0x0000, 0x0000, 0x0000, 0x0000, 0x1800, 0x2021, 0x1021, 0x0800, 0x0000, 0x0000, 0x0000, 0x0000, 0x0000, 0x0800, 0x3821, 0x3000, 
	0x0000, 0x0000, 0x0000, 0x0000, 0x0022, 0x0002, 0x1000, 0x2021, 0x1821, 0x1000, 0x0040, 0x0040, 0x0001, 0x0022, 0x1001, 0x1802, 
	0xb823, 0xb002, 0x0180, 0x2b42, 0x13c6, 0x01e0, 0x0155, 0x0176, 0x6802, 0xa8ea, 0xc185, 0x8800, 0x0621, 0x16e4, 0x024f, 0x02b1, 
	0x2a3a, 0x00b4, 0xe005, 0xf047, 0x3220, 0x5b82, 0x1ea7, 0x0480, 0x01fa, 0x0b3e, 0x40cc, 0x388b, 0xb063, 0x9000, 0x02e0, 0x1c82, 
	0x0269, 0x01a6, 0x09f8, 0x0136, 0x1801, 0x2022, 0x1020, 0x0800, 0x00e0, 0x00c0, 0x0003, 0x0064, 0x0823, 0x0002, 0x2800, 0x2800, 
	0x0040, 0x08c1, 0x00a1, 0x0020, 0x0065, 0x0045, 0x1000, 0x1821, 0x2041, 0x1000, 0x0080, 0x00a0, 0x0001, 0x0042, 0x0043, 0x0002, 
	0x2800, 0x3021, 0x0820, 0x0840, 0x00c0, 0x0040, 0x0023, 0x0044, 0x0800, 0x1021, 0x3842, 0x3000, 0x00c0, 0x0981, 0x00a2, 0x0061, 
	0x00c8, 0x0047, 0x3000, 0x4862, 0x2861, 0x1800, 0x09c0, 0x0160, 0x0026, 0x08e8, 0x08a6, 0x0004, 0x1800, 0x1800, 0x0020, 0x0060, 
	0x0081, 0x0020, 0x0023, 0x0023, 0x1000, 0x2021, 0x3041, 0x2000, 0x0080, 0x00e0, 0x0022, 0x0042, 0x0064, 0x0003, 0x2800, 0x3041, 
	0x1020, 0x0800, 0x00c0, 0x0060, 0x0003, 0x0064, 0x0001, 0x0001, 0x2821, 0x2000, 0x0000, 0x0000, 0x0000, 0x0000, 0x0022, 0x0002, 
	0x0000, 0x0000, 0x1800, 0x2842, 0x2021, 0x1000, 0x0000, 0x0000, 0x0000, 0x0000, 0x0000, 0x0000, 0x2820, 0x2800, 0x0000, 0x0020, 
	0x0020, 0x0000, 0x0022, 0x0022, 0x1000, 0x2021, 0x1821, 0x1000, 0x0060, 0x0060, 0x0001, 0x0022, 0x0022, 0x0002, 0x3001, 0x3001, 
	0x0000, 0x0020, 0x0061, 0x0000, 0x0044, 0x0065, 0x1000, 0x2022, 0x2821, 0x1800, 0x0060, 0x0080, 0x0001, 0x0022, 0x0043, 0x0002, 
	0x3000, 0x3021, 0x0020, 0x0000, 0x0040, 0x0000, 0x0023, 0x0023, 0x0800, 0x1821, 0x2821, 0x1800, 0x0000, 0x0000, 0x0000, 0x0000, 
	0x0022, 0x0001, 0x2800, 0x3021, 0x1000, 0x0800, 0x0000, 0x0000, 0x0000, 0x0001, 0x0800, 0x1021, 0x3041, 0x2000, 0x0000, 0x0000, 
	0x0000, 0x0000, 0x0000, 0x0000, 0x1800, 0x2021, 0x1021, 0x0800, 0x0000, 0x0000, 0x0000, 0x0000, 0x0000, 0x0800, 0x3821, 0x3000, 
	0x0000, 0x0000, 0x0000, 0x0000, 0x0022, 0x0002, 0x1000, 0x2021, 0x1821, 0x1000, 0x0040, 0x0040, 0x0001, 0x0021, 0x1001, 0x1802, 
	0xb823, 0xb002, 0x0160, 0x3342, 0x13a6, 0x01c0, 0x0155, 0x0176, 0x6802, 0xa8e9, 0xb965, 0x8800, 0x0622, 0x16e4, 0x0270, 0x02b1, 
	0x2a1a, 0x0094, 0xe005, 0xf067, 0x3220, 0x5b83, 0x1ea7, 0x04a0, 0x01fa, 0x0b3e, 0x40cc, 0x388b, 0xb063, 0x9000, 0x0300, 0x1c82, 
	0x0269, 0x01a6, 0x09f8, 0x0156, 0x1800, 0x2022, 0x1020, 0x0800, 0x00e0, 0x00c0, 0x0003, 0x0085, 0x0843, 0x0002, 0x2800, 0x2800, 
	0x0040, 0x08c0, 0x00a1, 0x0040, 0x0065, 0x0065, 0x1000, 0x1821, 0x2021, 0x1000, 0x0080, 0x0080, 0x0001, 0x0042, 0x0064, 0x0002, 
	0x2800, 0x3021, 0x0820, 0x0840, 0x00c0, 0x0040, 0x0023, 0x0064, 0x0800, 0x1021, 0x4042, 0x3000, 0x00c0, 0x0961, 0x00a2, 0x0061, 
	0x00c9, 0x0067, 0x3000, 0x4863, 0x2861, 0x1800, 0x09e0, 0x0180, 0x0026, 0x08e8, 0x08a6, 0x0004, 0x2000, 0x2000, 0x0020, 0x0880, 
	0x00a1, 0x0020, 0x0023, 0x0044, 0x1000, 0x2022, 0x3042, 0x2000, 0x0080, 0x00e0, 0x0022, 0x0042, 0x0065, 0x0003, 0x2800, 0x3841, 
	0x1020, 0x0800, 0x00c0, 0x0060, 0x0003, 0x0064, 0x0801, 0x0001, 0x2820, 0x2000, 0x0000, 0x0020, 0x0000, 0x0000, 0x0022, 0x0002, 
	0x0000, 0x0000, 0x2000, 0x3022, 0x2021, 0x1000, 0x0000, 0x0000, 0x0000, 0x0000, 0x0000, 0x0000, 0x2801, 0x2800, 0x0000, 0x0020, 
	0x0020, 0x0000, 0x0022, 0x0022, 0x1800, 0x2021, 0x1821, 0x1000, 0x0060, 0x0060, 0x0001, 0x0022, 0x0822, 0x0001, 0x3001, 0x3001, 
	0x0000, 0x0040, 0x0040, 0x0020, 0x0044, 0x0065, 0x1000, 0x2042, 0x2821, 0x1800, 0x0040, 0x0080, 0x0001, 0x0042, 0x0043, 0x0002, 
	0x3000, 0x3821, 0x0000, 0x0000, 0x0040, 0x0000, 0x0002, 0x0023, 0x0800, 0x1821, 0x2841, 0x1800, 0x0000, 0x0000, 0x0000, 0x0000, 
	0x0022, 0x0001, 0x2800, 0x3021, 0x1000, 0x0800, 0x0000, 0x0000, 0x0000, 0x0001, 0x0800, 0x1021, 0x3021, 0x2000, 0x0000, 0x0000, 
	0x0000, 0x0000, 0x0000, 0x0000, 0x1800, 0x2021, 0x1021, 0x0800, 0x0000, 0x0000, 0x0000, 0x0000, 0x0800, 0x0800, 0x3821, 0x3000, 
	0x0000, 0x0000, 0x0000, 0x0000, 0x0022, 0x0002, 0x1800, 0x2021, 0x1821, 0x1000, 0x0020, 0x0040, 0x0001, 0x0021, 0x1001, 0x1802, 
	0xb803, 0xb002, 0x0160, 0x3322, 0x13a6, 0x01e0, 0x0176, 0x0176, 0x6802, 0xa8ea, 0xb965, 0x8800, 0x0621, 0x16c4, 0x0270, 0x02b1, 
	0x2a1a, 0x00b5, 0xe005, 0xf067, 0x3220, 0x5b83, 0x1ea7, 0x0480, 0x021a, 0x0b3f, 0x40cc, 0x388b, 0xb063, 0x9000, 0x0300, 0x1c82, 
	0x0249, 0x01a6, 0x09f8, 0x0136, 0x1800, 0x2022, 0x1020, 0x0800, 0x0100, 0x00c0, 0x0003, 0x0064, 0x0843, 0x0002, 0x2801, 0x2800, 
	0x0040, 0x08a0, 0x00a1, 0x0020, 0x0065, 0x0065, 0x1000, 0x1821, 0x2041, 0x1000, 0x0080, 0x00a0, 0x0001, 0x0042, 0x0064, 0x0002, 
	0x2800, 0x3021, 0x0820, 0x0840, 0x00c1, 0x0060, 0x0003, 0x0064, 0x0800, 0x1821, 0x4022, 0x3000, 0x00c0, 0x0961, 0x00a2, 0x0081, 
	0x08e9, 0x0067, 0x3000, 0x4843, 0x2861, 0x1800, 0x09c0, 0x0160, 0x0026, 0x08e8, 0x0886, 0x0003, 0x2000, 0x2000, 0x0020, 0x0880, 
	0x0081, 0x0020, 0x0024, 0x0044, 0x1000, 0x2021, 0x3841, 0x2000, 0x0080, 0x00e0, 0x0022, 0x0042, 0x0064, 0x0003, 0x2800, 0x3821, 
	0x1020, 0x0800, 0x00c0, 0x0060, 0x0003, 0x0064, 0x0801, 0x0001, 0x2821, 0x2800, 0x0000, 0x0000, 0x0000, 0x0000, 0x0022, 0x0002, 
	0x0000, 0x0000, 0x2000, 0x3042, 0x2021, 0x1000, 0x0000, 0x0000, 0x0000, 0x0001, 0x0001, 0x0001, 0x2821, 0x2800, 0x0000, 0x0000, 
	0x0020, 0x0000, 0x0001, 0x0021, 0x1000, 0x2041, 0x1821, 0x0800, 0x0040, 0x0060, 0x0001, 0x0021, 0x0002, 0x0001, 0x3001, 0x2801, 
	0x0000, 0x0040, 0x0061, 0x0020, 0x0044, 0x0064, 0x1000, 0x2042, 0x2841, 0x1800, 0x0060, 0x0080, 0x0001, 0x0042, 0x0043, 0x0002, 
	0x3001, 0x3001, 0x0800, 0x0000, 0x0040, 0x0000, 0x0022, 0x0043, 0x1000, 0x1821, 0x2841, 0x1800, 0x0000, 0x0000, 0x0000, 0x0000, 
	0x0022, 0x0001, 0x2800, 0x3021, 0x1000, 0x0800, 0x0000, 0x0000, 0x0000, 0x0001, 0x0800, 0x1021, 0x3041, 0x2000, 0x0000, 0x0000, 
	0x0000, 0x0000, 0x0000, 0x0000, 0x1800, 0x2021, 0x1021, 0x0800, 0x0000, 0x0000, 0x0000, 0x0000, 0x0800, 0x0800, 0x3822, 0x3001, 
	0x0000, 0x0000, 0x0000, 0x0000, 0x0022, 0x0002, 0x1000, 0x2021, 0x1821, 0x1000, 0x0040, 0x0040, 0x0001, 0x0022, 0x1001, 0x1802, 
	0xb803, 0xb002, 0x0180, 0x3322, 0x13a6, 0x01e0, 0x0196, 0x0176, 0x6803, 0xa8ea, 0xb945, 0x8800, 0x0621, 0x16c3, 0x024f, 0x02b1, 
	0x2a3b, 0x00b5, 0xd805, 0xf067, 0x3200, 0x5b83, 0x1ec8, 0x0480, 0x021a, 0x0b3f, 0x40cc, 0x388b, 0xb063, 0x9000, 0x0300, 0x1c82, 
	0x0249, 0x01a6, 0x09f8, 0x0136, 0x1801, 0x2022, 0x1020, 0x0800, 0x0100, 0x00c0, 0x0003, 0x0065, 0x0843, 0x0002, 0x2801, 0x2800, 
	0x0040, 0x08a0, 0x0081, 0x0020, 0x0065, 0x0065, 0x1000, 0x1821, 0x2021, 0x1000, 0x0080, 0x0080, 0x0001, 0x0042, 0x0044, 0x0002, 
	0x2800, 0x3021, 0x0020, 0x0840, 0x00c0, 0x0060, 0x0023, 0x0064, 0x0800, 0x1821, 0x4022, 0x3000, 0x00c0, 0x0961, 0x00a2, 0x0061, 
	0x08c9, 0x0047, 0x3000, 0x4843, 0x2861, 0x1800, 0x01c0, 0x0160, 0x0026, 0x08e8, 0x0886, 0x0003, 0x2000, 0x2000, 0x0020, 0x0060, 
	0x0081, 0x0020, 0x0044, 0x0044, 0x1000, 0x2021, 0x3042, 0x2000, 0x00a0, 0x00e0, 0x0022, 0x0042, 0x0065, 0x0003, 0x2800, 0x3821, 
	0x1020, 0x1000, 0x00c0, 0x0060, 0x0003, 0x0065, 0x0801, 0x0001, 0x2821, 0x2800, 0x0000, 0x0000, 0x0000, 0x0000, 0x0022, 0x0002, 
	0x0000, 0x0000, 0x1000, 0x1821, 0x1841, 0x0800, 0x0000, 0x0000, 0x0000, 0x0000, 0x0000, 0x0000, 0x1800, 0x2000, 0x0000, 0x0000, 
	0x0000, 0x0000, 0x0001, 0x0001, 0x0800, 0x1820, 0x1821, 0x0800, 0x0020, 0x0040, 0x0000, 0x0021, 0x0001, 0x0001, 0x2000, 0x2821, 
	0x0000, 0x0820, 0x0040, 0x0000, 0x0022, 0x0042, 0x0800, 0x1821, 0x2021, 0x1000, 0x0040, 0x0060, 0x0001, 0x0021, 0x0022, 0x0002, 
	0x2000, 0x2821, 0x0800, 0x0000, 0x0040, 0x0000, 0x0001, 0x0022, 0x0800, 0x1021, 0x2041, 0x1800, 0x0000, 0x0000, 0x0000, 0x0000, 
	0x0001, 0x0001, 0x2800, 0x3021, 0x0820, 0x0000, 0x0000, 0x0000, 0x0000, 0x0020, 0x0800, 0x1001, 0x2821, 0x2000, 0x0000, 0x0000, 
	0x0000, 0x0000, 0x0000, 0x0000, 0x1800, 0x2021, 0x1021, 0x0800, 0x0000, 0x0000, 0x0000, 0x0000, 0x0800, 0x0800, 0x3821, 0x3001, 
	0x0000, 0x0000, 0x0000, 0x0000, 0x0022, 0x0001, 0x1000, 0x2021, 0x1821, 0x0800, 0x0040, 0x0040, 0x0001, 0x0021, 0x1000, 0x1822, 
	0xb803, 0xb803, 0x0160, 0x2b22, 0x1be6, 0x01e0, 0x0176, 0x0197, 0x7003, 0xa8ea, 0xc165, 0x8800, 0x0600, 0x1703, 0x024f, 0x02b0, 
	0x2a5c, 0x00d6, 0xd805, 0xf088, 0x29c0, 0x6363, 0x26e8, 0x04a0, 0x021a, 0x0b5f, 0x40cc, 0x38ab, 0xb083, 0x9000, 0x02e0, 0x1c82, 
	0x0269, 0x01a6, 0x11f9, 0x0156, 0x1801, 0x2022, 0x1040, 0x0800, 0x00e0, 0x00c0, 0x0003, 0x0085, 0x0843, 0x0002, 0x2801, 0x2800, 
	0x0020, 0x08a0, 0x00a1, 0x0020, 0x0065, 0x0065, 0x1000, 0x1821, 0x2021, 0x1000, 0x0080, 0x00a0, 0x0001, 0x0042, 0x0043, 0x0002, 
	0x2800, 0x3021, 0x0820, 0x0840, 0x08e1, 0x0060, 0x0024, 0x0064, 0x0800, 0x1821, 0x4022, 0x3000, 0x00c0, 0x0961, 0x00a2, 0x0061, 
	0x08c9, 0x0047, 0x3000, 0x4842, 0x2861, 0x1800, 0x01e1, 0x0180, 0x0026, 0x08e8, 0x0886, 0x0004, 0x2000, 0x2000, 0x0020, 0x0880, 
	0x00a1, 0x0020, 0x0044, 0x0044, 0x1000, 0x2041, 0x3042, 0x2000, 0x00a0, 0x0100, 0x0022, 0x0042, 0x0065, 0x0003, 0x2800, 0x3821, 
	0x1020, 0x0800, 0x00e0, 0x0080, 0x0003, 0x0065, 0x0001, 0x0001, 0x2821, 0x2800, 0x0000, 0x0000, 0x0000, 0x0000, 0x0022, 0x0002, 
	0x0000, 0x0000, 0x0000, 0x0000, 0x0000, 0x0000, 0x0000, 0x0000, 0x0000, 0x0000, 0x0000, 0x0000, 0x0000, 0x0000, 0x0000, 0x0000, 
	0x0000, 0x0000, 0x0000, 0x0000, 0x0000, 0x0000, 0x0000, 0x0000, 0x0000, 0x0000, 0x0000, 0x0000, 0x0000, 0x0000, 0x0000, 0x0000, 
	0x0000, 0x0000, 0x0000, 0x0000, 0x0000, 0x0000, 0x0000, 0x0000, 0x0000, 0x0000, 0x0000, 0x0000, 0x0000, 0x0000, 0x0000, 0x0000, 
	0x0000, 0x0000, 0x0000, 0x0000, 0x0000, 0x0000, 0x0000, 0x0000, 0x0000, 0x0000, 0x0800, 0x0000, 0x0000, 0x0000, 0x0000, 0x0000, 
	0x0000, 0x0000, 0x0000, 0x0800, 0x0800, 0x0000, 0x0000, 0x0000, 0x0000, 0x0000, 0x0000, 0x0000, 0x0800, 0x0800, 0x0000, 0x0000, 
	0x0000, 0x0000, 0x0000, 0x0000, 0x0000, 0x0000, 0x0800, 0x0000, 0x0000, 0x0000, 0x0000, 0x0000, 0x0000, 0x0000, 0x0800, 0x1020, 
	0x0000, 0x0000, 0x0000, 0x0000, 0x0000, 0x0000, 0x0000, 0x0000, 0x0820, 0x0000, 0x0000, 0x0000, 0x0000, 0x0000, 0x0000, 0x0000, 
	0x4800, 0x6083, 0x1040, 0x1080, 0x1222, 0x0100, 0x0068, 0x00ea, 0x2802, 0x3824, 0x88c4, 0x6800, 0x0220, 0x1bc3, 0x01a7, 0x0125, 
	0x1173, 0x00b0, 0x6801, 0x9086, 0x4901, 0x38a0, 0x0c02, 0x0340, 0x00cd, 0x09d2, 0x210c, 0x0008, 0x7021, 0x7001, 0x00e0, 0x1221, 
	0x09e5, 0x00c0, 0x00ed, 0x00ed, 0x0800, 0x0821, 0x1020, 0x0800, 0x0040, 0x0060, 0x0000, 0x0021, 0x0021, 0x0001, 0x1000, 0x1820, 
	0x0000, 0x0020, 0x0040, 0x0020, 0x0001, 0x0001, 0x0000, 0x0800, 0x1820, 0x1000, 0x0020, 0x0040, 0x0000, 0x0000, 0x0021, 0x0001, 
	0x1000, 0x1821, 0x0800, 0x0800, 0x0060, 0x0040, 0x0001, 0x0021, 0x0000, 0x0800, 0x2801, 0x2800, 0x0040, 0x08c0, 0x0081, 0x0020, 
	0x0044, 0x0024, 0x2000, 0x3022, 0x2862, 0x1800, 0x0100, 0x0120, 0x0002, 0x0063, 0x0064, 0x0002, 0x1000, 0x1000, 0x0000, 0x0020, 
	0x0040, 0x0020, 0x0022, 0x0022, 0x0800, 0x1821, 0x2841, 0x1800, 0x0060, 0x00a0, 0x0021, 0x0021, 0x0042, 0x0002, 0x1800, 0x2821, 
	0x1040, 0x0800, 0x0080, 0x0040, 0x0001, 0x0022, 0x0001, 0x0001, 0x2000, 0x2000, 0x0000, 0x0000, 0x0000, 0x0000, 0x0000, 0x0000, 
	0x0000, 0x0000, 0x0800, 0x0800, 0x0000, 0x0000, 0x0000, 0x0000, 0x0000, 0x0000, 0x0001, 0x0000, 0x0800, 0x0800, 0x0000, 0x0000, 
	0x0000, 0x0000, 0x0001, 0x0001, 0x0000, 0x0800, 0x0000, 0x0000, 0x0000, 0x0000, 0x0000, 0x0000, 0x0000, 0x0000, 0x0800, 0x0000, 
	0x0000, 0x0000, 0x0000, 0x0000, 0x0001, 0x0001, 0x0000, 0x0800, 0x0000, 0x0000, 0x0020, 0x0020, 0x0000, 0x0000, 0x0001, 0x0000, 
	0x0800, 0x0000, 0x0000, 0x0000, 0x0000, 0x0000, 0x0000, 0x0000, 0x0000, 0x0000, 0x0000, 0x0000, 0x0000, 0x0000, 0x0000, 0x0000, 
	0x0000, 0x0000, 0x0000, 0x0000, 0x0000, 0x0000, 0x0000, 0x0000, 0x0000, 0x0000, 0x0000, 0x0000, 0x0000, 0x0000, 0x0000, 0x0000, 
	0x0000, 0x0000, 0x0000, 0x0000, 0x0000, 0x0000, 0x0000, 0x0000, 0x0000, 0x0000, 0x0000, 0x0000, 0x0000, 0x0000, 0x0000, 0x0000, 
	0x0000, 0x0000, 0x0000, 0x0000, 0x0000, 0x0000, 0x0000, 0x0000, 0x0000, 0x0000, 0x0000, 0x0000, 0x0000, 0x0000, 0x0000, 0x0000, 
	0x0000, 0x0000, 0x0000, 0x0000, 0x0000, 0x0000, 0x0000, 0x0000, 0x0000, 0x0000, 0x1000, 0x0800, 0x0020, 0x0060, 0x0041, 0x0000, 
	0x0003, 0x0003, 0x1000, 0x1800, 0x1020, 0x0800, 0x0040, 0x0060, 0x0002, 0x0023, 0x0042, 0x0001, 0x0000, 0x0820, 0x0000, 0x0000, 
	0x0020, 0x0000, 0x0000, 0x0001, 0x0000, 0x0000, 0x0000, 0x0000, 0x0000, 0x0000, 0x0000, 0x0000, 0x0000, 0x0000, 0x0000, 0x0000, 
	0x0000, 0x0000, 0x0000, 0x0000, 0x0000, 0x0000, 0x0000, 0x0000, 0x0000, 0x0000, 0x0000, 0x0000, 0x0000, 0x0000, 0x0000, 0x0000, 
	0x0000, 0x0000, 0x0000, 0x0000, 0x0000, 0x0000, 0x0000, 0x0000, 0x0000, 0x0000, 0x0000, 0x0000, 0x0000, 0x0000, 0x0000, 0x0000, 
	0x0000, 0x0000, 0x0000, 0x0000, 0x0800, 0x0000, 0x0000, 0x0000, 0x0000, 0x0000, 0x0000, 0x0000, 0x0000, 0x0000, 0x0000, 0x0000, 
	0x0000, 0x0000, 0x0000, 0x0000, 0x0000, 0x0000, 0x0000, 0x0000, 0x0000, 0x0000, 0x0000, 0x0000, 0x0000, 0x0000, 0x0000, 0x0000, 
	0x0000, 0x0000, 0x0000, 0x0000, 0x0000, 0x0000, 0x0000, 0x0000, 0x0000, 0x0000, 0x0000, 0x0000, 0x0000, 0x0000, 0x0000, 0x0000, 
	0x0000, 0x0000, 0x1800, 0x2841, 0x1821, 0x0800, 0x0000, 0x0000, 0x0001, 0x0022, 0x0801, 0x0801, 0x3021, 0x2800, 0x0000, 0x0020, 
	0x0020, 0x0000, 0x0022, 0x0002, 0x1000, 0x2041, 0x1020, 0x0800, 0x0040, 0x0040, 0x0001, 0x0022, 0x0002, 0x0001, 0x2821, 0x2801, 
	0x0000, 0x0020, 0x0040, 0x0000, 0x0023, 0x0043, 0x1000, 0x2042, 0x2041, 0x1000, 0x0040, 0x0040, 0x0001, 0x0021, 0x0022, 0x0001, 
	0x3001, 0x3001, 0x0000, 0x0000, 0x0000, 0x0000, 0x0002, 0x0022, 0x0800, 0x1842, 0x2041, 0x1000, 0x0000, 0x0000, 0x0000, 0x0000, 
	0x0000, 0x0000, 0x1800, 0x1821, 0x0000, 0x0000, 0x0000, 0x0000, 0x0000, 0x0000, 0x0800, 0x1021, 0x2041, 0x1000, 0x0000, 0x0000, 
	0x0000, 0x0000, 0x0000, 0x0000, 0x1800, 0x2021, 0x0800, 0x0000, 0x0000, 0x0000, 0x0000, 0x0000, 0x0000, 0x0800, 0x1821, 0x1000, 
	0x0000, 0x0000, 0x0000, 0x0000, 0x0000, 0x0000, 0x1000, 0x1821, 0x0820, 0x0000, 0x0000, 0x0000, 0x0000, 0x0000, 0x0000, 0x0000, 
	0x1801, 0x1800, 0x0000, 0x0020, 0x0000, 0x0000, 0x0002, 0x0002, 0x0000, 0x0800, 0x0020, 0x0000, 0x0020, 0x0040, 0x0000, 0x0001, 
	0x0001, 0x0001, 0x1000, 0x1000, 0x0000, 0x0020, 0x0040, 0x0020, 0x0001, 0x0001, 0x0000, 0x0000, 0x0800, 0x0800, 0x0020, 0x0060, 
	0x0020, 0x0000, 0x0022, 0x0001, 0x0800, 0x1000, 0x0000, 0x0000, 0x0080, 0x0060, 0x0001, 0x0042, 0x0001, 0x0001, 0x1821, 0x1000, 
	0x0020, 0x0080, 0x0061, 0x0020, 0x0043, 0x0023, 0x0800, 0x0821, 0x0800, 0x0000, 0x0060, 0x0060, 0x0001, 0x0022, 0x0022, 0x0001, 
	0x1000, 0x1000, 0x0000, 0x0040, 0x00a0, 0x0040, 0x0023, 0x0064, 0x0001, 0x0801, 0x1020, 0x0800, 0x00a0, 0x0921, 0x0061, 0x0041, 
	0x0886, 0x0024, 0x0800, 0x1021, 0x0000, 0x0020, 0x0120, 0x00e0, 0x0023, 0x0085, 0x0042, 0x0001, 0x1000, 0x0800, 0x0000, 0x0040, 
	0x0060, 0x0020, 0x0022, 0x0022, 0x0000, 0x0800, 0x0800, 0x0000, 0x0020, 0x0040, 0x0000, 0x0001, 0x0022, 0x0001, 0x0800, 0x0800, 
	0x0000, 0x0000, 0x0000, 0x0000, 0x0000, 0x0001, 0x0000, 0x0000, 0x0000, 0x0000, 0x0000, 0x0000, 0x0000, 0x0000, 0x0000, 0x0000, 
	0x0000, 0x0000, 0x2000, 0x3041, 0x2021, 0x1000, 0x0000, 0x0000, 0x0001, 0x0022, 0x0801, 0x0801, 0x3021, 0x3000, 0x0000, 0x0020, 
	0x0020, 0x0000, 0x0022, 0x0023, 0x1000, 0x2021, 0x1821, 0x0800, 0x0060, 0x0060, 0x0001, 0x0042, 0x0822, 0x0002, 0x3001, 0x3001, 
	0x0000, 0x0040, 0x0060, 0x0020, 0x0024, 0x0044, 0x1800, 0x2842, 0x3041, 0x1800, 0x0060, 0x0080, 0x0001, 0x0022, 0x0843, 0x0002, 
	0x3801, 0x3821, 0x0800, 0x0000, 0x0040, 0x0000, 0x0022, 0x0043, 0x1000, 0x2022, 0x3041, 0x2000, 0x0000, 0x0000, 0x0000, 0x0000, 
	0x0001, 0x0000, 0x2000, 0x2821, 0x0800, 0x0000, 0x0000, 0x0000, 0x0000, 0x0000, 0x0800, 0x1821, 0x3021, 0x2000, 0x0000, 0x0000, 
	0x0000, 0x0000, 0x0000, 0x0000, 0x2800, 0x3022, 0x1821, 0x0800, 0x0000, 0x0000, 0x0000, 0x0000, 0x0800, 0x1000, 0x3021, 0x2800, 
	0x0000, 0x0000, 0x0000, 0x0000, 0x0000, 0x0000, 0x1800, 0x2821, 0x2021, 0x1000, 0x0000, 0x0000, 0x0000, 0x0000, 0x0000, 0x0000, 
	0x2800, 0x2800, 0x0000, 0x0020, 0x0040, 0x0020, 0x0002, 0x0002, 0x0800, 0x1000, 0x1000, 0x0800, 0x0040, 0x0060, 0x0001, 0x0001, 
	0x0022, 0x0002, 0x1000, 0x1800, 0x0000, 0x0020, 0x0080, 0x0040, 0x0002, 0x0023, 0x0000, 0x0801, 0x1821, 0x1000, 0x0040, 0x08c0, 
	0x0041, 0x0020, 0x0044, 0x0003, 0x1800, 0x2821, 0x1020, 0x0800, 0x0100, 0x00c0, 0x0023, 0x0064, 0x0822, 0x0002, 0x3821, 0x3000, 
	0x0040, 0x08c1, 0x00c1, 0x0040, 0x0066, 0x0065, 0x1000, 0x2041, 0x2021, 0x1000, 0x00c0, 0x00e0, 0x0022, 0x0064, 0x0864, 0x0003, 
	0x3000, 0x3821, 0x0040, 0x08a0, 0x0961, 0x00a0, 0x0067, 0x00a8, 0x1001, 0x1822, 0x4042, 0x3000, 0x0140, 0x1221, 0x00e4, 0x00a3, 
	0x090b, 0x0069, 0x2800, 0x4042, 0x1860, 0x1040, 0x0a41, 0x01c0, 0x0047, 0x090a, 0x0886, 0x0004, 0x3021, 0x3000, 0x0040, 0x08e1, 
	0x00e1, 0x0060, 0x0066, 0x0067, 0x1000, 0x2022, 0x2841, 0x1800, 0x00a0, 0x00e0, 0x0002, 0x0043, 0x0065, 0x0003, 0x2000, 0x2821, 
	0x0820, 0x0800, 0x0060, 0x0020, 0x0023, 0x0044, 0x0001, 0x0001, 0x2020, 0x1800, 0x0000, 0x0000, 0x0000, 0x0000, 0x0000, 0x0000, 
	0x0000, 0x0000, 0x2000, 0x3041, 0x2021, 0x1000, 0x0020, 0x0020, 0x0001, 0x0022, 0x0802, 0x0802, 0x3821, 0x3001, 0x0000, 0x0020, 
	0x0040, 0x0000, 0x0023, 0x0023, 0x1000, 0x2021, 0x1841, 0x0800, 0x0080, 0x0080, 0x0001, 0x0042, 0x0822, 0x0002, 0x3801, 0x3801, 
	0x0000, 0x0840, 0x0060, 0x0000, 0x0044, 0x0065, 0x1800, 0x2842, 0x3042, 0x1800, 0x0060, 0x0080, 0x0001, 0x0042, 0x0864, 0x0002, 
	0x3800, 0x4021, 0x0800, 0x0000, 0x0040, 0x0020, 0x0023, 0x0043, 0x1000, 0x2021, 0x3042, 0x2000, 0x0000, 0x0000, 0x0000, 0x0000, 
	0x0001, 0x0001, 0x2000, 0x2821, 0x0800, 0x0000, 0x0000, 0x0000, 0x0000, 0x0000, 0x0800, 0x1021, 0x2841, 0x2000, 0x0000, 0x0000, 
	0x0000, 0x0000, 0x0000, 0x0000, 0x2800, 0x3021, 0x1821, 0x0800, 0x0000, 0x0000, 0x0000, 0x0000, 0x0000, 0x0820, 0x3021, 0x2800, 
	0x0000, 0x0000, 0x0000, 0x0000, 0x0000, 0x0000, 0x1800, 0x2821, 0x2021, 0x1000, 0x0000, 0x0000, 0x0000, 0x0000, 0x0000, 0x0000, 
	0x2800, 0x2801, 0x0000, 0x0000, 0x0020, 0x0000, 0x0002, 0x0002, 0x0000, 0x0820, 0x1020, 0x0800, 0x0040, 0x0060, 0x0001, 0x0021, 
	0x0022, 0x0001, 0x1000, 0x1000, 0x0000, 0x0000, 0x0080, 0x0020, 0x0002, 0x0023, 0x0000, 0x0800, 0x2020, 0x1800, 0x0060, 0x08c1, 
	0x0041, 0x0020, 0x0043, 0x0023, 0x1800, 0x2821, 0x1020, 0x0800, 0x0100, 0x00c0, 0x0023, 0x0085, 0x0822, 0x0002, 0x3821, 0x3801, 
	0x0040, 0x08e1, 0x00e1, 0x0040, 0x0086, 0x0066, 0x1000, 0x2041, 0x2841, 0x1800, 0x00c0, 0x00e0, 0x0022, 0x0063, 0x0864, 0x0003, 
	0x3000, 0x3822, 0x0040, 0x1080, 0x0961, 0x00a0, 0x0067, 0x00a8, 0x1001, 0x1802, 0x4042, 0x3000, 0x0140, 0x1221, 0x0103, 0x00a2, 
	0x090b, 0x0069, 0x2800, 0x4043, 0x2060, 0x1840, 0x0a61, 0x01e0, 0x0067, 0x0909, 0x0887, 0x0004, 0x3801, 0x3801, 0x0040, 0x10e1, 
	0x0101, 0x0060, 0x0088, 0x0087, 0x1000, 0x2022, 0x3841, 0x2000, 0x00c0, 0x0100, 0x0022, 0x0063, 0x0085, 0x0003, 0x2800, 0x3821, 
	0x1020, 0x0800, 0x0080, 0x0040, 0x0023, 0x0085, 0x0001, 0x0001, 0x2820, 0x2000, 0x0000, 0x0000, 0x0000, 0x0000, 0x0001, 0x0000, 
	0x0001, 0x0000, 0x2000, 0x3041, 0x2021, 0x1000, 0x0000, 0x0000, 0x0001, 0x0022, 0x0801, 0x0801, 0x3821, 0x3801, 0x0000, 0x0040, 
	0x0040, 0x0000, 0x0044, 0x0044, 0x1000, 0x2021, 0x2021, 0x1000, 0x0060, 0x0060, 0x0001, 0x0042, 0x0822, 0x0002, 0x3801, 0x3801, 
	0x0000, 0x0840, 0x0060, 0x0020, 0x0024, 0x0044, 0x1800, 0x2842, 0x3042, 0x1800, 0x0060, 0x0080, 0x0001, 0x0042, 0x0844, 0x0002, 
	0x3801, 0x4021, 0x0800, 0x0800, 0x0040, 0x0000, 0x0023, 0x0044, 0x1000, 0x2022, 0x3041, 0x2000, 0x0000, 0x0000, 0x0000, 0x0000, 
	0x0021, 0x0001, 0x2800, 0x3021, 0x0800, 0x0000, 0x0000, 0x0000, 0x0000, 0x0000, 0x0800, 0x1801, 0x3021, 0x2800, 0x0000, 0x0000, 
	0x0000, 0x0000, 0x0000, 0x0000, 0x2800, 0x3021, 0x1821, 0x0800, 0x0000, 0x0000, 0x0000, 0x0000, 0x0800, 0x1000, 0x3021, 0x2800, 
	0x0000, 0x0000, 0x0000, 0x0000, 0x0000, 0x0000, 0x1800, 0x2821, 0x2021, 0x1000, 0x0000, 0x0000, 0x0000, 0x0000, 0x0000, 0x0000, 
	0x2821, 0x2821, 0x0000, 0x0000, 0x0020, 0x0000, 0x0002, 0x0022, 0x0800, 0x0800, 0x1020, 0x0800, 0x0040, 0x0060, 0x0000, 0x0021, 
	0x0022, 0x0001, 0x1000, 0x1000, 0x0000, 0x0020, 0x0080, 0x0040, 0x0002, 0x0042, 0x0000, 0x0801, 0x2021, 0x1800, 0x0060, 0x00c0, 
	0x0041, 0x0020, 0x0064, 0x0023, 0x2000, 0x2841, 0x1020, 0x0800, 0x0100, 0x00c0, 0x0003, 0x0085, 0x0823, 0x0002, 0x3801, 0x3801, 
	0x0040, 0x08e0, 0x00e1, 0x0040, 0x0086, 0x0066, 0x1000, 0x2022, 0x2041, 0x1800, 0x00c0, 0x00e0, 0x0002, 0x0064, 0x0865, 0x0003, 
	0x3800, 0x4021, 0x0040, 0x1080, 0x0981, 0x00c0, 0x0047, 0x08a9, 0x1001, 0x1822, 0x4842, 0x3800, 0x0140, 0x0a41, 0x0104, 0x00c2, 
	0x090b, 0x0069, 0x2800, 0x4042, 0x2060, 0x1840, 0x0a81, 0x0200, 0x0047, 0x090a, 0x08a7, 0x0004, 0x3801, 0x3801, 0x0040, 0x08e0, 
	0x08e2, 0x0040, 0x0087, 0x0087, 0x1000, 0x2842, 0x3842, 0x2000, 0x00c0, 0x0120, 0x0022, 0x0063, 0x0086, 0x0004, 0x2800, 0x3841, 
	0x1820, 0x0800, 0x0060, 0x0020, 0x0023, 0x0065, 0x0001, 0x0001, 0x2821, 0x2000, 0x0000, 0x0000, 0x0000, 0x0000, 0x0001, 0x0001, 
	0x0001, 0x0001, 0x2000, 0x3042, 0x2021, 0x1000, 0x0000, 0x0000, 0x0001, 0x0021, 0x0801, 0x0801, 0x3821, 0x3801, 0x0000, 0x0040, 
	0x0020, 0x0000, 0x0044, 0x0044, 0x1000, 0x2021, 0x2021, 0x1000, 0x0060, 0x0060, 0x0001, 0x0022, 0x0822, 0x0002, 0x3801, 0x3801, 
	0x0000, 0x0020, 0x0060, 0x0020, 0x0044, 0x0065, 0x1800, 0x2842, 0x3041, 0x1800, 0x0060, 0x0080, 0x0001, 0x0042, 0x0844, 0x0003, 
	0x3801, 0x4021, 0x0800, 0x0000, 0x0020, 0x0000, 0x0023, 0x0043, 0x1000, 0x2041, 0x3041, 0x1800, 0x0000, 0x0000, 0x0000, 0x0001, 
	0x0001, 0x0001, 0x2000, 0x2821, 0x0800, 0x0000, 0x0000, 0x0000, 0x0000, 0x0000, 0x0800, 0x1820, 0x3021, 0x2800, 0x0000, 0x0000, 
	0x0000, 0x0000, 0x0000, 0x0000, 0x2800, 0x3022, 0x1821, 0x0800, 0x0000, 0x0000, 0x0000, 0x0000, 0x0800, 0x0800, 0x3021, 0x2800, 
	0x0000, 0x0000, 0x0000, 0x0000, 0x0000, 0x0000, 0x1800, 0x2821, 0x2021, 0x1000, 0x0000, 0x0000, 0x0000, 0x0000, 0x0000, 0x0001, 
	0x2801, 0x2800, 0x0000, 0x0000, 0x0040, 0x0000, 0x0022, 0x0023, 0x0000, 0x0800, 0x1020, 0x0800, 0x0040, 0x0060, 0x0001, 0x0021, 
	0x0022, 0x0001, 0x1000, 0x1000, 0x0000, 0x0020, 0x0080, 0x0040, 0x0002, 0x0043, 0x0000, 0x0801, 0x2021, 0x1800, 0x0040, 0x00a0, 
	0x0041, 0x0021, 0x0085, 0x0024, 0x2000, 0x3021, 0x1020, 0x0800, 0x0100, 0x00c0, 0x0003, 0x0065, 0x0823, 0x0002, 0x4021, 0x3801, 
	0x0060, 0x08e0, 0x00e1, 0x0040, 0x0087, 0x0067, 0x1000, 0x2041, 0x2841, 0x1800, 0x00c0, 0x0100, 0x0022, 0x0064, 0x0885, 0x0003, 
	0x3800, 0x4021, 0x0040, 0x1080, 0x0961, 0x00a0, 0x0067, 0x00c9, 0x1001, 0x1822, 0x4842, 0x3800, 0x0160, 0x1241, 0x0104, 0x00c2, 
	0x090b, 0x0069, 0x3000, 0x4862, 0x2060, 0x1840, 0x0a61, 0x01e0, 0x0047, 0x090a, 0x0887, 0x0004, 0x3801, 0x3801, 0x0040, 0x08e0, 
	0x08e1, 0x0060, 0x0067, 0x0087, 0x1800, 0x2842, 0x3862, 0x2000, 0x00c0, 0x0100, 0x0022, 0x0063, 0x0885, 0x0003, 0x2800, 0x3821, 
	0x1020, 0x0800, 0x0080, 0x0040, 0x0023, 0x0064, 0x0001, 0x0001, 0x2821, 0x2000, 0x0000, 0x0000, 0x0000, 0x0000, 0x0022, 0x0001, 
	0x0000, 0x0000, 0x2000, 0x3042, 0x2021, 0x1000, 0x0000, 0x0000, 0x0001, 0x0022, 0x0802, 0x0802, 0x3821, 0x3000, 0x0000, 0x0060, 
	0x0061, 0x0020, 0x0023, 0x0043, 0x1800, 0x2042, 0x1821, 0x0800, 0x0080, 0x0080, 0x0001, 0x0042, 0x0823, 0x0002, 0x3801, 0x3801, 
	0x0020, 0x0840, 0x0060, 0x0020, 0x0044, 0x0065, 0x1800, 0x2842, 0x3041, 0x1800, 0x0080, 0x00a0, 0x0001, 0x0042, 0x0844, 0x0002, 
	0x3800, 0x3801, 0x0800, 0x0000, 0x0020, 0x0000, 0x0023, 0x0044, 0x1000, 0x2022, 0x3041, 0x1800, 0x0000, 0x0000, 0x0000, 0x0001, 
	0x0022, 0x0001, 0x2000, 0x2821, 0x0820, 0x0000, 0x0000, 0x0000, 0x0000, 0x0000, 0x0800, 0x1821, 0x3022, 0x2800, 0x0000, 0x0000, 
	0x0000, 0x0000, 0x0000, 0x0000, 0x2800, 0x3022, 0x1821, 0x0800, 0x0000, 0x0000, 0x0000, 0x0000, 0x0000, 0x0800, 0x3021, 0x2800, 
	0x0000, 0x0000, 0x0000, 0x0000, 0x0000, 0x0000, 0x1800, 0x2821, 0x2041, 0x1000, 0x0000, 0x0000, 0x0000, 0x0001, 0x0001, 0x0000, 
	0x2800, 0x2800, 0x0000, 0x0020, 0x0040, 0x0000, 0x0023, 0x0023, 0x0800, 0x0800, 0x1020, 0x0800, 0x0040, 0x0060, 0x0001, 0x0021, 
	0x0022, 0x0002, 0x1000, 0x1020, 0x0000, 0x0020, 0x0080, 0x0040, 0x0022, 0x0043, 0x0001, 0x0801, 0x2021, 0x1800, 0x0060, 0x00c0, 
	0x0041, 0x0021, 0x0065, 0x0024, 0x1800, 0x2841, 0x1020, 0x0800, 0x0100, 0x00c0, 0x0023, 0x0085, 0x0822, 0x0002, 0x3821, 0x3801, 
	0x0060, 0x08e1, 0x00c1, 0x0040, 0x0087, 0x0067, 0x1000, 0x2022, 0x2841, 0x1800, 0x00c0, 0x00e0, 0x0022, 0x0084, 0x0885, 0x0003, 
	0x3800, 0x4021, 0x0040, 0x1080, 0x0961, 0x00a0, 0x0067, 0x00c8, 0x1001, 0x1822, 0x4842, 0x3800, 0x0160, 0x0a21, 0x0104, 0x00c3, 
	0x090c, 0x0069, 0x2800, 0x4043, 0x2060, 0x1840, 0x0261, 0x01e0, 0x0047, 0x090a, 0x1087, 0x0004, 0x3801, 0x3801, 0x0060, 0x08e0, 
	0x00e1, 0x0060, 0x0087, 0x0067, 0x1000, 0x2842, 0x3842, 0x2800, 0x00c0, 0x0100, 0x0022, 0x0063, 0x0885, 0x0003, 0x2800, 0x3821, 
	0x1020, 0x0800, 0x0080, 0x0040, 0x0023, 0x0064, 0x0001, 0x0001, 0x2821, 0x2000, 0x0000, 0x0000, 0x0000, 0x0000, 0x0022, 0x0001, 
	0x0000, 0x0000, 0x1000, 0x2021, 0x2041, 0x1000, 0x0020, 0x0020, 0x0000, 0x0001, 0x0000, 0x0000, 0x2800, 0x2821, 0x0000, 0x0020, 
	0x0040, 0x0000, 0x0001, 0x0021, 0x1000, 0x1821, 0x1841, 0x0800, 0x0040, 0x0060, 0x0000, 0x0021, 0x0002, 0x0001, 0x2800, 0x2821, 
	0x0000, 0x0020, 0x0040, 0x0000, 0x0022, 0x0043, 0x1000, 0x2022, 0x2841, 0x1800, 0x0040, 0x0080, 0x0001, 0x0021, 0x0022, 0x0001, 
	0x3000, 0x3821, 0x0800, 0x0000, 0x0020, 0x0000, 0x0022, 0x0022, 0x1000, 0x1801, 0x2841, 0x1800, 0x0000, 0x0000, 0x0000, 0x0000, 
	0x0021, 0x0001, 0x2000, 0x2821, 0x0800, 0x0000, 0x0000, 0x0000, 0x0000, 0x0000, 0x0800, 0x1000, 0x2841, 0x2000, 0x0000, 0x0000, 
	0x0000, 0x0000, 0x0000, 0x0000, 0x2000, 0x3042, 0x1821, 0x0800, 0x0000, 0x0000, 0x0000, 0x0000, 0x0000, 0x0800, 0x3021, 0x2801, 
	0x0000, 0x0000, 0x0000, 0x0000, 0x0000, 0x0000, 0x1800, 0x2841, 0x2021, 0x1000, 0x0000, 0x0000, 0x0000, 0x0001, 0x0000, 0x0000, 
	0x2800, 0x2800, 0x0000, 0x0020, 0x0040, 0x0000, 0x0022, 0x0023, 0x0800, 0x0800, 0x1020, 0x0800, 0x0040, 0x0060, 0x0001, 0x0021, 
	0x0022, 0x0001, 0x1000, 0x1000, 0x0000, 0x0020, 0x0060, 0x0020, 0x0002, 0x0042, 0x0800, 0x0801, 0x2021, 0x1800, 0x0060, 0x00c0, 
	0x0041, 0x0020, 0x0044, 0x0024, 0x2000, 0x2821, 0x1020, 0x0800, 0x0100, 0x00c0, 0x0003, 0x0085, 0x0823, 0x0002, 0x4001, 0x3801, 
	0x0040, 0x08e1, 0x08e2, 0x0040, 0x0087, 0x0067, 0x1000, 0x2022, 0x2841, 0x1800, 0x00e0, 0x0100, 0x0003, 0x0064, 0x0865, 0x0003, 
	0x3800, 0x4021, 0x0040, 0x10a0, 0x0981, 0x00c0, 0x0067, 0x08c9, 0x1001, 0x1822, 0x4842, 0x3800, 0x0180, 0x0a41, 0x0104, 0x00a3, 
	0x090c, 0x006a, 0x3000, 0x4842, 0x2060, 0x1840, 0x0a61, 0x0200, 0x0067, 0x092a, 0x08a7, 0x0004, 0x4001, 0x3801, 0x0060, 0x0900, 
	0x0101, 0x0060, 0x0087, 0x0087, 0x1000, 0x2842, 0x3841, 0x2000, 0x00c0, 0x0100, 0x0022, 0x0063, 0x0086, 0x0004, 0x2800, 0x3841, 
	0x1020, 0x0800, 0x0080, 0x0040, 0x0024, 0x0065, 0x0001, 0x0001, 0x2821, 0x2000, 0x0000, 0x0000, 0x0000, 0x0000, 0x0022, 0x0001, 
	0x0000, 0x0000, 0x0000, 0x0000, 0x0800, 0x0000, 0x0000, 0x0000, 0x0000, 0x0000, 0x0000, 0x0000, 0x0000, 0x0020, 0x0000, 0x0000, 
	0x0000, 0x0000, 0x0000, 0x0000, 0x0000, 0x0000, 0x0020, 0x0000, 0x0000, 0x0000, 0x0000, 0x0000, 0x0000, 0x0000, 0x0000, 0x0800, 
	0x0000, 0x0000, 0x0000, 0x0000, 0x0000, 0x0000, 0x0000, 0x0000, 0x0800, 0x0800, 0x0000, 0x0000, 0x0000, 0x0000, 0x0000, 0x0000, 
	0x0800, 0x0820, 0x0000, 0x0000, 0x0000, 0x0000, 0x0000, 0x0000, 0x0000, 0x0000, 0x1020, 0x0800, 0x0000, 0x0000, 0x0000, 0x0000, 
	0x0000, 0x0000, 0x0800, 0x0820, 0x0000, 0x0000, 0x0000, 0x0000, 0x0000, 0x0000, 0x0000, 0x0000, 0x0800, 0x0800, 0x0000, 0x0000, 
	0x0000, 0x0000, 0x0000, 0x0000, 0x0800, 0x1000, 0x0821, 0x0000, 0x0000, 0x0000, 0x0000, 0x0000, 0x0000, 0x0000, 0x1000, 0x1020, 
	0x0000, 0x0000, 0x0000, 0x0000, 0x0000, 0x0000, 0x0800, 0x0800, 0x1021, 0x0800, 0x0000, 0x0000, 0x0000, 0x0000, 0x0000, 0x0000, 
	0x0800, 0x1020, 0x0000, 0x0000, 0x0020, 0x0000, 0x0001, 0x0001, 0x0000, 0x0000, 0x0800, 0x0000, 0x0000, 0x0020, 0x0000, 0x0000, 
	0x0000, 0x0000, 0x0000, 0x0800, 0x0000, 0x0000, 0x0020, 0x0020, 0x0000, 0x0000, 0x0000, 0x0000, 0x0820, 0x0800, 0x0000, 0x0040, 
	0x0040, 0x0000, 0x0021, 0x0001, 0x0800, 0x1821, 0x1041, 0x0800, 0x0080, 0x0080, 0x0001, 0x0021, 0x0001, 0x0001, 0x2800, 0x2821, 
	0x0020, 0x0860, 0x0081, 0x0020, 0x0022, 0x0042, 0x0800, 0x1000, 0x2021, 0x1000, 0x0060, 0x0080, 0x0021, 0x0021, 0x0042, 0x0001, 
	0x2000, 0x2841, 0x0840, 0x0820, 0x0900, 0x0080, 0x0023, 0x0064, 0x0801, 0x1002, 0x3842, 0x3001, 0x00c0, 0x0981, 0x0902, 0x0060, 
	0x00a8, 0x0067, 0x2000, 0x3042, 0x2061, 0x1000, 0x01a0, 0x01a0, 0x0023, 0x00a5, 0x0864, 0x0003, 0x2801, 0x3021, 0x0020, 0x0880, 
	0x00e2, 0x0040, 0x0024, 0x0044, 0x1000, 0x1821, 0x3041, 0x2000, 0x0080, 0x00c0, 0x0021, 0x0041, 0x0064, 0x0003, 0x2000, 0x2821, 
	0x1000, 0x0800, 0x0060, 0x0020, 0x0002, 0x0043, 0x0000, 0x0000, 0x2021, 0x2000, 0x0000, 0x0000, 0x0000, 0x0000, 0x0001, 0x0001, 
	0x0000, 0x0000, 0x0800, 0x0820, 0x0000, 0x0000, 0x0000, 0x0000, 0x0000, 0x0001, 0x0000, 0x0000, 0x0820, 0x0800, 0x0000, 0x0020, 
	0x0020, 0x0000, 0x0021, 0x0001, 0x0000, 0x0800, 0x0000, 0x0000, 0x0020, 0x0020, 0x0000, 0x0020, 0x0021, 0x0000, 0x0000, 0x0000, 
	0x0000, 0x0000, 0x0000, 0x0000, 0x0000, 0x0001, 0x0000, 0x0000, 0x0000, 0x0000, 0x0000, 0x0000, 0x0000, 0x0000, 0x0000, 0x0000, 
	0x0000, 0x0000, 0x0000, 0x0000, 0x0000, 0x0000, 0x0000, 0x0000, 0x0000, 0x0000, 0x0000, 0x0000, 0x0000, 0x0000, 0x0000, 0x0000, 
	0x0000, 0x0000, 0x0000, 0x0000, 0x0000, 0x0000, 0x0000, 0x0000, 0x0000, 0x0000, 0x0000, 0x0000, 0x0000, 0x0000, 0x0000, 0x0000, 
	0x0000, 0x0000, 0x0000, 0x0000, 0x0000, 0x0000, 0x0000, 0x0000, 0x0000, 0x0000, 0x0000, 0x0000, 0x0000, 0x0000, 0x0000, 0x0000, 
	0x0000, 0x0000, 0x0000, 0x0000, 0x0000, 0x0000, 0x0000, 0x0000, 0x0000, 0x0000, 0x0000, 0x0000, 0x0000, 0x0000, 0x0000, 0x0000, 
	0x0000, 0x0000, 0x0000, 0x0000, 0x0000, 0x0000, 0x0000, 0x0000, 0x0000, 0x0000, 0x0000, 0x0000, 0x0000, 0x0000, 0x0000, 0x0000, 
	0x0000, 0x0000, 0x0000, 0x0000, 0x0000, 0x0000, 0x0000, 0x0000, 0x0000, 0x0000, 0x0000, 0x0000, 0x0000, 0x0000, 0x0000, 0x0000, 
	0x0000, 0x0000, 0x0000, 0x0000, 0x0000, 0x0000, 0x0000, 0x0000, 0x0000, 0x0000, 0x0000, 0x0000, 0x0000, 0x0000, 0x0000, 0x0000, 
	0x0000, 0x0000, 0x0000, 0x0000, 0x0000, 0x0000, 0x0000, 0x0000, 0x0000, 0x0000, 0x0000, 0x0000, 0x0000, 0x0000, 0x0000, 0x0000, 
	0x0000, 0x0000, 0x0000, 0x0000, 0x0000, 0x0000, 0x0000, 0x0000, 0x0000, 0x0000, 0x0800, 0x0800, 0x0000, 0x0000, 0x0020, 0x0000, 
	0x0000, 0x0000, 0x0000, 0x0000, 0x0820, 0x0800, 0x0000, 0x0040, 0x0000, 0x0000, 0x0000, 0x0000, 0x0000, 0x0800, 0x0000, 0x0000, 
	0x0020, 0x0020, 0x0000, 0x0000, 0x0000, 0x0000, 0x0800, 0x0800, 0x0000, 0x0000, 0x0000, 0x0000, 0x0000, 0x0000, 0x0000, 0x0000, 
	0x0020, 0x0000, 0x0000, 0x0000, 0x0000, 0x0000, 0x0000, 0x0000, 0x0800, 0x0800, 0x0000, 0x0000, 0x0000, 0x0000, 0x0000, 0x0000, 
	0x0000, 0x0000, 0x2000, 0x3042, 0x2041, 0x1000, 0x0040, 0x0040, 0x0001, 0x0022, 0x0802, 0x0802, 0x4022, 0x3000, 0x0020, 0x0880, 
	0x0081, 0x0020, 0x0043, 0x0023, 0x2000, 0x3042, 0x2021, 0x1000, 0x00a0, 0x00a0, 0x0001, 0x0042, 0x0823, 0x0002, 0x2821, 0x2800, 
	0x0000, 0x0040, 0x0040, 0x0000, 0x0023, 0x0023, 0x1000, 0x2022, 0x1821, 0x1000, 0x0020, 0x0040, 0x0000, 0x0021, 0x0021, 0x0001, 
	0x2821, 0x2800, 0x0000, 0x0000, 0x0000, 0x0000, 0x0001, 0x0001, 0x1000, 0x2041, 0x2021, 0x1000, 0x0000, 0x0000, 0x0000, 0x0000, 
	0x0000, 0x0000, 0x2000, 0x2821, 0x0800, 0x0000, 0x0000, 0x0000, 0x0000, 0x0000, 0x0800, 0x1000, 0x1821, 0x1000, 0x0000, 0x0000, 
	0x0000, 0x0000, 0x0000, 0x0000, 0x1000, 0x1821, 0x0800, 0x0000, 0x0000, 0x0000, 0x0000, 0x0000, 0x0000, 0x0800, 0x1821, 0x1000, 
	0x0000, 0x0000, 0x0000, 0x0000, 0x0000, 0x0000, 0x1000, 0x1801, 0x0800, 0x0000, 0x0000, 0x0000, 0x0000, 0x0000, 0x0000, 0x0000, 
	0x1801, 0x1000, 0x0000, 0x0000, 0x0000, 0x0000, 0x0000, 0x0000, 0x0000, 0x0800, 0x0800, 0x0000, 0x0000, 0x0000, 0x0000, 0x0000, 
	0x0000, 0x0000, 0x0800, 0x1000, 0x0000, 0x0000, 0x0000, 0x0000, 0x0000, 0x0000, 0x0000, 0x0800, 0x0820, 0x0800, 0x0020, 0x0040, 
	0x0000, 0x0000, 0x0022, 0x0001, 0x0800, 0x0800, 0x0000, 0x0000, 0x0040, 0x0020, 0x0001, 0x0021, 0x0001, 0x0000, 0x0820, 0x0000, 
	0x0020, 0x0040, 0x0040, 0x0000, 0x0023, 0x0023, 0x0800, 0x1021, 0x0000, 0x0000, 0x0080, 0x0080, 0x0001, 0x0042, 0x0023, 0x0002, 
	0x0800, 0x0800, 0x0020, 0x0080, 0x00c1, 0x0040, 0x0044, 0x0064, 0x0001, 0x0001, 0x0820, 0x0000, 0x0080, 0x00c0, 0x0040, 0x0020, 
	0x0044, 0x0003, 0x0000, 0x0820, 0x0000, 0x0020, 0x00a0, 0x0060, 0x0002, 0x0043, 0x0021, 0x0001, 0x0000, 0x0000, 0x0020, 0x0061, 
	0x0040, 0x0020, 0x0023, 0x0023, 0x0000, 0x0000, 0x0000, 0x0000, 0x0040, 0x0040, 0x0001, 0x0021, 0x0022, 0x0001, 0x0000, 0x0000, 
	0x0000, 0x0000, 0x0000, 0x0000, 0x0000, 0x0001, 0x0000, 0x0000, 0x0000, 0x0000, 0x0000, 0x0000, 0x0000, 0x0000, 0x0000, 0x0000, 
	0x0000, 0x0000, 0x2800, 0x3842, 0x2841, 0x1000, 0x0080, 0x0060, 0x0002, 0x0043, 0x0822, 0x0802, 0x4822, 0x4001, 0x0020, 0x0880, 
	0x0081, 0x0020, 0x0065, 0x0065, 0x2000, 0x3842, 0x3061, 0x1800, 0x00c0, 0x00a0, 0x0002, 0x0063, 0x0843, 0x0002, 0x3801, 0x3801, 
	0x0000, 0x0840, 0x0060, 0x0020, 0x0024, 0x0044, 0x1800, 0x2842, 0x3041, 0x1800, 0x0040, 0x0060, 0x0001, 0x0021, 0x0022, 0x0001, 
	0x3801, 0x4021, 0x0800, 0x0800, 0x0020, 0x0000, 0x0002, 0x0022, 0x1000, 0x2842, 0x3042, 0x2000, 0x0000, 0x0000, 0x0000, 0x0000, 
	0x0001, 0x0000, 0x3000, 0x3841, 0x1000, 0x0800, 0x0000, 0x0000, 0x0000, 0x0000, 0x0800, 0x1020, 0x3041, 0x2000, 0x0000, 0x0000, 
	0x0000, 0x0000, 0x0000, 0x0000, 0x2000, 0x3041, 0x1020, 0x0800, 0x0000, 0x0000, 0x0000, 0x0000, 0x0000, 0x0800, 0x3021, 0x2800, 
	0x0000, 0x0000, 0x0000, 0x0000, 0x0000, 0x0000, 0x1800, 0x2821, 0x2021, 0x1000, 0x0000, 0x0000, 0x0000, 0x0000, 0x0000, 0x0000, 
	0x3021, 0x3001, 0x0000, 0x0000, 0x0000, 0x0000, 0x0000, 0x0000, 0x1000, 0x1821, 0x2021, 0x1000, 0x0000, 0x0000, 0x0000, 0x0000, 
	0x0001, 0x0000, 0x2000, 0x2821, 0x0800, 0x0000, 0x0020, 0x0020, 0x0002, 0x0022, 0x0800, 0x1021, 0x3041, 0x2000, 0x0040, 0x00c0, 
	0x0041, 0x0020, 0x0064, 0x0023, 0x1800, 0x2821, 0x1020, 0x0800, 0x00c0, 0x0080, 0x0003, 0x0065, 0x0022, 0x0002, 0x3021, 0x2800, 
	0x0040, 0x08c0, 0x00c1, 0x0040, 0x0065, 0x0065, 0x1800, 0x3042, 0x2841, 0x1800, 0x0140, 0x0160, 0x0023, 0x0084, 0x0886, 0x0004, 
	0x3000, 0x3821, 0x0040, 0x1101, 0x09e2, 0x00e0, 0x0088, 0x00ea, 0x1002, 0x1022, 0x3841, 0x2800, 0x0140, 0x0a01, 0x00c3, 0x0082, 
	0x08c9, 0x0047, 0x2800, 0x3842, 0x1040, 0x1040, 0x0a01, 0x0180, 0x0026, 0x08e9, 0x0865, 0x0003, 0x3001, 0x3000, 0x0080, 0x0961, 
	0x0922, 0x0060, 0x0089, 0x0088, 0x1000, 0x2022, 0x2821, 0x1800, 0x0100, 0x0140, 0x0023, 0x0084, 0x08a6, 0x0004, 0x2800, 0x3821, 
	0x0820, 0x0820, 0x00a0, 0x0040, 0x0024, 0x0065, 0x0801, 0x0801, 0x3041, 0x2000, 0x0000, 0x0000, 0x0000, 0x0000, 0x0000, 0x0000, 
	0x0000, 0x0000, 0x2000, 0x3842, 0x2841, 0x1000, 0x0060, 0x0060, 0x0002, 0x0043, 0x0823, 0x0802, 0x4822, 0x4001, 0x0020, 0x0880, 
	0x0081, 0x0020, 0x0065, 0x0065, 0x2000, 0x3842, 0x3041, 0x1800, 0x00c0, 0x00a0, 0x0002, 0x0064, 0x0844, 0x0003, 0x3801, 0x3801, 
	0x0000, 0x0020, 0x0060, 0x0020, 0x0044, 0x0045, 0x1000, 0x2842, 0x3041, 0x1800, 0x0040, 0x0040, 0x0001, 0x0022, 0x0022, 0x0002, 
	0x3801, 0x4021, 0x0800, 0x0000, 0x0040, 0x0000, 0x0001, 0x0022, 0x1000, 0x2041, 0x3042, 0x2000, 0x0000, 0x0000, 0x0000, 0x0000, 
	0x0001, 0x0000, 0x3000, 0x3821, 0x1000, 0x0800, 0x0000, 0x0000, 0x0000, 0x0000, 0x0800, 0x1020, 0x3041, 0x2000, 0x0000, 0x0000, 
	0x0000, 0x0000, 0x0000, 0x0000, 0x2000, 0x3041, 0x1821, 0x0800, 0x0000, 0x0000, 0x0000, 0x0000, 0x0000, 0x0800, 0x3021, 0x2800, 
	0x0000, 0x0000, 0x0000, 0x0000, 0x0000, 0x0000, 0x1800, 0x2821, 0x2021, 0x1000, 0x0000, 0x0000, 0x0000, 0x0000, 0x0000, 0x0000, 
	0x3001, 0x3001, 0x0000, 0x0000, 0x0000, 0x0000, 0x0000, 0x0000, 0x0800, 0x1821, 0x2021, 0x1000, 0x0000, 0x0000, 0x0000, 0x0001, 
	0x0001, 0x0000, 0x2000, 0x2821, 0x0800, 0x0000, 0x0040, 0x0000, 0x0002, 0x0023, 0x0800, 0x1001, 0x3041, 0x2000, 0x0040, 0x00a0, 
	0x0041, 0x0020, 0x0064, 0x0023, 0x2000, 0x2821, 0x1020, 0x0800, 0x00c0, 0x0080, 0x0003, 0x0065, 0x0822, 0x0002, 0x3021, 0x3000, 
	0x0040, 0x08c1, 0x00c1, 0x0040, 0x0065, 0x0065, 0x1800, 0x3042, 0x3061, 0x1800, 0x0140, 0x0160, 0x0023, 0x0084, 0x08a6, 0x0004, 
	0x3800, 0x4021, 0x0060, 0x1100, 0x09e2, 0x0100, 0x0089, 0x00ea, 0x1002, 0x1022, 0x3841, 0x2800, 0x0140, 0x0a21, 0x00c3, 0x0082, 
	0x08c9, 0x0047, 0x2800, 0x3842, 0x1860, 0x1840, 0x0a21, 0x01a0, 0x0046, 0x08e9, 0x0865, 0x0003, 0x3821, 0x3801, 0x00a0, 0x1181, 
	0x0982, 0x00a0, 0x00a9, 0x00a9, 0x1800, 0x2842, 0x3041, 0x2000, 0x0120, 0x0160, 0x0043, 0x0084, 0x08a7, 0x0004, 0x3800, 0x4842, 
	0x1040, 0x0820, 0x08e1, 0x0060, 0x0024, 0x0065, 0x0801, 0x1001, 0x3821, 0x3001, 0x0000, 0x0000, 0x0000, 0x0000, 0x0001, 0x0001, 
	0x0000, 0x0000, 0x2000, 0x3862, 0x2841, 0x1000, 0x0060, 0x0060, 0x0002, 0x0043, 0x0802, 0x0802, 0x4822, 0x4001, 0x0020, 0x08a0, 
	0x0081, 0x0020, 0x0065, 0x0065, 0x2000, 0x3842, 0x3041, 0x1800, 0x00a0, 0x00c0, 0x0002, 0x0063, 0x0844, 0x0002, 0x4021, 0x3801, 
	0x0000, 0x0040, 0x0061, 0x0020, 0x0044, 0x0045, 0x1800, 0x2842, 0x3041, 0x1800, 0x0040, 0x0040, 0x0001, 0x0021, 0x0022, 0x0002, 
	0x3801, 0x4021, 0x0800, 0x0800, 0x0020, 0x0000, 0x0001, 0x0022, 0x1000, 0x2041, 0x3042, 0x2000, 0x0000, 0x0000, 0x0000, 0x0000, 
	0x0001, 0x0000, 0x3000, 0x3821, 0x1000, 0x0800, 0x0000, 0x0000, 0x0000, 0x0000, 0x0800, 0x1020, 0x3021, 0x2000, 0x0000, 0x0000, 
	0x0000, 0x0000, 0x0000, 0x0000, 0x2000, 0x3041, 0x1020, 0x0800, 0x0000, 0x0000, 0x0000, 0x0000, 0x0000, 0x0800, 0x3021, 0x2800, 
	0x0000, 0x0000, 0x0000, 0x0000, 0x0000, 0x0000, 0x1800, 0x2821, 0x2021, 0x1000, 0x0000, 0x0000, 0x0000, 0x0000, 0x0000, 0x0000, 
	0x3001, 0x3001, 0x0000, 0x0000, 0x0000, 0x0000, 0x0000, 0x0000, 0x0800, 0x1821, 0x2021, 0x1800, 0x0000, 0x0000, 0x0000, 0x0001, 
	0x0021, 0x0001, 0x2800, 0x2821, 0x0800, 0x0800, 0x0040, 0x0000, 0x0002, 0x0043, 0x0800, 0x1001, 0x3041, 0x2000, 0x0040, 0x08a0, 
	0x0041, 0x0021, 0x0065, 0x0024, 0x2000, 0x2841, 0x1820, 0x0800, 0x00c0, 0x0080, 0x0003, 0x0064, 0x0822, 0x0002, 0x3001, 0x3001, 
	0x0040, 0x08e1, 0x00c1, 0x0040, 0x0066, 0x0065, 0x1800, 0x3042, 0x3041, 0x2000, 0x0140, 0x0160, 0x0043, 0x00a5, 0x08a7, 0x0004, 
	0x3800, 0x4021, 0x0080, 0x1121, 0x09e2, 0x00e0, 0x0089, 0x08eb, 0x1002, 0x1002, 0x4042, 0x2800, 0x0160, 0x0a21, 0x00e3, 0x00a2, 
	0x08ea, 0x0047, 0x2800, 0x3842, 0x1860, 0x1840, 0x0a21, 0x01a0, 0x0047, 0x08e9, 0x0886, 0x0004, 0x3801, 0x3801, 0x00a0, 0x1181, 
	0x0982, 0x00a0, 0x00a9, 0x00a9, 0x1800, 0x2822, 0x3842, 0x2000, 0x0120, 0x0160, 0x0043, 0x00a4, 0x08a7, 0x0005, 0x3800, 0x4842, 
	0x1040, 0x1000, 0x00e0, 0x0080, 0x0044, 0x0085, 0x0801, 0x1001, 0x4021, 0x3800, 0x0000, 0x0000, 0x0000, 0x0000, 0x0001, 0x0001, 
	0x0001, 0x0001, 0x2800, 0x3842, 0x2841, 0x1000, 0x0080, 0x0080, 0x0002, 0x0063, 0x0803, 0x0802, 0x4822, 0x4001, 0x0020, 0x08a0, 
	0x00a1, 0x0020, 0x0065, 0x0065, 0x2800, 0x3842, 0x3061, 0x1800, 0x00a0, 0x00a0, 0x0002, 0x0064, 0x0864, 0x0003, 0x3801, 0x3801, 
	0x0000, 0x0020, 0x0060, 0x0020, 0x0044, 0x0065, 0x1800, 0x2842, 0x3042, 0x1800, 0x0040, 0x0060, 0x0001, 0x0021, 0x0822, 0x0001, 
	0x4001, 0x4021, 0x0800, 0x0000, 0x0020, 0x0000, 0x0002, 0x0022, 0x1000, 0x2042, 0x3042, 0x2000, 0x0000, 0x0000, 0x0000, 0x0000, 
	0x0001, 0x0000, 0x3000, 0x3821, 0x1000, 0x0800, 0x0000, 0x0000, 0x0000, 0x0000, 0x0800, 0x1020, 0x3041, 0x2000, 0x0000, 0x0000, 
	0x0000, 0x0000, 0x0000, 0x0000, 0x2000, 0x3041, 0x1020, 0x0800, 0x0000, 0x0000, 0x0000, 0x0000, 0x0800, 0x0800, 0x3021, 0x2800, 
	0x0000, 0x0000, 0x0000, 0x0000, 0x0000, 0x0000, 0x1800, 0x2821, 0x2021, 0x1000, 0x0000, 0x0000, 0x0000, 0x0000, 0x0000, 0x0000, 
	0x3001, 0x3001, 0x0000, 0x0000, 0x0000, 0x0000, 0x0000, 0x0001, 0x1000, 0x1821, 0x2021, 0x1800, 0x0000, 0x0000, 0x0000, 0x0001, 
	0x0001, 0x0001, 0x2800, 0x3021, 0x0800, 0x0800, 0x0040, 0x0020, 0x0022, 0x0043, 0x0800, 0x1001, 0x3021, 0x2800, 0x0060, 0x00c0, 
	0x0041, 0x0021, 0x0065, 0x0024, 0x2000, 0x2841, 0x1820, 0x0800, 0x00c0, 0x0080, 0x0003, 0x0064, 0x0822, 0x0002, 0x3801, 0x3000, 
	0x0040, 0x08e1, 0x00c1, 0x0040, 0x0086, 0x0066, 0x1800, 0x3042, 0x3061, 0x2000, 0x0160, 0x0180, 0x0043, 0x00a5, 0x08a7, 0x0004, 
	0x3800, 0x4021, 0x0080, 0x1120, 0x09e2, 0x00e0, 0x0088, 0x00ea, 0x1002, 0x1002, 0x4042, 0x3000, 0x0160, 0x0a21, 0x00e3, 0x00a2, 
	0x090a, 0x0068, 0x2800, 0x3842, 0x1860, 0x1840, 0x0a21, 0x01a0, 0x0047, 0x090a, 0x0886, 0x0004, 0x3801, 0x3801, 0x00a0, 0x1181, 
	0x0983, 0x00a0, 0x00a9, 0x00a9, 0x1800, 0x2842, 0x3862, 0x2000, 0x0140, 0x0180, 0x0043, 0x00a4, 0x08a7, 0x0005, 0x3800, 0x4842, 
	0x1040, 0x1000, 0x00e0, 0x0060, 0x0024, 0x0086, 0x0801, 0x0821, 0x4021, 0x3800, 0x0000, 0x0000, 0x0000, 0x0000, 0x0001, 0x0001, 
	0x0001, 0x0001, 0x2000, 0x3842, 0x2841, 0x1000, 0x0080, 0x0080, 0x0002, 0x0063, 0x0823, 0x0802, 0x4842, 0x4001, 0x0020, 0x08a1, 
	0x0081, 0x0020, 0x0065, 0x0065, 0x2000, 0x3863, 0x2841, 0x1800, 0x00a0, 0x00a0, 0x0002, 0x0064, 0x0865, 0x0003, 0x3821, 0x3801, 
	0x0000, 0x0040, 0x0060, 0x0020, 0x0044, 0x0064, 0x1800, 0x2842, 0x3041, 0x1800, 0x0040, 0x0060, 0x0000, 0x0021, 0x0022, 0x0002, 
	0x4001, 0x4021, 0x0800, 0x0000, 0x0020, 0x0000, 0x0022, 0x0022, 0x1000, 0x2842, 0x3042, 0x2000, 0x0000, 0x0000, 0x0000, 0x0000, 
	0x0001, 0x0000, 0x3000, 0x3821, 0x1000, 0x0800, 0x0000, 0x0000, 0x0000, 0x0000, 0x0800, 0x1020, 0x3041, 0x2000, 0x0000, 0x0000, 
	0x0000, 0x0000, 0x0000, 0x0000, 0x2000, 0x3041, 0x1020, 0x0800, 0x0000, 0x0000, 0x0000, 0x0000, 0x0800, 0x0800, 0x3021, 0x2800, 
	0x0000, 0x0000, 0x0000, 0x0000, 0x0000, 0x0000, 0x1800, 0x2841, 0x2021, 0x1000, 0x0000, 0x0000, 0x0000, 0x0000, 0x0000, 0x0000, 
	0x3001, 0x3001, 0x0000, 0x0000, 0x0000, 0x0000, 0x0000, 0x0000, 0x1000, 0x1821, 0x2021, 0x1800, 0x0000, 0x0000, 0x0000, 0x0000, 
	0x0001, 0x0000, 0x2000, 0x2821, 0x0800, 0x0000, 0x0040, 0x0020, 0x0023, 0x0044, 0x0800, 0x1021, 0x3021, 0x2800, 0x0060, 0x00c0, 
	0x0021, 0x0021, 0x0065, 0x0024, 0x2000, 0x2841, 0x1820, 0x0800, 0x00c0, 0x00a0, 0x0003, 0x0065, 0x0002, 0x0002, 0x3821, 0x3000, 
	0x0040, 0x08e1, 0x00a1, 0x0040, 0x0086, 0x0066, 0x1800, 0x3042, 0x3061, 0x2000, 0x0160, 0x0180, 0x0023, 0x00a5, 0x08a6, 0x0004, 
	0x3800, 0x4021, 0x0060, 0x1100, 0x0a02, 0x0100, 0x0088, 0x00ea, 0x1002, 0x1022, 0x4042, 0x3000, 0x0140, 0x0a01, 0x00c3, 0x00a3, 
	0x090b, 0x0068, 0x2800, 0x3842, 0x1860, 0x1840, 0x0a21, 0x01a0, 0x0047, 0x090a, 0x0886, 0x0004, 0x3801, 0x3801, 0x00a0, 0x1181, 
	0x0962, 0x00a0, 0x00c9, 0x00a9, 0x1800, 0x2842, 0x3861, 0x2000, 0x0140, 0x09a0, 0x0043, 0x00a5, 0x08a7, 0x0005, 0x3800, 0x4842, 
	0x1020, 0x1000, 0x00e1, 0x0060, 0x0025, 0x0086, 0x0801, 0x1002, 0x4021, 0x3800, 0x0000, 0x0000, 0x0000, 0x0000, 0x0001, 0x0001, 
	0x0000, 0x0000, 0x1800, 0x2821, 0x2041, 0x1000, 0x0040, 0x0040, 0x0001, 0x0021, 0x0801, 0x0801, 0x3801, 0x3801, 0x0020, 0x0860, 
	0x0060, 0x0020, 0x0023, 0x0043, 0x2000, 0x3042, 0x2842, 0x1800, 0x0080, 0x0080, 0x0001, 0x0022, 0x0023, 0x0002, 0x3000, 0x3021, 
	0x0000, 0x0020, 0x0060, 0x0020, 0x0023, 0x0043, 0x1000, 0x2021, 0x2841, 0x1800, 0x0040, 0x0060, 0x0000, 0x0001, 0x0022, 0x0001, 
	0x3800, 0x4021, 0x0800, 0x0000, 0x0020, 0x0000, 0x0001, 0x0022, 0x1000, 0x2021, 0x3042, 0x2000, 0x0000, 0x0000, 0x0000, 0x0000, 
	0x0000, 0x0000, 0x3000, 0x3821, 0x1000, 0x0800, 0x0000, 0x0000, 0x0000, 0x0000, 0x0800, 0x1020, 0x3041, 0x2000, 0x0000, 0x0000, 
	0x0000, 0x0000, 0x0000, 0x0000, 0x2000, 0x3041, 0x1020, 0x0800, 0x0000, 0x0000, 0x0000, 0x0000, 0x0800, 0x0800, 0x3021, 0x2800, 
	0x0000, 0x0000, 0x0000, 0x0000, 0x0000, 0x0000, 0x1800, 0x2841, 0x2021, 0x1000, 0x0000, 0x0000, 0x0000, 0x0000, 0x0000, 0x0000, 
	0x3021, 0x3001, 0x0000, 0x0000, 0x0000, 0x0000, 0x0000, 0x0000, 0x0800, 0x1821, 0x2021, 0x1000, 0x0000, 0x0000, 0x0000, 0x0000, 
	0x0001, 0x0000, 0x2000, 0x2821, 0x0800, 0x0800, 0x0060, 0x0020, 0x0023, 0x0044, 0x0800, 0x1021, 0x3021, 0x2800, 0x0060, 0x00c0, 
	0x0021, 0x0021, 0x0065, 0x0024, 0x2000, 0x2841, 0x1020, 0x0800, 0x00c0, 0x0080, 0x0003, 0x0085, 0x0822, 0x0002, 0x3821, 0x3001, 
	0x0040, 0x08e1, 0x00c1, 0x0040, 0x0086, 0x0066, 0x1800, 0x3042, 0x3041, 0x2000, 0x0180, 0x01a0, 0x0023, 0x00a5, 0x08a7, 0x0004, 
	0x3800, 0x4021, 0x0060, 0x1101, 0x0a02, 0x0100, 0x0089, 0x010b, 0x1002, 0x1823, 0x4042, 0x2800, 0x0140, 0x0a21, 0x00e4, 0x00c3, 
	0x090b, 0x0069, 0x2800, 0x4042, 0x1860, 0x1840, 0x0a21, 0x01a0, 0x0047, 0x090a, 0x1086, 0x0004, 0x4001, 0x3801, 0x00a0, 0x11a1, 
	0x0182, 0x00a0, 0x00aa, 0x00aa, 0x1800, 0x2842, 0x3842, 0x2000, 0x0140, 0x0180, 0x0043, 0x00a5, 0x08a7, 0x0005, 0x3800, 0x4042, 
	0x1020, 0x1020, 0x00e1, 0x0060, 0x0045, 0x0086, 0x0801, 0x1002, 0x3821, 0x3000, 0x0000, 0x0000, 0x0000, 0x0000, 0x0001, 0x0001, 
	0x0000, 0x0000, 0x0000, 0x0000, 0x0800, 0x0000, 0x0000, 0x0000, 0x0000, 0x0000, 0x0000, 0x0000, 0x0000, 0x0820, 0x0000, 0x0000, 
	0x0000, 0x0000, 0x0000, 0x0000, 0x0000, 0x0000, 0x0820, 0x0800, 0x0000, 0x0000, 0x0000, 0x0000, 0x0000, 0x0000, 0x0000, 0x0820, 
	0x0000, 0x0000, 0x0000, 0x0000, 0x0000, 0x0000, 0x0000, 0x0000, 0x0820, 0x0800, 0x0000, 0x0000, 0x0000, 0x0000, 0x0000, 0x0000, 
	0x0800, 0x1021, 0x0800, 0x0000, 0x0000, 0x0000, 0x0000, 0x0000, 0x0000, 0x0000, 0x1821, 0x1000, 0x0000, 0x0000, 0x0000, 0x0000, 
	0x0000, 0x0000, 0x0800, 0x1020, 0x0800, 0x0000, 0x0000, 0x0000, 0x0000, 0x0000, 0x0000, 0x0000, 0x1000, 0x1000, 0x0000, 0x0000, 
	0x0000, 0x0000, 0x0000, 0x0000, 0x0800, 0x1020, 0x1020, 0x0800, 0x0000, 0x0000, 0x0000, 0x0000, 0x0000, 0x0000, 0x1800, 0x1801, 
	0x0000, 0x0000, 0x0000, 0x0000, 0x0000, 0x0000, 0x0800, 0x1000, 0x1821, 0x0800, 0x0000, 0x0000, 0x0000, 0x0000, 0x0000, 0x0000, 
	0x1800, 0x2000, 0x0000, 0x0000, 0x0000, 0x0000, 0x0000, 0x0000, 0x0000, 0x0800, 0x1821, 0x1000, 0x0000, 0x0000, 0x0000, 0x0000, 
	0x0000, 0x0000, 0x1000, 0x1821, 0x0800, 0x0000, 0x0020, 0x0020, 0x0000, 0x0001, 0x0000, 0x0800, 0x2021, 0x1800, 0x0020, 0x0060, 
	0x0040, 0x0000, 0x0022, 0x0022, 0x1000, 0x1821, 0x1820, 0x0800, 0x0060, 0x0060, 0x0001, 0x0022, 0x0001, 0x0001, 0x2801, 0x2801, 
	0x0020, 0x0880, 0x0081, 0x0020, 0x0023, 0x0043, 0x1000, 0x2022, 0x3062, 0x1800, 0x00e0, 0x0140, 0x0022, 0x0042, 0x0065, 0x0003, 
	0x2800, 0x3821, 0x0840, 0x1080, 0x09a2, 0x00e0, 0x0046, 0x00a7, 0x1001, 0x1002, 0x3841, 0x2800, 0x00e0, 0x09a1, 0x00e3, 0x0061, 
	0x00a8, 0x0046, 0x2000, 0x3042, 0x1860, 0x1020, 0x09c0, 0x0180, 0x0024, 0x00c6, 0x0865, 0x0003, 0x3801, 0x3801, 0x0080, 0x1141, 
	0x0982, 0x00a0, 0x0087, 0x0087, 0x1000, 0x2042, 0x3041, 0x2000, 0x00e0, 0x0961, 0x0042, 0x0063, 0x0886, 0x0024, 0x3000, 0x4042, 
	0x1040, 0x1000, 0x00e1, 0x0080, 0x0024, 0x0065, 0x0801, 0x0802, 0x3821, 0x3000, 0x0000, 0x0000, 0x0000, 0x0000, 0x0001, 0x0001, 
	0x0000, 0x0000, 0x0800, 0x0800, 0x0000, 0x0000, 0x0020, 0x0020, 0x0000, 0x0001, 0x0000, 0x0000, 0x0800, 0x0000, 0x0000, 0x0020, 
	0x0000, 0x0000, 0x0001, 0x0001, 0x0000, 0x0800, 0x0000, 0x0000, 0x0020, 0x0020, 0x0000, 0x0000, 0x0000, 0x0000, 0x0000, 0x0000, 
	0x0000, 0x0000, 0x0000, 0x0000, 0x0000, 0x0000, 0x0000, 0x0000, 0x0000, 0x0000, 0x0000, 0x0000, 0x0000, 0x0000, 0x0000, 0x0000, 
	0x0000, 0x0000, 0x0000, 0x0000, 0x0000, 0x0000, 0x0000, 0x0000, 0x0000, 0x0000, 0x0000, 0x0000, 0x0000, 0x0000, 0x0000, 0x0000, 
	0x0000, 0x0000, 0x0000, 0x0000, 0x0000, 0x0000, 0x0000, 0x0000, 0x0000, 0x0000, 0x0000, 0x0000, 0x0000, 0x0000, 0x0000, 0x0000, 
	0x0000, 0x0000, 0x0000, 0x0000, 0x0000, 0x0000, 0x0000, 0x0000, 0x0000, 0x0000, 0x0000, 0x0000, 0x0000, 0x0000, 0x0000, 0x0000, 
	0x0000, 0x0000, 0x0000, 0x0000, 0x0000, 0x0000, 0x0000, 0x0000, 0x0000, 0x0000, 0x0000, 0x0000, 0x0000, 0x0000, 0x0000, 0x0000, 
	0x0000, 0x0000, 0x0000, 0x0000, 0x0000, 0x0000, 0x0000, 0x0000, 0x0000, 0x0000, 0x0000, 0x0000, 0x0000, 0x0000, 0x0000, 0x0000, 
	0x0000, 0x0000, 0x0000, 0x0000, 0x0000, 0x0000, 0x0000, 0x0000, 0x0000, 0x0000, 0x0000, 0x0000, 0x0000, 0x0000, 0x0000, 0x0000, 
	0x0000, 0x0000, 0x0000, 0x0000, 0x0000, 0x0000, 0x0000, 0x0000, 0x0000, 0x0000, 0x0000, 0x0000, 0x0000, 0x0000, 0x0000, 0x0020, 
	0x0000, 0x0000, 0x0000, 0x0000, 0x0000, 0x0000, 0x0000, 0x0000, 0x0800, 0x0800, 0x0000, 0x0000, 0x0000, 0x0000, 0x0000, 0x0000, 
	0x0000, 0x0800, 0x0000, 0x0000, 0x0020, 0x0020, 0x0000, 0x0000, 0x0000, 0x0000, 0x0800, 0x0800, 0x0000, 0x0020, 0x0040, 0x0000, 
	0x0000, 0x0001, 0x0000, 0x0000, 0x1021, 0x0800, 0x0020, 0x0040, 0x0000, 0x0000, 0x0001, 0x0000, 0x0800, 0x1020, 0x0000, 0x0000, 
	0x0060, 0x0020, 0x0000, 0x0001, 0x0000, 0x0000, 0x1000, 0x0800, 0x0000, 0x0040, 0x0000, 0x0000, 0x0001, 0x0000, 0x0800, 0x1020, 
	0x0820, 0x0000, 0x0020, 0x0020, 0x0000, 0x0000, 0x0000, 0x0000, 0x1000, 0x1821, 0x0000, 0x0000, 0x0000, 0x0000, 0x0000, 0x0000, 
	0x0001, 0x0001, 0x2000, 0x3062, 0x2021, 0x1000, 0x00a0, 0x0080, 0x0001, 0x0042, 0x0822, 0x0802, 0x3842, 0x3000, 0x0000, 0x0060, 
	0x0060, 0x0020, 0x0044, 0x0044, 0x1800, 0x3042, 0x2021, 0x1000, 0x00a0, 0x0080, 0x0001, 0x0042, 0x0843, 0x0002, 0x2821, 0x2000, 
	0x0000, 0x0000, 0x0020, 0x0000, 0x0022, 0x0023, 0x0800, 0x1021, 0x1020, 0x0800, 0x0000, 0x0000, 0x0000, 0x0000, 0x0001, 0x0000, 
	0x2001, 0x2000, 0x0000, 0x0000, 0x0000, 0x0000, 0x0000, 0x0000, 0x0800, 0x1821, 0x1821, 0x1000, 0x0000, 0x0000, 0x0000, 0x0000, 
	0x0000, 0x0000, 0x1000, 0x1800, 0x0000, 0x0000, 0x0000, 0x0000, 0x0000, 0x0000, 0x0000, 0x1020, 0x1821, 0x1000, 0x0000, 0x0000, 
	0x0000, 0x0000, 0x0000, 0x0000, 0x1000, 0x1821, 0x0000, 0x0000, 0x0000, 0x0000, 0x0000, 0x0000, 0x0000, 0x0800, 0x1821, 0x1000, 
	0x0000, 0x0000, 0x0000, 0x0000, 0x0000, 0x0000, 0x0800, 0x1021, 0x0000, 0x0000, 0x0000, 0x0000, 0x0000, 0x0000, 0x0000, 0x0000, 
	0x1021, 0x0800, 0x0000, 0x0000, 0x0000, 0x0000, 0x0000, 0x0000, 0x0800, 0x1020, 0x0800, 0x0800, 0x0000, 0x0000, 0x0000, 0x0000, 
	0x0000, 0x0000, 0x0800, 0x0800, 0x0000, 0x0000, 0x0000, 0x0000, 0x0000, 0x0000, 0x0000, 0x0800, 0x0800, 0x0000, 0x0000, 0x0000, 
	0x0000, 0x0000, 0x0001, 0x0000, 0x0800, 0x1000, 0x0000, 0x0000, 0x0020, 0x0000, 0x0000, 0x0021, 0x0000, 0x0000, 0x0820, 0x0000, 
	0x0000, 0x0020, 0x0020, 0x0000, 0x0022, 0x0021, 0x0000, 0x0820, 0x0000, 0x0000, 0x0080, 0x0080, 0x0001, 0x0042, 0x0042, 0x0001, 
	0x0800, 0x0800, 0x0020, 0x0060, 0x0080, 0x0020, 0x0023, 0x0044, 0x0000, 0x0000, 0x0000, 0x0000, 0x0040, 0x0080, 0x0020, 0x0020, 
	0x0043, 0x0002, 0x0000, 0x0000, 0x0000, 0x0020, 0x0080, 0x0040, 0x0002, 0x0042, 0x0001, 0x0001, 0x0000, 0x0000, 0x0020, 0x0060, 
	0x0040, 0x0020, 0x0023, 0x0002, 0x0000, 0x0000, 0x0000, 0x0000, 0x0040, 0x0040, 0x0000, 0x0021, 0x0021, 0x0000, 0x0000, 0x0000, 
	0x0000, 0x0000, 0x0000, 0x0000, 0x0000, 0x0000, 0x0000, 0x0000, 0x0000, 0x0000, 0x0000, 0x0000, 0x0000, 0x0000, 0x0000, 0x0000, 
	0x0022, 0x0002, 0x2800, 0x4042, 0x2841, 0x1800, 0x00c0, 0x00a0, 0x0002, 0x0043, 0x0803, 0x0802, 0x4822, 0x4001, 0x0020, 0x00a0, 
	0x0081, 0x0020, 0x0045, 0x0065, 0x2800, 0x3842, 0x3061, 0x1800, 0x00c0, 0x00c0, 0x0002, 0x0064, 0x0844, 0x0003, 0x3821, 0x3001, 
	0x0000, 0x0040, 0x0060, 0x0020, 0x0023, 0x0043, 0x1000, 0x2021, 0x2021, 0x1800, 0x0020, 0x0020, 0x0000, 0x0001, 0x0002, 0x0001, 
	0x3001, 0x3021, 0x0000, 0x0000, 0x0000, 0x0000, 0x0001, 0x0001, 0x1000, 0x2021, 0x2842, 0x1800, 0x0000, 0x0000, 0x0000, 0x0000, 
	0x0000, 0x0000, 0x2000, 0x2821, 0x0800, 0x0000, 0x0000, 0x0000, 0x0000, 0x0000, 0x0800, 0x1821, 0x3041, 0x2800, 0x0000, 0x0000, 
	0x0000, 0x0000, 0x0000, 0x0000, 0x2800, 0x3022, 0x1020, 0x0800, 0x0000, 0x0000, 0x0000, 0x0000, 0x0800, 0x1000, 0x3021, 0x2800, 
	0x0000, 0x0000, 0x0000, 0x0000, 0x0000, 0x0000, 0x1800, 0x2021, 0x1821, 0x0800, 0x0000, 0x0000, 0x0000, 0x0000, 0x0000, 0x0000, 
	0x3001, 0x3001, 0x0000, 0x0000, 0x0000, 0x0000, 0x0000, 0x0000, 0x1000, 0x2021, 0x2821, 0x1800, 0x0000, 0x0000, 0x0000, 0x0000, 
	0x0000, 0x0000, 0x2800, 0x3021, 0x0800, 0x0000, 0x0000, 0x0000, 0x0000, 0x0001, 0x0800, 0x1821, 0x3041, 0x2000, 0x0000, 0x0020, 
	0x0000, 0x0000, 0x0022, 0x0002, 0x2800, 0x3041, 0x1020, 0x0800, 0x00a0, 0x0060, 0x0002, 0x0043, 0x0801, 0x0801, 0x3021, 0x2800, 
	0x0040, 0x00a0, 0x0081, 0x0020, 0x0065, 0x0065, 0x1800, 0x3042, 0x2841, 0x1800, 0x0160, 0x0180, 0x0024, 0x00a6, 0x10a7, 0x0005, 
	0x3801, 0x4021, 0x0060, 0x1121, 0x11e2, 0x00e0, 0x008a, 0x00eb, 0x0802, 0x1022, 0x2841, 0x1800, 0x0140, 0x1201, 0x00c3, 0x00a2, 
	0x08ea, 0x0047, 0x2000, 0x3022, 0x0840, 0x1060, 0x0a21, 0x0180, 0x0046, 0x08e9, 0x0865, 0x0003, 0x2821, 0x2000, 0x00a0, 0x11a1, 
	0x0963, 0x0080, 0x00ea, 0x00a9, 0x1000, 0x1822, 0x1840, 0x1000, 0x0160, 0x09a0, 0x0043, 0x0084, 0x0886, 0x0004, 0x2000, 0x2821, 
	0x0020, 0x0840, 0x00c1, 0x0040, 0x0023, 0x0064, 0x0801, 0x0801, 0x1821, 0x1000, 0x0000, 0x0000, 0x0000, 0x0000, 0x0000, 0x0000, 
	0x0002, 0x0002, 0x2800, 0x4042, 0x2841, 0x1800, 0x00a0, 0x00a0, 0x0002, 0x0043, 0x1023, 0x0802, 0x4821, 0x4001, 0x0020, 0x0880, 
	0x0080, 0x0020, 0x0045, 0x0045, 0x2000, 0x3862, 0x3042, 0x1800, 0x00c0, 0x00c0, 0x0002, 0x0064, 0x0864, 0x0003, 0x3801, 0x3801, 
	0x0000, 0x0020, 0x0040, 0x0000, 0x0023, 0x0043, 0x1000, 0x2041, 0x2041, 0x1000, 0x0020, 0x0020, 0x0000, 0x0021, 0x0002, 0x0001, 
	0x3000, 0x3001, 0x0800, 0x0000, 0x0000, 0x0000, 0x0001, 0x0001, 0x1000, 0x2021, 0x3042, 0x1800, 0x0000, 0x0000, 0x0000, 0x0000, 
	0x0000, 0x0000, 0x2000, 0x2821, 0x0800, 0x0000, 0x0000, 0x0000, 0x0000, 0x0000, 0x0800, 0x1821, 0x3041, 0x2800, 0x0000, 0x0000, 
	0x0000, 0x0000, 0x0000, 0x0000, 0x2000, 0x3041, 0x1821, 0x0800, 0x0000, 0x0000, 0x0000, 0x0000, 0x0000, 0x0820, 0x3021, 0x2800, 
	0x0000, 0x0000, 0x0000, 0x0000, 0x0000, 0x0000, 0x1800, 0x2021, 0x1821, 0x1000, 0x0000, 0x0000, 0x0000, 0x0000, 0x0000, 0x0000, 
	0x3801, 0x3801, 0x0000, 0x0000, 0x0000, 0x0000, 0x0000, 0x0000, 0x1000, 0x2021, 0x2841, 0x1800, 0x0000, 0x0000, 0x0000, 0x0000, 
	0x0000, 0x0000, 0x2800, 0x3021, 0x1000, 0x0800, 0x0000, 0x0000, 0x0001, 0x0021, 0x0800, 0x1821, 0x3821, 0x2800, 0x0000, 0x0020, 
	0x0000, 0x0001, 0x0042, 0x0022, 0x2800, 0x3841, 0x2021, 0x1000, 0x00a0, 0x0060, 0x0002, 0x0043, 0x0001, 0x0001, 0x3821, 0x3800, 
	0x0040, 0x08a0, 0x00a1, 0x0020, 0x0066, 0x0066, 0x2000, 0x3842, 0x3861, 0x2000, 0x0180, 0x01a0, 0x0044, 0x00a5, 0x08c8, 0x0005, 
	0x4801, 0x5022, 0x0080, 0x1120, 0x0a22, 0x0100, 0x00aa, 0x00eb, 0x1002, 0x1003, 0x3842, 0x2800, 0x0180, 0x0a41, 0x00e3, 0x00a2, 
	0x090b, 0x0048, 0x2800, 0x3842, 0x1080, 0x1080, 0x0a61, 0x01e0, 0x0047, 0x090a, 0x0886, 0x0004, 0x4021, 0x3801, 0x00c0, 0x11e1, 
	0x09a3, 0x00c0, 0x00ec, 0x00cb, 0x1800, 0x2842, 0x3061, 0x2000, 0x01a0, 0x0200, 0x0063, 0x00a4, 0x08a7, 0x0004, 0x3000, 0x4042, 
	0x1040, 0x1020, 0x0901, 0x0080, 0x0025, 0x0086, 0x0801, 0x0821, 0x3821, 0x2800, 0x0000, 0x0000, 0x0000, 0x0000, 0x0001, 0x0001, 
	0x0022, 0x0002, 0x2800, 0x4062, 0x2861, 0x1800, 0x00c0, 0x00a0, 0x0002, 0x0064, 0x0823, 0x0803, 0x4821, 0x4001, 0x0020, 0x0880, 
	0x0081, 0x0020, 0x0065, 0x0065, 0x2800, 0x3843, 0x3041, 0x1800, 0x00c0, 0x00c0, 0x0002, 0x0064, 0x0864, 0x0003, 0x3801, 0x3801, 
	0x0000, 0x0020, 0x0040, 0x0020, 0x0024, 0x0044, 0x1000, 0x2042, 0x2841, 0x1800, 0x0020, 0x0020, 0x0000, 0x0021, 0x0002, 0x0001, 
	0x3001, 0x3821, 0x0800, 0x0000, 0x0000, 0x0000, 0x0001, 0x0001, 0x1000, 0x2021, 0x3042, 0x2000, 0x0000, 0x0000, 0x0000, 0x0000, 
	0x0000, 0x0000, 0x2000, 0x2821, 0x0800, 0x0000, 0x0000, 0x0000, 0x0000, 0x0000, 0x0800, 0x1821, 0x3042, 0x2800, 0x0000, 0x0000, 
	0x0000, 0x0000, 0x0000, 0x0000, 0x2800, 0x3022, 0x1821, 0x0800, 0x0000, 0x0000, 0x0000, 0x0000, 0x0800, 0x1000, 0x3021, 0x2801, 
	0x0000, 0x0000, 0x0000, 0x0000, 0x0000, 0x0000, 0x1800, 0x2021, 0x1821, 0x1000, 0x0000, 0x0000, 0x0000, 0x0000, 0x0000, 0x0800, 
	0x3801, 0x3801, 0x0000, 0x0000, 0x0000, 0x0000, 0x0000, 0x0000, 0x1000, 0x2021, 0x2821, 0x1800, 0x0000, 0x0000, 0x0000, 0x0000, 
	0x0000, 0x0000, 0x2801, 0x3021, 0x1000, 0x0800, 0x0000, 0x0000, 0x0001, 0x0021, 0x0800, 0x1821, 0x3822, 0x2800, 0x0000, 0x0020, 
	0x0000, 0x0001, 0x0022, 0x0002, 0x2800, 0x3842, 0x2021, 0x1000, 0x00a0, 0x0080, 0x0002, 0x0063, 0x0801, 0x0001, 0x3821, 0x3801, 
	0x0040, 0x08c1, 0x00a1, 0x0040, 0x0066, 0x0066, 0x2000, 0x3842, 0x3061, 0x2000, 0x0180, 0x01a0, 0x0044, 0x00c6, 0x08c8, 0x0005, 
	0x4001, 0x4822, 0x0080, 0x1941, 0x0a22, 0x0100, 0x00aa, 0x00ec, 0x1002, 0x1823, 0x4042, 0x2800, 0x0180, 0x0a61, 0x00e4, 0x00a3, 
	0x090b, 0x0068, 0x2800, 0x3842, 0x1860, 0x1880, 0x0a81, 0x01c0, 0x0047, 0x090a, 0x1086, 0x0004, 0x4001, 0x3801, 0x00c0, 0x11e1, 
	0x09c3, 0x00c0, 0x010c, 0x00ec, 0x1800, 0x2842, 0x3062, 0x2000, 0x01c0, 0x0200, 0x0063, 0x00a4, 0x08a7, 0x0004, 0x3800, 0x4042, 
	0x1040, 0x1040, 0x0921, 0x0080, 0x0045, 0x0087, 0x0801, 0x0801, 0x3822, 0x2800, 0x0000, 0x0000, 0x0000, 0x0000, 0x0001, 0x0001, 
	0x0022, 0x0022, 0x2800, 0x4062, 0x2861, 0x1800, 0x00c0, 0x00a0, 0x0002, 0x0064, 0x0823, 0x0803, 0x4822, 0x4001, 0x0020, 0x0880, 
	0x0081, 0x0020, 0x0065, 0x0065, 0x2800, 0x3843, 0x3061, 0x1800, 0x00c0, 0x00c0, 0x0002, 0x0064, 0x0864, 0x0003, 0x3821, 0x3801, 
	0x0000, 0x0020, 0x0040, 0x0000, 0x0024, 0x0044, 0x1000, 0x2041, 0x2821, 0x1800, 0x0000, 0x0020, 0x0001, 0x0001, 0x0022, 0x0001, 
	0x3001, 0x3021, 0x0800, 0x0000, 0x0000, 0x0000, 0x0001, 0x0022, 0x1000, 0x2042, 0x3042, 0x2000, 0x0000, 0x0000, 0x0000, 0x0000, 
	0x0000, 0x0000, 0x2800, 0x2821, 0x0800, 0x0000, 0x0000, 0x0000, 0x0000, 0x0000, 0x0800, 0x1821, 0x3042, 0x2800, 0x0000, 0x0000, 
	0x0000, 0x0000, 0x0000, 0x0000, 0x2800, 0x3022, 0x1821, 0x0800, 0x0000, 0x0000, 0x0000, 0x0000, 0x0800, 0x1000, 0x3021, 0x2800, 
	0x0000, 0x0000, 0x0000, 0x0000, 0x0000, 0x0000, 0x1800, 0x2021, 0x1821, 0x1000, 0x0000, 0x0000, 0x0000, 0x0000, 0x0000, 0x0800, 
	0x3821, 0x3001, 0x0000, 0x0000, 0x0000, 0x0000, 0x0000, 0x0000, 0x1000, 0x2021, 0x2841, 0x1800, 0x0000, 0x0000, 0x0000, 0x0000, 
	0x0000, 0x0000, 0x2800, 0x3021, 0x0800, 0x0800, 0x0000, 0x0000, 0x0001, 0x0001, 0x0800, 0x1821, 0x3842, 0x2800, 0x0000, 0x0000, 
	0x0000, 0x0020, 0x0042, 0x0002, 0x2800, 0x4042, 0x2041, 0x1000, 0x00a0, 0x0080, 0x0002, 0x0063, 0x0801, 0x0801, 0x3821, 0x3801, 
	0x0040, 0x08c0, 0x00a1, 0x0040, 0x0086, 0x0066, 0x2000, 0x3842, 0x3861, 0x2000, 0x01a0, 0x01c0, 0x0044, 0x00c7, 0x08c8, 0x0005, 
	0x4800, 0x5021, 0x0080, 0x1921, 0x0a23, 0x0100, 0x00aa, 0x010c, 0x1002, 0x1822, 0x4042, 0x3000, 0x0180, 0x0a61, 0x00e4, 0x00a3, 
	0x090b, 0x0048, 0x2800, 0x3842, 0x1060, 0x1880, 0x0aa1, 0x01e0, 0x0068, 0x092b, 0x0886, 0x0004, 0x4002, 0x4001, 0x00c0, 0x11e1, 
	0x09c3, 0x00c0, 0x00ec, 0x00cb, 0x1800, 0x3042, 0x3862, 0x2000, 0x01a0, 0x0200, 0x0064, 0x00c5, 0x08c7, 0x0005, 0x3800, 0x4042, 
	0x0840, 0x1040, 0x0901, 0x0080, 0x0045, 0x0886, 0x0801, 0x0802, 0x3821, 0x3000, 0x0000, 0x0000, 0x0000, 0x0000, 0x0001, 0x0001, 
	0x0022, 0x0002, 0x2800, 0x4043, 0x2841, 0x1800, 0x00c0, 0x00a0, 0x0002, 0x0064, 0x0823, 0x0803, 0x4822, 0x4001, 0x0020, 0x0880, 
	0x0081, 0x0020, 0x0065, 0x0065, 0x2800, 0x3842, 0x3041, 0x1800, 0x00c0, 0x00c0, 0x0002, 0x0064, 0x0864, 0x0003, 0x3801, 0x3801, 
	0x0000, 0x0040, 0x0041, 0x0000, 0x0044, 0x0065, 0x1000, 0x2041, 0x2841, 0x1800, 0x0000, 0x0000, 0x0001, 0x0021, 0x0022, 0x0001, 
	0x3000, 0x3021, 0x0000, 0x0000, 0x0000, 0x0000, 0x0002, 0x0022, 0x1000, 0x2021, 0x3041, 0x2000, 0x0000, 0x0000, 0x0000, 0x0000, 
	0x0000, 0x0000, 0x2000, 0x2821, 0x0800, 0x0000, 0x0000, 0x0000, 0x0000, 0x0000, 0x0800, 0x1821, 0x3041, 0x2800, 0x0000, 0x0000, 
	0x0000, 0x0000, 0x0000, 0x0000, 0x2800, 0x3041, 0x1821, 0x0800, 0x0000, 0x0000, 0x0000, 0x0000, 0x0800, 0x0820, 0x3021, 0x2800, 
	0x0000, 0x0000, 0x0000, 0x0000, 0x0000, 0x0000, 0x1800, 0x2021, 0x1821, 0x1000, 0x0000, 0x0000, 0x0000, 0x0000, 0x0000, 0x0000, 
	0x3801, 0x3801, 0x0000, 0x0000, 0x0000, 0x0000, 0x0000, 0x0000, 0x1000, 0x2021, 0x2841, 0x1800, 0x0000, 0x0000, 0x0000, 0x0000, 
	0x0000, 0x0000, 0x2800, 0x3021, 0x1000, 0x0800, 0x0000, 0x0000, 0x0001, 0x0001, 0x0800, 0x1821, 0x3841, 0x2800, 0x0000, 0x0020, 
	0x0000, 0x0001, 0x0023, 0x0002, 0x2800, 0x3842, 0x1840, 0x1000, 0x00a0, 0x0060, 0x0002, 0x0044, 0x0802, 0x0801, 0x3821, 0x3000, 
	0x0040, 0x08c0, 0x00a1, 0x0040, 0x0087, 0x0066, 0x2000, 0x3842, 0x3862, 0x2000, 0x0180, 0x01c0, 0x0044, 0x00c6, 0x08a7, 0x0005, 
	0x4801, 0x5022, 0x0080, 0x1941, 0x0a22, 0x0100, 0x00aa, 0x090c, 0x1002, 0x1823, 0x3841, 0x2800, 0x0180, 0x0a61, 0x00e4, 0x00c3, 
	0x090b, 0x0068, 0x2800, 0x3842, 0x1860, 0x1880, 0x0a81, 0x01e0, 0x0068, 0x092b, 0x1086, 0x0004, 0x4021, 0x3801, 0x00c0, 0x11e2, 
	0x09a3, 0x00c0, 0x00ec, 0x00cb, 0x1800, 0x2842, 0x3861, 0x2000, 0x01c0, 0x0200, 0x0064, 0x00c5, 0x08c8, 0x0005, 0x3800, 0x4042, 
	0x1020, 0x1020, 0x0101, 0x0080, 0x0045, 0x0086, 0x0801, 0x0801, 0x3821, 0x3000, 0x0000, 0x0000, 0x0000, 0x0000, 0x0001, 0x0001, 
	0x0001, 0x0001, 0x2000, 0x3042, 0x2841, 0x1000, 0x0080, 0x0080, 0x0001, 0x0022, 0x0822, 0x0001, 0x3821, 0x3821, 0x0000, 0x0840, 
	0x0081, 0x0020, 0x0023, 0x0043, 0x2000, 0x3042, 0x3062, 0x1800, 0x0080, 0x00a0, 0x0001, 0x0042, 0x0843, 0x0002, 0x3001, 0x3001, 
	0x0000, 0x0020, 0x0040, 0x0020, 0x0022, 0x0043, 0x1000, 0x1821, 0x2021, 0x1000, 0x0000, 0x0020, 0x0000, 0x0001, 0x0021, 0x0001, 
	0x2800, 0x3021, 0x0800, 0x0000, 0x0000, 0x0000, 0x0001, 0x0021, 0x1000, 0x2021, 0x3041, 0x2000, 0x0000, 0x0000, 0x0000, 0x0000, 
	0x0000, 0x0000, 0x2000, 0x2821, 0x0800, 0x0000, 0x0000, 0x0000, 0x0000, 0x0000, 0x0800, 0x1821, 0x3042, 0x2800, 0x0000, 0x0000, 
	0x0000, 0x0000, 0x0000, 0x0000, 0x2800, 0x3042, 0x1821, 0x0800, 0x0000, 0x0000, 0x0000, 0x0000, 0x0800, 0x0800, 0x3022, 0x2801, 
	0x0000, 0x0000, 0x0000, 0x0000, 0x0000, 0x0000, 0x1800, 0x2021, 0x1821, 0x1000, 0x0000, 0x0000, 0x0000, 0x0000, 0x0000, 0x0800, 
	0x3821, 0x3001, 0x0000, 0x0000, 0x0000, 0x0000, 0x0000, 0x0000, 0x1000, 0x2021, 0x3042, 0x2000, 0x0000, 0x0000, 0x0000, 0x0000, 
	0x0000, 0x0000, 0x2801, 0x3021, 0x1000, 0x0800, 0x0000, 0x0000, 0x0001, 0x0001, 0x0800, 0x1821, 0x3842, 0x2800, 0x0000, 0x0040, 
	0x0000, 0x0021, 0x0043, 0x0002, 0x3000, 0x4022, 0x2020, 0x1000, 0x00a0, 0x0060, 0x0002, 0x0063, 0x0802, 0x0801, 0x4021, 0x3801, 
	0x0040, 0x08a0, 0x00a1, 0x0040, 0x0087, 0x0066, 0x2000, 0x3842, 0x3061, 0x2000, 0x01a0, 0x01a0, 0x0044, 0x00c6, 0x08c8, 0x0025, 
	0x4801, 0x5022, 0x0080, 0x1941, 0x0a02, 0x0100, 0x00cb, 0x010d, 0x1002, 0x1023, 0x3841, 0x2800, 0x0180, 0x0a41, 0x00e4, 0x00c3, 
	0x090b, 0x0049, 0x2800, 0x4042, 0x1060, 0x1880, 0x0a61, 0x01c0, 0x0068, 0x092b, 0x1086, 0x0004, 0x4001, 0x4000, 0x00c0, 0x11e1, 
	0x09a3, 0x00c0, 0x00ec, 0x00cb, 0x1800, 0x2842, 0x3861, 0x2000, 0x01c0, 0x0200, 0x0064, 0x00c6, 0x08a8, 0x0005, 0x3800, 0x4042, 
	0x1040, 0x1040, 0x0901, 0x0080, 0x0045, 0x00a7, 0x0801, 0x0802, 0x3821, 0x3000, 0x0000, 0x0000, 0x0000, 0x0000, 0x0001, 0x0001, 
	0x0000, 0x0000, 0x0000, 0x0000, 0x0820, 0x0800, 0x0000, 0x0000, 0x0000, 0x0000, 0x0000, 0x0000, 0x0800, 0x0820, 0x0000, 0x0000, 
	0x0000, 0x0000, 0x0000, 0x0000, 0x0000, 0x0800, 0x1020, 0x0800, 0x0000, 0x0000, 0x0000, 0x0000, 0x0000, 0x0000, 0x0800, 0x1020, 
	0x0000, 0x0000, 0x0000, 0x0000, 0x0000, 0x0000, 0x0000, 0x0000, 0x0820, 0x0800, 0x0000, 0x0000, 0x0000, 0x0000, 0x0000, 0x0000, 
	0x0800, 0x1021, 0x0000, 0x0000, 0x0000, 0x0000, 0x0000, 0x0000, 0x0000, 0x0000, 0x1020, 0x1000, 0x0000, 0x0000, 0x0000, 0x0000, 
	0x0000, 0x0000, 0x0800, 0x1020, 0x0800, 0x0000, 0x0000, 0x0000, 0x0000, 0x0000, 0x0000, 0x0000, 0x1821, 0x1800, 0x0000, 0x0000, 
	0x0000, 0x0000, 0x0000, 0x0000, 0x1000, 0x1821, 0x1021, 0x0800, 0x0000, 0x0000, 0x0000, 0x0000, 0x0000, 0x0000, 0x1801, 0x1801, 
	0x0000, 0x0000, 0x0000, 0x0000, 0x0000, 0x0000, 0x0800, 0x1020, 0x1021, 0x0800, 0x0000, 0x0000, 0x0000, 0x0000, 0x0000, 0x0000, 
	0x2000, 0x2821, 0x0000, 0x0000, 0x0000, 0x0000, 0x0000, 0x0000, 0x0800, 0x1020, 0x2041, 0x1800, 0x0000, 0x0000, 0x0000, 0x0000, 
	0x0000, 0x0000, 0x1800, 0x2021, 0x0820, 0x0000, 0x0000, 0x0000, 0x0000, 0x0000, 0x0800, 0x1000, 0x2821, 0x2000, 0x0000, 0x0020, 
	0x0000, 0x0000, 0x0021, 0x0001, 0x1800, 0x2841, 0x1841, 0x0800, 0x0060, 0x0060, 0x0001, 0x0022, 0x0001, 0x0001, 0x3021, 0x3001, 
	0x0020, 0x0860, 0x0081, 0x0020, 0x0043, 0x0044, 0x1800, 0x2842, 0x3862, 0x2000, 0x0140, 0x0181, 0x0042, 0x0084, 0x0886, 0x0004, 
	0x3800, 0x4842, 0x0860, 0x10c0, 0x09e2, 0x0100, 0x0068, 0x08ea, 0x0802, 0x1022, 0x3841, 0x2800, 0x0120, 0x1202, 0x0103, 0x0081, 
	0x08c9, 0x0067, 0x2000, 0x3042, 0x1860, 0x1840, 0x0a41, 0x01e0, 0x0046, 0x0909, 0x0886, 0x0004, 0x3801, 0x3801, 0x00a0, 0x11a1, 
	0x09a3, 0x00a0, 0x00aa, 0x00ca, 0x1000, 0x2042, 0x3861, 0x2000, 0x0180, 0x09e0, 0x0063, 0x0084, 0x08a7, 0x0005, 0x3000, 0x4022, 
	0x1040, 0x0820, 0x0921, 0x00a0, 0x0024, 0x0085, 0x0801, 0x0801, 0x3821, 0x2800, 0x0000, 0x0000, 0x0000, 0x0000, 0x0001, 0x0001, 
	0x0001, 0x0001, 0x0000, 0x0000, 0x0000, 0x0000, 0x0000, 0x0000, 0x0000, 0x0000, 0x0000, 0x0000, 0x0000, 0x0000, 0x0000, 0x0020, 
	0x0000, 0x0000, 0x0001, 0x0001, 0x0000, 0x0000, 0x0000, 0x0000, 0x0000, 0x0000, 0x0000, 0x0000, 0x0001, 0x0000, 0x0000, 0x0000, 
	0x0000, 0x0000, 0x0000, 0x0000, 0x0000, 0x0000, 0x0000, 0x0000, 0x0000, 0x0000, 0x0000, 0x0000, 0x0000, 0x0000, 0x0000, 0x0000, 
	0x0000, 0x0000, 0x0000, 0x0000, 0x0000, 0x0000, 0x0000, 0x0000, 0x0000, 0x0000, 0x0000, 0x0000, 0x0000, 0x0000, 0x0000, 0x0000, 
	0x0000, 0x0000, 0x0000, 0x0000, 0x0000, 0x0000, 0x0000, 0x0000, 0x0000, 0x0000, 0x0000, 0x0000, 0x0000, 0x0000, 0x0000, 0x0000, 
	0x0000, 0x0000, 0x0000, 0x0000, 0x0000, 0x0000, 0x0000, 0x0000, 0x0000, 0x0000, 0x0000, 0x0000, 0x0000, 0x0000, 0x0000, 0x0000, 
	0x0000, 0x0000, 0x0000, 0x0000, 0x0000, 0x0000, 0x0000, 0x0000, 0x0000, 0x0000, 0x0000, 0x0000, 0x0000, 0x0000, 0x0000, 0x0000, 
	0x0000, 0x0000, 0x0000, 0x0000, 0x0000, 0x0000, 0x0000, 0x0000, 0x0000, 0x0000, 0x0000, 0x0000, 0x0000, 0x0000, 0x0000, 0x0000, 
	0x0000, 0x0000, 0x0000, 0x0000, 0x0000, 0x0000, 0x0000, 0x0000, 0x0000, 0x0000, 0x0000, 0x0000, 0x0800, 0x0800, 0x0000, 0x0000, 
	0x0000, 0x0000, 0x0000, 0x0000, 0x0000, 0x0000, 0x0800, 0x0000, 0x0000, 0x0000, 0x0000, 0x0000, 0x0000, 0x0000, 0x0800, 0x0800, 
	0x0000, 0x0000, 0x0000, 0x0000, 0x0000, 0x0000, 0x0000, 0x0000, 0x1021, 0x1000, 0x0000, 0x0040, 0x0000, 0x0000, 0x0001, 0x0000, 
	0x0800, 0x1020, 0x0820, 0x0000, 0x0060, 0x0040, 0x0000, 0x0001, 0x0000, 0x0000, 0x1000, 0x1000, 0x0020, 0x0060, 0x0060, 0x0020, 
	0x0022, 0x0022, 0x0800, 0x0800, 0x1021, 0x0800, 0x0080, 0x00a0, 0x0000, 0x0021, 0x0021, 0x0001, 0x1000, 0x1821, 0x0020, 0x0040, 
	0x00a1, 0x0040, 0x0002, 0x0042, 0x0000, 0x0800, 0x1821, 0x1000, 0x0040, 0x00a0, 0x0021, 0x0000, 0x0022, 0x0002, 0x1000, 0x1821, 
	0x0820, 0x0800, 0x0040, 0x0040, 0x0001, 0x0021, 0x0000, 0x0000, 0x1800, 0x1800, 0x0000, 0x0000, 0x0000, 0x0000, 0x0000, 0x0000, 
	0x0022, 0x0002, 0x1000, 0x2021, 0x1000, 0x0800, 0x0060, 0x0040, 0x0001, 0x0022, 0x0802, 0x0001, 0x3041, 0x2000, 0x0020, 0x0880, 
	0x0060, 0x0020, 0x0065, 0x0044, 0x1800, 0x2842, 0x1821, 0x0800, 0x0080, 0x0060, 0x0002, 0x0043, 0x0822, 0x0002, 0x2821, 0x2000, 
	0x0000, 0x0040, 0x0040, 0x0000, 0x0023, 0x0023, 0x1000, 0x1821, 0x1820, 0x0800, 0x0020, 0x0020, 0x0000, 0x0001, 0x0001, 0x0000, 
	0x2021, 0x2000, 0x0000, 0x0000, 0x0000, 0x0000, 0x0000, 0x0000, 0x0800, 0x1821, 0x1821, 0x0800, 0x0000, 0x0000, 0x0000, 0x0000, 
	0x0000, 0x0000, 0x1800, 0x1800, 0x0000, 0x0000, 0x0000, 0x0000, 0x0000, 0x0000, 0x0000, 0x0820, 0x1020, 0x0800, 0x0000, 0x0000, 
	0x0000, 0x0000, 0x0000, 0x0000, 0x1000, 0x1800, 0x0000, 0x0000, 0x0000, 0x0000, 0x0000, 0x0000, 0x0000, 0x0800, 0x1021, 0x0800, 
	0x0000, 0x0000, 0x0000, 0x0000, 0x0000, 0x0000, 0x0800, 0x1020, 0x0000, 0x0000, 0x0000, 0x0000, 0x0000, 0x0000, 0x0000, 0x0000, 
	0x0800, 0x0000, 0x0000, 0x0000, 0x0000, 0x0000, 0x0000, 0x0000, 0x0000, 0x0800, 0x0000, 0x0000, 0x0000, 0x0000, 0x0000, 0x0000, 
	0x0000, 0x0000, 0x0800, 0x0000, 0x0000, 0x0000, 0x0000, 0x0000, 0x0000, 0x0000, 0x0000, 0x0000, 0x0020, 0x0000, 0x0000, 0x0000, 
	0x0000, 0x0000, 0x0000, 0x0000, 0x0000, 0x0000, 0x0000, 0x0000, 0x0000, 0x0000, 0x0000, 0x0000, 0x0000, 0x0000, 0x0000, 0x0000, 
	0x0000, 0x0000, 0x0000, 0x0000, 0x0020, 0x0020, 0x0000, 0x0800, 0x0000, 0x0000, 0x0040, 0x0040, 0x0001, 0x0022, 0x0022, 0x0001, 
	0x0000, 0x0000, 0x0000, 0x0040, 0x0040, 0x0020, 0x0022, 0x0022, 0x0000, 0x0000, 0x0000, 0x0000, 0x0040, 0x0060, 0x0020, 0x0021, 
	0x0842, 0x0002, 0x0000, 0x0000, 0x0000, 0x0020, 0x0060, 0x0020, 0x0001, 0x0042, 0x0021, 0x0000, 0x0000, 0x0000, 0x0000, 0x0020, 
	0x0000, 0x0000, 0x0001, 0x0000, 0x0000, 0x0000, 0x0000, 0x0000, 0x0000, 0x0000, 0x0000, 0x0000, 0x0000, 0x0000, 0x0000, 0x0000, 
	0x0000, 0x0000, 0x0000, 0x0000, 0x0000, 0x0000, 0x0000, 0x0000, 0x0000, 0x0000, 0x0000, 0x0000, 0x0000, 0x0000, 0x0000, 0x0000, 
	0x0023, 0x0023, 0x1800, 0x2821, 0x1821, 0x0800, 0x0060, 0x0060, 0x0001, 0x0022, 0x0801, 0x0801, 0x4021, 0x3801, 0x0020, 0x0880, 
	0x0081, 0x0020, 0x0066, 0x0066, 0x2000, 0x3843, 0x2861, 0x1800, 0x00a0, 0x00a0, 0x0002, 0x0063, 0x0844, 0x0003, 0x3801, 0x3801, 
	0x0020, 0x0860, 0x0081, 0x0020, 0x0044, 0x0044, 0x1800, 0x2842, 0x3042, 0x1800, 0x0020, 0x0020, 0x0000, 0x0021, 0x0022, 0x0001, 
	0x3801, 0x3821, 0x0800, 0x0000, 0x0000, 0x0000, 0x0001, 0x0001, 0x1000, 0x2021, 0x3042, 0x2000, 0x0000, 0x0000, 0x0000, 0x0000, 
	0x0000, 0x0000, 0x2800, 0x3021, 0x0800, 0x0000, 0x0000, 0x0000, 0x0000, 0x0000, 0x0800, 0x1821, 0x3041, 0x2000, 0x0000, 0x0000, 
	0x0000, 0x0000, 0x0000, 0x0000, 0x2800, 0x3041, 0x1020, 0x0800, 0x0000, 0x0000, 0x0000, 0x0000, 0x0800, 0x0800, 0x3021, 0x2000, 
	0x0000, 0x0000, 0x0000, 0x0000, 0x0000, 0x0000, 0x1800, 0x2841, 0x1821, 0x1000, 0x0000, 0x0000, 0x0000, 0x0000, 0x0000, 0x0000, 
	0x2800, 0x2000, 0x0000, 0x0000, 0x0000, 0x0000, 0x0000, 0x0000, 0x1000, 0x1821, 0x2021, 0x1000, 0x0000, 0x0000, 0x0000, 0x0000, 
	0x0000, 0x0000, 0x2800, 0x2821, 0x0800, 0x0000, 0x0000, 0x0000, 0x0000, 0x0000, 0x0800, 0x1821, 0x2841, 0x2000, 0x0000, 0x0000, 
	0x0000, 0x0000, 0x0001, 0x0000, 0x2000, 0x2821, 0x1000, 0x0800, 0x0000, 0x0000, 0x0000, 0x0000, 0x0000, 0x0800, 0x3021, 0x2800, 
	0x0020, 0x0080, 0x0060, 0x0020, 0x0044, 0x0023, 0x1800, 0x3042, 0x2041, 0x1000, 0x0180, 0x01a0, 0x0024, 0x00c6, 0x08a7, 0x0005, 
	0x3801, 0x3801, 0x0060, 0x1141, 0x09c2, 0x00c0, 0x0089, 0x00ca, 0x0801, 0x1022, 0x2821, 0x1800, 0x0180, 0x0a41, 0x00c4, 0x00a3, 
	0x090b, 0x0048, 0x2000, 0x3041, 0x0040, 0x10a0, 0x0a61, 0x01a0, 0x0068, 0x090b, 0x0885, 0x0003, 0x2000, 0x1800, 0x0080, 0x0941, 
	0x0102, 0x0060, 0x00a8, 0x0067, 0x0800, 0x1821, 0x1020, 0x0800, 0x0100, 0x0120, 0x0003, 0x0084, 0x0064, 0x0003, 0x1800, 0x1800, 
	0x0000, 0x0040, 0x0080, 0x0040, 0x0024, 0x0044, 0x0000, 0x0801, 0x1821, 0x1000, 0x0000, 0x0000, 0x0000, 0x0000, 0x0001, 0x0001, 
	0x0043, 0x0023, 0x1800, 0x2821, 0x1821, 0x1000, 0x0080, 0x0060, 0x0001, 0x0042, 0x0802, 0x0802, 0x4021, 0x3801, 0x0020, 0x08a0, 
	0x0081, 0x0020, 0x0066, 0x0066, 0x2000, 0x3842, 0x2841, 0x1800, 0x00a0, 0x00a0, 0x0002, 0x0043, 0x0844, 0x0002, 0x4021, 0x3801, 
	0x0020, 0x0840, 0x0060, 0x0020, 0x0044, 0x0065, 0x1800, 0x2842, 0x3042, 0x1800, 0x0020, 0x0040, 0x0000, 0x0021, 0x0022, 0x0001, 
	0x3801, 0x3821, 0x0800, 0x0000, 0x0000, 0x0000, 0x0001, 0x0001, 0x1000, 0x2021, 0x3042, 0x2000, 0x0000, 0x0000, 0x0000, 0x0000, 
	0x0000, 0x0000, 0x2800, 0x3021, 0x0820, 0x0000, 0x0000, 0x0000, 0x0000, 0x0000, 0x0800, 0x1821, 0x3042, 0x2800, 0x0000, 0x0000, 
	0x0000, 0x0000, 0x0000, 0x0000, 0x2800, 0x3021, 0x1821, 0x0800, 0x0000, 0x0000, 0x0000, 0x0000, 0x0800, 0x0800, 0x3021, 0x2800, 
	0x0000, 0x0000, 0x0000, 0x0000, 0x0000, 0x0000, 0x1800, 0x2821, 0x2021, 0x1000, 0x0000, 0x0000, 0x0000, 0x0000, 0x0000, 0x0000, 
	0x2801, 0x2800, 0x0000, 0x0000, 0x0000, 0x0000, 0x0000, 0x0000, 0x1000, 0x1821, 0x2021, 0x1800, 0x0000, 0x0000, 0x0000, 0x0000, 
	0x0000, 0x0000, 0x2800, 0x3021, 0x0800, 0x0800, 0x0000, 0x0000, 0x0000, 0x0000, 0x0800, 0x1821, 0x3041, 0x2000, 0x0000, 0x0000, 
	0x0000, 0x0000, 0x0001, 0x0000, 0x2000, 0x3041, 0x1821, 0x0800, 0x0000, 0x0000, 0x0000, 0x0001, 0x0800, 0x0800, 0x3821, 0x3801, 
	0x0020, 0x08a0, 0x0081, 0x0020, 0x0064, 0x0044, 0x2000, 0x3042, 0x3062, 0x2000, 0x01a0, 0x01c0, 0x0044, 0x00c6, 0x08a8, 0x0005, 
	0x4001, 0x4822, 0x0080, 0x1961, 0x1202, 0x00e0, 0x00ab, 0x090c, 0x1002, 0x1823, 0x3842, 0x2800, 0x01a0, 0x1282, 0x0104, 0x00e3, 
	0x092c, 0x0069, 0x3000, 0x4842, 0x1080, 0x18a0, 0x0aa1, 0x0200, 0x0089, 0x092c, 0x0886, 0x0004, 0x3021, 0x2800, 0x00a0, 0x11a1, 
	0x0963, 0x0080, 0x00a9, 0x00a9, 0x1000, 0x2022, 0x2842, 0x1800, 0x0160, 0x0180, 0x0043, 0x0084, 0x0886, 0x0003, 0x2800, 0x3041, 
	0x0820, 0x0840, 0x00e1, 0x0060, 0x0045, 0x0085, 0x0801, 0x1001, 0x3041, 0x2800, 0x0000, 0x0020, 0x0000, 0x0001, 0x0043, 0x0002, 
	0x0044, 0x0044, 0x1800, 0x2821, 0x1821, 0x1000, 0x0060, 0x0060, 0x0001, 0x0043, 0x0822, 0x0802, 0x4021, 0x3801, 0x0020, 0x08a0, 
	0x00a1, 0x0020, 0x0066, 0x0066, 0x2000, 0x3842, 0x3041, 0x1800, 0x00a0, 0x00a0, 0x0002, 0x0063, 0x0844, 0x0003, 0x4021, 0x4001, 
	0x0020, 0x0840, 0x0060, 0x0020, 0x0045, 0x0065, 0x1800, 0x2842, 0x3042, 0x2000, 0x0020, 0x0040, 0x0000, 0x0021, 0x0022, 0x0001, 
	0x3801, 0x3821, 0x0800, 0x0000, 0x0000, 0x0000, 0x0001, 0x0001, 0x1000, 0x2021, 0x3042, 0x2000, 0x0000, 0x0000, 0x0000, 0x0000, 
	0x0000, 0x0000, 0x2800, 0x3021, 0x0800, 0x0000, 0x0000, 0x0000, 0x0000, 0x0000, 0x0800, 0x1821, 0x3042, 0x2800, 0x0000, 0x0000, 
	0x0000, 0x0000, 0x0000, 0x0000, 0x2800, 0x3041, 0x1821, 0x0800, 0x0000, 0x0000, 0x0000, 0x0000, 0x0800, 0x1000, 0x3021, 0x2800, 
	0x0000, 0x0000, 0x0000, 0x0000, 0x0000, 0x0000, 0x1800, 0x3042, 0x2021, 0x1000, 0x0000, 0x0000, 0x0000, 0x0000, 0x0000, 0x0000, 
	0x2801, 0x2801, 0x0000, 0x0000, 0x0000, 0x0000, 0x0000, 0x0000, 0x1000, 0x2021, 0x2041, 0x1800, 0x0000, 0x0000, 0x0000, 0x0000, 
	0x0000, 0x0000, 0x2800, 0x3021, 0x0800, 0x0000, 0x0000, 0x0000, 0x0000, 0x0000, 0x0800, 0x1821, 0x3041, 0x2000, 0x0000, 0x0000, 
	0x0000, 0x0000, 0x0001, 0x0000, 0x2000, 0x3041, 0x1821, 0x1000, 0x0000, 0x0000, 0x0001, 0x0021, 0x0000, 0x0800, 0x4021, 0x3801, 
	0x0040, 0x08a0, 0x0081, 0x0020, 0x0065, 0x0044, 0x2000, 0x3842, 0x3061, 0x2000, 0x01a0, 0x01c0, 0x0045, 0x00c7, 0x08a7, 0x0005, 
	0x4801, 0x5022, 0x0080, 0x1941, 0x0a02, 0x0100, 0x00ab, 0x00ec, 0x1002, 0x1823, 0x4042, 0x2800, 0x01c0, 0x0aa1, 0x0124, 0x00e3, 
	0x090c, 0x0069, 0x3800, 0x4842, 0x1880, 0x18a0, 0x0ac1, 0x0200, 0x006a, 0x092d, 0x10a7, 0x0004, 0x3020, 0x2800, 0x00c0, 0x11a1, 
	0x0962, 0x00a0, 0x00a9, 0x0089, 0x1000, 0x2022, 0x2841, 0x1800, 0x0160, 0x01a0, 0x0043, 0x00a4, 0x08a7, 0x0004, 0x3000, 0x3821, 
	0x0840, 0x0840, 0x0901, 0x0060, 0x0045, 0x0086, 0x0801, 0x1001, 0x3021, 0x2800, 0x0000, 0x0020, 0x0000, 0x0000, 0x0023, 0x0003, 
	0x0044, 0x0044, 0x1800, 0x2842, 0x2041, 0x1000, 0x0080, 0x0060, 0x0002, 0x0042, 0x0802, 0x0802, 0x4021, 0x3801, 0x0020, 0x08a0, 
	0x00a1, 0x0020, 0x0066, 0x0066, 0x2000, 0x3843, 0x3041, 0x1800, 0x00a0, 0x00a0, 0x0002, 0x0064, 0x0844, 0x0003, 0x4021, 0x4001, 
	0x0020, 0x0840, 0x0060, 0x0020, 0x0044, 0x0045, 0x1800, 0x2842, 0x3042, 0x2000, 0x0020, 0x0020, 0x0000, 0x0021, 0x0022, 0x0001, 
	0x3801, 0x3821, 0x0800, 0x0000, 0x0000, 0x0000, 0x0001, 0x0001, 0x1000, 0x2021, 0x3042, 0x2000, 0x0000, 0x0000, 0x0000, 0x0000, 
	0x0000, 0x0000, 0x2800, 0x3021, 0x0800, 0x0000, 0x0000, 0x0000, 0x0000, 0x0000, 0x0800, 0x1821, 0x3842, 0x2800, 0x0000, 0x0000, 
	0x0000, 0x0000, 0x0000, 0x0000, 0x2800, 0x3042, 0x1821, 0x0800, 0x0000, 0x0000, 0x0000, 0x0000, 0x0800, 0x1000, 0x3021, 0x2800, 
	0x0000, 0x0000, 0x0000, 0x0000, 0x0000, 0x0000, 0x1800, 0x3042, 0x2021, 0x1000, 0x0000, 0x0000, 0x0000, 0x0000, 0x0000, 0x0000, 
	0x2801, 0x2801, 0x0000, 0x0000, 0x0000, 0x0000, 0x0000, 0x0000, 0x1000, 0x2021, 0x2021, 0x1800, 0x0000, 0x0000, 0x0000, 0x0000, 
	0x0000, 0x0000, 0x2800, 0x3021, 0x0800, 0x0000, 0x0000, 0x0000, 0x0000, 0x0000, 0x0800, 0x1821, 0x3041, 0x2800, 0x0000, 0x0000, 
	0x0000, 0x0000, 0x0001, 0x0000, 0x2800, 0x3042, 0x1821, 0x1000, 0x0000, 0x0000, 0x0000, 0x0021, 0x0800, 0x0800, 0x4022, 0x3801, 
	0x0020, 0x08a0, 0x0081, 0x0020, 0x0066, 0x0045, 0x2000, 0x3842, 0x3061, 0x2000, 0x01a0, 0x01c0, 0x0045, 0x00c7, 0x08a7, 0x0005, 
	0x4801, 0x5022, 0x0080, 0x1941, 0x0a02, 0x0100, 0x00ab, 0x08ec, 0x1002, 0x1823, 0x4042, 0x2800, 0x01e0, 0x0ac1, 0x0105, 0x00c4, 
	0x090c, 0x0069, 0x3800, 0x4842, 0x1880, 0x18a0, 0x0ae1, 0x0200, 0x006a, 0x094d, 0x1087, 0x0005, 0x3000, 0x3000, 0x00c0, 0x11c1, 
	0x0983, 0x00a0, 0x00ca, 0x00a9, 0x1000, 0x2022, 0x2841, 0x1800, 0x0160, 0x01a0, 0x0043, 0x00a4, 0x08a6, 0x0004, 0x3000, 0x4021, 
	0x0840, 0x0840, 0x0101, 0x0080, 0x0045, 0x0086, 0x0801, 0x1021, 0x3821, 0x2800, 0x0000, 0x0020, 0x0001, 0x0001, 0x0043, 0x0002, 
	0x0043, 0x0043, 0x1800, 0x2842, 0x1821, 0x1000, 0x0080, 0x0060, 0x0001, 0x0042, 0x0822, 0x0802, 0x4021, 0x3801, 0x0020, 0x08a1, 
	0x00a1, 0x0020, 0x0066, 0x0086, 0x2000, 0x3843, 0x2841, 0x1800, 0x00c0, 0x00a0, 0x0002, 0x0064, 0x0864, 0x0002, 0x4021, 0x4001, 
	0x0020, 0x0860, 0x0081, 0x0020, 0x0044, 0x0044, 0x1800, 0x2842, 0x3042, 0x1800, 0x0020, 0x0040, 0x0000, 0x0021, 0x0022, 0x0001, 
	0x3801, 0x3821, 0x0800, 0x0000, 0x0000, 0x0000, 0x0001, 0x0001, 0x1000, 0x2021, 0x3042, 0x2000, 0x0000, 0x0000, 0x0000, 0x0000, 
	0x0000, 0x0000, 0x2800, 0x3021, 0x0800, 0x0000, 0x0000, 0x0000, 0x0000, 0x0000, 0x0800, 0x1821, 0x3842, 0x2800, 0x0000, 0x0000, 
	0x0000, 0x0000, 0x0000, 0x0000, 0x2800, 0x3041, 0x1821, 0x0800, 0x0000, 0x0000, 0x0000, 0x0000, 0x0800, 0x1000, 0x3021, 0x2800, 
	0x0000, 0x0000, 0x0000, 0x0000, 0x0000, 0x0000, 0x1800, 0x3042, 0x2021, 0x1000, 0x0000, 0x0000, 0x0000, 0x0000, 0x0000, 0x0000, 
	0x2801, 0x2801, 0x0000, 0x0000, 0x0000, 0x0000, 0x0001, 0x0001, 0x1000, 0x2021, 0x2021, 0x1800, 0x0000, 0x0000, 0x0000, 0x0000, 
	0x0000, 0x0000, 0x2800, 0x3021, 0x0800, 0x0000, 0x0000, 0x0000, 0x0000, 0x0000, 0x0800, 0x1821, 0x3041, 0x2800, 0x0000, 0x0000, 
	0x0000, 0x0000, 0x0001, 0x0000, 0x2000, 0x3041, 0x1821, 0x1000, 0x0000, 0x0000, 0x0001, 0x0021, 0x0800, 0x1001, 0x4022, 0x4001, 
	0x0020, 0x0880, 0x0061, 0x0020, 0x0065, 0x0045, 0x2000, 0x3842, 0x3061, 0x1800, 0x01a0, 0x01c0, 0x0045, 0x00e7, 0x08c8, 0x0005, 
	0x4801, 0x5022, 0x0080, 0x1941, 0x1223, 0x0100, 0x00ab, 0x090c, 0x1002, 0x1823, 0x4042, 0x3000, 0x01c0, 0x0aa1, 0x0105, 0x00c4, 
	0x090c, 0x0069, 0x3800, 0x4842, 0x1880, 0x18a0, 0x0ac1, 0x0200, 0x008a, 0x094d, 0x10a7, 0x0005, 0x3001, 0x2800, 0x00a0, 0x11a1, 
	0x0983, 0x00a0, 0x00ca, 0x00aa, 0x1000, 0x2022, 0x2841, 0x1800, 0x0160, 0x01a0, 0x0043, 0x0084, 0x0886, 0x0004, 0x3000, 0x4021, 
	0x0820, 0x0840, 0x08e1, 0x0060, 0x0045, 0x0086, 0x0801, 0x1001, 0x3842, 0x2800, 0x0000, 0x0020, 0x0001, 0x0001, 0x0023, 0x0002, 
	0x0022, 0x0023, 0x1000, 0x2021, 0x1821, 0x0800, 0x0040, 0x0040, 0x0001, 0x0021, 0x0801, 0x0801, 0x3801, 0x3801, 0x0020, 0x0880, 
	0x0081, 0x0020, 0x0044, 0x0065, 0x2000, 0x3042, 0x2841, 0x1800, 0x00a0, 0x00a0, 0x0001, 0x0042, 0x0823, 0x0002, 0x3801, 0x3801, 
	0x0020, 0x0840, 0x0081, 0x0020, 0x0023, 0x0043, 0x1800, 0x2842, 0x3041, 0x1800, 0x0020, 0x0040, 0x0000, 0x0001, 0x0022, 0x0001, 
	0x3801, 0x3821, 0x0800, 0x0000, 0x0000, 0x0000, 0x0001, 0x0001, 0x1000, 0x2021, 0x3042, 0x2000, 0x0000, 0x0000, 0x0000, 0x0000, 
	0x0000, 0x0000, 0x2800, 0x3821, 0x0800, 0x0000, 0x0000, 0x0000, 0x0000, 0x0000, 0x0800, 0x1821, 0x3842, 0x2800, 0x0000, 0x0000, 
	0x0000, 0x0000, 0x0000, 0x0000, 0x2800, 0x3041, 0x1821, 0x0800, 0x0000, 0x0000, 0x0000, 0x0000, 0x0800, 0x0800, 0x3021, 0x2800, 
	0x0000, 0x0000, 0x0000, 0x0000, 0x0000, 0x0000, 0x1800, 0x3042, 0x2021, 0x1000, 0x0000, 0x0000, 0x0000, 0x0000, 0x0000, 0x0000, 
	0x2801, 0x2801, 0x0000, 0x0000, 0x0000, 0x0000, 0x0001, 0x0001, 0x1000, 0x2021, 0x2021, 0x1800, 0x0000, 0x0000, 0x0000, 0x0000, 
	0x0000, 0x0000, 0x2800, 0x3021, 0x0800, 0x0000, 0x0000, 0x0000, 0x0000, 0x0000, 0x0800, 0x1821, 0x3042, 0x2800, 0x0000, 0x0000, 
	0x0000, 0x0000, 0x0001, 0x0000, 0x2000, 0x3042, 0x1820, 0x0800, 0x0000, 0x0000, 0x0001, 0x0001, 0x0800, 0x0801, 0x4021, 0x3801, 
	0x0020, 0x0880, 0x0061, 0x0020, 0x0085, 0x0065, 0x2000, 0x3842, 0x3061, 0x2000, 0x01c0, 0x01c0, 0x0045, 0x00e7, 0x10c8, 0x0005, 
	0x4801, 0x5022, 0x0080, 0x1941, 0x0a23, 0x0100, 0x00cb, 0x010c, 0x1002, 0x1823, 0x4042, 0x3000, 0x01e0, 0x0ac1, 0x0125, 0x00e4, 
	0x092d, 0x006a, 0x3800, 0x4842, 0x1080, 0x18c0, 0x0ac1, 0x0200, 0x008a, 0x094d, 0x08a7, 0x0005, 0x3001, 0x2800, 0x00a0, 0x11a1, 
	0x0963, 0x00a0, 0x00ca, 0x00a9, 0x1000, 0x2042, 0x2841, 0x1800, 0x0160, 0x0180, 0x0043, 0x00a5, 0x0886, 0x0004, 0x3000, 0x3821, 
	0x0840, 0x0840, 0x0901, 0x0060, 0x0046, 0x0087, 0x0801, 0x1002, 0x3822, 0x2800, 0x0000, 0x0020, 0x0000, 0x0000, 0x0022, 0x0002, 
	0x0000, 0x0000, 0x0000, 0x0000, 0x0800, 0x0000, 0x0000, 0x0000, 0x0000, 0x0000, 0x0000, 0x0000, 0x0800, 0x1020, 0x0000, 0x0000, 
	0x0000, 0x0000, 0x0000, 0x0000, 0x0000, 0x0000, 0x1021, 0x0800, 0x0000, 0x0000, 0x0000, 0x0000, 0x0000, 0x0000, 0x0800, 0x1021, 
	0x0000, 0x0000, 0x0000, 0x0000, 0x0000, 0x0000, 0x0000, 0x0000, 0x1821, 0x1000, 0x0000, 0x0000, 0x0000, 0x0000, 0x0000, 0x0000, 
	0x1000, 0x1821, 0x0800, 0x0000, 0x0000, 0x0000, 0x0000, 0x0000, 0x0000, 0x0800, 0x1821, 0x1800, 0x0000, 0x0000, 0x0000, 0x0000, 
	0x0000, 0x0000, 0x1000, 0x1821, 0x0800, 0x0800, 0x0000, 0x0000, 0x0000, 0x0000, 0x0000, 0x0800, 0x2021, 0x1800, 0x0000, 0x0000, 
	0x0000, 0x0000, 0x0000, 0x0000, 0x1000, 0x1821, 0x1021, 0x0800, 0x0000, 0x0000, 0x0000, 0x0000, 0x0000, 0x0000, 0x2001, 0x2001, 
	0x0000, 0x0000, 0x0000, 0x0000, 0x0000, 0x0000, 0x1000, 0x1821, 0x2041, 0x1000, 0x0000, 0x0000, 0x0000, 0x0000, 0x0000, 0x0000, 
	0x1800, 0x2001, 0x0000, 0x0000, 0x0000, 0x0000, 0x0000, 0x0000, 0x0800, 0x1821, 0x2021, 0x1000, 0x0000, 0x0000, 0x0000, 0x0000, 
	0x0000, 0x0000, 0x2000, 0x2821, 0x0800, 0x0000, 0x0000, 0x0000, 0x0000, 0x0000, 0x0800, 0x1000, 0x3021, 0x2000, 0x0000, 0x0000, 
	0x0000, 0x0000, 0x0000, 0x0000, 0x2000, 0x3021, 0x1821, 0x0800, 0x0000, 0x0000, 0x0000, 0x0000, 0x0000, 0x0800, 0x3821, 0x3001, 
	0x0020, 0x0880, 0x0081, 0x0020, 0x0044, 0x0044, 0x2000, 0x3042, 0x3062, 0x2000, 0x0160, 0x01a0, 0x0043, 0x00a5, 0x08a7, 0x0005, 
	0x4001, 0x4822, 0x0060, 0x1100, 0x0a22, 0x0100, 0x0089, 0x00ea, 0x1002, 0x1823, 0x4042, 0x3000, 0x01a0, 0x12a1, 0x0124, 0x00c2, 
	0x090c, 0x0069, 0x3000, 0x4842, 0x1880, 0x18a0, 0x0aa1, 0x0200, 0x0068, 0x092b, 0x10a7, 0x0004, 0x3021, 0x2800, 0x00a0, 0x1181, 
	0x0983, 0x00a0, 0x00a9, 0x00a9, 0x1000, 0x2022, 0x3041, 0x1800, 0x0160, 0x01c1, 0x0043, 0x0084, 0x0886, 0x0004, 0x3000, 0x3841, 
	0x0840, 0x0840, 0x0901, 0x0080, 0x0045, 0x0086, 0x0801, 0x0821, 0x3822, 0x2800, 0x0000, 0x0040, 0x0020, 0x0000, 0x0023, 0x0002, 
	0x0001, 0x0001, 0x0000, 0x0000, 0x0000, 0x0000, 0x0020, 0x0020, 0x0000, 0x0000, 0x0001, 0x0000, 0x0000, 0x0000, 0x0000, 0x0020, 
	0x0000, 0x0000, 0x0001, 0x0001, 0x0000, 0x0000, 0x0000, 0x0000, 0x0020, 0x0020, 0x0000, 0x0001, 0x0001, 0x0000, 0x0000, 0x0000, 
	0x0000, 0x0000, 0x0000, 0x0000, 0x0000, 0x0000, 0x0000, 0x0000, 0x0000, 0x0000, 0x0000, 0x0000, 0x0000, 0x0000, 0x0000, 0x0000, 
	0x0000, 0x0000, 0x0000, 0x0000, 0x0000, 0x0000, 0x0000, 0x0000, 0x0000, 0x0000, 0x0000, 0x0000, 0x0000, 0x0000, 0x0000, 0x0000, 
	0x0000, 0x0000, 0x0000, 0x0000, 0x0000, 0x0000, 0x0000, 0x0000, 0x0000, 0x0000, 0x0000, 0x0000, 0x0000, 0x0000, 0x0000, 0x0000, 
	0x0000, 0x0000, 0x0000, 0x0000, 0x0000, 0x0000, 0x0000, 0x0000, 0x0000, 0x0000, 0x0000, 0x0000, 0x0000, 0x0000, 0x0000, 0x0000, 
	0x0000, 0x0000, 0x0000, 0x0000, 0x0000, 0x0000, 0x0000, 0x0000, 0x0000, 0x0000, 0x0000, 0x0000, 0x0000, 0x0000, 0x0000, 0x0000, 
	0x0000, 0x0000, 0x0000, 0x0000, 0x0000, 0x0000, 0x0000, 0x0000, 0x0000, 0x0000, 0x0000, 0x0000, 0x0000, 0x0000, 0x0000, 0x0000, 
	0x0000, 0x0000, 0x0000, 0x0020, 0x0000, 0x0000, 0x0000, 0x0000, 0x0000, 0x0000, 0x0000, 0x0000, 0x0800, 0x0800, 0x0000, 0x0000, 
	0x0000, 0x0000, 0x0000, 0x0000, 0x0000, 0x0000, 0x0820, 0x0000, 0x0000, 0x0000, 0x0000, 0x0000, 0x0000, 0x0000, 0x0800, 0x1020, 
	0x0000, 0x0000, 0x0020, 0x0000, 0x0000, 0x0000, 0x0000, 0x0800, 0x1821, 0x1000, 0x0020, 0x0060, 0x0020, 0x0000, 0x0021, 0x0001, 
	0x1000, 0x1821, 0x0820, 0x0800, 0x00a0, 0x0060, 0x0001, 0x0022, 0x0001, 0x0001, 0x1800, 0x1800, 0x0040, 0x00c0, 0x0081, 0x0020, 
	0x0043, 0x0022, 0x1000, 0x1821, 0x1841, 0x0800, 0x00e0, 0x0100, 0x0022, 0x0043, 0x0042, 0x0001, 0x1000, 0x1820, 0x0020, 0x0060, 
	0x08c1, 0x0040, 0x0022, 0x0023, 0x0800, 0x0800, 0x1821, 0x1000, 0x0060, 0x00c0, 0x0020, 0x0020, 0x0022, 0x0001, 0x1000, 0x1821, 
	0x0820, 0x0000, 0x0060, 0x0040, 0x0001, 0x0022, 0x0000, 0x0000, 0x2001, 0x1800, 0x0000, 0x0000, 0x0000, 0x0000, 0x0000, 0x0000, 
	0x0023, 0x0023, 0x2000, 0x3042, 0x1821, 0x1000, 0x00a0, 0x0080, 0x0002, 0x0043, 0x0822, 0x0002, 0x3041, 0x2800, 0x0020, 0x0880, 
	0x0081, 0x0020, 0x0023, 0x0043, 0x1800, 0x3042, 0x1821, 0x1000, 0x00a0, 0x00a0, 0x0002, 0x0063, 0x0843, 0x0002, 0x3021, 0x2800, 
	0x0000, 0x0020, 0x0040, 0x0000, 0x0002, 0x0022, 0x1000, 0x2041, 0x1820, 0x0800, 0x0000, 0x0000, 0x0000, 0x0000, 0x0000, 0x0000, 
	0x1820, 0x1800, 0x0000, 0x0000, 0x0000, 0x0000, 0x0000, 0x0000, 0x0800, 0x1021, 0x1021, 0x0800, 0x0000, 0x0000, 0x0000, 0x0000, 
	0x0000, 0x0000, 0x1000, 0x1000, 0x0000, 0x0000, 0x0000, 0x0000, 0x0000, 0x0000, 0x0000, 0x0820, 0x1000, 0x0800, 0x0000, 0x0000, 
	0x0000, 0x0000, 0x0000, 0x0000, 0x0800, 0x1000, 0x0000, 0x0000, 0x0000, 0x0000, 0x0000, 0x0000, 0x0000, 0x0000, 0x1020, 0x0800, 
	0x0000, 0x0000, 0x0000, 0x0000, 0x0000, 0x0000, 0x0800, 0x0820, 0x0000, 0x0000, 0x0000, 0x0000, 0x0000, 0x0000, 0x0000, 0x0000, 
	0x0000, 0x0000, 0x0000, 0x0000, 0x0000, 0x0000, 0x0000, 0x0000, 0x0000, 0x0000, 0x0000, 0x0000, 0x0000, 0x0000, 0x0000, 0x0000, 
	0x0000, 0x0000, 0x0000, 0x0000, 0x0000, 0x0000, 0x0000, 0x0000, 0x0000, 0x0000, 0x0000, 0x0000, 0x0000, 0x0000, 0x0000, 0x0000, 
	0x0000, 0x0000, 0x0000, 0x0000, 0x0000, 0x0000, 0x0000, 0x0000, 0x0000, 0x0000, 0x0000, 0x0000, 0x0000, 0x0000, 0x0000, 0x0000, 
	0x0000, 0x0000, 0x0000, 0x0000, 0x0000, 0x0000, 0x0000, 0x0000, 0x0000, 0x0000, 0x0020, 0x0020, 0x0000, 0x0000, 0x0000, 0x0000, 
	0x0000, 0x0000, 0x0000, 0x0020, 0x0020, 0x0000, 0x0001, 0x0001, 0x0000, 0x0000, 0x0000, 0x0000, 0x0020, 0x0020, 0x0000, 0x0000, 
	0x0001, 0x0001, 0x0000, 0x0000, 0x0000, 0x0000, 0x0020, 0x0000, 0x0001, 0x0001, 0x0000, 0x0000, 0x0000, 0x0000, 0x0000, 0x0000, 
	0x0000, 0x0000, 0x0000, 0x0000, 0x0000, 0x0000, 0x0000, 0x0000, 0x0000, 0x0000, 0x0000, 0x0000, 0x0000, 0x0000, 0x0000, 0x0000, 
	0x0000, 0x0000, 0x0000, 0x0000, 0x0000, 0x0000, 0x0000, 0x0000, 0x0000, 0x0000, 0x0000, 0x0000, 0x0000, 0x0000, 0x0000, 0x0000, 
	0x0065, 0x0044, 0x2800, 0x3842, 0x2841, 0x1800, 0x00c0, 0x00a0, 0x0002, 0x0064, 0x0844, 0x0803, 0x4021, 0x3801, 0x0020, 0x08a0, 
	0x00a1, 0x0020, 0x0065, 0x0065, 0x2800, 0x3843, 0x2841, 0x1800, 0x00e0, 0x00e0, 0x0002, 0x0064, 0x0844, 0x0003, 0x4021, 0x4001, 
	0x0020, 0x0840, 0x0060, 0x0020, 0x0023, 0x0043, 0x1800, 0x3042, 0x3041, 0x1800, 0x0000, 0x0000, 0x0000, 0x0000, 0x0001, 0x0001, 
	0x3801, 0x3801, 0x0800, 0x0000, 0x0000, 0x0000, 0x0000, 0x0000, 0x1000, 0x2021, 0x3042, 0x2000, 0x0000, 0x0000, 0x0000, 0x0000, 
	0x0000, 0x0000, 0x3000, 0x3821, 0x0800, 0x0000, 0x0000, 0x0000, 0x0000, 0x0000, 0x0800, 0x1821, 0x3042, 0x2000, 0x0000, 0x0000, 
	0x0000, 0x0000, 0x0000, 0x0000, 0x2800, 0x3022, 0x1020, 0x0800, 0x0000, 0x0000, 0x0000, 0x0000, 0x0800, 0x1000, 0x3041, 0x2800, 
	0x0000, 0x0000, 0x0000, 0x0000, 0x0000, 0x0000, 0x1800, 0x2841, 0x1821, 0x0800, 0x0000, 0x0000, 0x0000, 0x0000, 0x0000, 0x0800, 
	0x2021, 0x2000, 0x0000, 0x0000, 0x0000, 0x0000, 0x0000, 0x0000, 0x1000, 0x1841, 0x2021, 0x1000, 0x0000, 0x0000, 0x0000, 0x0000, 
	0x0000, 0x0000, 0x2001, 0x2021, 0x0000, 0x0000, 0x0000, 0x0000, 0x0000, 0x0000, 0x0800, 0x1021, 0x2041, 0x1800, 0x0000, 0x0000, 
	0x0000, 0x0000, 0x0000, 0x0000, 0x1800, 0x2021, 0x0800, 0x0800, 0x0000, 0x0000, 0x0000, 0x0000, 0x0000, 0x0800, 0x2821, 0x2000, 
	0x0000, 0x0000, 0x0000, 0x0000, 0x0001, 0x0001, 0x1000, 0x2041, 0x1020, 0x0800, 0x0100, 0x0100, 0x0022, 0x0063, 0x0043, 0x0002, 
	0x2801, 0x2801, 0x0040, 0x0921, 0x0982, 0x00a0, 0x0067, 0x00a8, 0x1001, 0x1822, 0x2041, 0x1800, 0x0160, 0x0a21, 0x00a3, 0x00a3, 
	0x08e9, 0x0046, 0x2000, 0x2821, 0x0040, 0x08a0, 0x0a21, 0x0160, 0x0047, 0x08e9, 0x0864, 0x0003, 0x2020, 0x1800, 0x0080, 0x0961, 
	0x0102, 0x0060, 0x0087, 0x0066, 0x0800, 0x1821, 0x1000, 0x0800, 0x0100, 0x0120, 0x0022, 0x0084, 0x0864, 0x0003, 0x1000, 0x1000, 
	0x0000, 0x0040, 0x0080, 0x0020, 0x0002, 0x0023, 0x0000, 0x0801, 0x1020, 0x0800, 0x0020, 0x0020, 0x0000, 0x0000, 0x0022, 0x0001, 
	0x0044, 0x0044, 0x2800, 0x3862, 0x2841, 0x1800, 0x00a0, 0x00a0, 0x0002, 0x0064, 0x0823, 0x0003, 0x4022, 0x3801, 0x0020, 0x08a0, 
	0x00a1, 0x0020, 0x0065, 0x0065, 0x2800, 0x3842, 0x3042, 0x1800, 0x00e0, 0x00e0, 0x0002, 0x0064, 0x0864, 0x0003, 0x4001, 0x4001, 
	0x0000, 0x0820, 0x0060, 0x0020, 0x0023, 0x0044, 0x1800, 0x2842, 0x3042, 0x2000, 0x0000, 0x0000, 0x0000, 0x0001, 0x0001, 0x0001, 
	0x3801, 0x3821, 0x0800, 0x0000, 0x0000, 0x0000, 0x0000, 0x0000, 0x1000, 0x2021, 0x3041, 0x1800, 0x0000, 0x0000, 0x0000, 0x0000, 
	0x0000, 0x0000, 0x3000, 0x3821, 0x0800, 0x0000, 0x0000, 0x0000, 0x0000, 0x0000, 0x0800, 0x1821, 0x3042, 0x2000, 0x0000, 0x0000, 
	0x0000, 0x0000, 0x0000, 0x0000, 0x2800, 0x3021, 0x1820, 0x0800, 0x0000, 0x0000, 0x0000, 0x0000, 0x0800, 0x1020, 0x3821, 0x3000, 
	0x0000, 0x0000, 0x0000, 0x0000, 0x0000, 0x0000, 0x1800, 0x2841, 0x1821, 0x1000, 0x0000, 0x0000, 0x0000, 0x0000, 0x0000, 0x0000, 
	0x2801, 0x2801, 0x0000, 0x0000, 0x0000, 0x0000, 0x0000, 0x0000, 0x1000, 0x2021, 0x2821, 0x1800, 0x0000, 0x0000, 0x0000, 0x0000, 
	0x0000, 0x0000, 0x2800, 0x3021, 0x0820, 0x0000, 0x0000, 0x0000, 0x0000, 0x0000, 0x0800, 0x1821, 0x3022, 0x2000, 0x0000, 0x0000, 
	0x0000, 0x0000, 0x0000, 0x0000, 0x2000, 0x3021, 0x1821, 0x0800, 0x0000, 0x0000, 0x0000, 0x0000, 0x0000, 0x0800, 0x3821, 0x3000, 
	0x0000, 0x0000, 0x0000, 0x0000, 0x0021, 0x0001, 0x1800, 0x2841, 0x2041, 0x1000, 0x0140, 0x0140, 0x0023, 0x0084, 0x0865, 0x0003, 
	0x3801, 0x4021, 0x0080, 0x1141, 0x09e2, 0x00e0, 0x00a9, 0x00ea, 0x1001, 0x2022, 0x4042, 0x3000, 0x01e0, 0x0aa1, 0x0104, 0x00e4, 
	0x090b, 0x0048, 0x3000, 0x4842, 0x1060, 0x18a0, 0x0ac1, 0x01e0, 0x0069, 0x092c, 0x1086, 0x0004, 0x4021, 0x3800, 0x00c0, 0x11e1, 
	0x0983, 0x00a0, 0x00ca, 0x0089, 0x1800, 0x3042, 0x2841, 0x1800, 0x01c0, 0x01e0, 0x0044, 0x00c6, 0x08a6, 0x0004, 0x3800, 0x4021, 
	0x0040, 0x0880, 0x0121, 0x0080, 0x0045, 0x0066, 0x0801, 0x1001, 0x3842, 0x2800, 0x0020, 0x0880, 0x0021, 0x0021, 0x0044, 0x0003, 
	0x0044, 0x0044, 0x2800, 0x4062, 0x2841, 0x1800, 0x00c0, 0x00a0, 0x0002, 0x0064, 0x0823, 0x0802, 0x4822, 0x4001, 0x0040, 0x08c0, 
	0x0081, 0x0020, 0x0065, 0x0065, 0x2800, 0x4043, 0x3862, 0x2000, 0x00e0, 0x00e0, 0x0002, 0x0064, 0x0865, 0x0003, 0x4821, 0x4001, 
	0x0000, 0x0020, 0x0040, 0x0000, 0x0023, 0x0044, 0x1800, 0x3042, 0x3042, 0x2000, 0x0000, 0x0000, 0x0000, 0x0001, 0x0001, 0x0001, 
	0x3801, 0x3821, 0x0800, 0x0000, 0x0000, 0x0000, 0x0000, 0x0000, 0x1000, 0x2021, 0x3042, 0x2000, 0x0000, 0x0000, 0x0000, 0x0000, 
	0x0000, 0x0000, 0x3000, 0x3821, 0x1000, 0x0800, 0x0000, 0x0000, 0x0000, 0x0000, 0x0800, 0x1821, 0x3042, 0x2800, 0x0000, 0x0000, 
	0x0000, 0x0000, 0x0000, 0x0000, 0x2800, 0x3022, 0x1821, 0x0800, 0x0000, 0x0000, 0x0000, 0x0000, 0x0800, 0x1000, 0x3821, 0x2800, 
	0x0000, 0x0000, 0x0000, 0x0000, 0x0000, 0x0000, 0x1800, 0x2841, 0x2021, 0x1000, 0x0000, 0x0000, 0x0000, 0x0000, 0x0000, 0x0000, 
	0x2801, 0x2801, 0x0000, 0x0000, 0x0000, 0x0000, 0x0000, 0x0000, 0x1000, 0x2021, 0x2841, 0x1800, 0x0000, 0x0000, 0x0000, 0x0000, 
	0x0000, 0x0000, 0x2800, 0x3021, 0x0800, 0x0000, 0x0000, 0x0000, 0x0000, 0x0000, 0x0800, 0x1821, 0x3022, 0x2000, 0x0000, 0x0000, 
	0x0000, 0x0000, 0x0000, 0x0000, 0x2000, 0x3041, 0x1820, 0x1000, 0x0000, 0x0000, 0x0000, 0x0000, 0x0800, 0x0800, 0x3822, 0x3001, 
	0x0000, 0x0000, 0x0020, 0x0000, 0x0023, 0x0022, 0x1000, 0x2021, 0x2041, 0x1000, 0x0140, 0x0140, 0x0023, 0x0085, 0x0865, 0x0003, 
	0x3801, 0x4001, 0x0080, 0x1141, 0x09e2, 0x00e0, 0x0088, 0x00c9, 0x1001, 0x2022, 0x4062, 0x3000, 0x01e0, 0x0aa1, 0x0104, 0x00e4, 
	0x090b, 0x0049, 0x3000, 0x4042, 0x1080, 0x18e0, 0x0aa1, 0x0200, 0x0068, 0x092b, 0x1066, 0x0004, 0x4021, 0x3800, 0x00c0, 0x11e2, 
	0x09a3, 0x00a0, 0x00ca, 0x00a9, 0x1800, 0x3042, 0x3061, 0x2000, 0x01a0, 0x01e0, 0x0064, 0x00c6, 0x08a7, 0x0005, 0x3800, 0x4021, 
	0x0840, 0x1060, 0x0941, 0x00a0, 0x0045, 0x0086, 0x0801, 0x1022, 0x3841, 0x3000, 0x0020, 0x0080, 0x0021, 0x0021, 0x0064, 0x0003, 
	0x0044, 0x0044, 0x2800, 0x4042, 0x2841, 0x1800, 0x00c0, 0x00a0, 0x0002, 0x0064, 0x0824, 0x0003, 0x4822, 0x4001, 0x0040, 0x08a0, 
	0x0081, 0x0020, 0x0065, 0x0065, 0x2800, 0x4043, 0x3041, 0x1800, 0x00e0, 0x00e0, 0x0003, 0x0064, 0x0844, 0x0003, 0x4021, 0x4001, 
	0x0000, 0x0020, 0x0040, 0x0000, 0x0043, 0x0044, 0x1800, 0x2842, 0x3041, 0x1800, 0x0000, 0x0000, 0x0000, 0x0001, 0x0001, 0x0001, 
	0x3801, 0x3821, 0x0800, 0x0000, 0x0000, 0x0000, 0x0000, 0x0000, 0x1000, 0x2021, 0x3041, 0x2000, 0x0000, 0x0000, 0x0000, 0x0000, 
	0x0000, 0x0000, 0x3000, 0x3821, 0x0800, 0x0000, 0x0000, 0x0000, 0x0001, 0x0001, 0x0800, 0x1821, 0x3042, 0x2800, 0x0000, 0x0000, 
	0x0000, 0x0000, 0x0000, 0x0000, 0x2800, 0x3041, 0x1821, 0x0800, 0x0000, 0x0000, 0x0000, 0x0000, 0x0800, 0x1000, 0x3822, 0x3000, 
	0x0000, 0x0000, 0x0000, 0x0000, 0x0000, 0x0000, 0x1800, 0x2841, 0x2021, 0x1000, 0x0000, 0x0000, 0x0000, 0x0000, 0x0000, 0x0800, 
	0x2801, 0x2801, 0x0000, 0x0000, 0x0000, 0x0000, 0x0000, 0x0000, 0x1000, 0x2021, 0x2841, 0x1800, 0x0000, 0x0000, 0x0000, 0x0000, 
	0x0000, 0x0000, 0x2800, 0x3021, 0x0800, 0x0000, 0x0000, 0x0000, 0x0000, 0x0000, 0x0800, 0x1821, 0x3041, 0x2000, 0x0000, 0x0000, 
	0x0000, 0x0000, 0x0000, 0x0000, 0x2800, 0x3042, 0x1821, 0x0800, 0x0000, 0x0000, 0x0000, 0x0001, 0x0800, 0x0801, 0x3821, 0x3800, 
	0x0000, 0x0000, 0x0000, 0x0000, 0x0023, 0x0023, 0x1800, 0x2842, 0x2041, 0x1000, 0x0140, 0x0140, 0x0023, 0x0085, 0x0865, 0x0003, 
	0x3801, 0x4001, 0x0080, 0x1161, 0x09e2, 0x00e0, 0x00aa, 0x00eb, 0x1001, 0x2023, 0x4842, 0x3000, 0x01e0, 0x0ac1, 0x0104, 0x00e3, 
	0x092c, 0x0069, 0x3800, 0x4842, 0x1060, 0x18c0, 0x0ac1, 0x0200, 0x0069, 0x092c, 0x1066, 0x0004, 0x4021, 0x3800, 0x00e0, 0x1201, 
	0x0983, 0x00a0, 0x00ca, 0x00a9, 0x1800, 0x3042, 0x3061, 0x2000, 0x01c0, 0x01e0, 0x0044, 0x00c6, 0x08a7, 0x0005, 0x3800, 0x4021, 
	0x0840, 0x1080, 0x0941, 0x00a0, 0x0045, 0x0086, 0x0801, 0x1001, 0x3841, 0x2800, 0x0020, 0x0080, 0x0021, 0x0021, 0x0044, 0x0003, 
	0x0045, 0x0044, 0x2800, 0x3843, 0x2841, 0x1800, 0x00c0, 0x00a0, 0x0003, 0x0064, 0x1045, 0x0003, 0x4822, 0x4001, 0x0020, 0x08a0, 
	0x0081, 0x0020, 0x0065, 0x0045, 0x2800, 0x3842, 0x3061, 0x1800, 0x00e0, 0x00e0, 0x0023, 0x0064, 0x0844, 0x0003, 0x4021, 0x4001, 
	0x0000, 0x0020, 0x0060, 0x0020, 0x0024, 0x0044, 0x1800, 0x2842, 0x3041, 0x2000, 0x0000, 0x0000, 0x0000, 0x0001, 0x0002, 0x0001, 
	0x3801, 0x3821, 0x0800, 0x0000, 0x0000, 0x0000, 0x0000, 0x0000, 0x1000, 0x2021, 0x3041, 0x1800, 0x0000, 0x0000, 0x0000, 0x0000, 
	0x0000, 0x0000, 0x3000, 0x3821, 0x0800, 0x0000, 0x0000, 0x0000, 0x0000, 0x0000, 0x0800, 0x1821, 0x3041, 0x2800, 0x0000, 0x0000, 
	0x0000, 0x0000, 0x0000, 0x0000, 0x2800, 0x3022, 0x1020, 0x0800, 0x0000, 0x0000, 0x0000, 0x0000, 0x0800, 0x1000, 0x3821, 0x2800, 
	0x0000, 0x0000, 0x0000, 0x0000, 0x0000, 0x0000, 0x1800, 0x2841, 0x2021, 0x1000, 0x0000, 0x0000, 0x0000, 0x0000, 0x0000, 0x0000, 
	0x2800, 0x2800, 0x0000, 0x0000, 0x0000, 0x0000, 0x0000, 0x0000, 0x1000, 0x2021, 0x2821, 0x1800, 0x0000, 0x0000, 0x0000, 0x0000, 
	0x0000, 0x0000, 0x3000, 0x3021, 0x0800, 0x0000, 0x0000, 0x0000, 0x0000, 0x0000, 0x0800, 0x1821, 0x3041, 0x2000, 0x0000, 0x0000, 
	0x0000, 0x0000, 0x0000, 0x0000, 0x2000, 0x3042, 0x1821, 0x0800, 0x0000, 0x0000, 0x0001, 0x0001, 0x0800, 0x0800, 0x4021, 0x3801, 
	0x0000, 0x0000, 0x0000, 0x0000, 0x0023, 0x0023, 0x1800, 0x2822, 0x2041, 0x1000, 0x0140, 0x0140, 0x0023, 0x00a5, 0x0885, 0x0003, 
	0x4001, 0x4001, 0x0080, 0x1141, 0x0a02, 0x0100, 0x00aa, 0x00eb, 0x1001, 0x2022, 0x4862, 0x3000, 0x01e0, 0x0ac1, 0x00e5, 0x00c4, 
	0x092c, 0x0069, 0x3800, 0x4842, 0x1060, 0x18a0, 0x0ac1, 0x0200, 0x0089, 0x092c, 0x1086, 0x0004, 0x4021, 0x3801, 0x00e0, 0x1202, 
	0x09a3, 0x00c0, 0x00cb, 0x00aa, 0x1800, 0x3042, 0x3061, 0x2000, 0x01c0, 0x01e0, 0x0044, 0x00c6, 0x08c8, 0x0005, 0x3800, 0x4822, 
	0x0840, 0x1080, 0x0941, 0x00a0, 0x0046, 0x0087, 0x0801, 0x1002, 0x3822, 0x3000, 0x0020, 0x00a0, 0x0021, 0x0021, 0x0064, 0x0023, 
	0x0022, 0x0023, 0x2000, 0x3042, 0x2841, 0x1800, 0x0080, 0x00a0, 0x0001, 0x0042, 0x0823, 0x0002, 0x3801, 0x3801, 0x0020, 0x0860, 
	0x0081, 0x0020, 0x0023, 0x0043, 0x2000, 0x3842, 0x3042, 0x1800, 0x00c0, 0x00e0, 0x0021, 0x0042, 0x0843, 0x0002, 0x4001, 0x4021, 
	0x0000, 0x0020, 0x0060, 0x0020, 0x0022, 0x0043, 0x1800, 0x2842, 0x3042, 0x2000, 0x0000, 0x0000, 0x0000, 0x0001, 0x0001, 0x0001, 
	0x3801, 0x3821, 0x0800, 0x0000, 0x0000, 0x0000, 0x0000, 0x0000, 0x1000, 0x2021, 0x3042, 0x2000, 0x0000, 0x0000, 0x0000, 0x0000, 
	0x0000, 0x0000, 0x3001, 0x3822, 0x1000, 0x0800, 0x0000, 0x0000, 0x0000, 0x0000, 0x0800, 0x1821, 0x3842, 0x2800, 0x0000, 0x0000, 
	0x0000, 0x0000, 0x0000, 0x0000, 0x2800, 0x3042, 0x1821, 0x0800, 0x0000, 0x0000, 0x0000, 0x0000, 0x0800, 0x1000, 0x3042, 0x2800, 
	0x0000, 0x0000, 0x0000, 0x0000, 0x0000, 0x0000, 0x1800, 0x2821, 0x1821, 0x1000, 0x0000, 0x0000, 0x0000, 0x0000, 0x0000, 0x0000, 
	0x3001, 0x2801, 0x0000, 0x0000, 0x0000, 0x0000, 0x0000, 0x0000, 0x1000, 0x2021, 0x2821, 0x1800, 0x0000, 0x0000, 0x0000, 0x0000, 
	0x0000, 0x0000, 0x3000, 0x3021, 0x0800, 0x0800, 0x0000, 0x0000, 0x0000, 0x0000, 0x0800, 0x1821, 0x3021, 0x2000, 0x0000, 0x0000, 
	0x0000, 0x0000, 0x0000, 0x0000, 0x2800, 0x3042, 0x1820, 0x0800, 0x0000, 0x0000, 0x0000, 0x0001, 0x0000, 0x0800, 0x3821, 0x3801, 
	0x0000, 0x0000, 0x0000, 0x0000, 0x0043, 0x0022, 0x1800, 0x2822, 0x2041, 0x1000, 0x0160, 0x0140, 0x0023, 0x0085, 0x0886, 0x0004, 
	0x4000, 0x4021, 0x0080, 0x1141, 0x09e2, 0x00e0, 0x00aa, 0x00eb, 0x1001, 0x2043, 0x4042, 0x3000, 0x01e0, 0x0aa0, 0x0105, 0x00e5, 
	0x092c, 0x0049, 0x3800, 0x4842, 0x1080, 0x18c0, 0x0aa1, 0x01e0, 0x008a, 0x094d, 0x1086, 0x0004, 0x4021, 0x3800, 0x00e0, 0x1201, 
	0x0983, 0x00c0, 0x00eb, 0x00aa, 0x1800, 0x3042, 0x3061, 0x2000, 0x01c0, 0x01e0, 0x0065, 0x00c7, 0x08c8, 0x0005, 0x3800, 0x4042, 
	0x0840, 0x1080, 0x0941, 0x00a0, 0x0047, 0x00a8, 0x0801, 0x1022, 0x3842, 0x2800, 0x0020, 0x0080, 0x0021, 0x0020, 0x0065, 0x0024, 
	0x0000, 0x0000, 0x0000, 0x0800, 0x1020, 0x0800, 0x0000, 0x0000, 0x0000, 0x0000, 0x0000, 0x0000, 0x0800, 0x1020, 0x0000, 0x0000, 
	0x0000, 0x0000, 0x0000, 0x0000, 0x0000, 0x0800, 0x1821, 0x1000, 0x0020, 0x0020, 0x0000, 0x0000, 0x0000, 0x0000, 0x1000, 0x1821, 
	0x0000, 0x0000, 0x0000, 0x0000, 0x0000, 0x0000, 0x0800, 0x0800, 0x1821, 0x1000, 0x0000, 0x0000, 0x0000, 0x0000, 0x0000, 0x0000, 
	0x1000, 0x1821, 0x0800, 0x0000, 0x0000, 0x0000, 0x0000, 0x0000, 0x0000, 0x0800, 0x1821, 0x1000, 0x0000, 0x0000, 0x0000, 0x0000, 
	0x0000, 0x0000, 0x1000, 0x2021, 0x0800, 0x0000, 0x0000, 0x0000, 0x0000, 0x0000, 0x0000, 0x0800, 0x2021, 0x1800, 0x0000, 0x0000, 
	0x0000, 0x0000, 0x0000, 0x0000, 0x1000, 0x1821, 0x1021, 0x0800, 0x0000, 0x0000, 0x0000, 0x0000, 0x0000, 0x0800, 0x2801, 0x2801, 
	0x0000, 0x0000, 0x0000, 0x0000, 0x0000, 0x0000, 0x1000, 0x1821, 0x1821, 0x0800, 0x0000, 0x0000, 0x0000, 0x0000, 0x0000, 0x0000, 
	0x2000, 0x2001, 0x0000, 0x0000, 0x0000, 0x0000, 0x0000, 0x0000, 0x1000, 0x1821, 0x2021, 0x1800, 0x0000, 0x0000, 0x0000, 0x0000, 
	0x0000, 0x0000, 0x2000, 0x3041, 0x0820, 0x0800, 0x0000, 0x0000, 0x0000, 0x0000, 0x0800, 0x1020, 0x2841, 0x2000, 0x0000, 0x0000, 
	0x0000, 0x0000, 0x0000, 0x0000, 0x2000, 0x2842, 0x1820, 0x0800, 0x0000, 0x0000, 0x0000, 0x0000, 0x0800, 0x0800, 0x3821, 0x3001, 
	0x0000, 0x0000, 0x0000, 0x0000, 0x0021, 0x0001, 0x1000, 0x2022, 0x2041, 0x1000, 0x0100, 0x0140, 0x0022, 0x0063, 0x0885, 0x0003, 
	0x3801, 0x4021, 0x0060, 0x1121, 0x11e2, 0x00e0, 0x0088, 0x08ea, 0x1001, 0x1823, 0x4062, 0x3000, 0x01a0, 0x1282, 0x0104, 0x00c3, 
	0x090b, 0x0069, 0x3800, 0x4842, 0x1080, 0x18a0, 0x0aa1, 0x0200, 0x0089, 0x092b, 0x1066, 0x0004, 0x4021, 0x3800, 0x00e0, 0x1202, 
	0x0983, 0x00a0, 0x00ca, 0x00a9, 0x1800, 0x3043, 0x3061, 0x2000, 0x01c0, 0x01e0, 0x0064, 0x00c6, 0x08a7, 0x0005, 0x3800, 0x4022, 
	0x0840, 0x1080, 0x0941, 0x00a0, 0x0045, 0x0087, 0x0801, 0x1022, 0x3842, 0x3000, 0x0040, 0x00a0, 0x0041, 0x0020, 0x0064, 0x0023, 
	0x0001, 0x0001, 0x0000, 0x0000, 0x0000, 0x0000, 0x0000, 0x0000, 0x0000, 0x0000, 0x0000, 0x0000, 0x0000, 0x0000, 0x0000, 0x0000, 
	0x0000, 0x0000, 0x0000, 0x0000, 0x0000, 0x0000, 0x0000, 0x0000, 0x0000, 0x0000, 0x0000, 0x0000, 0x0000, 0x0000, 0x0000, 0x0000, 
	0x0000, 0x0000, 0x0000, 0x0000, 0x0000, 0x0000, 0x0000, 0x0000, 0x0000, 0x0000, 0x0000, 0x0000, 0x0000, 0x0000, 0x0000, 0x0000, 
	0x0000, 0x0000, 0x0000, 0x0000, 0x0000, 0x0000, 0x0000, 0x0000, 0x0000, 0x0000, 0x0000, 0x0000, 0x0000, 0x0000, 0x0000, 0x0000, 
	0x0000, 0x0000, 0x0000, 0x0000, 0x0000, 0x0000, 0x0000, 0x0000, 0x0000, 0x0000, 0x0000, 0x0000, 0x0000, 0x0000, 0x0000, 0x0000, 
	0x0000, 0x0000, 0x0000, 0x0000, 0x0000, 0x0000, 0x0000, 0x0000, 0x0000, 0x0000, 0x0000, 0x0000, 0x0000, 0x0000, 0x0000, 0x0800, 
	0x0000, 0x0000, 0x0000, 0x0000, 0x0000, 0x0000, 0x0000, 0x0000, 0x0800, 0x0000, 0x0000, 0x0000, 0x0000, 0x0000, 0x0000, 0x0000, 
	0x0000, 0x0800, 0x0000, 0x0000, 0x0000, 0x0000, 0x0000, 0x0000, 0x0000, 0x0000, 0x0800, 0x0800, 0x0000, 0x0000, 0x0000, 0x0000, 
	0x0000, 0x0000, 0x0000, 0x0820, 0x0000, 0x0000, 0x0000, 0x0000, 0x0000, 0x0000, 0x0000, 0x0000, 0x1000, 0x1000, 0x0000, 0x0000, 
	0x0000, 0x0000, 0x0000, 0x0000, 0x0000, 0x0800, 0x1020, 0x0800, 0x0000, 0x0000, 0x0000, 0x0000, 0x0000, 0x0000, 0x1000, 0x1800, 
	0x0000, 0x0000, 0x0000, 0x0000, 0x0000, 0x0000, 0x0800, 0x0800, 0x1020, 0x1000, 0x0040, 0x0060, 0x0000, 0x0000, 0x0021, 0x0000, 
	0x1000, 0x2021, 0x0820, 0x0820, 0x00c0, 0x0080, 0x0002, 0x0043, 0x0801, 0x0801, 0x2021, 0x2000, 0x0080, 0x0121, 0x00a1, 0x0040, 
	0x0044, 0x0023, 0x1000, 0x2021, 0x1841, 0x0800, 0x0120, 0x0120, 0x0003, 0x0084, 0x0843, 0x0001, 0x2000, 0x2021, 0x0040, 0x00c0, 
	0x0902, 0x0060, 0x0044, 0x0044, 0x1000, 0x1801, 0x2042, 0x1800, 0x00c0, 0x0121, 0x0041, 0x0041, 0x0064, 0x0002, 0x2000, 0x2821, 
	0x0820, 0x0820, 0x00c0, 0x0060, 0x0002, 0x0043, 0x0800, 0x0801, 0x2821, 0x2000, 0x0000, 0x0040, 0x0020, 0x0000, 0x0022, 0x0001, 
	0x0043, 0x0023, 0x1800, 0x2021, 0x1020, 0x0800, 0x0080, 0x0060, 0x0002, 0x0043, 0x0022, 0x0002, 0x2821, 0x2000, 0x0020, 0x0060, 
	0x0060, 0x0020, 0x0023, 0x0023, 0x1800, 0x2021, 0x1020, 0x0800, 0x0040, 0x0060, 0x0001, 0x0022, 0x0002, 0x0001, 0x2021, 0x1800, 
	0x0000, 0x0000, 0x0000, 0x0000, 0x0001, 0x0001, 0x0800, 0x1841, 0x1020, 0x0800, 0x0000, 0x0000, 0x0000, 0x0000, 0x0000, 0x0000, 
	0x1821, 0x1800, 0x0000, 0x0000, 0x0000, 0x0000, 0x0000, 0x0000, 0x0800, 0x1001, 0x0820, 0x0000, 0x0000, 0x0000, 0x0000, 0x0000, 
	0x0000, 0x0000, 0x1000, 0x1000, 0x0000, 0x0000, 0x0000, 0x0000, 0x0000, 0x0000, 0x0000, 0x0800, 0x0820, 0x0000, 0x0000, 0x0000, 
	0x0000, 0x0000, 0x0000, 0x0000, 0x0800, 0x0800, 0x0000, 0x0000, 0x0000, 0x0000, 0x0000, 0x0000, 0x0000, 0x0000, 0x0820, 0x0000, 
	0x0000, 0x0000, 0x0000, 0x0000, 0x0000, 0x0000, 0x0000, 0x0820, 0x0000, 0x0000, 0x0000, 0x0000, 0x0000, 0x0000, 0x0000, 0x0000, 
	0x0000, 0x0000, 0x0000, 0x0000, 0x0000, 0x0000, 0x0000, 0x0000, 0x0000, 0x0000, 0x0000, 0x0000, 0x0000, 0x0000, 0x0000, 0x0000, 
	0x0000, 0x0000, 0x0000, 0x0000, 0x0000, 0x0000, 0x0000, 0x0000, 0x0000, 0x0000, 0x0000, 0x0000, 0x0000, 0x0000, 0x0000, 0x0000, 
	0x0000, 0x0000, 0x0000, 0x0000, 0x0000, 0x0000, 0x0000, 0x0000, 0x0000, 0x0000, 0x0000, 0x0000, 0x0000, 0x0000, 0x0000, 0x0000, 
	0x0000, 0x0000, 0x0000, 0x0000, 0x0000, 0x0000, 0x0000, 0x0000, 0x0000, 0x0000, 0x0000, 0x0000, 0x0000, 0x0000, 0x0000, 0x0000, 
	0x0000, 0x0000, 0x0000, 0x0000, 0x0000, 0x0000, 0x0000, 0x0000, 0x0000, 0x0000, 0x0000, 0x0000, 0x0000, 0x0000, 0x0000, 0x0000, 
	0x0000, 0x0000, 0x0000, 0x0000, 0x0000, 0x0000, 0x0000, 0x0000, 0x0000, 0x0000, 0x0000, 0x0000, 0x0000, 0x0000, 0x0000, 0x0000, 
	0x0000, 0x0000, 0x0000, 0x0000, 0x0000, 0x0000, 0x0000, 0x0000, 0x0000, 0x0000, 0x0000, 0x0000, 0x0000, 0x0000, 0x0000, 0x0000, 
	0x0000, 0x0000, 0x0000, 0x0000, 0x0000, 0x0000, 0x0000, 0x0000, 0x0000, 0x0000, 0x0000, 0x0000, 0x0000, 0x0000, 0x0000, 0x0000, 
	0x0044, 0x0044, 0x2000, 0x3042, 0x2041, 0x1000, 0x00c0, 0x00a0, 0x0002, 0x0064, 0x0844, 0x0003, 0x3821, 0x3001, 0x0020, 0x0880, 
	0x0081, 0x0040, 0x0065, 0x0024, 0x2000, 0x3042, 0x2841, 0x1800, 0x0080, 0x0080, 0x0001, 0x0042, 0x0823, 0x0002, 0x3821, 0x3001, 
	0x0000, 0x0000, 0x0020, 0x0000, 0x0022, 0x0022, 0x1000, 0x2842, 0x2841, 0x1800, 0x0000, 0x0000, 0x0000, 0x0000, 0x0000, 0x0000, 
	0x3001, 0x3821, 0x0800, 0x0000, 0x0000, 0x0000, 0x0000, 0x0000, 0x1000, 0x2021, 0x2821, 0x1800, 0x0000, 0x0000, 0x0000, 0x0000, 
	0x0000, 0x0000, 0x3000, 0x3021, 0x0800, 0x0000, 0x0000, 0x0000, 0x0000, 0x0000, 0x0800, 0x1821, 0x3041, 0x2000, 0x0000, 0x0000, 
	0x0000, 0x0000, 0x0000, 0x0000, 0x2800, 0x3041, 0x1000, 0x0800, 0x0000, 0x0000, 0x0000, 0x0000, 0x0800, 0x1000, 0x3021, 0x2800, 
	0x0000, 0x0000, 0x0000, 0x0000, 0x0000, 0x0000, 0x1800, 0x2821, 0x1800, 0x0800, 0x0000, 0x0000, 0x0000, 0x0000, 0x0000, 0x0000, 
	0x2821, 0x2000, 0x0000, 0x0000, 0x0000, 0x0000, 0x0000, 0x0000, 0x1000, 0x2021, 0x1821, 0x1000, 0x0000, 0x0000, 0x0000, 0x0000, 
	0x0000, 0x0000, 0x2000, 0x2001, 0x0000, 0x0000, 0x0000, 0x0000, 0x0000, 0x0000, 0x0800, 0x1020, 0x2021, 0x1800, 0x0000, 0x0000, 
	0x0000, 0x0000, 0x0000, 0x0000, 0x1800, 0x2021, 0x0800, 0x0800, 0x0000, 0x0000, 0x0000, 0x0000, 0x0000, 0x0800, 0x1820, 0x1000, 
	0x0000, 0x0000, 0x0000, 0x0000, 0x0021, 0x0001, 0x0800, 0x1020, 0x0800, 0x0000, 0x0060, 0x0060, 0x0001, 0x0022, 0x0022, 0x0001, 
	0x2020, 0x1800, 0x0020, 0x00a0, 0x08e1, 0x0040, 0x0046, 0x0066, 0x0000, 0x0821, 0x1820, 0x0800, 0x0100, 0x0960, 0x0042, 0x0062, 
	0x0886, 0x0025, 0x1000, 0x1820, 0x0020, 0x0060, 0x0981, 0x00e0, 0x0046, 0x08c8, 0x0043, 0x0002, 0x1820, 0x1000, 0x0060, 0x0901, 
	0x00a1, 0x0040, 0x0066, 0x0045, 0x0000, 0x0820, 0x0000, 0x0000, 0x0060, 0x0080, 0x0001, 0x0042, 0x0022, 0x0001, 0x0800, 0x0800, 
	0x0000, 0x0020, 0x0040, 0x0020, 0x0002, 0x0022, 0x0000, 0x0000, 0x0800, 0x0000, 0x0020, 0x0020, 0x0000, 0x0000, 0x0022, 0x0001, 
	0x0044, 0x0044, 0x2000, 0x3042, 0x2041, 0x1000, 0x00c0, 0x00a0, 0x0002, 0x0063, 0x0843, 0x0002, 0x3821, 0x3801, 0x0020, 0x0880, 
	0x0081, 0x0020, 0x0065, 0x0044, 0x2000, 0x3042, 0x2841, 0x1800, 0x0080, 0x0080, 0x0002, 0x0043, 0x0843, 0x0002, 0x3821, 0x3001, 
	0x0000, 0x0000, 0x0000, 0x0000, 0x0022, 0x0022, 0x1800, 0x2841, 0x2841, 0x1800, 0x0000, 0x0000, 0x0000, 0x0000, 0x0000, 0x0000, 
	0x3801, 0x3821, 0x0800, 0x0000, 0x0000, 0x0000, 0x0000, 0x0000, 0x1000, 0x2021, 0x2841, 0x1800, 0x0000, 0x0000, 0x0000, 0x0000, 
	0x0000, 0x0000, 0x3001, 0x3821, 0x0800, 0x0000, 0x0000, 0x0000, 0x0000, 0x0000, 0x0800, 0x1820, 0x3041, 0x2000, 0x0000, 0x0000, 
	0x0000, 0x0000, 0x0000, 0x0000, 0x2800, 0x3042, 0x1020, 0x0800, 0x0000, 0x0000, 0x0000, 0x0000, 0x0800, 0x1000, 0x3821, 0x2800, 
	0x0000, 0x0000, 0x0000, 0x0000, 0x0000, 0x0000, 0x1800, 0x2841, 0x2041, 0x1000, 0x0000, 0x0000, 0x0000, 0x0000, 0x0000, 0x0800, 
	0x3021, 0x3001, 0x0000, 0x0000, 0x0000, 0x0000, 0x0000, 0x0000, 0x1000, 0x2021, 0x2841, 0x1000, 0x0000, 0x0000, 0x0000, 0x0000, 
	0x0000, 0x0000, 0x2800, 0x3021, 0x0800, 0x0000, 0x0000, 0x0000, 0x0000, 0x0000, 0x0800, 0x1820, 0x3041, 0x2000, 0x0000, 0x0000, 
	0x0000, 0x0000, 0x0000, 0x0000, 0x2000, 0x3041, 0x1821, 0x0800, 0x0000, 0x0000, 0x0000, 0x0001, 0x0000, 0x0800, 0x2821, 0x2800, 
	0x0000, 0x0000, 0x0000, 0x0000, 0x0022, 0x0002, 0x1000, 0x2041, 0x1821, 0x1000, 0x00c0, 0x00c0, 0x0001, 0x0042, 0x0823, 0x0002, 
	0x3801, 0x3822, 0x0060, 0x10e1, 0x0961, 0x0080, 0x0067, 0x00a8, 0x1001, 0x1822, 0x3841, 0x2000, 0x0160, 0x0a01, 0x00a3, 0x0083, 
	0x08c8, 0x0026, 0x3000, 0x4042, 0x1060, 0x18a0, 0x0a42, 0x0180, 0x0067, 0x090a, 0x0865, 0x0003, 0x3821, 0x3000, 0x00c0, 0x11a1, 
	0x0122, 0x0080, 0x00a8, 0x0067, 0x1000, 0x2021, 0x1840, 0x1000, 0x0120, 0x0120, 0x0023, 0x0064, 0x0864, 0x0003, 0x2000, 0x2821, 
	0x0000, 0x0840, 0x00c1, 0x0040, 0x0045, 0x0065, 0x0801, 0x1001, 0x3041, 0x2000, 0x0040, 0x00a0, 0x0041, 0x0021, 0x0064, 0x0023, 
	0x0045, 0x0044, 0x2000, 0x3042, 0x2041, 0x1000, 0x00c0, 0x00a0, 0x0002, 0x0044, 0x0823, 0x0002, 0x4021, 0x3800, 0x0020, 0x0880, 
	0x0081, 0x0020, 0x0065, 0x0065, 0x2000, 0x3042, 0x2841, 0x1800, 0x0080, 0x00a0, 0x0002, 0x0043, 0x0843, 0x0002, 0x3821, 0x3801, 
	0x0000, 0x0000, 0x0000, 0x0000, 0x0002, 0x0002, 0x1800, 0x2821, 0x2841, 0x1800, 0x0000, 0x0000, 0x0000, 0x0000, 0x0001, 0x0000, 
	0x3801, 0x3821, 0x0800, 0x0000, 0x0000, 0x0000, 0x0000, 0x0000, 0x1000, 0x2021, 0x2841, 0x1800, 0x0000, 0x0000, 0x0000, 0x0000, 
	0x0000, 0x0000, 0x3000, 0x3821, 0x0800, 0x0000, 0x0000, 0x0000, 0x0000, 0x0000, 0x0800, 0x1821, 0x3042, 0x2000, 0x0000, 0x0000, 
	0x0000, 0x0000, 0x0000, 0x0000, 0x2800, 0x3822, 0x1821, 0x0800, 0x0000, 0x0000, 0x0000, 0x0000, 0x0800, 0x1020, 0x3821, 0x3000, 
	0x0000, 0x0000, 0x0000, 0x0000, 0x0000, 0x0000, 0x1800, 0x3042, 0x2021, 0x1000, 0x0000, 0x0000, 0x0000, 0x0000, 0x0000, 0x0800, 
	0x3801, 0x3801, 0x0000, 0x0000, 0x0000, 0x0000, 0x0000, 0x0000, 0x1000, 0x2021, 0x2821, 0x1800, 0x0000, 0x0000, 0x0000, 0x0000, 
	0x0000, 0x0000, 0x3001, 0x3021, 0x0820, 0x0000, 0x0000, 0x0000, 0x0000, 0x0000, 0x0800, 0x1821, 0x3021, 0x2000, 0x0000, 0x0000, 
	0x0000, 0x0000, 0x0000, 0x0000, 0x2000, 0x3042, 0x1821, 0x1000, 0x0000, 0x0000, 0x0001, 0x0021, 0x0000, 0x0800, 0x3021, 0x2800, 
	0x0000, 0x0000, 0x0000, 0x0000, 0x0022, 0x0022, 0x1000, 0x2021, 0x1840, 0x1000, 0x00c0, 0x00c0, 0x0002, 0x0043, 0x0843, 0x0002, 
	0x4001, 0x4001, 0x0060, 0x10e0, 0x0142, 0x0080, 0x00a9, 0x00c9, 0x1001, 0x1822, 0x3841, 0x2800, 0x0180, 0x0a21, 0x00a3, 0x0083, 
	0x08c9, 0x0026, 0x3000, 0x4042, 0x1060, 0x18a0, 0x0a41, 0x0180, 0x0048, 0x090b, 0x1045, 0x0803, 0x4021, 0x3800, 0x00c0, 0x11a1, 
	0x0943, 0x0080, 0x00a9, 0x0088, 0x1000, 0x2022, 0x2041, 0x1800, 0x0140, 0x0140, 0x0023, 0x0085, 0x0865, 0x0003, 0x2800, 0x3021, 
	0x0020, 0x0860, 0x08e1, 0x0060, 0x0045, 0x0086, 0x0801, 0x1002, 0x3842, 0x2800, 0x0060, 0x00e0, 0x0061, 0x0041, 0x0065, 0x0024, 
	0x0045, 0x0045, 0x2000, 0x3042, 0x2041, 0x1000, 0x00c0, 0x00a0, 0x0002, 0x0064, 0x0823, 0x0003, 0x3821, 0x3800, 0x0020, 0x0080, 
	0x0081, 0x0020, 0x0045, 0x0065, 0x2000, 0x3042, 0x2841, 0x1800, 0x00a0, 0x00a0, 0x0002, 0x0043, 0x0843, 0x0002, 0x3801, 0x3801, 
	0x0000, 0x0000, 0x0000, 0x0000, 0x0002, 0x0022, 0x1800, 0x2842, 0x2841, 0x1800, 0x0000, 0x0000, 0x0000, 0x0000, 0x0001, 0x0000, 
	0x3801, 0x3821, 0x0800, 0x0000, 0x0000, 0x0000, 0x0000, 0x0000, 0x1000, 0x2021, 0x2841, 0x1800, 0x0000, 0x0000, 0x0000, 0x0000, 
	0x0000, 0x0000, 0x3000, 0x3821, 0x0800, 0x0000, 0x0000, 0x0000, 0x0000, 0x0000, 0x0800, 0x1821, 0x3042, 0x2000, 0x0000, 0x0000, 
	0x0000, 0x0000, 0x0000, 0x0000, 0x2800, 0x3842, 0x1821, 0x0800, 0x0000, 0x0000, 0x0000, 0x0000, 0x0800, 0x1000, 0x3841, 0x3000, 
	0x0000, 0x0000, 0x0000, 0x0000, 0x0000, 0x0000, 0x2000, 0x3021, 0x2021, 0x1000, 0x0000, 0x0000, 0x0000, 0x0000, 0x0000, 0x0800, 
	0x3801, 0x3801, 0x0000, 0x0000, 0x0000, 0x0000, 0x0000, 0x0000, 0x1000, 0x2021, 0x2821, 0x1800, 0x0000, 0x0000, 0x0000, 0x0000, 
	0x0000, 0x0000, 0x3000, 0x3021, 0x0800, 0x0000, 0x0000, 0x0000, 0x0000, 0x0000, 0x0800, 0x1821, 0x3041, 0x2000, 0x0000, 0x0000, 
	0x0000, 0x0000, 0x0000, 0x0000, 0x2800, 0x3842, 0x1820, 0x0800, 0x0000, 0x0000, 0x0000, 0x0001, 0x0800, 0x0800, 0x3021, 0x2800, 
	0x0000, 0x0000, 0x0000, 0x0000, 0x0023, 0x0002, 0x1000, 0x2021, 0x1840, 0x1000, 0x00c0, 0x00c0, 0x0002, 0x0043, 0x0843, 0x0002, 
	0x3801, 0x4021, 0x0060, 0x10e0, 0x0942, 0x0080, 0x00a9, 0x00a9, 0x1001, 0x1822, 0x3841, 0x2800, 0x0180, 0x0a21, 0x00a3, 0x00a3, 
	0x08e9, 0x0046, 0x3000, 0x4042, 0x1060, 0x10a0, 0x0a62, 0x01a0, 0x0068, 0x092b, 0x0865, 0x0003, 0x4022, 0x3801, 0x00c0, 0x11c1, 
	0x0943, 0x00a0, 0x00ca, 0x0089, 0x1000, 0x2041, 0x2041, 0x1800, 0x0140, 0x0140, 0x0023, 0x00a5, 0x0885, 0x0003, 0x2800, 0x3021, 
	0x0020, 0x0860, 0x0901, 0x0080, 0x0046, 0x0087, 0x0801, 0x1022, 0x3841, 0x2800, 0x0060, 0x00e0, 0x0041, 0x0041, 0x0066, 0x0024, 
	0x0065, 0x0044, 0x1800, 0x3042, 0x2041, 0x1000, 0x00c0, 0x00a0, 0x0002, 0x0063, 0x0823, 0x0003, 0x3821, 0x3001, 0x0020, 0x0880, 
	0x0081, 0x0020, 0x0065, 0x0065, 0x2000, 0x3042, 0x2841, 0x1800, 0x0080, 0x0080, 0x0002, 0x0043, 0x0844, 0x0002, 0x3001, 0x3001, 
	0x0000, 0x0000, 0x0000, 0x0000, 0x0022, 0x0023, 0x1800, 0x2842, 0x2841, 0x1800, 0x0000, 0x0000, 0x0000, 0x0000, 0x0001, 0x0000, 
	0x3801, 0x3821, 0x0800, 0x0000, 0x0000, 0x0000, 0x0000, 0x0000, 0x1000, 0x2021, 0x2821, 0x1800, 0x0000, 0x0000, 0x0000, 0x0000, 
	0x0000, 0x0000, 0x3001, 0x3821, 0x1000, 0x0800, 0x0000, 0x0000, 0x0000, 0x0000, 0x0800, 0x1821, 0x3041, 0x2000, 0x0000, 0x0000, 
	0x0000, 0x0000, 0x0000, 0x0000, 0x2800, 0x3842, 0x1821, 0x0800, 0x0000, 0x0000, 0x0000, 0x0000, 0x0800, 0x1020, 0x3821, 0x3000, 
	0x0000, 0x0000, 0x0000, 0x0000, 0x0000, 0x0000, 0x1800, 0x2841, 0x2021, 0x1000, 0x0000, 0x0000, 0x0000, 0x0000, 0x0000, 0x0800, 
	0x3001, 0x3001, 0x0000, 0x0000, 0x0000, 0x0000, 0x0001, 0x0000, 0x1800, 0x2021, 0x2841, 0x1800, 0x0000, 0x0000, 0x0000, 0x0000, 
	0x0000, 0x0000, 0x2800, 0x3021, 0x0800, 0x0000, 0x0000, 0x0000, 0x0000, 0x0000, 0x0800, 0x1821, 0x3041, 0x2000, 0x0000, 0x0000, 
	0x0000, 0x0000, 0x0001, 0x0000, 0x2800, 0x3842, 0x1821, 0x0800, 0x0000, 0x0000, 0x0000, 0x0001, 0x0000, 0x0800, 0x3021, 0x2800, 
	0x0000, 0x0000, 0x0000, 0x0000, 0x0023, 0x0022, 0x1000, 0x2021, 0x2021, 0x1000, 0x00c0, 0x00c0, 0x0002, 0x0043, 0x0823, 0x0002, 
	0x3801, 0x4021, 0x0040, 0x10e0, 0x0962, 0x00a0, 0x0088, 0x00a9, 0x1001, 0x1822, 0x3841, 0x2800, 0x0180, 0x0a01, 0x00a3, 0x00a4, 
	0x08ea, 0x0047, 0x3000, 0x4042, 0x1060, 0x18a0, 0x0a61, 0x01a0, 0x0068, 0x090b, 0x1065, 0x0004, 0x4021, 0x3800, 0x00c0, 0x11c1, 
	0x0143, 0x00a0, 0x00ea, 0x0089, 0x1800, 0x2022, 0x2841, 0x1800, 0x0140, 0x0140, 0x0023, 0x0085, 0x0085, 0x0003, 0x2800, 0x3021, 
	0x0020, 0x0860, 0x0901, 0x0060, 0x0046, 0x0087, 0x0801, 0x1002, 0x3842, 0x2800, 0x0060, 0x08e1, 0x0042, 0x0022, 0x0086, 0x0025, 
	0x0023, 0x0023, 0x1800, 0x2822, 0x2021, 0x1000, 0x00a0, 0x00a0, 0x0001, 0x0042, 0x0822, 0x0002, 0x3001, 0x3000, 0x0020, 0x0860, 
	0x0081, 0x0020, 0x0024, 0x0024, 0x2000, 0x3042, 0x2841, 0x1000, 0x0080, 0x0080, 0x0001, 0x0042, 0x0823, 0x0002, 0x3001, 0x3001, 
	0x0000, 0x0000, 0x0020, 0x0000, 0x0022, 0x0023, 0x1800, 0x2842, 0x2841, 0x1800, 0x0000, 0x0000, 0x0000, 0x0000, 0x0001, 0x0000, 
	0x3001, 0x3821, 0x0800, 0x0000, 0x0000, 0x0000, 0x0000, 0x0000, 0x1000, 0x2021, 0x2841, 0x1800, 0x0000, 0x0000, 0x0000, 0x0000, 
	0x0000, 0x0000, 0x3001, 0x3821, 0x1000, 0x0800, 0x0000, 0x0000, 0x0000, 0x0000, 0x0800, 0x1820, 0x3021, 0x2000, 0x0000, 0x0000, 
	0x0000, 0x0000, 0x0000, 0x0000, 0x2800, 0x3821, 0x1821, 0x0800, 0x0000, 0x0000, 0x0000, 0x0001, 0x0800, 0x1000, 0x3821, 0x2800, 
	0x0000, 0x0000, 0x0000, 0x0000, 0x0000, 0x0000, 0x1800, 0x2841, 0x2021, 0x1000, 0x0000, 0x0000, 0x0000, 0x0000, 0x0000, 0x0800, 
	0x3021, 0x3001, 0x0000, 0x0000, 0x0000, 0x0000, 0x0000, 0x0000, 0x1800, 0x2821, 0x2841, 0x1800, 0x0000, 0x0000, 0x0000, 0x0000, 
	0x0000, 0x0000, 0x2800, 0x3021, 0x0800, 0x0000, 0x0000, 0x0000, 0x0000, 0x0000, 0x0800, 0x1821, 0x3041, 0x2000, 0x0000, 0x0000, 
	0x0000, 0x0000, 0x0001, 0x0000, 0x2800, 0x3042, 0x1821, 0x0800, 0x0000, 0x0000, 0x0000, 0x0001, 0x0000, 0x0800, 0x3021, 0x2800, 
	0x0000, 0x0000, 0x0020, 0x0000, 0x0022, 0x0022, 0x1000, 0x2021, 0x1821, 0x1000, 0x00c0, 0x00c0, 0x0002, 0x0063, 0x0843, 0x0002, 
	0x3801, 0x4021, 0x0040, 0x10c0, 0x0942, 0x0080, 0x0088, 0x00a8, 0x1001, 0x1822, 0x3841, 0x2800, 0x0160, 0x0a00, 0x00a4, 0x00a4, 
	0x08e9, 0x0027, 0x3000, 0x4042, 0x1060, 0x18a0, 0x0a61, 0x01a0, 0x0068, 0x090b, 0x0845, 0x0003, 0x4021, 0x3800, 0x00c0, 0x11a1, 
	0x0143, 0x00a0, 0x00ca, 0x0089, 0x1000, 0x2022, 0x2041, 0x1000, 0x0120, 0x0140, 0x0023, 0x0085, 0x0885, 0x0003, 0x2800, 0x3021, 
	0x0020, 0x0860, 0x00e1, 0x0060, 0x0066, 0x0086, 0x0801, 0x1002, 0x3842, 0x2800, 0x0060, 0x08e0, 0x0041, 0x0042, 0x0086, 0x0025
};

// Array of all bitmaps for convenience. (Total bytes used to store images = 57616)
const int epd_bitmap_allArray_LEN = 1;
const uint16_t* epd_bitmap_allArray[1] = {
	epd_bitmap_small_pixel_mouse
};
