// 'small-pixel-colorful', 240x240px
const uint16_t epd_bitmap_small_pixel_colorful [] = {
	0x3123, 0x3123, 0x3123, 0x3123, 0x3123, 0x3123, 0x3123, 0x3123, 0x3123, 0x3144, 0x3123, 0x3123, 0x3123, 0x3123, 0x3144, 0x3123, 
	0x2943, 0x2923, 0x7881, 0x80c2, 0xc000, 0xc000, 0x9861, 0x9841, 0x2923, 0x2923, 0x3123, 0x3123, 0x3144, 0x3123, 0x3123, 0x3123, 
	0x3144, 0x3144, 0x3123, 0x3123, 0x3123, 0x3144, 0x3123, 0x3123, 0x3123, 0x3123, 0x3964, 0x3123, 0x2943, 0x2923, 0x6881, 0x78e3, 
	0xc000, 0xc000, 0xa040, 0xa841, 0x3124, 0x3123, 0x3123, 0x3123, 0x3964, 0x3123, 0x3123, 0x3123, 0x3144, 0x3144, 0x3123, 0x3123, 
	0x3123, 0x3964, 0x3144, 0x3123, 0x3123, 0x3123, 0x3964, 0x3123, 0x2943, 0x2943, 0x58a1, 0x6923, 0xc000, 0xc000, 0xa820, 0xb040, 
	0x4144, 0x3903, 0x3123, 0x3123, 0x3144, 0x3123, 0x3123, 0x3123, 0x3123, 0x3964, 0x3123, 0x3123, 0x3123, 0x3144, 0x3144, 0x3123, 
	0x3123, 0x3123, 0x3144, 0x3144, 0x2923, 0x2923, 0x48c2, 0x5924, 0xb800, 0xb800, 0xb000, 0xb800, 0x4923, 0x40e2, 0x2923, 0x2923, 
	0x3144, 0x3144, 0x3123, 0x3123, 0x3123, 0x3144, 0x3123, 0x3123, 0x3123, 0x3123, 0x3123, 0x3123, 0x3123, 0x3123, 0x3144, 0x3144, 
	0x2923, 0x2923, 0x40e2, 0x4923, 0xb800, 0xb000, 0xb800, 0xb800, 0x5923, 0x48c2, 0x2923, 0x2923, 0x3144, 0x3144, 0x3123, 0x3123, 
	0x3123, 0x3144, 0x3144, 0x3123, 0x3123, 0x3123, 0x3144, 0x3123, 0x3123, 0x3123, 0x3123, 0x3144, 0x3123, 0x3123, 0x3903, 0x3923, 
	0xb040, 0xa820, 0xc000, 0xc000, 0x6924, 0x58a1, 0x2943, 0x2943, 0x3123, 0x3964, 0x3123, 0x3123, 0x3123, 0x3144, 0x3964, 0x3123, 
	0x3123, 0x3123, 0x3144, 0x3144, 0x3123, 0x3123, 0x3123, 0x3964, 0x3123, 0x3123, 0x3123, 0x3124, 0xa061, 0xa040, 0xc000, 0xc000, 
	0x78e3, 0x6881, 0x2923, 0x2943, 0x3123, 0x3964, 0x3123, 0x3123, 0x3123, 0x3123, 0x3964, 0x3123, 0x3123, 0x3123, 0x3144, 0x3144, 
	0x3123, 0x3123, 0x3123, 0x3964, 0x3144, 0x3123, 0x2923, 0x2923, 0x9841, 0x9861, 0xc000, 0xc000, 0x80c2, 0x7881, 0x2923, 0x2943, 
	0x3123, 0x3144, 0x3144, 0x3123, 0x3123, 0x3123, 0x3144, 0x3123, 0x3123, 0x3123, 0x3123, 0x3144, 0x3123, 0x3123, 0x3123, 0x3123, 
	0x3123, 0x3123, 0x3123, 0x3123, 0x3123, 0x3123, 0x3123, 0x3123, 0x3123, 0x3144, 0x3123, 0x3123, 0x3123, 0x3123, 0x3144, 0x3123, 
	0x2943, 0x2923, 0x7881, 0x80c2, 0xc000, 0xc000, 0x9861, 0x9841, 0x2923, 0x2923, 0x3123, 0x3123, 0x3144, 0x3123, 0x3123, 0x3123, 
	0x3144, 0x3144, 0x3123, 0x3123, 0x3123, 0x3144, 0x3123, 0x3123, 0x3123, 0x3123, 0x3964, 0x3123, 0x2943, 0x2923, 0x6881, 0x78e3, 
	0xc000, 0xc000, 0xa040, 0xa841, 0x3124, 0x3123, 0x3123, 0x3123, 0x3964, 0x3123, 0x3123, 0x3123, 0x3144, 0x3144, 0x3123, 0x3123, 
	0x3123, 0x3964, 0x3144, 0x3123, 0x3123, 0x3123, 0x3964, 0x3123, 0x2943, 0x2943, 0x58a1, 0x6923, 0xc000, 0xc000, 0xa820, 0xb040, 
	0x4144, 0x3903, 0x3123, 0x3123, 0x3144, 0x3123, 0x3123, 0x3123, 0x3123, 0x3964, 0x3123, 0x3123, 0x3123, 0x3144, 0x3144, 0x3123, 
	0x3123, 0x3123, 0x3144, 0x3144, 0x2923, 0x2923, 0x48c2, 0x5924, 0xb800, 0xb800, 0xb000, 0xb800, 0x4923, 0x40e2, 0x2923, 0x2923, 
	0x3144, 0x3144, 0x3123, 0x3123, 0x3123, 0x3144, 0x3123, 0x3123, 0x3123, 0x3123, 0x3123, 0x3123, 0x3123, 0x3123, 0x3144, 0x3144, 
	0x2923, 0x2923, 0x40e2, 0x4923, 0xb800, 0xb000, 0xb800, 0xb800, 0x5923, 0x48c2, 0x2923, 0x2923, 0x3144, 0x3144, 0x3123, 0x3123, 
	0x3123, 0x3144, 0x3144, 0x3123, 0x3123, 0x3123, 0x3144, 0x3123, 0x3123, 0x3123, 0x3123, 0x3144, 0x3123, 0x3123, 0x3903, 0x3923, 
	0xb040, 0xa820, 0xc000, 0xc000, 0x6924, 0x58a1, 0x2943, 0x2943, 0x3123, 0x3964, 0x3123, 0x3123, 0x3123, 0x3144, 0x3964, 0x3123, 
	0x3123, 0x3123, 0x3144, 0x3144, 0x3123, 0x3123, 0x3123, 0x3964, 0x3123, 0x3123, 0x3123, 0x3124, 0xa061, 0xa040, 0xc000, 0xc000, 
	0x78e3, 0x6881, 0x2923, 0x2943, 0x3123, 0x3964, 0x3123, 0x3123, 0x3123, 0x3123, 0x3964, 0x3123, 0x3123, 0x3123, 0x3144, 0x3144, 
	0x3123, 0x3123, 0x3123, 0x3964, 0x3144, 0x3123, 0x2923, 0x2923, 0x9841, 0x9861, 0xc000, 0xc000, 0x80c2, 0x7881, 0x2923, 0x2943, 
	0x3123, 0x3144, 0x3144, 0x3123, 0x3123, 0x3123, 0x3144, 0x3123, 0x3123, 0x3123, 0x3123, 0x3144, 0x3123, 0x3123, 0x3123, 0x3123, 
	0x3123, 0x3123, 0x3123, 0x3123, 0x3123, 0x3123, 0x3123, 0x3123, 0x3123, 0x3144, 0x3123, 0x3123, 0x3123, 0x3123, 0x3144, 0x3123, 
	0x2943, 0x2923, 0x7881, 0x80c2, 0xc000, 0xc000, 0x9861, 0x9841, 0x2923, 0x2923, 0x3123, 0x3123, 0x3144, 0x3123, 0x3123, 0x3123, 
	0x3144, 0x3144, 0x3123, 0x3123, 0x3123, 0x3144, 0x3123, 0x3123, 0x3123, 0x3123, 0x3964, 0x3123, 0x2943, 0x2923, 0x6881, 0x78e3, 
	0xc000, 0xc000, 0xa040, 0xa841, 0x3124, 0x3123, 0x3123, 0x3123, 0x3964, 0x3123, 0x3123, 0x3123, 0x3144, 0x3144, 0x3123, 0x3123, 
	0x3123, 0x3964, 0x3144, 0x3123, 0x3123, 0x3123, 0x3964, 0x3123, 0x2943, 0x2943, 0x58a1, 0x6923, 0xc000, 0xc000, 0xa820, 0xb040, 
	0x4144, 0x3903, 0x3123, 0x3123, 0x3144, 0x3123, 0x3123, 0x3123, 0x3123, 0x3964, 0x3123, 0x3123, 0x3123, 0x3144, 0x3144, 0x3123, 
	0x3123, 0x3123, 0x3144, 0x3144, 0x2923, 0x2923, 0x48c2, 0x5924, 0xb800, 0xb800, 0xb000, 0xb800, 0x4923, 0x40e2, 0x2923, 0x2923, 
	0x3144, 0x3144, 0x3123, 0x3123, 0x3123, 0x3144, 0x3123, 0x3123, 0x3123, 0x3123, 0x3123, 0x3123, 0x3123, 0x3123, 0x3144, 0x3144, 
	0x2923, 0x2923, 0x40e2, 0x4923, 0xb800, 0xb000, 0xb800, 0xb800, 0x5923, 0x48c2, 0x2923, 0x2923, 0x3144, 0x3144, 0x3123, 0x3123, 
	0x3123, 0x3144, 0x3144, 0x3123, 0x3123, 0x3123, 0x3144, 0x3123, 0x3123, 0x3123, 0x3123, 0x3144, 0x3123, 0x3123, 0x3903, 0x3923, 
	0xb040, 0xa820, 0xc000, 0xc000, 0x6924, 0x58a1, 0x2943, 0x2943, 0x3123, 0x3964, 0x3123, 0x3123, 0x3123, 0x3144, 0x3964, 0x3123, 
	0x3123, 0x3123, 0x3144, 0x3144, 0x3123, 0x3123, 0x3123, 0x3964, 0x3123, 0x3123, 0x3123, 0x3124, 0xa061, 0xa040, 0xc000, 0xc000, 
	0x78e3, 0x6881, 0x2923, 0x2943, 0x3123, 0x3964, 0x3123, 0x3123, 0x3123, 0x3123, 0x3964, 0x3123, 0x3123, 0x3123, 0x3144, 0x3144, 
	0x3123, 0x3123, 0x3123, 0x3964, 0x3144, 0x3123, 0x2923, 0x2923, 0x9841, 0x9861, 0xc000, 0xc000, 0x80c2, 0x7881, 0x2923, 0x2943, 
	0x3123, 0x3144, 0x3144, 0x3123, 0x3123, 0x3123, 0x3144, 0x3123, 0x3123, 0x3123, 0x3123, 0x3144, 0x3123, 0x3123, 0x3123, 0x3123, 
	0x3123, 0x3123, 0x3123, 0x3123, 0x3123, 0x3123, 0x3123, 0x3123, 0x3123, 0x3144, 0x3123, 0x3123, 0x3123, 0x3123, 0x3144, 0x2923, 
	0x2144, 0x2144, 0x7861, 0x8081, 0xc000, 0xc000, 0x9020, 0x9020, 0x2944, 0x2944, 0x2923, 0x2944, 0x3144, 0x3123, 0x3123, 0x3123, 
	0x3144, 0x3144, 0x3123, 0x3123, 0x3123, 0x3144, 0x3123, 0x3123, 0x3123, 0x3123, 0x3164, 0x2923, 0x2144, 0x2144, 0x6881, 0x70c2, 
	0xb800, 0xc000, 0xa000, 0xa020, 0x3144, 0x2923, 0x2923, 0x2943, 0x3964, 0x3123, 0x3123, 0x3123, 0x3144, 0x3144, 0x3123, 0x3123, 
	0x3123, 0x3964, 0x3144, 0x3123, 0x3123, 0x3123, 0x3164, 0x2923, 0x2144, 0x2144, 0x58a2, 0x6103, 0xb800, 0xb800, 0xa800, 0xa800, 
	0x3944, 0x3103, 0x2943, 0x2943, 0x3144, 0x3143, 0x3123, 0x3123, 0x3123, 0x3964, 0x3123, 0x3123, 0x3123, 0x3144, 0x3144, 0x3123, 
	0x3123, 0x3123, 0x3144, 0x3144, 0x2144, 0x2144, 0x48c2, 0x5123, 0xb800, 0xb800, 0xb000, 0xb000, 0x4123, 0x38e2, 0x2944, 0x2944, 
	0x3144, 0x3144, 0x3123, 0x3123, 0x3123, 0x3144, 0x3123, 0x3123, 0x3123, 0x3123, 0x3123, 0x3123, 0x3123, 0x3123, 0x3144, 0x3144, 
	0x2944, 0x2944, 0x38e2, 0x4123, 0xb000, 0xb000, 0xb800, 0xb800, 0x5103, 0x48c2, 0x2144, 0x2144, 0x3144, 0x3144, 0x3123, 0x3123, 
	0x3123, 0x3144, 0x3144, 0x3123, 0x3123, 0x3123, 0x3144, 0x3123, 0x3123, 0x3123, 0x3143, 0x3164, 0x2943, 0x2943, 0x3103, 0x3944, 
	0xa800, 0xa800, 0xb800, 0xb800, 0x6103, 0x58a2, 0x2144, 0x2144, 0x2923, 0x3164, 0x3123, 0x3123, 0x3123, 0x3144, 0x3964, 0x3123, 
	0x3123, 0x3123, 0x3144, 0x3144, 0x3123, 0x3123, 0x3123, 0x3164, 0x2943, 0x2923, 0x2923, 0x3144, 0xa020, 0xa000, 0xc000, 0xb800, 
	0x70c2, 0x6881, 0x2144, 0x2144, 0x2923, 0x3164, 0x3123, 0x3123, 0x3123, 0x3123, 0x3964, 0x3123, 0x3123, 0x3123, 0x3144, 0x3144, 
	0x3123, 0x3123, 0x2923, 0x3164, 0x2944, 0x2923, 0x2944, 0x2944, 0x9020, 0x9020, 0xc000, 0xc000, 0x8081, 0x7861, 0x2144, 0x2144, 
	0x2923, 0x3144, 0x3144, 0x3123, 0x3123, 0x3123, 0x3144, 0x3123, 0x3123, 0x3123, 0x3123, 0x3144, 0x3123, 0x3123, 0x3123, 0x3123, 
	0x3123, 0x3123, 0x3123, 0x3123, 0x3123, 0x3123, 0x3123, 0x3123, 0x3123, 0x3144, 0x3123, 0x3123, 0x3123, 0x3123, 0x50e2, 0x50e2, 
	0x50c2, 0x50c2, 0x8102, 0xba89, 0xd227, 0xd227, 0xc288, 0xa184, 0x50c2, 0x50c2, 0x50c2, 0x58e2, 0x3944, 0x3103, 0x3123, 0x2923, 
	0x3144, 0x3144, 0x3123, 0x3123, 0x3123, 0x3144, 0x3123, 0x3123, 0x3123, 0x3123, 0x5123, 0x50e2, 0x50c2, 0x50c2, 0x70a1, 0xaa68, 
	0xd227, 0xd227, 0xc268, 0xba06, 0x58c2, 0x58c2, 0x58c2, 0x58c2, 0x4164, 0x3903, 0x3123, 0x3123, 0x3144, 0x3144, 0x3123, 0x3123, 
	0x3123, 0x3964, 0x3144, 0x3123, 0x3123, 0x3123, 0x5103, 0x4903, 0x50c2, 0x50c2, 0x6081, 0x9a27, 0xd247, 0xd227, 0xca47, 0xc247, 
	0x6103, 0x58c2, 0x58c2, 0x58c2, 0x4144, 0x3903, 0x3123, 0x3123, 0x3123, 0x3964, 0x3123, 0x3123, 0x3123, 0x3144, 0x3144, 0x3123, 
	0x3123, 0x2923, 0x4903, 0x4903, 0x58c2, 0x58c2, 0x6081, 0x89c6, 0xd247, 0xca27, 0xca47, 0xca47, 0x7144, 0x58a1, 0x58c2, 0x58c2, 
	0x4123, 0x4103, 0x3123, 0x3123, 0x3123, 0x3144, 0x3123, 0x3123, 0x3123, 0x3123, 0x3123, 0x3123, 0x3123, 0x3123, 0x4103, 0x4923, 
	0x58c2, 0x58c2, 0x58a1, 0x7144, 0xca47, 0xca47, 0xca27, 0xd247, 0x81c6, 0x6081, 0x58c2, 0x58c2, 0x4903, 0x4903, 0x2923, 0x3123, 
	0x3123, 0x3144, 0x3144, 0x3123, 0x3123, 0x3123, 0x3144, 0x3123, 0x3123, 0x3123, 0x3903, 0x4144, 0x58c2, 0x58c2, 0x58c2, 0x6103, 
	0xc247, 0xca47, 0xd227, 0xd247, 0x9a47, 0x68a1, 0x50c2, 0x50c2, 0x4903, 0x5103, 0x3123, 0x3123, 0x3123, 0x3144, 0x3964, 0x3123, 
	0x3123, 0x3123, 0x3144, 0x3144, 0x3123, 0x3123, 0x3903, 0x4144, 0x58c2, 0x58c2, 0x58c2, 0x58c2, 0xba06, 0xc268, 0xd227, 0xd227, 
	0xaa88, 0x70c1, 0x50c2, 0x50c2, 0x50e2, 0x5123, 0x3123, 0x3123, 0x3123, 0x3123, 0x3964, 0x3123, 0x3123, 0x3123, 0x3144, 0x3144, 
	0x2923, 0x3123, 0x3103, 0x3944, 0x58e2, 0x50c2, 0x50c2, 0x50c2, 0xa184, 0xc288, 0xd227, 0xd227, 0xba89, 0x8102, 0x50c2, 0x50c2, 
	0x50e2, 0x58e3, 0x3124, 0x3123, 0x3123, 0x3123, 0x3144, 0x3123, 0x3123, 0x3123, 0x3123, 0x3144, 0x3123, 0x3123, 0x3123, 0x3123, 
	0x3123, 0x3123, 0x3123, 0x3123, 0x3123, 0x3123, 0x3123, 0x3123, 0x3123, 0x3144, 0x3123, 0x3123, 0x3103, 0x3923, 0xa820, 0xa820, 
	0xc000, 0xc000, 0x9a45, 0xfeb7, 0xf798, 0xf798, 0xff39, 0xc46d, 0xb800, 0xc000, 0xb800, 0xb800, 0x4923, 0x40e2, 0x2923, 0x2923, 
	0x3144, 0x3144, 0x3123, 0x3123, 0x3123, 0x3144, 0x3123, 0x3123, 0x3123, 0x3123, 0xa061, 0xa061, 0xc000, 0xc000, 0x8902, 0xfdd4, 
	0xffb9, 0xf798, 0xff59, 0xe5d3, 0xb800, 0xb800, 0xc000, 0xc000, 0x5944, 0x48c2, 0x2923, 0x2923, 0x3144, 0x3144, 0x3123, 0x3123, 
	0x3123, 0x3964, 0x3144, 0x3123, 0x2923, 0x2923, 0x9061, 0x9881, 0xc000, 0xc000, 0x8860, 0xfcb0, 0xffb9, 0xf778, 0xff58, 0xfed7, 
	0xc0a2, 0xb000, 0xc000, 0xc000, 0x6903, 0x58a1, 0x2943, 0x2943, 0x3123, 0x3964, 0x3123, 0x3123, 0x3123, 0x3144, 0x3144, 0x3123, 
	0x2943, 0x2923, 0x8061, 0x88c2, 0xc000, 0xc000, 0x9020, 0xfb2b, 0xffb9, 0xff78, 0xff78, 0xff79, 0xd9c6, 0xa000, 0xc000, 0xc000, 
	0x78e3, 0x6881, 0x2943, 0x2943, 0x3123, 0x3144, 0x3123, 0x3123, 0x3123, 0x3123, 0x3123, 0x3123, 0x2943, 0x2943, 0x6881, 0x78e3, 
	0xc000, 0xc000, 0xa000, 0xd9a5, 0xff79, 0xff78, 0xff78, 0xffb9, 0xf32b, 0x9020, 0xc000, 0xc000, 0x88c2, 0x8061, 0x2923, 0x2943, 
	0x3123, 0x3144, 0x3144, 0x3123, 0x3123, 0x3123, 0x3144, 0x3123, 0x2943, 0x2943, 0x58a1, 0x6923, 0xc000, 0xc000, 0xb000, 0xc081, 
	0xfed6, 0xff58, 0xf778, 0xffb9, 0xfcb0, 0x8860, 0xc000, 0xc000, 0x9881, 0x9061, 0x2923, 0x2923, 0x3123, 0x3144, 0x3964, 0x3123, 
	0x3123, 0x3123, 0x3144, 0x3144, 0x2923, 0x2923, 0x48c2, 0x5944, 0xc000, 0xc000, 0xb800, 0xb800, 0xe5d3, 0xff59, 0xf798, 0xffb9, 
	0xfdf5, 0x8922, 0xc000, 0xc000, 0xa041, 0xa061, 0x3123, 0x3123, 0x3123, 0x3123, 0x3964, 0x3123, 0x3123, 0x3123, 0x3144, 0x3144, 
	0x2923, 0x2923, 0x40e2, 0x4944, 0xb800, 0xb800, 0xc000, 0xb800, 0xc46d, 0xff39, 0xf798, 0xf798, 0xfed7, 0x9a45, 0xc000, 0xc000, 
	0xa820, 0xa820, 0x3923, 0x3123, 0x3123, 0x3123, 0x3144, 0x3123, 0x3123, 0x3123, 0x3123, 0x3144, 0x3123, 0x3123, 0x3123, 0x3123, 
	0x3123, 0x3123, 0x3123, 0x3123, 0x3123, 0x3123, 0x3123, 0x3123, 0x3123, 0x3144, 0x3123, 0x3123, 0x3123, 0x3923, 0xa820, 0xa820, 
	0xc000, 0xb800, 0x9a25, 0xfe97, 0xf758, 0xf757, 0xff18, 0xc44d, 0xb000, 0xb800, 0xb000, 0xb800, 0x4923, 0x40e2, 0x2923, 0x2923, 
	0x3144, 0x3144, 0x3123, 0x3123, 0x3123, 0x3144, 0x3123, 0x3123, 0x3123, 0x3123, 0xa061, 0x9841, 0xc000, 0xc000, 0x8902, 0xfdb4, 
	0xf778, 0xf757, 0xff18, 0xe5b2, 0xb000, 0xb000, 0xb800, 0xb800, 0x5944, 0x48c2, 0x2923, 0x2923, 0x3144, 0x3144, 0x3123, 0x3123, 
	0x3123, 0x3964, 0x3144, 0x3123, 0x2923, 0x2923, 0x9061, 0x9081, 0xc000, 0xc000, 0x8860, 0xfc90, 0xff78, 0xf737, 0xff18, 0xf6b6, 
	0xc0a2, 0xa800, 0xc000, 0xc000, 0x6923, 0x58a1, 0x2943, 0x2943, 0x3123, 0x3964, 0x3123, 0x3123, 0x3123, 0x3144, 0x3144, 0x3123, 
	0x2943, 0x2923, 0x7861, 0x88c2, 0xc000, 0xc000, 0x9020, 0xf32b, 0xff78, 0xf737, 0xff37, 0xff38, 0xd1a5, 0xa000, 0xc000, 0xc000, 
	0x78e3, 0x6881, 0x2943, 0x2943, 0x3123, 0x3144, 0x3123, 0x3123, 0x3123, 0x3123, 0x3123, 0x3123, 0x2943, 0x2943, 0x6881, 0x78e3, 
	0xc000, 0xc000, 0xa000, 0xd1a5, 0xff38, 0xff37, 0xff37, 0xff78, 0xf30b, 0x9020, 0xc000, 0xc000, 0x88c2, 0x8061, 0x2923, 0x2943, 
	0x3123, 0x3144, 0x3144, 0x3123, 0x3123, 0x3123, 0x3144, 0x3123, 0x2943, 0x2943, 0x58a1, 0x6923, 0xc000, 0xc000, 0xa800, 0xc081, 
	0xf696, 0xff18, 0xf737, 0xff78, 0xfc90, 0x8860, 0xc000, 0xc000, 0x9081, 0x9061, 0x2923, 0x2923, 0x3123, 0x3144, 0x3964, 0x3123, 
	0x3123, 0x3123, 0x3144, 0x3144, 0x2923, 0x2923, 0x48c2, 0x5944, 0xb800, 0xb800, 0xb000, 0xb000, 0xe5b2, 0xff18, 0xf757, 0xf758, 
	0xfdd4, 0x8922, 0xc000, 0xc000, 0xa060, 0xa061, 0x3123, 0x3123, 0x3123, 0x3123, 0x3964, 0x3123, 0x3123, 0x3123, 0x3144, 0x3144, 
	0x2923, 0x2923, 0x40e2, 0x4944, 0xb800, 0xb000, 0xb800, 0xb000, 0xc44d, 0xff18, 0xf757, 0xf758, 0xfe97, 0x9a25, 0xb800, 0xc000, 
	0xa820, 0xa840, 0x3923, 0x3123, 0x3123, 0x3123, 0x3144, 0x3123, 0x3123, 0x3123, 0x3123, 0x3144, 0x3123, 0x3123, 0x3123, 0x3123, 
	0x3123, 0x3123, 0x3123, 0x3123, 0x3123, 0x3123, 0x3123, 0x3123, 0x3123, 0x3144, 0x3123, 0x3123, 0x3123, 0x3923, 0xa820, 0xa820, 
	0xc000, 0xb800, 0x9a25, 0xfe96, 0xf758, 0xf757, 0xff18, 0xc44d, 0xb000, 0xb800, 0xb000, 0xb800, 0x4923, 0x40e2, 0x2923, 0x2923, 
	0x3144, 0x3144, 0x3123, 0x3123, 0x3123, 0x3144, 0x3123, 0x3123, 0x3123, 0x3123, 0xa061, 0x9841, 0xc000, 0xc000, 0x8902, 0xfdb4, 
	0xf758, 0xf757, 0xff18, 0xe5b2, 0xb000, 0xb000, 0xb800, 0xb800, 0x5944, 0x48c2, 0x2923, 0x2923, 0x3144, 0x3144, 0x3123, 0x3123, 
	0x3123, 0x3964, 0x3144, 0x3123, 0x2923, 0x2923, 0x9061, 0x9081, 0xc000, 0xc000, 0x8860, 0xfc90, 0xff78, 0xf737, 0xff18, 0xf6b6, 
	0xc0a2, 0xa800, 0xc000, 0xc000, 0x6923, 0x58a1, 0x2943, 0x2943, 0x3123, 0x3964, 0x3123, 0x3123, 0x3123, 0x3144, 0x3144, 0x3123, 
	0x2943, 0x2923, 0x7861, 0x88c2, 0xc000, 0xc000, 0x9020, 0xf32b, 0xff78, 0xff37, 0xff17, 0xff38, 0xd1a6, 0xa000, 0xc000, 0xc000, 
	0x78e3, 0x6881, 0x2943, 0x2943, 0x3123, 0x3144, 0x3123, 0x3123, 0x3123, 0x3123, 0x3123, 0x3123, 0x2943, 0x2943, 0x6881, 0x78e3, 
	0xc000, 0xc000, 0xa000, 0xd1a5, 0xff38, 0xff17, 0xff37, 0xff78, 0xf30b, 0x9020, 0xc000, 0xc000, 0x88c2, 0x8061, 0x2923, 0x2943, 
	0x3123, 0x3144, 0x3144, 0x3123, 0x3123, 0x3123, 0x3144, 0x3123, 0x2943, 0x2943, 0x58a1, 0x6923, 0xc000, 0xc000, 0xa800, 0xc081, 
	0xf696, 0xff18, 0xf737, 0xff78, 0xfc90, 0x8860, 0xc000, 0xc000, 0x9081, 0x9061, 0x2923, 0x2923, 0x3123, 0x3144, 0x3964, 0x3123, 
	0x3123, 0x3123, 0x3144, 0x3144, 0x2923, 0x2923, 0x48c2, 0x5944, 0xb800, 0xb800, 0xb000, 0xb000, 0xe5b2, 0xff18, 0xf757, 0xf758, 
	0xfdb4, 0x8922, 0xc000, 0xc000, 0xa060, 0xa061, 0x3123, 0x3123, 0x3123, 0x3123, 0x3964, 0x3123, 0x3123, 0x3123, 0x3144, 0x3144, 
	0x2923, 0x2923, 0x40e2, 0x4944, 0xb800, 0xb000, 0xb800, 0xb000, 0xc44d, 0xff18, 0xf757, 0xf758, 0xfe97, 0x9a25, 0xb800, 0xc000, 
	0xa820, 0xa840, 0x3923, 0x3123, 0x3123, 0x3123, 0x3144, 0x3123, 0x3123, 0x3123, 0x3123, 0x3144, 0x3123, 0x3123, 0x3123, 0x3123, 
	0x2943, 0x2943, 0x2943, 0x2923, 0x3123, 0x3123, 0x3123, 0x3123, 0x3123, 0x3144, 0x2944, 0x2944, 0x3123, 0x3123, 0xa820, 0xa820, 
	0xc000, 0xb800, 0x9a25, 0xfe77, 0xf758, 0xf757, 0xff18, 0xc44d, 0xb000, 0xb800, 0xb000, 0xb800, 0x4144, 0x38e2, 0x2944, 0x2944, 
	0x3144, 0x3144, 0x3123, 0x3123, 0x3123, 0x3164, 0x2943, 0x2943, 0x2944, 0x2944, 0x9861, 0x9861, 0xc000, 0xc000, 0x8902, 0xfdb4, 
	0xf758, 0xf757, 0xff18, 0xe5b2, 0xb000, 0xb000, 0xb800, 0xb800, 0x5944, 0x48c2, 0x2144, 0x2144, 0x2944, 0x3164, 0x3123, 0x3123, 
	0x2923, 0x3164, 0x2944, 0x2923, 0x2944, 0x2144, 0x8861, 0x9082, 0xc000, 0xc000, 0x8860, 0xfc90, 0xff78, 0xf737, 0xff18, 0xf6b6, 
	0xc0a2, 0xa800, 0xc000, 0xc000, 0x6924, 0x58a2, 0x2144, 0x2144, 0x2923, 0x3164, 0x3123, 0x3123, 0x3123, 0x3144, 0x2944, 0x2923, 
	0x2144, 0x2144, 0x7861, 0x80c2, 0xc000, 0xc000, 0x9020, 0xf32b, 0xff78, 0xff37, 0xff17, 0xff38, 0xd1a5, 0xa000, 0xc000, 0xc000, 
	0x70e3, 0x6881, 0x2144, 0x2144, 0x2923, 0x2944, 0x3123, 0x3123, 0x3123, 0x3123, 0x2923, 0x2923, 0x2144, 0x2144, 0x6881, 0x7103, 
	0xc000, 0xc000, 0xa000, 0xd1a5, 0xff38, 0xff17, 0xff37, 0xff78, 0xf30b, 0x9020, 0xc000, 0xc000, 0x80c2, 0x7861, 0x2144, 0x2144, 
	0x2923, 0x2944, 0x3144, 0x3123, 0x3123, 0x3123, 0x3164, 0x2923, 0x2144, 0x2144, 0x58a2, 0x6924, 0xc000, 0xc000, 0xa800, 0xb8a1, 
	0xf696, 0xff18, 0xf737, 0xff78, 0xfc90, 0x8860, 0xc000, 0xc000, 0x9081, 0x8861, 0x2144, 0x2944, 0x2923, 0x2944, 0x3164, 0x2923, 
	0x3123, 0x3123, 0x3164, 0x2944, 0x2144, 0x2944, 0x48c2, 0x5944, 0xb800, 0xb800, 0xb000, 0xb000, 0xe5b2, 0xff18, 0xf757, 0xf758, 
	0xfdb4, 0x8922, 0xc000, 0xc000, 0xa061, 0xa061, 0x2943, 0x2943, 0x2943, 0x2943, 0x3164, 0x3123, 0x3123, 0x3123, 0x3144, 0x3144, 
	0x2944, 0x2944, 0x38e2, 0x4144, 0xb800, 0xb000, 0xb800, 0xb000, 0xc44d, 0xff18, 0xf757, 0xf758, 0xfe97, 0x9a25, 0xb800, 0xc000, 
	0xa820, 0xa840, 0x3144, 0x2923, 0x2944, 0x2944, 0x3144, 0x3123, 0x3123, 0x3123, 0x3143, 0x3144, 0x2923, 0x2943, 0x2943, 0x2943, 
	0x80a2, 0x80a2, 0x80a2, 0x80a2, 0x5123, 0x48e3, 0x2964, 0x2964, 0x4903, 0x5144, 0x80a2, 0x80a2, 0x80a2, 0x80a2, 0xb041, 0xb040, 
	0xc020, 0xb800, 0x9a46, 0xfe97, 0xf758, 0xf757, 0xff18, 0xc44d, 0xb000, 0xb820, 0xb840, 0xb840, 0x90c2, 0x8881, 0x80a2, 0x80a2, 
	0x6144, 0x58e3, 0x2944, 0x3164, 0x4103, 0x4964, 0x80a2, 0x80a2, 0x80a2, 0x80a2, 0xb082, 0xa861, 0xc000, 0xb800, 0x9142, 0xfdd4, 
	0xff58, 0xf737, 0xff18, 0xe5b2, 0xb020, 0xb020, 0xb820, 0xb820, 0x90e3, 0x8881, 0x80a2, 0x80a2, 0x6903, 0x60e3, 0x2944, 0x3164, 
	0x3923, 0x4164, 0x80c2, 0x78a2, 0x80a2, 0x80a2, 0xa881, 0xa861, 0xc000, 0xc000, 0x88a0, 0xfcb0, 0xff78, 0xf737, 0xff18, 0xf6b6, 
	0xc0e2, 0xa840, 0xb820, 0xb820, 0x98c2, 0x9081, 0x80a2, 0x80a2, 0x6903, 0x6903, 0x3144, 0x3144, 0x3944, 0x3944, 0x78c2, 0x78c2, 
	0x80a2, 0x80a1, 0xa061, 0xa082, 0xc020, 0xc020, 0x9040, 0xf34b, 0xff78, 0xff37, 0xff37, 0xff38, 0xd1c6, 0xa040, 0xb820, 0xb820, 
	0xa0a2, 0x9861, 0x80a2, 0x80a2, 0x70c2, 0x70c2, 0x3144, 0x3144, 0x3144, 0x3144, 0x70c2, 0x70e2, 0x80a2, 0x80a2, 0x9861, 0xa0a2, 
	0xb820, 0xb820, 0xa040, 0xd1c6, 0xff38, 0xff37, 0xff37, 0xff78, 0xf32b, 0x9040, 0xc020, 0xc020, 0xa082, 0xa061, 0x80a1, 0x80a2, 
	0x78c2, 0x78c2, 0x3944, 0x3944, 0x3144, 0x3144, 0x68e3, 0x6903, 0x80a2, 0x80a2, 0x9081, 0x98c2, 0xb820, 0xb820, 0xa840, 0xc0c2, 
	0xf6b6, 0xff18, 0xf737, 0xff78, 0xfcb0, 0x88a0, 0xc000, 0xc000, 0xa861, 0xa881, 0x80a2, 0x80a2, 0x78a2, 0x80c2, 0x4164, 0x3923, 
	0x3164, 0x2944, 0x60e3, 0x6903, 0x80a2, 0x80a2, 0x8881, 0x98c3, 0xb820, 0xb820, 0xb020, 0xb020, 0xe5b2, 0xff18, 0xf757, 0xf758, 
	0xfdd4, 0x9142, 0xb800, 0xc000, 0xa861, 0xb082, 0x80a2, 0x80a2, 0x80a2, 0x80a2, 0x4964, 0x4103, 0x3164, 0x2944, 0x58e3, 0x6144, 
	0x80a2, 0x80a2, 0x8881, 0x90c2, 0xb840, 0xb840, 0xb820, 0xb000, 0xc44d, 0xff18, 0xf757, 0xf758, 0xfe97, 0xa246, 0xb800, 0xc020, 
	0xb040, 0xb061, 0x80a2, 0x80a2, 0x80a2, 0x80a2, 0x5144, 0x4903, 0x2964, 0x2964, 0x48e3, 0x5144, 0x80a2, 0x80a2, 0x80a2, 0x80a2, 
	0xc000, 0xc000, 0xc000, 0xc000, 0x68e2, 0x5881, 0x2144, 0x2144, 0x50a1, 0x6103, 0xc000, 0xc000, 0xb800, 0xc000, 0xb800, 0xb800, 
	0xb800, 0xb800, 0x9a25, 0xfe96, 0xf758, 0xf757, 0xff18, 0xc44d, 0xb000, 0xb800, 0xb800, 0xb800, 0xc020, 0xb800, 0xc000, 0xc000, 
	0x7903, 0x6881, 0x2144, 0x2944, 0x48c2, 0x5124, 0xc000, 0xb800, 0xb800, 0xc000, 0xc041, 0xb000, 0xb800, 0xb800, 0x8902, 0xfdb4, 
	0xf758, 0xf757, 0xff18, 0xe5b2, 0xb000, 0xb000, 0xb800, 0xb800, 0xc041, 0xb800, 0xc000, 0xc000, 0x88c2, 0x8061, 0x2944, 0x2944, 
	0x3902, 0x4144, 0xb820, 0xb800, 0xc000, 0xc000, 0xc020, 0xb800, 0xb800, 0xb800, 0x8860, 0xfc90, 0xff78, 0xf737, 0xff18, 0xf6b6, 
	0xc0a2, 0xa800, 0xb800, 0xb800, 0xc020, 0xb800, 0xc000, 0xc000, 0x9881, 0x9061, 0x2923, 0x2943, 0x3103, 0x3923, 0xb020, 0xb020, 
	0xc000, 0xc000, 0xb820, 0xb800, 0xb800, 0xb800, 0x9020, 0xf32b, 0xff78, 0xff37, 0xff17, 0xff38, 0xd1a5, 0xa000, 0xb800, 0xb800, 
	0xb800, 0xb800, 0xc000, 0xc000, 0xa040, 0xa040, 0x3123, 0x3123, 0x3123, 0x2923, 0xa020, 0xa040, 0xc000, 0xc000, 0xb800, 0xb800, 
	0xb800, 0xb800, 0xa000, 0xd1a5, 0xff38, 0xff17, 0xff37, 0xff78, 0xf30b, 0x9020, 0xb800, 0xb800, 0xb800, 0xb820, 0xc000, 0xc000, 
	0xb020, 0xb020, 0x3923, 0x3103, 0x2943, 0x2923, 0x9061, 0x9881, 0xc000, 0xc000, 0xb800, 0xc020, 0xb800, 0xb800, 0xa800, 0xc081, 
	0xf696, 0xff18, 0xf737, 0xff78, 0xfc90, 0x8860, 0xb800, 0xb800, 0xb800, 0xc020, 0xc000, 0xc000, 0xb800, 0xb820, 0x4144, 0x3902, 
	0x2944, 0x2944, 0x8061, 0x88c2, 0xc000, 0xc000, 0xb800, 0xc020, 0xb800, 0xb800, 0xb000, 0xb000, 0xe5b2, 0xff18, 0xf757, 0xf758, 
	0xfdb4, 0x8922, 0xb800, 0xb800, 0xb000, 0xc041, 0xc000, 0xb800, 0xb800, 0xc000, 0x5124, 0x48c2, 0x2944, 0x2144, 0x6881, 0x78e3, 
	0xc000, 0xc000, 0xb800, 0xc020, 0xb800, 0xb800, 0xb800, 0xb000, 0xc44d, 0xff18, 0xf757, 0xf758, 0xfe97, 0x9a25, 0xb800, 0xb800, 
	0xb000, 0xb820, 0xc000, 0xb800, 0xc000, 0xc000, 0x6103, 0x50a1, 0x2144, 0x2144, 0x5881, 0x6903, 0xc000, 0xc000, 0xc000, 0xc000, 
	0xb800, 0xb800, 0xb800, 0xc000, 0x60e3, 0x58a1, 0x2944, 0x2944, 0x50a1, 0x6103, 0xb800, 0xb800, 0xb800, 0xb800, 0xb800, 0xb800, 
	0xb800, 0xb800, 0x9a25, 0xfe77, 0xf758, 0xf757, 0xff18, 0xc44d, 0xb000, 0xb800, 0xb800, 0xb800, 0xb820, 0xb000, 0xb800, 0xb800, 
	0x7903, 0x6881, 0x2144, 0x2944, 0x40c2, 0x5124, 0xb800, 0xb800, 0xb800, 0xb800, 0xb841, 0xb000, 0xb800, 0xb800, 0x8902, 0xfdb4, 
	0xf758, 0xf757, 0xff18, 0xe5b2, 0xb000, 0xb000, 0xb800, 0xb800, 0xc041, 0xb000, 0xb800, 0xb800, 0x80c2, 0x7881, 0x2944, 0x2944, 
	0x3902, 0x4144, 0xb020, 0xb000, 0xb800, 0xb800, 0xb840, 0xb000, 0xb800, 0xb800, 0x8860, 0xfc90, 0xff78, 0xf737, 0xff18, 0xf6b6, 
	0xc0a2, 0xa800, 0xb800, 0xb800, 0xb820, 0xb800, 0xb800, 0xb800, 0x9081, 0x9081, 0x2923, 0x2943, 0x3123, 0x3923, 0xa840, 0xa820, 
	0xb800, 0xb800, 0xb820, 0xb800, 0xb800, 0xb800, 0x9020, 0xf32b, 0xff78, 0xff37, 0xff17, 0xff38, 0xd1a6, 0xa000, 0xb800, 0xb800, 
	0xb820, 0xb800, 0xb800, 0xb800, 0xa041, 0x9840, 0x3123, 0x3123, 0x3123, 0x2923, 0x9820, 0xa061, 0xb800, 0xb800, 0xb800, 0xb820, 
	0xb800, 0xb800, 0xa000, 0xd1a5, 0xff38, 0xff17, 0xff37, 0xff78, 0xf30b, 0x9020, 0xb800, 0xb800, 0xb800, 0xb820, 0xb800, 0xb800, 
	0xa820, 0xa820, 0x3923, 0x3103, 0x2943, 0x2923, 0x9061, 0x9081, 0xb800, 0xb800, 0xb800, 0xb820, 0xb800, 0xb800, 0xa800, 0xb8a1, 
	0xf696, 0xff18, 0xf737, 0xff78, 0xfc90, 0x8860, 0xb800, 0xb800, 0xb000, 0xb840, 0xb800, 0xb800, 0xb000, 0xb020, 0x4144, 0x3902, 
	0x2944, 0x2944, 0x7881, 0x80c2, 0xb800, 0xb800, 0xb000, 0xb841, 0xb800, 0xb800, 0xb000, 0xb000, 0xe5b2, 0xff18, 0xf757, 0xf758, 
	0xfdb4, 0x8922, 0xb800, 0xb800, 0xb000, 0xb841, 0xb800, 0xb800, 0xb800, 0xb800, 0x5144, 0x40c2, 0x2944, 0x2144, 0x6881, 0x7903, 
	0xb800, 0xb800, 0xb000, 0xb840, 0xb800, 0xb800, 0xb800, 0xb000, 0xc44d, 0xff18, 0xf757, 0xf758, 0xfe97, 0x9a25, 0xb800, 0xb800, 
	0xb000, 0xb820, 0xb800, 0xb800, 0xb800, 0xb800, 0x6103, 0x50a1, 0x2944, 0x2944, 0x58a1, 0x6903, 0xb800, 0xb800, 0xb800, 0xb800, 
	0xb800, 0xb800, 0xb800, 0xb800, 0x60e3, 0x5881, 0x2144, 0x2144, 0x50a2, 0x6103, 0xb800, 0xb800, 0xb800, 0xb800, 0xb800, 0xb000, 
	0xb800, 0xb800, 0x9a25, 0xfe96, 0xf758, 0xf757, 0xff18, 0xc42d, 0xb000, 0xb800, 0xb000, 0xb800, 0xb820, 0xb000, 0xc000, 0xb800, 
	0x7903, 0x6881, 0x2144, 0x2944, 0x40c2, 0x5123, 0xb800, 0xb800, 0xb800, 0xb800, 0xb841, 0xb000, 0xb800, 0xb800, 0x8901, 0xfdb4, 
	0xf758, 0xf757, 0xff18, 0xe5b2, 0xb000, 0xb000, 0xb800, 0xb800, 0xb841, 0xb000, 0xc000, 0xc000, 0x80c2, 0x7881, 0x2944, 0x2944, 
	0x38e3, 0x4144, 0xb020, 0xb000, 0xb800, 0xb800, 0xb820, 0xb000, 0xb800, 0xb800, 0x8860, 0xfc90, 0xff78, 0xf737, 0xff18, 0xf6b6, 
	0xc081, 0xa800, 0xb800, 0xb800, 0xb820, 0xb800, 0xb800, 0xb800, 0x9081, 0x9061, 0x2943, 0x2943, 0x3103, 0x3923, 0xa840, 0xa820, 
	0xb800, 0xb800, 0xb820, 0xb800, 0xb800, 0xb800, 0x9000, 0xf30b, 0xff78, 0xf737, 0xff17, 0xff38, 0xd1a5, 0xa000, 0xb800, 0xb800, 
	0xb800, 0xb800, 0xb800, 0xb800, 0xa041, 0x9840, 0x2923, 0x2943, 0x3123, 0x2923, 0x9820, 0xa040, 0xb800, 0xb800, 0xb800, 0xb800, 
	0xb800, 0xb800, 0xa000, 0xd1a5, 0xff38, 0xff17, 0xff37, 0xff78, 0xf30b, 0x9000, 0xb800, 0xb800, 0xb800, 0xb820, 0xb800, 0xb800, 
	0xa820, 0xa820, 0x3923, 0x3103, 0x2943, 0x2943, 0x9061, 0x9081, 0xb800, 0xb800, 0xb800, 0xb820, 0xb800, 0xb800, 0xa800, 0xb881, 
	0xf696, 0xff18, 0xf737, 0xff78, 0xfc90, 0x8860, 0xb800, 0xb800, 0xb000, 0xb820, 0xb800, 0xb800, 0xb000, 0xb020, 0x4144, 0x38e3, 
	0x2944, 0x2944, 0x7861, 0x80c2, 0xc000, 0xc000, 0xb000, 0xb840, 0xb800, 0xb800, 0xb000, 0xb000, 0xe5b2, 0xff18, 0xf757, 0xf758, 
	0xfdb4, 0x8902, 0xb800, 0xb800, 0xb000, 0xb840, 0xb800, 0xb800, 0xb800, 0xb800, 0x5144, 0x40c2, 0x2944, 0x2144, 0x6881, 0x7903, 
	0xc000, 0xc000, 0xb000, 0xb820, 0xb800, 0xb000, 0xb800, 0xb000, 0xc42d, 0xff18, 0xf757, 0xf758, 0xfe97, 0x9a25, 0xb800, 0xb800, 
	0xb000, 0xb800, 0xb800, 0xb800, 0xb800, 0xb800, 0x6103, 0x50a2, 0x2144, 0x2144, 0x58a1, 0x6903, 0xb800, 0xb800, 0xb800, 0xb800, 
	0xb800, 0xb800, 0xb800, 0xc000, 0x68e3, 0x58a1, 0x2944, 0x2944, 0x50a2, 0x6123, 0xb800, 0xb800, 0xb800, 0xb820, 0xb840, 0xb820, 
	0xc000, 0xb800, 0x9a46, 0xfe97, 0xf758, 0xf757, 0xff18, 0xc44d, 0xb000, 0xb820, 0xb820, 0xb840, 0xb840, 0xb000, 0xb800, 0xb800, 
	0x7903, 0x68a1, 0x2944, 0x2944, 0x48e2, 0x5144, 0xb800, 0xb800, 0xb800, 0xb800, 0xb861, 0xb820, 0xc000, 0xb800, 0x9122, 0xfdb4, 
	0xf758, 0xf757, 0xff18, 0xe5b2, 0xb020, 0xb020, 0xb820, 0xb820, 0xc061, 0xb000, 0xb800, 0xb800, 0x88c2, 0x7881, 0x2944, 0x2944, 
	0x3903, 0x4944, 0xb040, 0xb020, 0xb800, 0xb800, 0xb861, 0xb840, 0xb800, 0xb800, 0x8880, 0xfc90, 0xff78, 0xf737, 0xff18, 0xf6b6, 
	0xc0c2, 0xa820, 0xb820, 0xb820, 0xb841, 0xb820, 0xb800, 0xb800, 0x90a2, 0x9081, 0x2944, 0x3144, 0x3923, 0x3924, 0xa840, 0xa840, 
	0xb800, 0xb800, 0xb840, 0xb840, 0xb800, 0xb800, 0x9040, 0xf32b, 0xff78, 0xff37, 0xff17, 0xff38, 0xd1c6, 0xa040, 0xb820, 0xb820, 
	0xb840, 0xb820, 0xb800, 0xb800, 0xa061, 0x9841, 0x3123, 0x3144, 0x3144, 0x3123, 0x9820, 0xa061, 0xb800, 0xb800, 0xb820, 0xb840, 
	0xb820, 0xb820, 0xa040, 0xd1c6, 0xff38, 0xff17, 0xff37, 0xff78, 0xf32b, 0x9040, 0xb800, 0xb800, 0xb840, 0xb840, 0xb800, 0xb800, 
	0xa840, 0xa840, 0x3924, 0x3923, 0x3144, 0x2944, 0x9081, 0x90a2, 0xb800, 0xb800, 0xb820, 0xb841, 0xb820, 0xb820, 0xa820, 0xc0c2, 
	0xf6b6, 0xff18, 0xf737, 0xff78, 0xfc90, 0x8880, 0xb800, 0xb800, 0xb840, 0xb861, 0xb800, 0xb800, 0xb020, 0xb040, 0x4944, 0x4103, 
	0x2944, 0x2944, 0x7881, 0x88c2, 0xb800, 0xb800, 0xb000, 0xb861, 0xb820, 0xb820, 0xb020, 0xb020, 0xe5b2, 0xff18, 0xf757, 0xf758, 
	0xfdd4, 0x9142, 0xb800, 0xc000, 0xb820, 0xb861, 0xb800, 0xb800, 0xb800, 0xb800, 0x5144, 0x48e2, 0x2944, 0x2944, 0x68a1, 0x7903, 
	0xb800, 0xb800, 0xb000, 0xb841, 0xb840, 0xb820, 0xb820, 0xb000, 0xc44d, 0xff18, 0xf757, 0xf758, 0xfe97, 0x9a46, 0xb800, 0xc000, 
	0xb820, 0xb841, 0xb820, 0xb800, 0xb800, 0xb800, 0x6123, 0x50a2, 0x2944, 0x2944, 0x58a2, 0x6903, 0xb800, 0xb800, 0xb800, 0xb800, 
	0xb820, 0xb820, 0xb800, 0xb800, 0xa840, 0xa820, 0xa040, 0xa040, 0xa040, 0xa861, 0xb800, 0xb800, 0xb020, 0xb840, 0xe551, 0xfe14, 
	0xf614, 0xee14, 0xee75, 0xff17, 0xff37, 0xff37, 0xff17, 0xf6b6, 0xee14, 0xf614, 0xf614, 0xf634, 0xd1a5, 0xa020, 0xb800, 0xb800, 
	0xb061, 0xa841, 0xa040, 0xa040, 0xa040, 0xa881, 0xb820, 0xb820, 0xb820, 0xb000, 0xd44e, 0xfe14, 0xee14, 0xee14, 0xee34, 0xfef7, 
	0xff37, 0xff37, 0xff37, 0xf6f7, 0xf614, 0xf614, 0xee14, 0xf655, 0xeaca, 0x9840, 0xb800, 0xb800, 0xb041, 0xb041, 0xa040, 0xa040, 
	0xa040, 0xa881, 0xb840, 0xb020, 0xb800, 0xb000, 0xb309, 0xfdf4, 0xee34, 0xee34, 0xee34, 0xfed6, 0xff37, 0xff37, 0xff17, 0xff17, 
	0xf634, 0xee14, 0xee34, 0xf654, 0xfbee, 0x9080, 0xb800, 0xb800, 0xb041, 0xb061, 0xa040, 0xa040, 0xa040, 0xa061, 0xb840, 0xb020, 
	0xb800, 0xb800, 0xa1e5, 0xfd93, 0xee34, 0xee34, 0xee14, 0xfe95, 0xff37, 0xff17, 0xff17, 0xff37, 0xf655, 0xee14, 0xee34, 0xee34, 
	0xfcf1, 0x9102, 0xb800, 0xb800, 0xb020, 0xb041, 0xa041, 0xa040, 0xa040, 0xa040, 0xb020, 0xb020, 0xb800, 0xb800, 0x9102, 0xfcf1, 
	0xee34, 0xee34, 0xee14, 0xf655, 0xff37, 0xff17, 0xff17, 0xff37, 0xfe95, 0xee14, 0xee34, 0xee34, 0xfd93, 0xa1e5, 0xb800, 0xb800, 
	0xb020, 0xb840, 0xa061, 0xa040, 0xa040, 0xa040, 0xb061, 0xb040, 0xb800, 0xb800, 0x9080, 0xfbee, 0xf654, 0xee34, 0xee14, 0xf634, 
	0xff17, 0xff17, 0xff37, 0xff37, 0xfed6, 0xee34, 0xee34, 0xee34, 0xfdf4, 0xbb09, 0xb000, 0xb800, 0xb020, 0xb840, 0xa881, 0xa040, 
	0xa040, 0xa040, 0xb041, 0xb041, 0xb800, 0xb800, 0x9840, 0xeaa9, 0xf655, 0xee14, 0xf614, 0xf614, 0xf6f7, 0xff37, 0xff37, 0xff37, 
	0xfef7, 0xee34, 0xee14, 0xee14, 0xfe14, 0xd44e, 0xb000, 0xb820, 0xb820, 0xb820, 0xa881, 0xa040, 0xa040, 0xa040, 0xa841, 0xb061, 
	0xb800, 0xb800, 0xa020, 0xd1a5, 0xf634, 0xf614, 0xf614, 0xee14, 0xf6b6, 0xff17, 0xff37, 0xff37, 0xff17, 0xee75, 0xee14, 0xf614, 
	0xfe14, 0xe551, 0xb840, 0xb020, 0xb800, 0xb800, 0xa861, 0xa820, 0xa040, 0xa040, 0xa840, 0xa861, 0xb820, 0xb820, 0xb820, 0xb820, 
	0xb800, 0xb800, 0xb800, 0xb800, 0xb800, 0xb800, 0xb800, 0xb800, 0xb800, 0xb820, 0xb800, 0xb800, 0xb000, 0xb820, 0xee54, 0xff58, 
	0xff58, 0xff58, 0xff58, 0xff37, 0xff17, 0xff17, 0xff17, 0xff38, 0xff58, 0xff58, 0xff58, 0xff78, 0xd1c6, 0xa000, 0xb800, 0xb800, 
	0xb820, 0xb820, 0xb800, 0xb800, 0xb800, 0xb820, 0xb800, 0xb800, 0xb800, 0xb000, 0xd510, 0xff39, 0xff58, 0xff58, 0xff58, 0xff37, 
	0xff17, 0xff17, 0xff37, 0xff37, 0xff58, 0xff58, 0xff58, 0xff99, 0xf32b, 0x9020, 0xb800, 0xb800, 0xb800, 0xb820, 0xb800, 0xb800, 
	0xb800, 0xc020, 0xb800, 0xb000, 0xb800, 0xb000, 0xb38a, 0xff18, 0xff58, 0xff58, 0xff58, 0xff38, 0xff17, 0xff17, 0xff17, 0xff37, 
	0xff58, 0xff58, 0xff58, 0xff99, 0xfcb0, 0x8860, 0xb800, 0xb800, 0xb000, 0xb841, 0xb800, 0xb800, 0xb800, 0xb800, 0xb800, 0xb000, 
	0xb800, 0xb800, 0x9a26, 0xfeb7, 0xff78, 0xf778, 0xff58, 0xff38, 0xff17, 0xff17, 0xff17, 0xff17, 0xff58, 0xff58, 0xf778, 0xff98, 
	0xfdf4, 0x8922, 0xb800, 0xb800, 0xb000, 0xb820, 0xb800, 0xb800, 0xb800, 0xb800, 0xb800, 0xb800, 0xb800, 0xb800, 0x8922, 0xfdf4, 
	0xff98, 0xf778, 0xff58, 0xff58, 0xff17, 0xff17, 0xff17, 0xff17, 0xff38, 0xff58, 0xf778, 0xff78, 0xfeb7, 0x9a26, 0xb800, 0xb800, 
	0xb000, 0xb800, 0xb800, 0xb800, 0xb800, 0xb800, 0xb820, 0xb800, 0xb800, 0xb800, 0x8860, 0xfc90, 0xff99, 0xff58, 0xff58, 0xff58, 
	0xff17, 0xff17, 0xff17, 0xff17, 0xff38, 0xff58, 0xff58, 0xff58, 0xff18, 0xb38b, 0xb000, 0xb800, 0xb000, 0xb800, 0xc020, 0xb800, 
	0xb800, 0xb800, 0xb820, 0xb800, 0xb800, 0xb800, 0x9020, 0xf32b, 0xff99, 0xff58, 0xff58, 0xff58, 0xff38, 0xff37, 0xff17, 0xff17, 
	0xff37, 0xff58, 0xff58, 0xff58, 0xff39, 0xd530, 0xb000, 0xb800, 0xb800, 0xb800, 0xc020, 0xb800, 0xb800, 0xb800, 0xb820, 0xb820, 
	0xb800, 0xb800, 0xa000, 0xd1c6, 0xff78, 0xff58, 0xff58, 0xff58, 0xff38, 0xff17, 0xff17, 0xff17, 0xff37, 0xff58, 0xff58, 0xff58, 
	0xff58, 0xee54, 0xb820, 0xb000, 0xb800, 0xb800, 0xb820, 0xb800, 0xb800, 0xb800, 0xb800, 0xb820, 0xb800, 0xb800, 0xb800, 0xb800, 
	0xb800, 0xb800, 0xb800, 0xb800, 0xb800, 0xb800, 0xb800, 0xb800, 0xb000, 0xb820, 0xb800, 0xb800, 0xb000, 0xb820, 0xee34, 0xff18, 
	0xff37, 0xff37, 0xff17, 0xff17, 0xff17, 0xff17, 0xff17, 0xff17, 0xff37, 0xff37, 0xff17, 0xff38, 0xd1c6, 0xa000, 0xb800, 0xb800, 
	0xb820, 0xb820, 0xb800, 0xb800, 0xb000, 0xb820, 0xb800, 0xb800, 0xb800, 0xb000, 0xd4f0, 0xff18, 0xff37, 0xff37, 0xff17, 0xff17, 
	0xff17, 0xff17, 0xff17, 0xff17, 0xff17, 0xff17, 0xff37, 0xff78, 0xf32b, 0x9020, 0xb800, 0xb800, 0xb800, 0xb820, 0xb800, 0xb800, 
	0xb000, 0xb840, 0xb820, 0xb800, 0xb800, 0xb000, 0xb36a, 0xfef8, 0xf737, 0xf737, 0xff17, 0xff17, 0xff17, 0xff17, 0xff17, 0xff17, 
	0xff17, 0xff17, 0xf737, 0xff78, 0xfc90, 0x8860, 0xb800, 0xb800, 0xb800, 0xb841, 0xb800, 0xb800, 0xb800, 0xb800, 0xb820, 0xb800, 
	0xb800, 0xb800, 0x9a25, 0xfe77, 0xf737, 0xf737, 0xff17, 0xff17, 0xff17, 0xff17, 0xff17, 0xff17, 0xff17, 0xff17, 0xf737, 0xff58, 
	0xfdb4, 0x8922, 0xb800, 0xb800, 0xb800, 0xb820, 0xb800, 0xb800, 0xb800, 0xb800, 0xb800, 0xb800, 0xb800, 0xb800, 0x8922, 0xfdb4, 
	0xff58, 0xf737, 0xff17, 0xff17, 0xff17, 0xff17, 0xff17, 0xff17, 0xff17, 0xff17, 0xf737, 0xf737, 0xfe97, 0x9a25, 0xb800, 0xb800, 
	0xb800, 0xb820, 0xb800, 0xb800, 0xb800, 0xb800, 0xb820, 0xb800, 0xb800, 0xb800, 0x8860, 0xfc90, 0xff78, 0xf737, 0xff17, 0xff17, 
	0xff17, 0xff17, 0xff17, 0xff17, 0xff17, 0xff17, 0xf737, 0xf737, 0xfef8, 0xb38a, 0xb000, 0xb800, 0xb800, 0xb820, 0xb840, 0xb000, 
	0xb800, 0xb800, 0xb820, 0xb800, 0xb800, 0xb800, 0x9020, 0xf30b, 0xff78, 0xff37, 0xff17, 0xff17, 0xff37, 0xff17, 0xff17, 0xff17, 
	0xff17, 0xff17, 0xff37, 0xff37, 0xff18, 0xd510, 0xb000, 0xb800, 0xb800, 0xb800, 0xb840, 0xb000, 0xb800, 0xb800, 0xb820, 0xb820, 
	0xb800, 0xb800, 0xa000, 0xd1c6, 0xff38, 0xff17, 0xff37, 0xff37, 0xff17, 0xff17, 0xff17, 0xff17, 0xff17, 0xff17, 0xff37, 0xff37, 
	0xff18, 0xee34, 0xb820, 0xb000, 0xb800, 0xb800, 0xb820, 0xb800, 0xb800, 0xb800, 0xb800, 0xb820, 0xb800, 0xb800, 0xb800, 0xb800, 
	0xb800, 0xb800, 0xb800, 0xb800, 0xb800, 0xb800, 0xb800, 0xb800, 0xb800, 0xb820, 0xb800, 0xb800, 0xb000, 0xb820, 0xee34, 0xff18, 
	0xff37, 0xff37, 0xff37, 0xff37, 0xff37, 0xff37, 0xff37, 0xff37, 0xff37, 0xff37, 0xff17, 0xff38, 0xd1a6, 0xa000, 0xb800, 0xb800, 
	0xb820, 0xb820, 0xb800, 0xb800, 0xb000, 0xb820, 0xb800, 0xb800, 0xb800, 0xb000, 0xd4f0, 0xff18, 0xff37, 0xff37, 0xff17, 0xff38, 
	0xff37, 0xff37, 0xff37, 0xff37, 0xff17, 0xff17, 0xff37, 0xff78, 0xf30b, 0x9020, 0xb800, 0xb800, 0xb800, 0xb820, 0xb800, 0xb800, 
	0xb000, 0xb820, 0xb800, 0xb000, 0xb800, 0xb000, 0xb36a, 0xfef8, 0xf737, 0xf737, 0xff17, 0xff38, 0xff37, 0xff37, 0xff37, 0xff37, 
	0xff17, 0xff17, 0xf737, 0xff78, 0xfc90, 0x8860, 0xb800, 0xb800, 0xb000, 0xb840, 0xb800, 0xb800, 0xb000, 0xb800, 0xb800, 0xb000, 
	0xb800, 0xb800, 0x9a25, 0xfe77, 0xf737, 0xf737, 0xff17, 0xff38, 0xff37, 0xff37, 0xff37, 0xff37, 0xff37, 0xff17, 0xf737, 0xff58, 
	0xfdb4, 0x8901, 0xb800, 0xb800, 0xb000, 0xb800, 0xb800, 0xb800, 0xb800, 0xb800, 0xb800, 0xb800, 0xb800, 0xb800, 0x8901, 0xfdb4, 
	0xff58, 0xf737, 0xff17, 0xff37, 0xff37, 0xff37, 0xff37, 0xff37, 0xff38, 0xff17, 0xf737, 0xf737, 0xfe97, 0x9a25, 0xb800, 0xb800, 
	0xb000, 0xb800, 0xb800, 0xb000, 0xb800, 0xb800, 0xb820, 0xb000, 0xb800, 0xb800, 0x8860, 0xfc90, 0xff78, 0xf737, 0xff17, 0xff17, 
	0xff37, 0xff37, 0xff37, 0xff37, 0xff38, 0xff17, 0xf737, 0xf737, 0xfef8, 0xbb8a, 0xb000, 0xb800, 0xb000, 0xb800, 0xb820, 0xb000, 
	0xb800, 0xb800, 0xb820, 0xb800, 0xb800, 0xb800, 0x9020, 0xf30b, 0xff78, 0xff37, 0xff17, 0xff17, 0xff38, 0xff38, 0xff37, 0xff37, 
	0xff38, 0xff17, 0xff37, 0xff37, 0xff18, 0xd510, 0xb000, 0xb800, 0xb800, 0xb800, 0xb820, 0xb000, 0xb800, 0xb800, 0xb820, 0xb820, 
	0xb800, 0xb800, 0xa000, 0xd1c6, 0xff38, 0xff17, 0xff37, 0xff37, 0xff37, 0xff37, 0xff37, 0xff37, 0xff37, 0xff37, 0xff37, 0xff37, 
	0xff18, 0xee34, 0xb820, 0xb000, 0xb800, 0xb800, 0xb820, 0xb800, 0xb800, 0xb800, 0xb800, 0xb820, 0xb800, 0xb800, 0xb800, 0xb800, 
	0xb840, 0xb840, 0xb840, 0xb840, 0xb840, 0xb840, 0xb840, 0xb840, 0xb841, 0xb861, 0xb820, 0xb820, 0xb040, 0xb861, 0xee34, 0xff38, 
	0xff37, 0xff37, 0xf718, 0xde96, 0xde96, 0xde96, 0xde95, 0xeef7, 0xff37, 0xff37, 0xff37, 0xff38, 0xd1e6, 0xa040, 0xb820, 0xb820, 
	0xb861, 0xb861, 0xb840, 0xb840, 0xb040, 0xb861, 0xb840, 0xb840, 0xb840, 0xb000, 0xd510, 0xff18, 0xf737, 0xff37, 0xf738, 0xe696, 
	0xde96, 0xde96, 0xde96, 0xe6b6, 0xff37, 0xff37, 0xff37, 0xff78, 0xf34b, 0x9060, 0xb820, 0xb820, 0xb841, 0xb861, 0xb840, 0xb840, 
	0xb040, 0xb861, 0xb861, 0xb040, 0xb820, 0xb000, 0xb38b, 0xfef8, 0xf737, 0xf737, 0xff38, 0xeed6, 0xde96, 0xde96, 0xde96, 0xdeb6, 
	0xff17, 0xff37, 0xf737, 0xff78, 0xfcb0, 0x88a0, 0xb820, 0xb820, 0xb041, 0xb881, 0xb840, 0xb840, 0xb840, 0xb841, 0xb861, 0xb040, 
	0xb820, 0xb800, 0x9a46, 0xfe97, 0xf737, 0xf737, 0xff38, 0xeef7, 0xde96, 0xde96, 0xde96, 0xde96, 0xf717, 0xff38, 0xf737, 0xff58, 
	0xfdd4, 0x9142, 0xb800, 0xb820, 0xb040, 0xb861, 0xb840, 0xb840, 0xb840, 0xb840, 0xb840, 0xb840, 0xb820, 0xb800, 0x9142, 0xfdd4, 
	0xff58, 0xf737, 0xff38, 0xf717, 0xde96, 0xde96, 0xde96, 0xde96, 0xeed6, 0xff38, 0xf737, 0xf737, 0xfe97, 0x9a46, 0xb800, 0xb820, 
	0xb040, 0xb861, 0xb840, 0xb840, 0xb840, 0xb840, 0xb861, 0xb041, 0xb820, 0xb820, 0x88a0, 0xfc90, 0xff78, 0xf737, 0xff38, 0xff17, 
	0xdeb6, 0xde96, 0xde96, 0xde96, 0xeed6, 0xff38, 0xf737, 0xf737, 0xfef8, 0xbbab, 0xb000, 0xb820, 0xb040, 0xb861, 0xb861, 0xb040, 
	0xb840, 0xb840, 0xb861, 0xb841, 0xb820, 0xb820, 0x9060, 0xf32b, 0xff78, 0xff37, 0xff37, 0xff37, 0xe6d6, 0xde96, 0xde96, 0xde96, 
	0xe696, 0xf738, 0xff37, 0xf737, 0xff18, 0xd510, 0xb000, 0xb840, 0xb840, 0xb840, 0xb861, 0xb040, 0xb840, 0xb840, 0xb861, 0xb861, 
	0xb820, 0xb820, 0xa040, 0xd1e7, 0xff58, 0xff37, 0xff37, 0xff37, 0xeef7, 0xde95, 0xde96, 0xde96, 0xde96, 0xf718, 0xff37, 0xff37, 
	0xff18, 0xee34, 0xb861, 0xb040, 0xb820, 0xb820, 0xb861, 0xb841, 0xb840, 0xb840, 0xb841, 0xb861, 0xb840, 0xb840, 0xb840, 0xb840, 
	0xb800, 0xb800, 0xb800, 0xb800, 0xb800, 0xb800, 0xb800, 0xb800, 0xb820, 0xb840, 0xb800, 0xb800, 0xb020, 0xb040, 0xee34, 0xff18, 
	0xff37, 0xff37, 0xc6d9, 0x6bed, 0x5430, 0x5430, 0x5bce, 0x95b5, 0xff58, 0xff37, 0xff37, 0xff38, 0xd1c6, 0xa020, 0xb800, 0xb800, 
	0xb840, 0xb840, 0xb800, 0xb800, 0xb020, 0xb841, 0xb820, 0xb800, 0xb800, 0xb000, 0xd510, 0xff18, 0xff37, 0xff37, 0xdf5a, 0x844e, 
	0x5430, 0x5430, 0x5bee, 0x7cf2, 0xff38, 0xff38, 0xff37, 0xff78, 0xf32b, 0x9040, 0xb800, 0xb800, 0xb840, 0xb841, 0xb800, 0xb800, 
	0xb020, 0xb861, 0xb840, 0xb020, 0xb800, 0xb000, 0xb38a, 0xfef8, 0xff37, 0xff37, 0xef7a, 0x9cf0, 0x4c10, 0x5430, 0x5c0f, 0x6471, 
	0xeef7, 0xff58, 0xf737, 0xff78, 0xfc90, 0x8880, 0xb800, 0xb800, 0xb020, 0xb861, 0xb800, 0xb800, 0xb020, 0xb820, 0xb840, 0xb020, 
	0xb800, 0xb800, 0x9a46, 0xfe97, 0xff57, 0xf737, 0xf77a, 0xbdb2, 0x4c0f, 0x5430, 0x5430, 0x540f, 0xde75, 0xf759, 0xf737, 0xff58, 
	0xfdd4, 0x8922, 0xb800, 0xb800, 0xb020, 0xb840, 0xb820, 0xb800, 0xb800, 0xb800, 0xb800, 0xb800, 0xb800, 0xb800, 0x8922, 0xfdd4, 
	0xff58, 0xf737, 0xf759, 0xde75, 0x540f, 0x5430, 0x5430, 0x4c0f, 0xbdb3, 0xf77a, 0xf737, 0xff57, 0xfe97, 0x9a46, 0xb800, 0xb800, 
	0xb020, 0xb840, 0xb820, 0xb020, 0xb800, 0xb800, 0xb861, 0xb020, 0xb800, 0xb800, 0x8880, 0xfc90, 0xff78, 0xf737, 0xff58, 0xeef7, 
	0x6471, 0x5c0f, 0x5430, 0x4c10, 0x9cf0, 0xef7a, 0xff37, 0xff37, 0xfef8, 0xbb8b, 0xb000, 0xb800, 0xb020, 0xb840, 0xb861, 0xb020, 
	0xb800, 0xb800, 0xb841, 0xb840, 0xb800, 0xb800, 0x9040, 0xf32b, 0xff78, 0xff37, 0xff37, 0xff38, 0x7d13, 0x5bee, 0x5430, 0x5430, 
	0x844e, 0xdf3a, 0xff37, 0xff37, 0xff18, 0xd510, 0xb000, 0xb800, 0xb800, 0xb820, 0xb841, 0xb020, 0xb800, 0xb800, 0xb840, 0xb840, 
	0xb800, 0xb800, 0xa020, 0xd1c6, 0xff58, 0xff37, 0xff37, 0xff58, 0x9db5, 0x5bce, 0x5430, 0x5430, 0x6bed, 0xc6d9, 0xff58, 0xff37, 
	0xff18, 0xee34, 0xb840, 0xb020, 0xb800, 0xb800, 0xb840, 0xb820, 0xb800, 0xb800, 0xb820, 0xb840, 0xb800, 0xb800, 0xb800, 0xb800, 
	0xb800, 0xb800, 0xb800, 0xb800, 0xb800, 0xb800, 0xb800, 0xb800, 0xb800, 0xb820, 0xb800, 0xb800, 0xb000, 0xb820, 0xee34, 0xff18, 
	0xff37, 0xff37, 0xc6d9, 0x6bed, 0x5430, 0x5430, 0x5bce, 0x95b5, 0xff58, 0xff37, 0xff17, 0xff38, 0xd1c6, 0xa000, 0xb800, 0xb800, 
	0xb820, 0xb820, 0xb800, 0xb800, 0xb000, 0xb820, 0xb800, 0xb800, 0xb800, 0xb000, 0xd4f0, 0xff18, 0xff37, 0xff37, 0xdf5a, 0x844e, 
	0x4c10, 0x5430, 0x5bee, 0x7cf3, 0xff38, 0xff37, 0xff37, 0xff78, 0xf32b, 0x9020, 0xb800, 0xb800, 0xb800, 0xb820, 0xb800, 0xb800, 
	0xb000, 0xb820, 0xb800, 0xb000, 0xb800, 0xb000, 0xb36a, 0xfef8, 0xff37, 0xff37, 0xef7a, 0x9cf0, 0x4c10, 0x5430, 0x540f, 0x6471, 
	0xeef7, 0xff58, 0xf737, 0xff78, 0xfc90, 0x8860, 0xb800, 0xb800, 0xb000, 0xb841, 0xb800, 0xb800, 0xb000, 0xb800, 0xb800, 0xb000, 
	0xb800, 0xb800, 0x9a25, 0xfe77, 0xff37, 0xff37, 0xf77a, 0xbdb2, 0x4bef, 0x5430, 0x5410, 0x5410, 0xde75, 0xf759, 0xf737, 0xff58, 
	0xfdb4, 0x8922, 0xb800, 0xb800, 0xb000, 0xb820, 0xb800, 0xb800, 0xb800, 0xb800, 0xb800, 0xb800, 0xb800, 0xb800, 0x8922, 0xfdb4, 
	0xff58, 0xf737, 0xf759, 0xde75, 0x5410, 0x5410, 0x5430, 0x4bef, 0xbdb2, 0xf77a, 0xff37, 0xff37, 0xfe97, 0x9a25, 0xb800, 0xb800, 
	0xb000, 0xb800, 0xb800, 0xb000, 0xb800, 0xb800, 0xb820, 0xb000, 0xb800, 0xb800, 0x8860, 0xfc90, 0xff78, 0xf737, 0xff58, 0xeef7, 
	0x6471, 0x540f, 0x5430, 0x4c10, 0x9cf0, 0xef7a, 0xff37, 0xff37, 0xfef8, 0xbb8a, 0xb000, 0xb800, 0xb000, 0xb800, 0xb820, 0xb000, 
	0xb800, 0xb800, 0xb820, 0xb800, 0xb800, 0xb800, 0x9020, 0xf30b, 0xff78, 0xff37, 0xff37, 0xff38, 0x7cf2, 0x5bee, 0x5430, 0x4c10, 
	0x7c4e, 0xdf3a, 0xff37, 0xff37, 0xff18, 0xd510, 0xb000, 0xb800, 0xb800, 0xb800, 0xb820, 0xb000, 0xb800, 0xb800, 0xb820, 0xb820, 
	0xb800, 0xb800, 0xa000, 0xd1c6, 0xff38, 0xff17, 0xff37, 0xff58, 0x9db5, 0x5bce, 0x5430, 0x5430, 0x6bed, 0xc6b8, 0xff37, 0xff37, 
	0xff18, 0xee34, 0xb820, 0xb000, 0xb800, 0xb800, 0xb820, 0xb800, 0xb800, 0xb800, 0xb800, 0xb820, 0xb800, 0xb800, 0xb800, 0xb800, 
	0xb800, 0xb800, 0xb800, 0xb800, 0xb800, 0xb800, 0xb800, 0xb800, 0xb000, 0xb820, 0xb800, 0xb800, 0xb000, 0xb820, 0xee34, 0xff18, 
	0xff37, 0xff37, 0xc6d8, 0x6bed, 0x5430, 0x5431, 0x5bce, 0x95b5, 0xff58, 0xff37, 0xff17, 0xff38, 0xd1c6, 0xa000, 0xb800, 0xb800, 
	0xb820, 0xb820, 0xb800, 0xb800, 0xb000, 0xb820, 0xb800, 0xb800, 0xb800, 0xb000, 0xd4f0, 0xff18, 0xff37, 0xff37, 0xdf5a, 0x844e, 
	0x5430, 0x5430, 0x5bee, 0x7cf2, 0xff38, 0xff37, 0xff37, 0xff78, 0xf32b, 0x9020, 0xb800, 0xb800, 0xb800, 0xb820, 0xb800, 0xb800, 
	0xb000, 0xb840, 0xb820, 0xb000, 0xb800, 0xb000, 0xb36a, 0xfef8, 0xff37, 0xff37, 0xef7a, 0x9cf0, 0x4c10, 0x5430, 0x5c0f, 0x6471, 
	0xeef7, 0xff58, 0xf737, 0xff78, 0xfc90, 0x8860, 0xb800, 0xb800, 0xb800, 0xb841, 0xb800, 0xb800, 0xb800, 0xb800, 0xb820, 0xb800, 
	0xb800, 0xb800, 0x9a25, 0xfe77, 0xff37, 0xff37, 0xf77a, 0xbdb2, 0x4bef, 0x5430, 0x5430, 0x5410, 0xde75, 0xf759, 0xf737, 0xff58, 
	0xfdb4, 0x8922, 0xb800, 0xb800, 0xb800, 0xb820, 0xb800, 0xb800, 0xb800, 0xb800, 0xb800, 0xb800, 0xb800, 0xb800, 0x8922, 0xfdb4, 
	0xff58, 0xf737, 0xf759, 0xde75, 0x540f, 0x5430, 0x5430, 0x4bef, 0xbdb3, 0xf77a, 0xff37, 0xff37, 0xfe97, 0x9a25, 0xb800, 0xb800, 
	0xb800, 0xb820, 0xb800, 0xb800, 0xb800, 0xb800, 0xb820, 0xb800, 0xb800, 0xb800, 0x8860, 0xfc90, 0xff78, 0xf737, 0xff58, 0xeef7, 
	0x6471, 0x5c0f, 0x5430, 0x4c10, 0x9cf0, 0xef7a, 0xff37, 0xff37, 0xfef8, 0xb38a, 0xb000, 0xb800, 0xb000, 0xb820, 0xb840, 0xb000, 
	0xb800, 0xb800, 0xb820, 0xb800, 0xb800, 0xb800, 0x9020, 0xf30b, 0xff78, 0xff37, 0xff37, 0xff38, 0x7cf2, 0x5bee, 0x5430, 0x5430, 
	0x7c4e, 0xdf3a, 0xff37, 0xff37, 0xff18, 0xd510, 0xb000, 0xb800, 0xb800, 0xb800, 0xb840, 0xb000, 0xb800, 0xb800, 0xb820, 0xb820, 
	0xb800, 0xb800, 0xa000, 0xd1c6, 0xff38, 0xff17, 0xff37, 0xff58, 0x9db5, 0x5bcd, 0x5431, 0x5430, 0x6bed, 0xc6b8, 0xff37, 0xff37, 
	0xff18, 0xee34, 0xb820, 0xb000, 0xb800, 0xb800, 0xb820, 0xb800, 0xb800, 0xb800, 0xb800, 0xb820, 0xb800, 0xb800, 0xb800, 0xb800, 
	0xb800, 0xb800, 0xb800, 0xb800, 0xb800, 0xb800, 0xb800, 0xb800, 0xb800, 0xb820, 0xb800, 0xb800, 0xb000, 0xb820, 0xee34, 0xff18, 
	0xff37, 0xff37, 0xc6d8, 0x6bed, 0x5430, 0x5430, 0x5bce, 0x95b5, 0xff58, 0xff37, 0xff17, 0xff38, 0xd1c6, 0xa000, 0xb800, 0xb800, 
	0xb820, 0xb820, 0xb800, 0xb800, 0xb000, 0xb820, 0xb800, 0xb800, 0xb800, 0xb000, 0xd4f0, 0xff18, 0xff37, 0xff37, 0xdf5a, 0x844e, 
	0x4c10, 0x5430, 0x5bee, 0x7cf2, 0xff38, 0xff37, 0xff37, 0xff78, 0xf32b, 0x9020, 0xb800, 0xb800, 0xb800, 0xb820, 0xb800, 0xb800, 
	0xb000, 0xb840, 0xb820, 0xb000, 0xb800, 0xb000, 0xb36a, 0xfef8, 0xff37, 0xff37, 0xef7a, 0x9cf0, 0x4c10, 0x5430, 0x5c0f, 0x6471, 
	0xeef7, 0xff58, 0xf737, 0xff78, 0xfc90, 0x8860, 0xb800, 0xb800, 0xb800, 0xb841, 0xb800, 0xb800, 0xb800, 0xb800, 0xb820, 0xb000, 
	0xb800, 0xb800, 0x9a25, 0xfe77, 0xff37, 0xff37, 0xf77a, 0xbdb2, 0x4bef, 0x5430, 0x5430, 0x540f, 0xde75, 0xf759, 0xf737, 0xff58, 
	0xfdb4, 0x8922, 0xb800, 0xb800, 0xb800, 0xb820, 0xb800, 0xb800, 0xb800, 0xb800, 0xb800, 0xb800, 0xb800, 0xb800, 0x8922, 0xfdb4, 
	0xff58, 0xf737, 0xf759, 0xde75, 0x540f, 0x5430, 0x5430, 0x4bef, 0xbdb3, 0xf77a, 0xff37, 0xff37, 0xfe97, 0x9a25, 0xb800, 0xb800, 
	0xb000, 0xb820, 0xb800, 0xb800, 0xb800, 0xb800, 0xb820, 0xb000, 0xb800, 0xb800, 0x8860, 0xfc90, 0xff78, 0xf737, 0xff58, 0xeef7, 
	0x6471, 0x5c0f, 0x5430, 0x4c10, 0x9cf0, 0xef7a, 0xff37, 0xff37, 0xfef8, 0xb38a, 0xb000, 0xb800, 0xb000, 0xb820, 0xb840, 0xb000, 
	0xb800, 0xb800, 0xb820, 0xb800, 0xb800, 0xb800, 0x9020, 0xf30b, 0xff78, 0xff37, 0xff37, 0xff38, 0x7cf2, 0x5bee, 0x5430, 0x5430, 
	0x7c4e, 0xdf3a, 0xff37, 0xff37, 0xff18, 0xd510, 0xb000, 0xb800, 0xb800, 0xb800, 0xb840, 0xb000, 0xb800, 0xb800, 0xb820, 0xb820, 
	0xb800, 0xb800, 0xa000, 0xd1c6, 0xff38, 0xff17, 0xff37, 0xff58, 0x9db5, 0x5bcd, 0x5431, 0x5430, 0x6bed, 0xc6b8, 0xff37, 0xff37, 
	0xff18, 0xee34, 0xb820, 0xb000, 0xb800, 0xb800, 0xb820, 0xb800, 0xb800, 0xb800, 0xb800, 0xb820, 0xb800, 0xb800, 0xb800, 0xb800, 
	0xb820, 0xb820, 0xb820, 0xb820, 0xb820, 0xb820, 0xb820, 0xb820, 0xb840, 0xb861, 0xb820, 0xb820, 0xb040, 0xb861, 0xee34, 0xff18, 
	0xff37, 0xff58, 0xc6d8, 0x6c0d, 0x5430, 0x5451, 0x63ee, 0x9db5, 0xff58, 0xff17, 0xff37, 0xff38, 0xd1e6, 0xa040, 0xb820, 0xb820, 
	0xb861, 0xb861, 0xb820, 0xb820, 0xb040, 0xb861, 0xb840, 0xb820, 0xb820, 0xb000, 0xd510, 0xff18, 0xff37, 0xff37, 0xdf5a, 0x846e, 
	0x5430, 0x5431, 0x5c0f, 0x7d13, 0xff38, 0xff38, 0xff37, 0xff78, 0xf34b, 0x9060, 0xb820, 0xb820, 0xb841, 0xb861, 0xb820, 0xb820, 
	0xb040, 0xb861, 0xb861, 0xb040, 0xb820, 0xb000, 0xbb8b, 0xfef8, 0xff37, 0xff37, 0xef7a, 0x9cf0, 0x5410, 0x5450, 0x5c0f, 0x6471, 
	0xeef7, 0xff58, 0xf737, 0xff78, 0xfcb0, 0x88a0, 0xb820, 0xb820, 0xb041, 0xb881, 0xb840, 0xb840, 0xb840, 0xb841, 0xb861, 0xb840, 
	0xb820, 0xb800, 0xa246, 0xfe97, 0xff37, 0xff37, 0xf77a, 0xbdb2, 0x540f, 0x5430, 0x5c30, 0x5430, 0xde75, 0xf759, 0xf737, 0xff58, 
	0xfdd4, 0x9142, 0xb800, 0xc020, 0xb840, 0xb861, 0xb840, 0xb840, 0xb820, 0xb820, 0xb820, 0xb820, 0xb820, 0xb800, 0x9142, 0xfdd4, 
	0xff58, 0xf737, 0xf759, 0xde75, 0x5430, 0x5c30, 0x5430, 0x540f, 0xbdb2, 0xf77a, 0xff37, 0xff37, 0xfe97, 0xa246, 0xb800, 0xb820, 
	0xb840, 0xb861, 0xb841, 0xb840, 0xb840, 0xb840, 0xb861, 0xb841, 0xb820, 0xb820, 0x88a0, 0xfc90, 0xff78, 0xf737, 0xff58, 0xeef7, 
	0x6471, 0x5c0f, 0x5450, 0x5410, 0x9cf0, 0xef7a, 0xff37, 0xff37, 0xfef8, 0xbbab, 0xb000, 0xb820, 0xb040, 0xb861, 0xb861, 0xb040, 
	0xb820, 0xb820, 0xb861, 0xb841, 0xb820, 0xb820, 0x9060, 0xf32b, 0xff78, 0xff37, 0xff38, 0xff38, 0x7d13, 0x5c0f, 0x5431, 0x5430, 
	0x844e, 0xdf5a, 0xff37, 0xff37, 0xff18, 0xd510, 0xb000, 0xb840, 0xb840, 0xb840, 0xb861, 0xb040, 0xb820, 0xb820, 0xb861, 0xb861, 
	0xb820, 0xb820, 0xa040, 0xd1e6, 0xff38, 0xff37, 0xff37, 0xff58, 0x9db5, 0x63ee, 0x5451, 0x5430, 0x6c0d, 0xc6d8, 0xff58, 0xff37, 
	0xff18, 0xee34, 0xb861, 0xb040, 0xb820, 0xb820, 0xb861, 0xb840, 0xb820, 0xb820, 0xb840, 0xb861, 0xb820, 0xb820, 0xb820, 0xb820, 
	0xb800, 0xb800, 0xb800, 0xb800, 0xb800, 0xb800, 0xb800, 0xb800, 0xb000, 0xb820, 0xb800, 0xb800, 0xb000, 0xb820, 0xee34, 0xff18, 
	0xff37, 0xff37, 0xc6d8, 0x6bed, 0x5430, 0x5430, 0x5bce, 0x95b5, 0xff58, 0xff37, 0xff17, 0xff38, 0xd1c6, 0xa000, 0xb800, 0xb800, 
	0xb820, 0xb820, 0xb800, 0xb800, 0xb000, 0xb820, 0xb800, 0xb800, 0xb800, 0xb000, 0xd4f0, 0xff18, 0xff37, 0xff37, 0xdf5a, 0x844e, 
	0x5430, 0x5430, 0x5bee, 0x7cf2, 0xff38, 0xff37, 0xff37, 0xff78, 0xf32b, 0x9020, 0xb800, 0xb800, 0xb800, 0xb820, 0xb800, 0xb800, 
	0xb000, 0xb840, 0xb820, 0xb800, 0xb800, 0xb000, 0xb36a, 0xfef8, 0xff37, 0xff37, 0xef7a, 0x9cf0, 0x4c10, 0x5430, 0x5c0f, 0x6471, 
	0xeef7, 0xff58, 0xf737, 0xff78, 0xfc90, 0x8860, 0xb800, 0xb800, 0xb000, 0xb841, 0xb800, 0xb800, 0xb800, 0xb800, 0xb820, 0xb800, 
	0xb800, 0xb800, 0x9a25, 0xfe77, 0xff37, 0xff37, 0xf77a, 0xbdb2, 0x4c0f, 0x5430, 0x5430, 0x540f, 0xde75, 0xf759, 0xf737, 0xff58, 
	0xfdb4, 0x8922, 0xb800, 0xb800, 0xb800, 0xb820, 0xb800, 0xb800, 0xb800, 0xb800, 0xb800, 0xb800, 0xb800, 0xb800, 0x8922, 0xfdb4, 
	0xff58, 0xf737, 0xf759, 0xde75, 0x540f, 0x5430, 0x5430, 0x4c0f, 0xbdb3, 0xf77a, 0xff37, 0xff37, 0xfe97, 0x9a25, 0xb800, 0xb800, 
	0xb800, 0xb820, 0xb800, 0xb800, 0xb800, 0xb800, 0xb840, 0xb800, 0xb800, 0xb800, 0x8860, 0xfc90, 0xff78, 0xf737, 0xff58, 0xeef7, 
	0x6471, 0x5c0f, 0x5430, 0x4c10, 0x9cf0, 0xef7a, 0xff37, 0xff37, 0xfef8, 0xb38a, 0xb000, 0xb800, 0xb800, 0xb820, 0xb840, 0xb000, 
	0xb800, 0xb800, 0xb820, 0xb800, 0xb800, 0xb800, 0x9020, 0xf30b, 0xff78, 0xff37, 0xff37, 0xff38, 0x7d13, 0x5bee, 0x5430, 0x5430, 
	0x844e, 0xdf3a, 0xff37, 0xff37, 0xff18, 0xd510, 0xb000, 0xb800, 0xb800, 0xb800, 0xb840, 0xb000, 0xb800, 0xb800, 0xb820, 0xb820, 
	0xb800, 0xb800, 0xa000, 0xd1c6, 0xff38, 0xff17, 0xff37, 0xff58, 0x9db5, 0x5bce, 0x5430, 0x5430, 0x6bed, 0xc6b8, 0xff37, 0xff37, 
	0xff18, 0xee34, 0xb840, 0xb000, 0xb800, 0xb800, 0xb820, 0xb800, 0xb800, 0xb800, 0xb800, 0xb820, 0xb800, 0xb800, 0xb800, 0xb800, 
	0xb800, 0xb800, 0xb800, 0xb800, 0xb800, 0xb800, 0xb800, 0xb800, 0xb000, 0xb820, 0xb800, 0xb800, 0xb000, 0xb820, 0xee34, 0xff18, 
	0xff37, 0xff37, 0xc6d8, 0x6bed, 0x5430, 0x5431, 0x5bce, 0x95b5, 0xff58, 0xff37, 0xff17, 0xff38, 0xd1c6, 0xa000, 0xb800, 0xb800, 
	0xb820, 0xb820, 0xb800, 0xb800, 0xb000, 0xb820, 0xb800, 0xb800, 0xb800, 0xb000, 0xd4f0, 0xff18, 0xff37, 0xff37, 0xdf5a, 0x844e, 
	0x5430, 0x5430, 0x5bee, 0x7cf2, 0xff38, 0xff37, 0xff37, 0xff78, 0xf32b, 0x9020, 0xb800, 0xb800, 0xb800, 0xb820, 0xb800, 0xb800, 
	0xb000, 0xb840, 0xb820, 0xb000, 0xb800, 0xb000, 0xb36a, 0xfef8, 0xff37, 0xff37, 0xef7a, 0x9cf0, 0x4c10, 0x5430, 0x5c0f, 0x6471, 
	0xeef7, 0xff58, 0xf737, 0xff78, 0xfc90, 0x8860, 0xb800, 0xb800, 0xb800, 0xb841, 0xb800, 0xb800, 0xb800, 0xb800, 0xb820, 0xb800, 
	0xb800, 0xb800, 0x9a25, 0xfe77, 0xff37, 0xff37, 0xf77a, 0xbdb2, 0x4bef, 0x5430, 0x5430, 0x5410, 0xde75, 0xf759, 0xf737, 0xff58, 
	0xfdb4, 0x8922, 0xb800, 0xb800, 0xb800, 0xb820, 0xb800, 0xb800, 0xb800, 0xb800, 0xb800, 0xb800, 0xb800, 0xb800, 0x8922, 0xfdb4, 
	0xff58, 0xf737, 0xf759, 0xde75, 0x540f, 0x5430, 0x5430, 0x4bef, 0xbdb3, 0xf77a, 0xff37, 0xff37, 0xfe97, 0x9a25, 0xb800, 0xb800, 
	0xb800, 0xb820, 0xb800, 0xb800, 0xb800, 0xb800, 0xb820, 0xb800, 0xb800, 0xb800, 0x8860, 0xfc90, 0xff78, 0xf737, 0xff58, 0xeef7, 
	0x6471, 0x5c0f, 0x5430, 0x4c10, 0x9cf0, 0xef7a, 0xff37, 0xff37, 0xfef8, 0xb38a, 0xb000, 0xb800, 0xb000, 0xb820, 0xb840, 0xb000, 
	0xb800, 0xb800, 0xb820, 0xb800, 0xb800, 0xb800, 0x9020, 0xf30b, 0xff78, 0xff37, 0xff37, 0xff38, 0x7cf2, 0x5bee, 0x5430, 0x5430, 
	0x7c4e, 0xdf3a, 0xff37, 0xff37, 0xff18, 0xd510, 0xb000, 0xb800, 0xb800, 0xb800, 0xb840, 0xb000, 0xb800, 0xb800, 0xb820, 0xb820, 
	0xb800, 0xb800, 0xa000, 0xd1c6, 0xff38, 0xff17, 0xff37, 0xff58, 0x9db5, 0x5bcd, 0x5431, 0x5430, 0x6bed, 0xc6b8, 0xff37, 0xff37, 
	0xff18, 0xee34, 0xb820, 0xb000, 0xb800, 0xb800, 0xb820, 0xb800, 0xb800, 0xb800, 0xb800, 0xb820, 0xb800, 0xb800, 0xb800, 0xb800, 
	0xb800, 0xb800, 0xb800, 0xb800, 0xb800, 0xb800, 0xb800, 0xb800, 0xb800, 0xb820, 0xb800, 0xb800, 0xb000, 0xb820, 0xee34, 0xff18, 
	0xff37, 0xff37, 0xc6d9, 0x6bed, 0x5430, 0x5431, 0x5bce, 0x95b5, 0xff58, 0xff37, 0xff17, 0xff38, 0xd1c6, 0xa000, 0xb800, 0xb800, 
	0xb820, 0xb820, 0xb800, 0xb800, 0xb000, 0xb820, 0xb800, 0xb800, 0xb800, 0xb000, 0xd4f0, 0xff18, 0xff37, 0xff37, 0xdf5a, 0x844e, 
	0x4c10, 0x5430, 0x5bef, 0x7cf3, 0xff38, 0xff37, 0xff37, 0xff78, 0xf32b, 0x9020, 0xb800, 0xb800, 0xb800, 0xb820, 0xb800, 0xb800, 
	0xb000, 0xb840, 0xb820, 0xb000, 0xb800, 0xb000, 0xb36a, 0xfef8, 0xff37, 0xff37, 0xef7a, 0x9cf0, 0x4c10, 0x5430, 0x5c0f, 0x6471, 
	0xeef7, 0xff58, 0xf737, 0xff78, 0xfc90, 0x8860, 0xb800, 0xb800, 0xb000, 0xb841, 0xb800, 0xb800, 0xb800, 0xb800, 0xb820, 0xb000, 
	0xb800, 0xb800, 0x9a25, 0xfe77, 0xff37, 0xff37, 0xf77a, 0xbdb2, 0x4bef, 0x5430, 0x5410, 0x5410, 0xde75, 0xf759, 0xf737, 0xff58, 
	0xfdb4, 0x8922, 0xb800, 0xb800, 0xb800, 0xb820, 0xb800, 0xb800, 0xb800, 0xb800, 0xb800, 0xb800, 0xb800, 0xb800, 0x8922, 0xfdb4, 
	0xff58, 0xf737, 0xf759, 0xde75, 0x5410, 0x5410, 0x5430, 0x4bef, 0xbdb2, 0xf77a, 0xff37, 0xff37, 0xfe97, 0x9a25, 0xb800, 0xb800, 
	0xb000, 0xb820, 0xb800, 0xb800, 0xb800, 0xb800, 0xb820, 0xb000, 0xb800, 0xb800, 0x8860, 0xfc90, 0xff78, 0xf737, 0xff58, 0xeef7, 
	0x6471, 0x5c0f, 0x5430, 0x4c10, 0x9cf0, 0xef7a, 0xff37, 0xff37, 0xfef8, 0xb38a, 0xb000, 0xb800, 0xb000, 0xb820, 0xb840, 0xb000, 
	0xb800, 0xb800, 0xb820, 0xb800, 0xb800, 0xb800, 0x9020, 0xf30b, 0xff78, 0xff37, 0xff37, 0xff38, 0x7cf2, 0x5bee, 0x5430, 0x4c10, 
	0x7c4e, 0xdf3a, 0xff37, 0xff37, 0xff18, 0xd510, 0xb000, 0xb800, 0xb800, 0xb800, 0xb840, 0xb000, 0xb800, 0xb800, 0xb820, 0xb820, 
	0xb800, 0xb800, 0xa000, 0xd1c6, 0xff38, 0xff17, 0xff37, 0xff58, 0x9db5, 0x5bcd, 0x5431, 0x5430, 0x6bed, 0xc6b8, 0xff37, 0xff37, 
	0xff18, 0xee34, 0xb820, 0xb000, 0xb800, 0xb800, 0xb820, 0xb800, 0xb800, 0xb800, 0xb800, 0xb820, 0xb800, 0xb800, 0xb800, 0xb800, 
	0xb800, 0xb800, 0xb800, 0xb800, 0xb800, 0xb800, 0xb800, 0xb800, 0xb800, 0xb820, 0xb800, 0xb800, 0xb000, 0xb040, 0xee34, 0xff18, 
	0xff37, 0xff37, 0xc6d8, 0x6bed, 0x4c10, 0x4c30, 0x5bcd, 0x95b5, 0xff58, 0xff37, 0xff17, 0xff38, 0xd1c6, 0xa020, 0xb800, 0xb800, 
	0xb840, 0xb820, 0xb800, 0xb800, 0xb800, 0xb840, 0xb800, 0xb800, 0xb800, 0xb000, 0xd4f0, 0xff18, 0xff37, 0xff37, 0xdf5a, 0x7c4e, 
	0x4c10, 0x4c30, 0x53ee, 0x7cf2, 0xff38, 0xff37, 0xff37, 0xff78, 0xf32b, 0x9020, 0xb800, 0xb800, 0xb820, 0xb840, 0xb800, 0xb800, 
	0xb000, 0xb841, 0xb820, 0xb800, 0xb800, 0xb000, 0xb38a, 0xfef8, 0xff37, 0xff37, 0xef7a, 0x9cf0, 0x4bef, 0x5430, 0x540f, 0x6470, 
	0xeef7, 0xff58, 0xf737, 0xff78, 0xfc90, 0x8880, 0xb800, 0xb800, 0xb020, 0xb841, 0xb800, 0xb800, 0xb800, 0xb820, 0xb820, 0xb800, 
	0xc000, 0xb800, 0x9a26, 0xfe77, 0xff37, 0xff37, 0xf77a, 0xbdb2, 0x4bef, 0x5430, 0x5410, 0x540f, 0xd655, 0xf759, 0xf737, 0xff58, 
	0xfdb4, 0x8922, 0xb800, 0xc000, 0xb800, 0xb820, 0xb800, 0xb800, 0xb800, 0xb800, 0xb800, 0xb800, 0xc000, 0xb800, 0x8922, 0xfdb4, 
	0xff58, 0xf737, 0xf759, 0xd655, 0x540f, 0x5410, 0x5430, 0x4bef, 0xbdb2, 0xf77a, 0xff37, 0xff37, 0xfe97, 0x9a26, 0xb800, 0xc000, 
	0xb800, 0xb820, 0xb820, 0xb800, 0xb800, 0xb800, 0xb841, 0xb020, 0xb800, 0xb800, 0x8860, 0xfc90, 0xff78, 0xf737, 0xff58, 0xeef7, 
	0x6470, 0x540f, 0x5430, 0x4bef, 0x9cf0, 0xef7a, 0xff37, 0xff37, 0xfef8, 0xbb8b, 0xb000, 0xb800, 0xb800, 0xb820, 0xb841, 0xb000, 
	0xb800, 0xb800, 0xb840, 0xb820, 0xb800, 0xb800, 0x9020, 0xf32b, 0xff78, 0xff37, 0xff37, 0xff38, 0x7cf3, 0x53ee, 0x4c30, 0x4c10, 
	0x7c4e, 0xdf3a, 0xff37, 0xff37, 0xff18, 0xd510, 0xb000, 0xb800, 0xb800, 0xb800, 0xb841, 0xb000, 0xb800, 0xb800, 0xb820, 0xb840, 
	0xb800, 0xb800, 0xa020, 0xd1c6, 0xff38, 0xff17, 0xff37, 0xff58, 0x95b5, 0x5bcd, 0x4c30, 0x4c10, 0x6bed, 0xc6d8, 0xff37, 0xff37, 
	0xff18, 0xee34, 0xb840, 0xb000, 0xb800, 0xb800, 0xb820, 0xb800, 0xb800, 0xb800, 0xb820, 0xb820, 0xb800, 0xb800, 0xb800, 0xb800, 
	0xb840, 0xb840, 0xb840, 0xb840, 0xb840, 0xb840, 0xb840, 0xb820, 0xb841, 0xb861, 0xb820, 0xb840, 0xb040, 0xb861, 0xee34, 0xff18, 
	0xff37, 0xff37, 0xef18, 0xde75, 0xd676, 0xd676, 0xd655, 0xe6d7, 0xff38, 0xff37, 0xff37, 0xff38, 0xd1e6, 0xa040, 0xb820, 0xb820, 
	0xb861, 0xb861, 0xb820, 0xb840, 0xb040, 0xb861, 0xb840, 0xb840, 0xb840, 0xb000, 0xd510, 0xff18, 0xff37, 0xff37, 0xf738, 0xde75, 
	0xd676, 0xd676, 0xd655, 0xde96, 0xff37, 0xff37, 0xff37, 0xff78, 0xf34b, 0x9060, 0xb820, 0xb820, 0xb841, 0xb861, 0xb820, 0xb840, 
	0xb040, 0xb861, 0xb861, 0xb040, 0xb820, 0xb000, 0xb38b, 0xfef8, 0xf737, 0xf737, 0xf738, 0xe696, 0xd676, 0xd676, 0xd675, 0xd676, 
	0xff17, 0xff38, 0xf737, 0xff78, 0xfcb0, 0x88a0, 0xb820, 0xb820, 0xb041, 0xb881, 0xb840, 0xb840, 0xb840, 0xb841, 0xb861, 0xb040, 
	0xb820, 0xb800, 0x9a46, 0xfe97, 0xf737, 0xf737, 0xff58, 0xeed6, 0xd675, 0xd676, 0xd675, 0xd675, 0xf6f7, 0xff38, 0xf737, 0xff58, 
	0xfdd4, 0x9142, 0xb800, 0xb820, 0xb040, 0xb861, 0xb840, 0xb840, 0xb840, 0xb840, 0xb840, 0xb840, 0xb820, 0xb800, 0x9142, 0xfdd4, 
	0xff58, 0xf737, 0xff38, 0xf6f7, 0xd675, 0xd675, 0xd676, 0xd675, 0xeed6, 0xff58, 0xf737, 0xf737, 0xfe97, 0x9a46, 0xb800, 0xb820, 
	0xb040, 0xb861, 0xb841, 0xb840, 0xb840, 0xb840, 0xb861, 0xb841, 0xb820, 0xb820, 0x88a0, 0xfc90, 0xff78, 0xf737, 0xff38, 0xff17, 
	0xd676, 0xd675, 0xd676, 0xd676, 0xe696, 0xf738, 0xf737, 0xf737, 0xfef8, 0xbbab, 0xb000, 0xb820, 0xb040, 0xb861, 0xb861, 0xb040, 
	0xb840, 0xb820, 0xb861, 0xb841, 0xb820, 0xb820, 0x9060, 0xf32b, 0xff78, 0xff37, 0xff37, 0xff37, 0xde96, 0xd655, 0xd676, 0xd676, 
	0xde75, 0xf738, 0xff37, 0xff37, 0xff18, 0xd510, 0xb000, 0xb840, 0xb840, 0xb840, 0xb861, 0xb040, 0xb840, 0xb820, 0xb861, 0xb861, 
	0xb820, 0xb820, 0xa040, 0xd1e7, 0xff38, 0xff37, 0xff37, 0xff38, 0xe6d7, 0xd655, 0xd676, 0xd676, 0xde75, 0xef18, 0xff37, 0xff37, 
	0xff18, 0xee34, 0xb861, 0xb040, 0xb840, 0xb820, 0xb861, 0xb841, 0xb820, 0xb820, 0xb841, 0xb861, 0xb840, 0xb840, 0xb840, 0xb840, 
	0xb800, 0xb800, 0xb800, 0xb800, 0xb800, 0xb800, 0xb800, 0xb800, 0xb800, 0xb820, 0xb800, 0xb800, 0xb000, 0xb020, 0xee34, 0xff18, 
	0xff37, 0xff37, 0xff37, 0xff58, 0xff58, 0xff58, 0xff58, 0xff37, 0xff37, 0xff37, 0xff17, 0xff38, 0xd1a6, 0xa000, 0xb800, 0xb800, 
	0xb820, 0xb820, 0xb800, 0xb800, 0xb000, 0xb820, 0xb800, 0xb800, 0xb800, 0xb000, 0xd4f0, 0xff18, 0xff37, 0xff37, 0xff37, 0xff37, 
	0xff58, 0xff58, 0xff58, 0xff37, 0xff17, 0xff17, 0xff37, 0xff78, 0xf30b, 0x9020, 0xb800, 0xb800, 0xb800, 0xb820, 0xb800, 0xb800, 
	0xb000, 0xb820, 0xb800, 0xb000, 0xb800, 0xb000, 0xb36a, 0xfef8, 0xf737, 0xf737, 0xff17, 0xff38, 0xff58, 0xff58, 0xff58, 0xff58, 
	0xff37, 0xff17, 0xf737, 0xff78, 0xfc90, 0x8860, 0xb800, 0xb800, 0xb000, 0xb841, 0xb800, 0xb800, 0xb000, 0xb800, 0xb800, 0xb000, 
	0xb800, 0xb800, 0x9a25, 0xfe77, 0xf737, 0xf737, 0xff17, 0xff38, 0xff58, 0xff58, 0xff58, 0xff58, 0xff37, 0xff17, 0xf737, 0xff58, 
	0xfdb4, 0x8901, 0xb800, 0xb800, 0xb000, 0xb800, 0xb800, 0xb800, 0xb800, 0xb800, 0xb800, 0xb800, 0xb800, 0xb800, 0x8901, 0xfdb4, 
	0xff58, 0xf737, 0xff17, 0xff37, 0xff58, 0xff58, 0xff58, 0xff58, 0xff38, 0xff17, 0xf737, 0xf737, 0xfe97, 0x9a25, 0xb800, 0xb800, 
	0xb000, 0xb800, 0xb800, 0xb000, 0xb800, 0xb800, 0xb820, 0xb000, 0xb800, 0xb800, 0x8860, 0xfc90, 0xff78, 0xf737, 0xff17, 0xff17, 
	0xff58, 0xff58, 0xff58, 0xff58, 0xff38, 0xff17, 0xf737, 0xf737, 0xfef8, 0xbb8a, 0xb000, 0xb800, 0xb000, 0xb800, 0xb820, 0xb000, 
	0xb800, 0xb800, 0xb820, 0xb800, 0xb800, 0xb800, 0x9020, 0xf30b, 0xff78, 0xff37, 0xff17, 0xff17, 0xff37, 0xff58, 0xff58, 0xff58, 
	0xff58, 0xff37, 0xff37, 0xff37, 0xff18, 0xd510, 0xb000, 0xb800, 0xb800, 0xb800, 0xb820, 0xb000, 0xb800, 0xb800, 0xb820, 0xb820, 
	0xb800, 0xb800, 0xa000, 0xd1c6, 0xff38, 0xff17, 0xff37, 0xff37, 0xff37, 0xff58, 0xff58, 0xff58, 0xff58, 0xff37, 0xff37, 0xff37, 
	0xff18, 0xee34, 0xb820, 0xb000, 0xb800, 0xb800, 0xb820, 0xb800, 0xb800, 0xb800, 0xb800, 0xb820, 0xb800, 0xb800, 0xb800, 0xb800, 
	0xb800, 0xb800, 0xb800, 0xb800, 0xb800, 0xb800, 0xb800, 0xb800, 0xb000, 0xb820, 0xb800, 0xb800, 0xb000, 0xb820, 0xee34, 0xff18, 
	0xff37, 0xff37, 0xff17, 0xff17, 0xff17, 0xff17, 0xff17, 0xff17, 0xff37, 0xff37, 0xff17, 0xff38, 0xd1c6, 0xa000, 0xb800, 0xb800, 
	0xb820, 0xb820, 0xb800, 0xb800, 0xb000, 0xb820, 0xb800, 0xb800, 0xb800, 0xb000, 0xd4f0, 0xff18, 0xff37, 0xff37, 0xff17, 0xff17, 
	0xff17, 0xff17, 0xff17, 0xff17, 0xff17, 0xff17, 0xff37, 0xff78, 0xf32b, 0x9020, 0xb800, 0xb800, 0xb800, 0xb820, 0xb800, 0xb800, 
	0xb000, 0xb840, 0xb820, 0xb800, 0xb800, 0xb000, 0xb36a, 0xfef8, 0xf737, 0xf737, 0xff17, 0xff17, 0xff17, 0xff17, 0xff17, 0xff17, 
	0xff17, 0xff17, 0xf737, 0xff78, 0xfc90, 0x8860, 0xb800, 0xb800, 0xb800, 0xb841, 0xb800, 0xb800, 0xb800, 0xb800, 0xb820, 0xb800, 
	0xb800, 0xb800, 0x9a25, 0xfe77, 0xf737, 0xf737, 0xff17, 0xff17, 0xff17, 0xff17, 0xff17, 0xff17, 0xff17, 0xff17, 0xf737, 0xff58, 
	0xfdb4, 0x8922, 0xb800, 0xb800, 0xb800, 0xb820, 0xb800, 0xb800, 0xb800, 0xb800, 0xb800, 0xb800, 0xb800, 0xb800, 0x8922, 0xfdb4, 
	0xff58, 0xf737, 0xff17, 0xff17, 0xff17, 0xff17, 0xff17, 0xff17, 0xff17, 0xff17, 0xf737, 0xf737, 0xfe97, 0x9a25, 0xb800, 0xb800, 
	0xb800, 0xb820, 0xb800, 0xb800, 0xb800, 0xb800, 0xb820, 0xb800, 0xb800, 0xb800, 0x8860, 0xfc90, 0xff78, 0xf737, 0xff17, 0xff17, 
	0xff17, 0xff17, 0xff17, 0xff17, 0xff17, 0xff17, 0xf737, 0xf737, 0xfef8, 0xb38a, 0xb000, 0xb800, 0xb800, 0xb820, 0xb840, 0xb000, 
	0xb800, 0xb800, 0xb820, 0xb800, 0xb800, 0xb800, 0x9020, 0xf30b, 0xff78, 0xff37, 0xff17, 0xff17, 0xff37, 0xff17, 0xff17, 0xff17, 
	0xff17, 0xff17, 0xff37, 0xff37, 0xff18, 0xd510, 0xb000, 0xb800, 0xb800, 0xb800, 0xb840, 0xb000, 0xb800, 0xb800, 0xb820, 0xb820, 
	0xb800, 0xb800, 0xa000, 0xd1c6, 0xff38, 0xff17, 0xff37, 0xff37, 0xff17, 0xff17, 0xff17, 0xff17, 0xff17, 0xff17, 0xff37, 0xff37, 
	0xff18, 0xee34, 0xb820, 0xb000, 0xb800, 0xb800, 0xb820, 0xb800, 0xb800, 0xb800, 0xb800, 0xb820, 0xb800, 0xb800, 0xb800, 0xb800, 
	0xb800, 0xb800, 0xb800, 0xb800, 0xb800, 0xb800, 0xb800, 0xb800, 0xb800, 0xb820, 0xb800, 0xb800, 0xb000, 0xb020, 0xee34, 0xff18, 
	0xff37, 0xff37, 0xff37, 0xff38, 0xff38, 0xff38, 0xff38, 0xff38, 0xff37, 0xff37, 0xff17, 0xff38, 0xd1a6, 0xa000, 0xb800, 0xb800, 
	0xb820, 0xb820, 0xb800, 0xb800, 0xb000, 0xb820, 0xb800, 0xb800, 0xb800, 0xb000, 0xd4f0, 0xff18, 0xff37, 0xff37, 0xff17, 0xff38, 
	0xff38, 0xff38, 0xff38, 0xff38, 0xff17, 0xff17, 0xff37, 0xff78, 0xf30b, 0x9020, 0xb800, 0xb800, 0xb800, 0xb820, 0xb800, 0xb800, 
	0xb000, 0xb820, 0xb800, 0xb000, 0xb800, 0xb000, 0xb36a, 0xfef8, 0xf737, 0xf737, 0xff17, 0xff38, 0xff38, 0xff38, 0xff38, 0xff38, 
	0xff17, 0xff17, 0xf737, 0xff78, 0xfc90, 0x8860, 0xb800, 0xb800, 0xb000, 0xb840, 0xb800, 0xb800, 0xb000, 0xb800, 0xb800, 0xb000, 
	0xb800, 0xb800, 0x9a25, 0xfe77, 0xf737, 0xf737, 0xff17, 0xff38, 0xff38, 0xff38, 0xff38, 0xff38, 0xff37, 0xff17, 0xf737, 0xff58, 
	0xfdb4, 0x8901, 0xb800, 0xb800, 0xb000, 0xb800, 0xb800, 0xb800, 0xb800, 0xb800, 0xb800, 0xb800, 0xb800, 0xb800, 0x8901, 0xfdb4, 
	0xff58, 0xf737, 0xff17, 0xff37, 0xff38, 0xff38, 0xff38, 0xff38, 0xff38, 0xff17, 0xf737, 0xf737, 0xfe97, 0x9a25, 0xb800, 0xb800, 
	0xb000, 0xb800, 0xb800, 0xb000, 0xb800, 0xb800, 0xb820, 0xb000, 0xb800, 0xb800, 0x8860, 0xfc90, 0xff78, 0xf737, 0xff17, 0xff17, 
	0xff38, 0xff38, 0xff38, 0xff38, 0xff38, 0xff17, 0xf737, 0xf737, 0xfef8, 0xbb8a, 0xb000, 0xb800, 0xb000, 0xb800, 0xb820, 0xb000, 
	0xb800, 0xb800, 0xb820, 0xb800, 0xb800, 0xb800, 0x9020, 0xf30b, 0xff78, 0xff37, 0xff17, 0xff17, 0xff38, 0xff38, 0xff38, 0xff38, 
	0xff38, 0xff17, 0xff37, 0xff37, 0xff18, 0xd510, 0xb000, 0xb800, 0xb800, 0xb800, 0xb820, 0xb000, 0xb800, 0xb800, 0xb820, 0xb820, 
	0xb800, 0xb800, 0xa000, 0xd1c6, 0xff38, 0xff17, 0xff37, 0xff37, 0xff38, 0xff38, 0xff38, 0xff38, 0xff38, 0xff37, 0xff37, 0xff37, 
	0xff18, 0xee34, 0xb820, 0xb000, 0xb800, 0xb800, 0xb820, 0xb800, 0xb800, 0xb800, 0xb800, 0xb820, 0xb800, 0xb800, 0xb800, 0xb800, 
	0xb820, 0xb820, 0xb820, 0xb820, 0xb820, 0xb820, 0xb820, 0xb820, 0xb040, 0xb861, 0xb820, 0xb820, 0xb040, 0xb861, 0xee34, 0xff18, 
	0xff37, 0xff37, 0xf717, 0xe695, 0xe695, 0xe695, 0xe695, 0xf6d6, 0xff37, 0xff37, 0xff37, 0xff38, 0xd1e6, 0xa040, 0xb820, 0xb820, 
	0xb861, 0xb861, 0xb820, 0xb820, 0xb040, 0xb861, 0xb840, 0xb820, 0xb820, 0xb000, 0xd510, 0xff18, 0xf737, 0xf737, 0xff37, 0xee95, 
	0xe695, 0xe695, 0xe695, 0xeeb6, 0xff37, 0xff37, 0xff37, 0xff78, 0xf34b, 0x9060, 0xb820, 0xb820, 0xb841, 0xb861, 0xb820, 0xb820, 
	0xb020, 0xb861, 0xb861, 0xb840, 0xb820, 0xb000, 0xbb8b, 0xfef8, 0xf737, 0xf737, 0xff38, 0xeeb6, 0xe695, 0xe695, 0xe695, 0xee96, 
	0xff17, 0xff37, 0xf737, 0xff78, 0xfcb0, 0x88a0, 0xb820, 0xb820, 0xb841, 0xb881, 0xb840, 0xb840, 0xb840, 0xb840, 0xb861, 0xb840, 
	0xb820, 0xb800, 0xa246, 0xfe97, 0xf737, 0xf737, 0xff38, 0xf6d6, 0xe695, 0xe695, 0xe695, 0xe695, 0xf717, 0xff37, 0xf737, 0xff58, 
	0xfdd4, 0x9142, 0xb800, 0xc020, 0xb840, 0xb861, 0xb840, 0xb840, 0xb820, 0xb820, 0xb820, 0xb820, 0xc020, 0xb800, 0x9142, 0xfdd4, 
	0xff58, 0xf737, 0xff37, 0xf6f7, 0xe695, 0xe695, 0xe695, 0xe695, 0xf6d6, 0xff38, 0xf737, 0xf737, 0xfe97, 0xa246, 0xb800, 0xb820, 
	0xb840, 0xb861, 0xb840, 0xb840, 0xb820, 0xb820, 0xb861, 0xb841, 0xb820, 0xb820, 0x88a0, 0xfc90, 0xff78, 0xf737, 0xff37, 0xff17, 
	0xee95, 0xe695, 0xe695, 0xe695, 0xeeb6, 0xff38, 0xf737, 0xf737, 0xfef8, 0xbbab, 0xb000, 0xb820, 0xb840, 0xb861, 0xb861, 0xb020, 
	0xb820, 0xb820, 0xb861, 0xb841, 0xb820, 0xb820, 0x9060, 0xf32b, 0xff78, 0xff37, 0xff37, 0xff37, 0xeeb6, 0xe695, 0xe695, 0xe695, 
	0xee95, 0xff17, 0xf737, 0xf737, 0xff18, 0xd510, 0xb000, 0xb820, 0xb820, 0xb840, 0xb861, 0xb040, 0xb820, 0xb820, 0xb861, 0xb861, 
	0xb820, 0xb820, 0xa040, 0xd1e6, 0xff38, 0xff37, 0xff37, 0xff37, 0xf6d6, 0xe695, 0xe695, 0xe695, 0xe695, 0xf717, 0xff37, 0xff37, 
	0xff18, 0xee34, 0xb861, 0xb040, 0xb820, 0xb820, 0xb861, 0xb840, 0xb820, 0xb820, 0xb840, 0xb861, 0xb820, 0xb820, 0xb820, 0xb820, 
	0xb820, 0xb820, 0xb820, 0xb820, 0xb820, 0xb820, 0xb820, 0xb820, 0xb820, 0xb861, 0xb820, 0xb820, 0xb020, 0xb861, 0xee34, 0xff18, 
	0xff37, 0xff58, 0xd615, 0x4183, 0x3965, 0x3985, 0x3142, 0x942e, 0xff78, 0xff37, 0xff37, 0xff38, 0xd1e6, 0xa040, 0xb820, 0xb800, 
	0xb861, 0xb841, 0xb820, 0xb820, 0xb820, 0xb861, 0xb820, 0xb820, 0xb820, 0xb000, 0xd510, 0xff18, 0xf737, 0xff57, 0xeef8, 0x5a25, 
	0x3964, 0x3985, 0x3143, 0x6aea, 0xff58, 0xff37, 0xff37, 0xff78, 0xf32b, 0x9040, 0xb800, 0xb800, 0xb840, 0xb861, 0xb820, 0xb820, 
	0xb020, 0xb861, 0xb841, 0xb820, 0xb820, 0xb000, 0xb38a, 0xfef8, 0xf737, 0xf737, 0xff59, 0x7b49, 0x3144, 0x3985, 0x3964, 0x4a06, 
	0xeed6, 0xff38, 0xf737, 0xff78, 0xfc90, 0x8880, 0xb800, 0xb800, 0xb040, 0xb861, 0xb820, 0xb820, 0xb820, 0xb840, 0xb840, 0xb820, 
	0xb800, 0xb800, 0x9a46, 0xfe97, 0xf737, 0xf737, 0xff79, 0xa48e, 0x3144, 0x3985, 0x3984, 0x3964, 0xcdd3, 0xff59, 0xf737, 0xff58, 
	0xfdd4, 0x9142, 0xb800, 0xc000, 0xb820, 0xb841, 0xb820, 0xb820, 0xb820, 0xb820, 0xb820, 0xb820, 0xb800, 0xb800, 0x9142, 0xfdd4, 
	0xff58, 0xf737, 0xff59, 0xcdd3, 0x3964, 0x3984, 0x3985, 0x3144, 0xa48e, 0xff79, 0xf737, 0xf737, 0xfe97, 0x9a46, 0xb800, 0xb800, 
	0xb820, 0xb840, 0xb840, 0xb820, 0xb820, 0xb820, 0xb861, 0xb820, 0xb800, 0xb800, 0x8880, 0xfc90, 0xff78, 0xf737, 0xff38, 0xeed6, 
	0x4a06, 0x3964, 0x3985, 0x3144, 0x7b49, 0xff59, 0xf737, 0xf737, 0xfef8, 0xb3ab, 0xb000, 0xb820, 0xb820, 0xb841, 0xb861, 0xb020, 
	0xb820, 0xb820, 0xb861, 0xb840, 0xb800, 0xb800, 0x9040, 0xf32b, 0xff78, 0xff37, 0xff37, 0xff58, 0x6aea, 0x3143, 0x3985, 0x3964, 
	0x5a25, 0xeef8, 0xff57, 0xf737, 0xff18, 0xd510, 0xb000, 0xb820, 0xb820, 0xb820, 0xb861, 0xb820, 0xb820, 0xb820, 0xb840, 0xb841, 
	0xb800, 0xb820, 0xa020, 0xd1c6, 0xff38, 0xff37, 0xff37, 0xff78, 0x944e, 0x3142, 0x3985, 0x3965, 0x4183, 0xd615, 0xff58, 0xff37, 
	0xff18, 0xee34, 0xb861, 0xb020, 0xb820, 0xb820, 0xb841, 0xb820, 0xb820, 0xb820, 0xb840, 0xb841, 0xb820, 0xb820, 0xb820, 0xb820, 
	0xb800, 0xb800, 0xb800, 0xb800, 0xb800, 0xb800, 0xb800, 0xb800, 0xb800, 0xb820, 0xb800, 0xb800, 0xb000, 0xb020, 0xee34, 0xff18, 
	0xff37, 0xff58, 0xd615, 0x3122, 0x2903, 0x2923, 0x28c1, 0x8bee, 0xff79, 0xff17, 0xff17, 0xff38, 0xd1a6, 0xa000, 0xb800, 0xb800, 
	0xb820, 0xb820, 0xb800, 0xb800, 0xb000, 0xb820, 0xb800, 0xb800, 0xb800, 0xb000, 0xd4f0, 0xff18, 0xff37, 0xff57, 0xeef8, 0x49e4, 
	0x28e3, 0x2923, 0x28e2, 0x62a9, 0xff38, 0xff37, 0xff37, 0xff78, 0xf30b, 0x9020, 0xb800, 0xb800, 0xb800, 0xb820, 0xb800, 0xb800, 
	0xb000, 0xb820, 0xb800, 0xb000, 0xb800, 0xb000, 0xb36a, 0xfef8, 0xf737, 0xf737, 0xff59, 0x7308, 0x20c2, 0x2923, 0x2902, 0x41a5, 
	0xeeb6, 0xff38, 0xf737, 0xff78, 0xfc90, 0x8860, 0xb800, 0xb800, 0xb000, 0xb841, 0xb800, 0xb800, 0xb000, 0xb800, 0xb800, 0xb000, 
	0xb800, 0xb800, 0x9a25, 0xfe77, 0xff37, 0xf737, 0xff79, 0x9c4d, 0x20c2, 0x3103, 0x2903, 0x2903, 0xcdb2, 0xff59, 0xf737, 0xff58, 
	0xfdb4, 0x8901, 0xb800, 0xb800, 0xb000, 0xb800, 0xb800, 0xb800, 0xb800, 0xb800, 0xb800, 0xb800, 0xb800, 0xb800, 0x8901, 0xfdb4, 
	0xff58, 0xf737, 0xff59, 0xcdb2, 0x2903, 0x2903, 0x3103, 0x20c2, 0x9c4d, 0xff79, 0xf737, 0xff37, 0xfe97, 0x9a25, 0xb800, 0xb800, 
	0xb000, 0xb800, 0xb800, 0xb000, 0xb800, 0xb800, 0xb820, 0xb000, 0xb800, 0xb800, 0x8860, 0xfc90, 0xff78, 0xf737, 0xff38, 0xeeb6, 
	0x41a5, 0x2902, 0x2923, 0x20e2, 0x7308, 0xff59, 0xf737, 0xf737, 0xfef8, 0xbb8a, 0xb000, 0xb800, 0xb000, 0xb800, 0xb820, 0xb000, 
	0xb800, 0xb800, 0xb820, 0xb800, 0xb800, 0xb800, 0x9020, 0xf30b, 0xff78, 0xff37, 0xff17, 0xff38, 0x62a9, 0x28c2, 0x2923, 0x28e3, 
	0x49c4, 0xeef8, 0xff57, 0xff37, 0xff18, 0xd510, 0xb000, 0xb800, 0xb800, 0xb800, 0xb820, 0xb000, 0xb800, 0xb800, 0xb820, 0xb820, 
	0xb800, 0xb800, 0xa000, 0xd1c6, 0xff38, 0xff17, 0xff17, 0xff79, 0x940e, 0x28c1, 0x2923, 0x2903, 0x3122, 0xd615, 0xff58, 0xff37, 
	0xff18, 0xee34, 0xb820, 0xb000, 0xb800, 0xb800, 0xb820, 0xb800, 0xb800, 0xb800, 0xb800, 0xb820, 0xb800, 0xb800, 0xb800, 0xb800, 
	0xb800, 0xb800, 0xb800, 0xb800, 0xb800, 0xb800, 0xb800, 0xb800, 0xb000, 0xb820, 0xb800, 0xb800, 0xb000, 0xb820, 0xee34, 0xff18, 
	0xff37, 0xff58, 0xd615, 0x3122, 0x2923, 0x3123, 0x28e1, 0x8c0e, 0xff78, 0xff17, 0xff17, 0xff38, 0xd1c6, 0xa000, 0xb800, 0xb800, 
	0xb820, 0xb820, 0xb800, 0xb800, 0xb000, 0xb820, 0xb800, 0xb800, 0xb800, 0xb000, 0xd4f0, 0xff18, 0xff37, 0xff57, 0xeef8, 0x49e4, 
	0x2903, 0x3123, 0x28e2, 0x62a9, 0xff38, 0xff37, 0xff37, 0xff78, 0xf32b, 0x9020, 0xb800, 0xb800, 0xb800, 0xb820, 0xb800, 0xb800, 
	0xb000, 0xb840, 0xb820, 0xb800, 0xb800, 0xb000, 0xb36a, 0xfef8, 0xf737, 0xf737, 0xff59, 0x7308, 0x28e2, 0x3123, 0x2903, 0x41a5, 
	0xeeb6, 0xff38, 0xf737, 0xff78, 0xfc90, 0x8860, 0xb800, 0xb800, 0xb800, 0xb841, 0xb800, 0xb800, 0xb800, 0xb800, 0xb820, 0xb800, 
	0xb800, 0xb800, 0x9a25, 0xfe77, 0xff37, 0xf737, 0xff79, 0xa46d, 0x28e2, 0x3123, 0x3123, 0x2903, 0xcdb2, 0xff59, 0xf737, 0xff58, 
	0xfdb4, 0x8922, 0xb800, 0xb800, 0xb800, 0xb820, 0xb800, 0xb800, 0xb800, 0xb800, 0xb800, 0xb800, 0xb800, 0xb800, 0x8922, 0xfdb4, 
	0xff58, 0xf737, 0xff59, 0xcdb2, 0x2903, 0x3123, 0x3123, 0x28e2, 0x9c4d, 0xff79, 0xf737, 0xff37, 0xfe97, 0x9a25, 0xb800, 0xb800, 
	0xb800, 0xb820, 0xb800, 0xb800, 0xb800, 0xb800, 0xb820, 0xb800, 0xb800, 0xb800, 0x8860, 0xfc90, 0xff78, 0xf737, 0xff38, 0xeeb6, 
	0x41a5, 0x2903, 0x3123, 0x28e2, 0x7308, 0xff59, 0xf737, 0xf737, 0xfef8, 0xb38a, 0xb000, 0xb800, 0xb800, 0xb820, 0xb840, 0xb000, 
	0xb800, 0xb800, 0xb820, 0xb800, 0xb800, 0xb800, 0x9020, 0xf30b, 0xff78, 0xff37, 0xff17, 0xff38, 0x62a9, 0x28e2, 0x3123, 0x2903, 
	0x49e4, 0xeef8, 0xff57, 0xff37, 0xff18, 0xd510, 0xb000, 0xb800, 0xb800, 0xb800, 0xb840, 0xb000, 0xb800, 0xb800, 0xb820, 0xb820, 
	0xb800, 0xb800, 0xa000, 0xd1c6, 0xff38, 0xff17, 0xff17, 0xff78, 0x940e, 0x28e1, 0x3123, 0x2923, 0x3122, 0xd615, 0xff58, 0xff37, 
	0xff18, 0xee34, 0xb820, 0xb000, 0xb800, 0xb800, 0xb820, 0xb800, 0xb800, 0xb800, 0xb800, 0xb820, 0xb800, 0xb800, 0xb800, 0xb800, 
	0xb000, 0xb000, 0xb000, 0xb000, 0xb000, 0xb800, 0xb800, 0xb800, 0xb800, 0xb800, 0xb000, 0xb000, 0xa800, 0xb000, 0xee14, 0xff18, 
	0xff37, 0xff58, 0xd615, 0x3122, 0x2923, 0x3123, 0x28e1, 0x8c0e, 0xff78, 0xff17, 0xff17, 0xff38, 0xd185, 0x9800, 0xb800, 0xb800, 
	0xb000, 0xb800, 0xb800, 0xb800, 0xb000, 0xb800, 0xb000, 0xb000, 0xb000, 0xa800, 0xd4ef, 0xff18, 0xff37, 0xff57, 0xeef8, 0x49e4, 
	0x2903, 0x3123, 0x28e2, 0x62a9, 0xff38, 0xff37, 0xff37, 0xff78, 0xf30a, 0x8800, 0xb800, 0xb800, 0xb000, 0xb820, 0xb800, 0xb800, 
	0xb000, 0xb820, 0xb800, 0xb000, 0xb800, 0xb000, 0xb34a, 0xfef8, 0xf737, 0xf737, 0xff59, 0x7308, 0x28e2, 0x3123, 0x2903, 0x41a5, 
	0xeeb6, 0xff38, 0xf737, 0xff78, 0xfc6f, 0x8820, 0xb800, 0xb800, 0xb000, 0xb820, 0xb800, 0xb800, 0xb000, 0xb800, 0xb800, 0xb000, 
	0xb800, 0xb000, 0x99e5, 0xfe77, 0xf737, 0xf737, 0xff79, 0x9c4d, 0x28e2, 0x3123, 0x3123, 0x2903, 0xcdb2, 0xff59, 0xf737, 0xff58, 
	0xfdb4, 0x88c1, 0xb800, 0xb800, 0xb000, 0xb800, 0xb800, 0xb800, 0xb800, 0xb800, 0xb800, 0xb000, 0xb800, 0xb800, 0x88c1, 0xfdb4, 
	0xff58, 0xf737, 0xff59, 0xcdb2, 0x2903, 0x3123, 0x3123, 0x28e2, 0x9c4d, 0xff79, 0xf737, 0xf737, 0xfe97, 0x99e5, 0xb000, 0xb800, 
	0xb000, 0xb800, 0xb800, 0xb000, 0xb800, 0xb800, 0xb800, 0xb000, 0xb800, 0xb800, 0x8820, 0xfc4f, 0xff78, 0xf737, 0xff38, 0xeeb6, 
	0x41a5, 0x2903, 0x3123, 0x28e2, 0x7308, 0xff59, 0xf737, 0xf737, 0xfef8, 0xb36a, 0xb000, 0xb800, 0xb000, 0xb800, 0xb820, 0xb000, 
	0xb800, 0xb800, 0xb820, 0xb000, 0xb800, 0xb800, 0x8800, 0xf2ea, 0xff78, 0xff37, 0xff17, 0xff38, 0x62a9, 0x28e2, 0x3123, 0x2903, 
	0x49e4, 0xeef8, 0xff57, 0xff37, 0xff18, 0xd4ef, 0xa800, 0xb000, 0xb000, 0xb000, 0xb820, 0xb000, 0xb800, 0xb800, 0xb800, 0xb000, 
	0xb800, 0xb800, 0x9800, 0xd185, 0xff58, 0xff17, 0xff17, 0xff78, 0x940e, 0x28e1, 0x3123, 0x2923, 0x3122, 0xd615, 0xff58, 0xff37, 
	0xff18, 0xee14, 0xb000, 0xa800, 0xb000, 0xb000, 0xb800, 0xb800, 0xb800, 0xb800, 0xb800, 0xb800, 0xb000, 0xb000, 0xb000, 0xb000, 
	0xd288, 0xd288, 0xcaa8, 0xd2a9, 0xd1c6, 0xa860, 0xb820, 0xb820, 0xa840, 0xd1a5, 0xd2a9, 0xd288, 0xcaa8, 0xd2a9, 0xf675, 0xff18, 
	0xff37, 0xff58, 0xd615, 0x3963, 0x3144, 0x3144, 0x3102, 0x940e, 0xff78, 0xff37, 0xff37, 0xff38, 0xe3ac, 0xc2a8, 0xd288, 0xd288, 
	0xda48, 0xa8a2, 0xb820, 0xb820, 0xa840, 0xc924, 0xd2a9, 0xd288, 0xd288, 0xca68, 0xe5d2, 0xff18, 0xff37, 0xff37, 0xeef8, 0x5205, 
	0x3124, 0x3144, 0x3103, 0x62c9, 0xff58, 0xff38, 0xff37, 0xff58, 0xf4af, 0xbaa8, 0xd288, 0xd288, 0xda68, 0xb103, 0xb820, 0xb820, 
	0xb040, 0xc0c2, 0xd2a8, 0xd288, 0xd288, 0xca67, 0xcccf, 0xff18, 0xff37, 0xff37, 0xff59, 0x7b29, 0x2903, 0x3144, 0x3143, 0x49e6, 
	0xeed6, 0xff38, 0xff37, 0xff58, 0xfd73, 0xb2e8, 0xd288, 0xd288, 0xda88, 0xb985, 0xb820, 0xb840, 0xb040, 0xb861, 0xca68, 0xd288, 
	0xd288, 0xca68, 0xbc0c, 0xfed7, 0xff37, 0xff37, 0xff79, 0xa46e, 0x2903, 0x3144, 0x3144, 0x3144, 0xcdd2, 0xff59, 0xf737, 0xff58, 
	0xfe55, 0xb349, 0xd288, 0xd288, 0xda88, 0xc1e6, 0xb820, 0xb840, 0xb840, 0xb820, 0xc1e6, 0xda88, 0xd288, 0xd288, 0xb349, 0xfe55, 
	0xff58, 0xf737, 0xff59, 0xcdd2, 0x3144, 0x3144, 0x3144, 0x2903, 0xa46d, 0xff79, 0xff37, 0xff37, 0xfed7, 0xbc0c, 0xca68, 0xd288, 
	0xd288, 0xca68, 0xb861, 0xb040, 0xb840, 0xb820, 0xb984, 0xda88, 0xd288, 0xd288, 0xb2e8, 0xfd73, 0xff58, 0xff37, 0xff38, 0xeeb6, 
	0x41c6, 0x3143, 0x3144, 0x2903, 0x7329, 0xff59, 0xff37, 0xff37, 0xff18, 0xd4cf, 0xca67, 0xd288, 0xd288, 0xd2a9, 0xc0c2, 0xb040, 
	0xb820, 0xb820, 0xb103, 0xda68, 0xd288, 0xd288, 0xbaa8, 0xf48f, 0xff58, 0xff37, 0xff38, 0xff58, 0x6ac9, 0x3103, 0x3144, 0x3124, 
	0x5205, 0xeef8, 0xff37, 0xff37, 0xff18, 0xe5d2, 0xca68, 0xd288, 0xd288, 0xd2a9, 0xc924, 0xa840, 0xb820, 0xb820, 0xa8a1, 0xda48, 
	0xd2a8, 0xd288, 0xc2a8, 0xe3ac, 0xff38, 0xff17, 0xff37, 0xff78, 0x942e, 0x3102, 0x3144, 0x3144, 0x3962, 0xd615, 0xff58, 0xff37, 
	0xff18, 0xf695, 0xd2c9, 0xcaa8, 0xd288, 0xd2a9, 0xd1a5, 0xa840, 0xb820, 0xb820, 0xa860, 0xd9e6, 0xd2a9, 0xcaa8, 0xd288, 0xd288, 
	0xff78, 0xff78, 0xff78, 0xffb9, 0xfcb0, 0x8860, 0xc000, 0xc000, 0x8840, 0xfc0e, 0xffd9, 0xff78, 0xff78, 0xff78, 0xff37, 0xff17, 
	0xff37, 0xff58, 0xd615, 0x3942, 0x3124, 0x3124, 0x28e1, 0x940e, 0xff78, 0xff17, 0xff17, 0xff17, 0xff78, 0xff78, 0xff78, 0xff99, 
	0xfdf5, 0x8922, 0xc000, 0xc000, 0x9820, 0xe268, 0xffb9, 0xff78, 0xff78, 0xff78, 0xff38, 0xff37, 0xff37, 0xff37, 0xeef8, 0x49e4, 
	0x2903, 0x3124, 0x2902, 0x62a9, 0xff38, 0xff37, 0xff17, 0xff17, 0xff58, 0xff78, 0xff78, 0xff98, 0xfed8, 0x9a46, 0xb800, 0xc000, 
	0xa020, 0xc944, 0xff58, 0xff78, 0xff78, 0xff78, 0xff58, 0xff37, 0xff37, 0xff37, 0xff59, 0x7308, 0x28e3, 0x3124, 0x2903, 0x41c5, 
	0xeeb6, 0xff38, 0xff17, 0xff17, 0xff38, 0xff78, 0xff78, 0xff78, 0xff39, 0xbbab, 0xb000, 0xb800, 0xb000, 0xb840, 0xee75, 0xff79, 
	0xff78, 0xff78, 0xff58, 0xff37, 0xff37, 0xff37, 0xff79, 0xa46d, 0x28e2, 0x3124, 0x3123, 0x3123, 0xcdb2, 0xff59, 0xff37, 0xff37, 
	0xff37, 0xff78, 0xff98, 0xff78, 0xff59, 0xd510, 0xb000, 0xb800, 0xb800, 0xb000, 0xd510, 0xff59, 0xff78, 0xff98, 0xff78, 0xff37, 
	0xff37, 0xff37, 0xff59, 0xcdb2, 0x3123, 0x3123, 0x3124, 0x28e2, 0x9c4d, 0xff79, 0xff37, 0xff37, 0xff37, 0xff58, 0xff78, 0xff78, 
	0xff79, 0xee75, 0xb840, 0xb000, 0xb800, 0xb000, 0xb3ab, 0xff39, 0xff78, 0xff78, 0xff78, 0xff38, 0xff17, 0xff17, 0xff38, 0xeeb6, 
	0x41a5, 0x3123, 0x3124, 0x28e3, 0x7308, 0xff59, 0xff37, 0xff37, 0xff37, 0xff58, 0xff78, 0xff78, 0xff78, 0xff58, 0xc944, 0xa020, 
	0xc000, 0xb800, 0x9a25, 0xfeb8, 0xff98, 0xff78, 0xff78, 0xff58, 0xff17, 0xff17, 0xff37, 0xff38, 0x62c9, 0x2902, 0x3124, 0x2903, 
	0x49e4, 0xeef8, 0xff37, 0xff37, 0xff37, 0xff38, 0xff78, 0xff78, 0xff78, 0xffb9, 0xe288, 0x9820, 0xc000, 0xc000, 0x8922, 0xfdf5, 
	0xff99, 0xff78, 0xff78, 0xff78, 0xff17, 0xff17, 0xff37, 0xff78, 0x940e, 0x28e1, 0x3124, 0x3124, 0x3942, 0xd615, 0xff58, 0xff37, 
	0xff17, 0xff37, 0xff78, 0xff78, 0xff78, 0xffd9, 0xfc0e, 0x8840, 0xc000, 0xc000, 0x8880, 0xfcd1, 0xffb9, 0xff78, 0xff78, 0xff78, 
	0xff17, 0xff17, 0xf737, 0xff78, 0xfc90, 0x8860, 0xc000, 0xc000, 0x8840, 0xfbcd, 0xff78, 0xf737, 0xff17, 0xff17, 0xff17, 0xff17, 
	0xff37, 0xff58, 0xd615, 0x3122, 0x2923, 0x3123, 0x28e1, 0x8c0e, 0xff78, 0xff17, 0xff17, 0xff17, 0xff17, 0xff17, 0xf737, 0xff58, 
	0xfdd4, 0x8922, 0xc000, 0xc000, 0x9800, 0xe248, 0xff58, 0xff17, 0xff37, 0xff37, 0xff17, 0xff17, 0xff37, 0xff37, 0xeef8, 0x49e4, 
	0x2903, 0x3123, 0x28e2, 0x62a9, 0xff38, 0xff37, 0xff17, 0xff17, 0xff17, 0xff17, 0xf737, 0xf737, 0xfe97, 0x9a25, 0xb800, 0xc000, 
	0xa000, 0xc923, 0xfef7, 0xff17, 0xff37, 0xff37, 0xff17, 0xff17, 0xff37, 0xff37, 0xff59, 0x7308, 0x28e2, 0x3123, 0x2903, 0x41a5, 
	0xeeb6, 0xff38, 0xff17, 0xff17, 0xff17, 0xff17, 0xf737, 0xf737, 0xfef8, 0xbb8b, 0xb000, 0xb800, 0xb000, 0xb840, 0xee34, 0xff18, 
	0xff37, 0xff37, 0xff17, 0xff17, 0xff37, 0xff37, 0xff79, 0xa46d, 0x28e2, 0x3123, 0x3123, 0x2903, 0xcdb2, 0xff59, 0xff17, 0xff17, 
	0xff37, 0xff37, 0xff37, 0xff37, 0xff18, 0xd4ef, 0xb000, 0xb800, 0xb800, 0xb000, 0xd4ef, 0xff18, 0xff37, 0xff37, 0xff17, 0xff17, 
	0xff17, 0xff17, 0xff59, 0xcdb2, 0x2903, 0x3123, 0x3123, 0x28e2, 0x9c4d, 0xff79, 0xff37, 0xff37, 0xff17, 0xff17, 0xff37, 0xff37, 
	0xff18, 0xee34, 0xb840, 0xb000, 0xb800, 0xb000, 0xb38a, 0xfef8, 0xf737, 0xf737, 0xff17, 0xff17, 0xff17, 0xff17, 0xff38, 0xeeb6, 
	0x41a5, 0x2903, 0x3123, 0x28e2, 0x7308, 0xff59, 0xff37, 0xff37, 0xff17, 0xff17, 0xff37, 0xff37, 0xff17, 0xff17, 0xc923, 0xa000, 
	0xc000, 0xb800, 0x9a05, 0xfe77, 0xf737, 0xf737, 0xff17, 0xff37, 0xff17, 0xff17, 0xff17, 0xff38, 0x62a9, 0x28e2, 0x3123, 0x2903, 
	0x49e4, 0xeef8, 0xff37, 0xff37, 0xff17, 0xff17, 0xff17, 0xff17, 0xff17, 0xff58, 0xe268, 0x9800, 0xc000, 0xc000, 0x8922, 0xfdb4, 
	0xff58, 0xf737, 0xff17, 0xff17, 0xff17, 0xff17, 0xff17, 0xff78, 0x940e, 0x28e1, 0x3123, 0x2923, 0x3122, 0xd615, 0xff58, 0xff37, 
	0xff17, 0xff17, 0xff17, 0xff17, 0xf737, 0xff78, 0xfbcd, 0x9040, 0xc000, 0xc000, 0x8860, 0xfc90, 0xff78, 0xf737, 0xff17, 0xff17, 
	0xff17, 0xff17, 0xf737, 0xff78, 0xfc70, 0x8860, 0xc000, 0xc000, 0x8840, 0xfbcd, 0xff78, 0xf737, 0xff17, 0xff17, 0xff17, 0xff17, 
	0xff37, 0xff58, 0xd615, 0x3122, 0x2923, 0x3123, 0x28e1, 0x8c0e, 0xff79, 0xff17, 0xff17, 0xff17, 0xff17, 0xff17, 0xf737, 0xff58, 
	0xfdd4, 0x8922, 0xc000, 0xc000, 0x9800, 0xe248, 0xff58, 0xff17, 0xff17, 0xff17, 0xff17, 0xff17, 0xff37, 0xff37, 0xeef8, 0x49e4, 
	0x2903, 0x3123, 0x28e2, 0x62a9, 0xff38, 0xff37, 0xff17, 0xff17, 0xff17, 0xff17, 0xf737, 0xf737, 0xfe97, 0x9a25, 0xb800, 0xc000, 
	0xa000, 0xc923, 0xfef7, 0xff17, 0xff37, 0xff37, 0xff17, 0xff17, 0xff37, 0xff37, 0xff59, 0x7308, 0x28e2, 0x3123, 0x2903, 0x41a5, 
	0xeeb6, 0xff38, 0xff17, 0xff17, 0xff17, 0xff17, 0xf737, 0xf737, 0xfef8, 0xbb8b, 0xb000, 0xb800, 0xb000, 0xb840, 0xee34, 0xff18, 
	0xff37, 0xff37, 0xff17, 0xff17, 0xff37, 0xff37, 0xff79, 0xa46d, 0x28e2, 0x3123, 0x3123, 0x2903, 0xcdb2, 0xff59, 0xff17, 0xff17, 
	0xff17, 0xff17, 0xff37, 0xff37, 0xff18, 0xd4ef, 0xb000, 0xb800, 0xb800, 0xb000, 0xd4ef, 0xff18, 0xff37, 0xff37, 0xff17, 0xff17, 
	0xff17, 0xff17, 0xff59, 0xcdb2, 0x2903, 0x3123, 0x3123, 0x28e2, 0x9c4d, 0xff79, 0xff37, 0xff37, 0xff17, 0xff17, 0xff37, 0xff37, 
	0xff18, 0xee34, 0xb840, 0xb000, 0xb800, 0xb000, 0xb38a, 0xfef8, 0xf737, 0xf737, 0xff17, 0xff17, 0xff17, 0xff17, 0xff38, 0xeeb6, 
	0x41a5, 0x2903, 0x3123, 0x28e2, 0x7308, 0xff59, 0xff37, 0xff37, 0xff17, 0xff17, 0xff37, 0xff37, 0xff17, 0xfef7, 0xc923, 0xa000, 
	0xc000, 0xb800, 0x9a05, 0xfe77, 0xf737, 0xf737, 0xff17, 0xff37, 0xff17, 0xff17, 0xff37, 0xff38, 0x62a9, 0x28e2, 0x3123, 0x2903, 
	0x49e4, 0xeef8, 0xff37, 0xff37, 0xff17, 0xff17, 0xff17, 0xff17, 0xff17, 0xff58, 0xe268, 0x9800, 0xc000, 0xc000, 0x8922, 0xfdb4, 
	0xff58, 0xf737, 0xff17, 0xff17, 0xff17, 0xff17, 0xff17, 0xff78, 0x940e, 0x28e1, 0x3123, 0x2923, 0x3122, 0xd615, 0xff58, 0xff37, 
	0xff17, 0xff17, 0xff17, 0xff17, 0xf737, 0xff78, 0xfbcd, 0x9040, 0xc000, 0xc000, 0x8860, 0xfc90, 0xff78, 0xf737, 0xff17, 0xff17, 
	0xff17, 0xff17, 0xf737, 0xff78, 0xfc90, 0x8860, 0xc000, 0xc000, 0x8840, 0xfbed, 0xff78, 0xf737, 0xff17, 0xff17, 0xff58, 0xff78, 
	0xff78, 0xff99, 0xde56, 0x3942, 0x3123, 0x3124, 0x28e1, 0x942e, 0xffb9, 0xff78, 0xff78, 0xff78, 0xff38, 0xff17, 0xf737, 0xff58, 
	0xfdd4, 0x8922, 0xc000, 0xc000, 0x9820, 0xe248, 0xff58, 0xff17, 0xff17, 0xff17, 0xff58, 0xff78, 0xff78, 0xff78, 0xf739, 0x51e4, 
	0x2903, 0x3124, 0x2902, 0x62c9, 0xff79, 0xff78, 0xff78, 0xff78, 0xff38, 0xff17, 0xf737, 0xf737, 0xfe97, 0x9a26, 0xb800, 0xc000, 
	0xa000, 0xc924, 0xfef7, 0xff17, 0xff37, 0xff37, 0xff38, 0xff78, 0xff78, 0xff78, 0xff9a, 0x7b29, 0x28e3, 0x3124, 0x3123, 0x41c5, 
	0xf6f7, 0xff79, 0xff78, 0xff78, 0xff58, 0xff17, 0xf737, 0xf737, 0xfef8, 0xbb8b, 0xb000, 0xb800, 0xb000, 0xb840, 0xee34, 0xff18, 
	0xff37, 0xff37, 0xff38, 0xff58, 0xff78, 0xff78, 0xffba, 0xa48e, 0x28e2, 0x3124, 0x3123, 0x3123, 0xd5f3, 0xff9a, 0xff78, 0xff78, 
	0xff58, 0xff17, 0xff37, 0xff37, 0xff18, 0xd4ef, 0xb000, 0xb800, 0xb800, 0xb000, 0xd4ef, 0xff18, 0xff37, 0xff37, 0xff17, 0xff58, 
	0xff78, 0xff78, 0xff9a, 0xd5f3, 0x3123, 0x3123, 0x3124, 0x28e2, 0xa46e, 0xffba, 0xff78, 0xff78, 0xff58, 0xff38, 0xff37, 0xff37, 
	0xff18, 0xee34, 0xb840, 0xb000, 0xb800, 0xb000, 0xb38a, 0xfef8, 0xf737, 0xf737, 0xff17, 0xff58, 0xff78, 0xff78, 0xff79, 0xf6f7, 
	0x41c5, 0x3123, 0x3124, 0x28e3, 0x7329, 0xff9a, 0xff78, 0xff78, 0xff78, 0xff38, 0xff37, 0xff37, 0xff17, 0xff17, 0xc924, 0xa000, 
	0xc000, 0xb800, 0x9a25, 0xfe77, 0xf737, 0xf737, 0xff17, 0xff38, 0xff78, 0xff78, 0xff78, 0xff99, 0x62c9, 0x2902, 0x3124, 0x2903, 
	0x51e4, 0xf739, 0xff78, 0xff78, 0xff78, 0xff58, 0xff17, 0xff17, 0xff17, 0xff58, 0xe268, 0x9820, 0xc000, 0xc000, 0x8922, 0xfdb4, 
	0xff58, 0xf737, 0xff17, 0xff38, 0xff78, 0xff78, 0xff78, 0xffb9, 0x942e, 0x28e1, 0x3124, 0x3124, 0x3942, 0xde56, 0xff99, 0xff78, 
	0xff78, 0xff58, 0xff17, 0xff17, 0xf737, 0xff78, 0xfbcd, 0x8840, 0xc000, 0xc000, 0x8860, 0xfc90, 0xff78, 0xf737, 0xff17, 0xff17, 
	0xff17, 0xff17, 0xf737, 0xff78, 0xfcb0, 0x88c1, 0xc021, 0xc021, 0x90a0, 0xfc0e, 0xff78, 0xf737, 0xff38, 0xff17, 0x940d, 0x7b4a, 
	0x7b6b, 0x7b8b, 0x732b, 0x3964, 0x3164, 0x3964, 0x3144, 0x5a68, 0x838b, 0x7b6b, 0x7b6b, 0x7b6b, 0xde34, 0xff58, 0xf737, 0xff58, 
	0xfdd5, 0x9163, 0xc020, 0xc021, 0x9860, 0xe289, 0xff78, 0xff37, 0xff37, 0xff58, 0xacd0, 0x7b4a, 0x7b6b, 0x7b6b, 0x7b6b, 0x41c5, 
	0x3164, 0x3964, 0x3144, 0x4a07, 0x7b8b, 0x7b6b, 0x7b6b, 0x734a, 0xc571, 0xff59, 0xf737, 0xf737, 0xfe97, 0xa266, 0xb800, 0xc041, 
	0xa861, 0xc965, 0xff17, 0xff38, 0xff37, 0xff58, 0xc5b3, 0x7b4a, 0x7b6b, 0x7b6b, 0x7b8c, 0x5227, 0x3144, 0x3964, 0x3164, 0x41a5, 
	0x7b6b, 0x7b6b, 0x7b6b, 0x734a, 0xa48e, 0xff59, 0xff37, 0xf737, 0xfef8, 0xbbcb, 0xb000, 0xb841, 0xb061, 0xb881, 0xee34, 0xff18, 
	0xff37, 0xff58, 0xde76, 0x7b6a, 0x7b6b, 0x7b6b, 0x7b8c, 0x6288, 0x3144, 0x3964, 0x3164, 0x3164, 0x6b09, 0x7b6b, 0x7b6b, 0x7b4b, 
	0x8beb, 0xf718, 0xff38, 0xff37, 0xff18, 0xd510, 0xb020, 0xb841, 0xb841, 0xb020, 0xd510, 0xff18, 0xff37, 0xff38, 0xf718, 0x8bec, 
	0x7b4b, 0x7b6b, 0x7b6b, 0x6b09, 0x3164, 0x3164, 0x3964, 0x3144, 0x5a88, 0x7b8c, 0x7b6b, 0x7b6b, 0x7b6a, 0xde76, 0xff58, 0xff37, 
	0xff18, 0xee34, 0xb881, 0xb061, 0xb841, 0xb000, 0xbbab, 0xfef8, 0xf737, 0xff37, 0xff59, 0xa48e, 0x734a, 0x7b6b, 0x7b6b, 0x7b4b, 
	0x39a5, 0x3164, 0x3964, 0x3144, 0x5227, 0x7b8c, 0x7b6b, 0x7b6b, 0x7b4a, 0xc5b3, 0xff58, 0xff37, 0xff38, 0xff17, 0xc965, 0xa861, 
	0xc041, 0xb800, 0xa266, 0xfe97, 0xf737, 0xf737, 0xff59, 0xc571, 0x734a, 0x7b6b, 0x7b6b, 0x7b8b, 0x4a07, 0x3144, 0x3964, 0x3164, 
	0x41c5, 0x7b6b, 0x7b6b, 0x7b6b, 0x7b4a, 0xacd0, 0xff58, 0xff37, 0xff37, 0xff78, 0xe2a9, 0x9860, 0xc021, 0xc020, 0x9163, 0xfdd4, 
	0xff58, 0xf737, 0xff58, 0xde54, 0x7b6b, 0x7b6b, 0x7b6b, 0x838b, 0x5a68, 0x3144, 0x3964, 0x3164, 0x3964, 0x732b, 0x7b8b, 0x7b6b, 
	0x7b4a, 0x940d, 0xff17, 0xff38, 0xf737, 0xff78, 0xfc0e, 0x90a0, 0xc021, 0xc021, 0x90c1, 0xfcb0, 0xff78, 0xf737, 0xff37, 0xff37, 
	0xff17, 0xff17, 0xf737, 0xff78, 0xfc70, 0x8860, 0xc000, 0xc000, 0x8820, 0xfbcd, 0xff78, 0xf737, 0xff38, 0xf717, 0x49e6, 0x20a1, 
	0x28e2, 0x28c2, 0x2923, 0x3144, 0x3123, 0x3123, 0x3123, 0x3123, 0x28e2, 0x28e2, 0x28e2, 0x20c2, 0xc592, 0xff59, 0xf737, 0xff58, 
	0xfdd4, 0x8922, 0xc000, 0xc000, 0x9800, 0xe248, 0xff58, 0xff17, 0xff17, 0xff78, 0x734b, 0x20a0, 0x20e2, 0x20e2, 0x2903, 0x3144, 
	0x3123, 0x3123, 0x3123, 0x3144, 0x28e3, 0x28e2, 0x20e2, 0x18a1, 0x9c4d, 0xff7a, 0xf737, 0xff37, 0xfe97, 0x9a25, 0xb800, 0xc000, 
	0xa000, 0xc923, 0xfef7, 0xff17, 0xff37, 0xff78, 0xa4b0, 0x20a0, 0x20e3, 0x20e3, 0x28e2, 0x3144, 0x3123, 0x3123, 0x3123, 0x3144, 
	0x2903, 0x28e2, 0x20e3, 0x18a2, 0x6ac7, 0xff59, 0xf737, 0xf737, 0xfef8, 0xbb8a, 0xb000, 0xb800, 0xb000, 0xb820, 0xee34, 0xff18, 
	0xff37, 0xff58, 0xcdf5, 0x28e1, 0x20e2, 0x20e3, 0x20e2, 0x3124, 0x3123, 0x3123, 0x3123, 0x3123, 0x2903, 0x28e2, 0x20e3, 0x20c2, 
	0x41a3, 0xeef8, 0xff57, 0xff37, 0xff18, 0xd4ef, 0xb000, 0xb800, 0xb800, 0xb000, 0xd4ef, 0xff18, 0xff37, 0xff57, 0xeed8, 0x41a4, 
	0x20c2, 0x20e3, 0x28e2, 0x2903, 0x3123, 0x3123, 0x3123, 0x3123, 0x3123, 0x28e2, 0x20e3, 0x20e2, 0x28e1, 0xcdf5, 0xff58, 0xff37, 
	0xff18, 0xee34, 0xb820, 0xb000, 0xb800, 0xb000, 0xb38a, 0xfef8, 0xf737, 0xf737, 0xff59, 0x6ae8, 0x18a2, 0x20e3, 0x28e2, 0x2903, 
	0x3144, 0x3123, 0x3123, 0x3123, 0x3144, 0x28e2, 0x20e3, 0x20e3, 0x20a0, 0xa490, 0xff78, 0xff37, 0xff17, 0xfef7, 0xc923, 0xa000, 
	0xc000, 0xb800, 0x9a05, 0xfe77, 0xff37, 0xf737, 0xff79, 0x9c4d, 0x2081, 0x28e2, 0x28e2, 0x28e3, 0x3144, 0x3123, 0x3123, 0x3123, 
	0x3144, 0x2903, 0x20e2, 0x20e2, 0x20a0, 0x732b, 0xff78, 0xff17, 0xff17, 0xff58, 0xe268, 0x9800, 0xc000, 0xc000, 0x8922, 0xfdb4, 
	0xff58, 0xf737, 0xff59, 0xcdb2, 0x20c2, 0x28e2, 0x28e2, 0x28e2, 0x3123, 0x3123, 0x3123, 0x3123, 0x3144, 0x2923, 0x28e2, 0x28e2, 
	0x20c1, 0x49e6, 0xf717, 0xff38, 0xf737, 0xff78, 0xfbcd, 0x8820, 0xc000, 0xc000, 0x8860, 0xfc90, 0xff78, 0xf737, 0xff17, 0xff17, 
	0xff17, 0xff17, 0xf737, 0xff78, 0xfc70, 0x8860, 0xc000, 0xc000, 0x8840, 0xfbcd, 0xff78, 0xf737, 0xff38, 0xf717, 0x5227, 0x2902, 
	0x3123, 0x3123, 0x3144, 0x3144, 0x3123, 0x3123, 0x3123, 0x3144, 0x3123, 0x3123, 0x3123, 0x2903, 0xcdb2, 0xff59, 0xf737, 0xff58, 
	0xfdd4, 0x8922, 0xc000, 0xc000, 0x9800, 0xe248, 0xff58, 0xff17, 0xff17, 0xff58, 0x7b6b, 0x28e1, 0x3123, 0x3123, 0x3144, 0x3144, 
	0x3123, 0x3123, 0x3123, 0x3964, 0x3144, 0x3123, 0x3123, 0x28e2, 0xa46d, 0xff79, 0xf737, 0xff37, 0xfe97, 0x9a25, 0xb800, 0xc000, 
	0xa000, 0xc923, 0xfef7, 0xff17, 0xff37, 0xff78, 0xa4d0, 0x28e1, 0x3123, 0x3123, 0x3123, 0x3964, 0x3123, 0x3123, 0x3123, 0x3144, 
	0x3144, 0x3123, 0x3123, 0x28e2, 0x7308, 0xff59, 0xf737, 0xf737, 0xfef8, 0xbb8b, 0xb000, 0xb800, 0xb000, 0xb840, 0xee34, 0xff18, 
	0xff37, 0xff58, 0xd615, 0x3122, 0x3123, 0x3123, 0x3123, 0x3144, 0x3123, 0x3123, 0x3123, 0x3123, 0x3144, 0x3123, 0x3123, 0x2903, 
	0x49e4, 0xeef8, 0xff57, 0xff37, 0xff18, 0xd4ef, 0xb000, 0xb800, 0xb800, 0xb000, 0xd4ef, 0xff18, 0xff37, 0xff57, 0xeef8, 0x49e4, 
	0x2903, 0x3123, 0x3123, 0x3144, 0x3123, 0x3123, 0x3123, 0x3123, 0x3144, 0x3123, 0x3123, 0x3123, 0x3122, 0xd615, 0xff58, 0xff37, 
	0xff18, 0xee34, 0xb840, 0xb000, 0xb800, 0xb000, 0xb38a, 0xfef8, 0xf737, 0xf737, 0xff59, 0x7308, 0x28e2, 0x3123, 0x3123, 0x3144, 
	0x3144, 0x3123, 0x3123, 0x3123, 0x3964, 0x3123, 0x3123, 0x3123, 0x28e1, 0xa4b0, 0xff78, 0xff37, 0xff17, 0xfef7, 0xc923, 0xa000, 
	0xc000, 0xb800, 0x9a05, 0xfe77, 0xff37, 0xf737, 0xff79, 0xa46d, 0x28e2, 0x3123, 0x3123, 0x3144, 0x3964, 0x3123, 0x3123, 0x3123, 
	0x3144, 0x3144, 0x3123, 0x3123, 0x28e1, 0x7b6b, 0xff58, 0xff17, 0xff17, 0xff58, 0xe268, 0x9800, 0xc000, 0xc000, 0x8922, 0xfdb4, 
	0xff58, 0xf737, 0xff59, 0xcdb2, 0x2903, 0x3123, 0x3123, 0x3123, 0x3144, 0x3123, 0x3123, 0x3123, 0x3144, 0x3144, 0x3123, 0x3123, 
	0x2902, 0x5227, 0xf717, 0xff38, 0xf737, 0xff78, 0xfbcd, 0x9040, 0xc000, 0xc000, 0x8860, 0xfc90, 0xff78, 0xf737, 0xff17, 0xff17, 
	0xff17, 0xff17, 0xf737, 0xff78, 0xfc70, 0x8860, 0xc000, 0xc000, 0x9040, 0xfbcd, 0xff78, 0xf737, 0xff38, 0xff17, 0x5207, 0x2902, 
	0x3123, 0x3123, 0x3144, 0x3144, 0x3123, 0x3123, 0x3123, 0x3144, 0x3123, 0x3123, 0x3123, 0x2903, 0xcdb2, 0xff59, 0xf737, 0xff58, 
	0xfdd4, 0x8922, 0xc000, 0xc000, 0x9800, 0xe248, 0xff58, 0xff17, 0xff17, 0xff58, 0x7b6b, 0x28e1, 0x3123, 0x3123, 0x3144, 0x3144, 
	0x3123, 0x3123, 0x3123, 0x3144, 0x3123, 0x3123, 0x3123, 0x28e2, 0xa46d, 0xff79, 0xf737, 0xff37, 0xfe97, 0x9a25, 0xb800, 0xc000, 
	0xa000, 0xc923, 0xfef7, 0xff17, 0xff37, 0xff78, 0xa4d0, 0x28e1, 0x3123, 0x3123, 0x3123, 0x3964, 0x3123, 0x3123, 0x3123, 0x3144, 
	0x3144, 0x3123, 0x3123, 0x28e2, 0x7308, 0xff59, 0xf737, 0xf737, 0xfef8, 0xbb8b, 0xb000, 0xb800, 0xb000, 0xb820, 0xee34, 0xff18, 
	0xff37, 0xff58, 0xd615, 0x3122, 0x3123, 0x3123, 0x3123, 0x3144, 0x3123, 0x3123, 0x3123, 0x3123, 0x3144, 0x3123, 0x3123, 0x2903, 
	0x49e4, 0xeef8, 0xff57, 0xff37, 0xff18, 0xd4ef, 0xb000, 0xb800, 0xb800, 0xb000, 0xd4ef, 0xff18, 0xff37, 0xff57, 0xeef8, 0x49e4, 
	0x2903, 0x3123, 0x3123, 0x3144, 0x3123, 0x3123, 0x3123, 0x3123, 0x3144, 0x3123, 0x3123, 0x3123, 0x3122, 0xd615, 0xff58, 0xff37, 
	0xff18, 0xee34, 0xb820, 0xb000, 0xb800, 0xb000, 0xb38a, 0xfef8, 0xf737, 0xf737, 0xff59, 0x7308, 0x28e2, 0x3123, 0x3123, 0x3144, 
	0x3144, 0x3123, 0x3123, 0x3123, 0x3964, 0x3123, 0x3123, 0x3123, 0x28e1, 0xa4b0, 0xff78, 0xff37, 0xff17, 0xfef7, 0xc923, 0xa000, 
	0xc000, 0xb800, 0x9a05, 0xfe77, 0xff37, 0xf737, 0xff79, 0xa46d, 0x28e2, 0x3123, 0x3123, 0x3144, 0x3964, 0x3123, 0x3123, 0x3123, 
	0x3144, 0x3144, 0x3123, 0x3123, 0x28e1, 0x7b6b, 0xff58, 0xff17, 0xff17, 0xff58, 0xe268, 0x9800, 0xc000, 0xc000, 0x8922, 0xfdb4, 
	0xff58, 0xf737, 0xff59, 0xcdb2, 0x2903, 0x3123, 0x3123, 0x3123, 0x3144, 0x3123, 0x3123, 0x3123, 0x3144, 0x3144, 0x3123, 0x3123, 
	0x2902, 0x5227, 0xf717, 0xff38, 0xf737, 0xff78, 0xfbcd, 0x9040, 0xc000, 0xc000, 0x8860, 0xfc90, 0xff78, 0xf737, 0xff17, 0xff17, 
	0xff17, 0xff17, 0xf737, 0xff78, 0xfc90, 0x8880, 0xc000, 0xc000, 0x9060, 0xfbee, 0xff78, 0xf737, 0xff38, 0xf717, 0x5227, 0x3103, 
	0x3144, 0x3144, 0x3164, 0x3164, 0x3144, 0x3144, 0x3144, 0x3964, 0x3144, 0x3144, 0x3144, 0x3123, 0xcdb2, 0xff59, 0xf737, 0xff58, 
	0xfdd4, 0x9142, 0xc000, 0xc000, 0x9840, 0xe268, 0xff58, 0xff17, 0xff37, 0xff78, 0x7b6c, 0x2902, 0x3144, 0x3124, 0x3164, 0x3164, 
	0x3144, 0x3144, 0x3144, 0x3964, 0x3144, 0x3144, 0x3144, 0x28e3, 0xa46e, 0xff79, 0xf737, 0xff37, 0xfe97, 0x9a46, 0xb800, 0xc000, 
	0xa820, 0xc944, 0xfef7, 0xff17, 0xff37, 0xff78, 0xacd1, 0x2901, 0x3144, 0x3144, 0x3144, 0x3964, 0x3144, 0x3144, 0x3144, 0x3964, 
	0x3964, 0x3144, 0x3144, 0x2903, 0x7308, 0xff59, 0xf737, 0xf737, 0xfef8, 0xbbab, 0xb000, 0xb800, 0xb020, 0xb861, 0xee34, 0xff18, 
	0xff37, 0xff58, 0xd615, 0x3942, 0x3124, 0x3144, 0x3144, 0x3964, 0x3144, 0x3144, 0x3144, 0x3144, 0x3144, 0x3144, 0x3144, 0x3123, 
	0x5205, 0xeef8, 0xff38, 0xff37, 0xff18, 0xd4f0, 0xb000, 0xb820, 0xb820, 0xb000, 0xd4f0, 0xff18, 0xff37, 0xff38, 0xeef8, 0x5205, 
	0x3123, 0x3144, 0x3144, 0x3144, 0x3144, 0x3144, 0x3144, 0x3144, 0x3964, 0x3144, 0x3144, 0x3124, 0x3942, 0xd615, 0xff58, 0xff37, 
	0xff18, 0xee34, 0xb861, 0xb020, 0xb800, 0xb000, 0xbb8b, 0xfef8, 0xf737, 0xf737, 0xff59, 0x7329, 0x2903, 0x3144, 0x3144, 0x3964, 
	0x3964, 0x3144, 0x3144, 0x3144, 0x3964, 0x3144, 0x3144, 0x3144, 0x2901, 0xa4d0, 0xff78, 0xff37, 0xff17, 0xff17, 0xc944, 0xa820, 
	0xc000, 0xb800, 0x9a26, 0xfe77, 0xff37, 0xf737, 0xff79, 0xa46e, 0x2903, 0x3144, 0x3144, 0x3144, 0x3964, 0x3144, 0x3144, 0x3144, 
	0x3164, 0x3164, 0x3124, 0x3144, 0x2902, 0x7b6c, 0xff78, 0xff37, 0xff17, 0xff58, 0xe288, 0x9840, 0xc000, 0xc000, 0x9142, 0xfdd4, 
	0xff58, 0xf737, 0xff59, 0xcdb2, 0x3123, 0x3144, 0x3144, 0x3144, 0x3964, 0x3144, 0x3144, 0x3144, 0x3164, 0x3164, 0x3144, 0x3144, 
	0x3103, 0x5227, 0xff17, 0xff38, 0xf737, 0xff78, 0xfbed, 0x9060, 0xc000, 0xc000, 0x8880, 0xfc90, 0xff78, 0xf737, 0xff17, 0xff17, 
	0xff37, 0xff37, 0xf737, 0xff78, 0xfc90, 0x8880, 0xc000, 0xc000, 0x9060, 0xfbee, 0xff78, 0xf737, 0xff38, 0xf717, 0x5247, 0x3123, 
	0x3144, 0x3144, 0x3964, 0x3164, 0x3144, 0x3144, 0x3144, 0x3964, 0x3144, 0x3144, 0x3144, 0x3123, 0xcdb2, 0xff59, 0xf737, 0xff58, 
	0xfdd4, 0x9142, 0xc000, 0xc000, 0x9840, 0xe268, 0xff58, 0xff37, 0xff37, 0xff78, 0x7b8c, 0x2902, 0x3144, 0x3144, 0x3164, 0x3164, 
	0x3144, 0x3144, 0x3144, 0x3984, 0x3164, 0x3144, 0x3144, 0x2903, 0xa48e, 0xff79, 0xf737, 0xf737, 0xfe97, 0x9a46, 0xb800, 0xc000, 
	0xa840, 0xc944, 0xff17, 0xff17, 0xff37, 0xff78, 0xacd1, 0x3102, 0x3144, 0x3144, 0x3164, 0x3985, 0x3144, 0x3144, 0x3144, 0x3964, 
	0x3964, 0x3144, 0x3144, 0x2903, 0x7329, 0xff59, 0xf737, 0xf737, 0xfef8, 0xbbab, 0xb000, 0xb800, 0xb040, 0xb861, 0xee34, 0xff18, 
	0xff37, 0xff78, 0xd615, 0x3942, 0x3144, 0x3144, 0x3144, 0x3984, 0x3144, 0x3144, 0x3144, 0x3164, 0x3164, 0x3144, 0x3144, 0x3123, 
	0x5205, 0xeef8, 0xff57, 0xff37, 0xff18, 0xd4f0, 0xb000, 0xb820, 0xb820, 0xb000, 0xd4f0, 0xff18, 0xff37, 0xff57, 0xeef8, 0x5205, 
	0x3123, 0x3144, 0x3144, 0x3164, 0x3164, 0x3144, 0x3144, 0x3144, 0x3164, 0x3144, 0x3144, 0x3144, 0x3942, 0xd615, 0xff78, 0xff37, 
	0xff18, 0xee34, 0xb861, 0xb040, 0xb800, 0xb000, 0xb38b, 0xfef8, 0xf737, 0xf737, 0xff59, 0x7b29, 0x2903, 0x3144, 0x3144, 0x3164, 
	0x3164, 0x3144, 0x3144, 0x3144, 0x3985, 0x3164, 0x3144, 0x3144, 0x3102, 0xa4d0, 0xff78, 0xff37, 0xff17, 0xff17, 0xc944, 0xa840, 
	0xc000, 0xb800, 0x9a46, 0xfe97, 0xf737, 0xf737, 0xff79, 0xa48e, 0x2903, 0x3144, 0x3144, 0x3164, 0x3985, 0x3144, 0x3144, 0x3144, 
	0x3164, 0x3164, 0x3144, 0x3144, 0x2902, 0x7b6c, 0xff78, 0xff37, 0xff37, 0xff78, 0xe289, 0x9840, 0xc000, 0xc000, 0x9142, 0xfdd4, 
	0xff58, 0xf737, 0xff59, 0xcdd2, 0x3123, 0x3144, 0x3144, 0x3144, 0x3964, 0x3144, 0x3144, 0x3144, 0x3164, 0x3964, 0x3144, 0x3144, 
	0x3123, 0x5247, 0xff17, 0xff38, 0xf737, 0xff78, 0xfbee, 0x9060, 0xc000, 0xc000, 0x88a0, 0xfcb0, 0xff78, 0xf737, 0xff37, 0xff37, 
	0xff17, 0xff17, 0xf737, 0xff78, 0xfc70, 0x8860, 0xc000, 0xc000, 0x8820, 0xfbcd, 0xff78, 0xf737, 0xff38, 0xf717, 0x5207, 0x2902, 
	0x3123, 0x3123, 0x3144, 0x3144, 0x3123, 0x3123, 0x3123, 0x3144, 0x3123, 0x3123, 0x3123, 0x2903, 0xcdb2, 0xff59, 0xf737, 0xff58, 
	0xfdd4, 0x8922, 0xc000, 0xc000, 0x9800, 0xe248, 0xff58, 0xff17, 0xff17, 0xff58, 0x7b6b, 0x28e1, 0x3123, 0x3123, 0x3144, 0x3144, 
	0x3123, 0x3123, 0x3123, 0x3144, 0x3123, 0x3123, 0x3123, 0x28e2, 0xa46d, 0xff79, 0xf737, 0xff37, 0xfe97, 0x9a25, 0xb800, 0xc000, 
	0xa000, 0xc923, 0xfef7, 0xff17, 0xff37, 0xff78, 0xa4d0, 0x28e1, 0x3123, 0x3123, 0x3123, 0x3964, 0x3123, 0x3123, 0x3123, 0x3144, 
	0x3144, 0x3123, 0x3123, 0x28e2, 0x7308, 0xff59, 0xf737, 0xf737, 0xfef8, 0xbb8a, 0xb000, 0xb800, 0xb000, 0xb820, 0xee34, 0xff18, 
	0xff37, 0xff58, 0xd615, 0x3122, 0x3103, 0x3123, 0x3123, 0x3144, 0x3123, 0x3123, 0x3123, 0x3123, 0x3144, 0x3123, 0x3123, 0x2903, 
	0x49e4, 0xeef8, 0xff57, 0xff37, 0xff18, 0xd4ef, 0xb000, 0xb800, 0xb800, 0xb000, 0xd4ef, 0xff18, 0xff37, 0xff57, 0xeef8, 0x49e4, 
	0x2903, 0x3123, 0x3123, 0x3144, 0x3123, 0x3123, 0x3123, 0x3123, 0x3144, 0x3123, 0x3123, 0x3103, 0x3122, 0xd615, 0xff58, 0xff37, 
	0xff18, 0xee34, 0xb820, 0xb000, 0xb800, 0xb000, 0xb38a, 0xfef8, 0xf737, 0xf737, 0xff59, 0x7308, 0x28e2, 0x3123, 0x3123, 0x3144, 
	0x3144, 0x3123, 0x3123, 0x3123, 0x3964, 0x3123, 0x3123, 0x3123, 0x28e1, 0xa4b0, 0xff78, 0xff37, 0xff17, 0xfef7, 0xc923, 0xa000, 
	0xc000, 0xb800, 0x9a05, 0xfe77, 0xff37, 0xf737, 0xff79, 0xa46d, 0x28e2, 0x3123, 0x3123, 0x3144, 0x3964, 0x3123, 0x3123, 0x3123, 
	0x3144, 0x3144, 0x3123, 0x3123, 0x28e1, 0x7b6b, 0xff58, 0xff17, 0xff17, 0xff58, 0xe268, 0x9800, 0xc000, 0xc000, 0x8922, 0xfdb4, 
	0xff58, 0xf737, 0xff59, 0xcdb2, 0x2903, 0x3123, 0x3123, 0x3123, 0x3144, 0x3123, 0x3123, 0x3123, 0x3144, 0x3144, 0x3123, 0x3123, 
	0x28e2, 0x5227, 0xf717, 0xff38, 0xf737, 0xff78, 0xfbcd, 0x8820, 0xc000, 0xc000, 0x8860, 0xfc90, 0xff78, 0xf737, 0xff17, 0xff17, 
	0xff17, 0xff17, 0xf737, 0xff78, 0xfc70, 0x8860, 0xc000, 0xc000, 0x8840, 0xfbcd, 0xff78, 0xf737, 0xff38, 0xff17, 0x5227, 0x2902, 
	0x3123, 0x3123, 0x3144, 0x3144, 0x3123, 0x3123, 0x3123, 0x3144, 0x3123, 0x3123, 0x3123, 0x2903, 0xcdb2, 0xff59, 0xf737, 0xff58, 
	0xfdd4, 0x8922, 0xc000, 0xc000, 0x9800, 0xe248, 0xff58, 0xff17, 0xff17, 0xff58, 0x7b6b, 0x28e1, 0x3123, 0x3123, 0x3144, 0x3144, 
	0x3123, 0x3123, 0x3123, 0x3964, 0x3144, 0x3123, 0x3123, 0x28e2, 0xa46d, 0xff79, 0xf737, 0xff37, 0xfe97, 0x9a25, 0xb800, 0xc000, 
	0xa000, 0xc923, 0xfef7, 0xff17, 0xff37, 0xff78, 0xa4d0, 0x28e1, 0x3123, 0x3123, 0x3123, 0x3964, 0x3123, 0x3123, 0x3123, 0x3144, 
	0x3144, 0x3123, 0x3123, 0x28e2, 0x7308, 0xff59, 0xf737, 0xf737, 0xfef8, 0xbb8b, 0xb000, 0xb800, 0xb000, 0xb840, 0xee34, 0xff18, 
	0xff37, 0xff58, 0xd615, 0x3122, 0x3123, 0x3123, 0x3123, 0x3144, 0x3123, 0x3123, 0x3123, 0x3123, 0x3144, 0x3123, 0x3123, 0x2903, 
	0x49e4, 0xeef8, 0xff57, 0xff37, 0xff18, 0xd4ef, 0xb000, 0xb800, 0xb800, 0xb000, 0xd4ef, 0xff18, 0xff37, 0xff57, 0xeef8, 0x49e4, 
	0x2903, 0x3123, 0x3123, 0x3144, 0x3123, 0x3123, 0x3123, 0x3123, 0x3144, 0x3123, 0x3123, 0x3123, 0x3122, 0xd615, 0xff58, 0xff37, 
	0xff18, 0xee34, 0xb840, 0xb000, 0xb800, 0xb000, 0xb38a, 0xfef8, 0xf737, 0xf737, 0xff59, 0x7308, 0x28e2, 0x3123, 0x3123, 0x3144, 
	0x3144, 0x3123, 0x3123, 0x3123, 0x3964, 0x3123, 0x3123, 0x3123, 0x28e1, 0xa4b0, 0xff78, 0xff37, 0xff17, 0xfef7, 0xc923, 0xa000, 
	0xc000, 0xb800, 0x9a05, 0xfe77, 0xff37, 0xf737, 0xff79, 0xa46d, 0x28e2, 0x3123, 0x3123, 0x3144, 0x3964, 0x3123, 0x3123, 0x3123, 
	0x3144, 0x3144, 0x3123, 0x3123, 0x28e1, 0x7b6b, 0xff58, 0xff17, 0xff17, 0xff58, 0xe268, 0x9800, 0xc000, 0xc000, 0x8922, 0xfdb4, 
	0xff58, 0xf737, 0xff59, 0xcdb2, 0x2903, 0x3123, 0x3123, 0x3123, 0x3144, 0x3123, 0x3123, 0x3123, 0x3144, 0x3144, 0x3123, 0x3123, 
	0x2902, 0x5227, 0xf717, 0xff38, 0xf737, 0xff78, 0xfbcd, 0x9040, 0xc000, 0xc000, 0x8860, 0xfc90, 0xff78, 0xf737, 0xff17, 0xff17, 
	0xff17, 0xff17, 0xf737, 0xff78, 0xfc6f, 0x8020, 0xc000, 0xc000, 0x8800, 0xfbad, 0xff78, 0xf737, 0xff38, 0xf717, 0x5207, 0x28e2, 
	0x3123, 0x3123, 0x3144, 0x3144, 0x2923, 0x2923, 0x2923, 0x3144, 0x3123, 0x3123, 0x3123, 0x2903, 0xcdb2, 0xff59, 0xf737, 0xff58, 
	0xfdb4, 0x88e1, 0xb800, 0xc000, 0x9000, 0xe227, 0xff58, 0xff17, 0xff37, 0xff78, 0x7b6b, 0x28e1, 0x3123, 0x3123, 0x3144, 0x3144, 
	0x2923, 0x2923, 0x2923, 0x3164, 0x3123, 0x3123, 0x3123, 0x28e2, 0xa46d, 0xff79, 0xf737, 0xf737, 0xfe97, 0x9a05, 0xb800, 0xb800, 
	0xa000, 0xc8e3, 0xfef7, 0xff17, 0xff37, 0xff78, 0xa4d0, 0x28e1, 0x3123, 0x3123, 0x3124, 0x3144, 0x2923, 0x2923, 0x2923, 0x3144, 
	0x3144, 0x3123, 0x3123, 0x28e2, 0x7308, 0xff59, 0xf737, 0xf737, 0xfef8, 0xb36a, 0xb000, 0xb800, 0xb000, 0xb000, 0xee34, 0xff18, 
	0xff37, 0xff58, 0xd615, 0x3122, 0x3103, 0x3123, 0x2923, 0x3164, 0x2923, 0x2923, 0x2923, 0x2923, 0x3144, 0x3123, 0x3123, 0x2903, 
	0x49e4, 0xeef8, 0xff57, 0xff37, 0xff18, 0xd4cf, 0xb000, 0xb000, 0xb000, 0xb000, 0xd4cf, 0xff18, 0xff37, 0xff57, 0xeef8, 0x49e4, 
	0x2903, 0x3123, 0x3123, 0x3144, 0x2923, 0x2923, 0x2923, 0x2923, 0x3144, 0x2923, 0x3123, 0x3103, 0x3122, 0xd615, 0xff58, 0xff37, 
	0xff18, 0xee34, 0xb000, 0xb000, 0xb800, 0xb000, 0xb36a, 0xfef8, 0xf737, 0xf737, 0xff59, 0x7308, 0x28e2, 0x3123, 0x3123, 0x3144, 
	0x3144, 0x2923, 0x2923, 0x2923, 0x3164, 0x3124, 0x3123, 0x3123, 0x28e1, 0xa4b0, 0xff78, 0xff37, 0xff17, 0xfef7, 0xc8e3, 0xa000, 
	0xb800, 0xb800, 0x99e5, 0xfe77, 0xf737, 0xf737, 0xff79, 0xa46d, 0x28e2, 0x3123, 0x3123, 0x3144, 0x3164, 0x2923, 0x2923, 0x2923, 
	0x3144, 0x3144, 0x3123, 0x3123, 0x28e1, 0x7b6b, 0xff78, 0xff37, 0xff17, 0xff58, 0xe227, 0x9000, 0xc000, 0xb800, 0x88e1, 0xfdb4, 
	0xff58, 0xf737, 0xff59, 0xcdb2, 0x2903, 0x3123, 0x3123, 0x3123, 0x3144, 0x2923, 0x2923, 0x2923, 0x3144, 0x3144, 0x3123, 0x3123, 
	0x28e2, 0x5227, 0xf717, 0xff38, 0xf737, 0xff78, 0xfbad, 0x8800, 0xc000, 0xc000, 0x8820, 0xfc70, 0xff78, 0xf737, 0xff17, 0xff17, 
	0xff37, 0xff37, 0xf737, 0xff78, 0xfd32, 0xaa26, 0xd1c6, 0xd1c6, 0xaa05, 0xfcb0, 0xff58, 0xff37, 0xff38, 0xf717, 0x5248, 0x3123, 
	0x3164, 0x3144, 0x4944, 0x4964, 0x5923, 0x5923, 0x4924, 0x5144, 0x3164, 0x3164, 0x3144, 0x3144, 0xcdb2, 0xff59, 0xf737, 0xff58, 
	0xfe35, 0xaaa7, 0xc9a5, 0xd1c6, 0xb1e5, 0xeb8c, 0xff58, 0xff37, 0xff37, 0xff79, 0x7b8c, 0x3102, 0x3164, 0x3164, 0x4144, 0x4964, 
	0x5103, 0x5923, 0x5124, 0x5144, 0x3964, 0x3964, 0x3164, 0x2903, 0xa48e, 0xff7a, 0xf737, 0xff37, 0xfeb7, 0xb38a, 0xc9a5, 0xd1c6, 
	0xb9e6, 0xd2a9, 0xff17, 0xff17, 0xff37, 0xff78, 0xacd1, 0x3102, 0x3164, 0x3164, 0x4144, 0x4985, 0x5123, 0x5123, 0x5123, 0x5944, 
	0x3965, 0x3944, 0x3164, 0x2923, 0x7b29, 0xff59, 0xff37, 0xff37, 0xff18, 0xcc8e, 0xc1a5, 0xc9c6, 0xc1e6, 0xca06, 0xf675, 0xff18, 
	0xff37, 0xff58, 0xd615, 0x3962, 0x3144, 0x3164, 0x3944, 0x4185, 0x5123, 0x5123, 0x5123, 0x5124, 0x3964, 0x3944, 0x3164, 0x3144, 
	0x5205, 0xeef8, 0xff38, 0xff37, 0xff18, 0xdd91, 0xc1a5, 0xc9e6, 0xc9e6, 0xc1a5, 0xdd91, 0xff18, 0xff37, 0xff38, 0xeef8, 0x5205, 
	0x3144, 0x3164, 0x3944, 0x3964, 0x5124, 0x5123, 0x5123, 0x5123, 0x4164, 0x3944, 0x3164, 0x3144, 0x3962, 0xd615, 0xff58, 0xff37, 
	0xff18, 0xf675, 0xca06, 0xc1e6, 0xc9c6, 0xc1a5, 0xc46e, 0xff18, 0xff37, 0xff37, 0xff59, 0x7b29, 0x2923, 0x3164, 0x3944, 0x3964, 
	0x5144, 0x5123, 0x5123, 0x5123, 0x4985, 0x4144, 0x3164, 0x3164, 0x3102, 0xacd1, 0xff78, 0xff37, 0xff17, 0xff17, 0xd2c9, 0xb9e6, 
	0xd1c6, 0xc9a5, 0xb36a, 0xfeb7, 0xff37, 0xf737, 0xff7a, 0xa48e, 0x2903, 0x3164, 0x3964, 0x3964, 0x5144, 0x5124, 0x5923, 0x5103, 
	0x4964, 0x4144, 0x3164, 0x3164, 0x3102, 0x7b8c, 0xff78, 0xff37, 0xff37, 0xff58, 0xebac, 0xb1e5, 0xd1c6, 0xc9a5, 0xaaa7, 0xfe15, 
	0xff58, 0xf737, 0xff59, 0xcdd2, 0x3144, 0x3144, 0x3164, 0x3164, 0x5144, 0x4924, 0x5923, 0x5923, 0x4964, 0x4944, 0x3144, 0x3164, 
	0x3123, 0x5248, 0xff17, 0xff38, 0xff37, 0xff78, 0xfcb0, 0xaa05, 0xd1c6, 0xd1c6, 0xaa26, 0xfd32, 0xff58, 0xf737, 0xff37, 0xff37, 
	0xff17, 0xff17, 0xff17, 0xff17, 0xff37, 0xff58, 0xff58, 0xff58, 0xff58, 0xff38, 0xff17, 0xff17, 0xff38, 0xff17, 0x5227, 0x3102, 
	0x2944, 0x2944, 0x8081, 0x88e2, 0xc000, 0xc000, 0x9881, 0x9861, 0x3144, 0x3144, 0x3123, 0x3123, 0xcdb2, 0xff59, 0xff17, 0xff17, 
	0xff37, 0xff58, 0xff58, 0xff58, 0xff58, 0xff58, 0xff17, 0xff17, 0xff17, 0xff58, 0x7b6c, 0x28e2, 0x2944, 0x2944, 0x6881, 0x7903, 
	0xc000, 0xc000, 0xa841, 0xa861, 0x3144, 0x3124, 0x3144, 0x28e3, 0xa46e, 0xff79, 0xff37, 0xff37, 0xff37, 0xff38, 0xff58, 0xff58, 
	0xff58, 0xff58, 0xff17, 0xff17, 0xff17, 0xff78, 0xacd1, 0x28e1, 0x2944, 0x2944, 0x58a2, 0x6924, 0xc000, 0xc000, 0xb020, 0xb041, 
	0x4144, 0x3903, 0x3144, 0x2903, 0x7308, 0xff59, 0xff37, 0xff37, 0xff37, 0xff38, 0xff58, 0xff58, 0xff58, 0xff58, 0xff37, 0xff17, 
	0xff37, 0xff58, 0xd615, 0x3942, 0x2944, 0x2944, 0x50c2, 0x5944, 0xc000, 0xc000, 0xb800, 0xb820, 0x4924, 0x40e3, 0x3144, 0x2923, 
	0x51e4, 0xeef8, 0xff37, 0xff37, 0xff17, 0xff37, 0xff58, 0xff58, 0xff58, 0xff58, 0xff37, 0xff17, 0xff37, 0xff37, 0xeef8, 0x51e4, 
	0x2923, 0x3144, 0x40e3, 0x4923, 0xb820, 0xb800, 0xc000, 0xc000, 0x5924, 0x50c2, 0x2944, 0x2944, 0x3942, 0xd615, 0xff58, 0xff37, 
	0xff17, 0xff37, 0xff58, 0xff58, 0xff58, 0xff58, 0xff38, 0xff37, 0xff37, 0xff37, 0xff59, 0x7308, 0x2903, 0x3144, 0x3903, 0x4144, 
	0xb040, 0xb020, 0xc000, 0xc000, 0x6944, 0x58a2, 0x2944, 0x2944, 0x28e1, 0xa4d0, 0xff78, 0xff17, 0xff17, 0xff17, 0xff58, 0xff58, 
	0xff58, 0xff58, 0xff38, 0xff37, 0xff37, 0xff37, 0xff79, 0xa46e, 0x28e3, 0x3144, 0x3124, 0x3144, 0xa861, 0xa841, 0xc000, 0xc000, 
	0x7903, 0x6881, 0x2944, 0x2944, 0x28e2, 0x7b6c, 0xff58, 0xff17, 0xff17, 0xff17, 0xff58, 0xff58, 0xff58, 0xff58, 0xff58, 0xff37, 
	0xff17, 0xff17, 0xff59, 0xcdb2, 0x3123, 0x3123, 0x3144, 0x3144, 0x9861, 0x9881, 0xc000, 0xc000, 0x88c2, 0x8081, 0x2944, 0x2944, 
	0x3102, 0x5227, 0xff17, 0xff38, 0xff17, 0xff17, 0xff38, 0xff58, 0xff58, 0xff58, 0xff58, 0xff37, 0xff17, 0xff17, 0xff17, 0xff17, 
	0xff17, 0xff17, 0xff17, 0xff17, 0xff17, 0xff17, 0xff17, 0xff17, 0xff17, 0xff17, 0xff17, 0xff17, 0xff38, 0xff17, 0x5227, 0x2902, 
	0x2944, 0x2924, 0x7881, 0x80c2, 0xc000, 0xc000, 0x9861, 0x9841, 0x2923, 0x2923, 0x3123, 0x2903, 0xcdb2, 0xff59, 0xff17, 0xff17, 
	0xff37, 0xff37, 0xff17, 0xff17, 0xff17, 0xff17, 0xff17, 0xff17, 0xff17, 0xff58, 0x7b6b, 0x28e1, 0x2944, 0x2944, 0x6881, 0x78e3, 
	0xc000, 0xc000, 0xa040, 0xa841, 0x3123, 0x3123, 0x3123, 0x20e2, 0xa46d, 0xff79, 0xff37, 0xff37, 0xff37, 0xff37, 0xff17, 0xff17, 
	0xff37, 0xff37, 0xff17, 0xff17, 0xff37, 0xff78, 0xa4d0, 0x28e1, 0x2944, 0x2944, 0x58a1, 0x6923, 0xc000, 0xc000, 0xa820, 0xb040, 
	0x3923, 0x3903, 0x2923, 0x20e2, 0x7308, 0xff59, 0xff37, 0xff37, 0xff17, 0xff17, 0xff17, 0xff17, 0xff17, 0xff37, 0xff17, 0xff17, 
	0xff37, 0xff58, 0xd615, 0x3122, 0x2924, 0x2924, 0x48c2, 0x5923, 0xb800, 0xb800, 0xb800, 0xb800, 0x4923, 0x40e2, 0x2924, 0x2903, 
	0x49e4, 0xeef8, 0xff37, 0xff37, 0xff17, 0xff17, 0xff17, 0xff17, 0xff17, 0xff17, 0xff17, 0xff17, 0xff37, 0xff37, 0xeef8, 0x49e4, 
	0x2903, 0x2924, 0x40e2, 0x4923, 0xb800, 0xb000, 0xb800, 0xb800, 0x5903, 0x48c2, 0x2924, 0x2924, 0x3122, 0xd615, 0xff58, 0xff37, 
	0xff17, 0xff17, 0xff37, 0xff17, 0xff17, 0xff17, 0xff17, 0xff17, 0xff37, 0xff37, 0xff59, 0x7308, 0x20e2, 0x2923, 0x3903, 0x3923, 
	0xb040, 0xb020, 0xc000, 0xc000, 0x6924, 0x58a1, 0x2944, 0x2944, 0x28e1, 0xa4b0, 0xff78, 0xff37, 0xff17, 0xff17, 0xff37, 0xff37, 
	0xff17, 0xff17, 0xff37, 0xff37, 0xff37, 0xff37, 0xff79, 0xa46d, 0x20e2, 0x3123, 0x3123, 0x3124, 0xa861, 0xa040, 0xc000, 0xc000, 
	0x78e3, 0x6881, 0x2924, 0x2944, 0x28e1, 0x7b6b, 0xff58, 0xff17, 0xff17, 0xff17, 0xff37, 0xff17, 0xff17, 0xff17, 0xff37, 0xff37, 
	0xff17, 0xff17, 0xff59, 0xcdb2, 0x2903, 0x3123, 0x2923, 0x2923, 0x9041, 0x9861, 0xc000, 0xc000, 0x80c2, 0x7881, 0x2924, 0x2944, 
	0x2902, 0x5227, 0xf717, 0xff38, 0xff17, 0xff17, 0xff17, 0xff17, 0xff17, 0xff17, 0xff17, 0xff17, 0xff17, 0xff17, 0xff17, 0xff17, 
	0xff17, 0xff17, 0xff17, 0xff17, 0xff17, 0xff17, 0xff17, 0xff17, 0xff17, 0xff17, 0xff17, 0xff17, 0xff38, 0xff17, 0x5227, 0x2902, 
	0x2944, 0x2924, 0x7881, 0x80c2, 0xc000, 0xc000, 0x9861, 0x9841, 0x2923, 0x2923, 0x3123, 0x2903, 0xcdb2, 0xff59, 0xff17, 0xff17, 
	0xff17, 0xff17, 0xff17, 0xff17, 0xff17, 0xff17, 0xff17, 0xff17, 0xff17, 0xff58, 0x7b6b, 0x28e1, 0x2944, 0x2924, 0x6881, 0x78e3, 
	0xc000, 0xc000, 0xa040, 0xa841, 0x3124, 0x3123, 0x3123, 0x20e2, 0xa46d, 0xff79, 0xff37, 0xff37, 0xff17, 0xff17, 0xff17, 0xff17, 
	0xff17, 0xff17, 0xff17, 0xff17, 0xff37, 0xff78, 0xa4d0, 0x28e1, 0x2944, 0x2944, 0x58a1, 0x6923, 0xc000, 0xc000, 0xa820, 0xb040, 
	0x4144, 0x3903, 0x2923, 0x20e2, 0x7308, 0xff59, 0xff37, 0xff37, 0xff17, 0xff17, 0xff17, 0xff17, 0xff17, 0xff17, 0xff17, 0xff17, 
	0xff37, 0xff58, 0xd615, 0x3122, 0x2924, 0x2924, 0x48c2, 0x5924, 0xb800, 0xb800, 0xb000, 0xb800, 0x4923, 0x40e2, 0x2924, 0x2903, 
	0x49e4, 0xeef8, 0xff37, 0xff37, 0xff17, 0xff17, 0xff17, 0xff17, 0xff17, 0xff17, 0xff17, 0xff17, 0xff37, 0xff37, 0xeef8, 0x49e4, 
	0x2903, 0x2924, 0x40e2, 0x4923, 0xb800, 0xb000, 0xb800, 0xb800, 0x5923, 0x48c2, 0x2924, 0x2924, 0x3122, 0xd615, 0xff58, 0xff37, 
	0xff17, 0xff17, 0xff17, 0xff17, 0xff17, 0xff17, 0xff17, 0xff17, 0xff37, 0xff37, 0xff59, 0x7308, 0x20e2, 0x2923, 0x3903, 0x3923, 
	0xb040, 0xa820, 0xc000, 0xc000, 0x6924, 0x58a1, 0x2944, 0x2944, 0x28e1, 0xa4b0, 0xff78, 0xff17, 0xff17, 0xff17, 0xff17, 0xff17, 
	0xff17, 0xff17, 0xff17, 0xff17, 0xff37, 0xff37, 0xff79, 0xa46d, 0x20e2, 0x3123, 0x3123, 0x3124, 0xa061, 0xa040, 0xc000, 0xc000, 
	0x78e3, 0x6881, 0x2924, 0x2944, 0x28e1, 0x7b6b, 0xff58, 0xff17, 0xff17, 0xff17, 0xff17, 0xff17, 0xff17, 0xff17, 0xff17, 0xff17, 
	0xff17, 0xff17, 0xff59, 0xcdb2, 0x2903, 0x3123, 0x2923, 0x2923, 0x9841, 0x9861, 0xc000, 0xc000, 0x80c2, 0x7881, 0x2924, 0x2944, 
	0x2902, 0x5227, 0xf717, 0xff38, 0xff17, 0xff17, 0xff17, 0xff17, 0xff17, 0xff17, 0xff17, 0xff17, 0xff17, 0xff17, 0xff17, 0xff17, 
	0xff78, 0xff78, 0xff78, 0xff78, 0xff58, 0xff17, 0xff17, 0xff17, 0xff17, 0xff58, 0xff78, 0xff78, 0xff79, 0xff58, 0x5227, 0x2902, 
	0x2944, 0x2924, 0x7881, 0x88c2, 0xc000, 0xc000, 0x9861, 0x9841, 0x2923, 0x2923, 0x3123, 0x2903, 0xd5f3, 0xffba, 0xff78, 0xff78, 
	0xff58, 0xff37, 0xff17, 0xff17, 0xff17, 0xff38, 0xff78, 0xff78, 0xff78, 0xffb9, 0x7b8c, 0x28e1, 0x2944, 0x2944, 0x6881, 0x78e3, 
	0xc000, 0xc000, 0xa040, 0xa861, 0x3124, 0x3123, 0x3123, 0x20e2, 0xa48e, 0xffbb, 0xff78, 0xff78, 0xff78, 0xff37, 0xff17, 0xff17, 
	0xff17, 0xff38, 0xff78, 0xff78, 0xff78, 0xffb9, 0xacf1, 0x28e1, 0x2944, 0x2944, 0x58a1, 0x6923, 0xc000, 0xc000, 0xa820, 0xb041, 
	0x4144, 0x3903, 0x2923, 0x20e2, 0x7329, 0xffbb, 0xff78, 0xff78, 0xff78, 0xff58, 0xff17, 0xff17, 0xff17, 0xff17, 0xff78, 0xff78, 
	0xff78, 0xff99, 0xde56, 0x3122, 0x2924, 0x2944, 0x48c2, 0x5924, 0xb800, 0xb800, 0xb000, 0xb800, 0x4923, 0x40e2, 0x2924, 0x2903, 
	0x51e4, 0xf739, 0xff98, 0xff78, 0xff78, 0xff58, 0xff17, 0xff17, 0xff17, 0xff17, 0xff58, 0xff78, 0xff78, 0xff98, 0xf739, 0x51e4, 
	0x2903, 0x2924, 0x40e2, 0x4923, 0xb800, 0xb000, 0xb800, 0xb800, 0x5923, 0x48c2, 0x2924, 0x2924, 0x3122, 0xd636, 0xff99, 0xff78, 
	0xff78, 0xff78, 0xff17, 0xff17, 0xff17, 0xff17, 0xff58, 0xff78, 0xff78, 0xff78, 0xffbb, 0x7b29, 0x20e2, 0x2923, 0x3903, 0x3923, 
	0xb020, 0xa820, 0xc000, 0xc000, 0x6924, 0x58a1, 0x2944, 0x2944, 0x28e1, 0xacf1, 0xffb9, 0xff78, 0xff78, 0xff78, 0xff38, 0xff17, 
	0xff17, 0xff17, 0xff38, 0xff79, 0xff78, 0xff78, 0xffbb, 0xa48e, 0x20e2, 0x3123, 0x3123, 0x3124, 0xa061, 0xa040, 0xc000, 0xc000, 
	0x78e3, 0x6881, 0x2944, 0x2944, 0x28e1, 0x7b8c, 0xffb9, 0xff78, 0xff78, 0xff78, 0xff38, 0xff17, 0xff17, 0xff17, 0xff37, 0xff58, 
	0xff78, 0xff78, 0xffba, 0xd5f3, 0x2903, 0x3123, 0x2923, 0x2923, 0x9841, 0x9861, 0xc000, 0xc000, 0x80c2, 0x7881, 0x2924, 0x2944, 
	0x2902, 0x5227, 0xff58, 0xff79, 0xff78, 0xff78, 0xff58, 0xff17, 0xff17, 0xff17, 0xff17, 0xff58, 0xff78, 0xff78, 0xff78, 0xff78, 
	0x940d, 0x940d, 0x940d, 0x8bed, 0xb510, 0xff59, 0xff37, 0xff17, 0xff59, 0xc571, 0x8bed, 0x940d, 0x940d, 0x940d, 0x49e6, 0x3964, 
	0x3185, 0x3165, 0x80c2, 0x8903, 0xc020, 0xc021, 0x98c2, 0x98a2, 0x3164, 0x3164, 0x3964, 0x3164, 0x838b, 0x942e, 0x940d, 0x940d, 
	0xa46e, 0xf718, 0xff38, 0xff17, 0xff58, 0xde14, 0x93ed, 0x940d, 0x940d, 0x942e, 0x5a88, 0x3144, 0x3185, 0x3185, 0x68c2, 0x7944, 
	0xc041, 0xc041, 0xa8a2, 0xa8a2, 0x3964, 0x3964, 0x3964, 0x3144, 0x6b09, 0x944e, 0x940d, 0x940d, 0x940c, 0xe696, 0xff38, 0xff17, 
	0xff38, 0xeeb6, 0x942e, 0x940d, 0x940d, 0x9c2e, 0x730b, 0x3143, 0x3185, 0x3185, 0x60e3, 0x7165, 0xc041, 0xc041, 0xa881, 0xb0a2, 
	0x4185, 0x4144, 0x3164, 0x3144, 0x5a47, 0x942e, 0x940d, 0x940d, 0x93ec, 0xd5f4, 0xff58, 0xff17, 0xff38, 0xff17, 0xa48f, 0x940d, 
	0x940d, 0x942d, 0x83ac, 0x3964, 0x3165, 0x3185, 0x5103, 0x6164, 0xb861, 0xb841, 0xb861, 0xb861, 0x4964, 0x4923, 0x3164, 0x3164, 
	0x41c5, 0x8c0e, 0x940d, 0x940d, 0x8bec, 0xbd31, 0xff58, 0xff37, 0xff37, 0xff58, 0xb531, 0x8bec, 0x940d, 0x940d, 0x8c0e, 0x41c5, 
	0x3164, 0x3164, 0x4923, 0x4964, 0xb861, 0xb861, 0xb841, 0xb861, 0x5964, 0x5103, 0x3185, 0x3165, 0x3964, 0x83ac, 0x942d, 0x940d, 
	0x940d, 0xa48f, 0xff17, 0xff38, 0xff17, 0xff58, 0xd5f4, 0x93ec, 0x940d, 0x940d, 0x942e, 0x5a47, 0x3144, 0x3164, 0x4144, 0x4165, 
	0xb082, 0xa881, 0xc041, 0xc041, 0x7165, 0x60e3, 0x3185, 0x3185, 0x3143, 0x6b0a, 0x9c2e, 0x940d, 0x940d, 0x942d, 0xeeb6, 0xff38, 
	0xff17, 0xff38, 0xe696, 0x940c, 0x940d, 0x940d, 0x944e, 0x6b09, 0x3144, 0x3964, 0x3964, 0x3964, 0xa8a2, 0xa8a2, 0xc041, 0xc041, 
	0x8144, 0x70c2, 0x3185, 0x3185, 0x3144, 0x5a88, 0x942e, 0x940d, 0x940d, 0x93ed, 0xde14, 0xff58, 0xff17, 0xff37, 0xf718, 0xa46e, 
	0x940d, 0x940d, 0x942e, 0x838b, 0x3164, 0x3964, 0x3164, 0x3164, 0x98a2, 0x98c2, 0xc021, 0xc020, 0x8903, 0x80c2, 0x3165, 0x3185, 
	0x3144, 0x49e6, 0x940d, 0x940d, 0x940d, 0x8bed, 0xc571, 0xff59, 0xff17, 0xff37, 0xff59, 0xb510, 0x8bed, 0x940d, 0x940d, 0x940d, 
	0x28c2, 0x28c2, 0x20e2, 0x18a1, 0x6ac7, 0xff59, 0xff37, 0xff37, 0xff7a, 0x838a, 0x1881, 0x20e2, 0x20e2, 0x28e2, 0x3123, 0x3123, 
	0x2943, 0x2923, 0x7881, 0x80c2, 0xc000, 0xc000, 0x9861, 0x9841, 0x2923, 0x2923, 0x3123, 0x3123, 0x2903, 0x20e2, 0x20e2, 0x20c2, 
	0x41a3, 0xeef8, 0xff37, 0xff37, 0xff79, 0xb510, 0x20a1, 0x28c2, 0x20e2, 0x20e2, 0x3144, 0x3123, 0x2943, 0x2923, 0x6881, 0x78e3, 
	0xc000, 0xc000, 0xa040, 0xa841, 0x3123, 0x3123, 0x3123, 0x3123, 0x3144, 0x20e2, 0x20e2, 0x20c2, 0x28e1, 0xcdf5, 0xff58, 0xff37, 
	0xff58, 0xde54, 0x2903, 0x20c2, 0x20e2, 0x20e2, 0x3123, 0x3123, 0x2943, 0x2943, 0x58a1, 0x6923, 0xc000, 0xc000, 0xa820, 0xb040, 
	0x4144, 0x3903, 0x3123, 0x3123, 0x3124, 0x28e2, 0x20e2, 0x20e2, 0x2080, 0xa4b0, 0xff78, 0xff37, 0xff38, 0xf6f7, 0x49e6, 0x20a1, 
	0x20e2, 0x20e2, 0x2903, 0x3124, 0x2923, 0x2923, 0x48c2, 0x5923, 0xb800, 0xb800, 0xb000, 0xb800, 0x4923, 0x40e2, 0x2923, 0x2923, 
	0x3123, 0x28e2, 0x20e2, 0x20e2, 0x2080, 0x732b, 0xff78, 0xff17, 0xff17, 0xff58, 0x732a, 0x20a0, 0x20e2, 0x20e2, 0x28e2, 0x3123, 
	0x2923, 0x2923, 0x40e2, 0x4923, 0xb800, 0xb000, 0xb800, 0xb800, 0x5923, 0x48c2, 0x2923, 0x2923, 0x3124, 0x2903, 0x20e2, 0x20e2, 
	0x20a1, 0x49c6, 0xf6f7, 0xff38, 0xff37, 0xff78, 0xa4b0, 0x2080, 0x20e2, 0x20e2, 0x28e2, 0x3124, 0x3123, 0x3123, 0x3903, 0x3923, 
	0xb040, 0xa820, 0xc000, 0xc000, 0x6924, 0x58a1, 0x2943, 0x2943, 0x3123, 0x3123, 0x20e2, 0x20e2, 0x20c2, 0x2903, 0xde34, 0xff58, 
	0xff37, 0xff58, 0xcdf5, 0x28e1, 0x20c2, 0x20e2, 0x20e2, 0x3144, 0x3123, 0x3123, 0x3123, 0x3124, 0xa861, 0xa040, 0xc000, 0xc000, 
	0x78e3, 0x6881, 0x2923, 0x2943, 0x3123, 0x3144, 0x20e2, 0x20e2, 0x20e2, 0x18a1, 0xb510, 0xff79, 0xff37, 0xff37, 0xeed8, 0x41a4, 
	0x20c2, 0x20e2, 0x20e2, 0x2923, 0x3144, 0x3123, 0x2923, 0x2923, 0x9041, 0x9861, 0xc000, 0xc000, 0x80c2, 0x7881, 0x2923, 0x2943, 
	0x3123, 0x3144, 0x28e3, 0x20e2, 0x20e2, 0x1881, 0x838a, 0xff7a, 0xff37, 0xff37, 0xff59, 0x6ac7, 0x18a1, 0x20e2, 0x28c2, 0x28c2, 
	0x3123, 0x3123, 0x3123, 0x28e2, 0x72e8, 0xff59, 0xff37, 0xff37, 0xff79, 0x8bcb, 0x28e2, 0x3123, 0x3123, 0x3123, 0x3144, 0x3123, 
	0x2943, 0x2923, 0x7881, 0x80c2, 0xc000, 0xc000, 0x9861, 0x9841, 0x2923, 0x2923, 0x3123, 0x3123, 0x3144, 0x3123, 0x3123, 0x2903, 
	0x49e4, 0xeef8, 0xff37, 0xff37, 0xff79, 0xb510, 0x28e2, 0x3123, 0x3123, 0x3123, 0x3964, 0x3123, 0x2943, 0x2923, 0x6881, 0x78e3, 
	0xc000, 0xc000, 0xa040, 0xa841, 0x3124, 0x3123, 0x3123, 0x3123, 0x3964, 0x3123, 0x3123, 0x3123, 0x3122, 0xcdf5, 0xff58, 0xff37, 
	0xff58, 0xde54, 0x3144, 0x3123, 0x3123, 0x3123, 0x3964, 0x3123, 0x2943, 0x2943, 0x58a1, 0x6923, 0xc000, 0xc000, 0xa820, 0xb040, 
	0x4144, 0x3903, 0x3123, 0x3123, 0x3144, 0x3123, 0x3123, 0x3123, 0x28e1, 0xacd1, 0xff78, 0xff37, 0xff38, 0xf6f7, 0x5207, 0x2902, 
	0x3123, 0x3123, 0x3144, 0x3144, 0x2923, 0x2923, 0x48c2, 0x5924, 0xb800, 0xb800, 0xb000, 0xb800, 0x4923, 0x40e2, 0x2923, 0x2923, 
	0x3144, 0x3144, 0x3123, 0x3123, 0x28e1, 0x7b6b, 0xff58, 0xff17, 0xff17, 0xff58, 0x7b4b, 0x28e1, 0x3123, 0x3123, 0x3144, 0x3144, 
	0x2923, 0x2923, 0x40e2, 0x4923, 0xb800, 0xb000, 0xb800, 0xb800, 0x5923, 0x48c2, 0x2923, 0x2923, 0x3144, 0x3144, 0x3123, 0x3123, 
	0x2902, 0x5206, 0xf6f7, 0xff38, 0xff37, 0xff78, 0xa4d0, 0x28e1, 0x3123, 0x3123, 0x3123, 0x3144, 0x3123, 0x3123, 0x3903, 0x3923, 
	0xb040, 0xa820, 0xc000, 0xc000, 0x6924, 0x58a1, 0x2943, 0x2943, 0x3123, 0x3964, 0x3123, 0x3123, 0x3123, 0x3144, 0xde54, 0xff58, 
	0xff37, 0xff58, 0xd615, 0x3122, 0x3123, 0x3123, 0x3123, 0x3964, 0x3123, 0x3123, 0x3123, 0x3124, 0xa061, 0xa040, 0xc000, 0xc000, 
	0x78e3, 0x6881, 0x2923, 0x2943, 0x3123, 0x3964, 0x3123, 0x3123, 0x3123, 0x28e2, 0xb510, 0xff79, 0xff37, 0xff37, 0xeef8, 0x49e4, 
	0x2903, 0x3123, 0x3123, 0x3964, 0x3144, 0x3123, 0x2923, 0x2923, 0x9841, 0x9861, 0xc000, 0xc000, 0x80c2, 0x7881, 0x2923, 0x2943, 
	0x3123, 0x3144, 0x3144, 0x3123, 0x3123, 0x28e2, 0x8bcb, 0xff79, 0xff37, 0xff37, 0xff59, 0x72e8, 0x28e2, 0x3123, 0x3123, 0x3123, 
	0x3123, 0x3123, 0x3123, 0x28e2, 0x72e8, 0xff59, 0xff37, 0xff37, 0xff79, 0x8bcb, 0x28e2, 0x3123, 0x3123, 0x3123, 0x3144, 0x3123, 
	0x2943, 0x2943, 0x7881, 0x80c2, 0xc000, 0xc000, 0x9861, 0x9041, 0x2923, 0x2923, 0x3123, 0x3143, 0x3144, 0x3123, 0x3123, 0x2903, 
	0x49e4, 0xeef8, 0xff37, 0xff37, 0xff79, 0xb510, 0x28e2, 0x3123, 0x3123, 0x3123, 0x3164, 0x2923, 0x2943, 0x2943, 0x6881, 0x78e3, 
	0xc000, 0xc000, 0xa040, 0xa841, 0x3123, 0x3123, 0x3123, 0x3123, 0x3964, 0x3123, 0x3123, 0x3123, 0x3122, 0xcdf5, 0xff58, 0xff37, 
	0xff58, 0xde54, 0x3144, 0x3123, 0x3123, 0x3123, 0x3144, 0x3123, 0x2943, 0x2923, 0x58a1, 0x6923, 0xc000, 0xc000, 0xa820, 0xb040, 
	0x3943, 0x3903, 0x2943, 0x2923, 0x3144, 0x3123, 0x3123, 0x3123, 0x28e1, 0xacd1, 0xff78, 0xff37, 0xff38, 0xf6f7, 0x5206, 0x2902, 
	0x3123, 0x3123, 0x3144, 0x3123, 0x2923, 0x2923, 0x48c2, 0x5923, 0xb800, 0xb800, 0xb000, 0xb800, 0x4923, 0x40e2, 0x2923, 0x2923, 
	0x3144, 0x3123, 0x3123, 0x3123, 0x28e1, 0x7b6b, 0xff58, 0xff17, 0xff17, 0xff58, 0x7b4b, 0x28e1, 0x3123, 0x3123, 0x3144, 0x3144, 
	0x2923, 0x2923, 0x40e2, 0x4923, 0xb800, 0xb000, 0xb800, 0xb800, 0x5903, 0x48c2, 0x2923, 0x2923, 0x3123, 0x3144, 0x3123, 0x3123, 
	0x2902, 0x5206, 0xf6f7, 0xff38, 0xff37, 0xff78, 0xa4d0, 0x28e1, 0x3123, 0x3123, 0x3123, 0x3144, 0x2923, 0x2943, 0x3903, 0x3943, 
	0xb020, 0xa820, 0xc000, 0xc000, 0x6924, 0x58a1, 0x2923, 0x2943, 0x3123, 0x3144, 0x3123, 0x3123, 0x3123, 0x3144, 0xde54, 0xff58, 
	0xff37, 0xff58, 0xd615, 0x3122, 0x3123, 0x3123, 0x3123, 0x3964, 0x3123, 0x3123, 0x3123, 0x3123, 0xa861, 0xa040, 0xc000, 0xc000, 
	0x78e3, 0x6881, 0x2943, 0x2943, 0x2923, 0x3164, 0x3123, 0x3123, 0x3123, 0x28e2, 0xb510, 0xff79, 0xff37, 0xff37, 0xeef8, 0x49e4, 
	0x2903, 0x3123, 0x3123, 0x3964, 0x3143, 0x2923, 0x2923, 0x2923, 0x9041, 0x9861, 0xc000, 0xc000, 0x80c2, 0x7861, 0x2943, 0x2943, 
	0x3123, 0x3144, 0x3144, 0x3123, 0x3123, 0x28e2, 0x8bcb, 0xff79, 0xff37, 0xff37, 0xff59, 0x72e8, 0x28e2, 0x3123, 0x3123, 0x3123, 
	0x3144, 0x3144, 0x3144, 0x2903, 0x7308, 0xff59, 0xff37, 0xff37, 0xff79, 0x8bcb, 0x28e3, 0x3124, 0x3144, 0x3144, 0x3144, 0x3144, 
	0x2944, 0x2944, 0x7881, 0x88e3, 0xc000, 0xc000, 0x9881, 0x9861, 0x2944, 0x3144, 0x3144, 0x3144, 0x3964, 0x3144, 0x3144, 0x2923, 
	0x51e4, 0xeef8, 0xff37, 0xff37, 0xff79, 0xbd30, 0x2903, 0x3144, 0x3144, 0x3144, 0x3965, 0x3144, 0x2944, 0x2944, 0x6881, 0x7903, 
	0xc000, 0xc000, 0xa041, 0xa861, 0x3144, 0x3144, 0x3144, 0x3144, 0x3985, 0x3144, 0x3124, 0x3124, 0x3942, 0xd615, 0xff58, 0xff37, 
	0xff58, 0xe654, 0x3964, 0x3123, 0x3144, 0x3144, 0x3164, 0x3144, 0x2944, 0x2944, 0x58a2, 0x6924, 0xc000, 0xc000, 0xa820, 0xb041, 
	0x4144, 0x3923, 0x3144, 0x3144, 0x3164, 0x3144, 0x3124, 0x3124, 0x28e1, 0xacd1, 0xff78, 0xff37, 0xff38, 0xf717, 0x5227, 0x3102, 
	0x3144, 0x3144, 0x3164, 0x3144, 0x2944, 0x2944, 0x48e2, 0x5944, 0xb800, 0xb800, 0xb020, 0xb820, 0x4944, 0x4103, 0x3144, 0x3144, 
	0x3144, 0x3144, 0x3144, 0x3144, 0x28e2, 0x7b6b, 0xff58, 0xff17, 0xff17, 0xff58, 0x7b4b, 0x28e2, 0x3144, 0x3144, 0x3144, 0x3164, 
	0x3144, 0x3144, 0x4103, 0x4944, 0xb820, 0xb020, 0xb800, 0xb800, 0x5924, 0x48c2, 0x2944, 0x2944, 0x3144, 0x3164, 0x3123, 0x3144, 
	0x3102, 0x5227, 0xf717, 0xff38, 0xff37, 0xff78, 0xacd1, 0x28e1, 0x3124, 0x3124, 0x3144, 0x3164, 0x3144, 0x3144, 0x3923, 0x4144, 
	0xb041, 0xa820, 0xc000, 0xc000, 0x6944, 0x58a2, 0x2944, 0x2944, 0x3144, 0x3164, 0x3144, 0x3144, 0x3123, 0x3964, 0xde54, 0xff58, 
	0xff37, 0xff58, 0xd615, 0x3942, 0x3124, 0x3124, 0x3144, 0x3984, 0x3144, 0x3144, 0x3144, 0x3144, 0xa861, 0xa061, 0xc000, 0xc000, 
	0x7903, 0x68a2, 0x2944, 0x2944, 0x3144, 0x3965, 0x3144, 0x3144, 0x3144, 0x2903, 0xbd30, 0xff79, 0xff37, 0xff37, 0xeef8, 0x5205, 
	0x3103, 0x3124, 0x3143, 0x3964, 0x3144, 0x3144, 0x3144, 0x2944, 0x9861, 0x9881, 0xc000, 0xc000, 0x88c3, 0x7881, 0x2944, 0x2944, 
	0x3144, 0x3164, 0x3144, 0x3144, 0x3124, 0x28e3, 0x8bcb, 0xff79, 0xff37, 0xff37, 0xff59, 0x7308, 0x2903, 0x3144, 0x3144, 0x3144, 
	0x3144, 0x3144, 0x3144, 0x2903, 0x7308, 0xff59, 0xff37, 0xff37, 0xff79, 0x8bcb, 0x2903, 0x3144, 0x3944, 0x3944, 0x90a2, 0x9082, 
	0xa061, 0xa061, 0xb061, 0xb061, 0xb820, 0xb820, 0xb041, 0xb061, 0x9861, 0x9861, 0x9861, 0xa081, 0x4964, 0x4123, 0x3164, 0x3144, 
	0x5205, 0xeef8, 0xff37, 0xff37, 0xff79, 0xbd30, 0x2923, 0x3144, 0x3164, 0x3164, 0x88c2, 0x88a2, 0xa061, 0xa061, 0xa861, 0xa881, 
	0xb820, 0xb820, 0xb040, 0xb881, 0xa081, 0x9861, 0xa061, 0xa061, 0x5964, 0x4903, 0x3164, 0x3144, 0x3942, 0xd615, 0xff58, 0xff37, 
	0xff58, 0xe654, 0x3984, 0x3143, 0x3164, 0x3144, 0x80c2, 0x80e2, 0xa061, 0xa061, 0xa061, 0xa8a2, 0xb820, 0xb820, 0xb040, 0xb861, 
	0xa082, 0x9861, 0xa061, 0xa061, 0x6144, 0x50e2, 0x3164, 0x3164, 0x3102, 0xacd1, 0xff78, 0xff37, 0xff38, 0xf717, 0x5247, 0x3123, 
	0x3164, 0x3164, 0x70c2, 0x7903, 0xa061, 0xa061, 0xa061, 0xa8a2, 0xb840, 0xb820, 0xb840, 0xb840, 0xa081, 0xa061, 0xa061, 0xa061, 
	0x6924, 0x60c2, 0x3164, 0x3164, 0x2902, 0x7b6c, 0xff58, 0xff17, 0xff17, 0xff58, 0x7b6b, 0x2902, 0x3164, 0x3164, 0x60c2, 0x6924, 
	0xa061, 0xa061, 0xa061, 0xa081, 0xb840, 0xb840, 0xb820, 0xb840, 0xa881, 0xa061, 0xa061, 0xa061, 0x7903, 0x70c2, 0x3164, 0x3164, 
	0x3123, 0x5227, 0xf717, 0xff38, 0xff37, 0xff78, 0xacd1, 0x3102, 0x3164, 0x3164, 0x50e2, 0x6144, 0xa061, 0xa061, 0x9861, 0xa081, 
	0xb861, 0xb040, 0xb820, 0xb820, 0xa8a2, 0xa061, 0xa061, 0xa061, 0x80c2, 0x80c2, 0x3144, 0x3164, 0x3143, 0x3964, 0xde54, 0xff58, 
	0xff37, 0xff58, 0xd615, 0x3942, 0x3144, 0x3164, 0x4903, 0x5964, 0xa061, 0xa061, 0x9861, 0xa081, 0xb881, 0xb040, 0xb820, 0xb820, 
	0xa881, 0xa861, 0xa061, 0xa061, 0x88a2, 0x88c2, 0x3164, 0x3164, 0x3144, 0x2923, 0xbd30, 0xff79, 0xff37, 0xff37, 0xeef8, 0x5205, 
	0x3144, 0x3164, 0x4123, 0x4964, 0xa081, 0x9861, 0x9861, 0x9861, 0xb061, 0xb041, 0xb820, 0xb820, 0xb061, 0xb061, 0xa061, 0xa061, 
	0x9082, 0x90a2, 0x3964, 0x3944, 0x3144, 0x2903, 0x8bcb, 0xff79, 0xff37, 0xff37, 0xff59, 0x7308, 0x2903, 0x3144, 0x3144, 0x3144, 
	0x3123, 0x3123, 0x3123, 0x28e2, 0x72e8, 0xff59, 0xff37, 0xff37, 0xff79, 0x8bcb, 0x20e2, 0x2923, 0x3103, 0x3923, 0xa820, 0xa820, 
	0xc000, 0xb800, 0xb820, 0xb800, 0xb800, 0xb800, 0xb800, 0xb820, 0xb800, 0xb800, 0xb800, 0xb800, 0x4923, 0x40e2, 0x2923, 0x2903, 
	0x49e4, 0xeef8, 0xff37, 0xff37, 0xff79, 0xb510, 0x28e2, 0x3123, 0x2923, 0x3123, 0xa061, 0xa040, 0xc000, 0xc000, 0xb800, 0xb820, 
	0xb800, 0xb800, 0xb000, 0xb820, 0xb800, 0xb800, 0xb800, 0xc000, 0x5944, 0x48c2, 0x2924, 0x2923, 0x3122, 0xcdf5, 0xff58, 0xff37, 
	0xff58, 0xde54, 0x3144, 0x3123, 0x2923, 0x2923, 0x9061, 0x9081, 0xc000, 0xc000, 0xb800, 0xc020, 0xb800, 0xb800, 0xb000, 0xb820, 
	0xc020, 0xb800, 0xc000, 0xc000, 0x6903, 0x5881, 0x2924, 0x2924, 0x28e1, 0xacd1, 0xff78, 0xff37, 0xff38, 0xf6f7, 0x5206, 0x2902, 
	0x2924, 0x2924, 0x8061, 0x88c2, 0xc000, 0xc000, 0xb800, 0xc020, 0xb800, 0xb800, 0xb800, 0xb800, 0xb800, 0xb800, 0xc000, 0xc000, 
	0x78e3, 0x6861, 0x2944, 0x2944, 0x28e1, 0x7b6b, 0xff58, 0xff17, 0xff17, 0xff58, 0x7b4b, 0x28e1, 0x2944, 0x2944, 0x6861, 0x78e3, 
	0xc000, 0xc000, 0xb800, 0xb800, 0xb800, 0xb800, 0xb800, 0xb800, 0xb800, 0xb800, 0xc000, 0xc000, 0x88c2, 0x8061, 0x2923, 0x2924, 
	0x2902, 0x5206, 0xf6f7, 0xff38, 0xff37, 0xff78, 0xa4d0, 0x28e1, 0x2924, 0x2924, 0x58a1, 0x6923, 0xc000, 0xc000, 0xb800, 0xb800, 
	0xb820, 0xb000, 0xb800, 0xb800, 0xb820, 0xb800, 0xc000, 0xc000, 0x9081, 0x9061, 0x2923, 0x2923, 0x3123, 0x3144, 0xde54, 0xff58, 
	0xff37, 0xff58, 0xd615, 0x3122, 0x2923, 0x2924, 0x48c2, 0x5924, 0xc000, 0xb800, 0xb800, 0xb800, 0xb820, 0xb000, 0xb800, 0xb800, 
	0xb820, 0xb800, 0xc000, 0xc000, 0xa040, 0xa061, 0x3123, 0x2923, 0x3123, 0x28e2, 0xb510, 0xff79, 0xff37, 0xff37, 0xeef8, 0x49e4, 
	0x2903, 0x2923, 0x40e2, 0x4924, 0xb800, 0xb800, 0xb800, 0xb800, 0xb820, 0xb800, 0xb800, 0xb800, 0xb800, 0xb820, 0xb800, 0xc000, 
	0xa820, 0xb020, 0x3923, 0x3103, 0x2923, 0x20e2, 0x8bab, 0xff79, 0xff37, 0xff37, 0xff59, 0x72e8, 0x28e2, 0x3123, 0x3123, 0x3123, 
	0x3123, 0x3123, 0x3123, 0x28e2, 0x72e8, 0xff59, 0xff37, 0xff37, 0xff79, 0x8bcb, 0x20e2, 0x3123, 0x3123, 0x3923, 0xa820, 0xa820, 
	0xb800, 0xb800, 0xb820, 0xb800, 0xb800, 0xb800, 0xb800, 0xb820, 0xb800, 0xb800, 0xb000, 0xb800, 0x4923, 0x40e2, 0x2923, 0x2903, 
	0x49e4, 0xeef8, 0xff37, 0xff37, 0xff79, 0xb510, 0x28e2, 0x3123, 0x3123, 0x3123, 0xa061, 0x9841, 0xb800, 0xb800, 0xb820, 0xb820, 
	0xb800, 0xb800, 0xb000, 0xb840, 0xb800, 0xb800, 0xb800, 0xb800, 0x5944, 0x48c2, 0x2924, 0x2924, 0x3122, 0xcdf5, 0xff58, 0xff37, 
	0xff58, 0xde54, 0x3144, 0x3123, 0x2923, 0x2923, 0x9061, 0x9081, 0xb800, 0xb800, 0xb800, 0xb840, 0xb800, 0xb800, 0xb000, 0xb820, 
	0xb820, 0xb000, 0xb800, 0xb800, 0x6923, 0x58a1, 0x2944, 0x2944, 0x28e1, 0xacd1, 0xff78, 0xff37, 0xff38, 0xf6f7, 0x5207, 0x2902, 
	0x2944, 0x2924, 0x7861, 0x88c2, 0xb800, 0xb800, 0xb000, 0xb840, 0xb800, 0xb800, 0xb800, 0xb800, 0xb800, 0xb800, 0xb800, 0xb800, 
	0x78e3, 0x6881, 0x2944, 0x2944, 0x28e1, 0x7b6b, 0xff58, 0xff17, 0xff17, 0xff58, 0x7b4b, 0x28e1, 0x2944, 0x2944, 0x6881, 0x78e3, 
	0xb800, 0xb800, 0xb800, 0xb800, 0xb800, 0xb800, 0xb800, 0xb800, 0xb820, 0xb800, 0xb800, 0xb800, 0x88c2, 0x8061, 0x2924, 0x2944, 
	0x2902, 0x5206, 0xf6f7, 0xff38, 0xff37, 0xff78, 0xa4d0, 0x28e1, 0x2944, 0x2944, 0x58a1, 0x6923, 0xb800, 0xb800, 0xb000, 0xb820, 
	0xb820, 0xb000, 0xb800, 0xb800, 0xb841, 0xb020, 0xb800, 0xb800, 0x9081, 0x9061, 0x2923, 0x2923, 0x3123, 0x3144, 0xde54, 0xff58, 
	0xff37, 0xff58, 0xd615, 0x3122, 0x2924, 0x2924, 0x48c2, 0x5944, 0xb800, 0xb800, 0xb800, 0xb800, 0xb840, 0xb000, 0xb800, 0xb800, 
	0xb820, 0xb820, 0xb800, 0xb800, 0x9860, 0xa061, 0x3123, 0x3123, 0x3123, 0x28e2, 0xb510, 0xff79, 0xff37, 0xff37, 0xeef8, 0x49e4, 
	0x2903, 0x2923, 0x40e2, 0x4944, 0xb800, 0xb000, 0xb800, 0xb800, 0xb820, 0xb800, 0xb800, 0xb800, 0xb800, 0xb820, 0xb800, 0xb800, 
	0xa820, 0xa840, 0x3923, 0x3123, 0x3123, 0x20e2, 0x8bcb, 0xff79, 0xff37, 0xff37, 0xff59, 0x72e8, 0x28e2, 0x3123, 0x3123, 0x3123, 
	0x3123, 0x3123, 0x3123, 0x28e2, 0x72e8, 0xff59, 0xff37, 0xff37, 0xff79, 0x8bcb, 0x20e2, 0x2923, 0x3103, 0x3923, 0xa820, 0xa820, 
	0xb800, 0xb800, 0xb820, 0xb000, 0xb800, 0xb800, 0xb000, 0xb800, 0xb800, 0xb800, 0xb000, 0xb800, 0x4923, 0x40e2, 0x2923, 0x2903, 
	0x49e4, 0xeef8, 0xff37, 0xff37, 0xff79, 0xb510, 0x28e2, 0x3123, 0x2923, 0x3123, 0xa061, 0x9841, 0xb800, 0xb800, 0xb800, 0xb800, 
	0xb800, 0xb800, 0xb000, 0xb800, 0xb800, 0xb800, 0xb800, 0xb800, 0x5944, 0x48c2, 0x2924, 0x2923, 0x3122, 0xcdf5, 0xff58, 0xff37, 
	0xff58, 0xde54, 0x3144, 0x3123, 0x2923, 0x2923, 0x8861, 0x9081, 0xb800, 0xb800, 0xb800, 0xb820, 0xb000, 0xb000, 0xb000, 0xb800, 
	0xb820, 0xb000, 0xb800, 0xb800, 0x6903, 0x58a1, 0x2924, 0x2924, 0x28e1, 0xacd1, 0xff78, 0xff37, 0xff38, 0xf6f7, 0x5206, 0x28e2, 
	0x2924, 0x2923, 0x7861, 0x88a2, 0xb800, 0xb800, 0xb000, 0xb820, 0xb000, 0xb000, 0xb000, 0xb800, 0xb800, 0xb800, 0xb800, 0xb800, 
	0x78e3, 0x6881, 0x2924, 0x2924, 0x28e1, 0x7b4b, 0xff58, 0xff17, 0xff17, 0xff58, 0x7b4b, 0x28e1, 0x2924, 0x2924, 0x6881, 0x78e3, 
	0xb800, 0xb800, 0xb800, 0xb800, 0xb800, 0xb000, 0xb000, 0xb000, 0xb800, 0xb800, 0xb800, 0xb800, 0x88a2, 0x7861, 0x2923, 0x2924, 
	0x28e2, 0x4a06, 0xf6f7, 0xff38, 0xff37, 0xff78, 0xa4d0, 0x28e1, 0x2924, 0x2924, 0x58a1, 0x6903, 0xb800, 0xb800, 0xb000, 0xb800, 
	0xb800, 0xb000, 0xb000, 0xb000, 0xb820, 0xb800, 0xb800, 0xb800, 0x9081, 0x9061, 0x2923, 0x2923, 0x3123, 0x3144, 0xde54, 0xff58, 
	0xff37, 0xff58, 0xd615, 0x3122, 0x2923, 0x2924, 0x48c2, 0x5944, 0xb800, 0xb800, 0xb800, 0xb800, 0xb820, 0xb000, 0xb800, 0xb800, 
	0xb800, 0xb800, 0xb800, 0xb800, 0x9840, 0xa061, 0x3123, 0x2923, 0x3123, 0x28e2, 0xb510, 0xff79, 0xff37, 0xff37, 0xeef8, 0x49e4, 
	0x2903, 0x2923, 0x40e2, 0x4924, 0xb800, 0xb000, 0xb800, 0xb800, 0xb800, 0xb000, 0xb800, 0xb800, 0xb000, 0xb820, 0xb800, 0xb800, 
	0xa820, 0xa840, 0x3923, 0x3103, 0x2923, 0x20e2, 0x8bab, 0xff79, 0xff37, 0xff37, 0xff59, 0x72e8, 0x28e2, 0x3123, 0x3123, 0x3123, 
	0x3164, 0x3164, 0x3164, 0x2923, 0x7329, 0xff59, 0xff37, 0xff37, 0xff79, 0x8bcb, 0x2923, 0x3164, 0x3944, 0x3964, 0xa881, 0xa881, 
	0xb840, 0xb820, 0xb8c2, 0xc944, 0xc144, 0xc144, 0xc144, 0xb903, 0xb840, 0xb840, 0xb841, 0xb861, 0x5164, 0x4923, 0x3164, 0x3144, 
	0x5225, 0xeef8, 0xff37, 0xff37, 0xff79, 0xbd30, 0x2923, 0x3164, 0x3164, 0x3164, 0xa0a2, 0xa0a2, 0xb820, 0xb820, 0xb081, 0xc924, 
	0xc144, 0xc144, 0xc124, 0xc124, 0xb841, 0xb841, 0xb840, 0xb841, 0x6165, 0x50e3, 0x3164, 0x3164, 0x3962, 0xd615, 0xff58, 0xff37, 
	0xff58, 0xde54, 0x3985, 0x3144, 0x3164, 0x3164, 0x90a2, 0x90c2, 0xc020, 0xb820, 0xb061, 0xc923, 0xc144, 0xc144, 0xc124, 0xc144, 
	0xb881, 0xb041, 0xb820, 0xb820, 0x6944, 0x60c2, 0x3164, 0x3164, 0x3122, 0xacf1, 0xff78, 0xff37, 0xff38, 0xf717, 0x5247, 0x3123, 
	0x3164, 0x3164, 0x80a2, 0x8903, 0xc020, 0xc020, 0xb040, 0xc0e3, 0xc144, 0xc144, 0xc144, 0xc144, 0xb8a2, 0xb041, 0xc020, 0xc020, 
	0x7924, 0x68c2, 0x3164, 0x3164, 0x3122, 0x7b8c, 0xff78, 0xff37, 0xff37, 0xff78, 0x7b6c, 0x3122, 0x3164, 0x3164, 0x68c2, 0x7924, 
	0xc020, 0xc020, 0xb041, 0xc082, 0xc144, 0xc144, 0xc144, 0xc144, 0xc0c3, 0xb040, 0xc020, 0xc020, 0x8903, 0x80a2, 0x3164, 0x3164, 
	0x3123, 0x5247, 0xf717, 0xff38, 0xff37, 0xff78, 0xacd1, 0x3122, 0x3164, 0x3164, 0x60c2, 0x6944, 0xb820, 0xb820, 0xb041, 0xb881, 
	0xc144, 0xc124, 0xc144, 0xc144, 0xc924, 0xb061, 0xb820, 0xc020, 0x90c2, 0x90a2, 0x3164, 0x3164, 0x3164, 0x3985, 0xde54, 0xff58, 
	0xff37, 0xff58, 0xd615, 0x3963, 0x3164, 0x3164, 0x50e3, 0x6165, 0xb841, 0xb840, 0xb841, 0xb841, 0xc144, 0xc124, 0xc144, 0xc144, 
	0xc924, 0xb081, 0xb820, 0xb820, 0xa0a2, 0xa0a2, 0x3164, 0x3164, 0x3164, 0x2923, 0xbd30, 0xff79, 0xff37, 0xff37, 0xeef8, 0x5205, 
	0x3144, 0x3164, 0x4123, 0x5165, 0xb861, 0xb841, 0xb840, 0xb840, 0xb903, 0xc144, 0xc144, 0xc144, 0xc944, 0xb8c2, 0xb820, 0xb840, 
	0xa881, 0xa881, 0x3964, 0x3944, 0x3164, 0x2923, 0x8bcb, 0xff79, 0xff37, 0xff37, 0xff59, 0x7329, 0x2923, 0x3164, 0x3164, 0x3164, 
	0x3144, 0x3144, 0x3144, 0x2903, 0x7308, 0xff59, 0xff37, 0xff37, 0xff79, 0x8bcb, 0x2903, 0x3144, 0x3923, 0x3944, 0xa861, 0xa861, 
	0xc000, 0xb800, 0x9a46, 0xfe76, 0xf737, 0xf737, 0xfef8, 0xc44d, 0xb000, 0xb820, 0xb820, 0xb840, 0x4944, 0x4103, 0x3144, 0x2924, 
	0x5205, 0xeef8, 0xff37, 0xff37, 0xff79, 0xbd30, 0x2903, 0x3144, 0x3144, 0x3144, 0xa081, 0xa081, 0xc000, 0xc000, 0x9122, 0xfdb4, 
	0xf758, 0xf737, 0xff18, 0xe5b2, 0xb020, 0xb020, 0xb820, 0xb820, 0x5964, 0x48e2, 0x2944, 0x2944, 0x3942, 0xd615, 0xff58, 0xff37, 
	0xff58, 0xe654, 0x3964, 0x3143, 0x3144, 0x3144, 0x9081, 0x90a2, 0xc000, 0xc000, 0x8880, 0xfc90, 0xff58, 0xf737, 0xfef7, 0xf696, 
	0xc0c2, 0xa820, 0xc000, 0xc000, 0x6924, 0x58c2, 0x2944, 0x2944, 0x3102, 0xacd1, 0xff78, 0xff37, 0xff38, 0xf717, 0x5227, 0x3123, 
	0x2964, 0x2964, 0x8082, 0x88e3, 0xc000, 0xc000, 0x9040, 0xf32b, 0xff58, 0xf717, 0xff17, 0xff38, 0xd1c6, 0xa020, 0xc000, 0xc000, 
	0x7903, 0x68a2, 0x2964, 0x2964, 0x2902, 0x7b6c, 0xff58, 0xff17, 0xff17, 0xff58, 0x7b6b, 0x2902, 0x2964, 0x2964, 0x68a2, 0x7903, 
	0xc000, 0xc000, 0xa040, 0xd1c6, 0xff38, 0xff17, 0xf717, 0xff58, 0xf32b, 0x9040, 0xc000, 0xc000, 0x88e3, 0x8082, 0x2944, 0x2964, 
	0x3123, 0x5227, 0xf717, 0xff38, 0xff37, 0xff78, 0xacd1, 0x3102, 0x2944, 0x2944, 0x58c2, 0x6924, 0xc000, 0xc000, 0xa820, 0xb8c2, 
	0xf696, 0xff17, 0xf737, 0xff58, 0xfc90, 0x8880, 0xc000, 0xc000, 0x90a2, 0x9081, 0x3144, 0x3144, 0x3144, 0x3964, 0xde54, 0xff58, 
	0xff37, 0xff58, 0xd615, 0x3942, 0x2944, 0x2944, 0x48e2, 0x5964, 0xb820, 0xb820, 0xb020, 0xb020, 0xe5b2, 0xff18, 0xf737, 0xf758, 
	0xfdb4, 0x9142, 0xc000, 0xc000, 0xa081, 0xa081, 0x3144, 0x3144, 0x3144, 0x2903, 0xbd30, 0xff79, 0xff37, 0xff37, 0xeef8, 0x5205, 
	0x2924, 0x3144, 0x4103, 0x5164, 0xb840, 0xb820, 0xb820, 0xb000, 0xc44d, 0xfef8, 0xf737, 0xf737, 0xfe77, 0x9a46, 0xb800, 0xc000, 
	0xa861, 0xa861, 0x3944, 0x3923, 0x3144, 0x2903, 0x8bcb, 0xff79, 0xff37, 0xff37, 0xff59, 0x7308, 0x2903, 0x3144, 0x3144, 0x3144, 
	0x3123, 0x3123, 0x3123, 0x28e2, 0x72e8, 0xff59, 0xff37, 0xff37, 0xff79, 0x8bcb, 0x20e2, 0x3123, 0x3103, 0x3923, 0xa820, 0xa820, 
	0xc000, 0xb800, 0x9a25, 0xfe97, 0xf758, 0xf758, 0xff18, 0xc44d, 0xb000, 0xb800, 0xb000, 0xb800, 0x4923, 0x40e2, 0x2923, 0x2903, 
	0x49e4, 0xeef8, 0xff37, 0xff37, 0xff79, 0xb510, 0x28e2, 0x3123, 0x2923, 0x3123, 0xa061, 0xa041, 0xc000, 0xc000, 0x8902, 0xfdb4, 
	0xff78, 0xf758, 0xff38, 0xe5b2, 0xb000, 0xb000, 0xb800, 0xb800, 0x5944, 0x48c2, 0x2924, 0x2923, 0x3122, 0xcdf5, 0xff58, 0xff37, 
	0xff58, 0xde54, 0x3144, 0x3123, 0x2923, 0x2923, 0x8861, 0x9081, 0xc000, 0xc000, 0x8860, 0xfc90, 0xff78, 0xf758, 0xff38, 0xfeb6, 
	0xc0a2, 0xa800, 0xb800, 0xc000, 0x6903, 0x58a1, 0x2924, 0x2924, 0x28e1, 0xacd1, 0xff78, 0xff37, 0xff38, 0xf6f7, 0x5206, 0x2902, 
	0x2944, 0x2924, 0x7861, 0x88a2, 0xc000, 0xc000, 0x9020, 0xf32b, 0xff99, 0xff37, 0xff38, 0xff58, 0xd1a5, 0xa000, 0xc000, 0xc000, 
	0x78e3, 0x6881, 0x2924, 0x2944, 0x28e1, 0x7b6b, 0xff58, 0xff17, 0xff17, 0xff58, 0x7b4b, 0x28e1, 0x2944, 0x2924, 0x6881, 0x78e3, 
	0xc000, 0xc000, 0xa000, 0xd1a5, 0xff58, 0xff38, 0xff37, 0xff99, 0xf30b, 0x9020, 0xc000, 0xc000, 0x88a2, 0x7861, 0x2924, 0x2944, 
	0x2902, 0x5206, 0xf6f7, 0xff38, 0xff37, 0xff78, 0xa4d0, 0x28e1, 0x2924, 0x2924, 0x58a1, 0x6923, 0xc000, 0xb800, 0xa800, 0xc081, 
	0xf6b6, 0xff38, 0xf758, 0xff78, 0xfc90, 0x8860, 0xc000, 0xc000, 0x9081, 0x9061, 0x2923, 0x2923, 0x3123, 0x3144, 0xde54, 0xff58, 
	0xff37, 0xff58, 0xd615, 0x3122, 0x2923, 0x2924, 0x48c2, 0x5944, 0xb800, 0xb800, 0xb000, 0xb000, 0xe5b2, 0xff38, 0xf758, 0xf778, 
	0xfdd4, 0x8922, 0xc000, 0xc000, 0xa060, 0xa061, 0x3123, 0x2923, 0x3123, 0x28e2, 0xb510, 0xff79, 0xff37, 0xff37, 0xeef8, 0x49e4, 
	0x2903, 0x2923, 0x40e2, 0x4924, 0xb800, 0xb000, 0xb800, 0xb000, 0xc44d, 0xff18, 0xf758, 0xf758, 0xfe97, 0x9a25, 0xb800, 0xc000, 
	0xa820, 0xa840, 0x3923, 0x3103, 0x3123, 0x20e2, 0x8bab, 0xff79, 0xff37, 0xff37, 0xff59, 0x72e8, 0x28e2, 0x3123, 0x3123, 0x3123, 
	0x3123, 0x3123, 0x3123, 0x28e2, 0x72e8, 0xff59, 0xff37, 0xff37, 0xff79, 0x8bcb, 0x20e2, 0x3123, 0x3123, 0x3923, 0xa820, 0xa820, 
	0xc000, 0xb800, 0x9a25, 0xfe96, 0xf758, 0xf757, 0xff18, 0xc44d, 0xb000, 0xb800, 0xb000, 0xb800, 0x4923, 0x40e2, 0x2923, 0x2903, 
	0x49e4, 0xeef8, 0xff37, 0xff37, 0xff79, 0xb510, 0x28e2, 0x3123, 0x3123, 0x3123, 0xa061, 0x9841, 0xc000, 0xc000, 0x8902, 0xfdb4, 
	0xf758, 0xf757, 0xff18, 0xe5b2, 0xb000, 0xb000, 0xb800, 0xb800, 0x5944, 0x48c2, 0x2924, 0x2924, 0x3122, 0xcdf5, 0xff58, 0xff37, 
	0xff58, 0xde54, 0x3144, 0x3123, 0x2923, 0x2923, 0x9061, 0x9081, 0xc000, 0xc000, 0x8860, 0xfc90, 0xff78, 0xf737, 0xff18, 0xf6b6, 
	0xc0a2, 0xa800, 0xc000, 0xc000, 0x6923, 0x58a1, 0x2944, 0x2944, 0x28e1, 0xacd1, 0xff78, 0xff37, 0xff38, 0xf6f7, 0x5207, 0x2902, 
	0x2944, 0x2924, 0x7861, 0x88c2, 0xc000, 0xc000, 0x9020, 0xf32b, 0xff78, 0xff37, 0xff17, 0xff38, 0xd1a6, 0xa000, 0xc000, 0xc000, 
	0x78e3, 0x6881, 0x2944, 0x2944, 0x28e1, 0x7b6b, 0xff58, 0xff17, 0xff17, 0xff58, 0x7b4b, 0x28e1, 0x2944, 0x2944, 0x6881, 0x78e3, 
	0xc000, 0xc000, 0xa000, 0xd1a5, 0xff38, 0xff17, 0xff37, 0xff78, 0xf30b, 0x9020, 0xc000, 0xc000, 0x88c2, 0x8061, 0x2924, 0x2944, 
	0x2902, 0x5206, 0xf6f7, 0xff38, 0xff37, 0xff78, 0xa4d0, 0x28e1, 0x2944, 0x2944, 0x58a1, 0x6923, 0xc000, 0xc000, 0xa800, 0xc081, 
	0xf696, 0xff18, 0xf737, 0xff78, 0xfc90, 0x8860, 0xc000, 0xc000, 0x9081, 0x9061, 0x2923, 0x2923, 0x3123, 0x3144, 0xde54, 0xff58, 
	0xff37, 0xff58, 0xd615, 0x3122, 0x2924, 0x2924, 0x48c2, 0x5944, 0xb800, 0xb800, 0xb000, 0xb000, 0xe5b2, 0xff18, 0xf757, 0xf758, 
	0xfdb4, 0x8922, 0xc000, 0xc000, 0x9860, 0xa061, 0x3123, 0x3123, 0x3123, 0x28e2, 0xb510, 0xff79, 0xff37, 0xff37, 0xeef8, 0x49e4, 
	0x2903, 0x2923, 0x40e2, 0x4944, 0xb800, 0xb000, 0xb800, 0xb000, 0xc44d, 0xff18, 0xf757, 0xf758, 0xfe97, 0x9a25, 0xb800, 0xc000, 
	0xa820, 0xa840, 0x3923, 0x3123, 0x3123, 0x20e2, 0x8bcb, 0xff79, 0xff37, 0xff37, 0xff59, 0x72e8, 0x28e2, 0x3123, 0x3123, 0x3123, 
	0x3123, 0x3123, 0x3123, 0x28e2, 0x72e8, 0xff59, 0xff37, 0xff37, 0xff79, 0x8bcb, 0x20e2, 0x3123, 0x3103, 0x3123, 0xa820, 0xa820, 
	0xc000, 0xb800, 0x9a25, 0xfe97, 0xf778, 0xf778, 0xff18, 0xc44d, 0xb000, 0xb800, 0xb000, 0xb800, 0x4923, 0x40e2, 0x2923, 0x2903, 
	0x49e4, 0xeef8, 0xff37, 0xff37, 0xff79, 0xb510, 0x28e2, 0x3123, 0x3123, 0x3123, 0xa061, 0x9841, 0xc000, 0xc000, 0x8902, 0xfdd4, 
	0xf778, 0xf778, 0xff38, 0xe5b3, 0xb000, 0xb000, 0xb800, 0xb800, 0x5944, 0x48c2, 0x2924, 0x2924, 0x3122, 0xcdf5, 0xff58, 0xff37, 
	0xff58, 0xde54, 0x3144, 0x3123, 0x2923, 0x2923, 0x9061, 0x9081, 0xc000, 0xc000, 0x8860, 0xfc90, 0xff99, 0xf758, 0xff38, 0xfed6, 
	0xc0a2, 0xa800, 0xc000, 0xc000, 0x6903, 0x58a1, 0x2944, 0x2944, 0x28e1, 0xacd1, 0xff78, 0xff37, 0xff38, 0xf6f7, 0x5206, 0x2902, 
	0x2944, 0x2924, 0x7861, 0x88c2, 0xc000, 0xc000, 0x9020, 0xf32b, 0xff99, 0xf758, 0xff38, 0xff58, 0xd1a6, 0xa000, 0xc000, 0xc000, 
	0x78e3, 0x6881, 0x2924, 0x2944, 0x28e1, 0x7b6b, 0xff58, 0xff17, 0xff17, 0xff58, 0x7b4b, 0x28e1, 0x2944, 0x2944, 0x6881, 0x78e3, 
	0xc000, 0xc000, 0xa000, 0xd1a5, 0xff58, 0xff38, 0xff58, 0xff99, 0xf30b, 0x9020, 0xc000, 0xc000, 0x88c2, 0x8061, 0x2924, 0x2944, 
	0x2902, 0x5206, 0xf6f7, 0xff38, 0xff37, 0xff78, 0xa4d0, 0x28e1, 0x2944, 0x2944, 0x58a1, 0x6923, 0xc000, 0xc000, 0xa800, 0xc081, 
	0xf6b6, 0xff38, 0xf758, 0xff99, 0xfcb0, 0x8860, 0xc000, 0xc000, 0x9081, 0x9061, 0x2923, 0x2923, 0x3123, 0x3144, 0xde54, 0xff58, 
	0xff37, 0xff58, 0xd615, 0x3122, 0x2924, 0x2924, 0x48c2, 0x5944, 0xb800, 0xb800, 0xb000, 0xb000, 0xe5b3, 0xff38, 0xf778, 0xf778, 
	0xfdd4, 0x8922, 0xc000, 0xc000, 0xa060, 0xa061, 0x3123, 0x3123, 0x3123, 0x28e2, 0xb510, 0xff79, 0xff37, 0xff37, 0xeef8, 0x49e4, 
	0x2903, 0x2923, 0x40e2, 0x4944, 0xb800, 0xb000, 0xb800, 0xb000, 0xc44d, 0xff18, 0xf778, 0xf778, 0xfe97, 0x9a26, 0xb800, 0xc000, 
	0xa820, 0xa840, 0x3923, 0x3103, 0x3123, 0x20e2, 0x8bcb, 0xff79, 0xff37, 0xff37, 0xff59, 0x72e8, 0x28e2, 0x3123, 0x3123, 0x3123, 
	0x3964, 0x3964, 0x3164, 0x2923, 0x7308, 0xff59, 0xff37, 0xff37, 0xff79, 0x8bcb, 0x2923, 0x3164, 0x3944, 0x3944, 0xa881, 0xa881, 
	0xc020, 0xb800, 0xaa04, 0xfdb3, 0xf632, 0xf632, 0xfe13, 0xcbca, 0xb000, 0xb840, 0xb841, 0xb861, 0x5164, 0x4923, 0x3164, 0x3144, 
	0x5205, 0xeef8, 0xff37, 0xff37, 0xff79, 0xbd30, 0x2923, 0x3164, 0x3164, 0x3164, 0xa0a2, 0xa0a2, 0xc020, 0xc000, 0x9921, 0xfcf1, 
	0xfe53, 0xf632, 0xfe13, 0xe4ee, 0xb040, 0xb840, 0xb840, 0xb841, 0x6165, 0x50e3, 0x3164, 0x3164, 0x3962, 0xd615, 0xff58, 0xff37, 
	0xff58, 0xe654, 0x3985, 0x3144, 0x3164, 0x3164, 0x90a2, 0x90c2, 0xc020, 0xc020, 0x98a0, 0xfc0d, 0xfe53, 0xf632, 0xfe13, 0xf5d1, 
	0xc0c2, 0xb040, 0xc020, 0xc020, 0x6944, 0x58c2, 0x3164, 0x3164, 0x3102, 0xacf1, 0xff78, 0xff37, 0xff38, 0xf717, 0x5247, 0x3123, 
	0x3164, 0x3164, 0x80a2, 0x8903, 0xc020, 0xc020, 0x9860, 0xeae9, 0xfe73, 0xfe32, 0xfe12, 0xfe33, 0xd1a5, 0xa840, 0xc020, 0xc020, 
	0x7924, 0x68a2, 0x3164, 0x3164, 0x3102, 0x7b8c, 0xff58, 0xff17, 0xff17, 0xff58, 0x7b6c, 0x3102, 0x3164, 0x3164, 0x68a2, 0x7924, 
	0xc020, 0xc020, 0xa840, 0xd1a5, 0xfe33, 0xfe12, 0xfe32, 0xfe73, 0xeac9, 0x9860, 0xc020, 0xc020, 0x8903, 0x80a2, 0x3164, 0x3164, 
	0x3123, 0x5247, 0xf717, 0xff38, 0xff37, 0xff78, 0xacd1, 0x3102, 0x3164, 0x3164, 0x58c2, 0x6944, 0xc020, 0xc020, 0xb040, 0xc0c2, 
	0xf5b1, 0xfe13, 0xf632, 0xfe53, 0xfc0e, 0x98a0, 0xc020, 0xc020, 0x98c2, 0x90a2, 0x3164, 0x3164, 0x3144, 0x3985, 0xde54, 0xff58, 
	0xff37, 0xff58, 0xd615, 0x3962, 0x3164, 0x3164, 0x50e3, 0x6165, 0xb841, 0xb840, 0xb840, 0xb040, 0xe4ee, 0xfe13, 0xf632, 0xfe53, 
	0xfd11, 0x9921, 0xc000, 0xc020, 0xa0a2, 0xa0a2, 0x3164, 0x3164, 0x3164, 0x2923, 0xbd30, 0xff79, 0xff37, 0xff37, 0xeef8, 0x5205, 
	0x3144, 0x3164, 0x4123, 0x5164, 0xb861, 0xb041, 0xb840, 0xb000, 0xcbca, 0xfe13, 0xf632, 0xf632, 0xfdb3, 0xaa04, 0xb800, 0xc020, 
	0xa881, 0xa881, 0x3964, 0x3944, 0x3164, 0x2923, 0x8bcb, 0xff79, 0xff37, 0xff37, 0xff59, 0x7308, 0x2923, 0x3164, 0x3964, 0x3964, 
	0x3123, 0x3123, 0x3123, 0x28e3, 0x72e8, 0xff59, 0xff37, 0xff37, 0xff79, 0x8bcb, 0x20e2, 0x3123, 0x3123, 0x3923, 0xa840, 0xa820, 
	0xb800, 0xb800, 0xb161, 0xfc2c, 0xfc8a, 0xfc8a, 0xfc6c, 0xd2a5, 0xb000, 0xb800, 0xb000, 0xb800, 0x4924, 0x40e2, 0x2924, 0x2903, 
	0x49e4, 0xeef8, 0xff37, 0xff37, 0xff79, 0xbd30, 0x28e2, 0x3123, 0x3123, 0x3143, 0xa061, 0x9841, 0xb800, 0xb800, 0xa8a0, 0xfbab, 
	0xfc8a, 0xfc8a, 0xfc6b, 0xeb88, 0xb800, 0xb800, 0xb800, 0xb800, 0x5944, 0x48c2, 0x2924, 0x2924, 0x3122, 0xcdf5, 0xff58, 0xff37, 
	0xff58, 0xde54, 0x3964, 0x3123, 0x2923, 0x2923, 0x9061, 0x9081, 0xc000, 0xc000, 0xa040, 0xfae9, 0xfcab, 0xfc8a, 0xfc6b, 0xfc2a, 
	0xc081, 0xb000, 0xb800, 0xb800, 0x6923, 0x58a1, 0x2944, 0x2944, 0x28e1, 0xacd1, 0xff78, 0xff37, 0xff38, 0xf6f7, 0x5207, 0x2902, 
	0x2944, 0x2924, 0x7881, 0x80c2, 0xc000, 0xc000, 0xa000, 0xe206, 0xfcab, 0xfc6a, 0xfc6a, 0xfc8b, 0xc903, 0xa800, 0xc000, 0xc000, 
	0x78e3, 0x6881, 0x2944, 0x2944, 0x28e2, 0x7b6b, 0xff58, 0xff17, 0xff17, 0xff58, 0x7b4b, 0x28e2, 0x2944, 0x2944, 0x6881, 0x78e3, 
	0xc000, 0xc000, 0xa800, 0xc903, 0xfc8b, 0xfc6a, 0xfc6a, 0xfcab, 0xe1e6, 0xa800, 0xc000, 0xc000, 0x80c2, 0x7881, 0x2924, 0x2944, 
	0x2902, 0x5206, 0xf6f7, 0xff38, 0xff37, 0xff78, 0xa4d0, 0x28e1, 0x2944, 0x2944, 0x58a1, 0x6923, 0xb800, 0xb800, 0xb000, 0xc061, 
	0xfc2a, 0xfc6b, 0xfc8a, 0xfcaa, 0xfae9, 0xa040, 0xc000, 0xc000, 0x9081, 0x9061, 0x2923, 0x2923, 0x3123, 0x3144, 0xde54, 0xff58, 
	0xff37, 0xff58, 0xd615, 0x3122, 0x2924, 0x2924, 0x48c2, 0x5944, 0xb800, 0xb800, 0xb800, 0xb800, 0xeb88, 0xfc6b, 0xfc8a, 0xfc8a, 
	0xfbab, 0xa8a0, 0xb800, 0xb800, 0xa061, 0xa061, 0x3143, 0x3123, 0x3123, 0x2902, 0xb510, 0xff79, 0xff37, 0xff37, 0xeef8, 0x49e4, 
	0x2903, 0x2923, 0x40e2, 0x4944, 0xb800, 0xb000, 0xb800, 0xb000, 0xd2a5, 0xfc6c, 0xfc8a, 0xfc8a, 0xfc2c, 0xb161, 0xb800, 0xb800, 
	0xa820, 0xa840, 0x3923, 0x3123, 0x3123, 0x20e2, 0x8bcb, 0xff79, 0xff37, 0xff37, 0xff59, 0x7308, 0x28e3, 0x3123, 0x3123, 0x3123, 
	0x3123, 0x3123, 0x3123, 0x28e2, 0x72e8, 0xff59, 0xff37, 0xff37, 0xff79, 0x8bcb, 0x20e2, 0x3123, 0x3123, 0x3923, 0xa820, 0xa820, 
	0xb800, 0xb800, 0xb161, 0xfc2c, 0xfcab, 0xfcab, 0xfc8c, 0xd2c5, 0xb000, 0xb800, 0xb000, 0xb800, 0x4923, 0x40e2, 0x2923, 0x2903, 
	0x49e4, 0xeef8, 0xff37, 0xff37, 0xff79, 0xb510, 0x28e2, 0x3123, 0x3123, 0x3123, 0xa061, 0x9841, 0xc000, 0xb800, 0xa0a0, 0xfbcb, 
	0xfcab, 0xfcab, 0xfc8c, 0xeba8, 0xb000, 0xb000, 0xb800, 0xb800, 0x5944, 0x48c2, 0x2924, 0x2924, 0x3122, 0xcdf5, 0xff58, 0xff37, 
	0xff58, 0xde54, 0x3144, 0x3123, 0x2923, 0x2923, 0x9061, 0x9081, 0xc000, 0xc000, 0xa040, 0xfb09, 0xfccb, 0xfcab, 0xfc8b, 0xfc4a, 
	0xc061, 0xb000, 0xb800, 0xb800, 0x6923, 0x58a1, 0x2944, 0x2944, 0x28e1, 0xacd1, 0xff78, 0xff37, 0xff38, 0xf6f7, 0x5207, 0x2902, 
	0x2944, 0x2924, 0x7861, 0x88c2, 0xc000, 0xc000, 0xa000, 0xe206, 0xfccc, 0xfc8b, 0xfc8b, 0xfcab, 0xd123, 0xa800, 0xc000, 0xc000, 
	0x78e3, 0x6881, 0x2944, 0x2944, 0x28e1, 0x7b6b, 0xff58, 0xff17, 0xff17, 0xff58, 0x7b4b, 0x28e1, 0x2944, 0x2944, 0x6881, 0x78e3, 
	0xc000, 0xc000, 0xa800, 0xc903, 0xfcab, 0xfc8b, 0xfc8b, 0xfccc, 0xe206, 0xa000, 0xc000, 0xc000, 0x88c2, 0x8061, 0x2924, 0x2944, 
	0x2902, 0x5206, 0xf6f7, 0xff38, 0xff37, 0xff78, 0xa4d0, 0x28e1, 0x2944, 0x2944, 0x58a1, 0x6923, 0xb800, 0xb800, 0xb000, 0xc061, 
	0xfc4a, 0xfc8b, 0xfcab, 0xfccb, 0xfb09, 0xa040, 0xc000, 0xc000, 0x9081, 0x9061, 0x2923, 0x2923, 0x3123, 0x3144, 0xde54, 0xff58, 
	0xff37, 0xff58, 0xd615, 0x3122, 0x2924, 0x2924, 0x48c2, 0x5944, 0xb800, 0xb800, 0xb000, 0xb000, 0xeba8, 0xfc8c, 0xfcab, 0xfcab, 
	0xfbcb, 0xa8c0, 0xb800, 0xc000, 0xa060, 0xa061, 0x3123, 0x3123, 0x3123, 0x28e2, 0xb510, 0xff79, 0xff37, 0xff37, 0xeef8, 0x49e4, 
	0x2903, 0x2923, 0x40e2, 0x4944, 0xb800, 0xb000, 0xb800, 0xb000, 0xd2c5, 0xfc8c, 0xfcab, 0xfcab, 0xfc2c, 0xb161, 0xb800, 0xb800, 
	0xa820, 0xa840, 0x3923, 0x3123, 0x3123, 0x20e2, 0x8bcb, 0xff79, 0xff37, 0xff37, 0xff59, 0x72e8, 0x28e2, 0x3123, 0x3123, 0x3123, 
	0x3123, 0x3123, 0x3123, 0x28e2, 0x72e8, 0xff59, 0xff37, 0xff37, 0xff79, 0x8bcb, 0x20e2, 0x3123, 0x3123, 0x3123, 0xa820, 0xa820, 
	0xb800, 0xb800, 0xb161, 0xfc2c, 0xfcab, 0xfcab, 0xfc8c, 0xd2c5, 0xb000, 0xb800, 0xb000, 0xb800, 0x4923, 0x40e2, 0x2923, 0x2903, 
	0x49e4, 0xeef8, 0xff37, 0xff37, 0xff79, 0xb510, 0x28e2, 0x3123, 0x3123, 0x3123, 0xa061, 0x9841, 0xc000, 0xb800, 0xa0a0, 0xfbcb, 
	0xfcab, 0xfcab, 0xfc8c, 0xeba8, 0xb000, 0xb000, 0xb800, 0xb800, 0x5944, 0x48c2, 0x2924, 0x2924, 0x3122, 0xcdf5, 0xff58, 0xff37, 
	0xff58, 0xde54, 0x3144, 0x3123, 0x2923, 0x2923, 0x9061, 0x9081, 0xc000, 0xc000, 0xa040, 0xfb09, 0xfccb, 0xfcab, 0xfc8b, 0xfc4a, 
	0xc061, 0xb000, 0xb800, 0xb800, 0x6923, 0x58a1, 0x2944, 0x2944, 0x28e1, 0xacd1, 0xff78, 0xff37, 0xff38, 0xf6f7, 0x5207, 0x2902, 
	0x2944, 0x2924, 0x7861, 0x88c2, 0xc000, 0xc000, 0xa000, 0xe206, 0xfccc, 0xfc8b, 0xfc8b, 0xfcab, 0xd123, 0xa800, 0xc000, 0xc000, 
	0x78e3, 0x6881, 0x2924, 0x2944, 0x28e1, 0x7b6b, 0xff58, 0xff17, 0xff17, 0xff58, 0x7b4b, 0x28e1, 0x2944, 0x2924, 0x6881, 0x78e3, 
	0xc000, 0xc000, 0xa800, 0xc903, 0xfcab, 0xfc8b, 0xfc8b, 0xfccc, 0xe206, 0xa000, 0xc000, 0xc000, 0x88c2, 0x8061, 0x2924, 0x2944, 
	0x2902, 0x5206, 0xf6f7, 0xff38, 0xff37, 0xff78, 0xa4d0, 0x28e1, 0x2944, 0x2944, 0x58a1, 0x6923, 0xb800, 0xb800, 0xb000, 0xc061, 
	0xfc4a, 0xfc8b, 0xfcab, 0xfccb, 0xfb09, 0xa040, 0xc000, 0xc000, 0x9081, 0x9061, 0x2923, 0x2923, 0x3123, 0x3144, 0xde54, 0xff58, 
	0xff37, 0xff58, 0xd615, 0x3122, 0x2924, 0x2924, 0x48c2, 0x5944, 0xb800, 0xb800, 0xb000, 0xb000, 0xeba8, 0xfc8c, 0xfcab, 0xfcab, 
	0xfbcb, 0xa0a0, 0xb800, 0xc000, 0xa060, 0xa061, 0x3123, 0x3123, 0x3123, 0x28e2, 0xb510, 0xff79, 0xff37, 0xff37, 0xeef8, 0x49e4, 
	0x2903, 0x2923, 0x40e2, 0x4944, 0xb800, 0xb000, 0xb800, 0xb000, 0xd2c5, 0xfc8c, 0xfcab, 0xfcab, 0xfc2c, 0xb161, 0xb800, 0xb800, 
	0xa820, 0xa840, 0x3923, 0x3103, 0x3123, 0x20e2, 0x8bcb, 0xff79, 0xff37, 0xff37, 0xff59, 0x72e8, 0x28e2, 0x3123, 0x3123, 0x3123, 
	0x3123, 0x3123, 0x3124, 0x28e3, 0x7308, 0xff59, 0xff37, 0xff37, 0xff79, 0x8bcb, 0x28e2, 0x3124, 0x3123, 0x3923, 0xa840, 0xa840, 
	0xb800, 0xb800, 0xb161, 0xfc4d, 0xfcab, 0xfcab, 0xfc8c, 0xd2c5, 0xb000, 0xb800, 0xb000, 0xb820, 0x4944, 0x40e2, 0x2944, 0x2923, 
	0x51e4, 0xeef8, 0xff37, 0xff37, 0xff79, 0xbd30, 0x2903, 0x3123, 0x3143, 0x3144, 0xa061, 0xa061, 0xc000, 0xb800, 0xa8c0, 0xfbcb, 
	0xfcab, 0xfcab, 0xfc8c, 0xeba8, 0xb800, 0xb800, 0xb800, 0xb800, 0x5944, 0x48c2, 0x2944, 0x2924, 0x3942, 0xd615, 0xff58, 0xff37, 
	0xff58, 0xde54, 0x3964, 0x3123, 0x2944, 0x2923, 0x9081, 0x90a2, 0xc000, 0xc000, 0xa040, 0xfb09, 0xfccb, 0xfcab, 0xfc8b, 0xfc4a, 
	0xc081, 0xb000, 0xc000, 0xc000, 0x6923, 0x58a2, 0x2944, 0x2944, 0x28e1, 0xacd1, 0xff78, 0xff37, 0xff38, 0xff17, 0x5227, 0x2902, 
	0x2944, 0x2944, 0x7881, 0x88c2, 0xc000, 0xc000, 0xa020, 0xe226, 0xfccc, 0xfc8b, 0xfc8b, 0xfcab, 0xd123, 0xa800, 0xc000, 0xc000, 
	0x7903, 0x6881, 0x2944, 0x2944, 0x28e2, 0x7b6b, 0xff58, 0xff17, 0xff17, 0xff58, 0x7b4b, 0x28e2, 0x2944, 0x2944, 0x6881, 0x7903, 
	0xc000, 0xc000, 0xa800, 0xd123, 0xfcab, 0xfc8b, 0xfc8b, 0xfccc, 0xe206, 0xa020, 0xc000, 0xc000, 0x88c2, 0x7881, 0x2944, 0x2944, 
	0x3102, 0x5207, 0xf6f7, 0xff38, 0xff37, 0xff78, 0xacd1, 0x28e1, 0x2944, 0x2944, 0x58a2, 0x6923, 0xc000, 0xc000, 0xb000, 0xc061, 
	0xfc4a, 0xfc8b, 0xfcab, 0xfccb, 0xfb09, 0xa040, 0xc000, 0xc000, 0x90a2, 0x9061, 0x2923, 0x2944, 0x3123, 0x3964, 0xde54, 0xff58, 
	0xff37, 0xff58, 0xd615, 0x3942, 0x2924, 0x2944, 0x48c2, 0x5944, 0xb800, 0xb800, 0xb800, 0xb800, 0xeba8, 0xfc8c, 0xfcab, 0xfcab, 
	0xfbcb, 0xa8c0, 0xb800, 0xc000, 0xa061, 0xa061, 0x3144, 0x3143, 0x3143, 0x2903, 0xbd30, 0xff79, 0xff37, 0xff37, 0xeef8, 0x51e4, 
	0x2923, 0x2944, 0x40e2, 0x4944, 0xb820, 0xb000, 0xb800, 0xb000, 0xd2c5, 0xfc8c, 0xfcab, 0xfcab, 0xfc4d, 0xb161, 0xb800, 0xb800, 
	0xa840, 0xa841, 0x3944, 0x3123, 0x3124, 0x28e2, 0x8bcb, 0xff79, 0xff37, 0xff37, 0xff59, 0x7308, 0x28e3, 0x3124, 0x3123, 0x3123, 
	0x3964, 0x3964, 0x3164, 0x2923, 0x7329, 0xff59, 0xff37, 0xff37, 0xff7a, 0x8bcb, 0x2923, 0x3164, 0x3944, 0x3964, 0xa881, 0xa881, 
	0xb821, 0xb820, 0xb9a2, 0xfc4d, 0xfcab, 0xfcab, 0xfc8d, 0xd2e6, 0xb020, 0xb841, 0xb841, 0xb861, 0x5164, 0x4923, 0x3164, 0x3144, 
	0x5205, 0xeef8, 0xff37, 0xff37, 0xff79, 0xbd30, 0x2923, 0x3164, 0x3164, 0x3164, 0xa0a2, 0xa0a2, 0xc021, 0xb821, 0xa8e0, 0xfbcc, 
	0xfccb, 0xfcab, 0xfcac, 0xebc9, 0xb841, 0xb841, 0xb840, 0xb841, 0x6165, 0x50e3, 0x3164, 0x3164, 0x3963, 0xd615, 0xff58, 0xff37, 
	0xff58, 0xde54, 0x3985, 0x3144, 0x3164, 0x3164, 0x90a2, 0x90c2, 0xc020, 0xc020, 0xa080, 0xfb2a, 0xfccc, 0xfcab, 0xfc8c, 0xfc4b, 
	0xc0a2, 0xb040, 0xc020, 0xc020, 0x6944, 0x60c2, 0x3164, 0x3164, 0x3122, 0xacf1, 0xff78, 0xff17, 0xff38, 0xf717, 0x5247, 0x3123, 
	0x3164, 0x3164, 0x80a2, 0x8903, 0xc020, 0xc020, 0xa860, 0xe247, 0xfccc, 0xfcab, 0xfcab, 0xfcac, 0xc944, 0xa840, 0xc020, 0xc020, 
	0x7924, 0x68c2, 0x3164, 0x3164, 0x3122, 0x7b8c, 0xff58, 0xff37, 0xff37, 0xff58, 0x7b6c, 0x3122, 0x3164, 0x3164, 0x68c2, 0x7924, 
	0xc020, 0xc020, 0xb040, 0xd144, 0xfcac, 0xfcab, 0xfcab, 0xfccc, 0xe227, 0xa860, 0xc020, 0xc020, 0x8903, 0x80a2, 0x3164, 0x3164, 
	0x3143, 0x5247, 0xf717, 0xff38, 0xff17, 0xff78, 0xacd1, 0x3122, 0x3164, 0x3164, 0x60c2, 0x6944, 0xc020, 0xc020, 0xb040, 0xc0a2, 
	0xfc4b, 0xfc8c, 0xfcab, 0xfccc, 0xfb2a, 0xa080, 0xc020, 0xc020, 0x90c2, 0x90a2, 0x3164, 0x3164, 0x3144, 0x3985, 0xde54, 0xff58, 
	0xff37, 0xff58, 0xd615, 0x3963, 0x3164, 0x3164, 0x50e3, 0x6165, 0xb841, 0xb840, 0xb841, 0xb841, 0xebc9, 0xfcac, 0xfcab, 0xfcab, 
	0xfbcc, 0xa8e0, 0xb821, 0xc021, 0xa0a2, 0xa0a2, 0x3164, 0x3164, 0x3164, 0x2923, 0xbd30, 0xff79, 0xff37, 0xff37, 0xeef8, 0x5205, 
	0x3144, 0x3164, 0x4123, 0x5165, 0xb861, 0xb841, 0xb841, 0xb020, 0xd2e6, 0xfc8d, 0xfcab, 0xfcab, 0xfc4d, 0xb9a2, 0xb820, 0xb821, 
	0xa881, 0xa881, 0x3964, 0x3944, 0x3164, 0x2923, 0x8bcb, 0xff7a, 0xff37, 0xff37, 0xff5a, 0x7329, 0x2923, 0x3164, 0x3964, 0x3964, 
	0x3123, 0x3123, 0x3123, 0x28e2, 0x72e8, 0xff59, 0xff37, 0xff37, 0xff79, 0x8bcb, 0x20e2, 0x2923, 0x3103, 0x3123, 0xa820, 0xa820, 
	0xb800, 0xb800, 0xb141, 0xfc2c, 0xfcab, 0xfcab, 0xfc8c, 0xd2c5, 0xb000, 0xb800, 0xb000, 0xb800, 0x4923, 0x40e2, 0x2923, 0x2903, 
	0x49e4, 0xeef8, 0xff37, 0xff37, 0xff79, 0xb510, 0x28e2, 0x3123, 0x2923, 0x3123, 0xa061, 0xa041, 0xb800, 0xb800, 0xa0a0, 0xfbcb, 
	0xfcab, 0xfcab, 0xfc8c, 0xeba8, 0xb000, 0xb000, 0xb800, 0xb800, 0x5944, 0x48c2, 0x2924, 0x2923, 0x3122, 0xcdf5, 0xff58, 0xff37, 
	0xff58, 0xde54, 0x3144, 0x3123, 0x2923, 0x2923, 0x8861, 0x9081, 0xc000, 0xc000, 0xa040, 0xfb09, 0xfccb, 0xfcab, 0xfc8b, 0xfc4a, 
	0xc061, 0xb000, 0xb800, 0xb800, 0x6903, 0x58a1, 0x2924, 0x2924, 0x28e1, 0xacd1, 0xff78, 0xff37, 0xff38, 0xf6f7, 0x5206, 0x2902, 
	0x2924, 0x2924, 0x7861, 0x88a2, 0xc000, 0xc000, 0xa000, 0xe206, 0xfccc, 0xfc8b, 0xfc8b, 0xfcab, 0xc903, 0xa800, 0xc000, 0xc000, 
	0x78e3, 0x6881, 0x2924, 0x2924, 0x28e1, 0x7b6b, 0xff58, 0xff17, 0xff17, 0xff58, 0x7b4b, 0x28e1, 0x2924, 0x2924, 0x6881, 0x78e3, 
	0xc000, 0xc000, 0xa800, 0xc903, 0xfcab, 0xfc8b, 0xfc8b, 0xfccc, 0xe206, 0xa000, 0xc000, 0xc000, 0x88a2, 0x7861, 0x2923, 0x2924, 
	0x2902, 0x5206, 0xf6f7, 0xff38, 0xff37, 0xff78, 0xa4d0, 0x28e1, 0x2924, 0x2924, 0x58a1, 0x6903, 0xb800, 0xb800, 0xb000, 0xb860, 
	0xfc4a, 0xfc8b, 0xfcab, 0xfccb, 0xfb09, 0xa040, 0xc000, 0xc000, 0x9081, 0x9061, 0x2923, 0x2923, 0x3123, 0x3144, 0xde54, 0xff58, 
	0xff37, 0xff58, 0xd615, 0x3122, 0x2923, 0x2924, 0x48c2, 0x5944, 0xb800, 0xb800, 0xb000, 0xb000, 0xeba8, 0xfc8c, 0xfcab, 0xfcab, 
	0xfbcb, 0xa0a0, 0xb800, 0xb800, 0xa060, 0xa061, 0x3123, 0x2923, 0x3123, 0x28e2, 0xb510, 0xff79, 0xff37, 0xff37, 0xeef8, 0x49e4, 
	0x2903, 0x2923, 0x40e2, 0x4924, 0xb800, 0xb000, 0xb800, 0xb000, 0xd2c5, 0xfc8c, 0xfcab, 0xfcab, 0xfc2c, 0xb161, 0xb800, 0xb800, 
	0xa820, 0xa840, 0x3923, 0x3103, 0x2923, 0x20e2, 0x8bab, 0xff79, 0xff37, 0xff37, 0xff59, 0x72e8, 0x28e2, 0x3123, 0x3123, 0x3123, 
	0x3123, 0x3123, 0x3123, 0x28e2, 0x72e8, 0xff59, 0xff37, 0xff37, 0xff79, 0x8bcb, 0x20e2, 0x3123, 0x3123, 0x3923, 0xa820, 0xa820, 
	0xb800, 0xb800, 0xb161, 0xfc2c, 0xfcab, 0xfcab, 0xfc8c, 0xd2c5, 0xb000, 0xb800, 0xb000, 0xb800, 0x4923, 0x40e2, 0x2923, 0x2903, 
	0x49e4, 0xeef8, 0xff37, 0xff37, 0xff79, 0xb510, 0x28e2, 0x3123, 0x3123, 0x3123, 0xa061, 0x9841, 0xc000, 0xb800, 0xa0a0, 0xfbcb, 
	0xfcab, 0xfcab, 0xfc8c, 0xeba8, 0xb000, 0xb000, 0xb800, 0xb800, 0x5944, 0x48c2, 0x2924, 0x2924, 0x3122, 0xcdf5, 0xff58, 0xff37, 
	0xff58, 0xde54, 0x3144, 0x3123, 0x2923, 0x2923, 0x9061, 0x9081, 0xc000, 0xc000, 0xa040, 0xfb09, 0xfccb, 0xfcab, 0xfc8b, 0xfc4a, 
	0xc061, 0xb000, 0xb800, 0xb800, 0x6923, 0x58a1, 0x2944, 0x2944, 0x28e1, 0xacd1, 0xff78, 0xff37, 0xff38, 0xf6f7, 0x5207, 0x2902, 
	0x2944, 0x2924, 0x7861, 0x88c2, 0xc000, 0xc000, 0xa000, 0xe206, 0xfccc, 0xfc8b, 0xfc8b, 0xfcab, 0xd123, 0xa800, 0xc000, 0xc000, 
	0x78e3, 0x6881, 0x2944, 0x2944, 0x28e1, 0x7b6b, 0xff58, 0xff17, 0xff17, 0xff58, 0x7b4b, 0x28e1, 0x2944, 0x2944, 0x6881, 0x78e3, 
	0xc000, 0xc000, 0xa800, 0xc903, 0xfcab, 0xfc8b, 0xfc8b, 0xfccc, 0xe206, 0xa000, 0xc000, 0xc000, 0x88c2, 0x8061, 0x2924, 0x2944, 
	0x2902, 0x5206, 0xf6f7, 0xff38, 0xff37, 0xff78, 0xa4d0, 0x28e1, 0x2944, 0x2944, 0x58a1, 0x6923, 0xb800, 0xb800, 0xb000, 0xc061, 
	0xfc4a, 0xfc8b, 0xfcab, 0xfccb, 0xfb09, 0xa040, 0xc000, 0xc000, 0x9081, 0x9061, 0x2923, 0x2923, 0x3123, 0x3144, 0xde54, 0xff58, 
	0xff37, 0xff58, 0xd615, 0x3122, 0x2924, 0x2924, 0x48c2, 0x5944, 0xb800, 0xb800, 0xb000, 0xb000, 0xeba8, 0xfc8c, 0xfcab, 0xfcab, 
	0xfbcb, 0xa8c0, 0xb800, 0xc000, 0x9860, 0xa061, 0x3123, 0x3123, 0x3123, 0x28e2, 0xb510, 0xff79, 0xff37, 0xff37, 0xeef8, 0x49e4, 
	0x2903, 0x2923, 0x40e2, 0x4944, 0xb800, 0xb000, 0xb800, 0xb000, 0xd2c5, 0xfc8c, 0xfcab, 0xfcab, 0xfc2c, 0xb161, 0xb800, 0xb800, 
	0xa820, 0xa840, 0x3923, 0x3123, 0x3123, 0x20e2, 0x8bcb, 0xff79, 0xff37, 0xff37, 0xff59, 0x72e8, 0x28e2, 0x3123, 0x3123, 0x3123, 
	0x3123, 0x3123, 0x3123, 0x28e2, 0x7308, 0xff7a, 0xff37, 0xff37, 0xff9a, 0x8bcb, 0x20e2, 0x2923, 0x3103, 0x3923, 0xa820, 0xa820, 
	0xb800, 0xb800, 0xb141, 0xfc2c, 0xfcab, 0xfcab, 0xfc8c, 0xd2c5, 0xb000, 0xb800, 0xb000, 0xb800, 0x4923, 0x40e2, 0x2923, 0x2903, 
	0x49e4, 0xf6f8, 0xff57, 0xff37, 0xff79, 0xbd30, 0x28e2, 0x3123, 0x2923, 0x3123, 0xa061, 0xa041, 0xb800, 0xb800, 0xa0a0, 0xfbcb, 
	0xfcab, 0xfcab, 0xfc8c, 0xeba8, 0xb000, 0xb000, 0xb800, 0xb800, 0x5944, 0x48c2, 0x2924, 0x2923, 0x3122, 0xd615, 0xff78, 0xff37, 
	0xff59, 0xe655, 0x3144, 0x3123, 0x2923, 0x2923, 0x8861, 0x9081, 0xc000, 0xc000, 0xa040, 0xfb09, 0xfccb, 0xfcab, 0xfc8b, 0xfc4a, 
	0xc061, 0xb000, 0xb800, 0xb800, 0x6903, 0x58a1, 0x2924, 0x2924, 0x28e1, 0xacd1, 0xff99, 0xff37, 0xff38, 0xff17, 0x5207, 0x2902, 
	0x2924, 0x2923, 0x7861, 0x88a2, 0xc000, 0xc000, 0xa000, 0xe206, 0xfccc, 0xfc8b, 0xfc8b, 0xfcab, 0xc903, 0xa800, 0xc000, 0xc000, 
	0x78e3, 0x6881, 0x2924, 0x2924, 0x28e1, 0x7b6b, 0xff79, 0xff38, 0xff38, 0xff79, 0x7b4b, 0x28e1, 0x2924, 0x2924, 0x6881, 0x78e3, 
	0xc000, 0xc000, 0xa800, 0xd103, 0xfcab, 0xfc8b, 0xfc8b, 0xfccc, 0xe206, 0xa000, 0xc000, 0xc000, 0x88a2, 0x7861, 0x2923, 0x2924, 
	0x2902, 0x5206, 0xff17, 0xff38, 0xff37, 0xff99, 0xacd1, 0x28e1, 0x2924, 0x2924, 0x58a1, 0x6903, 0xb800, 0xb800, 0xb000, 0xb860, 
	0xfc4a, 0xfc8b, 0xfcab, 0xfccb, 0xfb09, 0xa040, 0xc000, 0xc000, 0x9081, 0x9061, 0x2923, 0x2923, 0x3123, 0x3144, 0xe655, 0xff59, 
	0xff37, 0xff78, 0xd615, 0x3122, 0x2923, 0x2924, 0x48c2, 0x5944, 0xb800, 0xb800, 0xb000, 0xb000, 0xeba8, 0xfc8c, 0xfcab, 0xfcab, 
	0xfbcb, 0xa0a0, 0xb800, 0xb800, 0xa060, 0xa061, 0x3123, 0x2923, 0x3123, 0x28e2, 0xbd30, 0xff79, 0xff37, 0xff57, 0xf6f8, 0x49e4, 
	0x2903, 0x2923, 0x40e2, 0x4924, 0xb800, 0xb000, 0xb800, 0xb000, 0xd2c5, 0xfc8c, 0xfcab, 0xfcab, 0xfc2c, 0xb161, 0xb800, 0xb800, 
	0xa820, 0xa840, 0x3923, 0x3103, 0x2923, 0x20e2, 0x8bcb, 0xff9a, 0xff37, 0xff37, 0xff7a, 0x7308, 0x28e2, 0x3123, 0x3123, 0x3123, 
	0x3144, 0x3144, 0x3144, 0x2903, 0x6ae8, 0xeef8, 0xeeb6, 0xeeb6, 0xf6f8, 0x83ab, 0x2903, 0x3144, 0x3944, 0x3944, 0xa861, 0xa861, 
	0xb820, 0xb800, 0xb182, 0xfc4d, 0xfcab, 0xfcab, 0xfc8d, 0xd2e6, 0xb000, 0xb820, 0xb040, 0xb841, 0x5164, 0x4103, 0x3144, 0x2944, 
	0x5205, 0xe697, 0xeeb6, 0xeeb6, 0xf6f8, 0xacef, 0x2923, 0x3144, 0x3144, 0x3144, 0xa0a2, 0xa082, 0xc020, 0xb800, 0xa8e0, 0xfbcc, 
	0xfcab, 0xfcab, 0xfcac, 0xebc9, 0xb820, 0xb820, 0xb820, 0xb820, 0x6164, 0x48e2, 0x3144, 0x3144, 0x3963, 0xc5b4, 0xf6f6, 0xeeb6, 
	0xeed7, 0xd5f3, 0x3964, 0x3144, 0x3144, 0x3144, 0x9082, 0x90a2, 0xc000, 0xc000, 0xa060, 0xfb0a, 0xfccb, 0xfcab, 0xfcac, 0xfc6b, 
	0xc0a1, 0xb020, 0xc020, 0xc020, 0x6944, 0x58c2, 0x3164, 0x3164, 0x3102, 0xa4b0, 0xf6f7, 0xeeb6, 0xeed6, 0xeeb6, 0x5227, 0x3123, 
	0x3164, 0x2944, 0x80a2, 0x88e3, 0xc000, 0xc000, 0xa040, 0xe247, 0xfccc, 0xfcab, 0xfc8b, 0xfcac, 0xd144, 0xa840, 0xc000, 0xc000, 
	0x7903, 0x68a2, 0x2964, 0x2964, 0x3102, 0x734b, 0xf6f7, 0xeeb6, 0xeeb6, 0xf6f7, 0x734b, 0x3102, 0x2964, 0x2964, 0x68a2, 0x7903, 
	0xc000, 0xc000, 0xa840, 0xc943, 0xfcac, 0xfc8b, 0xfcab, 0xfccc, 0xe226, 0xa840, 0xc000, 0xc000, 0x88e3, 0x80a2, 0x2944, 0x3164, 
	0x3123, 0x5227, 0xee96, 0xeed6, 0xeeb6, 0xf6f7, 0xa490, 0x3102, 0x3164, 0x3164, 0x58c2, 0x6944, 0xc020, 0xc020, 0xb020, 0xc0a1, 
	0xfc4a, 0xfcac, 0xfcab, 0xfccb, 0xfb2a, 0xa060, 0xc000, 0xc000, 0x90a2, 0x9082, 0x3144, 0x3144, 0x3144, 0x3964, 0xd5f3, 0xeed7, 
	0xeeb6, 0xf6f6, 0xc5b4, 0x3963, 0x3144, 0x3144, 0x48e2, 0x5964, 0xb820, 0xb820, 0xb820, 0xb820, 0xebc9, 0xfcac, 0xfcab, 0xfcab, 
	0xfbcc, 0xa8e0, 0xb800, 0xc020, 0xa081, 0xa081, 0x3144, 0x3144, 0x3144, 0x2923, 0xacef, 0xf6f8, 0xeeb6, 0xeeb6, 0xe697, 0x5205, 
	0x2944, 0x3144, 0x4103, 0x5164, 0xb841, 0xb040, 0xb820, 0xb000, 0xd2e6, 0xfc8d, 0xfcab, 0xfcab, 0xfc4d, 0xb182, 0xb800, 0xb820, 
	0xa861, 0xa861, 0x3944, 0x3944, 0x3144, 0x2903, 0x83ab, 0xf6f8, 0xeeb6, 0xeeb6, 0xeef8, 0x72e8, 0x2903, 0x3144, 0x3144, 0x3144, 
	0x3144, 0x3144, 0x3144, 0x3144, 0x3964, 0x41a5, 0x41a5, 0x41a5, 0x41a5, 0x3985, 0x3144, 0x3144, 0x3944, 0x3944, 0xa861, 0xa861, 
	0xb820, 0xb800, 0xb182, 0xfc4d, 0xfcab, 0xfcab, 0xfc8d, 0xd2e6, 0xb000, 0xb820, 0xb040, 0xb841, 0x4944, 0x4103, 0x3144, 0x3144, 
	0x3985, 0x41c6, 0x41a5, 0x41a5, 0x41a5, 0x41a5, 0x3144, 0x3144, 0x3144, 0x3144, 0xa0a2, 0xa082, 0xc020, 0xb800, 0xa8c0, 0xfbcc, 
	0xfcab, 0xfcab, 0xfcac, 0xebc9, 0xb820, 0xb820, 0xb820, 0xb820, 0x5964, 0x48e2, 0x3144, 0x3144, 0x3964, 0x41c6, 0x41a5, 0x41a5, 
	0x41a5, 0x41c6, 0x3964, 0x3144, 0x3144, 0x3144, 0x9082, 0x90a2, 0xc000, 0xc000, 0xa060, 0xfb0a, 0xfccb, 0xfcab, 0xfc8b, 0xfc6b, 
	0xc0a1, 0xb020, 0xc020, 0xc020, 0x6944, 0x58c2, 0x3164, 0x3164, 0x3144, 0x41c6, 0x41a5, 0x41a5, 0x41a5, 0x41a5, 0x3964, 0x3144, 
	0x3164, 0x2944, 0x80a2, 0x88e3, 0xc000, 0xc000, 0xa040, 0xe247, 0xfccc, 0xfcab, 0xfc8b, 0xfcac, 0xd143, 0xa820, 0xc000, 0xc000, 
	0x7903, 0x68a2, 0x3164, 0x3164, 0x3144, 0x3985, 0x41a5, 0x41a5, 0x41a5, 0x41a5, 0x3964, 0x3144, 0x3164, 0x3164, 0x68a2, 0x7903, 
	0xc000, 0xc000, 0xa820, 0xd143, 0xfcac, 0xfc8b, 0xfcab, 0xfccc, 0xe226, 0xa840, 0xc000, 0xc000, 0x88e3, 0x80a2, 0x2944, 0x3164, 
	0x3144, 0x3964, 0x41a5, 0x41a5, 0x41a5, 0x41a5, 0x41a5, 0x3144, 0x3164, 0x3164, 0x58c2, 0x6944, 0xc020, 0xc020, 0xb020, 0xc081, 
	0xfc4a, 0xfcac, 0xfcab, 0xfccb, 0xfb2a, 0xa060, 0xc000, 0xc000, 0x90a2, 0x9082, 0x3144, 0x3144, 0x3144, 0x3964, 0x41c6, 0x41a5, 
	0x41a5, 0x41a5, 0x41c6, 0x3964, 0x3144, 0x3144, 0x48e2, 0x5964, 0xb820, 0xb820, 0xb820, 0xb820, 0xebc9, 0xfcac, 0xfcab, 0xfcab, 
	0xfbcc, 0xa8e0, 0xb800, 0xc020, 0xa081, 0xa081, 0x3144, 0x3144, 0x3144, 0x3164, 0x41a5, 0x41a5, 0x41a5, 0x41a5, 0x41c6, 0x3964, 
	0x3144, 0x3144, 0x4103, 0x5164, 0xb841, 0xb040, 0xb820, 0xb000, 0xd2c6, 0xfc8d, 0xfcab, 0xfcab, 0xfc4d, 0xb182, 0xb800, 0xb820, 
	0xa861, 0xa861, 0x3944, 0x3944, 0x3144, 0x3144, 0x3985, 0x41a5, 0x41a5, 0x41a5, 0x41a5, 0x3985, 0x3144, 0x3144, 0x3144, 0x3144, 
	0x3123, 0x3123, 0x3123, 0x3123, 0x3123, 0x2903, 0x2903, 0x2903, 0x2903, 0x3144, 0x2923, 0x2923, 0x3103, 0x3923, 0xa820, 0xa820, 
	0xb800, 0xb800, 0xb141, 0xfc2c, 0xfcab, 0xfcab, 0xfc8c, 0xd2c5, 0xb000, 0xb800, 0xb000, 0xb800, 0x4923, 0x40e2, 0x2923, 0x2923, 
	0x3144, 0x3123, 0x2903, 0x2903, 0x2903, 0x3144, 0x3123, 0x3123, 0x2923, 0x3123, 0xa061, 0xa041, 0xb800, 0xb800, 0xa0a0, 0xfbcb, 
	0xfcab, 0xfcab, 0xfc8c, 0xeba8, 0xb000, 0xb000, 0xb800, 0xb800, 0x5944, 0x48c2, 0x2923, 0x2923, 0x3123, 0x3144, 0x2903, 0x2903, 
	0x2903, 0x3144, 0x3144, 0x3123, 0x2923, 0x2923, 0x8861, 0x9081, 0xc000, 0xc000, 0xa040, 0xfb09, 0xfccb, 0xfcab, 0xfc8b, 0xfc4a, 
	0xc061, 0xb000, 0xb800, 0xb800, 0x6903, 0x58a1, 0x2923, 0x2923, 0x3123, 0x3144, 0x2903, 0x2903, 0x2903, 0x3123, 0x3144, 0x3123, 
	0x2923, 0x2923, 0x7861, 0x88a2, 0xc000, 0xc000, 0xa000, 0xe206, 0xfccc, 0xfc8b, 0xfc8b, 0xfcab, 0xc903, 0xa800, 0xc000, 0xc000, 
	0x78e3, 0x6881, 0x2923, 0x2923, 0x3123, 0x3144, 0x2903, 0x2903, 0x2903, 0x2903, 0x3123, 0x3123, 0x2923, 0x2923, 0x6881, 0x78e3, 
	0xc000, 0xc000, 0xa800, 0xd103, 0xfcab, 0xfc8b, 0xfc8b, 0xfccc, 0xe206, 0xa000, 0xc000, 0xc000, 0x88a2, 0x7861, 0x2923, 0x2923, 
	0x3123, 0x3144, 0x3123, 0x2903, 0x2903, 0x2903, 0x3144, 0x3123, 0x2923, 0x2923, 0x58a1, 0x6903, 0xb800, 0xb800, 0xb000, 0xb860, 
	0xfc4a, 0xfc8b, 0xfcab, 0xfccb, 0xfb09, 0xa040, 0xc000, 0xc000, 0x9081, 0x9061, 0x2923, 0x2923, 0x3123, 0x3144, 0x3144, 0x2903, 
	0x2903, 0x2903, 0x3144, 0x3123, 0x2923, 0x2923, 0x48c2, 0x5944, 0xb800, 0xb800, 0xb000, 0xb000, 0xeba8, 0xfc8c, 0xfcab, 0xfcab, 
	0xfbcb, 0xa0a0, 0xb800, 0xb800, 0xa060, 0xa061, 0x3123, 0x2923, 0x3123, 0x3123, 0x3144, 0x2903, 0x2903, 0x2903, 0x3123, 0x3144, 
	0x2923, 0x2923, 0x40e2, 0x4924, 0xb800, 0xb000, 0xb800, 0xb000, 0xd2c5, 0xfc8c, 0xfcab, 0xfcab, 0xfc2c, 0xb161, 0xb800, 0xb800, 
	0xa820, 0xa840, 0x3923, 0x3103, 0x2923, 0x2923, 0x3144, 0x2903, 0x2903, 0x2903, 0x3123, 0x3144, 0x3123, 0x3123, 0x3123, 0x3123, 
	0x3123, 0x3123, 0x3123, 0x3123, 0x3123, 0x3123, 0x3123, 0x3123, 0x3123, 0x3144, 0x3123, 0x3123, 0x3123, 0x3923, 0xa820, 0xa820, 
	0xb800, 0xb800, 0xb161, 0xfc2c, 0xfcab, 0xfcab, 0xfc8c, 0xd2c5, 0xb000, 0xb800, 0xb000, 0xb800, 0x4923, 0x40e2, 0x2923, 0x2923, 
	0x3144, 0x3144, 0x3123, 0x3123, 0x3123, 0x3144, 0x3123, 0x3123, 0x3123, 0x3123, 0xa061, 0x9841, 0xc000, 0xb800, 0xa0a0, 0xfbcb, 
	0xfcab, 0xfcab, 0xfc8c, 0xeba8, 0xb000, 0xb000, 0xb800, 0xb800, 0x5944, 0x48c2, 0x2923, 0x2923, 0x3144, 0x3144, 0x3123, 0x3123, 
	0x3123, 0x3964, 0x3144, 0x3123, 0x2923, 0x2923, 0x9061, 0x9081, 0xc000, 0xc000, 0xa040, 0xfb09, 0xfccb, 0xfcab, 0xfc8b, 0xfc4a, 
	0xc061, 0xb000, 0xb800, 0xb800, 0x6923, 0x58a1, 0x2943, 0x2943, 0x3123, 0x3964, 0x3123, 0x3123, 0x3123, 0x3144, 0x3144, 0x3123, 
	0x2943, 0x2923, 0x7861, 0x88c2, 0xc000, 0xc000, 0xa000, 0xe206, 0xfccc, 0xfc8b, 0xfc8b, 0xfcab, 0xd123, 0xa800, 0xc000, 0xc000, 
	0x78e3, 0x6881, 0x2943, 0x2943, 0x3123, 0x3144, 0x3123, 0x3123, 0x3123, 0x3123, 0x3123, 0x3123, 0x2943, 0x2943, 0x6881, 0x78e3, 
	0xc000, 0xc000, 0xa800, 0xc903, 0xfcab, 0xfc8b, 0xfc8b, 0xfccc, 0xe206, 0xa000, 0xc000, 0xc000, 0x88c2, 0x8061, 0x2923, 0x2943, 
	0x3123, 0x3144, 0x3144, 0x3123, 0x3123, 0x3123, 0x3144, 0x3123, 0x2943, 0x2943, 0x58a1, 0x6923, 0xb800, 0xb800, 0xb000, 0xc061, 
	0xfc4a, 0xfc8b, 0xfcab, 0xfccb, 0xfb09, 0xa040, 0xc000, 0xc000, 0x9081, 0x9061, 0x2923, 0x2923, 0x3123, 0x3144, 0x3964, 0x3123, 
	0x3123, 0x3123, 0x3144, 0x3144, 0x2923, 0x2923, 0x48c2, 0x5944, 0xb800, 0xb800, 0xb000, 0xb000, 0xeba8, 0xfc8c, 0xfcab, 0xfcab, 
	0xfbcb, 0xa8c0, 0xb800, 0xc000, 0x9860, 0xa061, 0x3123, 0x3123, 0x3123, 0x3123, 0x3964, 0x3123, 0x3123, 0x3123, 0x3144, 0x3144, 
	0x2923, 0x2923, 0x40e2, 0x4944, 0xb800, 0xb000, 0xb800, 0xb000, 0xd2c5, 0xfc8c, 0xfcab, 0xfcab, 0xfc2c, 0xb161, 0xb800, 0xb800, 
	0xa820, 0xa840, 0x3923, 0x3123, 0x3123, 0x3123, 0x3144, 0x3123, 0x3123, 0x3123, 0x3123, 0x3144, 0x3123, 0x3123, 0x3123, 0x3123, 
	0x2923, 0x2923, 0x2923, 0x2923, 0x2923, 0x3123, 0x3123, 0x3123, 0x3123, 0x3144, 0x2923, 0x2923, 0x3123, 0x3123, 0xa000, 0xa000, 
	0xb800, 0xb000, 0xb141, 0xfc2c, 0xfcab, 0xfcab, 0xfc8c, 0xd2a5, 0xb000, 0xb800, 0xb000, 0xb000, 0x4123, 0x38e2, 0x2944, 0x2123, 
	0x3144, 0x3144, 0x3123, 0x3123, 0x2923, 0x3144, 0x2943, 0x2923, 0x2923, 0x2923, 0x9841, 0x9820, 0xb800, 0xb800, 0xa080, 0xfbab, 
	0xfcab, 0xfcab, 0xfc8c, 0xeba8, 0xb000, 0xb000, 0xb800, 0xb800, 0x5924, 0x48c2, 0x2144, 0x2144, 0x3144, 0x3144, 0x3123, 0x3123, 
	0x2923, 0x3164, 0x3144, 0x2923, 0x2944, 0x2123, 0x8841, 0x8861, 0xb800, 0xb800, 0x9800, 0xfae9, 0xfccb, 0xfcab, 0xfc8b, 0xfc4a, 
	0xb840, 0xb000, 0xb800, 0xb800, 0x6103, 0x58a2, 0x2144, 0x2144, 0x2923, 0x3164, 0x3123, 0x3123, 0x3123, 0x3123, 0x3144, 0x2923, 
	0x2144, 0x2143, 0x7861, 0x8082, 0xb800, 0xb800, 0xa000, 0xe206, 0xfccc, 0xfc8b, 0xfc8b, 0xfcab, 0xc8e2, 0xa800, 0xb800, 0xb800, 
	0x70c2, 0x6861, 0x2144, 0x2144, 0x2923, 0x3144, 0x3123, 0x3123, 0x3123, 0x3123, 0x2923, 0x2923, 0x2144, 0x2144, 0x6881, 0x70c2, 
	0xb800, 0xb800, 0xa800, 0xc8e2, 0xfcab, 0xfc8b, 0xfc8b, 0xfccc, 0xe1e6, 0xa000, 0xb800, 0xb800, 0x8082, 0x7861, 0x2143, 0x2144, 
	0x2923, 0x3144, 0x3123, 0x3123, 0x3123, 0x3123, 0x3164, 0x2923, 0x2144, 0x2144, 0x58a2, 0x6103, 0xb800, 0xb800, 0xb000, 0xb820, 
	0xf44a, 0xfc8b, 0xfcab, 0xfccb, 0xfae9, 0x9800, 0xb800, 0xb800, 0x8861, 0x8841, 0x2123, 0x2944, 0x2923, 0x3144, 0x3164, 0x2923, 
	0x3123, 0x3123, 0x3144, 0x3144, 0x2144, 0x2144, 0x48c2, 0x5124, 0xb800, 0xb800, 0xb000, 0xb000, 0xeba8, 0xfc8c, 0xfcab, 0xfcab, 
	0xfbcb, 0xa080, 0xb800, 0xb800, 0x9820, 0x9841, 0x2923, 0x2923, 0x2923, 0x2943, 0x3164, 0x2923, 0x3123, 0x3123, 0x3144, 0x3144, 
	0x2123, 0x2944, 0x38e2, 0x4944, 0xb000, 0xb000, 0xb800, 0xb000, 0xd2a5, 0xfc8c, 0xfcab, 0xfcab, 0xfc2c, 0xb141, 0xb000, 0xb800, 
	0xa000, 0xa800, 0x3123, 0x3123, 0x2923, 0x2923, 0x3144, 0x3123, 0x3123, 0x3123, 0x3123, 0x3144, 0x2923, 0x2923, 0x2923, 0x2923, 
	0x5903, 0x5903, 0x5903, 0x5903, 0x4144, 0x4123, 0x3164, 0x3164, 0x3923, 0x4164, 0x5903, 0x5903, 0x58e3, 0x6103, 0xc163, 0xc1a4, 
	0xd163, 0xc963, 0xca64, 0xfc6c, 0xfcab, 0xfcab, 0xfc8c, 0xe368, 0xc943, 0xc963, 0xc983, 0xc984, 0x7164, 0x60c2, 0x5903, 0x5903, 
	0x4964, 0x4944, 0x3144, 0x3164, 0x3924, 0x4164, 0x5903, 0x5903, 0x5903, 0x5903, 0xb163, 0xc1c5, 0xd163, 0xd163, 0xc203, 0xfc0c, 
	0xfcab, 0xfcab, 0xfc8c, 0xf40a, 0xc983, 0xc983, 0xc963, 0xd184, 0x89a5, 0x68c2, 0x5903, 0x5903, 0x5144, 0x4944, 0x3144, 0x3164, 
	0x3944, 0x4185, 0x5923, 0x5903, 0x5903, 0x5903, 0xa122, 0xb9e5, 0xd163, 0xd163, 0xb9a3, 0xfb8a, 0xfcab, 0xfcab, 0xfcab, 0xfc6b, 
	0xd1c4, 0xc983, 0xd183, 0xd184, 0x91e6, 0x70c1, 0x5903, 0x5903, 0x5124, 0x5144, 0x3144, 0x3164, 0x3144, 0x3964, 0x5923, 0x5903, 
	0x5903, 0x5903, 0x90e2, 0xb1e6, 0xd163, 0xd163, 0xb983, 0xeae8, 0xfccc, 0xfcab, 0xfc8b, 0xfcab, 0xda46, 0xc183, 0xd163, 0xd183, 
	0xa1e6, 0x78a1, 0x5903, 0x5903, 0x5123, 0x5123, 0x3164, 0x3164, 0x3164, 0x3164, 0x5103, 0x5123, 0x5903, 0x5903, 0x80c1, 0xa1e6, 
	0xd183, 0xd163, 0xc183, 0xda46, 0xfcab, 0xfc8b, 0xfcab, 0xfccc, 0xeae8, 0xc183, 0xd163, 0xd163, 0xb1e6, 0x90e2, 0x5903, 0x5903, 
	0x5903, 0x5923, 0x3964, 0x3944, 0x3164, 0x3144, 0x5144, 0x5123, 0x5903, 0x5903, 0x70c1, 0x91e6, 0xd184, 0xd183, 0xc983, 0xd1c4, 
	0xfc6b, 0xfcab, 0xfcab, 0xfcab, 0xfb8a, 0xb9a3, 0xd163, 0xd163, 0xb9e5, 0xa123, 0x58e3, 0x5903, 0x5903, 0x5923, 0x4185, 0x3944, 
	0x3164, 0x3144, 0x4944, 0x5144, 0x5903, 0x5903, 0x68c2, 0x81a5, 0xd184, 0xc963, 0xc983, 0xc983, 0xf40a, 0xfc8c, 0xfcab, 0xfcab, 
	0xfc0c, 0xc203, 0xd163, 0xd163, 0xc1c5, 0xb163, 0x5903, 0x5903, 0x5903, 0x5903, 0x4165, 0x3924, 0x3164, 0x3144, 0x4944, 0x4964, 
	0x5903, 0x5903, 0x60e2, 0x7164, 0xc9a4, 0xc983, 0xc963, 0xc943, 0xe367, 0xfc8c, 0xfcab, 0xfcab, 0xfc6c, 0xca64, 0xc963, 0xd163, 
	0xc1a4, 0xc184, 0x6103, 0x58e3, 0x5903, 0x5903, 0x4164, 0x3923, 0x3164, 0x3164, 0x4123, 0x4944, 0x5903, 0x5903, 0x5903, 0x5903, 
	0xb800, 0xb800, 0xc000, 0xc000, 0x68e3, 0x5881, 0x2964, 0x2964, 0x50a2, 0x6123, 0xc000, 0xc000, 0xb800, 0xb820, 0xf409, 0xfcac, 
	0xfccb, 0xfccb, 0xfcab, 0xfc8b, 0xfc8b, 0xfc8b, 0xfc8b, 0xfcab, 0xfccb, 0xfcab, 0xfcab, 0xfccc, 0xd123, 0xa800, 0xc000, 0xc000, 
	0x7903, 0x6881, 0x2944, 0x2944, 0x48e2, 0x5144, 0xb800, 0xb800, 0xb800, 0xb800, 0xe347, 0xfcad, 0xfccb, 0xfccb, 0xfcab, 0xfcab, 
	0xfc8b, 0xfc8b, 0xfc8b, 0xfcab, 0xfccb, 0xfcab, 0xfccb, 0xfcec, 0xea27, 0xa800, 0xc000, 0xc000, 0x88c2, 0x8081, 0x2944, 0x2944, 
	0x3903, 0x4944, 0xb820, 0xb000, 0xc000, 0xb800, 0xca64, 0xfcad, 0xfccb, 0xfccb, 0xfcac, 0xfcab, 0xfc8b, 0xfc8b, 0xfc8b, 0xfcab, 
	0xfccb, 0xfcab, 0xfccb, 0xfcec, 0xfb09, 0xa040, 0xc000, 0xc000, 0x9882, 0x9081, 0x2943, 0x2944, 0x3123, 0x3923, 0xb020, 0xb020, 
	0xc000, 0xc000, 0xb161, 0xfc6d, 0xfccb, 0xfccb, 0xfcab, 0xfcab, 0xfc8b, 0xfc8b, 0xfc8b, 0xfc8b, 0xfcab, 0xfccb, 0xfccb, 0xfceb, 
	0xfbcb, 0xa8a0, 0xc000, 0xc000, 0xa061, 0xa040, 0x3143, 0x3143, 0x3143, 0x3123, 0xa020, 0xa041, 0xc000, 0xc000, 0xa8a0, 0xfbeb, 
	0xfceb, 0xfccb, 0xfcab, 0xfcab, 0xfc8b, 0xfc8b, 0xfc8b, 0xfc8b, 0xfcab, 0xfcab, 0xfccb, 0xfccb, 0xfc6d, 0xb161, 0xc000, 0xc000, 
	0xb020, 0xb020, 0x3923, 0x3923, 0x2944, 0x2943, 0x9061, 0x9882, 0xc000, 0xc000, 0xa040, 0xfb09, 0xfcec, 0xfccb, 0xfcab, 0xfccb, 
	0xfc8b, 0xfc8b, 0xfc8b, 0xfc8b, 0xfcab, 0xfccc, 0xfccb, 0xfccb, 0xfcad, 0xca64, 0xb800, 0xc000, 0xb800, 0xb820, 0x4944, 0x3903, 
	0x2944, 0x2944, 0x8081, 0x88c2, 0xc000, 0xc000, 0xa800, 0xea06, 0xfcec, 0xfccb, 0xfcab, 0xfccb, 0xfcab, 0xfc8b, 0xfc8b, 0xfc8b, 
	0xfcab, 0xfcab, 0xfccb, 0xfccb, 0xfcad, 0xe367, 0xb800, 0xb800, 0xb800, 0xb800, 0x5144, 0x48e2, 0x2944, 0x2944, 0x6881, 0x7903, 
	0xc000, 0xc000, 0xa800, 0xd123, 0xfccc, 0xfcab, 0xfcab, 0xfccb, 0xfcab, 0xfc8b, 0xfc8b, 0xfc8b, 0xfc8b, 0xfcab, 0xfccb, 0xfccb, 
	0xfcac, 0xf42a, 0xb820, 0xb800, 0xc000, 0xc000, 0x6123, 0x50a2, 0x2964, 0x2964, 0x58a1, 0x6903, 0xc000, 0xc000, 0xb800, 0xb800, 
	0xb800, 0xb800, 0xb800, 0xb800, 0x60e3, 0x5881, 0x2944, 0x2944, 0x50a1, 0x6103, 0xb800, 0xb800, 0xb000, 0xb820, 0xf3e9, 0xfc8c, 
	0xfc8b, 0xfc8b, 0xfc8b, 0xfc8b, 0xfc8b, 0xfc8b, 0xfc8b, 0xfc8b, 0xfc8b, 0xfc8b, 0xfc8b, 0xfcab, 0xd123, 0xa800, 0xc000, 0xc000, 
	0x7903, 0x6881, 0x2144, 0x2944, 0x40c2, 0x5124, 0xb800, 0xb800, 0xb800, 0xb000, 0xe327, 0xfc8c, 0xfc8b, 0xfc8b, 0xfc8b, 0xfc8b, 
	0xfc8b, 0xfc8b, 0xfc8b, 0xfc8b, 0xfc8b, 0xfc8b, 0xfc8b, 0xfccc, 0xe226, 0xa000, 0xc000, 0xc000, 0x80c2, 0x7881, 0x2944, 0x2944, 
	0x3902, 0x4144, 0xb020, 0xb000, 0xb800, 0xb000, 0xca44, 0xfc8d, 0xfc8b, 0xfc8b, 0xfc8b, 0xfc8b, 0xfc8b, 0xfc8b, 0xfc8b, 0xfc8b, 
	0xfc8b, 0xfc8b, 0xfcab, 0xfccb, 0xfb09, 0xa040, 0xc000, 0xc000, 0x9081, 0x9081, 0x2923, 0x2943, 0x3123, 0x3923, 0xa820, 0xa820, 
	0xb800, 0xb800, 0xb161, 0xfc4c, 0xfcab, 0xfcab, 0xfc8b, 0xfc8b, 0xfc8b, 0xfc8b, 0xfc8b, 0xfc8b, 0xfc8b, 0xfc8b, 0xfcab, 0xfcab, 
	0xfbab, 0xa8a0, 0xb800, 0xc000, 0xa060, 0x9840, 0x3123, 0x3123, 0x3123, 0x2923, 0x9820, 0xa061, 0xc000, 0xb800, 0xa8a0, 0xfbcb, 
	0xfcab, 0xfcab, 0xfc8b, 0xfc8b, 0xfc8b, 0xfc8b, 0xfc8b, 0xfc8b, 0xfc8b, 0xfc8b, 0xfcab, 0xfcab, 0xfc4c, 0xb161, 0xb800, 0xb800, 
	0xa820, 0xa820, 0x3923, 0x3103, 0x2943, 0x2923, 0x9061, 0x9081, 0xc000, 0xc000, 0xa040, 0xfae9, 0xfccb, 0xfcab, 0xfc8b, 0xfc8b, 
	0xfc8b, 0xfc8b, 0xfc8b, 0xfc8b, 0xfcab, 0xfc8b, 0xfc8b, 0xfc8b, 0xfc8d, 0xca44, 0xb000, 0xb800, 0xb000, 0xb020, 0x4144, 0x3902, 
	0x2944, 0x2944, 0x7881, 0x80c2, 0xc000, 0xc000, 0xa000, 0xe206, 0xfccc, 0xfc8b, 0xfc8b, 0xfc8b, 0xfcab, 0xfc8b, 0xfc8b, 0xfc8b, 
	0xfc8b, 0xfc8b, 0xfc8b, 0xfc8b, 0xfc8c, 0xe327, 0xb000, 0xb800, 0xb800, 0xb800, 0x5144, 0x40c2, 0x2944, 0x2144, 0x6881, 0x7903, 
	0xc000, 0xc000, 0xa800, 0xd123, 0xfcab, 0xfc8b, 0xfc8b, 0xfc8b, 0xfc8b, 0xfc8b, 0xfc8b, 0xfc8b, 0xfc8b, 0xfc8b, 0xfc8b, 0xfc8b, 
	0xfc8c, 0xf409, 0xb820, 0xb000, 0xb800, 0xb800, 0x6103, 0x50a1, 0x2944, 0x2944, 0x58a1, 0x6903, 0xb800, 0xb800, 0xb800, 0xb800, 
	0xb800, 0xb800, 0xb800, 0xc000, 0x60e3, 0x5881, 0x2944, 0x2944, 0x50a1, 0x6103, 0xb800, 0xb800, 0xb000, 0xb820, 0xf3e9, 0xfc8c, 
	0xfc8b, 0xfc8b, 0xfc8b, 0xfc8b, 0xfc8b, 0xfc8b, 0xfc8b, 0xfc8b, 0xfc8b, 0xfc8b, 0xfc8b, 0xfcab, 0xd123, 0xa800, 0xc000, 0xc000, 
	0x7903, 0x6881, 0x2144, 0x2944, 0x40c2, 0x5124, 0xb800, 0xb800, 0xb800, 0xb000, 0xe327, 0xfc8c, 0xfc8b, 0xfc8b, 0xfc8b, 0xfc8b, 
	0xfc8b, 0xfc8b, 0xfc8b, 0xfc8b, 0xfc8b, 0xfc8b, 0xfc8b, 0xfccc, 0xe226, 0xa000, 0xc000, 0xc000, 0x80c2, 0x7881, 0x2944, 0x2944, 
	0x3902, 0x4144, 0xb020, 0xb000, 0xb800, 0xb000, 0xca44, 0xfc8d, 0xfc8b, 0xfc8b, 0xfc8b, 0xfc8b, 0xfc8b, 0xfc8b, 0xfc8b, 0xfc8b, 
	0xfc8b, 0xfc8b, 0xfcab, 0xfccb, 0xfb09, 0xa040, 0xc000, 0xc000, 0x9081, 0x9081, 0x2923, 0x2943, 0x3123, 0x3923, 0xa840, 0xa820, 
	0xb800, 0xb800, 0xb161, 0xfc2c, 0xfcab, 0xfcab, 0xfc8b, 0xfc8b, 0xfc8b, 0xfc8b, 0xfc8b, 0xfc8b, 0xfc8b, 0xfc8b, 0xfcab, 0xfcab, 
	0xfbab, 0xa8a0, 0xb800, 0xc000, 0xa060, 0x9840, 0x3123, 0x3123, 0x3123, 0x2923, 0x9820, 0xa061, 0xb800, 0xb800, 0xa8a0, 0xfbcb, 
	0xfcab, 0xfcab, 0xfc8b, 0xfc8b, 0xfc8b, 0xfc8b, 0xfc8b, 0xfc8b, 0xfc8b, 0xfc8b, 0xfcab, 0xfcab, 0xfc4c, 0xb161, 0xb800, 0xb800, 
	0xa820, 0xa820, 0x3923, 0x3103, 0x2943, 0x2923, 0x9061, 0x9081, 0xc000, 0xc000, 0xa040, 0xfb09, 0xfccb, 0xfcab, 0xfc8b, 0xfc8b, 
	0xfc8b, 0xfc8b, 0xfc8b, 0xfc8b, 0xfcab, 0xfc8b, 0xfc8b, 0xfc8b, 0xfc8d, 0xca44, 0xb000, 0xb800, 0xb000, 0xb020, 0x4144, 0x3902, 
	0x2944, 0x2944, 0x7881, 0x80c2, 0xc000, 0xc000, 0xa000, 0xe206, 0xfccc, 0xfc8b, 0xfc8b, 0xfc8b, 0xfcab, 0xfc8b, 0xfc8b, 0xfc8b, 
	0xfc8b, 0xfc8b, 0xfc8b, 0xfc8b, 0xfc8c, 0xe327, 0xb000, 0xb800, 0xb800, 0xb800, 0x5144, 0x40c2, 0x2944, 0x2144, 0x6881, 0x7903, 
	0xc000, 0xc000, 0xa800, 0xd123, 0xfcab, 0xfc8b, 0xfc8b, 0xfc8b, 0xfc8b, 0xfc8b, 0xfc8b, 0xfc8b, 0xfc8b, 0xfc8b, 0xfc8b, 0xfc8b, 
	0xfc8c, 0xf409, 0xb820, 0xb000, 0xb800, 0xb800, 0x6103, 0x50a1, 0x2944, 0x2944, 0x58a1, 0x6903, 0xb800, 0xb800, 0xb800, 0xb800, 
	0xb800, 0xb800, 0xb800, 0xb800, 0x60e3, 0x58a1, 0x2944, 0x2944, 0x50a2, 0x6123, 0xb800, 0xb800, 0xb000, 0xb820, 0xf3e9, 0xfc8c, 
	0xfc8b, 0xfc8b, 0xfcab, 0xfccc, 0xfccb, 0xfccb, 0xfccc, 0xfcab, 0xfc8b, 0xfc8b, 0xfc8b, 0xfcab, 0xd123, 0xa800, 0xc000, 0xc000, 
	0x7903, 0x6881, 0x2944, 0x2944, 0x40c2, 0x5124, 0xb800, 0xb800, 0xb800, 0xb000, 0xe327, 0xfc8c, 0xfc8b, 0xfc8b, 0xfc8b, 0xfccc, 
	0xfccb, 0xfccb, 0xfccc, 0xfccc, 0xfc8b, 0xfc8b, 0xfc8b, 0xfccc, 0xe226, 0xa000, 0xc000, 0xc000, 0x88c2, 0x7881, 0x2944, 0x2944, 
	0x3902, 0x4144, 0xb020, 0xb000, 0xb800, 0xb000, 0xca44, 0xfc8d, 0xfc8b, 0xfc8b, 0xfc8b, 0xfcac, 0xfccb, 0xfccb, 0xfccc, 0xfccc, 
	0xfcab, 0xfc8b, 0xfc8b, 0xfccb, 0xfb09, 0xa040, 0xc000, 0xc000, 0x90a1, 0x9081, 0x2923, 0x2944, 0x3123, 0x3923, 0xa840, 0xa840, 
	0xb800, 0xb800, 0xb161, 0xfc4d, 0xfcab, 0xfcab, 0xfc8b, 0xfcab, 0xfccb, 0xfccb, 0xfccc, 0xfccc, 0xfcab, 0xfc8b, 0xfcab, 0xfcab, 
	0xfbcb, 0xa0a0, 0xb800, 0xc000, 0xa061, 0x9841, 0x3123, 0x3143, 0x3143, 0x3123, 0x9820, 0xa061, 0xc000, 0xb800, 0xa0a0, 0xfbcb, 
	0xfcab, 0xfcab, 0xfc8b, 0xfcab, 0xfccc, 0xfccc, 0xfccb, 0xfccb, 0xfcab, 0xfc8b, 0xfcab, 0xfcab, 0xfc4d, 0xb161, 0xb800, 0xb800, 
	0xa840, 0xa840, 0x3923, 0x3123, 0x2944, 0x2943, 0x8861, 0x90a1, 0xc000, 0xc000, 0xa040, 0xfb09, 0xfccb, 0xfc8b, 0xfc8b, 0xfc8b, 
	0xfccc, 0xfccc, 0xfccb, 0xfccb, 0xfccc, 0xfc8b, 0xfc8b, 0xfc8b, 0xfc8d, 0xca44, 0xb000, 0xb800, 0xb000, 0xb020, 0x4144, 0x3902, 
	0x2944, 0x2944, 0x7881, 0x88c2, 0xc000, 0xc000, 0xa000, 0xe206, 0xfccc, 0xfc8b, 0xfc8b, 0xfc8b, 0xfccc, 0xfccc, 0xfccb, 0xfccb, 
	0xfccc, 0xfc8b, 0xfc8b, 0xfc8b, 0xfc8c, 0xe347, 0xb000, 0xb800, 0xb800, 0xb800, 0x5144, 0x40c2, 0x2944, 0x2944, 0x6881, 0x7903, 
	0xc000, 0xc000, 0xa800, 0xd143, 0xfcac, 0xfc8b, 0xfc8b, 0xfc8b, 0xfcab, 0xfccc, 0xfccb, 0xfccb, 0xfccc, 0xfcab, 0xfc8b, 0xfc8b, 
	0xfc8c, 0xf409, 0xb820, 0xb000, 0xb800, 0xb800, 0x6103, 0x50a2, 0x2944, 0x2944, 0x58a1, 0x6903, 0xb800, 0xb800, 0xb800, 0xb800, 
	0xb841, 0xb841, 0xc041, 0xc041, 0x6924, 0x60c2, 0x2985, 0x2985, 0x58e2, 0x6164, 0xc041, 0xb841, 0xb840, 0xb861, 0xf40a, 0xfcac, 
	0xfcab, 0xfccb, 0xfc0b, 0xca45, 0xd205, 0xda05, 0xca04, 0xeb29, 0xfccc, 0xfcab, 0xfcab, 0xfcac, 0xd164, 0xa860, 0xc041, 0xc041, 
	0x8144, 0x70c2, 0x2984, 0x2985, 0x4903, 0x5165, 0xb861, 0xb841, 0xb841, 0xb020, 0xe368, 0xfcad, 0xfcab, 0xfcab, 0xfc4c, 0xd2a5, 
	0xd205, 0xda05, 0xca05, 0xe2c7, 0xfcac, 0xfcab, 0xfcab, 0xfccc, 0xe247, 0xa860, 0xc041, 0xc041, 0x8903, 0x80c2, 0x2964, 0x3185, 
	0x4124, 0x4965, 0xb881, 0xb061, 0xb841, 0xb820, 0xca65, 0xfc8d, 0xfcab, 0xfcab, 0xfc8d, 0xdb27, 0xd1e5, 0xda05, 0xd205, 0xda46, 
	0xfc8b, 0xfcac, 0xfcab, 0xfccc, 0xfb2a, 0xa080, 0xc041, 0xc041, 0x90e3, 0x90c2, 0x3164, 0x3185, 0x3944, 0x3964, 0xa881, 0xa881, 
	0xb841, 0xb820, 0xb9a2, 0xfc4d, 0xfcab, 0xfcab, 0xfcac, 0xe3a8, 0xd1e5, 0xd205, 0xd205, 0xd205, 0xf42a, 0xfcac, 0xfcab, 0xfccb, 
	0xfbcc, 0xa8e0, 0xb821, 0xc041, 0xa0a2, 0xa082, 0x3164, 0x3164, 0x3164, 0x3164, 0x9861, 0xa0a2, 0xc041, 0xb821, 0xa8e0, 0xfbcc, 
	0xfccb, 0xfcab, 0xfcac, 0xf42a, 0xd205, 0xd205, 0xd205, 0xd1e5, 0xe388, 0xfcac, 0xfcab, 0xfcab, 0xfc4d, 0xb9a2, 0xb820, 0xb841, 
	0xa881, 0xa881, 0x3964, 0x3944, 0x3185, 0x3164, 0x90a2, 0x90e3, 0xc041, 0xc041, 0xa080, 0xfb2a, 0xfccc, 0xfcab, 0xfcac, 0xfc8b, 
	0xda46, 0xd205, 0xda05, 0xd1e5, 0xdb27, 0xfc8d, 0xfcab, 0xfcab, 0xfc8d, 0xca85, 0xb820, 0xb841, 0xb061, 0xb881, 0x4965, 0x4124, 
	0x3185, 0x2964, 0x80a2, 0x8903, 0xc041, 0xc041, 0xa860, 0xe247, 0xfccc, 0xfcab, 0xfcab, 0xfcac, 0xe2c7, 0xca05, 0xda05, 0xd205, 
	0xd2a5, 0xfc4c, 0xfcab, 0xfcab, 0xfcad, 0xe368, 0xb020, 0xb841, 0xb841, 0xb861, 0x5985, 0x4903, 0x2985, 0x2984, 0x68c2, 0x7944, 
	0xc041, 0xc041, 0xa860, 0xd164, 0xfcac, 0xfcab, 0xfcab, 0xfccc, 0xeb49, 0xca24, 0xda05, 0xd205, 0xca44, 0xfc0b, 0xfccb, 0xfcab, 
	0xfc8c, 0xf40a, 0xb881, 0xb060, 0xb841, 0xc041, 0x6164, 0x58e2, 0x2985, 0x2985, 0x60c2, 0x6944, 0xc041, 0xc041, 0xb841, 0xb841, 
	0xb800, 0xb800, 0xb800, 0xb800, 0x60e3, 0x5881, 0x2944, 0x2944, 0x50a1, 0x6103, 0xb800, 0xb800, 0xb000, 0xb820, 0xf3e9, 0xfc8c, 
	0xfcab, 0xfccb, 0xfb4a, 0xa040, 0xb800, 0xb800, 0xa000, 0xe1e5, 0xfccc, 0xfc8b, 0xfc8b, 0xfcab, 0xd123, 0xa800, 0xc000, 0xb800, 
	0x7903, 0x6881, 0x2144, 0x2944, 0x40c2, 0x5123, 0xb800, 0xb800, 0xb800, 0xb000, 0xe327, 0xfc8c, 0xfcab, 0xfcab, 0xfc0c, 0xa8c0, 
	0xb000, 0xb800, 0xa800, 0xc903, 0xfcab, 0xfc8b, 0xfc8b, 0xfccc, 0xe226, 0xa000, 0xc000, 0xc000, 0x88c2, 0x8061, 0x2944, 0x2944, 
	0x3902, 0x4144, 0xb020, 0xb000, 0xb800, 0xb000, 0xca44, 0xfc8d, 0xfcab, 0xfcab, 0xfc6d, 0xb9a2, 0xb000, 0xb800, 0xa800, 0xb840, 
	0xfc4a, 0xfc8b, 0xfcab, 0xfccb, 0xfb09, 0xa040, 0xb800, 0xc000, 0x9081, 0x9061, 0x2923, 0x2943, 0x3103, 0x3923, 0xa820, 0xa820, 
	0xb800, 0xb800, 0xb161, 0xfc2c, 0xfcab, 0xfcab, 0xfc8c, 0xd2a5, 0xb000, 0xb000, 0xb000, 0xb000, 0xe388, 0xfc8c, 0xfcab, 0xfcab, 
	0xfbab, 0xa8a0, 0xb800, 0xc000, 0xa060, 0x9840, 0x2923, 0x3123, 0x3123, 0x2923, 0x9820, 0xa040, 0xc000, 0xb800, 0xa8a0, 0xfbab, 
	0xfcab, 0xfcab, 0xfc8c, 0xe388, 0xb000, 0xb000, 0xb000, 0xb000, 0xd2a5, 0xfc8c, 0xfcab, 0xfcab, 0xfc2c, 0xb161, 0xb800, 0xb800, 
	0xa820, 0xa820, 0x3923, 0x3103, 0x2943, 0x2923, 0x9061, 0x9081, 0xc000, 0xb800, 0xa040, 0xfae9, 0xfccb, 0xfcab, 0xfc8b, 0xfc4a, 
	0xb840, 0xa800, 0xb800, 0xb000, 0xb9a2, 0xfc6d, 0xfcab, 0xfcab, 0xfc8d, 0xca44, 0xb000, 0xb800, 0xb000, 0xb020, 0x4144, 0x3902, 
	0x2944, 0x2944, 0x7861, 0x80c2, 0xc000, 0xc000, 0xa000, 0xe206, 0xfccc, 0xfc8b, 0xfc8b, 0xfcab, 0xc903, 0xa000, 0xb800, 0xb000, 
	0xa8c0, 0xfc0c, 0xfcab, 0xfcab, 0xfc8c, 0xe327, 0xb000, 0xb800, 0xb800, 0xb800, 0x5124, 0x40c2, 0x2944, 0x2144, 0x6881, 0x78e3, 
	0xb800, 0xc000, 0xa800, 0xd123, 0xfcab, 0xfc8b, 0xfc8b, 0xfccc, 0xe1e6, 0xa000, 0xb800, 0xb800, 0xa040, 0xfb4a, 0xfcab, 0xfcab, 
	0xfc8c, 0xf409, 0xb820, 0xb000, 0xb800, 0xb800, 0x6103, 0x50a1, 0x2944, 0x2944, 0x58a1, 0x6903, 0xb800, 0xb800, 0xb800, 0xb800, 
	0xb800, 0xb800, 0xb800, 0xc000, 0x60e3, 0x58a1, 0x2944, 0x2944, 0x50a1, 0x6103, 0xb800, 0xb800, 0xb000, 0xb820, 0xf3e9, 0xfc8c, 
	0xfcab, 0xfcab, 0xfb6a, 0xa060, 0xb800, 0xb800, 0xa000, 0xe206, 0xfccc, 0xfc8b, 0xfc8b, 0xfcab, 0xd123, 0xa800, 0xc000, 0xc000, 
	0x7903, 0x6881, 0x2144, 0x2944, 0x40c2, 0x5124, 0xb800, 0xb800, 0xb800, 0xb000, 0xe327, 0xfc8c, 0xfcab, 0xfcab, 0xfc0c, 0xa900, 
	0xb800, 0xb800, 0xa800, 0xd123, 0xfcab, 0xfc8b, 0xfc8b, 0xfccc, 0xe226, 0xa000, 0xc000, 0xc000, 0x80c2, 0x7881, 0x2944, 0x2944, 
	0x3902, 0x4144, 0xb020, 0xb000, 0xb800, 0xb000, 0xca44, 0xfc8d, 0xfcab, 0xfcab, 0xfc6d, 0xb9c2, 0xb000, 0xb800, 0xb000, 0xc081, 
	0xfc4a, 0xfc8b, 0xfcab, 0xfccb, 0xfb09, 0xa040, 0xc000, 0xc000, 0x9081, 0x9081, 0x2923, 0x2943, 0x3123, 0x3923, 0xa840, 0xa820, 
	0xb800, 0xb800, 0xb161, 0xfc2c, 0xfcab, 0xfcab, 0xfc8c, 0xd2c5, 0xb000, 0xb800, 0xb800, 0xb000, 0xeba8, 0xfc8c, 0xfcab, 0xfcab, 
	0xfbab, 0xa8a0, 0xb800, 0xb800, 0xa060, 0x9840, 0x3123, 0x3123, 0x3123, 0x2923, 0x9820, 0xa061, 0xb800, 0xb800, 0xa8a0, 0xfbcb, 
	0xfcab, 0xfcab, 0xfc8c, 0xeba8, 0xb000, 0xb800, 0xb800, 0xb000, 0xd2a5, 0xfc8c, 0xfcab, 0xfcab, 0xfc4c, 0xb161, 0xb800, 0xb800, 
	0xa820, 0xa820, 0x3923, 0x3103, 0x2943, 0x2923, 0x9061, 0x9081, 0xc000, 0xc000, 0xa040, 0xfb09, 0xfccb, 0xfcab, 0xfc8b, 0xfc4a, 
	0xc081, 0xb000, 0xb800, 0xb000, 0xb9c2, 0xfc6d, 0xfcab, 0xfcab, 0xfc8d, 0xca44, 0xb000, 0xb800, 0xb000, 0xb020, 0x4144, 0x3902, 
	0x2944, 0x2944, 0x7881, 0x80c2, 0xc000, 0xc000, 0xa000, 0xe206, 0xfccc, 0xfc8b, 0xfc8b, 0xfcab, 0xd123, 0xa800, 0xb800, 0xb800, 
	0xa900, 0xfc0c, 0xfcab, 0xfcab, 0xfc8c, 0xe327, 0xb000, 0xb800, 0xb800, 0xb800, 0x5144, 0x40c2, 0x2944, 0x2144, 0x6881, 0x7903, 
	0xc000, 0xc000, 0xa800, 0xd123, 0xfcab, 0xfc8b, 0xfc8b, 0xfccc, 0xe206, 0xa000, 0xb800, 0xb800, 0xa060, 0xfb6a, 0xfcab, 0xfcab, 
	0xfc8c, 0xf409, 0xb820, 0xb000, 0xb800, 0xb800, 0x6103, 0x50a1, 0x2944, 0x2944, 0x58a1, 0x6903, 0xb800, 0xb800, 0xb800, 0xb800, 
	0xb800, 0xb800, 0xb800, 0xb800, 0x60e3, 0x5881, 0x2944, 0x2944, 0x50a1, 0x6103, 0xb800, 0xb800, 0xb000, 0xb820, 0xf409, 0xfcac, 
	0xfcab, 0xfccb, 0xfb6a, 0xa060, 0xb800, 0xb800, 0xa000, 0xe206, 0xfccc, 0xfc8b, 0xfc8b, 0xfcab, 0xd123, 0xa800, 0xc000, 0xb800, 
	0x7903, 0x6881, 0x2144, 0x2944, 0x40c2, 0x5123, 0xb800, 0xb800, 0xb800, 0xb000, 0xe327, 0xfc8c, 0xfcab, 0xfcab, 0xfc0c, 0xa900, 
	0xb800, 0xb800, 0xa800, 0xd123, 0xfcab, 0xfc8b, 0xfcab, 0xfccc, 0xe226, 0xa000, 0xc000, 0xc000, 0x80c2, 0x7881, 0x2944, 0x2944, 
	0x3902, 0x4144, 0xb020, 0xb000, 0xb800, 0xb000, 0xca44, 0xfc8d, 0xfcab, 0xfcab, 0xfc6d, 0xb9c2, 0xb000, 0xb800, 0xb000, 0xc061, 
	0xfc4a, 0xfc8b, 0xfcab, 0xfccb, 0xfb09, 0xa040, 0xb800, 0xc000, 0x9081, 0x9061, 0x2923, 0x2943, 0x3103, 0x3923, 0xa820, 0xa820, 
	0xb800, 0xb800, 0xb161, 0xfc4c, 0xfcab, 0xfcab, 0xfc8d, 0xd2c5, 0xb000, 0xb800, 0xb000, 0xb000, 0xeba8, 0xfc8c, 0xfcab, 0xfccb, 
	0xfbcb, 0xa8a0, 0xb800, 0xc000, 0xa060, 0x9840, 0x3123, 0x3123, 0x3123, 0x2923, 0x9820, 0xa040, 0xc000, 0xb800, 0xa8a0, 0xfbcb, 
	0xfccb, 0xfcab, 0xfc8c, 0xeba8, 0xb000, 0xb000, 0xb800, 0xb000, 0xd2a5, 0xfc8d, 0xfcab, 0xfcab, 0xfc4c, 0xb161, 0xb800, 0xb800, 
	0xa820, 0xa820, 0x3923, 0x3103, 0x2943, 0x2923, 0x9061, 0x9081, 0xc000, 0xb800, 0xa040, 0xfb09, 0xfccb, 0xfcab, 0xfc8b, 0xfc4a, 
	0xc061, 0xb000, 0xb800, 0xb000, 0xb9c2, 0xfc6d, 0xfcab, 0xfcab, 0xfc8d, 0xca44, 0xb000, 0xb800, 0xb000, 0xb020, 0x4144, 0x3902, 
	0x2944, 0x2944, 0x7861, 0x80c2, 0xc000, 0xc000, 0xa000, 0xe206, 0xfccc, 0xfc8b, 0xfc8b, 0xfcab, 0xd123, 0xa800, 0xb800, 0xb800, 
	0xa900, 0xfc0c, 0xfcab, 0xfcab, 0xfc8c, 0xe347, 0xb000, 0xb800, 0xb800, 0xb800, 0x5144, 0x40c2, 0x2944, 0x2144, 0x6881, 0x78e3, 
	0xb800, 0xc000, 0xa800, 0xd123, 0xfcab, 0xfc8b, 0xfc8b, 0xfccc, 0xe206, 0xa000, 0xb800, 0xb800, 0xa060, 0xfb6a, 0xfccb, 0xfcab, 
	0xfcac, 0xf409, 0xb820, 0xb000, 0xb800, 0xb800, 0x6103, 0x50a1, 0x2944, 0x2944, 0x58a1, 0x6903, 0xb800, 0xb800, 0xb800, 0xb800, 
	0xb800, 0xb800, 0xb800, 0xb800, 0x6903, 0x58a1, 0x2964, 0x2964, 0x50c2, 0x6124, 0xb800, 0xb800, 0xb020, 0xb820, 0xf3e9, 0xfc8b, 
	0xfc8b, 0xfcab, 0xfb6a, 0xa080, 0xb800, 0xb800, 0xa820, 0xe206, 0xfcab, 0xfc8b, 0xfc8b, 0xfcab, 0xd143, 0xa820, 0xc000, 0xc000, 
	0x7903, 0x68a1, 0x2944, 0x2964, 0x48e2, 0x5144, 0xb820, 0xb800, 0xb800, 0xb000, 0xe327, 0xfc8c, 0xfc8a, 0xfcab, 0xfc0c, 0xb120, 
	0xb800, 0xb800, 0xa820, 0xd144, 0xfcab, 0xfc8b, 0xfc8b, 0xfcab, 0xe226, 0xa020, 0xc000, 0xc000, 0x88c2, 0x8081, 0x2944, 0x2944, 
	0x3903, 0x4144, 0xb041, 0xb020, 0xb800, 0xb800, 0xca44, 0xfc6c, 0xfc8a, 0xfc8a, 0xfc6c, 0xc1e3, 0xb800, 0xb820, 0xb020, 0xc0a1, 
	0xfc4a, 0xfc8b, 0xfc8b, 0xfcab, 0xfb09, 0xa060, 0xc000, 0xc000, 0x90a2, 0x9081, 0x2944, 0x2944, 0x3923, 0x3944, 0xa840, 0xa840, 
	0xb800, 0xb800, 0xb161, 0xfc2c, 0xfc8a, 0xfc8a, 0xfc8c, 0xd2c5, 0xb000, 0xb820, 0xb820, 0xb020, 0xeb88, 0xfc8c, 0xfc8a, 0xfcab, 
	0xfbcb, 0xa8c0, 0xb800, 0xc000, 0xa061, 0xa061, 0x3144, 0x3144, 0x3144, 0x3143, 0x9840, 0xa061, 0xc000, 0xb800, 0xa8c0, 0xfbcb, 
	0xfcab, 0xfc8a, 0xfc6c, 0xeb88, 0xb020, 0xb820, 0xb820, 0xb000, 0xd2c5, 0xfc6c, 0xfc8a, 0xfc8a, 0xfc2c, 0xb161, 0xb800, 0xb800, 
	0xa840, 0xa840, 0x3944, 0x3923, 0x2944, 0x2944, 0x9081, 0x90a2, 0xc000, 0xc000, 0xa040, 0xfb09, 0xfcab, 0xfc8b, 0xfc8b, 0xfc4a, 
	0xc081, 0xb020, 0xb820, 0xb800, 0xc1e3, 0xfc4c, 0xfc8a, 0xfc8a, 0xfc6c, 0xca44, 0xb800, 0xb800, 0xb020, 0xb041, 0x4944, 0x3903, 
	0x2944, 0x2944, 0x7881, 0x88c3, 0xc000, 0xc000, 0xa020, 0xe226, 0xfcab, 0xfc8b, 0xfc8b, 0xfcab, 0xd144, 0xa820, 0xb800, 0xb800, 
	0xb120, 0xfc0c, 0xfcab, 0xfc8a, 0xfc8c, 0xe327, 0xb000, 0xb800, 0xb800, 0xb820, 0x5144, 0x48e2, 0x2964, 0x2944, 0x68a1, 0x7903, 
	0xc000, 0xc000, 0xa820, 0xd144, 0xfcab, 0xfc8b, 0xfc8b, 0xfcab, 0xe226, 0xa820, 0xb800, 0xb800, 0xa080, 0xfb6a, 0xfcab, 0xfc8b, 
	0xfc8b, 0xebe9, 0xb840, 0xb000, 0xb800, 0xb800, 0x6124, 0x50a2, 0x2964, 0x2964, 0x58a2, 0x6923, 0xb800, 0xb800, 0xb800, 0xb800, 
	0xb820, 0xb820, 0xb800, 0xb800, 0x6903, 0x58a2, 0x2964, 0x2964, 0x50c2, 0x6124, 0xb800, 0xb800, 0xb820, 0xb820, 0xc0c2, 0xc0c2, 
	0xc0c2, 0xc0a1, 0xc1c3, 0xfbcb, 0xec09, 0xec09, 0xfbeb, 0xd2a6, 0xc0a1, 0xc0c1, 0xc0c2, 0xc0e2, 0xc081, 0xb020, 0xc000, 0xc000, 
	0x7924, 0x68a2, 0x2964, 0x2964, 0x48e3, 0x5144, 0xb820, 0xb820, 0xb820, 0xb820, 0xc0e2, 0xc0c2, 0xc0c2, 0xc0a2, 0xb941, 0xfb6a, 
	0xf409, 0xec09, 0xfbea, 0xe368, 0xc0c1, 0xc0c1, 0xc0c1, 0xc0c2, 0xc0a2, 0xb020, 0xc000, 0xc000, 0x88e3, 0x8082, 0x2944, 0x2964, 
	0x3903, 0x4944, 0xb061, 0xb040, 0xb820, 0xb800, 0xc0a1, 0xc0c2, 0xc0c1, 0xc0c1, 0xb101, 0xf2e9, 0xf40a, 0xebe9, 0xf3ea, 0xf3c9, 
	0xc923, 0xb8c1, 0xc0c1, 0xc0c1, 0xc0c2, 0xb040, 0xc000, 0xc000, 0x90a2, 0x9082, 0x2944, 0x2944, 0x3923, 0x3944, 0xa841, 0xa841, 
	0xb820, 0xb800, 0xb881, 0xc0c2, 0xc0c1, 0xc0c1, 0xb0e1, 0xe246, 0xf40a, 0xebe9, 0xf3ea, 0xf40a, 0xd184, 0xb8c1, 0xc0c1, 0xc0c1, 
	0xc0c2, 0xb840, 0xb800, 0xb800, 0xa081, 0x9861, 0x3144, 0x3144, 0x3144, 0x3144, 0x9840, 0xa081, 0xb800, 0xb800, 0xb840, 0xc0c2, 
	0xc0c1, 0xc0c1, 0xb8c1, 0xd184, 0xf40a, 0xf3ea, 0xf3e9, 0xf40a, 0xe246, 0xb0e1, 0xc0c1, 0xc0c1, 0xc0c2, 0xb881, 0xb800, 0xb820, 
	0xa841, 0xa841, 0x3944, 0x3923, 0x2944, 0x2944, 0x9081, 0x90a2, 0xc000, 0xc000, 0xb040, 0xc0c2, 0xc0c1, 0xc0c1, 0xb8c1, 0xc902, 
	0xebc9, 0xf3ea, 0xebe9, 0xf40a, 0xf2e9, 0xb101, 0xc0c1, 0xc0c1, 0xc0c2, 0xc0a1, 0xb800, 0xb820, 0xb040, 0xb061, 0x4964, 0x3903, 
	0x2964, 0x2944, 0x8082, 0x88e3, 0xc000, 0xc000, 0xb020, 0xc0a2, 0xc0c2, 0xc0c1, 0xc0c1, 0xc0c1, 0xe368, 0xfbea, 0xec09, 0xf409, 
	0xfb6a, 0xb942, 0xc0a2, 0xc0c2, 0xc0c2, 0xc0c2, 0xb820, 0xb820, 0xb820, 0xb820, 0x5144, 0x48e3, 0x2964, 0x2964, 0x68a2, 0x7903, 
	0xc000, 0xc000, 0xb020, 0xc081, 0xc0e2, 0xc0c2, 0xc0c2, 0xc0a1, 0xd2a6, 0xfbeb, 0xec09, 0xec09, 0xfbcb, 0xc1c3, 0xc0a1, 0xc0c2, 
	0xc0c2, 0xc0c2, 0xb840, 0xb820, 0xb800, 0xb800, 0x6124, 0x50c2, 0x2964, 0x2964, 0x58a2, 0x6924, 0xb800, 0xb800, 0xb820, 0xb820, 
	0xb800, 0xb800, 0xb800, 0xb800, 0x60e3, 0x5881, 0x2944, 0x2944, 0x50a1, 0x6103, 0xb800, 0xb800, 0xb800, 0xb800, 0xb800, 0xb000, 
	0xb800, 0xb000, 0xb141, 0xfc4d, 0xfccb, 0xfccb, 0xfcad, 0xd2c5, 0xb000, 0xb800, 0xb000, 0xb000, 0xb820, 0xb000, 0xc000, 0xb800, 
	0x7903, 0x6881, 0x2144, 0x2944, 0x40c2, 0x5123, 0xb800, 0xb800, 0xb800, 0xb800, 0xb820, 0xb000, 0xb800, 0xb800, 0xa0a0, 0xfbcb, 
	0xfccb, 0xfccb, 0xfcac, 0xeba9, 0xb000, 0xb000, 0xb800, 0xb800, 0xb840, 0xb000, 0xc000, 0xb800, 0x88c2, 0x8061, 0x2944, 0x2944, 
	0x38e2, 0x4144, 0xb020, 0xb000, 0xb800, 0xb800, 0xb820, 0xb000, 0xb800, 0xb800, 0xa020, 0xfb09, 0xfceb, 0xfccb, 0xfcac, 0xfc6b, 
	0xb841, 0xb000, 0xb800, 0xb000, 0xb800, 0xb800, 0xb800, 0xb800, 0x9081, 0x9061, 0x2923, 0x2943, 0x3103, 0x3923, 0xa820, 0xa820, 
	0xb800, 0xb800, 0xb820, 0xb000, 0xb800, 0xb800, 0xa000, 0xe206, 0xfcec, 0xfcab, 0xfcab, 0xfccc, 0xc903, 0xa800, 0xb800, 0xb800, 
	0xb800, 0xb800, 0xb800, 0xb800, 0xa060, 0x9840, 0x2923, 0x3123, 0x3123, 0x2923, 0x9820, 0xa040, 0xb800, 0xb800, 0xb800, 0xb800, 
	0xb800, 0xb800, 0xa800, 0xc903, 0xfcab, 0xfcab, 0xfcab, 0xfcec, 0xe206, 0xa000, 0xb800, 0xb800, 0xb000, 0xb820, 0xb800, 0xb800, 
	0xa820, 0xa820, 0x3923, 0x3103, 0x2943, 0x2923, 0x9061, 0x9081, 0xb800, 0xb800, 0xb800, 0xb820, 0xb000, 0xb800, 0xb000, 0xb840, 
	0xfc6a, 0xfcac, 0xfccb, 0xfceb, 0xfb09, 0xa020, 0xb800, 0xb800, 0xb000, 0xb820, 0xb800, 0xb800, 0xb000, 0xb020, 0x4144, 0x38e2, 
	0x2944, 0x2944, 0x7861, 0x80c2, 0xb800, 0xc000, 0xb000, 0xb820, 0xb800, 0xb800, 0xb000, 0xb000, 0xebc8, 0xfcac, 0xfccb, 0xfccb, 
	0xfbcb, 0xa0a0, 0xb800, 0xb800, 0xb000, 0xb820, 0xb800, 0xb800, 0xb800, 0xb800, 0x5124, 0x40c2, 0x2944, 0x2144, 0x6881, 0x78e3, 
	0xb800, 0xc000, 0xb000, 0xb820, 0xb800, 0xb000, 0xb800, 0xb000, 0xd2c5, 0xfcad, 0xfccb, 0xfccb, 0xfc4d, 0xb141, 0xb000, 0xb800, 
	0xb000, 0xb800, 0xb800, 0xb800, 0xb800, 0xb800, 0x6103, 0x50a1, 0x2944, 0x2144, 0x58a1, 0x6903, 0xb800, 0xb800, 0xb800, 0xb800, 
	0xb800, 0xb800, 0xb800, 0xc000, 0x60e3, 0x58a1, 0x2944, 0x2944, 0x50a1, 0x6103, 0xb800, 0xb800, 0xb800, 0xb800, 0xb800, 0xb800, 
	0xb800, 0xb800, 0xb161, 0xfc2c, 0xfcab, 0xfcab, 0xfc8c, 0xd2c5, 0xb000, 0xb800, 0xb800, 0xb800, 0xb820, 0xb000, 0xb800, 0xb800, 
	0x7903, 0x6881, 0x2144, 0x2944, 0x40c2, 0x5124, 0xb800, 0xb800, 0xb800, 0xb800, 0xb841, 0xb000, 0xb800, 0xb800, 0xa0a0, 0xfbcb, 
	0xfcab, 0xfcab, 0xfc8c, 0xeba8, 0xb000, 0xb000, 0xb800, 0xb800, 0xc041, 0xb000, 0xb800, 0xb800, 0x80c2, 0x7881, 0x2944, 0x2944, 
	0x3902, 0x4144, 0xb020, 0xb000, 0xb800, 0xb800, 0xb840, 0xb000, 0xb800, 0xb800, 0xa040, 0xfb09, 0xfccb, 0xfcab, 0xfc8b, 0xfc4a, 
	0xc081, 0xb000, 0xb800, 0xb800, 0xb820, 0xb800, 0xb800, 0xb800, 0x9081, 0x9081, 0x2923, 0x2943, 0x3123, 0x3923, 0xa840, 0xa820, 
	0xb800, 0xb800, 0xb820, 0xb800, 0xb800, 0xb800, 0xa000, 0xe206, 0xfccc, 0xfc8b, 0xfc8b, 0xfcab, 0xd123, 0xa800, 0xb800, 0xb800, 
	0xb820, 0xb800, 0xb800, 0xb800, 0xa060, 0x9840, 0x3123, 0x3123, 0x3123, 0x2923, 0x9820, 0xa061, 0xb800, 0xb800, 0xb800, 0xb820, 
	0xb800, 0xb800, 0xa800, 0xc903, 0xfcab, 0xfc8b, 0xfc8b, 0xfccc, 0xe206, 0xa000, 0xb800, 0xb800, 0xb800, 0xb820, 0xb800, 0xb800, 
	0xa820, 0xa820, 0x3923, 0x3103, 0x2943, 0x2923, 0x9061, 0x9081, 0xb800, 0xb800, 0xb800, 0xb820, 0xb800, 0xb800, 0xb000, 0xc061, 
	0xfc4a, 0xfc8b, 0xfcab, 0xfccb, 0xfb09, 0xa040, 0xb800, 0xb800, 0xb000, 0xb840, 0xb800, 0xb800, 0xb000, 0xb020, 0x4144, 0x3902, 
	0x2944, 0x2944, 0x7881, 0x80c2, 0xb800, 0xb800, 0xb000, 0xb841, 0xb800, 0xb800, 0xb000, 0xb000, 0xeba8, 0xfc8c, 0xfcab, 0xfcab, 
	0xfbcb, 0xa8c0, 0xb800, 0xb800, 0xb000, 0xb841, 0xb800, 0xb800, 0xb800, 0xb800, 0x5144, 0x40c2, 0x2944, 0x2144, 0x6881, 0x7903, 
	0xb800, 0xb800, 0xb000, 0xb840, 0xb800, 0xb800, 0xb800, 0xb000, 0xd2c5, 0xfc8c, 0xfcab, 0xfcab, 0xfc2c, 0xb161, 0xb800, 0xb800, 
	0xb000, 0xb820, 0xb800, 0xb800, 0xb800, 0xb800, 0x6103, 0x50a1, 0x2944, 0x2944, 0x58a1, 0x6903, 0xb800, 0xb800, 0xb800, 0xb800, 
	0xb800, 0xb800, 0xc000, 0xc000, 0x60e2, 0x5881, 0x2144, 0x2144, 0x50a1, 0x6103, 0xc000, 0xc000, 0xb800, 0xb800, 0xb800, 0xb800, 
	0xc000, 0xb800, 0xb961, 0xfc4d, 0xfcab, 0xfcab, 0xfcad, 0xdac5, 0xb800, 0xb800, 0xb800, 0xb800, 0xc020, 0xb800, 0xc000, 0xc000, 
	0x7903, 0x6881, 0x2144, 0x2944, 0x40c2, 0x5123, 0xb800, 0xb800, 0xb800, 0xb800, 0xc020, 0xb800, 0xc000, 0xb800, 0xa8a0, 0xfbcb, 
	0xfccb, 0xfcab, 0xfcac, 0xeba8, 0xb800, 0xb800, 0xb800, 0xb800, 0xc041, 0xb800, 0xc000, 0xc000, 0x88c2, 0x8061, 0x2944, 0x2944, 
	0x38e2, 0x4144, 0xb820, 0xb000, 0xb800, 0xb800, 0xc020, 0xb800, 0xc000, 0xc000, 0xa020, 0xfb09, 0xfccb, 0xfcab, 0xfcab, 0xfc6a, 
	0xc060, 0xb000, 0xb800, 0xb800, 0xc020, 0xb800, 0xc000, 0xc000, 0x9081, 0x9061, 0x2923, 0x2943, 0x3103, 0x3923, 0xa820, 0xa820, 
	0xc000, 0xb800, 0xc020, 0xb800, 0xb800, 0xb800, 0xa800, 0xea26, 0xfcec, 0xfcab, 0xfcab, 0xfccb, 0xd103, 0xb000, 0xb800, 0xb800, 
	0xb800, 0xb800, 0xc000, 0xc000, 0xa040, 0xa040, 0x2923, 0x3123, 0x3123, 0x2923, 0x9820, 0xa041, 0xc000, 0xc000, 0xb800, 0xb800, 
	0xb800, 0xb800, 0xb000, 0xd103, 0xfcab, 0xfcab, 0xfcab, 0xfcec, 0xea06, 0xa800, 0xb800, 0xb800, 0xb800, 0xc020, 0xb800, 0xc000, 
	0xa820, 0xa820, 0x3923, 0x3103, 0x2943, 0x2923, 0x9061, 0x9081, 0xc000, 0xc000, 0xb800, 0xc020, 0xb800, 0xb800, 0xb000, 0xc060, 
	0xfc4a, 0xfcab, 0xfcab, 0xfccb, 0xfb09, 0xa020, 0xc000, 0xc000, 0xb800, 0xc020, 0xb800, 0xb800, 0xb000, 0xb820, 0x4144, 0x38e2, 
	0x2944, 0x2944, 0x8061, 0x88c2, 0xc000, 0xc000, 0xb800, 0xc020, 0xb800, 0xb800, 0xb800, 0xb800, 0xeba8, 0xfcac, 0xfcab, 0xfccb, 
	0xfbcb, 0xa8a0, 0xb800, 0xc000, 0xb800, 0xc020, 0xb800, 0xb800, 0xb800, 0xb800, 0x5144, 0x40c2, 0x2944, 0x2144, 0x6881, 0x7903, 
	0xc000, 0xc000, 0xb800, 0xc020, 0xb800, 0xb800, 0xb800, 0xb800, 0xdac5, 0xfcad, 0xfcab, 0xfcab, 0xfc4d, 0xb961, 0xb800, 0xc000, 
	0xb800, 0xc000, 0xb800, 0xb800, 0xc000, 0xc000, 0x6103, 0x50a1, 0x2944, 0x2144, 0x5881, 0x6903, 0xc000, 0xc000, 0xb800, 0xb800, 
	0xa061, 0xa061, 0xa061, 0xa061, 0x5923, 0x50e2, 0x2964, 0x2964, 0x50e2, 0x5944, 0xa061, 0xa061, 0xa061, 0xa061, 0xa081, 0x9861, 
	0xa061, 0x9841, 0x9982, 0xe3cb, 0xd409, 0xd409, 0xe3eb, 0xb285, 0x9840, 0xa061, 0x9861, 0xa061, 0xa082, 0x9861, 0xa061, 0xa061, 
	0x7144, 0x60e2, 0x2964, 0x2964, 0x4103, 0x5164, 0xa061, 0xa061, 0xa061, 0xa061, 0xa0a2, 0x9861, 0xa061, 0xa061, 0x90e1, 0xdb4a, 
	0xd40a, 0xd409, 0xdbea, 0xcb48, 0x9861, 0x9861, 0xa061, 0xa061, 0xa0a2, 0x9861, 0xa061, 0xa061, 0x7903, 0x70c2, 0x2964, 0x2964, 
	0x3923, 0x4164, 0x9882, 0x9881, 0xa061, 0xa061, 0xa0a2, 0x9861, 0xa061, 0xa061, 0x88a0, 0xd2c8, 0xd42a, 0xd40a, 0xdbea, 0xd3c9, 
	0xa0c2, 0x9860, 0xa061, 0xa061, 0xa0a2, 0x9881, 0xa061, 0xa061, 0x80c2, 0x80c2, 0x2944, 0x3164, 0x3944, 0x3944, 0x90a2, 0x9081, 
	0xa061, 0xa061, 0xa081, 0xa081, 0xa061, 0xa061, 0x9060, 0xc206, 0xdc2a, 0xd40a, 0xd3ea, 0xdc0a, 0xb144, 0x9060, 0xa061, 0xa061, 
	0xa081, 0xa081, 0xa061, 0xa061, 0x88a2, 0x88a2, 0x3144, 0x3144, 0x3144, 0x3144, 0x8881, 0x88a2, 0xa061, 0xa061, 0xa081, 0xa081, 
	0xa061, 0xa061, 0x9860, 0xb144, 0xdc0a, 0xd40a, 0xd40a, 0xdc2a, 0xc206, 0x9060, 0xa061, 0xa061, 0xa081, 0xa0a2, 0xa061, 0xa061, 
	0x9081, 0x90a2, 0x3944, 0x3944, 0x3164, 0x2944, 0x80c2, 0x80c2, 0xa061, 0xa061, 0x9881, 0xa0a2, 0xa061, 0xa061, 0x9860, 0xa0c2, 
	0xd3c9, 0xdbea, 0xd40a, 0xd42a, 0xd2c9, 0x88a0, 0xa061, 0xa061, 0x9861, 0xa0a2, 0xa061, 0xa061, 0x9881, 0x9882, 0x4164, 0x3923, 
	0x2964, 0x2964, 0x70c2, 0x7903, 0xa061, 0xa061, 0x9861, 0xa0a2, 0xa061, 0xa061, 0x9861, 0x9861, 0xcb48, 0xdbeb, 0xd409, 0xd40a, 
	0xe36a, 0x90e1, 0xa061, 0xa061, 0x9861, 0xa0a2, 0xa061, 0xa061, 0xa061, 0xa061, 0x5164, 0x4103, 0x2964, 0x2964, 0x60e2, 0x7144, 
	0xa061, 0xa061, 0x9861, 0xa0a2, 0xa081, 0x9861, 0xa061, 0x9840, 0xb286, 0xe3eb, 0xd409, 0xd409, 0xe3cb, 0x9982, 0x9841, 0xa061, 
	0x9861, 0xa081, 0xa081, 0x9861, 0xa061, 0xa061, 0x5944, 0x50e2, 0x2964, 0x2964, 0x50e2, 0x6144, 0xa061, 0xa061, 0xa061, 0xa061, 
	0x3144, 0x3144, 0x3144, 0x3144, 0x3144, 0x3144, 0x3144, 0x3144, 0x3144, 0x3164, 0x3144, 0x3144, 0x3144, 0x3144, 0x3144, 0x3144, 
	0x3144, 0x3143, 0x3164, 0x3144, 0x3123, 0x3123, 0x3143, 0x3164, 0x3144, 0x3144, 0x3144, 0x3144, 0x3164, 0x3144, 0x3144, 0x3143, 
	0x3164, 0x3164, 0x3123, 0x3144, 0x3123, 0x3964, 0x3144, 0x3144, 0x3144, 0x3144, 0x3965, 0x3124, 0x3144, 0x3144, 0x3164, 0x3164, 
	0x3123, 0x3123, 0x3123, 0x3164, 0x3144, 0x3144, 0x3144, 0x3144, 0x3985, 0x3144, 0x3144, 0x3144, 0x3144, 0x3164, 0x3123, 0x3144, 
	0x3123, 0x3964, 0x3164, 0x3144, 0x3144, 0x3144, 0x3164, 0x3144, 0x3144, 0x3144, 0x3144, 0x3164, 0x3123, 0x3123, 0x3123, 0x3164, 
	0x3164, 0x3143, 0x3144, 0x3144, 0x3164, 0x3144, 0x3144, 0x3144, 0x3144, 0x3984, 0x3123, 0x3144, 0x3123, 0x3144, 0x3164, 0x3144, 
	0x3144, 0x3144, 0x3164, 0x3144, 0x3144, 0x3144, 0x3144, 0x3164, 0x3123, 0x3123, 0x3123, 0x3144, 0x3144, 0x3144, 0x3144, 0x3144, 
	0x3144, 0x3144, 0x3144, 0x3144, 0x3144, 0x3164, 0x3144, 0x3144, 0x3144, 0x3144, 0x3144, 0x3144, 0x3144, 0x3144, 0x3144, 0x3144, 
	0x3144, 0x3144, 0x3144, 0x3144, 0x3144, 0x3123, 0x3123, 0x3123, 0x3164, 0x3144, 0x3144, 0x3144, 0x3144, 0x3164, 0x3143, 0x3144, 
	0x3144, 0x3164, 0x3144, 0x3123, 0x3144, 0x3123, 0x3164, 0x3144, 0x3144, 0x3144, 0x3144, 0x3164, 0x3144, 0x3144, 0x3144, 0x3164, 
	0x3144, 0x3123, 0x3123, 0x3123, 0x3964, 0x3144, 0x3144, 0x3144, 0x3144, 0x3164, 0x3144, 0x3144, 0x3144, 0x3164, 0x3964, 0x3143, 
	0x3144, 0x3123, 0x3164, 0x3144, 0x3144, 0x3144, 0x3144, 0x3984, 0x3144, 0x3144, 0x3144, 0x3144, 0x3964, 0x3123, 0x3123, 0x3123, 
	0x3164, 0x3164, 0x3144, 0x3144, 0x3144, 0x3965, 0x3144, 0x3144, 0x3144, 0x3144, 0x3964, 0x3123, 0x3144, 0x3123, 0x3164, 0x3164, 
	0x3143, 0x3144, 0x3143, 0x3964, 0x3144, 0x3144, 0x3144, 0x3144, 0x3164, 0x3143, 0x3123, 0x3123, 0x3144, 0x3164, 0x3143, 0x3144, 
	0x3144, 0x3164, 0x3144, 0x3144, 0x3144, 0x3144, 0x3144, 0x3144, 0x3144, 0x3144, 0x3144, 0x3144, 0x3144, 0x3144, 0x3144, 0x3144, 
	0x3123, 0x3123, 0x3123, 0x3123, 0x3123, 0x3123, 0x3123, 0x3123, 0x3123, 0x3144, 0x3123, 0x3123, 0x3123, 0x3123, 0x3144, 0x2923, 
	0x3123, 0x3123, 0x3144, 0x3143, 0x3123, 0x3123, 0x2923, 0x3144, 0x3123, 0x3123, 0x3123, 0x3123, 0x3144, 0x2923, 0x3123, 0x3123, 
	0x3144, 0x3144, 0x3123, 0x3123, 0x3123, 0x3144, 0x3123, 0x3123, 0x3123, 0x3123, 0x3164, 0x2923, 0x3123, 0x3123, 0x3144, 0x3144, 
	0x3123, 0x3123, 0x3123, 0x3144, 0x3123, 0x3123, 0x3123, 0x3123, 0x3964, 0x3123, 0x3123, 0x3123, 0x3144, 0x3144, 0x3123, 0x3123, 
	0x3123, 0x3964, 0x3144, 0x2923, 0x3123, 0x3123, 0x3164, 0x3123, 0x3123, 0x3123, 0x3143, 0x3164, 0x3123, 0x3123, 0x3123, 0x3144, 
	0x3144, 0x3123, 0x3123, 0x3123, 0x3144, 0x3143, 0x3123, 0x3123, 0x3123, 0x3164, 0x3123, 0x3123, 0x3123, 0x3144, 0x3144, 0x2923, 
	0x3123, 0x3123, 0x3144, 0x3143, 0x3123, 0x3123, 0x3123, 0x3164, 0x3123, 0x3123, 0x3123, 0x3123, 0x3144, 0x2923, 0x3123, 0x3123, 
	0x3144, 0x3143, 0x3123, 0x3123, 0x3123, 0x3144, 0x3123, 0x3123, 0x3123, 0x3123, 0x3123, 0x3123, 0x3123, 0x3123, 0x3143, 0x3144, 
	0x3123, 0x3123, 0x2923, 0x3144, 0x3123, 0x3123, 0x3123, 0x3123, 0x3144, 0x3123, 0x3123, 0x3123, 0x3143, 0x3144, 0x3123, 0x3123, 
	0x2923, 0x3144, 0x3144, 0x3123, 0x3123, 0x3123, 0x3164, 0x3123, 0x3123, 0x3123, 0x3143, 0x3164, 0x3123, 0x3123, 0x3123, 0x3144, 
	0x3144, 0x3123, 0x3123, 0x3123, 0x3164, 0x3143, 0x3123, 0x3123, 0x3123, 0x3164, 0x3123, 0x3123, 0x2923, 0x3144, 0x3964, 0x3123, 
	0x3123, 0x3123, 0x3144, 0x3144, 0x3123, 0x3123, 0x3123, 0x3164, 0x3123, 0x3123, 0x3123, 0x3144, 0x3964, 0x3123, 0x3123, 0x3123, 
	0x3144, 0x3144, 0x3123, 0x3123, 0x2923, 0x3164, 0x3123, 0x3123, 0x3123, 0x3123, 0x3964, 0x3123, 0x3123, 0x3123, 0x3144, 0x3144, 
	0x3123, 0x3123, 0x2923, 0x3164, 0x3123, 0x3123, 0x3123, 0x3123, 0x3144, 0x2923, 0x3123, 0x3123, 0x3143, 0x3144, 0x3123, 0x3123, 
	0x2923, 0x3144, 0x3144, 0x3123, 0x3123, 0x3123, 0x3144, 0x3123, 0x3123, 0x3123, 0x3123, 0x3144, 0x3123, 0x3123, 0x3123, 0x3123, 
	0x3123, 0x3123, 0x3123, 0x3123, 0x3123, 0x3123, 0x3123, 0x3123, 0x3123, 0x3144, 0x3123, 0x3123, 0x3123, 0x3123, 0x3144, 0x3123, 
	0x3123, 0x3123, 0x3144, 0x3144, 0x3123, 0x3123, 0x3123, 0x3144, 0x3123, 0x3123, 0x3123, 0x3123, 0x3144, 0x3123, 0x3123, 0x3123, 
	0x3144, 0x3144, 0x3123, 0x3123, 0x3123, 0x3144, 0x3123, 0x3123, 0x3123, 0x3123, 0x3964, 0x3123, 0x3123, 0x3123, 0x3144, 0x3144, 
	0x3123, 0x3123, 0x3123, 0x3964, 0x3144, 0x3123, 0x3123, 0x3123, 0x3964, 0x3123, 0x3123, 0x3123, 0x3144, 0x3144, 0x3123, 0x3123, 
	0x3123, 0x3964, 0x3144, 0x3123, 0x3123, 0x3123, 0x3964, 0x3123, 0x3123, 0x3123, 0x3123, 0x3964, 0x3123, 0x3123, 0x3123, 0x3144, 
	0x3144, 0x3123, 0x3123, 0x3123, 0x3144, 0x3123, 0x3123, 0x3123, 0x3123, 0x3964, 0x3123, 0x3123, 0x3123, 0x3144, 0x3144, 0x3123, 
	0x3123, 0x3123, 0x3144, 0x3144, 0x3123, 0x3123, 0x3123, 0x3144, 0x3123, 0x3123, 0x3123, 0x3123, 0x3144, 0x3123, 0x3123, 0x3123, 
	0x3144, 0x3144, 0x3123, 0x3123, 0x3123, 0x3144, 0x3123, 0x3123, 0x3123, 0x3123, 0x3123, 0x3123, 0x3123, 0x3123, 0x3144, 0x3144, 
	0x3123, 0x3123, 0x3123, 0x3144, 0x3123, 0x3123, 0x3123, 0x3123, 0x3144, 0x3123, 0x3123, 0x3123, 0x3144, 0x3144, 0x3123, 0x3123, 
	0x3123, 0x3144, 0x3144, 0x3123, 0x3123, 0x3123, 0x3144, 0x3123, 0x3123, 0x3123, 0x3123, 0x3144, 0x3123, 0x3123, 0x3123, 0x3144, 
	0x3144, 0x3123, 0x3123, 0x3123, 0x3964, 0x3123, 0x3123, 0x3123, 0x3123, 0x3964, 0x3123, 0x3123, 0x3123, 0x3144, 0x3964, 0x3123, 
	0x3123, 0x3123, 0x3144, 0x3144, 0x3123, 0x3123, 0x3123, 0x3964, 0x3123, 0x3123, 0x3123, 0x3144, 0x3964, 0x3123, 0x3123, 0x3123, 
	0x3144, 0x3144, 0x3123, 0x3123, 0x3123, 0x3964, 0x3123, 0x3123, 0x3123, 0x3123, 0x3964, 0x3123, 0x3123, 0x3123, 0x3144, 0x3144, 
	0x3123, 0x3123, 0x3123, 0x3964, 0x3144, 0x3123, 0x3123, 0x3123, 0x3144, 0x3123, 0x3123, 0x3123, 0x3144, 0x3144, 0x3123, 0x3123, 
	0x3123, 0x3144, 0x3144, 0x3123, 0x3123, 0x3123, 0x3144, 0x3123, 0x3123, 0x3123, 0x3123, 0x3144, 0x3123, 0x3123, 0x3123, 0x3123, 
	0x28e3, 0x28e3, 0x28e3, 0x28e2, 0x2903, 0x3123, 0x3123, 0x3123, 0x3143, 0x2923, 0x28e2, 0x28e3, 0x28e2, 0x2903, 0x2903, 0x28e2, 
	0x28e3, 0x28e2, 0x2923, 0x3144, 0x3123, 0x3123, 0x3123, 0x3143, 0x28e2, 0x28e3, 0x28e2, 0x2903, 0x2903, 0x28e2, 0x28e3, 0x28e2, 
	0x2923, 0x3144, 0x3123, 0x3123, 0x3123, 0x3144, 0x28e3, 0x28e2, 0x28e2, 0x2903, 0x3124, 0x28e3, 0x28e3, 0x28e2, 0x2903, 0x3144, 
	0x3123, 0x3123, 0x3123, 0x3144, 0x2903, 0x28e2, 0x28e3, 0x28e3, 0x3124, 0x28e2, 0x28e3, 0x28e2, 0x2903, 0x3144, 0x3123, 0x3123, 
	0x3123, 0x3144, 0x2903, 0x28e2, 0x28e3, 0x28e2, 0x2923, 0x28e3, 0x28e3, 0x28e2, 0x2903, 0x3144, 0x3123, 0x3123, 0x3123, 0x3144, 
	0x2903, 0x28e2, 0x28e3, 0x28e2, 0x2923, 0x28e3, 0x28e2, 0x28e2, 0x28e3, 0x3144, 0x3123, 0x3123, 0x3123, 0x3144, 0x2903, 0x28e2, 
	0x28e3, 0x28e2, 0x2903, 0x2903, 0x28e2, 0x28e3, 0x28e2, 0x3144, 0x3123, 0x3123, 0x3123, 0x3123, 0x2903, 0x28e2, 0x28e3, 0x28e2, 
	0x2903, 0x2903, 0x28e2, 0x28e3, 0x28e2, 0x2923, 0x3123, 0x3123, 0x3123, 0x3123, 0x2903, 0x28e2, 0x28e3, 0x28e2, 0x2903, 0x2903, 
	0x28e2, 0x28e3, 0x28e2, 0x2903, 0x3123, 0x3123, 0x3123, 0x3123, 0x3123, 0x28e2, 0x28e3, 0x28e2, 0x2903, 0x2903, 0x28e2, 0x28e3, 
	0x28e2, 0x2903, 0x3144, 0x3123, 0x3123, 0x3123, 0x3144, 0x28e3, 0x28e2, 0x28e2, 0x2903, 0x2923, 0x28e2, 0x28e3, 0x28e2, 0x2903, 
	0x3144, 0x3123, 0x3123, 0x3123, 0x3144, 0x2903, 0x28e2, 0x28e3, 0x28e3, 0x2923, 0x28e2, 0x28e3, 0x28e2, 0x2903, 0x3144, 0x3123, 
	0x3123, 0x3123, 0x3144, 0x2903, 0x28e2, 0x28e3, 0x28e2, 0x3123, 0x28e3, 0x28e3, 0x28e2, 0x2903, 0x3144, 0x3123, 0x3123, 0x3123, 
	0x3144, 0x2903, 0x28e2, 0x28e3, 0x28e3, 0x3124, 0x28e3, 0x28e2, 0x28e2, 0x28e3, 0x3144, 0x3123, 0x3123, 0x3123, 0x3144, 0x2903, 
	0x28e2, 0x28e3, 0x28e2, 0x2923, 0x2903, 0x28e2, 0x28e3, 0x28e2, 0x3143, 0x3123, 0x3123, 0x3123, 0x3144, 0x2923, 0x28e2, 0x28e3, 
	0x28e2, 0x2903, 0x2903, 0x28e2, 0x28e3, 0x28e2, 0x2923, 0x3143, 0x3123, 0x3123, 0x3143, 0x2923, 0x28e2, 0x28e3, 0x28e3, 0x28e3, 
	0x8b6a, 0x8b6a, 0x8b6a, 0x8b6a, 0x6ac9, 0x3943, 0x3144, 0x3144, 0x3143, 0x62a9, 0x8b6a, 0x8b6a, 0x8b6a, 0x8b6a, 0x8b6a, 0x8b6a, 
	0x8b6a, 0x8b6a, 0x732a, 0x3943, 0x3144, 0x3144, 0x3123, 0x5a68, 0x8b8a, 0x8b6a, 0x8b6a, 0x8b6a, 0x8b6a, 0x8b6a, 0x8b6a, 0x8b6a, 
	0x7b4b, 0x4164, 0x3144, 0x3144, 0x3123, 0x5227, 0x8b8b, 0x8b6a, 0x8b6a, 0x8b6a, 0x8b8b, 0x8b6a, 0x8b6a, 0x8b6a, 0x836b, 0x49a4, 
	0x3144, 0x3144, 0x3143, 0x49e6, 0x8b6a, 0x8b6a, 0x8b6a, 0x8b6a, 0x8b8b, 0x8b6a, 0x8b6a, 0x8b6a, 0x838b, 0x51c5, 0x3144, 0x3144, 
	0x3143, 0x41c6, 0x8b6a, 0x8b6a, 0x8b6a, 0x8b6a, 0x8b6a, 0x8b6a, 0x8b6a, 0x8b6a, 0x838b, 0x5a06, 0x3144, 0x3144, 0x3144, 0x41a5, 
	0x834a, 0x8b6a, 0x8b6a, 0x8b6a, 0x8b6a, 0x8b6a, 0x8b6a, 0x8b6a, 0x8b8b, 0x6246, 0x3144, 0x3144, 0x3144, 0x3964, 0x8329, 0x8b6b, 
	0x8b6a, 0x8b6a, 0x8b6a, 0x8b6a, 0x8b6a, 0x8b6a, 0x8b8b, 0x6a87, 0x3144, 0x3144, 0x3144, 0x3144, 0x7ae8, 0x8b8b, 0x8b6a, 0x8b6a, 
	0x8b6a, 0x8b6a, 0x8b6a, 0x8b6a, 0x8b8b, 0x72a8, 0x3144, 0x3144, 0x3144, 0x3144, 0x6aa7, 0x8b8b, 0x8b6a, 0x8b6a, 0x8b6a, 0x8b6a, 
	0x8b6a, 0x8b6a, 0x8b8b, 0x7ae8, 0x3144, 0x3144, 0x3144, 0x3144, 0x6267, 0x8b8b, 0x8b6a, 0x8b6a, 0x8b6a, 0x8b6a, 0x8b6a, 0x8b6a, 
	0x8b6b, 0x8329, 0x3964, 0x3144, 0x3144, 0x3144, 0x6246, 0x8b8b, 0x8b6a, 0x8b6a, 0x8b6a, 0x8b6a, 0x8b6a, 0x8b6a, 0x8b6a, 0x834a, 
	0x41a5, 0x3144, 0x3144, 0x3144, 0x5a06, 0x838b, 0x8b6a, 0x8b6a, 0x8b6a, 0x8b6a, 0x8b6a, 0x8b6a, 0x8b6a, 0x8b6a, 0x41c6, 0x3143, 
	0x3144, 0x3144, 0x51c5, 0x838b, 0x8b6a, 0x8b6a, 0x8b6a, 0x8b8b, 0x8b6a, 0x8b6a, 0x8b6a, 0x8b6a, 0x4a06, 0x3123, 0x3144, 0x3144, 
	0x49a4, 0x836b, 0x8b6a, 0x8b6a, 0x8b6a, 0x8b8b, 0x8b6a, 0x8b6a, 0x8b6a, 0x8b8b, 0x5227, 0x3123, 0x3144, 0x3144, 0x4164, 0x7b4b, 
	0x8b6a, 0x8b6a, 0x8b6a, 0x8b8b, 0x8b6a, 0x8b6a, 0x8b6a, 0x8b8a, 0x5a68, 0x3123, 0x3144, 0x3144, 0x3943, 0x732a, 0x8b6a, 0x8b6a, 
	0x8b6a, 0x8b6a, 0x8b6a, 0x8b6a, 0x8b6a, 0x8b6a, 0x62a9, 0x3143, 0x3144, 0x3144, 0x3943, 0x6ae9, 0x8b6a, 0x8b6a, 0x8b6a, 0x8b6a, 
	0xf5d1, 0xf5d1, 0xf5d1, 0xfe12, 0xac8f, 0x38e1, 0x2924, 0x2924, 0x30e1, 0x9c0d, 0xfe12, 0xf5d1, 0xf5d1, 0xf5d1, 0xf5d1, 0xf5d1, 
	0xf5d1, 0xf5f1, 0xc511, 0x4101, 0x2924, 0x2924, 0x30e1, 0x836b, 0xfe12, 0xf5d1, 0xf5d1, 0xf5d1, 0xf5d1, 0xf5d1, 0xf5d1, 0xf5f1, 
	0xcd92, 0x4942, 0x2923, 0x2924, 0x30e1, 0x72e9, 0xf612, 0xf5d1, 0xf5d1, 0xf5d1, 0xf5d1, 0xf5d1, 0xf5d1, 0xf5f1, 0xddd3, 0x59a3, 
	0x2923, 0x2924, 0x30e2, 0x5a68, 0xf5f2, 0xf5f1, 0xf5d1, 0xf5d1, 0xf5f1, 0xf5d1, 0xf5d1, 0xf5d1, 0xe614, 0x6204, 0x2903, 0x2924, 
	0x3102, 0x5206, 0xedd1, 0xf5f2, 0xf5d1, 0xf5d1, 0xf5d1, 0xf5d1, 0xf5d1, 0xf5d1, 0xee14, 0x7a86, 0x28e3, 0x3123, 0x3102, 0x41a5, 
	0xe590, 0xf5f2, 0xf5d1, 0xf5d1, 0xf5d1, 0xf5d1, 0xf5d1, 0xf5d1, 0xee34, 0x8b28, 0x28e2, 0x3123, 0x3123, 0x3144, 0xd52f, 0xf5f2, 
	0xf5d1, 0xf5d1, 0xf5d1, 0xf5d1, 0xf5d1, 0xf5d1, 0xf634, 0x9b8a, 0x28e2, 0x3123, 0x3123, 0x3123, 0xc4ad, 0xf613, 0xf5d1, 0xf5d1, 
	0xf5d1, 0xf5d1, 0xf5d1, 0xf5d1, 0xf633, 0xb42b, 0x28e2, 0x3123, 0x3123, 0x28e2, 0xb42b, 0xf633, 0xf5d1, 0xf5d1, 0xf5d1, 0xf5d1, 
	0xf5d1, 0xf5d1, 0xf613, 0xc4ad, 0x3123, 0x3123, 0x3123, 0x28e2, 0x9b89, 0xf634, 0xf5d1, 0xf5d1, 0xf5d1, 0xf5d1, 0xf5d1, 0xf5d1, 
	0xf5f2, 0xd52f, 0x3944, 0x3123, 0x3123, 0x28e2, 0x8b08, 0xee34, 0xf5d1, 0xf5d1, 0xf5d1, 0xf5d1, 0xf5d1, 0xf5d1, 0xf5f2, 0xe590, 
	0x41a5, 0x3102, 0x3124, 0x28e3, 0x7a86, 0xee14, 0xf5d1, 0xf5d1, 0xf5d1, 0xf5d1, 0xf5d1, 0xf5d1, 0xf5f1, 0xedd1, 0x5206, 0x3102, 
	0x2924, 0x2903, 0x6204, 0xe5f4, 0xf5d1, 0xf5d1, 0xf5d1, 0xf5d1, 0xf5d1, 0xf5d1, 0xf5d1, 0xf5f2, 0x6268, 0x30e2, 0x2924, 0x2923, 
	0x51a3, 0xddd3, 0xf5f1, 0xf5d1, 0xf5d1, 0xf5d1, 0xf5d1, 0xf5d1, 0xf5d1, 0xf612, 0x72e9, 0x30e1, 0x2924, 0x2923, 0x4942, 0xcd72, 
	0xf5f1, 0xf5d1, 0xf5d1, 0xf5d1, 0xf5d1, 0xf5d1, 0xf5d1, 0xfe12, 0x838c, 0x30e1, 0x2924, 0x2924, 0x4101, 0xc511, 0xf5f1, 0xf5d1, 
	0xf5d1, 0xf5d1, 0xf5d1, 0xf5d1, 0xf5d1, 0xfe12, 0x9c0d, 0x30e1, 0x2924, 0x2924, 0x38e1, 0xac8f, 0xfe12, 0xf5d1, 0xf5d1, 0xf5d1, 
	0xedb0, 0xedb0, 0xed90, 0xedd1, 0xa44e, 0x38e1, 0x2924, 0x2924, 0x30e1, 0x93ed, 0xf5d1, 0xed90, 0xedb0, 0xedb0, 0xedb0, 0xedb0, 
	0xed90, 0xedb1, 0xbcf0, 0x3921, 0x2924, 0x2924, 0x30e1, 0x836b, 0xedd1, 0xedb0, 0xedb0, 0xedb0, 0xedb1, 0xedb0, 0xed90, 0xedb1, 
	0xc551, 0x4962, 0x2923, 0x2924, 0x30e1, 0x6ac9, 0xedd1, 0xedb0, 0xedb0, 0xedb0, 0xedb1, 0xedb0, 0xed90, 0xedb0, 0xd593, 0x51a3, 
	0x2923, 0x2924, 0x30e2, 0x5a67, 0xedd1, 0xe5b1, 0xedb0, 0xedb0, 0xedb1, 0xedb0, 0xed90, 0xedb0, 0xddd3, 0x6204, 0x2903, 0x2924, 
	0x3102, 0x4a06, 0xe590, 0xedb1, 0xedb0, 0xedb0, 0xedb1, 0xedb0, 0xed90, 0xed90, 0xe5f3, 0x7a86, 0x2903, 0x3123, 0x3102, 0x4185, 
	0xdd50, 0xe5b1, 0xedb0, 0xedb0, 0xedb1, 0xedb0, 0xed90, 0xed90, 0xe5f3, 0x8b08, 0x28e3, 0x3123, 0x3123, 0x3144, 0xcd0f, 0xedd2, 
	0xedb0, 0xedb0, 0xedb1, 0xedb0, 0xed90, 0xed90, 0xe5f3, 0x9b89, 0x28e2, 0x3123, 0x3123, 0x3123, 0xbc8d, 0xe5d2, 0xed90, 0xed90, 
	0xedb0, 0xedb0, 0xed90, 0xed90, 0xedf2, 0xabeb, 0x2903, 0x3123, 0x3123, 0x28e2, 0xabeb, 0xedf2, 0xed90, 0xed90, 0xedb0, 0xedb0, 
	0xed90, 0xed90, 0xe5d2, 0xbc8d, 0x3123, 0x3123, 0x3123, 0x28e2, 0x9b69, 0xedf3, 0xed90, 0xed90, 0xedb0, 0xedb1, 0xedb0, 0xedb0, 
	0xedd2, 0xcd0f, 0x3144, 0x3123, 0x3123, 0x28e3, 0x8b08, 0xe5f3, 0xed90, 0xed90, 0xedb0, 0xedb1, 0xedb0, 0xedb0, 0xe5b1, 0xdd50, 
	0x4185, 0x3102, 0x3123, 0x2903, 0x7286, 0xe5f3, 0xed90, 0xed90, 0xedb0, 0xedb1, 0xedb0, 0xedb0, 0xedb1, 0xe591, 0x5206, 0x3102, 
	0x2924, 0x2903, 0x6204, 0xddd3, 0xedb0, 0xed90, 0xedb0, 0xedb1, 0xedb0, 0xedb0, 0xe5b1, 0xedd1, 0x5a67, 0x30e2, 0x2924, 0x2923, 
	0x51a3, 0xd592, 0xedb1, 0xed90, 0xedb0, 0xedb1, 0xedb0, 0xedb0, 0xedb0, 0xedd1, 0x6ae9, 0x30e1, 0x2924, 0x2923, 0x4942, 0xc552, 
	0xedb1, 0xed90, 0xedb0, 0xedb1, 0xedb0, 0xedb0, 0xedb0, 0xf5f1, 0x836b, 0x30e1, 0x2924, 0x2924, 0x3921, 0xbcf0, 0xedb1, 0xed90, 
	0xedb0, 0xedb1, 0xedb0, 0xedb0, 0xed90, 0xf5d1, 0x93ed, 0x30e1, 0x2924, 0x2924, 0x38e1, 0xac6f, 0xedd1, 0xed90, 0xedb0, 0xedb0, 
	0xedb0, 0xedb0, 0xed90, 0xf5d1, 0xa46e, 0x38e1, 0x2924, 0x2924, 0x30e1, 0x93ed, 0xf5d1, 0xed90, 0xedb0, 0xedb0, 0xedb0, 0xedb0, 
	0xed90, 0xedb1, 0xbcf0, 0x3921, 0x2924, 0x2924, 0x30e1, 0x836b, 0xedd1, 0xedb0, 0xedb0, 0xedb0, 0xedb1, 0xedb0, 0xed90, 0xedb1, 
	0xcd52, 0x4942, 0x2923, 0x2924, 0x30e1, 0x6ac9, 0xedd1, 0xedb0, 0xedb0, 0xedb1, 0xedb1, 0xedb0, 0xed90, 0xedb0, 0xd593, 0x51a3, 
	0x2923, 0x2924, 0x30e2, 0x5a67, 0xedd1, 0xe5b1, 0xedb0, 0xedb0, 0xedb1, 0xedb0, 0xed90, 0xedb0, 0xddd3, 0x6204, 0x2903, 0x2924, 
	0x3102, 0x4a06, 0xe591, 0xedb1, 0xedb0, 0xedb0, 0xedb1, 0xedb0, 0xed90, 0xed90, 0xe5f3, 0x7a86, 0x28e3, 0x3123, 0x3102, 0x4185, 
	0xdd50, 0xe5b1, 0xedb0, 0xedb0, 0xedb1, 0xedb1, 0xed90, 0xed90, 0xe5f3, 0x8b08, 0x28e3, 0x3123, 0x3123, 0x3144, 0xcd0f, 0xedd2, 
	0xed90, 0xed90, 0xedb1, 0xedb0, 0xed90, 0xed90, 0xe5f3, 0x9b89, 0x28e2, 0x3123, 0x3123, 0x3123, 0xbc8d, 0xe5d2, 0xed90, 0xed90, 
	0xedb0, 0xedb0, 0xed90, 0xed90, 0xedf2, 0xabeb, 0x28e2, 0x3123, 0x3123, 0x28e2, 0xabeb, 0xedf2, 0xed90, 0xed90, 0xedb0, 0xedb0, 
	0xed90, 0xed90, 0xe5d2, 0xbc8d, 0x3123, 0x3123, 0x3123, 0x28e2, 0x9b69, 0xedf3, 0xed90, 0xed90, 0xedb0, 0xedb1, 0xedb0, 0xedb0, 
	0xedd2, 0xcd0f, 0x3144, 0x3123, 0x3123, 0x28e3, 0x8b08, 0xe5f3, 0xed90, 0xed90, 0xedb1, 0xedb1, 0xedb0, 0xedb0, 0xe5b1, 0xdd50, 
	0x4185, 0x3102, 0x3123, 0x2903, 0x7286, 0xe5f3, 0xed90, 0xed90, 0xedb0, 0xedb1, 0xedb0, 0xedb0, 0xedb1, 0xe591, 0x5206, 0x3102, 
	0x2924, 0x2903, 0x6204, 0xddd3, 0xedb0, 0xed90, 0xedb0, 0xedb1, 0xedb0, 0xedb0, 0xe5b1, 0xedd1, 0x5a67, 0x30e2, 0x2924, 0x2923, 
	0x51a3, 0xd592, 0xedb1, 0xed90, 0xedb0, 0xedb1, 0xedb1, 0xedb0, 0xedb0, 0xedd1, 0x6ae9, 0x30e1, 0x2924, 0x2923, 0x4942, 0xcd52, 
	0xedb1, 0xed90, 0xedb0, 0xedb1, 0xedb0, 0xedb0, 0xedb0, 0xf5f1, 0x836b, 0x30e1, 0x2924, 0x2924, 0x3921, 0xbcf0, 0xedb1, 0xed90, 
	0xedb0, 0xedb1, 0xedb1, 0xedb0, 0xed90, 0xf5d1, 0x93ed, 0x30e1, 0x2924, 0x2924, 0x38e1, 0xac6f, 0xedd1, 0xed90, 0xedb0, 0xedb0, 
	0xedb1, 0xedb1, 0xedb1, 0xf5f2, 0xac6f, 0x38e1, 0x3144, 0x3144, 0x30e1, 0x9bed, 0xf5f2, 0xedb1, 0xedb1, 0xedb1, 0xedb1, 0xedb0, 
	0xed90, 0xedb1, 0xbcf0, 0x4121, 0x2924, 0x3144, 0x30e1, 0x836b, 0xedd1, 0xedb0, 0xedb0, 0xedb0, 0xedb1, 0xedb1, 0xedb0, 0xf5d1, 
	0xcd72, 0x4962, 0x2924, 0x3144, 0x30e1, 0x6ae9, 0xf5f2, 0xedb1, 0xedb1, 0xedd1, 0xedb1, 0xedb0, 0xed90, 0xedb1, 0xd593, 0x51a3, 
	0x2923, 0x3144, 0x3102, 0x5a68, 0xedd1, 0xe5b1, 0xedb0, 0xedb0, 0xedb1, 0xedb1, 0xedb0, 0xedb1, 0xddf3, 0x6224, 0x2903, 0x3144, 
	0x3102, 0x5206, 0xedb1, 0xedd1, 0xedb1, 0xedb1, 0xedb1, 0xedb0, 0xed90, 0xed90, 0xe5f3, 0x7a86, 0x2903, 0x3124, 0x3103, 0x41a5, 
	0xdd50, 0xe5b1, 0xedb0, 0xedb0, 0xedb1, 0xedd1, 0xedb1, 0xedb1, 0xee13, 0x8b28, 0x28e3, 0x3124, 0x3123, 0x3944, 0xd50f, 0xedf2, 
	0xedb1, 0xedb1, 0xedb1, 0xedb0, 0xed90, 0xed90, 0xedf3, 0x9b89, 0x28e3, 0x3124, 0x3123, 0x3123, 0xbc8d, 0xe5d2, 0xed90, 0xed90, 
	0xedb1, 0xedb1, 0xedb1, 0xedb1, 0xedf3, 0xac0b, 0x2903, 0x3123, 0x3123, 0x2903, 0xac0b, 0xedf3, 0xedb1, 0xedb1, 0xedb1, 0xedb1, 
	0xed90, 0xed90, 0xe5d2, 0xbc8d, 0x3123, 0x3123, 0x3124, 0x28e3, 0x9b89, 0xedf3, 0xed90, 0xed90, 0xedb0, 0xedb1, 0xedb1, 0xedb1, 
	0xedd2, 0xd50f, 0x3944, 0x3123, 0x3124, 0x28e3, 0x8b07, 0xee13, 0xedb1, 0xedb1, 0xedd1, 0xedb1, 0xedb0, 0xedb0, 0xe5b1, 0xdd50, 
	0x41a5, 0x3103, 0x3144, 0x2903, 0x7286, 0xe5f3, 0xed90, 0xed90, 0xedb0, 0xedb1, 0xedb1, 0xedb1, 0xedd1, 0xedb1, 0x5206, 0x3102, 
	0x3144, 0x2903, 0x6204, 0xddf3, 0xedb1, 0xedb0, 0xedb1, 0xedb1, 0xedb0, 0xedb0, 0xe5b1, 0xedd1, 0x5a68, 0x3102, 0x3144, 0x2923, 
	0x51a3, 0xd592, 0xedb1, 0xed90, 0xedb0, 0xedb1, 0xedd1, 0xedb1, 0xedb1, 0xf5f2, 0x72e9, 0x30e1, 0x3144, 0x2924, 0x4962, 0xcd72, 
	0xf5d1, 0xedb0, 0xedb1, 0xedd1, 0xedb0, 0xedb0, 0xedb0, 0xf5f1, 0x836b, 0x30e1, 0x3144, 0x2924, 0x4121, 0xbcf0, 0xedb1, 0xed90, 
	0xedb0, 0xedb1, 0xedd1, 0xedb1, 0xedb1, 0xf5f2, 0x9bed, 0x30e1, 0x3144, 0x3144, 0x38e1, 0xac8f, 0xf5f1, 0xedb1, 0xedb1, 0xedb1, 
	0x6247, 0x6247, 0x6247, 0x6267, 0x5206, 0x3123, 0x3144, 0x3144, 0x3123, 0x4a06, 0x6267, 0x6247, 0x6246, 0x6267, 0xd50f, 0xedb1, 
	0xedb0, 0xedd1, 0xbcf1, 0x4121, 0x3144, 0x3144, 0x3101, 0x836b, 0xf5d1, 0xed90, 0xedb0, 0xedb1, 0x834a, 0x6226, 0x6247, 0x6247, 
	0x5a67, 0x3963, 0x3144, 0x3144, 0x3123, 0x41c5, 0x6267, 0x6247, 0x6247, 0x5a26, 0xbc8d, 0xe5d2, 0xed90, 0xedb0, 0xd593, 0x59c3, 
	0x2924, 0x3144, 0x3102, 0x5a68, 0xedd1, 0xedb1, 0xedb0, 0xedd1, 0x9c0d, 0x6205, 0x6267, 0x6267, 0x5a68, 0x4184, 0x3143, 0x3144, 
	0x3123, 0x3985, 0x6267, 0x6267, 0x6267, 0x5a26, 0xa3aa, 0xe5f3, 0xed90, 0xed90, 0xe5f3, 0x7286, 0x2903, 0x3144, 0x3123, 0x41a5, 
	0xdd50, 0xe5b1, 0xed90, 0xedd1, 0xbccf, 0x6225, 0x5a47, 0x6267, 0x6268, 0x49c5, 0x3123, 0x3144, 0x3144, 0x3144, 0x5a47, 0x6247, 
	0x6247, 0x5a27, 0x82e7, 0xddb2, 0xedb0, 0xed90, 0xedf3, 0x9b8a, 0x2903, 0x3144, 0x3144, 0x3123, 0xbc8d, 0xe5d2, 0xedb0, 0xedb0, 
	0xcd51, 0x7265, 0x5a47, 0x6247, 0x5a67, 0x5206, 0x3143, 0x3144, 0x3144, 0x3123, 0x51e5, 0x5a67, 0x6247, 0x5a47, 0x7265, 0xcd51, 
	0xedb0, 0xedb0, 0xe5d2, 0xc4ad, 0x3123, 0x3144, 0x3144, 0x2903, 0x9b89, 0xedf3, 0xed90, 0xedb0, 0xddb2, 0x82e7, 0x5a27, 0x6247, 
	0x6247, 0x5a47, 0x3144, 0x3144, 0x3144, 0x3123, 0x49c5, 0x6268, 0x6267, 0x5a47, 0x6225, 0xbccf, 0xedd1, 0xed90, 0xe5b1, 0xdd50, 
	0x41a5, 0x3123, 0x3144, 0x2903, 0x7286, 0xe5f3, 0xed90, 0xed90, 0xe5f3, 0xa3ca, 0x5a26, 0x6267, 0x6267, 0x6267, 0x3985, 0x3123, 
	0x3144, 0x3143, 0x4184, 0x5a67, 0x6267, 0x6267, 0x6205, 0x9c0d, 0xedd1, 0xedb0, 0xedb1, 0xedd1, 0x6268, 0x3102, 0x3144, 0x2924, 
	0x51a3, 0xd593, 0xedb0, 0xed90, 0xe5d2, 0xbc8d, 0x5a26, 0x6247, 0x6247, 0x6267, 0x41c6, 0x3123, 0x3144, 0x3144, 0x3963, 0x5a67, 
	0x6247, 0x6247, 0x5a26, 0x834a, 0xedb1, 0xedb0, 0xed90, 0xf5d1, 0x838b, 0x3101, 0x3144, 0x3144, 0x4121, 0xbcf0, 0xedd1, 0xedb0, 
	0xedb1, 0xd52f, 0x6267, 0x6246, 0x6247, 0x6267, 0x4a06, 0x3123, 0x3144, 0x3144, 0x3123, 0x5227, 0x6267, 0x6247, 0x6247, 0x6247, 
	0x2903, 0x2903, 0x2903, 0x2903, 0x2903, 0x3123, 0x3123, 0x3123, 0x3123, 0x3123, 0x2903, 0x2903, 0x28e2, 0x2903, 0xccee, 0xedd2, 
	0xed90, 0xedb1, 0xbcf0, 0x3921, 0x2924, 0x2924, 0x30e1, 0x836b, 0xf5d1, 0xed90, 0xe5b1, 0xedd1, 0x5a47, 0x28c1, 0x2903, 0x2903, 
	0x2923, 0x3144, 0x3123, 0x3123, 0x3123, 0x3144, 0x2903, 0x2903, 0x2903, 0x20c2, 0xac0b, 0xedf2, 0xed90, 0xedb0, 0xd593, 0x51a3, 
	0x2903, 0x2924, 0x30e2, 0x5a67, 0xedd1, 0xe5b1, 0xed90, 0xf5d1, 0x836b, 0x28a1, 0x2903, 0x2903, 0x2903, 0x3144, 0x3123, 0x3123, 
	0x3123, 0x3144, 0x2923, 0x2903, 0x2903, 0x20c2, 0x82e7, 0xe5f3, 0xed90, 0xed90, 0xe5f3, 0x7a86, 0x28e3, 0x3123, 0x3102, 0x4185, 
	0xdd50, 0xe5b1, 0xed90, 0xedd1, 0xa46f, 0x30c0, 0x2903, 0x2903, 0x2903, 0x3144, 0x3123, 0x3123, 0x3123, 0x3144, 0x2923, 0x2903, 
	0x2903, 0x20e2, 0x61e4, 0xddd3, 0xedb0, 0xed90, 0xe5f3, 0x9b89, 0x28e2, 0x3123, 0x3123, 0x2903, 0xbc8d, 0xe5d2, 0xed90, 0xedb0, 
	0xc531, 0x4121, 0x2903, 0x2903, 0x2903, 0x3123, 0x3123, 0x3123, 0x3123, 0x3123, 0x2903, 0x2903, 0x2903, 0x2903, 0x4121, 0xc531, 
	0xedb0, 0xed90, 0xe5d2, 0xbc8d, 0x3123, 0x3123, 0x3123, 0x28e2, 0x9b69, 0xedf3, 0xed90, 0xedb0, 0xddd3, 0x61e4, 0x20e2, 0x2903, 
	0x2903, 0x2923, 0x3144, 0x3123, 0x3123, 0x3123, 0x3144, 0x2903, 0x2903, 0x2903, 0x30c0, 0xa46f, 0xedd1, 0xed90, 0xe5b1, 0xdd50, 
	0x4185, 0x3102, 0x3123, 0x28e3, 0x7286, 0xe5f3, 0xed90, 0xed90, 0xe5f3, 0x82e7, 0x20c2, 0x2903, 0x2903, 0x2923, 0x3144, 0x3123, 
	0x3123, 0x3123, 0x3144, 0x2903, 0x2903, 0x2903, 0x28a1, 0x834b, 0xf5f1, 0xedb0, 0xe5b1, 0xedd1, 0x5a67, 0x30e2, 0x2924, 0x2903, 
	0x51a3, 0xd592, 0xedb0, 0xed90, 0xedf2, 0xac0b, 0x20c2, 0x2903, 0x2903, 0x2903, 0x3144, 0x3123, 0x3123, 0x3123, 0x3144, 0x2923, 
	0x2903, 0x2903, 0x28c1, 0x5a47, 0xedd1, 0xe5b1, 0xed90, 0xf5d1, 0x836b, 0x30e1, 0x2924, 0x2924, 0x3921, 0xbcf0, 0xedb1, 0xed90, 
	0xedd2, 0xccee, 0x3123, 0x28e2, 0x2903, 0x2903, 0x3123, 0x3123, 0x3123, 0x3123, 0x3143, 0x2923, 0x2903, 0x2903, 0x2903, 0x2903, 
	0x3123, 0x3123, 0x3123, 0x3123, 0x3123, 0x3123, 0x3123, 0x3123, 0x3123, 0x3144, 0x3123, 0x3123, 0x3123, 0x3143, 0xccee, 0xedd2, 
	0xed90, 0xedb1, 0xbcf0, 0x3921, 0x2924, 0x2924, 0x30e1, 0x836b, 0xf5d1, 0xed90, 0xe5b1, 0xedd1, 0x5a67, 0x30e2, 0x3123, 0x2923, 
	0x3144, 0x3144, 0x3123, 0x3123, 0x3123, 0x3144, 0x3123, 0x3123, 0x3123, 0x2903, 0xac0b, 0xedf2, 0xed90, 0xedb0, 0xd593, 0x51a3, 
	0x2923, 0x2924, 0x30e2, 0x5a67, 0xedd1, 0xe5b1, 0xedb0, 0xedd1, 0x838b, 0x30e1, 0x3123, 0x3123, 0x3144, 0x3144, 0x3123, 0x3123, 
	0x3123, 0x3964, 0x3144, 0x3123, 0x3123, 0x28e3, 0x8b08, 0xe5f3, 0xed90, 0xed90, 0xe5f3, 0x7a86, 0x2903, 0x3123, 0x3102, 0x4185, 
	0xdd50, 0xe5b1, 0xed90, 0xedd1, 0xac6f, 0x38e1, 0x3123, 0x3123, 0x3123, 0x3964, 0x3123, 0x3123, 0x3123, 0x3144, 0x3144, 0x3123, 
	0x3123, 0x2903, 0x6204, 0xddd3, 0xedb0, 0xed90, 0xe5f3, 0x9b89, 0x28e2, 0x3123, 0x3123, 0x3123, 0xbc8d, 0xe5d2, 0xed90, 0xedb0, 
	0xc531, 0x4942, 0x2923, 0x3123, 0x3123, 0x3144, 0x3123, 0x3123, 0x3123, 0x3123, 0x3123, 0x3123, 0x3123, 0x2923, 0x4942, 0xc531, 
	0xedb0, 0xed90, 0xe5d2, 0xbc8d, 0x3123, 0x3123, 0x3123, 0x28e2, 0x9b69, 0xedf3, 0xed90, 0xedb0, 0xddd3, 0x6204, 0x2903, 0x3123, 
	0x3123, 0x3144, 0x3144, 0x3123, 0x3123, 0x3123, 0x3144, 0x3123, 0x3123, 0x3123, 0x38e1, 0xac6f, 0xedd1, 0xed90, 0xe5b1, 0xdd50, 
	0x4185, 0x3102, 0x3123, 0x2903, 0x7286, 0xe5f3, 0xed90, 0xed90, 0xe5f3, 0x8b08, 0x28e3, 0x3123, 0x3123, 0x3144, 0x3964, 0x3123, 
	0x3123, 0x3123, 0x3144, 0x3144, 0x3123, 0x3123, 0x30e1, 0x836b, 0xedd1, 0xedb0, 0xe5b1, 0xedd1, 0x5a67, 0x30e2, 0x2924, 0x2923, 
	0x51a3, 0xd592, 0xedb0, 0xed90, 0xe5d2, 0xac0b, 0x2903, 0x3123, 0x3123, 0x3123, 0x3964, 0x3123, 0x3123, 0x3123, 0x3144, 0x3144, 
	0x2923, 0x3123, 0x30e2, 0x5a68, 0xedd1, 0xe5b1, 0xed90, 0xf5d1, 0x836b, 0x30e1, 0x2924, 0x2924, 0x3921, 0xbcf0, 0xedb1, 0xed90, 
	0xedd2, 0xccee, 0x3143, 0x3123, 0x3123, 0x3123, 0x3144, 0x3123, 0x3123, 0x3123, 0x3123, 0x3144, 0x3123, 0x3123, 0x3123, 0x3123, 
	0x3103, 0x3103, 0x3103, 0x3103, 0x3103, 0x3103, 0x3103, 0x3103, 0x3123, 0x3144, 0x3123, 0x3123, 0x3103, 0x3123, 0xd4ee, 0xedd2, 
	0xedb0, 0xf5d1, 0xbd11, 0x3901, 0x2903, 0x2904, 0x28c1, 0x836b, 0xf5f2, 0xedb1, 0xedb1, 0xedd1, 0x5a47, 0x28e1, 0x3123, 0x3123, 
	0x3144, 0x3144, 0x3103, 0x3103, 0x3123, 0x3144, 0x3123, 0x3123, 0x3123, 0x28e2, 0xb42b, 0xedf3, 0xedb0, 0xf5d0, 0xd5b3, 0x5183, 
	0x2903, 0x2923, 0x28e1, 0x5a47, 0xedd1, 0xedb1, 0xedb1, 0xf5f2, 0x836b, 0x30c1, 0x3103, 0x3103, 0x3123, 0x3144, 0x3103, 0x3103, 
	0x2903, 0x3144, 0x3144, 0x3123, 0x3103, 0x28e2, 0x8b07, 0xee13, 0xedb0, 0xedb0, 0xe5f4, 0x7266, 0x20e2, 0x2923, 0x28e2, 0x3984, 
	0xdd70, 0xedd2, 0xedb0, 0xf5f1, 0xac8f, 0x38e1, 0x3103, 0x3103, 0x3123, 0x3144, 0x3103, 0x3103, 0x3103, 0x3123, 0x3123, 0x3123, 
	0x3103, 0x28e3, 0x6204, 0xddd3, 0xf5b0, 0xedb0, 0xee13, 0x9b89, 0x20c2, 0x2903, 0x2903, 0x2903, 0xc48d, 0xedf2, 0xedb0, 0xf5d1, 
	0xcd52, 0x4121, 0x2903, 0x3103, 0x3123, 0x3123, 0x3123, 0x3103, 0x3103, 0x3103, 0x3103, 0x3103, 0x2923, 0x2903, 0x4121, 0xcd52, 
	0xf5d1, 0xedb0, 0xedf2, 0xc48d, 0x2903, 0x2903, 0x2903, 0x20c2, 0x9b69, 0xee13, 0xedb0, 0xf5b0, 0xddd3, 0x6204, 0x28e3, 0x3103, 
	0x3123, 0x3123, 0x3123, 0x3103, 0x3103, 0x3103, 0x3144, 0x3123, 0x3103, 0x3103, 0x30e1, 0xac8f, 0xf5f1, 0xedb0, 0xedd2, 0xdd70, 
	0x3984, 0x28e2, 0x2923, 0x20e2, 0x7266, 0xe5f4, 0xedb0, 0xedb0, 0xee13, 0x8b08, 0x28e2, 0x3103, 0x3123, 0x3144, 0x3144, 0x2903, 
	0x3103, 0x3103, 0x3144, 0x3123, 0x3103, 0x3103, 0x30c1, 0x836b, 0xf5f2, 0xedb1, 0xedb1, 0xedd1, 0x5a67, 0x28e1, 0x2923, 0x2903, 
	0x5182, 0xd5b3, 0xf5d0, 0xedb0, 0xedf3, 0xb42b, 0x28e2, 0x3123, 0x3123, 0x3123, 0x3144, 0x3123, 0x3103, 0x3103, 0x3123, 0x3144, 
	0x3123, 0x3123, 0x28e1, 0x5a67, 0xedd1, 0xedb1, 0xedb1, 0xf5f2, 0x836b, 0x28c1, 0x2904, 0x2903, 0x3901, 0xbd11, 0xf5d1, 0xedb0, 
	0xedd2, 0xd50e, 0x3123, 0x3103, 0x3123, 0x3123, 0x3144, 0x3123, 0x3103, 0x3103, 0x3123, 0x3123, 0x3103, 0x3103, 0x3103, 0x3103, 
	0x3185, 0x3185, 0x3185, 0x3185, 0x3185, 0x3185, 0x3185, 0x3185, 0x3185, 0x39a5, 0x3185, 0x3185, 0x3985, 0x39a5, 0xbc8d, 0xd550, 
	0xd50f, 0xd52f, 0xacaf, 0x51a4, 0x41a5, 0x41c5, 0x4183, 0x836b, 0xdd50, 0xd50f, 0xd52f, 0xd530, 0x5a88, 0x3964, 0x3185, 0x3185, 
	0x39a6, 0x39a5, 0x3185, 0x3185, 0x3185, 0x39a6, 0x3185, 0x3185, 0x3185, 0x3164, 0xa3eb, 0xd551, 0xd50f, 0xd52f, 0xc511, 0x6225, 
	0x41a5, 0x41c5, 0x4984, 0x6aa8, 0xd530, 0xd52f, 0xd50f, 0xdd50, 0x7b6b, 0x3943, 0x3185, 0x3185, 0x39a5, 0x39a6, 0x3185, 0x3185, 
	0x3185, 0x39c6, 0x39a5, 0x3185, 0x3185, 0x3165, 0x8308, 0xcd71, 0xd50f, 0xd50f, 0xcd71, 0x7ac7, 0x4185, 0x41c5, 0x41a5, 0x5206, 
	0xccef, 0xd530, 0xd50f, 0xdd4f, 0x9c4e, 0x4163, 0x3185, 0x3185, 0x3185, 0x39c6, 0x3185, 0x3185, 0x3185, 0x39a5, 0x39a5, 0x3185, 
	0x3185, 0x3165, 0x6245, 0xc551, 0xd52f, 0xd50f, 0xd551, 0x9b8a, 0x4184, 0x49c5, 0x49c5, 0x41a5, 0xb44c, 0xd550, 0xd50f, 0xdd2f, 
	0xb4f0, 0x49a3, 0x3185, 0x3185, 0x3185, 0x39a5, 0x3185, 0x3185, 0x3185, 0x3185, 0x3185, 0x3185, 0x3185, 0x3185, 0x49a3, 0xb4f0, 
	0xdd2f, 0xd50f, 0xd550, 0xb44c, 0x41a5, 0x49c5, 0x49c5, 0x4184, 0x938a, 0xd551, 0xd50f, 0xd52f, 0xc551, 0x6245, 0x3165, 0x3185, 
	0x3185, 0x39a5, 0x39a5, 0x3185, 0x3185, 0x3185, 0x39c6, 0x3185, 0x3185, 0x3185, 0x3963, 0x9c4e, 0xdd4f, 0xd50f, 0xd530, 0xccef, 
	0x5206, 0x41a5, 0x41c5, 0x4185, 0x7ac7, 0xcd71, 0xd50f, 0xd50f, 0xcd71, 0x8308, 0x3165, 0x3185, 0x3185, 0x39a5, 0x39c6, 0x3185, 
	0x3185, 0x3185, 0x39a6, 0x39a5, 0x3185, 0x3185, 0x3943, 0x7b6b, 0xdd50, 0xd50f, 0xd52f, 0xd530, 0x6aa8, 0x4984, 0x41c5, 0x41a5, 
	0x6225, 0xc511, 0xd52f, 0xd50f, 0xd551, 0xa3eb, 0x3164, 0x3185, 0x3185, 0x3185, 0x39c6, 0x3185, 0x3185, 0x3185, 0x39a5, 0x39a5, 
	0x3185, 0x3185, 0x3964, 0x5a88, 0xd550, 0xd52f, 0xd50f, 0xdd50, 0x836b, 0x4183, 0x41c5, 0x41a5, 0x51a4, 0xacaf, 0xd52f, 0xd50f, 
	0xd550, 0xbc8d, 0x39a5, 0x3985, 0x3185, 0x3185, 0x39a5, 0x3185, 0x3185, 0x3185, 0x3185, 0x39a5, 0x3185, 0x3185, 0x3185, 0x3185, 
	0x5410, 0x5410, 0x5410, 0x5410, 0x5410, 0x5410, 0x5410, 0x5410, 0x540f, 0x5410, 0x5410, 0x5410, 0x5c0f, 0x53ef, 0x41c6, 0x3164, 
	0x3964, 0x3144, 0x6a25, 0xd592, 0xe570, 0xe570, 0xddd2, 0x9baa, 0x3123, 0x3964, 0x3964, 0x3964, 0x4b8d, 0x5c0f, 0x5410, 0x5410, 
	0x5c10, 0x5c10, 0x5410, 0x5410, 0x540f, 0x5c10, 0x5410, 0x5410, 0x5410, 0x5c30, 0x5268, 0x2964, 0x3964, 0x3944, 0x4983, 0xc531, 
	0xe590, 0xe570, 0xe5b1, 0xbc8d, 0x3944, 0x3944, 0x3964, 0x3144, 0x430b, 0x640f, 0x5410, 0x5410, 0x540f, 0x5c10, 0x5410, 0x5410, 
	0x540f, 0x5c10, 0x5410, 0x540f, 0x5410, 0x5430, 0x5aea, 0x2964, 0x3964, 0x3964, 0x4122, 0xa46f, 0xedb0, 0xe570, 0xe591, 0xd52f, 
	0x49c5, 0x3943, 0x3964, 0x3944, 0x3a69, 0x63ef, 0x5410, 0x5410, 0x540f, 0x5c30, 0x540f, 0x540f, 0x540f, 0x540f, 0x5410, 0x540f, 
	0x5410, 0x5430, 0x636d, 0x29a5, 0x3944, 0x3964, 0x3922, 0x836b, 0xedb1, 0xe570, 0xe570, 0xe591, 0x6268, 0x3923, 0x3964, 0x3944, 
	0x29e7, 0x63ce, 0x5410, 0x5410, 0x540f, 0x5410, 0x5410, 0x5410, 0x5410, 0x5410, 0x5410, 0x5410, 0x5410, 0x5410, 0x63ce, 0x29e7, 
	0x3944, 0x3964, 0x3923, 0x6268, 0xe591, 0xe570, 0xe570, 0xedb1, 0x836b, 0x3922, 0x3964, 0x3944, 0x29a5, 0x636d, 0x5430, 0x5410, 
	0x540f, 0x5410, 0x540f, 0x540f, 0x5410, 0x5410, 0x5c10, 0x540f, 0x5410, 0x5410, 0x6bef, 0x3a69, 0x3944, 0x3964, 0x3943, 0x49c5, 
	0xd52f, 0xe591, 0xe570, 0xe590, 0xac6f, 0x4122, 0x3964, 0x3964, 0x2964, 0x5aea, 0x5430, 0x5410, 0x540f, 0x5410, 0x5c10, 0x540f, 
	0x5410, 0x5410, 0x5c10, 0x540f, 0x5410, 0x5410, 0x640f, 0x430b, 0x3144, 0x3964, 0x3944, 0x3944, 0xbc8d, 0xe5b1, 0xe570, 0xe590, 
	0xc531, 0x4982, 0x3944, 0x3964, 0x2964, 0x4a68, 0x5c30, 0x5410, 0x5410, 0x5410, 0x5c10, 0x540f, 0x5410, 0x5410, 0x5c10, 0x5c10, 
	0x5410, 0x5410, 0x5c0f, 0x4b8d, 0x3964, 0x3964, 0x3964, 0x3123, 0x9b8a, 0xddd2, 0xe570, 0xe570, 0xd592, 0x6a25, 0x3144, 0x3964, 
	0x3164, 0x41c6, 0x5c0f, 0x5c0f, 0x5410, 0x5410, 0x5410, 0x540f, 0x5410, 0x5410, 0x540f, 0x5c10, 0x540f, 0x540f, 0x5410, 0x5410, 
	0x5430, 0x5430, 0x5430, 0x5430, 0x5430, 0x5430, 0x5430, 0x5430, 0x5430, 0x5c30, 0x5430, 0x5430, 0x5c30, 0x5430, 0x39a5, 0x2923, 
	0x2923, 0x28e3, 0x61e4, 0xddd3, 0xedb0, 0xedb0, 0xedf3, 0x9b89, 0x20e2, 0x2923, 0x2923, 0x2903, 0x4b8d, 0x5c30, 0x5430, 0x5430, 
	0x5c50, 0x5c30, 0x5430, 0x5430, 0x5430, 0x5c50, 0x5430, 0x5430, 0x5430, 0x5c51, 0x4a48, 0x2103, 0x2923, 0x2903, 0x4141, 0xc551, 
	0xf5d1, 0xedb0, 0xedf2, 0xc4ad, 0x2903, 0x3123, 0x3123, 0x2903, 0x430b, 0x6430, 0x5430, 0x5430, 0x5c30, 0x5c50, 0x5430, 0x5430, 
	0x5430, 0x5c50, 0x5c30, 0x5430, 0x5430, 0x5c51, 0x52ea, 0x2124, 0x3103, 0x3103, 0x30e1, 0xac6f, 0xf5d1, 0xedb0, 0xedd1, 0xdd50, 
	0x3984, 0x2902, 0x3103, 0x2903, 0x3249, 0x6c10, 0x5430, 0x5430, 0x5430, 0x5c50, 0x5430, 0x5430, 0x5430, 0x5430, 0x5c30, 0x5430, 
	0x5430, 0x5450, 0x636d, 0x1964, 0x3103, 0x3103, 0x30e1, 0x836b, 0xf5f1, 0xedb1, 0xedb1, 0xedd1, 0x5a47, 0x28e2, 0x3103, 0x2903, 
	0x21c6, 0x63ce, 0x5430, 0x5430, 0x5430, 0x5c30, 0x5430, 0x5430, 0x5430, 0x5430, 0x5430, 0x5430, 0x5430, 0x5430, 0x63ce, 0x21c6, 
	0x2903, 0x3103, 0x28e2, 0x5a47, 0xedd1, 0xedb1, 0xedb1, 0xf5f1, 0x836b, 0x30e1, 0x3103, 0x3103, 0x1964, 0x636d, 0x5450, 0x5430, 
	0x5430, 0x5c30, 0x5430, 0x5430, 0x5430, 0x5430, 0x5c50, 0x5430, 0x5430, 0x5430, 0x6c10, 0x3249, 0x2903, 0x3103, 0x2902, 0x3984, 
	0xdd50, 0xedd1, 0xedb0, 0xf5d1, 0xac6f, 0x30e1, 0x3103, 0x3103, 0x2124, 0x52ea, 0x5c51, 0x5430, 0x5430, 0x5c30, 0x5c50, 0x5430, 
	0x5430, 0x5430, 0x5c50, 0x5c30, 0x5430, 0x5430, 0x6430, 0x430b, 0x2903, 0x3123, 0x3123, 0x2903, 0xc4ad, 0xedf2, 0xedb0, 0xedb1, 
	0xcd52, 0x4941, 0x2903, 0x3103, 0x2103, 0x4a48, 0x5c51, 0x5430, 0x5430, 0x5430, 0x5c50, 0x5430, 0x5430, 0x5430, 0x5c30, 0x5c30, 
	0x5430, 0x5430, 0x6430, 0x4b8d, 0x2923, 0x2923, 0x2923, 0x20e2, 0x9b89, 0xedf3, 0xedb0, 0xedb0, 0xddd3, 0x61e4, 0x28e3, 0x2923, 
	0x2923, 0x39a5, 0x5c30, 0x5c30, 0x5430, 0x5430, 0x5c30, 0x5430, 0x5430, 0x5430, 0x5430, 0x5c30, 0x5430, 0x5430, 0x5430, 0x5430, 
	0x5430, 0x5430, 0x5430, 0x5430, 0x5430, 0x5430, 0x5430, 0x5430, 0x5430, 0x5430, 0x5430, 0x5430, 0x5430, 0x5410, 0x39a5, 0x2923, 
	0x3123, 0x2903, 0x6204, 0xddd3, 0xedb0, 0xed90, 0xe5f3, 0x9b89, 0x28e2, 0x3123, 0x3123, 0x2923, 0x4b8d, 0x6430, 0x5430, 0x5430, 
	0x5c30, 0x5c30, 0x5430, 0x5430, 0x5430, 0x5c30, 0x5430, 0x5430, 0x5430, 0x5c50, 0x4a48, 0x2123, 0x3123, 0x3103, 0x4942, 0xc551, 
	0xedb0, 0xed90, 0xe5d2, 0xc4ad, 0x3123, 0x3123, 0x3123, 0x2903, 0x430b, 0x6430, 0x5430, 0x5430, 0x5430, 0x5c30, 0x5430, 0x5430, 
	0x5430, 0x5c50, 0x5430, 0x5430, 0x5430, 0x5c50, 0x52ea, 0x2144, 0x3123, 0x3123, 0x38e1, 0xac6f, 0xedd1, 0xed90, 0xe5b1, 0xdd50, 
	0x4184, 0x3102, 0x3123, 0x3103, 0x3268, 0x6c0f, 0x5430, 0x5430, 0x5430, 0x5c50, 0x5430, 0x5430, 0x5430, 0x5430, 0x5430, 0x5430, 
	0x5430, 0x5430, 0x636d, 0x2165, 0x3123, 0x3123, 0x30e1, 0x836b, 0xf5d1, 0xed90, 0xedb0, 0xedb1, 0x5a47, 0x30e2, 0x3123, 0x3103, 
	0x21c6, 0x63ce, 0x5430, 0x5430, 0x5430, 0x5430, 0x5430, 0x5430, 0x5430, 0x5430, 0x5430, 0x5430, 0x5430, 0x5430, 0x63ce, 0x21c6, 
	0x3103, 0x3123, 0x30e2, 0x5a47, 0xedb1, 0xedb0, 0xed90, 0xf5d1, 0x836b, 0x30e1, 0x3123, 0x3123, 0x2165, 0x636d, 0x5430, 0x5430, 
	0x5430, 0x5430, 0x5430, 0x5430, 0x5430, 0x5430, 0x5c30, 0x5430, 0x5430, 0x5430, 0x6c0f, 0x3268, 0x3103, 0x3123, 0x3103, 0x4184, 
	0xdd50, 0xe5b1, 0xed90, 0xedd1, 0xac8f, 0x38e1, 0x3123, 0x3123, 0x2144, 0x52ea, 0x5c50, 0x5430, 0x5430, 0x5c30, 0x5c50, 0x5430, 
	0x5430, 0x5430, 0x5c30, 0x5430, 0x5430, 0x5430, 0x6430, 0x430b, 0x2903, 0x3123, 0x3123, 0x3123, 0xc4ad, 0xe5d2, 0xed90, 0xedb0, 
	0xcd51, 0x4942, 0x3103, 0x3123, 0x2123, 0x4a48, 0x5c50, 0x5430, 0x5430, 0x5430, 0x5c50, 0x5430, 0x5430, 0x5430, 0x5430, 0x5c30, 
	0x5430, 0x5430, 0x5c30, 0x4b8d, 0x2923, 0x3123, 0x3123, 0x28e2, 0x9b89, 0xe5f3, 0xed90, 0xedb0, 0xddd3, 0x6204, 0x2903, 0x3123, 
	0x2923, 0x39a5, 0x5430, 0x5430, 0x5430, 0x5430, 0x5430, 0x5430, 0x5430, 0x5430, 0x5430, 0x5430, 0x5430, 0x5430, 0x5430, 0x5430, 
	0x5430, 0x5430, 0x5430, 0x5430, 0x5410, 0x4c0f, 0x4c10, 0x4c10, 0x4c0f, 0x5430, 0x5430, 0x5430, 0x5430, 0x5410, 0x3985, 0x2903, 
	0x2903, 0x28e2, 0x61e4, 0xe5f4, 0xf5d1, 0xf5d1, 0xf633, 0xa3a9, 0x28c2, 0x2903, 0x2903, 0x2903, 0x4b8d, 0x6430, 0x5430, 0x5430, 
	0x5430, 0x5410, 0x4c10, 0x4c10, 0x4c0f, 0x5430, 0x5430, 0x5430, 0x5430, 0x5c50, 0x4a48, 0x2103, 0x2903, 0x28e3, 0x4121, 0xcd72, 
	0xf5f1, 0xf5d1, 0xf613, 0xc4ad, 0x28e2, 0x3103, 0x3103, 0x28e2, 0x42eb, 0x6430, 0x5430, 0x5430, 0x5430, 0x5410, 0x4c0f, 0x4c0f, 
	0x4bef, 0x5410, 0x5430, 0x5430, 0x5430, 0x5c50, 0x52ca, 0x2103, 0x3103, 0x3103, 0x30c0, 0xac8f, 0xfe11, 0xf5d1, 0xf5f2, 0xe590, 
	0x4164, 0x30e2, 0x3103, 0x28e2, 0x3248, 0x6c0f, 0x5430, 0x5430, 0x5430, 0x5430, 0x4c0f, 0x4c0f, 0x4c0f, 0x4c10, 0x5430, 0x5430, 
	0x5430, 0x5430, 0x636d, 0x1944, 0x3103, 0x3103, 0x30a0, 0x836b, 0xfe12, 0xf5d1, 0xf5d1, 0xf5f2, 0x5a47, 0x30c1, 0x3103, 0x28e2, 
	0x21a6, 0x6bce, 0x5430, 0x5430, 0x5430, 0x5430, 0x4c0f, 0x4c0f, 0x4c0f, 0x4c0f, 0x5410, 0x5430, 0x5430, 0x5430, 0x6bce, 0x21a6, 
	0x28e2, 0x3103, 0x30c1, 0x5a47, 0xf5f2, 0xf5d1, 0xf5d1, 0xfe12, 0x836b, 0x30a0, 0x3103, 0x3103, 0x1944, 0x636d, 0x5430, 0x5430, 
	0x5430, 0x5430, 0x4c10, 0x4c0f, 0x4c0f, 0x4c0f, 0x5430, 0x5430, 0x5430, 0x5430, 0x6c0f, 0x3248, 0x28e2, 0x3103, 0x30e2, 0x4164, 
	0xe570, 0xf5f2, 0xf5d1, 0xfe11, 0xac8f, 0x30c0, 0x3103, 0x3103, 0x2103, 0x52ca, 0x5c50, 0x5430, 0x5430, 0x5430, 0x5430, 0x4bef, 
	0x4c0f, 0x4c0f, 0x5410, 0x5430, 0x5430, 0x5430, 0x6430, 0x42eb, 0x28e2, 0x3103, 0x3103, 0x28e2, 0xc4ad, 0xf613, 0xf5d1, 0xf5f1, 
	0xd572, 0x4941, 0x28e3, 0x2903, 0x2103, 0x4a27, 0x5c50, 0x5430, 0x5430, 0x5430, 0x5430, 0x4bef, 0x4c10, 0x4c10, 0x540f, 0x5430, 
	0x5430, 0x5430, 0x6430, 0x4b8d, 0x2903, 0x2903, 0x2903, 0x28c2, 0x9b89, 0xf633, 0xf5d1, 0xf5d1, 0xe5f4, 0x61e4, 0x28e2, 0x2903, 
	0x2903, 0x3985, 0x5430, 0x5430, 0x5430, 0x5430, 0x5430, 0x4c0f, 0x4c10, 0x4c10, 0x4c0f, 0x5430, 0x5430, 0x5430, 0x5430, 0x5430, 
	0x5430, 0x5430, 0x5430, 0x5430, 0x6c70, 0x8d54, 0x9532, 0x9532, 0x8d54, 0x7490, 0x5430, 0x5430, 0x5c30, 0x5c30, 0x4289, 0x3a48, 
	0x4248, 0x3a48, 0x6287, 0x9c2e, 0xabec, 0xabec, 0xa42d, 0x8329, 0x3a28, 0x4248, 0x4248, 0x4248, 0x53ce, 0x5c30, 0x5430, 0x5430, 
	0x6c4f, 0x8d54, 0x9532, 0x9532, 0x8d53, 0x84f2, 0x5430, 0x5430, 0x5430, 0x5c50, 0x530b, 0x3a48, 0x4248, 0x3a48, 0x5247, 0x8c0d, 
	0xac0c, 0xac0c, 0xa42d, 0x93ab, 0x4248, 0x4248, 0x4248, 0x3a48, 0x4b8d, 0x6430, 0x5430, 0x5430, 0x642f, 0x8533, 0x9552, 0x9532, 
	0x9553, 0x8d32, 0x5c30, 0x5430, 0x5430, 0x5c50, 0x5b6d, 0x3268, 0x4248, 0x4248, 0x4a26, 0x7bcd, 0xac0c, 0xac0c, 0xa40c, 0xa3ec, 
	0x4a89, 0x4248, 0x4248, 0x3a48, 0x430b, 0x6430, 0x5430, 0x5430, 0x5c0f, 0x7cf3, 0x9553, 0x9552, 0x9553, 0x9553, 0x6451, 0x5c10, 
	0x5430, 0x5430, 0x5bce, 0x3289, 0x4248, 0x4248, 0x4227, 0x6b4b, 0xac2c, 0xa40c, 0xa40c, 0xa40c, 0x5aca, 0x4227, 0x4248, 0x3a48, 
	0x3aaa, 0x63ef, 0x5430, 0x5430, 0x5c0f, 0x6c91, 0x9553, 0x9553, 0x9553, 0x9553, 0x6c91, 0x5c0f, 0x5430, 0x5430, 0x63ef, 0x3aaa, 
	0x3a48, 0x4248, 0x4227, 0x5aca, 0xa40c, 0xa40c, 0xa40c, 0xac2c, 0x6b4b, 0x4227, 0x4248, 0x4248, 0x3289, 0x5bce, 0x5430, 0x5430, 
	0x5c10, 0x6451, 0x9553, 0x9553, 0x9532, 0x9553, 0x74f2, 0x5c0f, 0x5430, 0x5430, 0x6430, 0x430b, 0x3a48, 0x4248, 0x4248, 0x4a89, 
	0xa3ec, 0xa40c, 0xac0c, 0xac0c, 0x7bcd, 0x4a26, 0x4248, 0x4248, 0x3248, 0x5b6d, 0x5c50, 0x5430, 0x5430, 0x5c30, 0x8d32, 0x9553, 
	0x9532, 0x9552, 0x8533, 0x642f, 0x5430, 0x5430, 0x6430, 0x4b8d, 0x3a48, 0x4248, 0x4248, 0x4248, 0x93ab, 0xa42d, 0xac0c, 0xac0c, 
	0x8c0e, 0x5247, 0x3a48, 0x4248, 0x3a48, 0x530b, 0x5c50, 0x5430, 0x5430, 0x5430, 0x84f2, 0x8d53, 0x9532, 0x9532, 0x8d54, 0x6c4f, 
	0x5430, 0x5430, 0x5c30, 0x53ce, 0x4248, 0x4248, 0x4248, 0x3a28, 0x832a, 0xa42d, 0xabec, 0xabec, 0x9c2e, 0x6287, 0x3a48, 0x4248, 
	0x3a48, 0x4aaa, 0x5c30, 0x5c30, 0x5430, 0x5430, 0x7490, 0x8d54, 0x9532, 0x9532, 0x8d54, 0x7470, 0x5430, 0x5430, 0x5430, 0x5430, 
	0x5430, 0x5430, 0x5430, 0x4c0f, 0x9cf0, 0xf79b, 0xff37, 0xff37, 0xf79a, 0xad51, 0x4bef, 0x5430, 0x5430, 0x5430, 0x5c51, 0x5c51, 
	0x5451, 0x5c71, 0x638d, 0x1944, 0x28e2, 0x28e3, 0x18e3, 0x4a69, 0x5c71, 0x5451, 0x5c51, 0x5c51, 0x5c50, 0x5430, 0x5430, 0x5410, 
	0x844e, 0xe77a, 0xff57, 0xff37, 0xff9a, 0xd634, 0x540f, 0x5430, 0x5430, 0x5430, 0x5c51, 0x5c50, 0x5451, 0x5451, 0x6bef, 0x21a6, 
	0x28e2, 0x28e3, 0x18e3, 0x39c6, 0x5c51, 0x5c50, 0x5c51, 0x5c51, 0x5c51, 0x5430, 0x5430, 0x5430, 0x6bed, 0xcef9, 0xff58, 0xff37, 
	0xff79, 0xeed6, 0x5c30, 0x5c10, 0x5430, 0x5430, 0x5c50, 0x5c50, 0x5451, 0x5451, 0x6c30, 0x2a48, 0x28c2, 0x28e3, 0x20e3, 0x3144, 
	0x5430, 0x5c51, 0x5451, 0x5451, 0x5c50, 0x5430, 0x5430, 0x5430, 0x63cd, 0xae37, 0xff78, 0xff37, 0xff58, 0xff38, 0x74b1, 0x5bef, 
	0x5430, 0x5430, 0x5430, 0x5c50, 0x5451, 0x5451, 0x6450, 0x3aeb, 0x20c2, 0x28e3, 0x28e3, 0x28e3, 0x4b8e, 0x6451, 0x5451, 0x5451, 
	0x5c50, 0x5430, 0x5430, 0x5430, 0x5bee, 0x8d74, 0xff78, 0xff57, 0xff57, 0xff78, 0x8d54, 0x5bee, 0x5430, 0x5430, 0x5430, 0x5c50, 
	0x5451, 0x5451, 0x6450, 0x4b8e, 0x2903, 0x2903, 0x28e3, 0x20c2, 0x3aeb, 0x6450, 0x5451, 0x5451, 0x5c50, 0x5430, 0x5430, 0x5430, 
	0x5bef, 0x6cb1, 0xff38, 0xff58, 0xff37, 0xff78, 0xae37, 0x63cd, 0x5430, 0x5430, 0x5430, 0x5c51, 0x5451, 0x5451, 0x5c51, 0x5410, 
	0x3144, 0x20e3, 0x28e3, 0x28c2, 0x2a48, 0x6c30, 0x5451, 0x5451, 0x5c50, 0x5c50, 0x5430, 0x5430, 0x5c10, 0x5c30, 0xeed6, 0xff79, 
	0xff37, 0xff58, 0xcef9, 0x6bed, 0x5430, 0x5430, 0x5430, 0x5c50, 0x5451, 0x5451, 0x5c50, 0x5c71, 0x39e6, 0x18e3, 0x28e3, 0x28e2, 
	0x21a6, 0x6bef, 0x5451, 0x5451, 0x5c50, 0x5c51, 0x5430, 0x5430, 0x5430, 0x540f, 0xce14, 0xff9a, 0xff37, 0xff57, 0xe77a, 0x844e, 
	0x5410, 0x5430, 0x5430, 0x5c50, 0x5c51, 0x5450, 0x5451, 0x5c71, 0x4a89, 0x18e3, 0x28e3, 0x28e2, 0x1944, 0x638d, 0x5c71, 0x5451, 
	0x5450, 0x5c50, 0x5430, 0x5430, 0x5430, 0x4bef, 0xad51, 0xf79a, 0xff37, 0xff37, 0xf79b, 0x9cf0, 0x4c0f, 0x5430, 0x5430, 0x5430, 
	0x5430, 0x5430, 0x5430, 0x4c0f, 0x9cf0, 0xef7a, 0xff17, 0xff17, 0xf77a, 0xad31, 0x4c0f, 0x5430, 0x5430, 0x5430, 0x5430, 0x5430, 
	0x5430, 0x5430, 0x636d, 0x2165, 0x3123, 0x3123, 0x2123, 0x4a89, 0x5c50, 0x5430, 0x5430, 0x5430, 0x5c30, 0x5430, 0x5430, 0x5410, 
	0x844e, 0xdf3a, 0xff17, 0xff17, 0xf779, 0xce14, 0x540f, 0x5430, 0x5430, 0x5430, 0x5c50, 0x5430, 0x5430, 0x5430, 0x63ce, 0x21c6, 
	0x3103, 0x3123, 0x2923, 0x4207, 0x5c30, 0x5430, 0x5430, 0x5430, 0x5c50, 0x5430, 0x5430, 0x5430, 0x6bed, 0xc6d8, 0xff37, 0xff17, 
	0xff58, 0xe6b6, 0x5c30, 0x5c10, 0x5430, 0x5430, 0x5c50, 0x5430, 0x5430, 0x5430, 0x6c0f, 0x3269, 0x3103, 0x3123, 0x2923, 0x3985, 
	0x540f, 0x5c30, 0x5430, 0x5430, 0x5c30, 0x5430, 0x5430, 0x5430, 0x63cd, 0xae16, 0xff58, 0xff17, 0xff38, 0xf717, 0x6cb1, 0x5c0f, 
	0x5430, 0x5430, 0x5430, 0x5430, 0x5430, 0x5430, 0x6430, 0x3aeb, 0x2903, 0x3123, 0x3123, 0x2923, 0x4b8d, 0x6430, 0x5430, 0x5430, 
	0x5430, 0x5430, 0x5430, 0x5430, 0x5bee, 0x8d54, 0xff58, 0xff17, 0xff17, 0xff58, 0x8d54, 0x5bee, 0x5430, 0x5430, 0x5430, 0x5430, 
	0x5430, 0x5430, 0x6430, 0x4b8d, 0x2923, 0x3123, 0x3123, 0x2903, 0x3aeb, 0x6430, 0x5430, 0x5430, 0x5430, 0x5c30, 0x5430, 0x5430, 
	0x5c0f, 0x6cb1, 0xf717, 0xff38, 0xff17, 0xff58, 0xae16, 0x63cd, 0x5430, 0x5430, 0x5430, 0x5c30, 0x5430, 0x5430, 0x5c30, 0x53ef, 
	0x3985, 0x2923, 0x3123, 0x3103, 0x3269, 0x6c0f, 0x5430, 0x5430, 0x5430, 0x5c50, 0x5430, 0x5430, 0x5c10, 0x5c30, 0xe6b6, 0xff59, 
	0xff17, 0xff37, 0xc6d8, 0x6bed, 0x5430, 0x5430, 0x5430, 0x5c50, 0x5430, 0x5430, 0x5430, 0x5c30, 0x4207, 0x2923, 0x3123, 0x3103, 
	0x21c6, 0x63ce, 0x5430, 0x5430, 0x5430, 0x5c50, 0x5430, 0x5430, 0x5430, 0x540f, 0xce14, 0xf779, 0xff17, 0xff17, 0xdf5a, 0x844e, 
	0x5410, 0x5430, 0x5430, 0x5c30, 0x5430, 0x5430, 0x5430, 0x5c50, 0x4a89, 0x2123, 0x3123, 0x3123, 0x2165, 0x636d, 0x5430, 0x5430, 
	0x5430, 0x5430, 0x5430, 0x5430, 0x5430, 0x4c0f, 0xad31, 0xf77a, 0xff17, 0xff17, 0xef7a, 0x9cf0, 0x4c0f, 0x5430, 0x5430, 0x5430, 
	0x5430, 0x5430, 0x5430, 0x4c0f, 0x9cf0, 0xef7a, 0xff17, 0xff17, 0xf77a, 0xad31, 0x4c0f, 0x5430, 0x5430, 0x5430, 0x5430, 0x5430, 
	0x5430, 0x5430, 0x636d, 0x2165, 0x3103, 0x3123, 0x2123, 0x4a89, 0x5c50, 0x5430, 0x5430, 0x5430, 0x5c30, 0x5430, 0x5430, 0x5410, 
	0x844e, 0xdf3a, 0xff17, 0xff17, 0xf779, 0xce14, 0x540f, 0x5430, 0x5430, 0x5430, 0x5c50, 0x5430, 0x5430, 0x5430, 0x63ce, 0x21c6, 
	0x3103, 0x3123, 0x2923, 0x4207, 0x5c30, 0x5430, 0x5430, 0x5430, 0x5c50, 0x5430, 0x5430, 0x5430, 0x6bed, 0xc6d8, 0xff37, 0xff17, 
	0xff58, 0xe6b6, 0x5c30, 0x5c10, 0x5430, 0x5430, 0x5c50, 0x5430, 0x5430, 0x5430, 0x6c0f, 0x3269, 0x3103, 0x3123, 0x2923, 0x3985, 
	0x540f, 0x5c30, 0x5430, 0x5430, 0x5c30, 0x5430, 0x5430, 0x5430, 0x63cd, 0xae16, 0xff58, 0xff17, 0xff38, 0xf717, 0x6cb1, 0x5c0f, 
	0x5430, 0x5430, 0x5430, 0x5430, 0x5430, 0x5430, 0x6430, 0x3aeb, 0x2903, 0x3123, 0x3123, 0x2923, 0x4b8d, 0x6430, 0x5430, 0x5430, 
	0x5430, 0x5430, 0x5430, 0x5430, 0x5bee, 0x8d54, 0xff58, 0xff17, 0xff17, 0xff58, 0x8d54, 0x5bee, 0x5430, 0x5430, 0x5430, 0x5430, 
	0x5430, 0x5430, 0x6430, 0x4b8d, 0x2923, 0x3123, 0x3123, 0x2903, 0x3aeb, 0x6430, 0x5430, 0x5430, 0x5430, 0x5c30, 0x5430, 0x5430, 
	0x5c0f, 0x6cb1, 0xf717, 0xff38, 0xff17, 0xff58, 0xae16, 0x63cd, 0x5430, 0x5430, 0x5430, 0x5c30, 0x5430, 0x5430, 0x5c30, 0x53ef, 
	0x3985, 0x2923, 0x3123, 0x3103, 0x3269, 0x6c0f, 0x5430, 0x5430, 0x5430, 0x5c50, 0x5430, 0x5430, 0x5c10, 0x5c30, 0xe6b6, 0xff59, 
	0xff17, 0xff37, 0xc6d8, 0x6bed, 0x5430, 0x5430, 0x5430, 0x5c50, 0x5430, 0x5430, 0x5430, 0x5c30, 0x4207, 0x2923, 0x3123, 0x3103, 
	0x21c6, 0x63ce, 0x5430, 0x5430, 0x5430, 0x5c50, 0x5430, 0x5430, 0x5430, 0x540f, 0xce14, 0xf779, 0xff17, 0xff17, 0xdf5a, 0x844e, 
	0x5410, 0x5430, 0x5430, 0x5c30, 0x5430, 0x5430, 0x5430, 0x5c50, 0x5289, 0x2123, 0x3123, 0x3103, 0x2165, 0x636d, 0x5430, 0x5430, 
	0x5430, 0x5430, 0x5430, 0x5430, 0x5430, 0x4c0f, 0xad31, 0xf77a, 0xff17, 0xff17, 0xef7a, 0x9cf0, 0x4c0f, 0x5430, 0x5430, 0x5430, 
	0x4c0f, 0x4c0f, 0x4c10, 0x4bef, 0x94cf, 0xef7a, 0xff17, 0xff17, 0xf77a, 0xa531, 0x4bef, 0x4c10, 0x4c0f, 0x4c10, 0x5430, 0x5430, 
	0x5430, 0x5430, 0x636d, 0x2165, 0x3103, 0x3123, 0x2123, 0x4a89, 0x5c50, 0x5430, 0x5430, 0x5430, 0x5410, 0x4c0f, 0x4c10, 0x4bf0, 
	0x7c2e, 0xdf3a, 0xff17, 0xff17, 0xf779, 0xcdf4, 0x4bef, 0x4c0f, 0x4c0f, 0x4c10, 0x5c30, 0x5430, 0x5430, 0x5430, 0x63ce, 0x21c6, 
	0x3103, 0x3123, 0x2923, 0x4207, 0x5c30, 0x5430, 0x5430, 0x5430, 0x5430, 0x4c0f, 0x4c10, 0x4c10, 0x63cd, 0xc6b8, 0xff37, 0xff17, 
	0xff58, 0xe6b6, 0x5430, 0x53ef, 0x4c10, 0x4c10, 0x5430, 0x5430, 0x5430, 0x5430, 0x6c0f, 0x3269, 0x3103, 0x3123, 0x2923, 0x3985, 
	0x540f, 0x5c30, 0x5430, 0x5430, 0x5430, 0x5410, 0x4c10, 0x4c10, 0x5bad, 0xa616, 0xff58, 0xff17, 0xff38, 0xf717, 0x6c91, 0x53ce, 
	0x4c10, 0x4c10, 0x5410, 0x5430, 0x5430, 0x5430, 0x6430, 0x3aeb, 0x2903, 0x3123, 0x3123, 0x2923, 0x4b8d, 0x6430, 0x5430, 0x5430, 
	0x5430, 0x540f, 0x4c10, 0x4c10, 0x53ce, 0x8554, 0xff58, 0xff17, 0xff17, 0xff58, 0x8533, 0x53ce, 0x4c10, 0x4c10, 0x540f, 0x5430, 
	0x5430, 0x5430, 0x6430, 0x4b8d, 0x2923, 0x3123, 0x3123, 0x2903, 0x3aeb, 0x6430, 0x5430, 0x5430, 0x5430, 0x5410, 0x4c10, 0x4c10, 
	0x53ce, 0x6c91, 0xf717, 0xff38, 0xff17, 0xff58, 0xa616, 0x5bad, 0x4c10, 0x4c10, 0x5410, 0x5430, 0x5430, 0x5430, 0x5c30, 0x53ef, 
	0x3985, 0x2923, 0x3123, 0x3103, 0x3269, 0x6c0f, 0x5430, 0x5430, 0x5430, 0x5430, 0x4c10, 0x4c10, 0x53ef, 0x5410, 0xe6b6, 0xff59, 
	0xff17, 0xff37, 0xc6d8, 0x63cd, 0x4c10, 0x4c10, 0x4c0f, 0x5430, 0x5430, 0x5430, 0x5430, 0x5c30, 0x4207, 0x2923, 0x3123, 0x3103, 
	0x21c6, 0x63ce, 0x5430, 0x5430, 0x5430, 0x5430, 0x4c0f, 0x4c0f, 0x4c0f, 0x4bef, 0xcdf4, 0xf779, 0xff17, 0xff17, 0xdf3a, 0x7c2e, 
	0x4bf0, 0x4c10, 0x4c0f, 0x5430, 0x5430, 0x5430, 0x5430, 0x5c50, 0x5289, 0x2123, 0x3123, 0x3103, 0x2165, 0x636d, 0x5430, 0x5430, 
	0x5430, 0x5430, 0x5410, 0x4c0f, 0x4c10, 0x4bef, 0xa531, 0xf77a, 0xff17, 0xff17, 0xef7a, 0x94d0, 0x4bef, 0x4c10, 0x4c0f, 0x4c0f, 
	0xc615, 0xc615, 0xbe15, 0xbe15, 0xde55, 0xf738, 0xff37, 0xff37, 0xf738, 0xde75, 0xbe14, 0xbe15, 0xbe15, 0xbe15, 0x6471, 0x5c0f, 
	0x5430, 0x5450, 0x636d, 0x2165, 0x3103, 0x3123, 0x2123, 0x4a89, 0x5c50, 0x5430, 0x5430, 0x5430, 0xad93, 0xbe36, 0xbe15, 0xbe15, 
	0xd634, 0xf738, 0xff37, 0xff37, 0xff58, 0xeed6, 0xc615, 0xc615, 0xc615, 0xc635, 0x7cf3, 0x5bef, 0x5430, 0x5430, 0x63ce, 0x21c6, 
	0x3103, 0x3123, 0x2923, 0x4207, 0x5c30, 0x5430, 0x5430, 0x540f, 0x9d32, 0xbe56, 0xc615, 0xc615, 0xcdf4, 0xeef8, 0xff37, 0xff37, 
	0xff38, 0xf717, 0xc615, 0xc614, 0xc614, 0xc635, 0x8d74, 0x5bee, 0x5430, 0x5430, 0x6c0f, 0x3269, 0x3103, 0x3123, 0x2923, 0x3985, 
	0x540f, 0x5c30, 0x5430, 0x5410, 0x84b0, 0xb656, 0xc614, 0xc614, 0xc5f4, 0xded7, 0xff38, 0xff17, 0xff37, 0xff17, 0xce55, 0xc614, 
	0xc614, 0xc635, 0x9dd6, 0x640e, 0x5430, 0x5430, 0x6430, 0x3aeb, 0x2903, 0x3123, 0x3123, 0x2923, 0x4b8d, 0x6430, 0x5430, 0x5430, 
	0x742f, 0xae16, 0xc615, 0xc614, 0xc5f4, 0xd676, 0xff38, 0xff17, 0xff17, 0xff38, 0xd676, 0xc5f4, 0xc614, 0xc615, 0xae16, 0x742f, 
	0x5430, 0x5430, 0x6430, 0x4b8d, 0x2923, 0x3123, 0x3123, 0x2903, 0x3aeb, 0x6430, 0x5430, 0x5430, 0x640e, 0x9dd6, 0xc635, 0xc614, 
	0xc614, 0xce55, 0xff17, 0xff37, 0xff17, 0xff38, 0xded7, 0xc5f4, 0xc614, 0xc614, 0xb656, 0x84b0, 0x5410, 0x5430, 0x5c30, 0x53ef, 
	0x3985, 0x2923, 0x3123, 0x3103, 0x3269, 0x6c0f, 0x5430, 0x5430, 0x5bee, 0x8d74, 0xc635, 0xc614, 0xc614, 0xc615, 0xf6f7, 0xff38, 
	0xff37, 0xff37, 0xef18, 0xcdf4, 0xc615, 0xc615, 0xbe56, 0x9d32, 0x540f, 0x5430, 0x5430, 0x5c30, 0x4207, 0x2923, 0x3123, 0x3103, 
	0x21c6, 0x63ce, 0x5430, 0x5430, 0x5bef, 0x7cf2, 0xc635, 0xc615, 0xc615, 0xc615, 0xeed6, 0xff58, 0xff37, 0xff37, 0xf738, 0xd634, 
	0xbe15, 0xbe15, 0xbe36, 0xadb3, 0x5430, 0x5430, 0x5430, 0x5c50, 0x5289, 0x2123, 0x3123, 0x3103, 0x2165, 0x636d, 0x5450, 0x5430, 
	0x5c0f, 0x6471, 0xbe15, 0xbe15, 0xbe15, 0xbe14, 0xde75, 0xf738, 0xff37, 0xff37, 0xf738, 0xde55, 0xbe15, 0xbe15, 0xc615, 0xc615, 
	0xff58, 0xff58, 0xff58, 0xff58, 0xff38, 0xff17, 0xff17, 0xff17, 0xff17, 0xff38, 0xff57, 0xff57, 0xff58, 0xff38, 0x74b1, 0x5bef, 
	0x5430, 0x5450, 0x636d, 0x2165, 0x3103, 0x3123, 0x2123, 0x4a89, 0x5c50, 0x5430, 0x5430, 0x540f, 0xde75, 0xff79, 0xff37, 0xff37, 
	0xff58, 0xff37, 0xff17, 0xff17, 0xff17, 0xff38, 0xff57, 0xff57, 0xff58, 0xff78, 0x8d74, 0x5bee, 0x5430, 0x5430, 0x63ce, 0x21c6, 
	0x3103, 0x3123, 0x2923, 0x4207, 0x5c30, 0x5430, 0x5430, 0x4bef, 0xbdb3, 0xff9a, 0xff37, 0xff37, 0xff58, 0xff37, 0xff17, 0xff17, 
	0xff17, 0xff37, 0xff58, 0xff58, 0xff37, 0xff78, 0xae37, 0x63cd, 0x5430, 0x5430, 0x6c0f, 0x3269, 0x3103, 0x3123, 0x2923, 0x3985, 
	0x540f, 0x5c30, 0x5430, 0x4c0f, 0x9cf0, 0xf79b, 0xff37, 0xff37, 0xff58, 0xff37, 0xff17, 0xff17, 0xff17, 0xff17, 0xff38, 0xff58, 
	0xff37, 0xff58, 0xcef9, 0x6bed, 0x5430, 0x5430, 0x6430, 0x3aeb, 0x2903, 0x3123, 0x3123, 0x2923, 0x4b8d, 0x6430, 0x5430, 0x5430, 
	0x844e, 0xe77a, 0xff57, 0xff37, 0xff58, 0xff37, 0xff17, 0xff17, 0xff17, 0xff17, 0xff37, 0xff58, 0xff37, 0xff57, 0xe77a, 0x844e, 
	0x5430, 0x5430, 0x6430, 0x4b8d, 0x2923, 0x3123, 0x3123, 0x2903, 0x3aeb, 0x6430, 0x5430, 0x5430, 0x6bed, 0xcef9, 0xff58, 0xff37, 
	0xff58, 0xff38, 0xff17, 0xff17, 0xff17, 0xff17, 0xff37, 0xff58, 0xff37, 0xff37, 0xf79b, 0x9cf0, 0x4c0f, 0x5430, 0x5c30, 0x53ef, 
	0x3985, 0x2923, 0x3123, 0x3103, 0x3269, 0x6c0f, 0x5430, 0x5430, 0x63cd, 0xae37, 0xff78, 0xff37, 0xff58, 0xff58, 0xff37, 0xff17, 
	0xff17, 0xff17, 0xff37, 0xff58, 0xff37, 0xff37, 0xff9a, 0xc5b3, 0x4bef, 0x5430, 0x5430, 0x5c30, 0x4207, 0x2923, 0x3123, 0x3103, 
	0x21c6, 0x63ce, 0x5430, 0x5430, 0x5bee, 0x8d74, 0xff78, 0xff58, 0xff58, 0xff58, 0xff38, 0xff17, 0xff17, 0xff17, 0xff37, 0xff58, 
	0xff37, 0xff37, 0xff79, 0xde75, 0x540f, 0x5430, 0x5430, 0x5c51, 0x5289, 0x2123, 0x3123, 0x3103, 0x2165, 0x636d, 0x5450, 0x5430, 
	0x5bef, 0x74b1, 0xff38, 0xff58, 0xff57, 0xff57, 0xff38, 0xff17, 0xff17, 0xff17, 0xff17, 0xff38, 0xff58, 0xff58, 0xff58, 0xff58, 
	0xff17, 0xff17, 0xff17, 0xff17, 0xff17, 0xff17, 0xff17, 0xff17, 0xff17, 0xff17, 0xff17, 0xff17, 0xff38, 0xf717, 0x6cb1, 0x5c0f, 
	0x5430, 0x5450, 0x636d, 0x2165, 0x3103, 0x3123, 0x2123, 0x4a89, 0x5c50, 0x5430, 0x5430, 0x540f, 0xde75, 0xf759, 0xff37, 0xff37, 
	0xff17, 0xff17, 0xff17, 0xff17, 0xff17, 0xff17, 0xff17, 0xff17, 0xff17, 0xff58, 0x8d54, 0x5bee, 0x5430, 0x5430, 0x63ce, 0x21c6, 
	0x3103, 0x3123, 0x2923, 0x4207, 0x5c30, 0x5430, 0x5430, 0x4bef, 0xbdb3, 0xf77a, 0xff37, 0xff37, 0xff17, 0xff17, 0xff17, 0xff17, 
	0xff17, 0xff17, 0xff17, 0xff17, 0xff37, 0xff58, 0xae36, 0x63cd, 0x5430, 0x5430, 0x6c0f, 0x3269, 0x3103, 0x3123, 0x2923, 0x3985, 
	0x540f, 0x5c30, 0x5430, 0x4c0f, 0x9cf0, 0xef7a, 0xff17, 0xff17, 0xff17, 0xff17, 0xff17, 0xff17, 0xff17, 0xff17, 0xff17, 0xff17, 
	0xff17, 0xff37, 0xc6d9, 0x6bed, 0x5430, 0x5430, 0x6430, 0x3aeb, 0x2903, 0x3123, 0x3123, 0x2923, 0x4b8d, 0x6430, 0x5430, 0x5430, 
	0x7c4e, 0xdf3a, 0xff37, 0xff17, 0xff17, 0xff17, 0xff17, 0xff17, 0xff17, 0xff17, 0xff17, 0xff17, 0xff17, 0xff37, 0xdf3a, 0x7c4e, 
	0x5430, 0x5430, 0x6430, 0x4b8d, 0x2923, 0x3123, 0x3123, 0x2903, 0x3aeb, 0x6430, 0x5430, 0x5430, 0x6bed, 0xc6b8, 0xff37, 0xff17, 
	0xff17, 0xff17, 0xff17, 0xff17, 0xff17, 0xff17, 0xff17, 0xff17, 0xff17, 0xff17, 0xef7a, 0x9cf0, 0x4c0f, 0x5430, 0x5c30, 0x53ef, 
	0x3985, 0x2923, 0x3123, 0x3103, 0x3269, 0x6c0f, 0x5430, 0x5430, 0x63cd, 0xae16, 0xff58, 0xff37, 0xff17, 0xff17, 0xff17, 0xff17, 
	0xff17, 0xff17, 0xff17, 0xff17, 0xff37, 0xff37, 0xf77a, 0xbdb2, 0x4bef, 0x5430, 0x5430, 0x5c30, 0x4207, 0x2923, 0x3123, 0x3103, 
	0x21c6, 0x63ce, 0x5430, 0x5430, 0x5bee, 0x8d54, 0xff58, 0xff17, 0xff17, 0xff17, 0xff17, 0xff17, 0xff17, 0xff17, 0xff17, 0xff17, 
	0xff37, 0xff37, 0xf759, 0xde75, 0x540f, 0x5430, 0x5430, 0x5c50, 0x5289, 0x2123, 0x3123, 0x3103, 0x2165, 0x636d, 0x5450, 0x5430, 
	0x5c0f, 0x6cb1, 0xf717, 0xff38, 0xff17, 0xff17, 0xff17, 0xff17, 0xff17, 0xff17, 0xff17, 0xff17, 0xff17, 0xff17, 0xff17, 0xff17, 
	0xff17, 0xff17, 0xff17, 0xff17, 0xff17, 0xff37, 0xff37, 0xff37, 0xff37, 0xff17, 0xff17, 0xff17, 0xff38, 0xf717, 0x6cb1, 0x5c0f, 
	0x5430, 0x5450, 0x636d, 0x2165, 0x3103, 0x3123, 0x2123, 0x4a89, 0x5c50, 0x5430, 0x5430, 0x540f, 0xde75, 0xf759, 0xff37, 0xff37, 
	0xff37, 0xff37, 0xff37, 0xff37, 0xff37, 0xff37, 0xff17, 0xff17, 0xff17, 0xff58, 0x8d54, 0x5bee, 0x5430, 0x5430, 0x63ce, 0x21c6, 
	0x3103, 0x3123, 0x2923, 0x4207, 0x5c30, 0x5430, 0x5430, 0x4bef, 0xbdb3, 0xf77a, 0xff37, 0xff37, 0xff37, 0xff37, 0xff37, 0xff37, 
	0xff37, 0xff37, 0xff17, 0xff17, 0xff37, 0xff58, 0xae36, 0x63cd, 0x5430, 0x5430, 0x6c0f, 0x3268, 0x3103, 0x3123, 0x2923, 0x3985, 
	0x540f, 0x5c30, 0x5430, 0x4c0f, 0x9cf0, 0xef7a, 0xff17, 0xff17, 0xff17, 0xff37, 0xff37, 0xff37, 0xff37, 0xff37, 0xff17, 0xff17, 
	0xff17, 0xff37, 0xc6d9, 0x6bed, 0x5430, 0x5430, 0x6430, 0x3aeb, 0x2903, 0x3123, 0x2923, 0x2923, 0x4b8d, 0x5c30, 0x5430, 0x5430, 
	0x7c4e, 0xdf3a, 0xff37, 0xff17, 0xff17, 0xff17, 0xff37, 0xff37, 0xff37, 0xff37, 0xff17, 0xff17, 0xff17, 0xff37, 0xdf3a, 0x7c4e, 
	0x5430, 0x5430, 0x5c30, 0x4b8d, 0x2923, 0x2923, 0x3123, 0x2903, 0x3aeb, 0x6430, 0x5430, 0x5430, 0x6bed, 0xc6b8, 0xff37, 0xff17, 
	0xff17, 0xff17, 0xff37, 0xff37, 0xff37, 0xff37, 0xff37, 0xff17, 0xff17, 0xff17, 0xef7a, 0x9cf0, 0x4c0f, 0x5430, 0x5c30, 0x53ef, 
	0x3985, 0x2923, 0x3123, 0x3103, 0x3269, 0x6c0f, 0x5430, 0x5430, 0x63cd, 0xa616, 0xff58, 0xff37, 0xff17, 0xff17, 0xff37, 0xff37, 
	0xff37, 0xff37, 0xff37, 0xff37, 0xff37, 0xff37, 0xf77a, 0xbdb2, 0x4bef, 0x5430, 0x5430, 0x5c30, 0x4207, 0x2923, 0x3123, 0x3103, 
	0x21c6, 0x63ce, 0x5430, 0x5430, 0x5bee, 0x8d54, 0xff58, 0xff17, 0xff17, 0xff17, 0xff37, 0xff37, 0xff37, 0xff37, 0xff37, 0xff37, 
	0xff37, 0xff37, 0xf759, 0xde75, 0x540f, 0x5430, 0x5430, 0x5c50, 0x4a89, 0x2123, 0x3123, 0x3103, 0x2165, 0x636d, 0x5450, 0x5430, 
	0x5c0f, 0x6cb1, 0xf717, 0xff38, 0xff17, 0xff17, 0xff17, 0xff37, 0xff37, 0xff37, 0xff37, 0xff17, 0xff17, 0xff17, 0xff17, 0xff17, 
	0xff17, 0xff17, 0xff17, 0xff17, 0xff17, 0xff17, 0xff17, 0xff17, 0xff17, 0xff17, 0xff17, 0xff17, 0xff38, 0xf717, 0x6cb2, 0x5c0f, 
	0x5430, 0x5450, 0x638d, 0x2185, 0x3123, 0x3123, 0x2144, 0x4a89, 0x5c51, 0x5430, 0x5430, 0x5410, 0xde75, 0xf759, 0xff37, 0xff37, 
	0xff17, 0xff17, 0xff17, 0xff17, 0xff17, 0xff17, 0xff17, 0xff17, 0xff17, 0xff58, 0x8d54, 0x5bee, 0x5430, 0x5430, 0x6bee, 0x29e6, 
	0x3123, 0x3123, 0x2944, 0x4207, 0x5c30, 0x5c30, 0x5430, 0x4c0f, 0xbdb2, 0xf779, 0xff37, 0xff37, 0xff17, 0xff17, 0xff17, 0xff17, 
	0xff17, 0xff17, 0xff17, 0xff17, 0xff37, 0xff58, 0xae36, 0x63ed, 0x5430, 0x5430, 0x6c0f, 0x3269, 0x3103, 0x3123, 0x2923, 0x3985, 
	0x540f, 0x5c30, 0x5430, 0x4c10, 0x9cf0, 0xef7a, 0xff17, 0xff17, 0xff17, 0xff17, 0xff17, 0xff17, 0xff17, 0xff17, 0xff17, 0xff17, 
	0xff17, 0xff37, 0xc6d9, 0x6bed, 0x5430, 0x5430, 0x6430, 0x42eb, 0x3103, 0x3124, 0x3143, 0x3143, 0x4b8d, 0x6430, 0x5430, 0x5430, 
	0x844e, 0xdf3a, 0xff37, 0xff17, 0xff17, 0xff17, 0xff17, 0xff17, 0xff17, 0xff17, 0xff17, 0xff17, 0xff17, 0xff37, 0xdf3a, 0x844e, 
	0x5430, 0x5430, 0x6430, 0x4b8d, 0x3143, 0x3143, 0x3124, 0x3103, 0x3aeb, 0x6430, 0x5430, 0x5430, 0x6bed, 0xc6d9, 0xff37, 0xff17, 
	0xff17, 0xff17, 0xff17, 0xff17, 0xff17, 0xff17, 0xff17, 0xff17, 0xff17, 0xff17, 0xef7a, 0x9cf0, 0x4c10, 0x5430, 0x5c30, 0x540f, 
	0x3985, 0x2923, 0x3123, 0x3103, 0x3269, 0x6c0f, 0x5430, 0x5430, 0x63cd, 0xae16, 0xff58, 0xff37, 0xff17, 0xff17, 0xff17, 0xff17, 
	0xff17, 0xff17, 0xff17, 0xff17, 0xff37, 0xff37, 0xf779, 0xbdb2, 0x4c0f, 0x5430, 0x5c30, 0x5c30, 0x4207, 0x2944, 0x3123, 0x3123, 
	0x29e6, 0x6bee, 0x5430, 0x5430, 0x5bee, 0x8d54, 0xff58, 0xff17, 0xff17, 0xff17, 0xff17, 0xff17, 0xff17, 0xff17, 0xff17, 0xff17, 
	0xff37, 0xff37, 0xf759, 0xde75, 0x5410, 0x5430, 0x5430, 0x5c51, 0x5289, 0x2144, 0x3123, 0x3123, 0x2185, 0x636d, 0x5450, 0x5430, 
	0x5c0f, 0x6cb1, 0xf717, 0xff38, 0xff17, 0xff17, 0xff17, 0xff17, 0xff17, 0xff17, 0xff17, 0xff17, 0xff17, 0xff17, 0xff17, 0xff17, 
	0xff17, 0xff17, 0xff37, 0xff38, 0xfe32, 0xe50e, 0xfccc, 0xfccc, 0xed0d, 0xfe12, 0xff38, 0xff37, 0xff38, 0xf717, 0x6cb2, 0x5c0f, 
	0x5430, 0x5450, 0x638d, 0x2185, 0x3123, 0x3943, 0x2144, 0x5289, 0x5c51, 0x5430, 0x5c30, 0x5410, 0xde75, 0xf759, 0xff37, 0xff37, 
	0xfeb4, 0xe54f, 0xfccc, 0xfccc, 0xeced, 0xfd90, 0xff38, 0xff17, 0xff17, 0xff58, 0x8d74, 0x5bee, 0x5450, 0x5450, 0x6bee, 0x29e7, 
	0x3123, 0x3943, 0x2944, 0x4207, 0x5c30, 0x5c30, 0x5430, 0x4c0f, 0xbdb2, 0xf77a, 0xff17, 0xff17, 0xfef5, 0xe590, 0xfccc, 0xfccc, 
	0xf4ed, 0xfd4e, 0xff17, 0xff17, 0xff37, 0xff58, 0xae36, 0x63ed, 0x5430, 0x5430, 0x6c0f, 0x3269, 0x3123, 0x3143, 0x2944, 0x3985, 
	0x540f, 0x5c30, 0x5430, 0x4c10, 0x9cf0, 0xef7a, 0xff37, 0xff37, 0xff16, 0xee12, 0xfccc, 0xfcec, 0xfced, 0xfced, 0xfed6, 0xff17, 
	0xff37, 0xff37, 0xc6d9, 0x6bed, 0x5430, 0x5430, 0x6430, 0x430b, 0x3123, 0x3144, 0x3144, 0x3144, 0x4b8d, 0x6430, 0x5430, 0x5430, 
	0x844e, 0xdf3a, 0xff37, 0xff37, 0xff17, 0xf674, 0xfccc, 0xfccc, 0xfccc, 0xfccc, 0xf674, 0xff17, 0xff37, 0xff37, 0xdf3a, 0x844e, 
	0x5430, 0x5430, 0x5c30, 0x4b8d, 0x3144, 0x3144, 0x3144, 0x3123, 0x3aeb, 0x6430, 0x5430, 0x5430, 0x6bed, 0xc6d9, 0xff37, 0xff37, 
	0xff17, 0xfed6, 0xfced, 0xfced, 0xfcec, 0xfccc, 0xee12, 0xff16, 0xff37, 0xff37, 0xef7a, 0x9cf0, 0x4c10, 0x5430, 0x5c30, 0x540f, 
	0x3985, 0x2944, 0x3143, 0x3123, 0x3269, 0x6c0f, 0x5430, 0x5430, 0x63ed, 0xae16, 0xff58, 0xff37, 0xff17, 0xff17, 0xfd4e, 0xf4ed, 
	0xfccc, 0xfccc, 0xe590, 0xfef5, 0xff17, 0xff17, 0xf77a, 0xbdb3, 0x4c0f, 0x5430, 0x5c30, 0x5c50, 0x4207, 0x2944, 0x3943, 0x3123, 
	0x29e7, 0x6bee, 0x5450, 0x5450, 0x5bee, 0x8d54, 0xff58, 0xff17, 0xff17, 0xff38, 0xfdb0, 0xeced, 0xfccc, 0xfccc, 0xe54f, 0xfe94, 
	0xff37, 0xff37, 0xf759, 0xde75, 0x5410, 0x5c30, 0x5430, 0x5c51, 0x5289, 0x2144, 0x3943, 0x3123, 0x2185, 0x638d, 0x5450, 0x5430, 
	0x5c0f, 0x6cb1, 0xf717, 0xff38, 0xff37, 0xff38, 0xfe12, 0xed0d, 0xfccc, 0xfccc, 0xe50e, 0xfe53, 0xff38, 0xff37, 0xff17, 0xff17, 
	0xff17, 0xff17, 0xff37, 0xff38, 0xfe12, 0xe4ac, 0xfc6a, 0xfc6a, 0xe4ac, 0xfdf1, 0xff38, 0xff37, 0xff38, 0xf717, 0x6cb1, 0x5c0f, 
	0x5430, 0x5450, 0x636d, 0x2165, 0x3103, 0x3123, 0x2123, 0x4a89, 0x5c50, 0x5430, 0x5430, 0x540f, 0xde75, 0xf759, 0xff37, 0xff37, 
	0xfe94, 0xe4ed, 0xfc6a, 0xfc6a, 0xec8b, 0xfd4e, 0xff38, 0xff17, 0xff17, 0xff58, 0x8d54, 0x5bee, 0x5430, 0x5430, 0x63ce, 0x21c6, 
	0x3103, 0x3123, 0x2923, 0x4207, 0x5c30, 0x5430, 0x5430, 0x4bef, 0xbdb3, 0xf77a, 0xff37, 0xff37, 0xfed5, 0xe54f, 0xfc6a, 0xfc6a, 
	0xf48b, 0xfcec, 0xff17, 0xff17, 0xff37, 0xff58, 0xae36, 0x63cd, 0x5430, 0x5430, 0x6c0f, 0x3268, 0x3103, 0x3123, 0x2923, 0x3985, 
	0x540f, 0x5c30, 0x5430, 0x4c0f, 0x9cf0, 0xef7a, 0xff17, 0xff17, 0xff16, 0xedd1, 0xfc6a, 0xfc8a, 0xfc8b, 0xfc8b, 0xfed5, 0xff17, 
	0xff37, 0xff37, 0xc6d9, 0x6bed, 0x5430, 0x5430, 0x6430, 0x3aeb, 0x2903, 0x3123, 0x2923, 0x2923, 0x4b8d, 0x5c30, 0x5430, 0x5430, 
	0x7c4e, 0xdf3a, 0xff37, 0xff37, 0xff17, 0xf654, 0xfc6a, 0xfc8a, 0xfc8a, 0xfc6a, 0xf653, 0xff17, 0xff37, 0xff37, 0xdf3a, 0x7c4e, 
	0x5430, 0x5430, 0x5c30, 0x4b8d, 0x2923, 0x2923, 0x3123, 0x2903, 0x3aeb, 0x6430, 0x5430, 0x5430, 0x6bed, 0xc6b8, 0xff37, 0xff37, 
	0xff17, 0xfed5, 0xfc8b, 0xfc8b, 0xfc8a, 0xfc6a, 0xedd1, 0xff16, 0xff17, 0xff17, 0xef7a, 0x9cf0, 0x4c0f, 0x5430, 0x5c30, 0x53ef, 
	0x3985, 0x2923, 0x3123, 0x3103, 0x3269, 0x6c0f, 0x5430, 0x5430, 0x63cd, 0xa616, 0xff58, 0xff37, 0xff17, 0xff17, 0xfcec, 0xf48b, 
	0xfc6a, 0xfc6a, 0xe54f, 0xfed5, 0xff37, 0xff37, 0xf77a, 0xbdb2, 0x4bef, 0x5430, 0x5430, 0x5c30, 0x4207, 0x2123, 0x3123, 0x3103, 
	0x21c6, 0x63ce, 0x5430, 0x5430, 0x5bee, 0x8d54, 0xff58, 0xff17, 0xff17, 0xff38, 0xfd4f, 0xec8b, 0xfc6a, 0xfc6a, 0xe4ed, 0xfe94, 
	0xff37, 0xff37, 0xf759, 0xde75, 0x540f, 0x5410, 0x5430, 0x5c50, 0x4a89, 0x2123, 0x3123, 0x3103, 0x2165, 0x636d, 0x5450, 0x5430, 
	0x5c0f, 0x6cb1, 0xf717, 0xff38, 0xff37, 0xff38, 0xfdf1, 0xe4ac, 0xfc6a, 0xfc6a, 0xe4ac, 0xfe12, 0xff38, 0xff37, 0xff17, 0xff17, 
	0xff17, 0xff17, 0xff37, 0xff38, 0xfe12, 0xe4cc, 0xfc8a, 0xfc8a, 0xe4ac, 0xfdf1, 0xff38, 0xff37, 0xff38, 0xf717, 0x6cb1, 0x5c0f, 
	0x5430, 0x5450, 0x636d, 0x2165, 0x3103, 0x3123, 0x2123, 0x4a89, 0x5c50, 0x5430, 0x5430, 0x540f, 0xde75, 0xf759, 0xff37, 0xff37, 
	0xfe94, 0xe50e, 0xfc8a, 0xfc8a, 0xecac, 0xfd6f, 0xff38, 0xff17, 0xff17, 0xff58, 0x8d54, 0x5bee, 0x5430, 0x5430, 0x63ce, 0x21c6, 
	0x3103, 0x3123, 0x2923, 0x4207, 0x5c30, 0x5430, 0x5430, 0x4bef, 0xbdb3, 0xf77a, 0xff37, 0xff37, 0xfed5, 0xe570, 0xfc6a, 0xfc8a, 
	0xf48b, 0xfced, 0xff17, 0xff17, 0xff37, 0xff58, 0xae36, 0x63cd, 0x5430, 0x5430, 0x6c0f, 0x3269, 0x3103, 0x3123, 0x2923, 0x3985, 
	0x540f, 0x5c30, 0x5430, 0x4c0f, 0x9cf0, 0xef7a, 0xff17, 0xff17, 0xff16, 0xedf1, 0xfc6a, 0xfc8b, 0xfc8b, 0xfcab, 0xfed5, 0xff17, 
	0xff37, 0xff37, 0xc6d9, 0x6bed, 0x5430, 0x5430, 0x6430, 0x3aeb, 0x2903, 0x3123, 0x3123, 0x2923, 0x4b8d, 0x6430, 0x5430, 0x5430, 
	0x7c4e, 0xdf3a, 0xff37, 0xff37, 0xff17, 0xf654, 0xfc8b, 0xfc8b, 0xfc8b, 0xfc6a, 0xf654, 0xff17, 0xff37, 0xff37, 0xdf3a, 0x7c4e, 
	0x5430, 0x5430, 0x6430, 0x4b8d, 0x2923, 0x3123, 0x3123, 0x2903, 0x3aeb, 0x6430, 0x5430, 0x5430, 0x6bed, 0xc6b8, 0xff37, 0xff37, 
	0xff17, 0xfed5, 0xfcab, 0xfc8b, 0xfc8b, 0xfc6a, 0xedd1, 0xff16, 0xff17, 0xff17, 0xef7a, 0x9cf0, 0x4c0f, 0x5430, 0x5c30, 0x53ef, 
	0x3985, 0x2923, 0x3123, 0x3103, 0x3269, 0x6c0f, 0x5430, 0x5430, 0x63cd, 0xae16, 0xff58, 0xff37, 0xff17, 0xff17, 0xfced, 0xf48b, 
	0xfc8a, 0xfc6a, 0xe54f, 0xfed5, 0xff37, 0xff37, 0xf77a, 0xbdb2, 0x4bef, 0x5430, 0x5430, 0x5c30, 0x4207, 0x2923, 0x3123, 0x3103, 
	0x21c6, 0x63ce, 0x5430, 0x5430, 0x5bee, 0x8d54, 0xff58, 0xff17, 0xff17, 0xff38, 0xfd6f, 0xecac, 0xfc8a, 0xfc8a, 0xe4ee, 0xfe94, 
	0xff37, 0xff37, 0xf759, 0xde75, 0x540f, 0x5430, 0x5430, 0x5c50, 0x5289, 0x2123, 0x3123, 0x3123, 0x2165, 0x636d, 0x5450, 0x5430, 
	0x5c0f, 0x6cb1, 0xf717, 0xff38, 0xff37, 0xff38, 0xfdf1, 0xe4ac, 0xfc8a, 0xfc8a, 0xe4cc, 0xfe32, 0xff38, 0xff37, 0xff17, 0xff17, 
	0xff17, 0xff17, 0xff37, 0xff38, 0xfe12, 0xe4cc, 0xfc8a, 0xfc8a, 0xe4ac, 0xfdf1, 0xff38, 0xff37, 0xff38, 0xf717, 0x6cb1, 0x5c0f, 
	0x5430, 0x5450, 0x636d, 0x2165, 0x3103, 0x3123, 0x2123, 0x4a89, 0x5c50, 0x5430, 0x5430, 0x540f, 0xde75, 0xf759, 0xff37, 0xff37, 
	0xfe94, 0xe50e, 0xfc8a, 0xfc8a, 0xecac, 0xfd6f, 0xff38, 0xff17, 0xff17, 0xff58, 0x8d54, 0x5bee, 0x5430, 0x5430, 0x63ce, 0x21c6, 
	0x3103, 0x3123, 0x2923, 0x4207, 0x5c30, 0x5430, 0x5430, 0x4bef, 0xbdb3, 0xf77a, 0xff37, 0xff37, 0xfed5, 0xe570, 0xfc6a, 0xfc8a, 
	0xf48b, 0xfced, 0xff17, 0xff17, 0xff37, 0xff58, 0xae36, 0x63cd, 0x5430, 0x5430, 0x6c0f, 0x3268, 0x3103, 0x3123, 0x2923, 0x3985, 
	0x540f, 0x5c30, 0x5430, 0x4c0f, 0x9cf0, 0xef7a, 0xff17, 0xff17, 0xff16, 0xedd1, 0xfc6a, 0xfc8b, 0xfc8b, 0xfcab, 0xfed5, 0xff17, 
	0xff37, 0xff37, 0xc6d9, 0x6bed, 0x5430, 0x5430, 0x6430, 0x3aeb, 0x2903, 0x3123, 0x2923, 0x2923, 0x4b8d, 0x6430, 0x5430, 0x5430, 
	0x7c4e, 0xdf3a, 0xff37, 0xff37, 0xff17, 0xf654, 0xfc6a, 0xfc8b, 0xfc8b, 0xfc6a, 0xf654, 0xff17, 0xff37, 0xff37, 0xdf3a, 0x7c4e, 
	0x5430, 0x5430, 0x5c30, 0x4b8d, 0x2923, 0x2923, 0x3123, 0x2903, 0x3aeb, 0x6430, 0x5430, 0x5430, 0x6bed, 0xc6b8, 0xff37, 0xff37, 
	0xff17, 0xfed5, 0xfcab, 0xfc8b, 0xfc8b, 0xfc6a, 0xedd1, 0xff16, 0xff17, 0xff17, 0xef7a, 0x9cf0, 0x4c0f, 0x5430, 0x5c30, 0x53ef, 
	0x3985, 0x2923, 0x3123, 0x3103, 0x3269, 0x6c0f, 0x5430, 0x5430, 0x63cd, 0xa616, 0xff58, 0xff37, 0xff17, 0xff17, 0xfced, 0xf48b, 
	0xfc8a, 0xfc6a, 0xe54f, 0xfed5, 0xff37, 0xff37, 0xf77a, 0xbdb2, 0x4bef, 0x5430, 0x5430, 0x5c30, 0x4207, 0x2923, 0x3123, 0x3103, 
	0x21c6, 0x63ce, 0x5430, 0x5430, 0x5bee, 0x8d54, 0xff58, 0xff17, 0xff17, 0xff38, 0xfd6f, 0xecac, 0xfc8a, 0xfc6a, 0xe4ee, 0xfe94, 
	0xff37, 0xff37, 0xf759, 0xde75, 0x540f, 0x5430, 0x5430, 0x5c50, 0x4a89, 0x2123, 0x3123, 0x3103, 0x2165, 0x636d, 0x5450, 0x5430, 
	0x5c0f, 0x6cb1, 0xf717, 0xff38, 0xff37, 0xff38, 0xfdf1, 0xe4ac, 0xfc8a, 0xfc8a, 0xe4cc, 0xfe32, 0xff38, 0xff37, 0xff17, 0xff17, 
	0xff17, 0xff17, 0xff37, 0xff38, 0xfe32, 0xe4cc, 0xfc8a, 0xfc8a, 0xe4cc, 0xfdf1, 0xff38, 0xff37, 0xff38, 0xf717, 0x6cb2, 0x5c0f, 
	0x5430, 0x5450, 0x638d, 0x2185, 0x3123, 0x3123, 0x2144, 0x5289, 0x5c51, 0x5430, 0x5430, 0x5410, 0xde75, 0xf759, 0xff37, 0xff37, 
	0xfe94, 0xe50e, 0xfc8b, 0xfc8b, 0xecac, 0xfd6f, 0xff38, 0xff17, 0xff17, 0xff58, 0x8d54, 0x5bee, 0x5430, 0x5430, 0x6bee, 0x29e7, 
	0x3123, 0x3123, 0x2944, 0x4207, 0x5c30, 0x5c30, 0x5430, 0x4c0f, 0xbdb2, 0xf779, 0xff37, 0xff37, 0xfed5, 0xe570, 0xfc8a, 0xfc8b, 
	0xf4ab, 0xfced, 0xff17, 0xff17, 0xff37, 0xff58, 0xae36, 0x63ed, 0x5430, 0x5430, 0x6c0f, 0x3269, 0x3123, 0x3123, 0x2944, 0x3985, 
	0x540f, 0x5c30, 0x5430, 0x4c10, 0x9cf0, 0xef7a, 0xff17, 0xff17, 0xff16, 0xedf2, 0xfc6b, 0xfc8b, 0xfc8b, 0xfcab, 0xfed5, 0xff17, 
	0xff37, 0xff37, 0xc6d9, 0x6bed, 0x5430, 0x5430, 0x6430, 0x430b, 0x3123, 0x3144, 0x3144, 0x3144, 0x4b8d, 0x6430, 0x5430, 0x5430, 
	0x844e, 0xdf3a, 0xff37, 0xff37, 0xff17, 0xf654, 0xfc8b, 0xfc8b, 0xfc8b, 0xfc8b, 0xf654, 0xff17, 0xff37, 0xff37, 0xdf3a, 0x844e, 
	0x5430, 0x5430, 0x6430, 0x4b8d, 0x3144, 0x3144, 0x3144, 0x3123, 0x3aeb, 0x6430, 0x5430, 0x5430, 0x6bed, 0xc6d9, 0xff37, 0xff37, 
	0xff17, 0xfed6, 0xfcab, 0xfcab, 0xfc8b, 0xfc8a, 0xedd1, 0xff16, 0xff17, 0xff17, 0xef7a, 0x9cf0, 0x4c10, 0x5430, 0x5c30, 0x540f, 
	0x3985, 0x2944, 0x3123, 0x3123, 0x3269, 0x6c0f, 0x5430, 0x5430, 0x63ed, 0xae16, 0xff58, 0xff37, 0xff17, 0xff17, 0xfd0d, 0xf4ab, 
	0xfc8b, 0xfc8a, 0xe570, 0xfed5, 0xff37, 0xff37, 0xf779, 0xbdb3, 0x4c0f, 0x5430, 0x5c30, 0x5c50, 0x4207, 0x2944, 0x3123, 0x3123, 
	0x29e7, 0x6bee, 0x5430, 0x5430, 0x5bee, 0x8d54, 0xff58, 0xff17, 0xff17, 0xff38, 0xfd6f, 0xecac, 0xfc8b, 0xfc8b, 0xe50e, 0xfe94, 
	0xff37, 0xff37, 0xf759, 0xde75, 0x5410, 0x5430, 0x5430, 0x5c51, 0x5289, 0x2144, 0x3123, 0x3123, 0x2185, 0x636d, 0x5450, 0x5430, 
	0x5c0f, 0x6cb1, 0xf717, 0xff38, 0xff37, 0xff38, 0xfdf1, 0xe4cc, 0xfc8a, 0xfc8a, 0xe4cd, 0xfe32, 0xff38, 0xff37, 0xff17, 0xff17, 
	0xff17, 0xff17, 0xff37, 0xff38, 0xfe12, 0xe4cc, 0xfc8a, 0xfc8a, 0xe4ac, 0xfdf1, 0xff38, 0xff37, 0xff38, 0xf717, 0x6cb1, 0x5c0f, 
	0x5430, 0x5450, 0x636d, 0x2165, 0x3123, 0x3123, 0x2124, 0x5289, 0x5c50, 0x5430, 0x5430, 0x540f, 0xde75, 0xf759, 0xff37, 0xff37, 
	0xfe94, 0xe50e, 0xfc8a, 0xfc8a, 0xecac, 0xfd6f, 0xff38, 0xff17, 0xff17, 0xff58, 0x8d54, 0x5bee, 0x5430, 0x5430, 0x6bee, 0x21c6, 
	0x3123, 0x3123, 0x2923, 0x4207, 0x5c30, 0x5430, 0x5430, 0x4c0f, 0xbdb2, 0xf77a, 0xff37, 0xff37, 0xfed5, 0xe570, 0xfc6a, 0xfc8b, 
	0xf48b, 0xfced, 0xff17, 0xff17, 0xff37, 0xff58, 0xae36, 0x63cd, 0x5430, 0x5430, 0x6c0f, 0x3269, 0x3103, 0x3123, 0x2923, 0x3985, 
	0x540f, 0x5c30, 0x5430, 0x4c10, 0x9cf0, 0xef7a, 0xff17, 0xff17, 0xff16, 0xedf2, 0xfc6a, 0xfc8b, 0xfc8b, 0xfcab, 0xfed5, 0xff17, 
	0xff37, 0xff37, 0xc6d9, 0x6bed, 0x5430, 0x5430, 0x6430, 0x42eb, 0x3103, 0x3123, 0x3143, 0x3123, 0x4b8d, 0x6430, 0x5430, 0x5430, 
	0x7c4e, 0xdf3a, 0xff37, 0xff37, 0xff17, 0xf654, 0xfc8b, 0xfc8b, 0xfc8b, 0xfc8b, 0xf654, 0xff17, 0xff37, 0xff37, 0xdf3a, 0x7c4e, 
	0x5430, 0x5430, 0x6430, 0x4b8d, 0x3123, 0x3123, 0x3123, 0x3103, 0x3aeb, 0x6430, 0x5430, 0x5430, 0x6bed, 0xc6d9, 0xff37, 0xff37, 
	0xff17, 0xfed6, 0xfcab, 0xfc8b, 0xfc8b, 0xfc6a, 0xedd1, 0xff16, 0xff17, 0xff17, 0xef7a, 0x9cf0, 0x4c10, 0x5430, 0x5c30, 0x540f, 
	0x3985, 0x2923, 0x3123, 0x3103, 0x3269, 0x6c0f, 0x5430, 0x5430, 0x63cd, 0xae16, 0xff58, 0xff37, 0xff17, 0xff17, 0xfced, 0xf48b, 
	0xfc8b, 0xfc6a, 0xe54f, 0xfed5, 0xff37, 0xff37, 0xf77a, 0xbdb2, 0x4c0f, 0x5430, 0x5430, 0x5c30, 0x4207, 0x2923, 0x3123, 0x3123, 
	0x21c6, 0x6bee, 0x5430, 0x5430, 0x5bee, 0x8d54, 0xff58, 0xff17, 0xff17, 0xff38, 0xfd6f, 0xecac, 0xfc8a, 0xfc8a, 0xe50e, 0xfe94, 
	0xff37, 0xff37, 0xf759, 0xde75, 0x540f, 0x5430, 0x5430, 0x5c50, 0x4a89, 0x2124, 0x3123, 0x3123, 0x2165, 0x636d, 0x5450, 0x5430, 
	0x5c0f, 0x6cb1, 0xf717, 0xff38, 0xff37, 0xff38, 0xfdf1, 0xe4ac, 0xfc8a, 0xfc8a, 0xe4cc, 0xfe32, 0xff38, 0xff37, 0xff17, 0xff17, 
	0xff17, 0xff17, 0xff37, 0xff38, 0xfe12, 0xe4cc, 0xfc8a, 0xfc8a, 0xe4ac, 0xfdf1, 0xff38, 0xff37, 0xff38, 0xf717, 0x6cb1, 0x5c0f, 
	0x5430, 0x5450, 0x636d, 0x2165, 0x3103, 0x3123, 0x2123, 0x4a89, 0x5c50, 0x5430, 0x5430, 0x540f, 0xde75, 0xf759, 0xff37, 0xff37, 
	0xfe94, 0xe50e, 0xfc8a, 0xfc8a, 0xecac, 0xfd6f, 0xff38, 0xff17, 0xff17, 0xff58, 0x8d54, 0x5bee, 0x5430, 0x5430, 0x63ce, 0x21c6, 
	0x3103, 0x3123, 0x2923, 0x4207, 0x5c30, 0x5430, 0x5430, 0x4bef, 0xbdb3, 0xf77a, 0xff37, 0xff37, 0xfed5, 0xe570, 0xfc6a, 0xfc8a, 
	0xf48b, 0xfced, 0xff17, 0xff17, 0xff37, 0xff58, 0xae36, 0x63cd, 0x5430, 0x5430, 0x6c0f, 0x3269, 0x3103, 0x3123, 0x2923, 0x3985, 
	0x540f, 0x5c30, 0x5430, 0x4c0f, 0x9cf0, 0xef7a, 0xff17, 0xff17, 0xff16, 0xedf1, 0xfc6a, 0xfc8b, 0xfc8b, 0xfcab, 0xfed5, 0xff17, 
	0xff37, 0xff37, 0xc6d9, 0x6bed, 0x5430, 0x5430, 0x6430, 0x3aeb, 0x2903, 0x3123, 0x3123, 0x2923, 0x4b8d, 0x6430, 0x5430, 0x5430, 
	0x7c4e, 0xdf3a, 0xff37, 0xff37, 0xff17, 0xf654, 0xfc6a, 0xfc8b, 0xfc8b, 0xfc6a, 0xf654, 0xff17, 0xff37, 0xff37, 0xdf3a, 0x7c4e, 
	0x5430, 0x5430, 0x6430, 0x4b8d, 0x2923, 0x3123, 0x3123, 0x2903, 0x3aeb, 0x6430, 0x5430, 0x5430, 0x6bed, 0xc6b8, 0xff37, 0xff37, 
	0xff17, 0xfed5, 0xfcab, 0xfc8b, 0xfc8b, 0xfc6a, 0xedd1, 0xff16, 0xff17, 0xff17, 0xef7a, 0x9cf0, 0x4c0f, 0x5430, 0x5c30, 0x53ef, 
	0x3985, 0x2923, 0x3123, 0x3103, 0x3269, 0x6c0f, 0x5430, 0x5430, 0x63cd, 0xa616, 0xff58, 0xff37, 0xff17, 0xff17, 0xfced, 0xf48b, 
	0xfc8a, 0xfc6a, 0xe54f, 0xfed5, 0xff37, 0xff37, 0xf77a, 0xbdb2, 0x4bef, 0x5430, 0x5430, 0x5c30, 0x4207, 0x2923, 0x3123, 0x3103, 
	0x21c6, 0x63ce, 0x5430, 0x5430, 0x5bee, 0x8d54, 0xff58, 0xff17, 0xff17, 0xff38, 0xfd6f, 0xecac, 0xfc8a, 0xfc6a, 0xe4ee, 0xfe94, 
	0xff37, 0xff37, 0xf759, 0xde75, 0x540f, 0x5430, 0x5430, 0x5c50, 0x4a89, 0x2123, 0x3123, 0x3103, 0x2165, 0x636d, 0x5450, 0x5430, 
	0x5c0f, 0x6cb1, 0xf717, 0xff38, 0xff37, 0xff38, 0xfdf1, 0xe4ac, 0xfc8a, 0xfc8a, 0xe4cc, 0xfe32, 0xff38, 0xff37, 0xff17, 0xff17, 
	0xff17, 0xff17, 0xff37, 0xff38, 0xfe12, 0xe4cc, 0xfc8a, 0xfc8a, 0xe4ac, 0xfdf1, 0xff38, 0xff37, 0xff38, 0xf717, 0x6cb1, 0x5c0f, 
	0x5430, 0x5450, 0x636d, 0x2165, 0x3103, 0x3123, 0x2123, 0x4a89, 0x5c50, 0x5430, 0x5430, 0x540f, 0xde75, 0xf759, 0xff37, 0xff37, 
	0xfe94, 0xe50e, 0xfc8a, 0xfc8a, 0xecac, 0xfd6f, 0xff38, 0xff17, 0xff17, 0xff58, 0x8d54, 0x5bee, 0x5430, 0x5430, 0x63ce, 0x21c6, 
	0x3103, 0x3123, 0x2923, 0x4207, 0x5c30, 0x5430, 0x5430, 0x4bef, 0xbdb3, 0xf77a, 0xff37, 0xff37, 0xfed5, 0xe570, 0xfc6a, 0xfc8a, 
	0xf48b, 0xfced, 0xff17, 0xff17, 0xff37, 0xff58, 0xae36, 0x63cd, 0x5430, 0x5430, 0x6c0f, 0x3269, 0x3103, 0x3123, 0x2923, 0x3985, 
	0x540f, 0x5c30, 0x5430, 0x4c0f, 0x9cf0, 0xef7a, 0xff17, 0xff17, 0xff16, 0xedf1, 0xfc6a, 0xfc8b, 0xfc8b, 0xfcab, 0xfed5, 0xff17, 
	0xff37, 0xff37, 0xc6d9, 0x6bed, 0x5430, 0x5430, 0x6430, 0x3aeb, 0x2903, 0x3123, 0x3123, 0x2923, 0x4b8d, 0x6430, 0x5430, 0x5430, 
	0x7c4e, 0xdf3a, 0xff37, 0xff37, 0xff17, 0xf654, 0xfc8b, 0xfc8b, 0xfc8b, 0xfc6a, 0xf654, 0xff17, 0xff37, 0xff37, 0xdf3a, 0x7c4e, 
	0x5430, 0x5430, 0x6430, 0x4b8d, 0x2923, 0x3123, 0x3123, 0x2903, 0x3aeb, 0x6430, 0x5430, 0x5430, 0x6bed, 0xc6b8, 0xff37, 0xff37, 
	0xff17, 0xfed5, 0xfcab, 0xfc8b, 0xfc8b, 0xfc6a, 0xedd1, 0xff16, 0xff17, 0xff17, 0xef7a, 0x9cf0, 0x4c0f, 0x5430, 0x5c30, 0x53ef, 
	0x3985, 0x2923, 0x3123, 0x3103, 0x3269, 0x6c0f, 0x5430, 0x5430, 0x63cd, 0xae16, 0xff58, 0xff37, 0xff17, 0xff17, 0xfced, 0xf48b, 
	0xfc8a, 0xfc6a, 0xe54f, 0xfed5, 0xff37, 0xff37, 0xf77a, 0xbdb2, 0x4bef, 0x5430, 0x5430, 0x5c30, 0x4207, 0x2923, 0x3123, 0x3103, 
	0x21c6, 0x63ce, 0x5430, 0x5430, 0x5bee, 0x8d54, 0xff58, 0xff17, 0xff17, 0xff38, 0xfd6f, 0xecac, 0xfc8a, 0xfc8a, 0xe4ee, 0xfe94, 
	0xff37, 0xff37, 0xf759, 0xde75, 0x540f, 0x5430, 0x5430, 0x5c50, 0x5289, 0x2123, 0x3123, 0x3103, 0x2165, 0x636d, 0x5450, 0x5430, 
	0x5c0f, 0x6cb1, 0xf717, 0xff38, 0xff37, 0xff38, 0xfdf1, 0xe4ac, 0xfc8a, 0xfc8a, 0xe4cc, 0xfe32, 0xff38, 0xff37, 0xff17, 0xff17, 
	0xff17, 0xff17, 0xff37, 0xff58, 0xfe11, 0xe4ac, 0xfc4a, 0xfc4a, 0xe48b, 0xfdd0, 0xff38, 0xff37, 0xff38, 0xf717, 0x6cb1, 0x5c0f, 
	0x5430, 0x5450, 0x636d, 0x2165, 0x3103, 0x3123, 0x2123, 0x4a89, 0x5c50, 0x5430, 0x5430, 0x540f, 0xde75, 0xf759, 0xff37, 0xff37, 
	0xfe94, 0xe4ed, 0xfc4a, 0xfc4a, 0xec8b, 0xfd4e, 0xff38, 0xff17, 0xff17, 0xff58, 0x8d54, 0x5bee, 0x5430, 0x5430, 0x63ce, 0x21c6, 
	0x3103, 0x3123, 0x2923, 0x4207, 0x5c30, 0x5430, 0x5430, 0x4bef, 0xbdb3, 0xf77a, 0xff37, 0xff37, 0xfef5, 0xe54f, 0xfc49, 0xfc6a, 
	0xf46b, 0xfccc, 0xff17, 0xff17, 0xff37, 0xff58, 0xae36, 0x63cd, 0x5430, 0x5430, 0x6c0f, 0x3269, 0x3103, 0x3123, 0x2923, 0x3985, 
	0x540f, 0x5c30, 0x5430, 0x4c0f, 0x9cf0, 0xef7a, 0xff17, 0xff17, 0xff16, 0xedd1, 0xfc4a, 0xfc6a, 0xfc6a, 0xfc8b, 0xfed5, 0xff17, 
	0xff37, 0xff37, 0xc6d9, 0x6bed, 0x5430, 0x5430, 0x6430, 0x3aeb, 0x2903, 0x3123, 0x3123, 0x2923, 0x4b8d, 0x6430, 0x5430, 0x5430, 
	0x7c4e, 0xdf3a, 0xff37, 0xff37, 0xff17, 0xf653, 0xfc4a, 0xfc6a, 0xfc6a, 0xfc4a, 0xf653, 0xff17, 0xff37, 0xff37, 0xdf3a, 0x7c4e, 
	0x5430, 0x5430, 0x6430, 0x4b8d, 0x2923, 0x3123, 0x3123, 0x2903, 0x3aeb, 0x6430, 0x5430, 0x5430, 0x6bed, 0xc6b8, 0xff37, 0xff37, 
	0xff17, 0xfed5, 0xfc8b, 0xfc6a, 0xfc6a, 0xfc4a, 0xedd1, 0xff16, 0xff17, 0xff17, 0xef7a, 0x9cf0, 0x4c0f, 0x5430, 0x5c30, 0x53ef, 
	0x3985, 0x2923, 0x3123, 0x3103, 0x3269, 0x6c0f, 0x5430, 0x5430, 0x63cd, 0xae16, 0xff58, 0xff37, 0xff17, 0xff17, 0xfcec, 0xf46b, 
	0xfc6a, 0xfc49, 0xe54f, 0xfed5, 0xff37, 0xff37, 0xf77a, 0xbdb2, 0x4bef, 0x5430, 0x5430, 0x5c30, 0x4207, 0x2923, 0x3123, 0x3103, 
	0x21c6, 0x63ce, 0x5430, 0x5430, 0x5bee, 0x8d54, 0xff58, 0xff17, 0xff17, 0xff38, 0xfd4e, 0xec8b, 0xfc4a, 0xfc4a, 0xe4cd, 0xfe74, 
	0xff37, 0xff37, 0xf759, 0xde75, 0x540f, 0x5430, 0x5430, 0x5c50, 0x5289, 0x2123, 0x3123, 0x3103, 0x2165, 0x636d, 0x5450, 0x5430, 
	0x5c0f, 0x6cb1, 0xf717, 0xff38, 0xff37, 0xff38, 0xfdd0, 0xe48b, 0xfc4a, 0xfc4a, 0xe4ac, 0xfe12, 0xff38, 0xff37, 0xff17, 0xff17, 
	0xff17, 0xff17, 0xff37, 0xff37, 0xfeb5, 0xf612, 0xfdf1, 0xfdf1, 0xf5f2, 0xfe94, 0xff37, 0xff17, 0xff38, 0xf717, 0x74b2, 0x5c0f, 
	0x5430, 0x5450, 0x636d, 0x2185, 0x3943, 0x3943, 0x2144, 0x5289, 0x5c51, 0x5430, 0x5c30, 0x5410, 0xde75, 0xf759, 0xff17, 0xff37, 
	0xfed6, 0xee33, 0xfdf1, 0xfdf1, 0xf5f2, 0xfe53, 0xff37, 0xff17, 0xff17, 0xff58, 0x8d74, 0x5bee, 0x5430, 0x5431, 0x6bee, 0x29e7, 
	0x3123, 0x3943, 0x2944, 0x4207, 0x5c50, 0x5c30, 0x5430, 0x4c0f, 0xbdb2, 0xf779, 0xff37, 0xff37, 0xff16, 0xf654, 0xfdf1, 0xfdf1, 
	0xf5f2, 0xfe12, 0xff17, 0xff17, 0xff37, 0xff58, 0xae16, 0x63cd, 0x5430, 0x5430, 0x6c0f, 0x3269, 0x3123, 0x3144, 0x3144, 0x3985, 
	0x5c0f, 0x5c30, 0x5430, 0x4c10, 0x9cf0, 0xef7a, 0xff37, 0xff37, 0xff17, 0xf695, 0xfdd1, 0xfdf1, 0xfdf2, 0xfdf2, 0xfef7, 0xff37, 
	0xff37, 0xff37, 0xc6d9, 0x6bed, 0x5430, 0x5430, 0x6430, 0x430b, 0x3123, 0x3144, 0x3144, 0x3144, 0x4b8d, 0x6430, 0x5430, 0x5430, 
	0x844e, 0xdf3a, 0xff37, 0xff37, 0xff17, 0xf6d6, 0xfdf1, 0xfdf1, 0xfdf1, 0xfdf1, 0xf6d6, 0xff17, 0xff37, 0xff37, 0xdf3a, 0x844e, 
	0x5430, 0x5430, 0x6430, 0x4b8d, 0x3144, 0x3144, 0x3144, 0x3123, 0x42eb, 0x6430, 0x5430, 0x5430, 0x6bed, 0xc6d9, 0xff37, 0xff37, 
	0xff37, 0xfef7, 0xfdf2, 0xfdf2, 0xfdf1, 0xfdd1, 0xf695, 0xff17, 0xff37, 0xff37, 0xef7a, 0x9cf0, 0x4c10, 0x5430, 0x5c30, 0x53ef, 
	0x3985, 0x3144, 0x3144, 0x3123, 0x3269, 0x6c0f, 0x5430, 0x5430, 0x63cd, 0xae16, 0xff58, 0xff37, 0xff17, 0xff17, 0xfe33, 0xfdf2, 
	0xfdf1, 0xfdf1, 0xf654, 0xff16, 0xff37, 0xff37, 0xf779, 0xbdb3, 0x4c0f, 0x5430, 0x5c30, 0x5c50, 0x4207, 0x2944, 0x3943, 0x3123, 
	0x29e7, 0x6bee, 0x5431, 0x5430, 0x5bee, 0x8d54, 0xff58, 0xff17, 0xff17, 0xff37, 0xfe53, 0xf5f2, 0xfdf1, 0xfdf1, 0xee33, 0xfed6, 
	0xff37, 0xff17, 0xf759, 0xde75, 0x5410, 0x5c30, 0x5430, 0x5c51, 0x52a9, 0x2144, 0x3943, 0x3943, 0x2185, 0x636d, 0x5450, 0x5430, 
	0x5c0f, 0x74b1, 0xf717, 0xff38, 0xff17, 0xff37, 0xfe94, 0xf5f2, 0xfdf1, 0xfdf1, 0xf612, 0xfeb5, 0xff37, 0xff37, 0xff17, 0xff17, 
	0xff17, 0xff17, 0xff17, 0xff17, 0xff38, 0xff38, 0xff58, 0xff58, 0xff38, 0xff38, 0xff17, 0xff17, 0xff38, 0xf717, 0x6cb1, 0x5c0f, 
	0x5430, 0x5450, 0x636d, 0x2165, 0x3123, 0x3123, 0x2123, 0x4a89, 0x5c50, 0x5430, 0x5430, 0x540f, 0xde75, 0xf759, 0xff37, 0xff37, 
	0xff37, 0xff58, 0xff58, 0xff58, 0xff58, 0xff38, 0xff17, 0xff17, 0xff17, 0xff58, 0x8d54, 0x5bee, 0x5430, 0x5430, 0x63ce, 0x21c6, 
	0x3103, 0x3123, 0x2923, 0x4207, 0x5c30, 0x5430, 0x5430, 0x4bef, 0xbdb2, 0xf77a, 0xff37, 0xff37, 0xff37, 0xff38, 0xff58, 0xff58, 
	0xff58, 0xff58, 0xff17, 0xff17, 0xff37, 0xff58, 0xae36, 0x63cd, 0x5430, 0x5430, 0x6c0f, 0x3269, 0x3103, 0x3123, 0x2923, 0x3985, 
	0x540f, 0x5c30, 0x5430, 0x4c0f, 0x9cf0, 0xef7a, 0xff17, 0xff17, 0xff37, 0xff38, 0xff58, 0xff58, 0xff58, 0xff58, 0xff37, 0xff17, 
	0xff17, 0xff37, 0xc6d9, 0x6bed, 0x5430, 0x5430, 0x6430, 0x3aeb, 0x2903, 0x3123, 0x3123, 0x2923, 0x4b8d, 0x6430, 0x5430, 0x5430, 
	0x7c4e, 0xdf3a, 0xff37, 0xff17, 0xff17, 0xff37, 0xff58, 0xff58, 0xff58, 0xff58, 0xff37, 0xff17, 0xff17, 0xff37, 0xdf3a, 0x7c4e, 
	0x5430, 0x5430, 0x6430, 0x4b8d, 0x2923, 0x3123, 0x3123, 0x2903, 0x3aeb, 0x6430, 0x5430, 0x5430, 0x6bed, 0xc6b8, 0xff37, 0xff17, 
	0xff17, 0xff37, 0xff58, 0xff58, 0xff58, 0xff58, 0xff38, 0xff37, 0xff17, 0xff17, 0xef7a, 0x9cf0, 0x4c0f, 0x5430, 0x5c30, 0x53ef, 
	0x3985, 0x2923, 0x3123, 0x3103, 0x3269, 0x6c0f, 0x5430, 0x5430, 0x63cd, 0xa616, 0xff58, 0xff37, 0xff17, 0xff17, 0xff58, 0xff58, 
	0xff58, 0xff58, 0xff38, 0xff37, 0xff37, 0xff37, 0xf77a, 0xbdb2, 0x4bef, 0x5430, 0x5430, 0x5c30, 0x4207, 0x2923, 0x3123, 0x3103, 
	0x21c6, 0x63ce, 0x5430, 0x5430, 0x5bee, 0x8d54, 0xff58, 0xff17, 0xff17, 0xff17, 0xff38, 0xff58, 0xff58, 0xff58, 0xff58, 0xff37, 
	0xff37, 0xff37, 0xf759, 0xde75, 0x540f, 0x5430, 0x5430, 0x5c50, 0x5289, 0x2123, 0x3123, 0x3123, 0x2165, 0x636d, 0x5450, 0x5430, 
	0x5c0f, 0x6cb1, 0xf717, 0xff38, 0xff17, 0xff17, 0xff38, 0xff38, 0xff58, 0xff58, 0xff38, 0xff38, 0xff17, 0xff17, 0xff17, 0xff17, 
	0xff17, 0xff17, 0xff17, 0xff17, 0xff17, 0xff17, 0xff17, 0xff17, 0xff17, 0xff17, 0xff17, 0xff17, 0xff38, 0xf717, 0x6cb1, 0x5c0f, 
	0x5430, 0x5450, 0x636d, 0x2165, 0x3103, 0x3123, 0x2123, 0x4a89, 0x5c50, 0x5430, 0x5430, 0x540f, 0xde75, 0xf759, 0xff37, 0xff37, 
	0xff17, 0xff17, 0xff17, 0xff17, 0xff17, 0xff17, 0xff17, 0xff17, 0xff17, 0xff58, 0x8d54, 0x5bee, 0x5430, 0x5430, 0x63ce, 0x21c6, 
	0x3103, 0x3123, 0x2923, 0x4207, 0x5c30, 0x5430, 0x5430, 0x4bef, 0xbdb3, 0xf77a, 0xff37, 0xff37, 0xff17, 0xff17, 0xff17, 0xff17, 
	0xff17, 0xff17, 0xff17, 0xff17, 0xff37, 0xff58, 0xae36, 0x63cd, 0x5430, 0x5430, 0x6c0f, 0x3269, 0x3103, 0x3123, 0x2923, 0x3985, 
	0x540f, 0x5c30, 0x5430, 0x4c0f, 0x9cf0, 0xef7a, 0xff17, 0xff17, 0xff17, 0xff17, 0xff17, 0xff17, 0xff17, 0xff17, 0xff17, 0xff17, 
	0xff17, 0xff37, 0xc6d9, 0x6bed, 0x5430, 0x5430, 0x6430, 0x3aeb, 0x2903, 0x3123, 0x3123, 0x2923, 0x4b8d, 0x6430, 0x5430, 0x5430, 
	0x7c4e, 0xdf3a, 0xff37, 0xff17, 0xff17, 0xff17, 0xff17, 0xff17, 0xff17, 0xff17, 0xff17, 0xff17, 0xff17, 0xff37, 0xdf3a, 0x7c4e, 
	0x5430, 0x5430, 0x6430, 0x4b8d, 0x2923, 0x3123, 0x3123, 0x2903, 0x3aeb, 0x6430, 0x5430, 0x5430, 0x6bed, 0xc6b8, 0xff37, 0xff17, 
	0xff17, 0xff17, 0xff17, 0xff17, 0xff17, 0xff17, 0xff17, 0xff17, 0xff17, 0xff17, 0xef7a, 0x9cf0, 0x4c0f, 0x5430, 0x5c30, 0x53ef, 
	0x3985, 0x2923, 0x3123, 0x3103, 0x3269, 0x6c0f, 0x5430, 0x5430, 0x63cd, 0xae16, 0xff58, 0xff37, 0xff17, 0xff17, 0xff17, 0xff17, 
	0xff17, 0xff17, 0xff17, 0xff17, 0xff37, 0xff37, 0xf77a, 0xbdb2, 0x4bef, 0x5430, 0x5430, 0x5c30, 0x4207, 0x2923, 0x3123, 0x3103, 
	0x21c6, 0x63ce, 0x5430, 0x5430, 0x5bee, 0x8d54, 0xff58, 0xff17, 0xff17, 0xff17, 0xff17, 0xff17, 0xff17, 0xff17, 0xff17, 0xff17, 
	0xff37, 0xff37, 0xf759, 0xde75, 0x540f, 0x5430, 0x5430, 0x5c50, 0x5289, 0x2123, 0x3123, 0x3103, 0x2165, 0x636d, 0x5450, 0x5430, 
	0x5c0f, 0x6cb1, 0xf717, 0xff38, 0xff17, 0xff17, 0xff17, 0xff17, 0xff17, 0xff17, 0xff17, 0xff17, 0xff17, 0xff17, 0xff17, 0xff17, 
	0xff37, 0xff37, 0xff37, 0xff37, 0xff17, 0xff17, 0xff17, 0xff17, 0xff17, 0xff37, 0xff37, 0xff37, 0xff38, 0xf737, 0x6cb1, 0x5c0f, 
	0x5430, 0x5450, 0x636d, 0x2165, 0x3103, 0x3123, 0x2123, 0x4a89, 0x5c50, 0x5430, 0x5430, 0x540f, 0xde75, 0xf759, 0xff37, 0xff37, 
	0xff37, 0xff17, 0xff17, 0xff17, 0xff17, 0xff17, 0xff37, 0xff37, 0xff37, 0xff58, 0x8d54, 0x5bee, 0x5430, 0x5430, 0x63ce, 0x21c6, 
	0x3103, 0x3123, 0x2923, 0x4207, 0x5c30, 0x5430, 0x5430, 0x4bef, 0xbdb2, 0xf77a, 0xff37, 0xff37, 0xff37, 0xff17, 0xff17, 0xff17, 
	0xff17, 0xff17, 0xff37, 0xff17, 0xff37, 0xff58, 0xae36, 0x63cd, 0x5430, 0x5430, 0x6c0f, 0x3268, 0x3103, 0x3123, 0x2923, 0x3985, 
	0x540f, 0x5c30, 0x5430, 0x4c0f, 0x9cf0, 0xef7a, 0xff37, 0xff37, 0xff37, 0xff17, 0xff17, 0xff17, 0xff17, 0xff17, 0xff37, 0xff37, 
	0xff37, 0xff37, 0xc6d8, 0x6bed, 0x5430, 0x5430, 0x6430, 0x3aeb, 0x2903, 0x3123, 0x2923, 0x2923, 0x4b8d, 0x6430, 0x5430, 0x5430, 
	0x7c4e, 0xdf5a, 0xff37, 0xff37, 0xff37, 0xff17, 0xff17, 0xff17, 0xff17, 0xff17, 0xff17, 0xff37, 0xff37, 0xff37, 0xdf5a, 0x7c4e, 
	0x5430, 0x5430, 0x5c30, 0x4b8d, 0x2923, 0x2923, 0x3123, 0x2903, 0x3aeb, 0x6430, 0x5430, 0x5430, 0x6bed, 0xc6d9, 0xff37, 0xff37, 
	0xff37, 0xff37, 0xff17, 0xff17, 0xff17, 0xff17, 0xff17, 0xff37, 0xff37, 0xff37, 0xef7a, 0x9cf0, 0x4c0f, 0x5430, 0x5c30, 0x53ef, 
	0x3985, 0x2923, 0x3123, 0x3103, 0x3269, 0x6c0f, 0x5430, 0x5430, 0x63cd, 0xae16, 0xff58, 0xff37, 0xff17, 0xff37, 0xff17, 0xff17, 
	0xff17, 0xff17, 0xff17, 0xff37, 0xff37, 0xff37, 0xf77a, 0xbdb2, 0x4bef, 0x5430, 0x5430, 0x5c30, 0x4207, 0x2923, 0x3123, 0x3103, 
	0x21c6, 0x63ce, 0x5430, 0x5430, 0x5bee, 0x8d54, 0xff58, 0xff37, 0xff37, 0xff37, 0xff37, 0xff17, 0xff17, 0xff17, 0xff17, 0xff37, 
	0xff37, 0xff37, 0xf759, 0xde75, 0x540f, 0x5430, 0x5430, 0x5c51, 0x4a89, 0x2123, 0x3123, 0x3103, 0x2165, 0x636d, 0x5450, 0x5430, 
	0x5c0f, 0x6cb1, 0xf737, 0xff38, 0xff37, 0xff37, 0xff17, 0xff17, 0xff17, 0xff17, 0xff17, 0xff37, 0xff37, 0xff37, 0xff37, 0xff37, 
	0xff37, 0xff37, 0xff37, 0xff37, 0xff17, 0xff17, 0xff17, 0xff17, 0xff17, 0xff37, 0xff37, 0xff37, 0xff38, 0xf737, 0x6cb1, 0x5c0f, 
	0x5430, 0x5450, 0x638d, 0x2185, 0x3123, 0x3123, 0x2144, 0x4a89, 0x5c51, 0x5430, 0x5430, 0x5410, 0xde75, 0xff79, 0xff37, 0xff37, 
	0xff37, 0xff17, 0xff17, 0xff17, 0xff17, 0xff17, 0xff37, 0xff37, 0xff37, 0xff58, 0x8d74, 0x5bee, 0x5450, 0x5450, 0x6bee, 0x29e6, 
	0x3123, 0x3123, 0x2944, 0x4207, 0x5c30, 0x5c30, 0x5430, 0x4c0f, 0xbdb2, 0xf77a, 0xff37, 0xff37, 0xff37, 0xff17, 0xff17, 0xff17, 
	0xff17, 0xff17, 0xff37, 0xff37, 0xff37, 0xff58, 0xae36, 0x63ed, 0x5430, 0x5430, 0x6c0f, 0x3269, 0x3103, 0x3123, 0x2923, 0x3985, 
	0x540f, 0x5c30, 0x5430, 0x4c10, 0x9cf0, 0xef7a, 0xff37, 0xff37, 0xff37, 0xff37, 0xff17, 0xff17, 0xff17, 0xff17, 0xff37, 0xff37, 
	0xff37, 0xff37, 0xc6d8, 0x6bed, 0x5430, 0x5430, 0x6430, 0x42eb, 0x3103, 0x3124, 0x3143, 0x3143, 0x4b8d, 0x6430, 0x5430, 0x5430, 
	0x844e, 0xdf5a, 0xff37, 0xff37, 0xff37, 0xff17, 0xff17, 0xff17, 0xff17, 0xff17, 0xff17, 0xff37, 0xff37, 0xff37, 0xdf5a, 0x844e, 
	0x5430, 0x5430, 0x6430, 0x4b8d, 0x3143, 0x3143, 0x3124, 0x3103, 0x3aeb, 0x6430, 0x5430, 0x5430, 0x6bed, 0xc6d8, 0xff38, 0xff37, 
	0xff37, 0xff37, 0xff17, 0xff17, 0xff17, 0xff17, 0xff37, 0xff37, 0xff37, 0xff37, 0xef7a, 0x9cf0, 0x4c10, 0x5430, 0x5c30, 0x540f, 
	0x3985, 0x2923, 0x3123, 0x3103, 0x3269, 0x6c0f, 0x5430, 0x5430, 0x63cd, 0xae16, 0xff58, 0xff37, 0xff37, 0xff37, 0xff17, 0xff17, 
	0xff17, 0xff17, 0xff17, 0xff37, 0xff37, 0xff37, 0xf77a, 0xbdb3, 0x4c0f, 0x5430, 0x5c30, 0x5c30, 0x4207, 0x2944, 0x3123, 0x3123, 
	0x29e6, 0x6bee, 0x5450, 0x5450, 0x5bee, 0x8d54, 0xff58, 0xff37, 0xff37, 0xff37, 0xff37, 0xff17, 0xff17, 0xff17, 0xff17, 0xff37, 
	0xff37, 0xff37, 0xf759, 0xde75, 0x5410, 0x5430, 0x5430, 0x5c51, 0x5289, 0x2144, 0x3123, 0x3123, 0x2185, 0x636d, 0x5450, 0x5430, 
	0x5c0f, 0x6cb1, 0xf737, 0xff38, 0xff37, 0xff37, 0xff17, 0xff17, 0xff17, 0xff17, 0xff17, 0xff37, 0xff37, 0xff37, 0xff37, 0xff37, 
	0x7cd1, 0x7cd1, 0x74d2, 0x74b1, 0xad51, 0xef79, 0xff17, 0xff17, 0xf779, 0xbdb2, 0x74b1, 0x74d1, 0x7cd2, 0x74d1, 0x5c50, 0x5c30, 
	0x5430, 0x5c51, 0x638d, 0x2185, 0x3944, 0x3944, 0x2944, 0x52a9, 0x5c51, 0x5c30, 0x5c30, 0x5c30, 0x74b1, 0x7cd2, 0x74d2, 0x74d2, 
	0x9cf0, 0xe739, 0xff37, 0xff17, 0xf759, 0xd655, 0x74b1, 0x7cd1, 0x7cd1, 0x7cd2, 0x6491, 0x5c30, 0x5430, 0x5430, 0x6bef, 0x29e7, 
	0x3944, 0x3944, 0x2944, 0x4227, 0x5c50, 0x5c30, 0x5c30, 0x5430, 0x6c91, 0x74d2, 0x74d2, 0x74d2, 0x8caf, 0xd6d8, 0xff37, 0xff17, 
	0xff38, 0xeed6, 0x7cd2, 0x7cb1, 0x7cd1, 0x7cd2, 0x6cb2, 0x5c30, 0x5430, 0x5430, 0x6c2f, 0x3289, 0x3123, 0x3944, 0x3144, 0x39a5, 
	0x5c10, 0x5c30, 0x5c30, 0x5430, 0x6470, 0x74d2, 0x74d1, 0x74d1, 0x848f, 0xbe57, 0xff58, 0xff37, 0xff38, 0xff17, 0x8d33, 0x7cb1, 
	0x7cd1, 0x7cd2, 0x74d2, 0x5c2f, 0x5430, 0x5430, 0x6430, 0x430b, 0x3123, 0x3944, 0x3144, 0x3144, 0x4b8e, 0x6430, 0x5430, 0x5430, 
	0x6450, 0x74d2, 0x7cd2, 0x74d1, 0x7c90, 0xa5b4, 0xff38, 0xff17, 0xff17, 0xff38, 0xa5b4, 0x7c90, 0x74d1, 0x7cd2, 0x74d2, 0x6450, 
	0x5430, 0x5430, 0x6430, 0x4b8e, 0x3144, 0x3144, 0x3944, 0x3123, 0x430b, 0x6430, 0x5430, 0x5430, 0x5c2f, 0x74d2, 0x7cd2, 0x7cd1, 
	0x7cb1, 0x8d33, 0xff17, 0xff38, 0xff37, 0xff58, 0xbe57, 0x848f, 0x74d1, 0x74d1, 0x74d2, 0x6470, 0x5430, 0x5c30, 0x5c30, 0x5c0f, 
	0x39a5, 0x3144, 0x3944, 0x3123, 0x3289, 0x6c2f, 0x5430, 0x5430, 0x5c30, 0x6cb2, 0x7cd2, 0x7cd1, 0x7cb1, 0x7cd2, 0xeed6, 0xf738, 
	0xff17, 0xff37, 0xd6f8, 0x8caf, 0x74d2, 0x74d2, 0x74d2, 0x6c91, 0x5430, 0x5c30, 0x5c30, 0x5c51, 0x4227, 0x2944, 0x3944, 0x3944, 
	0x29e7, 0x6bef, 0x5430, 0x5430, 0x5c30, 0x6491, 0x7cd2, 0x7cd1, 0x7cd1, 0x74b1, 0xd655, 0xf759, 0xff17, 0xff37, 0xe739, 0x9cf0, 
	0x74d2, 0x74d2, 0x7cd2, 0x74b1, 0x5c30, 0x5c30, 0x5c30, 0x5c51, 0x52aa, 0x2944, 0x3944, 0x3944, 0x2185, 0x638d, 0x5c51, 0x5430, 
	0x5c30, 0x5c50, 0x7cd2, 0x7cd2, 0x74d1, 0x74b1, 0xbdb2, 0xf779, 0xff17, 0xff17, 0xef79, 0xad51, 0x74b1, 0x74d2, 0x7cd1, 0x7cd1, 
	0x5410, 0x5410, 0x4c10, 0x4bef, 0x94d0, 0xef7a, 0xff17, 0xff17, 0xef7a, 0xa531, 0x4bef, 0x4c10, 0x5410, 0x5410, 0x5430, 0x5430, 
	0x5430, 0x5430, 0x636d, 0x2165, 0x3103, 0x3123, 0x2123, 0x4a89, 0x5c50, 0x5430, 0x5430, 0x5430, 0x5430, 0x5410, 0x4c10, 0x4c10, 
	0x7c2e, 0xdf3a, 0xff17, 0xff17, 0xf779, 0xce14, 0x4bef, 0x5410, 0x5410, 0x5410, 0x5c30, 0x5430, 0x5430, 0x5430, 0x63ce, 0x21c6, 
	0x3103, 0x3123, 0x2923, 0x41e7, 0x5c30, 0x5430, 0x5430, 0x5430, 0x5430, 0x540f, 0x4c10, 0x4c10, 0x6bcd, 0xc6b8, 0xff37, 0xff17, 
	0xff58, 0xe6b6, 0x5430, 0x53ef, 0x4c10, 0x4c10, 0x5430, 0x5430, 0x5430, 0x5430, 0x6c0f, 0x3268, 0x3103, 0x3123, 0x2923, 0x3985, 
	0x540f, 0x5c30, 0x5430, 0x5430, 0x5430, 0x5410, 0x4c10, 0x4c10, 0x5bad, 0xa616, 0xff58, 0xff17, 0xff38, 0xf717, 0x6c91, 0x53ee, 
	0x4c10, 0x4c10, 0x5430, 0x5430, 0x5430, 0x5430, 0x6430, 0x3aeb, 0x2903, 0x3123, 0x3123, 0x3123, 0x4b8d, 0x5c30, 0x5430, 0x5430, 
	0x5430, 0x5410, 0x4c10, 0x4c10, 0x53ce, 0x8554, 0xff58, 0xff17, 0xff17, 0xff58, 0x8554, 0x53ce, 0x4c10, 0x4c10, 0x5410, 0x5430, 
	0x5430, 0x5430, 0x5c30, 0x4b8d, 0x3123, 0x3123, 0x3123, 0x2903, 0x3aeb, 0x6430, 0x5430, 0x5430, 0x5430, 0x5430, 0x4c10, 0x4c10, 
	0x53ee, 0x6c91, 0xf717, 0xff38, 0xff17, 0xff58, 0xa616, 0x5bad, 0x4c10, 0x4c10, 0x5410, 0x5430, 0x5430, 0x5430, 0x5c30, 0x53ef, 
	0x3164, 0x2923, 0x3123, 0x3103, 0x3269, 0x6c0f, 0x5430, 0x5430, 0x5430, 0x5430, 0x4c10, 0x4c10, 0x53ef, 0x5410, 0xe6b6, 0xff59, 
	0xff17, 0xff37, 0xc6d8, 0x6bcd, 0x4c10, 0x4c10, 0x540f, 0x5430, 0x5430, 0x5430, 0x5430, 0x5c30, 0x4207, 0x2123, 0x3123, 0x3103, 
	0x21c6, 0x63ce, 0x5430, 0x5430, 0x5430, 0x5430, 0x5410, 0x5410, 0x5410, 0x4bef, 0xcdf4, 0xf779, 0xff17, 0xff17, 0xdf5a, 0x7c2e, 
	0x4c10, 0x4c10, 0x5410, 0x5430, 0x5430, 0x5430, 0x5430, 0x5c50, 0x4a89, 0x2123, 0x3103, 0x3103, 0x2165, 0x636d, 0x5430, 0x5430, 
	0x5430, 0x5430, 0x5410, 0x5410, 0x4c10, 0x4bef, 0xa531, 0xef7a, 0xff17, 0xff17, 0xef7a, 0x94d0, 0x4bef, 0x4c10, 0x5410, 0x5410, 
	0x5430, 0x5430, 0x5430, 0x4c0f, 0x9cf0, 0xef7a, 0xff17, 0xff17, 0xf77a, 0xad31, 0x4c0f, 0x5430, 0x5430, 0x5430, 0x5430, 0x5430, 
	0x5430, 0x5430, 0x636d, 0x2165, 0x3123, 0x3123, 0x2123, 0x4a89, 0x5c50, 0x5430, 0x5430, 0x5430, 0x5c30, 0x5430, 0x5430, 0x5430, 
	0x844e, 0xdf3a, 0xff17, 0xff17, 0xf779, 0xce14, 0x540f, 0x5430, 0x5430, 0x5430, 0x5c50, 0x5430, 0x5430, 0x5430, 0x63ce, 0x21c6, 
	0x3103, 0x3123, 0x2923, 0x4207, 0x5c30, 0x5430, 0x5430, 0x5430, 0x5c50, 0x5430, 0x5430, 0x5430, 0x6bed, 0xc6d8, 0xff37, 0xff17, 
	0xff58, 0xe6b6, 0x5c30, 0x5c10, 0x5430, 0x5430, 0x5c50, 0x5430, 0x5430, 0x5430, 0x6c0f, 0x3269, 0x3103, 0x3123, 0x2923, 0x3985, 
	0x540f, 0x5c30, 0x5430, 0x5430, 0x5c30, 0x5430, 0x5430, 0x5430, 0x63cd, 0xae16, 0xff58, 0xff17, 0xff38, 0xf717, 0x6cb1, 0x5c0f, 
	0x5430, 0x5430, 0x5430, 0x5430, 0x5430, 0x5430, 0x6430, 0x3aeb, 0x2903, 0x3123, 0x3123, 0x2923, 0x4b8d, 0x6430, 0x5430, 0x5430, 
	0x5430, 0x5430, 0x5430, 0x5430, 0x5bee, 0x8d54, 0xff58, 0xff17, 0xff17, 0xff58, 0x8d54, 0x5bee, 0x5430, 0x5430, 0x5430, 0x5430, 
	0x5430, 0x5430, 0x6430, 0x4b8d, 0x2923, 0x3123, 0x3123, 0x2903, 0x3aeb, 0x6430, 0x5430, 0x5430, 0x5430, 0x5c30, 0x5430, 0x5430, 
	0x5c0f, 0x6cb1, 0xf717, 0xff38, 0xff17, 0xff58, 0xae16, 0x63cd, 0x5430, 0x5430, 0x5430, 0x5c30, 0x5430, 0x5430, 0x5c30, 0x53ef, 
	0x3985, 0x2923, 0x3123, 0x3103, 0x3269, 0x6c0f, 0x5430, 0x5430, 0x5430, 0x5c50, 0x5430, 0x5430, 0x5c10, 0x5c30, 0xe6b6, 0xff59, 
	0xff17, 0xff37, 0xc6d8, 0x6bed, 0x5430, 0x5430, 0x5430, 0x5c50, 0x5430, 0x5430, 0x5430, 0x5c30, 0x4207, 0x2923, 0x3123, 0x3103, 
	0x21c6, 0x63ce, 0x5430, 0x5430, 0x5430, 0x5c50, 0x5430, 0x5430, 0x5430, 0x540f, 0xce14, 0xf779, 0xff17, 0xff17, 0xdf5a, 0x844e, 
	0x5410, 0x5430, 0x5430, 0x5c30, 0x5430, 0x5430, 0x5430, 0x5c50, 0x5289, 0x2123, 0x3123, 0x3123, 0x2165, 0x636d, 0x5430, 0x5430, 
	0x5430, 0x5430, 0x5430, 0x5430, 0x5430, 0x4c0f, 0xad31, 0xf77a, 0xff17, 0xff17, 0xef7a, 0x9cf0, 0x4c0f, 0x5430, 0x5430, 0x5430, 
	0x5430, 0x5430, 0x5430, 0x4c0f, 0x9cf0, 0xf79a, 0xff37, 0xff37, 0xf79a, 0xad51, 0x4bef, 0x5430, 0x5430, 0x5430, 0x5430, 0x5430, 
	0x5450, 0x5451, 0x636d, 0x1944, 0x3102, 0x3103, 0x1903, 0x4a89, 0x5c51, 0x5430, 0x5430, 0x5430, 0x5c30, 0x5430, 0x5430, 0x5410, 
	0x844e, 0xe75a, 0xff37, 0xff37, 0xff79, 0xce14, 0x540f, 0x5430, 0x5430, 0x5430, 0x5c50, 0x5c30, 0x5450, 0x5450, 0x6bef, 0x21c6, 
	0x28e3, 0x3103, 0x2103, 0x41e6, 0x5c50, 0x5c30, 0x5430, 0x5430, 0x5c50, 0x5430, 0x5430, 0x5430, 0x6bed, 0xced9, 0xff57, 0xff37, 
	0xff59, 0xeed6, 0x5c30, 0x5c10, 0x5430, 0x5430, 0x5c50, 0x5c30, 0x5450, 0x5450, 0x6c10, 0x2a48, 0x28e2, 0x2903, 0x2903, 0x3164, 
	0x540f, 0x5c30, 0x5430, 0x5430, 0x5c50, 0x5430, 0x5430, 0x5430, 0x63cd, 0xae37, 0xff58, 0xff37, 0xff58, 0xff38, 0x6cb1, 0x5c0f, 
	0x5430, 0x5430, 0x5c30, 0x5c30, 0x5450, 0x5450, 0x6430, 0x3aeb, 0x28e2, 0x2903, 0x2903, 0x2903, 0x4b8d, 0x5c30, 0x5450, 0x5450, 
	0x5c30, 0x5430, 0x5430, 0x5430, 0x5bee, 0x8d54, 0xff78, 0xff37, 0xff37, 0xff58, 0x8d54, 0x5bee, 0x5430, 0x5430, 0x5430, 0x5c30, 
	0x5450, 0x5450, 0x5c30, 0x4b8d, 0x2903, 0x2903, 0x2903, 0x28e2, 0x3aeb, 0x6430, 0x5450, 0x5450, 0x5c30, 0x5c30, 0x5430, 0x5430, 
	0x5c0f, 0x6cb1, 0xff38, 0xff58, 0xff37, 0xff58, 0xae16, 0x63cd, 0x5430, 0x5430, 0x5430, 0x5c50, 0x5430, 0x5430, 0x5c30, 0x540f, 
	0x3164, 0x2903, 0x2903, 0x28e2, 0x3249, 0x6c10, 0x5450, 0x5450, 0x5c30, 0x5c50, 0x5430, 0x5430, 0x5c10, 0x5c30, 0xeeb6, 0xff59, 
	0xff37, 0xff57, 0xced9, 0x6bed, 0x5430, 0x5430, 0x5430, 0x5c50, 0x5430, 0x5430, 0x5c30, 0x5c51, 0x41e6, 0x2103, 0x3103, 0x28e3, 
	0x21a6, 0x6bef, 0x5450, 0x5450, 0x5c30, 0x5c50, 0x5430, 0x5430, 0x5430, 0x540f, 0xce14, 0xff79, 0xff37, 0xff37, 0xe75a, 0x844e, 
	0x5410, 0x5430, 0x5430, 0x5c50, 0x5430, 0x5430, 0x5430, 0x5c51, 0x4a89, 0x1903, 0x3103, 0x3103, 0x1944, 0x636d, 0x5451, 0x5450, 
	0x5430, 0x5450, 0x5430, 0x5430, 0x5430, 0x4bef, 0xad51, 0xf79a, 0xff37, 0xff37, 0xf79a, 0x9cf0, 0x4c0f, 0x5430, 0x5430, 0x5430, 
	0x5430, 0x5430, 0x5430, 0x5410, 0x94d0, 0xd6f9, 0xe6b6, 0xe6b6, 0xdef8, 0x9d11, 0x5410, 0x5430, 0x5c30, 0x5c30, 0x53ef, 0x53ce, 
	0x53ce, 0x53cf, 0x634c, 0x3a27, 0x51c5, 0x51c5, 0x41e6, 0x5ac9, 0x53ef, 0x53ce, 0x53ce, 0x53ce, 0x5430, 0x5c30, 0x5430, 0x5430, 
	0x7c4e, 0xced8, 0xeeb6, 0xe6b6, 0xdef8, 0xbdd3, 0x5410, 0x5430, 0x5430, 0x5c30, 0x5c0f, 0x53ce, 0x53ce, 0x53cf, 0x638d, 0x4268, 
	0x51c5, 0x51c5, 0x41e6, 0x5268, 0x53ce, 0x53ce, 0x53ce, 0x53ce, 0x5c10, 0x5c30, 0x5430, 0x5430, 0x6c0e, 0xb677, 0xeeb6, 0xe6b6, 
	0xe6d7, 0xd655, 0x5c30, 0x5c10, 0x5430, 0x5c30, 0x5c0f, 0x53ce, 0x53ce, 0x53ce, 0x63ad, 0x42aa, 0x49c5, 0x51e5, 0x49e5, 0x5226, 
	0x53ae, 0x53ce, 0x53ce, 0x53ce, 0x53ef, 0x5c30, 0x5430, 0x5430, 0x63ee, 0x9dd5, 0xeed6, 0xe6b6, 0xe6b7, 0xdeb6, 0x6cb1, 0x5c0f, 
	0x5430, 0x5430, 0x5c10, 0x53cf, 0x53ce, 0x53ce, 0x5bae, 0x4b0b, 0x49c5, 0x49e5, 0x49e6, 0x49e6, 0x4b6d, 0x5bae, 0x53ce, 0x53ce, 
	0x53cf, 0x5c30, 0x5430, 0x5430, 0x5bee, 0x8533, 0xeed7, 0xe6b6, 0xe6b6, 0xeed7, 0x8533, 0x5bee, 0x5430, 0x5430, 0x5c30, 0x53ef, 
	0x53ce, 0x53ce, 0x5bae, 0x4b6d, 0x49e6, 0x49e6, 0x49e5, 0x49c5, 0x4b0b, 0x5bae, 0x53ce, 0x53ce, 0x53cf, 0x5c10, 0x5430, 0x5430, 
	0x5c0f, 0x6c91, 0xdeb6, 0xe6b7, 0xe6b6, 0xeed6, 0x9dd5, 0x63ee, 0x5430, 0x5430, 0x5c30, 0x53ef, 0x53ce, 0x53ce, 0x53ce, 0x53ae, 
	0x5207, 0x49e6, 0x51e5, 0x49c5, 0x42aa, 0x63ad, 0x53ce, 0x53ce, 0x53ce, 0x5c0f, 0x5c30, 0x5430, 0x5c10, 0x5c30, 0xd655, 0xe6d7, 
	0xe6b6, 0xeeb6, 0xb677, 0x6c0e, 0x5430, 0x5430, 0x5c30, 0x5c10, 0x53ce, 0x53ce, 0x53ce, 0x53ce, 0x5268, 0x41e6, 0x51c5, 0x51c5, 
	0x4268, 0x638d, 0x53cf, 0x53ce, 0x53ce, 0x5c0f, 0x5c30, 0x5430, 0x5430, 0x5410, 0xbdd3, 0xdef8, 0xe6b6, 0xeeb6, 0xced8, 0x7c4e, 
	0x5430, 0x5430, 0x5c30, 0x5c30, 0x53ce, 0x53ce, 0x53ce, 0x53ef, 0x5ac9, 0x41e6, 0x51c5, 0x51c5, 0x3a27, 0x634b, 0x53cf, 0x53ce, 
	0x53ce, 0x53ef, 0x5c30, 0x5c30, 0x5430, 0x5410, 0x9d11, 0xdef8, 0xe6b6, 0xe6b6, 0xd6f9, 0x94d0, 0x5410, 0x5430, 0x5430, 0x5430, 
	0x5430, 0x5430, 0x5430, 0x5430, 0x5c30, 0x5c30, 0x5c30, 0x5c30, 0x5c30, 0x5c30, 0x5430, 0x5430, 0x5c30, 0x5430, 0x39c6, 0x2944, 
	0x3144, 0x2923, 0x6204, 0xddb3, 0xe590, 0xe590, 0xe5d3, 0x9baa, 0x2903, 0x3144, 0x3144, 0x3144, 0x4b8d, 0x6430, 0x5430, 0x5430, 
	0x5c30, 0x5c50, 0x5c30, 0x5c30, 0x5c30, 0x5c50, 0x5430, 0x5430, 0x5430, 0x5c50, 0x4a68, 0x2144, 0x3144, 0x3124, 0x4962, 0xc531, 
	0xed90, 0xe590, 0xe5b2, 0xbc8d, 0x3123, 0x3144, 0x3144, 0x3123, 0x430b, 0x6430, 0x5430, 0x5430, 0x5c30, 0x5c50, 0x5c30, 0x5c30, 
	0x5c30, 0x5c50, 0x5c30, 0x5430, 0x5430, 0x5c50, 0x5aeb, 0x2144, 0x3144, 0x3144, 0x3901, 0xa46f, 0xedb1, 0xe590, 0xe5b1, 0xdd50, 
	0x41a5, 0x3123, 0x3144, 0x3123, 0x3269, 0x6c0f, 0x5430, 0x5430, 0x5c30, 0x5c50, 0x5c30, 0x5c30, 0x5c30, 0x5c30, 0x5c30, 0x5430, 
	0x5430, 0x5450, 0x636d, 0x2185, 0x3144, 0x3144, 0x3101, 0x836b, 0xedd1, 0xe590, 0xe590, 0xedb1, 0x5a68, 0x3102, 0x3144, 0x3123, 
	0x29e7, 0x63ce, 0x5430, 0x5430, 0x5430, 0x5c30, 0x5c30, 0x5c30, 0x5c30, 0x5c30, 0x5430, 0x5430, 0x5430, 0x5430, 0x63ce, 0x29e7, 
	0x3123, 0x3144, 0x3102, 0x5a68, 0xe5b1, 0xe590, 0xe590, 0xedd1, 0x836b, 0x3101, 0x3144, 0x3144, 0x2185, 0x636d, 0x5450, 0x5430, 
	0x5430, 0x5c30, 0x5c30, 0x5c30, 0x5c30, 0x5c30, 0x5c50, 0x5c30, 0x5430, 0x5430, 0x6c0f, 0x3269, 0x3123, 0x3144, 0x3123, 0x41a5, 
	0xd550, 0xe5b1, 0xe590, 0xedb1, 0xac6f, 0x3901, 0x3144, 0x3144, 0x2144, 0x5aeb, 0x5c50, 0x5430, 0x5430, 0x5c30, 0x5c50, 0x5c30, 
	0x5c30, 0x5c30, 0x5c50, 0x5c30, 0x5430, 0x5430, 0x6430, 0x430b, 0x3123, 0x3144, 0x3144, 0x3123, 0xbc8d, 0xe5b2, 0xe590, 0xed90, 
	0xc531, 0x4962, 0x3124, 0x3144, 0x2144, 0x4a68, 0x5c50, 0x5430, 0x5430, 0x5430, 0x5c50, 0x5c30, 0x5c30, 0x5c30, 0x5c50, 0x5c30, 
	0x5430, 0x5430, 0x6430, 0x4b8e, 0x3144, 0x3144, 0x3144, 0x2903, 0x9b8a, 0xe5d3, 0xe590, 0xe590, 0xddb3, 0x6204, 0x2923, 0x3144, 
	0x2944, 0x39c6, 0x5c30, 0x5c30, 0x5430, 0x5430, 0x5c30, 0x5c30, 0x5c30, 0x5c30, 0x5c30, 0x5c30, 0x5430, 0x5430, 0x5430, 0x5430, 
	0x5430, 0x5430, 0x5430, 0x5430, 0x5430, 0x5430, 0x5430, 0x5430, 0x5430, 0x5430, 0x5430, 0x5430, 0x5430, 0x5410, 0x39a5, 0x2923, 
	0x3123, 0x28e3, 0x6204, 0xddd3, 0xedb0, 0xedb0, 0xedf3, 0x9b89, 0x28e2, 0x3123, 0x3123, 0x3123, 0x4b8d, 0x5c30, 0x5430, 0x5430, 
	0x5c30, 0x5430, 0x5430, 0x5430, 0x5430, 0x5430, 0x5430, 0x5430, 0x5430, 0x5c50, 0x4a48, 0x2103, 0x3123, 0x2903, 0x4941, 0xcd51, 
	0xedb1, 0xedb0, 0xedf2, 0xc4ad, 0x3103, 0x3123, 0x3123, 0x2903, 0x430b, 0x6430, 0x5430, 0x5430, 0x5430, 0x5430, 0x5430, 0x5430, 
	0x5430, 0x5c30, 0x5430, 0x5430, 0x5430, 0x5c50, 0x52ea, 0x2124, 0x3123, 0x3123, 0x38e1, 0xac6f, 0xf5d1, 0xedb0, 0xedb1, 0xdd50, 
	0x4184, 0x3102, 0x3123, 0x2903, 0x3268, 0x6c0f, 0x5430, 0x5430, 0x5430, 0x5c30, 0x5430, 0x5430, 0x5430, 0x5430, 0x5430, 0x5430, 
	0x5430, 0x5430, 0x636d, 0x2164, 0x3123, 0x3123, 0x30e1, 0x836b, 0xf5f1, 0xedb0, 0xedb1, 0xedd1, 0x5a47, 0x30e2, 0x3123, 0x3103, 
	0x21c6, 0x63ce, 0x5430, 0x5430, 0x5430, 0x5430, 0x5430, 0x5430, 0x5430, 0x5430, 0x5430, 0x5430, 0x5430, 0x5430, 0x63ce, 0x21c6, 
	0x3103, 0x3123, 0x30e2, 0x5a47, 0xedd1, 0xedb1, 0xedb0, 0xf5f1, 0x836b, 0x30e1, 0x3123, 0x3123, 0x2164, 0x636d, 0x5430, 0x5430, 
	0x5430, 0x5430, 0x5430, 0x5430, 0x5430, 0x5430, 0x5430, 0x5430, 0x5430, 0x5430, 0x6c0f, 0x3268, 0x2903, 0x3123, 0x3102, 0x4184, 
	0xdd50, 0xedb1, 0xedb0, 0xf5d1, 0xac8f, 0x38e1, 0x3123, 0x3123, 0x2124, 0x52ea, 0x5c50, 0x5430, 0x5430, 0x5c30, 0x5c30, 0x5430, 
	0x5430, 0x5430, 0x5430, 0x5430, 0x5430, 0x5430, 0x6430, 0x430b, 0x2903, 0x3123, 0x3123, 0x3103, 0xc4ad, 0xedf2, 0xedb0, 0xedb1, 
	0xcd52, 0x4942, 0x2903, 0x3123, 0x2103, 0x4a48, 0x5c50, 0x5430, 0x5430, 0x5430, 0x5c30, 0x5430, 0x5430, 0x5430, 0x5430, 0x5c30, 
	0x5430, 0x5430, 0x5c30, 0x4b8d, 0x3123, 0x3123, 0x3123, 0x28e2, 0x9b89, 0xedf3, 0xedb0, 0xedb0, 0xddd3, 0x6204, 0x28e3, 0x3123, 
	0x2923, 0x39a5, 0x5430, 0x5430, 0x5430, 0x5430, 0x5430, 0x5430, 0x5430, 0x5430, 0x5430, 0x5430, 0x5430, 0x5430, 0x5430, 0x5430, 
	0x5430, 0x5430, 0x5430, 0x5430, 0x5430, 0x5430, 0x5430, 0x5430, 0x5430, 0x5430, 0x5430, 0x5430, 0x5430, 0x5410, 0x39a5, 0x2923, 
	0x3123, 0x2903, 0x6204, 0xddd3, 0xedb0, 0xed90, 0xe5f3, 0x9b89, 0x28e2, 0x3123, 0x3123, 0x2923, 0x4b8d, 0x6430, 0x5430, 0x5430, 
	0x5c30, 0x5c30, 0x5430, 0x5430, 0x5430, 0x5c30, 0x5430, 0x5430, 0x5430, 0x5c50, 0x4a48, 0x2123, 0x3123, 0x3103, 0x4942, 0xc551, 
	0xedb0, 0xed90, 0xe5d2, 0xc4ad, 0x3123, 0x3123, 0x3123, 0x2903, 0x430b, 0x6430, 0x5430, 0x5430, 0x5430, 0x5c30, 0x5430, 0x5430, 
	0x5430, 0x5c50, 0x5430, 0x5430, 0x5430, 0x5c50, 0x52ea, 0x2144, 0x3123, 0x3123, 0x38e1, 0xac6f, 0xedd1, 0xed90, 0xe5b1, 0xdd50, 
	0x4184, 0x3102, 0x3123, 0x3103, 0x3268, 0x6c0f, 0x5430, 0x5430, 0x5430, 0x5c50, 0x5430, 0x5430, 0x5430, 0x5430, 0x5430, 0x5430, 
	0x5430, 0x5430, 0x636d, 0x2165, 0x3123, 0x3123, 0x30e1, 0x836b, 0xf5d1, 0xed90, 0xedb1, 0xedb1, 0x5a47, 0x30e2, 0x3123, 0x3103, 
	0x21c6, 0x63ce, 0x5430, 0x5430, 0x5430, 0x5430, 0x5430, 0x5430, 0x5430, 0x5430, 0x5430, 0x5430, 0x5430, 0x5430, 0x63ce, 0x21c6, 
	0x3103, 0x3123, 0x30e2, 0x5a47, 0xedb1, 0xedb1, 0xed90, 0xf5d1, 0x836b, 0x30e1, 0x3123, 0x3123, 0x2165, 0x636d, 0x5430, 0x5430, 
	0x5430, 0x5430, 0x5430, 0x5430, 0x5430, 0x5430, 0x5c30, 0x5430, 0x5430, 0x5430, 0x6c0f, 0x3268, 0x3103, 0x3123, 0x3103, 0x4184, 
	0xdd50, 0xe5b1, 0xed90, 0xedd1, 0xac8f, 0x38e1, 0x3123, 0x3123, 0x2144, 0x52ea, 0x5c50, 0x5430, 0x5430, 0x5c30, 0x5c50, 0x5430, 
	0x5430, 0x5430, 0x5c30, 0x5430, 0x5430, 0x5430, 0x6430, 0x430b, 0x2903, 0x3123, 0x3123, 0x3123, 0xc4ad, 0xe5d2, 0xed90, 0xedb0, 
	0xcd51, 0x4942, 0x3103, 0x3123, 0x2123, 0x4a48, 0x5c50, 0x5430, 0x5430, 0x5430, 0x5c50, 0x5430, 0x5430, 0x5430, 0x5430, 0x5c30, 
	0x5430, 0x5430, 0x5c30, 0x4b8d, 0x2923, 0x3123, 0x3123, 0x28e2, 0x9b89, 0xe5f3, 0xed90, 0xedb0, 0xddd3, 0x6204, 0x2903, 0x3123, 
	0x2923, 0x39a5, 0x5430, 0x5430, 0x5430, 0x5430, 0x5430, 0x5430, 0x5430, 0x5430, 0x5430, 0x5430, 0x5430, 0x5430, 0x5430, 0x5430, 
	0x5c51, 0x5c51, 0x5c51, 0x5c51, 0x5c51, 0x5c51, 0x5c51, 0x5c51, 0x5c50, 0x5c51, 0x5451, 0x5451, 0x5c50, 0x5c50, 0x3185, 0x20e3, 
	0x2903, 0x20c2, 0x59c3, 0xddd3, 0xedb0, 0xed90, 0xedf3, 0x9b69, 0x20a2, 0x28e3, 0x20e2, 0x20e2, 0x4b8e, 0x6450, 0x5451, 0x5450, 
	0x5c51, 0x5c51, 0x5450, 0x5c51, 0x5450, 0x5c51, 0x5451, 0x5451, 0x5451, 0x5c71, 0x4228, 0x18e3, 0x28e3, 0x20e3, 0x4101, 0xc531, 
	0xedb0, 0xed90, 0xe5d2, 0xbc8d, 0x20e2, 0x28e2, 0x28e3, 0x20c2, 0x3b0b, 0x6450, 0x5451, 0x5450, 0x5c50, 0x5c51, 0x5450, 0x5451, 
	0x5450, 0x5c51, 0x5c51, 0x5450, 0x5451, 0x5c71, 0x52eb, 0x1903, 0x28e3, 0x28e3, 0x30a0, 0xa46f, 0xedd1, 0xedb0, 0xe5b1, 0xdd50, 
	0x3964, 0x28c2, 0x28e3, 0x20c2, 0x2a48, 0x6c30, 0x5451, 0x5451, 0x5c50, 0x5c51, 0x5450, 0x5c50, 0x5450, 0x5c50, 0x5c51, 0x5450, 
	0x5451, 0x5c71, 0x638d, 0x1924, 0x28e2, 0x28e3, 0x28a0, 0x7b4b, 0xf5f1, 0xedb0, 0xedb0, 0xedb1, 0x5227, 0x28c1, 0x28e3, 0x28e2, 
	0x19a6, 0x6bef, 0x5451, 0x5451, 0x5450, 0x5c51, 0x5c51, 0x5c51, 0x5c51, 0x5c51, 0x5c51, 0x5c51, 0x5451, 0x5451, 0x6bef, 0x19a6, 
	0x28e2, 0x28e3, 0x28c1, 0x5227, 0xedb1, 0xe5b0, 0xedb0, 0xf5f1, 0x7b4b, 0x28a0, 0x28e3, 0x28e2, 0x1924, 0x638d, 0x5c71, 0x5451, 
	0x5450, 0x5c51, 0x5c50, 0x5450, 0x5c51, 0x5450, 0x5c51, 0x5c50, 0x5451, 0x5451, 0x6c30, 0x2a48, 0x20c2, 0x28e3, 0x28c2, 0x3944, 
	0xdd50, 0xe5b1, 0xedb0, 0xedd1, 0xa46f, 0x30c0, 0x28e3, 0x28e3, 0x1903, 0x52ca, 0x5c71, 0x5451, 0x5450, 0x5c51, 0x5c51, 0x5450, 
	0x5451, 0x5450, 0x5c51, 0x5c50, 0x5450, 0x5451, 0x6450, 0x3b0b, 0x20c2, 0x28e3, 0x28e2, 0x20e2, 0xbc8d, 0xe5d2, 0xed90, 0xedb0, 
	0xc552, 0x4121, 0x20e3, 0x28e3, 0x18e3, 0x4228, 0x5c71, 0x5451, 0x5c51, 0x5c51, 0x5c51, 0x5450, 0x5451, 0x5450, 0x5c51, 0x5c51, 
	0x5450, 0x5451, 0x6450, 0x4bae, 0x20e2, 0x20e2, 0x28e3, 0x20a2, 0x9b69, 0xedf3, 0xed90, 0xedb0, 0xddd3, 0x59c3, 0x20c2, 0x2903, 
	0x20e3, 0x3185, 0x5c50, 0x5c50, 0x5451, 0x5451, 0x5c51, 0x5c51, 0x5451, 0x5451, 0x5c50, 0x5c51, 0x5450, 0x5c51, 0x5c51, 0x5c51, 
	0x4b0b, 0x4b0b, 0x4b0b, 0x4b0b, 0x4b0b, 0x4b0b, 0x4b0b, 0x4b0b, 0x4b0b, 0x4b2b, 0x4b0b, 0x4b0b, 0x4b0b, 0x4b0b, 0x7b09, 0x7b2a, 
	0x7b09, 0x7b09, 0x9b8a, 0xe5b2, 0xedb0, 0xedb0, 0xe5d2, 0xbc8d, 0x7ae8, 0x7b09, 0x7b09, 0x7b09, 0x532b, 0x4aeb, 0x4b0b, 0x4b0b, 
	0x4b2c, 0x4b2c, 0x4b0b, 0x4b0b, 0x4b0b, 0x4b2b, 0x4b0b, 0x4b0b, 0x4b0b, 0x4b0b, 0x732a, 0x732a, 0x7b09, 0x7b09, 0x8b28, 0xd571, 
	0xedb1, 0xedb0, 0xedd2, 0xd50f, 0x7b09, 0x7b09, 0x7b09, 0x7b09, 0x5b4c, 0x52ea, 0x4b0b, 0x4b0b, 0x4b0b, 0x4b2b, 0x4b0b, 0x4b0b, 
	0x4b0b, 0x4b2b, 0x4b2c, 0x4b0b, 0x4b0b, 0x4b0b, 0x6b09, 0x732a, 0x7b09, 0x7b09, 0x82e8, 0xc510, 0xedd1, 0xedb0, 0xe5b1, 0xe570, 
	0x8b4a, 0x7b09, 0x8309, 0x8309, 0x634b, 0x5aea, 0x4b0b, 0x4b0b, 0x4b0b, 0x4b2c, 0x4b0b, 0x4b0b, 0x4b0b, 0x4b0b, 0x4b0b, 0x4b0b, 
	0x4b0b, 0x4b0b, 0x6309, 0x734b, 0x8309, 0x8309, 0x7ae8, 0xac6e, 0xedd1, 0xedb1, 0xedb1, 0xedb1, 0x93cb, 0x7ae8, 0x8309, 0x8309, 
	0x6b4b, 0x5ae9, 0x4b0b, 0x4b0b, 0x4b0b, 0x4b0b, 0x4b0b, 0x4b0b, 0x4b0b, 0x4b0b, 0x4b0b, 0x4b0b, 0x4b0b, 0x4b0b, 0x5ae9, 0x6b4b, 
	0x8309, 0x8309, 0x7ae8, 0x93cb, 0xedb1, 0xedb1, 0xedb1, 0xedd1, 0xac6d, 0x7ae8, 0x8309, 0x8309, 0x734b, 0x6309, 0x4b0b, 0x4b0b, 
	0x4b0b, 0x4b0b, 0x4b0b, 0x4b0b, 0x4b0b, 0x4b0b, 0x4b2c, 0x4b0b, 0x4b0b, 0x4b0b, 0x5aea, 0x634b, 0x8309, 0x8309, 0x7b09, 0x834a, 
	0xe590, 0xe5b1, 0xedb0, 0xedd1, 0xc510, 0x82e8, 0x7b09, 0x7b09, 0x732a, 0x6b0a, 0x4b0b, 0x4b0b, 0x4b0b, 0x4b2c, 0x4b2b, 0x4b0b, 
	0x4b0b, 0x4b0b, 0x4b2b, 0x4b0b, 0x4b0b, 0x4b0b, 0x52ea, 0x5b4b, 0x7b09, 0x7b09, 0x7b09, 0x7b09, 0xd50f, 0xedd2, 0xedb0, 0xedb1, 
	0xd571, 0x8b28, 0x7b09, 0x7b09, 0x732a, 0x732a, 0x4b0b, 0x4b0b, 0x4b0b, 0x4b0b, 0x4b2b, 0x4b0b, 0x4b0b, 0x4b0b, 0x4b2c, 0x4b2c, 
	0x4b0b, 0x4b0b, 0x4aeb, 0x532b, 0x7b29, 0x7b09, 0x7b09, 0x7ae8, 0xbc6c, 0xe5d2, 0xedb0, 0xedb0, 0xe5b2, 0x9b89, 0x7b09, 0x7b09, 
	0x7b2a, 0x7b09, 0x4b0b, 0x4b0b, 0x4b0b, 0x4b0b, 0x4b0b, 0x4b0b, 0x4b0b, 0x4b0b, 0x4b0b, 0x4b0b, 0x4b0b, 0x4b0b, 0x4b0b, 0x4b0b, 
	0x3103, 0x3103, 0x3103, 0x3103, 0x3103, 0x3103, 0x3103, 0x3103, 0x3103, 0x3123, 0x3103, 0x3103, 0x3102, 0x3123, 0xd50f, 0xf5f2, 
	0xf5d1, 0xf5d1, 0xedd1, 0xedb0, 0xedb0, 0xedb0, 0xedb0, 0xedd1, 0xf5d1, 0xf5d1, 0xf5f1, 0xf5f2, 0x6247, 0x30c1, 0x3103, 0x2903, 
	0x3123, 0x3123, 0x2903, 0x3103, 0x2903, 0x3123, 0x3103, 0x3103, 0x3103, 0x28c2, 0xb42b, 0xf633, 0xf5d1, 0xf5d1, 0xedd1, 0xedb1, 
	0xedb0, 0xedb0, 0xedb0, 0xedb1, 0xf5d1, 0xf5d1, 0xf5d1, 0xfe12, 0x8b6b, 0x30c0, 0x3103, 0x2903, 0x3123, 0x3123, 0x2903, 0x3103, 
	0x2903, 0x3144, 0x3123, 0x2903, 0x3103, 0x28c2, 0x8b07, 0xee34, 0xf5d1, 0xf5d1, 0xf5f1, 0xedb1, 0xedb0, 0xedb0, 0xedb0, 0xedb1, 
	0xf5d1, 0xf5d1, 0xf5d1, 0xfe12, 0xac8f, 0x30c0, 0x2903, 0x2903, 0x3103, 0x3144, 0x2903, 0x3103, 0x2903, 0x3123, 0x3123, 0x2903, 
	0x2903, 0x28e2, 0x6204, 0xe5f4, 0xf5d1, 0xf5d1, 0xf5d1, 0xedb1, 0xedb0, 0xedb0, 0xedb0, 0xedb0, 0xedd1, 0xf5d1, 0xf5d1, 0xf5f1, 
	0xcd72, 0x4121, 0x2903, 0x2903, 0x2903, 0x3123, 0x3103, 0x3103, 0x3103, 0x3103, 0x3103, 0x3103, 0x2903, 0x2903, 0x4121, 0xcd72, 
	0xf5f1, 0xf5d1, 0xf5d1, 0xedd1, 0xedb0, 0xedb0, 0xedb0, 0xedb0, 0xedb1, 0xf5d1, 0xf5d1, 0xf5d1, 0xe614, 0x6204, 0x28e2, 0x2903, 
	0x2903, 0x3123, 0x3123, 0x2903, 0x3103, 0x2903, 0x3124, 0x3103, 0x2903, 0x2903, 0x30c0, 0xac8f, 0xfe12, 0xf5d1, 0xf5d1, 0xf5d1, 
	0xedb1, 0xedb0, 0xedb0, 0xedb0, 0xedb1, 0xf5f1, 0xf5d1, 0xf5d1, 0xee34, 0x8b08, 0x28c2, 0x3103, 0x2903, 0x3123, 0x3144, 0x2903, 
	0x3103, 0x2903, 0x3123, 0x3123, 0x2903, 0x3103, 0x30c0, 0x836b, 0xfe12, 0xf5d1, 0xf5d1, 0xf5d1, 0xedb1, 0xedb0, 0xedb0, 0xedb0, 
	0xedb1, 0xedd1, 0xf5d1, 0xf5d1, 0xf633, 0xb42b, 0x28c2, 0x3103, 0x3103, 0x3103, 0x3144, 0x2903, 0x3103, 0x2903, 0x3123, 0x3123, 
	0x2903, 0x3103, 0x30c1, 0x6267, 0xf5f2, 0xf5f1, 0xf5d1, 0xf5d1, 0xedd1, 0xedb0, 0xedb0, 0xedb0, 0xedb0, 0xedd1, 0xf5d1, 0xf5d1, 
	0xf5f2, 0xd50f, 0x3123, 0x3102, 0x3103, 0x3103, 0x3123, 0x3103, 0x3103, 0x3103, 0x3103, 0x3123, 0x2903, 0x3103, 0x3103, 0x3103, 
	0x3123, 0x3123, 0x3123, 0x3123, 0x3123, 0x3123, 0x3123, 0x3123, 0x3123, 0x3144, 0x3123, 0x3123, 0x3123, 0x3143, 0xccee, 0xedd2, 
	0xedb0, 0xedb0, 0xedb1, 0xedb0, 0xedb0, 0xedb0, 0xedb0, 0xedb1, 0xedb0, 0xedb0, 0xe5b1, 0xedd1, 0x5a67, 0x30e2, 0x3123, 0x2923, 
	0x3144, 0x3144, 0x3123, 0x3123, 0x3123, 0x3144, 0x3123, 0x3123, 0x3123, 0x2903, 0xac0b, 0xedf2, 0xed90, 0xed90, 0xedb0, 0xedb1, 
	0xedb0, 0xedb0, 0xedb0, 0xedb1, 0xedb0, 0xedb0, 0xedb0, 0xf5f1, 0x838b, 0x30e1, 0x3123, 0x3123, 0x3144, 0x3144, 0x3123, 0x3123, 
	0x3123, 0x3964, 0x3144, 0x3123, 0x3123, 0x28e3, 0x8b08, 0xe5f3, 0xed90, 0xed90, 0xedb0, 0xedb1, 0xedb0, 0xedb0, 0xedb0, 0xedb1, 
	0xedb1, 0xedb0, 0xed90, 0xedd1, 0xac6f, 0x38e1, 0x3123, 0x3123, 0x3123, 0x3964, 0x3123, 0x3123, 0x3123, 0x3144, 0x3144, 0x3123, 
	0x3123, 0x2903, 0x6204, 0xddd3, 0xedb0, 0xed90, 0xedb0, 0xedb1, 0xedb0, 0xedb0, 0xedb0, 0xedb0, 0xedb0, 0xedb0, 0xed90, 0xedb1, 
	0xc531, 0x4941, 0x2923, 0x3123, 0x3123, 0x3144, 0x3123, 0x3123, 0x3123, 0x3123, 0x3123, 0x3123, 0x3123, 0x2923, 0x4941, 0xc531, 
	0xedb1, 0xed90, 0xedb0, 0xedb0, 0xedb0, 0xedb0, 0xedb0, 0xedb0, 0xedb0, 0xedb0, 0xed90, 0xedb0, 0xddd3, 0x6204, 0x2903, 0x3123, 
	0x3123, 0x3144, 0x3144, 0x3123, 0x3123, 0x3123, 0x3144, 0x3123, 0x3123, 0x3123, 0x38e1, 0xac6f, 0xedd1, 0xed90, 0xedb0, 0xedb1, 
	0xedb1, 0xedb0, 0xedb0, 0xedb0, 0xedb1, 0xedb0, 0xed90, 0xed90, 0xe5f3, 0x8b08, 0x28e3, 0x3123, 0x3123, 0x3144, 0x3964, 0x3123, 
	0x3123, 0x3123, 0x3144, 0x3144, 0x3123, 0x3123, 0x30e1, 0x836b, 0xedd1, 0xedb0, 0xedb0, 0xedb0, 0xedb1, 0xedb0, 0xedb0, 0xedb0, 
	0xedb1, 0xedb0, 0xed90, 0xed90, 0xedf2, 0xac0b, 0x2903, 0x3123, 0x3123, 0x3123, 0x3964, 0x3123, 0x3123, 0x3123, 0x3144, 0x3144, 
	0x2923, 0x3123, 0x30e2, 0x5a68, 0xedd1, 0xe5b1, 0xedb0, 0xedb0, 0xedb1, 0xedb0, 0xedb0, 0xedb0, 0xedb0, 0xedb1, 0xedb0, 0xedb0, 
	0xedd2, 0xccee, 0x3143, 0x3123, 0x3123, 0x3123, 0x3144, 0x3123, 0x3123, 0x3123, 0x3123, 0x3144, 0x3123, 0x3123, 0x3123, 0x3123, 
	0x3123, 0x3123, 0x3123, 0x3123, 0x3123, 0x3123, 0x3123, 0x3123, 0x3123, 0x3144, 0x3123, 0x3123, 0x3123, 0x3143, 0xccee, 0xedd2, 
	0xedb0, 0xedb0, 0xedb1, 0xedb0, 0xedb0, 0xedb0, 0xedb0, 0xedb1, 0xedb0, 0xedb0, 0xe5b1, 0xedd1, 0x5a67, 0x30e2, 0x3123, 0x2923, 
	0x3144, 0x3144, 0x3123, 0x3123, 0x3123, 0x3144, 0x3123, 0x3123, 0x3123, 0x2903, 0xac0b, 0xe5d2, 0xed90, 0xed90, 0xedb0, 0xedb1, 
	0xedb0, 0xedb0, 0xedb0, 0xedb1, 0xedb0, 0xedb0, 0xedb0, 0xedd1, 0x836b, 0x30e1, 0x3123, 0x2923, 0x3144, 0x3144, 0x3123, 0x3123, 
	0x3123, 0x3964, 0x3144, 0x3123, 0x3123, 0x28e2, 0x8b08, 0xe5f3, 0xed90, 0xed90, 0xedb0, 0xedb1, 0xedb0, 0xedb0, 0xedb0, 0xedb1, 
	0xedb1, 0xedb0, 0xed90, 0xedd1, 0xac6f, 0x38e1, 0x2923, 0x3123, 0x3123, 0x3964, 0x3123, 0x3123, 0x3123, 0x3144, 0x3144, 0x3123, 
	0x3123, 0x2903, 0x6204, 0xddd3, 0xedb0, 0xed90, 0xedb0, 0xedb1, 0xedb0, 0xedb0, 0xedb0, 0xedb0, 0xedb0, 0xedb0, 0xed90, 0xedb1, 
	0xc531, 0x4942, 0x2923, 0x3123, 0x3123, 0x3144, 0x3123, 0x3123, 0x3123, 0x3123, 0x3123, 0x3123, 0x3123, 0x2923, 0x4942, 0xc531, 
	0xedb1, 0xed90, 0xedb0, 0xedb0, 0xedb0, 0xedb0, 0xedb0, 0xedb0, 0xedb0, 0xedb0, 0xed90, 0xedb0, 0xddd3, 0x6204, 0x2903, 0x3123, 
	0x3123, 0x3144, 0x3144, 0x3123, 0x3123, 0x3123, 0x3144, 0x3123, 0x3123, 0x2923, 0x38e1, 0xac6f, 0xedd1, 0xed90, 0xedb0, 0xedb1, 
	0xedb1, 0xedb0, 0xedb0, 0xedb0, 0xedb1, 0xedb0, 0xed90, 0xed90, 0xe5f3, 0x8b08, 0x28e2, 0x3123, 0x3123, 0x3144, 0x3964, 0x3123, 
	0x3123, 0x3123, 0x3144, 0x3144, 0x2923, 0x3123, 0x30e1, 0x836b, 0xedd1, 0xedb0, 0xedb0, 0xedb0, 0xedb1, 0xedb0, 0xedb0, 0xedb0, 
	0xedb1, 0xedb0, 0xed90, 0xed90, 0xe5d2, 0xac0b, 0x2903, 0x3123, 0x3123, 0x3123, 0x3964, 0x3123, 0x3123, 0x3123, 0x3144, 0x3144, 
	0x2923, 0x3123, 0x30e2, 0x5a68, 0xedd1, 0xe5b1, 0xedb0, 0xedb0, 0xedb1, 0xedb0, 0xedb0, 0xedb0, 0xedb0, 0xedb1, 0xed90, 0xed90, 
	0xedd2, 0xccee, 0x3143, 0x3123, 0x3123, 0x3123, 0x3144, 0x3123, 0x3123, 0x3123, 0x3123, 0x3144, 0x3123, 0x3123, 0x3123, 0x3123, 
	0x2903, 0x2903, 0x2903, 0x2903, 0x2903, 0x3123, 0x3123, 0x3123, 0x3143, 0x3143, 0x2903, 0x2903, 0x2903, 0x3123, 0xccee, 0xedd2, 
	0xedb0, 0xedb0, 0xedb1, 0xedd1, 0xedd1, 0xedd1, 0xedd1, 0xedb1, 0xedb0, 0xedb0, 0xedb1, 0xedd1, 0x5a47, 0x28c1, 0x2903, 0x2903, 
	0x3124, 0x3144, 0x3123, 0x3123, 0x3123, 0x3144, 0x2903, 0x2903, 0x2903, 0x20e2, 0xac0b, 0xedf2, 0xed90, 0xed90, 0xedb1, 0xedd1, 
	0xedd1, 0xedd1, 0xedd1, 0xedd1, 0xedb0, 0xedb0, 0xedb0, 0xf5f1, 0x836b, 0x28c1, 0x2903, 0x2903, 0x2923, 0x3144, 0x3123, 0x3123, 
	0x3123, 0x3964, 0x2923, 0x2903, 0x2903, 0x20c2, 0x82e7, 0xe5f3, 0xed90, 0xed90, 0xedb0, 0xedd1, 0xedd1, 0xedd1, 0xedd1, 0xedd1, 
	0xedb1, 0xedb0, 0xed90, 0xedd1, 0xa46f, 0x30c0, 0x2903, 0x2903, 0x2903, 0x3164, 0x3123, 0x3123, 0x3123, 0x3144, 0x3123, 0x2903, 
	0x2903, 0x20e3, 0x61e4, 0xddd3, 0xedb0, 0xed90, 0xedb0, 0xedb1, 0xedd1, 0xedd1, 0xedd1, 0xedd1, 0xedb1, 0xedb0, 0xed90, 0xedb1, 
	0xc531, 0x4121, 0x2903, 0x2903, 0x2903, 0x3124, 0x3144, 0x3123, 0x3123, 0x3123, 0x2923, 0x2903, 0x2903, 0x2903, 0x4121, 0xc531, 
	0xedb1, 0xed90, 0xedb0, 0xedb1, 0xedd1, 0xedd1, 0xedd1, 0xedd1, 0xedb1, 0xedb0, 0xed90, 0xedb0, 0xddd3, 0x61e4, 0x20e3, 0x2903, 
	0x2903, 0x2923, 0x3144, 0x3123, 0x3123, 0x3123, 0x3144, 0x2903, 0x2903, 0x2903, 0x30c0, 0xa46f, 0xedd1, 0xed90, 0xedb0, 0xedb1, 
	0xedd1, 0xedd1, 0xedd1, 0xedd1, 0xedd1, 0xedb0, 0xed90, 0xed90, 0xe5f3, 0x82e7, 0x20c2, 0x2903, 0x2903, 0x2923, 0x3964, 0x3123, 
	0x3123, 0x3123, 0x3144, 0x2923, 0x2903, 0x2903, 0x28c1, 0x834b, 0xf5f1, 0xedb0, 0xedb0, 0xedb0, 0xedd1, 0xedd1, 0xedd1, 0xedd1, 
	0xedd1, 0xedb1, 0xed90, 0xed90, 0xedf2, 0xac0b, 0x20e2, 0x2903, 0x2903, 0x2903, 0x3144, 0x3123, 0x3123, 0x3123, 0x3144, 0x3123, 
	0x2903, 0x2903, 0x28e1, 0x5a67, 0xedd1, 0xedb1, 0xedb0, 0xedb0, 0xedb1, 0xedd1, 0xedd1, 0xedd1, 0xedd1, 0xedb1, 0xedb0, 0xedb0, 
	0xedd2, 0xccee, 0x3123, 0x2903, 0x2903, 0x2903, 0x3143, 0x3143, 0x3123, 0x3123, 0x3144, 0x3123, 0x2903, 0x2903, 0x2903, 0x2903, 
	0xb44d, 0xb44d, 0xb46d, 0xb48d, 0x838b, 0x3922, 0x3164, 0x3164, 0x3922, 0x7b4b, 0xbc8d, 0xb46d, 0xb46d, 0xb46d, 0xe570, 0xedb1, 
	0xedb0, 0xedd1, 0xcd31, 0x7286, 0x6aa8, 0x6aa8, 0x6a66, 0xa42d, 0xedd1, 0xedb1, 0xedb1, 0xedb1, 0xbcce, 0xb44d, 0xb46d, 0xb46d, 
	0x9c2e, 0x4963, 0x3144, 0x3164, 0x3123, 0x6288, 0xb48e, 0xb44d, 0xb44d, 0xb44d, 0xdd2f, 0xedb1, 0xedb0, 0xedb1, 0xdd92, 0x82e7, 
	0x6288, 0x6aa8, 0x6a67, 0x8b6a, 0xedb1, 0xedb1, 0xedb1, 0xedb1, 0xcd0f, 0xb44c, 0xb46d, 0xb46d, 0xac8f, 0x5a05, 0x3144, 0x3144, 
	0x3123, 0x49e6, 0xb46d, 0xb46d, 0xb44d, 0xb44d, 0xccee, 0xe5d2, 0xedb0, 0xedb0, 0xe5d3, 0x9b8a, 0x6287, 0x6aa8, 0x6a87, 0x72e9, 
	0xe570, 0xe5b1, 0xedb1, 0xedb1, 0xd550, 0xb44c, 0xb46d, 0xb46d, 0xb48f, 0x72a7, 0x3123, 0x3144, 0x3144, 0x3964, 0xa3ec, 0xb48e, 
	0xb44d, 0xb44d, 0xc4ad, 0xe5b1, 0xedb0, 0xedb0, 0xe5d2, 0xb42c, 0x6267, 0x6aa8, 0x6a88, 0x6a87, 0xccee, 0xedd2, 0xedb1, 0xedb1, 
	0xdd91, 0xbc6c, 0xb44d, 0xb44d, 0xb48e, 0x8b49, 0x3124, 0x3144, 0x3144, 0x3124, 0x8b49, 0xb48e, 0xb44d, 0xb44d, 0xbc6c, 0xdd91, 
	0xedb1, 0xedb1, 0xedd2, 0xccee, 0x6a87, 0x6a88, 0x6aa8, 0x6267, 0xb42c, 0xe5d2, 0xedb0, 0xedb0, 0xe5b1, 0xc4ad, 0xb44d, 0xb44d, 
	0xb48e, 0xa40c, 0x3964, 0x3144, 0x3144, 0x3123, 0x72a7, 0xb48f, 0xb46d, 0xb46d, 0xb44c, 0xd550, 0xedb1, 0xedb1, 0xe5b1, 0xdd70, 
	0x72e9, 0x6a87, 0x6aa8, 0x6287, 0x9b8a, 0xe5f3, 0xedb0, 0xedb0, 0xe5d2, 0xccee, 0xb44d, 0xb44d, 0xb46d, 0xb46d, 0x49e6, 0x3123, 
	0x3144, 0x3144, 0x59e5, 0xac6f, 0xb46d, 0xb46d, 0xb44c, 0xcd0f, 0xedb1, 0xedb1, 0xedb1, 0xedd1, 0x8b6b, 0x6a67, 0x6aa8, 0x6288, 
	0x82e7, 0xdd92, 0xedb1, 0xedb0, 0xedb1, 0xdd2f, 0xb44d, 0xb44d, 0xb44d, 0xb48e, 0x6288, 0x3123, 0x3164, 0x3144, 0x4963, 0x9c2e, 
	0xb46d, 0xb46d, 0xb44c, 0xc4ce, 0xedb1, 0xedb1, 0xedb1, 0xedd1, 0xa42d, 0x6a66, 0x6aa8, 0x6aa8, 0x7286, 0xcd31, 0xedd1, 0xedb0, 
	0xedb1, 0xe570, 0xb46d, 0xb44d, 0xb46d, 0xbc8d, 0x7b2b, 0x3922, 0x3164, 0x3164, 0x3942, 0x8bac, 0xb48d, 0xb46d, 0xb44d, 0xb44d, 
	0xedd1, 0xedd1, 0xf5d1, 0xf5f2, 0xac6f, 0x30e1, 0x2924, 0x2924, 0x30c1, 0x9c0d, 0xfe12, 0xf5d1, 0xedd1, 0xedd1, 0xedb1, 0xedb0, 
	0xed90, 0xedb1, 0xbcf0, 0x38e0, 0x20e3, 0x2903, 0x28a0, 0x7b4b, 0xf5f1, 0xedb0, 0xedb0, 0xedb0, 0xedd1, 0xedd1, 0xf5d1, 0xf5f1, 
	0xcd72, 0x4942, 0x2923, 0x2924, 0x28e1, 0x6ae9, 0xf612, 0xedd1, 0xedd1, 0xedd1, 0xedb1, 0xedb0, 0xed90, 0xedb0, 0xd592, 0x5182, 
	0x20e3, 0x2903, 0x28c1, 0x5a47, 0xedd1, 0xe5b1, 0xedb0, 0xedb0, 0xedd1, 0xedd1, 0xf5d1, 0xf5d1, 0xe5f4, 0x6204, 0x2903, 0x2924, 
	0x3102, 0x5206, 0xedd1, 0xedd1, 0xedd1, 0xedd1, 0xedd1, 0xedb0, 0xed90, 0xed90, 0xe5f3, 0x7265, 0x20c2, 0x2903, 0x28e2, 0x3964, 
	0xdd50, 0xe5b1, 0xedb0, 0xedb0, 0xedb1, 0xedd1, 0xf5d1, 0xf5d1, 0xee34, 0x8b28, 0x28e2, 0x3123, 0x3103, 0x3144, 0xd50f, 0xedf2, 
	0xedd1, 0xedd1, 0xedd1, 0xedb0, 0xed90, 0xed90, 0xedf3, 0x9369, 0x20c2, 0x2903, 0x28e3, 0x20e2, 0xbc8d, 0xe5d2, 0xed90, 0xed90, 
	0xedb0, 0xedd1, 0xf5d1, 0xf5d1, 0xee13, 0xb42b, 0x28e2, 0x3123, 0x3123, 0x28e2, 0xac0b, 0xee13, 0xf5d1, 0xf5d1, 0xedd1, 0xedb0, 
	0xed90, 0xed90, 0xe5d2, 0xbc8d, 0x20e2, 0x28e3, 0x2903, 0x20c2, 0x9369, 0xedf3, 0xed90, 0xed90, 0xedb0, 0xedd1, 0xedd1, 0xedd1, 
	0xedf2, 0xd52f, 0x3144, 0x3103, 0x3123, 0x28e2, 0x8b08, 0xee34, 0xf5d1, 0xf5d1, 0xedd1, 0xedb1, 0xedb0, 0xedb0, 0xe5b1, 0xdd50, 
	0x3964, 0x28e2, 0x2903, 0x20c2, 0x7265, 0xe5f3, 0xed90, 0xed90, 0xedb0, 0xedd1, 0xedd1, 0xedd1, 0xedd1, 0xedd1, 0x5206, 0x3102, 
	0x2924, 0x2903, 0x6204, 0xe5f4, 0xf5d1, 0xf5d1, 0xedd1, 0xedb1, 0xedb0, 0xedb0, 0xe5b1, 0xedd1, 0x5a47, 0x28c1, 0x2903, 0x20e3, 
	0x4962, 0xd592, 0xedb1, 0xed90, 0xedb0, 0xedb1, 0xedd1, 0xedd1, 0xedd1, 0xf612, 0x72e9, 0x30e1, 0x2924, 0x2923, 0x4942, 0xcd72, 
	0xf5f1, 0xf5d1, 0xedd1, 0xedd1, 0xedb0, 0xedb0, 0xedb0, 0xf5f1, 0x7b4b, 0x28a0, 0x2903, 0x20e3, 0x38e0, 0xbcf0, 0xedb1, 0xed90, 
	0xedb0, 0xedb1, 0xedd1, 0xedd1, 0xf5d1, 0xfe12, 0x9c0d, 0x30c1, 0x2924, 0x2924, 0x38e1, 0xac8f, 0xf5f2, 0xf5d1, 0xedd1, 0xedd1, 
	0xedb0, 0xedb0, 0xed90, 0xedd1, 0xa44e, 0x38e1, 0x2924, 0x2924, 0x30e1, 0x93ed, 0xf5d1, 0xed90, 0xedb0, 0xedb0, 0xedb0, 0xedb0, 
	0xed90, 0xedb1, 0xbcf0, 0x3921, 0x2924, 0x2924, 0x30e1, 0x836b, 0xedd1, 0xedb0, 0xedb0, 0xedb0, 0xedb1, 0xedb0, 0xed90, 0xedb1, 
	0xc551, 0x4962, 0x2923, 0x2924, 0x30e1, 0x6ac9, 0xedd1, 0xedb0, 0xedb0, 0xedb0, 0xedb1, 0xedb0, 0xed90, 0xedb1, 0xd593, 0x51a3, 
	0x2923, 0x2924, 0x30e2, 0x5a67, 0xedd1, 0xe5b1, 0xedb0, 0xedb0, 0xedb1, 0xedb0, 0xed90, 0xedb0, 0xddd3, 0x6204, 0x2903, 0x2924, 
	0x3102, 0x4a06, 0xe591, 0xedb1, 0xedb0, 0xedb0, 0xedb1, 0xedb0, 0xed90, 0xed90, 0xe5f3, 0x7a86, 0x2903, 0x3123, 0x3102, 0x4185, 
	0xdd50, 0xe5b1, 0xedb0, 0xedb0, 0xedb1, 0xedb0, 0xed90, 0xed90, 0xe5f3, 0x8b08, 0x28e3, 0x3123, 0x3123, 0x3144, 0xcd0f, 0xedd2, 
	0xedb0, 0xedb0, 0xedb1, 0xedb0, 0xed90, 0xed90, 0xe5f3, 0x9b89, 0x28e2, 0x3123, 0x3123, 0x3123, 0xbc8d, 0xe5d2, 0xed90, 0xed90, 
	0xedb0, 0xedb0, 0xed90, 0xed90, 0xedf2, 0xabeb, 0x2903, 0x3123, 0x3123, 0x28e2, 0xabeb, 0xedf2, 0xed90, 0xed90, 0xedb0, 0xedb0, 
	0xed90, 0xed90, 0xe5d2, 0xbc8d, 0x3123, 0x3123, 0x3123, 0x28e2, 0x9b69, 0xedf3, 0xed90, 0xed90, 0xedb0, 0xedb1, 0xedb0, 0xedb0, 
	0xedd2, 0xcd0f, 0x3144, 0x3123, 0x3123, 0x28e3, 0x8b08, 0xe5f3, 0xed90, 0xed90, 0xedb0, 0xedb1, 0xedb0, 0xedb0, 0xe5b1, 0xdd50, 
	0x4185, 0x3102, 0x3123, 0x2903, 0x7286, 0xe5f3, 0xed90, 0xed90, 0xedb0, 0xedb1, 0xedb0, 0xedb0, 0xedb1, 0xe591, 0x5206, 0x3102, 
	0x2924, 0x2903, 0x6204, 0xddd3, 0xedb0, 0xed90, 0xedb0, 0xedb1, 0xedb0, 0xedb0, 0xe5b1, 0xedd1, 0x5a67, 0x30e2, 0x2924, 0x2923, 
	0x51a3, 0xd592, 0xedb1, 0xed90, 0xedb0, 0xedb1, 0xedb0, 0xedb0, 0xedb0, 0xedd1, 0x6ae9, 0x30e1, 0x2924, 0x2923, 0x4942, 0xc552, 
	0xedb1, 0xed90, 0xedb0, 0xedb1, 0xedb0, 0xedb0, 0xedb0, 0xf5f1, 0x836b, 0x30e1, 0x2924, 0x2924, 0x3921, 0xbcf0, 0xedb1, 0xed90, 
	0xedb0, 0xedb1, 0xedb0, 0xedb0, 0xed90, 0xf5d1, 0x93ed, 0x30e1, 0x2924, 0x2924, 0x38e1, 0xac6f, 0xedd1, 0xed90, 0xedb0, 0xedb0, 
	0xedb1, 0xedb1, 0xedb1, 0xf5d1, 0xa46f, 0x30e1, 0x2924, 0x2924, 0x30c1, 0x93ed, 0xf5f1, 0xedb1, 0xedb1, 0xedb1, 0xedb1, 0xedb1, 
	0xedb0, 0xf5d1, 0xbd11, 0x3921, 0x2924, 0x2924, 0x30e1, 0x836b, 0xf5f2, 0xedb1, 0xedb1, 0xedb1, 0xedb1, 0xedb1, 0xedb0, 0xf5d1, 
	0xcd52, 0x4942, 0x2923, 0x2924, 0x30e1, 0x6ac9, 0xf5f2, 0xedb1, 0xedb1, 0xedb1, 0xedb1, 0xedb1, 0xedb0, 0xedb1, 0xd5b3, 0x51a3, 
	0x2903, 0x2924, 0x30e2, 0x5a67, 0xedd1, 0xedb1, 0xedb1, 0xedb1, 0xedb1, 0xedb1, 0xedb0, 0xedb0, 0xddf3, 0x6204, 0x2903, 0x2924, 
	0x3102, 0x4a06, 0xedb1, 0xedb1, 0xedb1, 0xedb1, 0xedb1, 0xedb1, 0xedb0, 0xedb0, 0xe5f3, 0x7a86, 0x28e3, 0x3123, 0x3102, 0x4185, 
	0xdd70, 0xedd1, 0xedb1, 0xedb1, 0xedb1, 0xedb1, 0xedb1, 0xedb1, 0xee13, 0x8b08, 0x28e2, 0x3123, 0x3103, 0x3144, 0xd50e, 0xedd2, 
	0xedb1, 0xedb1, 0xedb1, 0xedb1, 0xedb1, 0xedb1, 0xedf3, 0x9b89, 0x28e2, 0x3123, 0x3123, 0x2903, 0xc48d, 0xedf2, 0xedb1, 0xedb1, 
	0xedb1, 0xedb1, 0xedb1, 0xedb1, 0xedf3, 0xac0b, 0x28e2, 0x3123, 0x3123, 0x28e2, 0xac0b, 0xedf3, 0xedb1, 0xedb1, 0xedb1, 0xedb1, 
	0xedb1, 0xedb1, 0xedf2, 0xc48d, 0x2903, 0x3123, 0x3123, 0x28e2, 0x9b69, 0xedf3, 0xedb1, 0xedb1, 0xedb1, 0xedb1, 0xedb1, 0xedb1, 
	0xedd2, 0xd50e, 0x3144, 0x3103, 0x3123, 0x28e2, 0x8b07, 0xe613, 0xedb1, 0xedb1, 0xedb1, 0xedb1, 0xedb1, 0xedb1, 0xedd1, 0xdd70, 
	0x4185, 0x3102, 0x3123, 0x28e3, 0x7286, 0xe5f3, 0xedb0, 0xedb0, 0xedb1, 0xedb1, 0xedb1, 0xedb1, 0xedb1, 0xedb1, 0x5206, 0x3102, 
	0x2924, 0x2903, 0x6204, 0xddd3, 0xedb0, 0xedb0, 0xedb1, 0xedb1, 0xedb1, 0xedb1, 0xedb1, 0xedd1, 0x5a68, 0x30e2, 0x2924, 0x2903, 
	0x51a3, 0xd5b3, 0xedb1, 0xedb0, 0xedb1, 0xedb1, 0xedb1, 0xedb1, 0xedb1, 0xf5f2, 0x72e9, 0x30e1, 0x2924, 0x2923, 0x4942, 0xcd52, 
	0xf5d1, 0xedb0, 0xedb1, 0xedb1, 0xedb1, 0xedb1, 0xedb1, 0xf5f2, 0x836b, 0x30e1, 0x2924, 0x2924, 0x3921, 0xbcf1, 0xf5d1, 0xedb0, 
	0xedb1, 0xedb1, 0xedb1, 0xedb1, 0xedb1, 0xf5f1, 0x93ed, 0x30c1, 0x2924, 0x2924, 0x38e1, 0xac6f, 0xf5d1, 0xedb1, 0xedb1, 0xedb1, 
	0xdd50, 0xdd50, 0xdd4f, 0xe590, 0x9c2e, 0x3901, 0x3144, 0x3144, 0x3101, 0x93cc, 0xe591, 0xdd50, 0xdd50, 0xdd50, 0xdd50, 0xdd50, 
	0xdd4f, 0xe570, 0xb4b0, 0x4142, 0x3144, 0x3144, 0x3102, 0x7b4b, 0xe591, 0xdd50, 0xdd50, 0xdd50, 0xdd70, 0xdd50, 0xdd4f, 0xe570, 
	0xbd11, 0x4963, 0x3144, 0x3144, 0x3102, 0x6ac9, 0xe590, 0xdd50, 0xdd50, 0xdd50, 0xdd70, 0xdd50, 0xdd4f, 0xdd70, 0xcd52, 0x51a3, 
	0x2924, 0x3144, 0x3102, 0x5a68, 0xdd70, 0xdd70, 0xdd50, 0xdd50, 0xdd70, 0xdd50, 0xdd4f, 0xdd50, 0xd592, 0x6225, 0x2924, 0x3144, 
	0x3123, 0x5206, 0xd550, 0xdd70, 0xdd50, 0xdd50, 0xdd70, 0xdd70, 0xdd4f, 0xdd50, 0xd592, 0x7286, 0x2923, 0x3144, 0x3123, 0x41a5, 
	0xd52f, 0xdd70, 0xdd50, 0xdd50, 0xdd70, 0xdd70, 0xdd4f, 0xdd4f, 0xddb2, 0x8308, 0x2903, 0x3144, 0x3143, 0x3964, 0xc4ce, 0xdd71, 
	0xdd50, 0xdd50, 0xdd70, 0xdd70, 0xdd50, 0xdd50, 0xdd92, 0x9369, 0x2903, 0x3144, 0x3144, 0x3123, 0xb46d, 0xdd91, 0xdd50, 0xdd50, 
	0xdd50, 0xdd50, 0xdd50, 0xdd50, 0xddb2, 0xa3eb, 0x3123, 0x3144, 0x3144, 0x3123, 0xa3eb, 0xddb2, 0xdd50, 0xdd50, 0xdd50, 0xdd50, 
	0xdd50, 0xdd50, 0xdd91, 0xb46d, 0x3123, 0x3144, 0x3144, 0x2903, 0x9369, 0xdd92, 0xdd50, 0xdd50, 0xdd70, 0xdd70, 0xdd50, 0xdd50, 
	0xdd71, 0xc4ce, 0x3964, 0x3123, 0x3144, 0x2903, 0x82e7, 0xddb2, 0xdd4f, 0xdd4f, 0xdd70, 0xdd70, 0xdd50, 0xdd50, 0xdd70, 0xd52f, 
	0x41a5, 0x3123, 0x3144, 0x2923, 0x7286, 0xd592, 0xdd50, 0xdd4f, 0xdd70, 0xdd70, 0xdd50, 0xdd50, 0xdd70, 0xdd50, 0x5206, 0x3123, 
	0x3144, 0x2924, 0x6205, 0xd572, 0xdd50, 0xdd4f, 0xdd50, 0xdd70, 0xdd50, 0xdd50, 0xdd70, 0xdd70, 0x5a68, 0x3102, 0x3144, 0x2924, 
	0x51c3, 0xc551, 0xdd70, 0xdd4f, 0xdd50, 0xdd70, 0xdd50, 0xdd50, 0xdd50, 0xe591, 0x6ac9, 0x3102, 0x3144, 0x3144, 0x4963, 0xbd11, 
	0xe570, 0xdd4f, 0xdd50, 0xdd70, 0xdd50, 0xdd50, 0xdd50, 0xe591, 0x7b4b, 0x3102, 0x3144, 0x3144, 0x4122, 0xb4b0, 0xe570, 0xdd4f, 
	0xdd50, 0xdd70, 0xdd50, 0xdd50, 0xdd50, 0xe591, 0x93cc, 0x3101, 0x3144, 0x3144, 0x3902, 0xa44e, 0xe590, 0xdd4f, 0xdd50, 0xdd50, 
	0x4185, 0x4185, 0x4185, 0x41a5, 0x3985, 0x3144, 0x3144, 0x3144, 0x3144, 0x3985, 0x4185, 0x4185, 0x4185, 0x41a5, 0x41a5, 0x4185, 
	0x4185, 0x4185, 0x41a5, 0x3964, 0x3144, 0x3144, 0x3144, 0x3985, 0x41a5, 0x4185, 0x4185, 0x41a5, 0x41a5, 0x4185, 0x4185, 0x4185, 
	0x41a5, 0x3964, 0x3144, 0x3144, 0x3144, 0x3985, 0x41a5, 0x4185, 0x4185, 0x41a5, 0x49c6, 0x4185, 0x4185, 0x4185, 0x41a5, 0x3964, 
	0x3144, 0x3144, 0x3144, 0x3985, 0x41a5, 0x4185, 0x4185, 0x4185, 0x49c6, 0x4185, 0x4185, 0x4185, 0x41a5, 0x3984, 0x3144, 0x3144, 
	0x3144, 0x3985, 0x41a5, 0x4185, 0x4185, 0x4185, 0x41c5, 0x4185, 0x4185, 0x4185, 0x41a5, 0x3985, 0x3144, 0x3144, 0x3144, 0x3964, 
	0x41a5, 0x4185, 0x4185, 0x4185, 0x41a5, 0x41a5, 0x4185, 0x4185, 0x41a5, 0x41a5, 0x3144, 0x3144, 0x3144, 0x3964, 0x41a5, 0x4185, 
	0x4185, 0x4185, 0x41a5, 0x41a5, 0x4185, 0x4185, 0x41a5, 0x4185, 0x3144, 0x3144, 0x3144, 0x3144, 0x4185, 0x4185, 0x4185, 0x4185, 
	0x41a5, 0x41a5, 0x4185, 0x4185, 0x4185, 0x4185, 0x3144, 0x3144, 0x3144, 0x3144, 0x3964, 0x41a5, 0x4185, 0x4185, 0x41a5, 0x41a5, 
	0x4185, 0x4185, 0x4185, 0x4185, 0x3144, 0x3144, 0x3144, 0x3144, 0x3985, 0x41a5, 0x4185, 0x4185, 0x41a5, 0x41a5, 0x4185, 0x4185, 
	0x4185, 0x41a5, 0x3964, 0x3144, 0x3144, 0x3144, 0x3985, 0x41a5, 0x4185, 0x4185, 0x41a5, 0x41c5, 0x4185, 0x4185, 0x4185, 0x41a5, 
	0x3964, 0x3144, 0x3144, 0x3144, 0x3985, 0x41a5, 0x4185, 0x4185, 0x4185, 0x41c5, 0x4185, 0x4185, 0x4185, 0x41a5, 0x3985, 0x3144, 
	0x3144, 0x3144, 0x3984, 0x41a5, 0x4185, 0x4185, 0x4185, 0x41c6, 0x4185, 0x4185, 0x4185, 0x41a5, 0x3985, 0x3144, 0x3144, 0x3144, 
	0x3964, 0x41a5, 0x4185, 0x4185, 0x4185, 0x41c5, 0x41a5, 0x4185, 0x4185, 0x41a5, 0x3985, 0x3144, 0x3144, 0x3144, 0x3964, 0x41a5, 
	0x4185, 0x4185, 0x4185, 0x41c5, 0x41a5, 0x4185, 0x4185, 0x41a5, 0x3985, 0x3144, 0x3144, 0x3144, 0x3144, 0x41a5, 0x4185, 0x4185, 
	0x4185, 0x41a5, 0x41a5, 0x4185, 0x4185, 0x4185, 0x3985, 0x3144, 0x3144, 0x3144, 0x3144, 0x41a5, 0x4185, 0x4185, 0x4185, 0x4185, 
	0x2903, 0x2903, 0x2903, 0x2903, 0x3123, 0x3123, 0x3123, 0x3123, 0x3123, 0x3144, 0x2903, 0x2903, 0x2903, 0x3123, 0x3123, 0x2903, 
	0x2903, 0x2903, 0x3144, 0x3144, 0x3123, 0x3123, 0x3123, 0x3144, 0x2903, 0x2903, 0x2903, 0x3123, 0x3124, 0x2903, 0x2903, 0x2903, 
	0x3144, 0x3144, 0x3123, 0x3123, 0x3123, 0x3144, 0x3123, 0x2903, 0x2903, 0x3123, 0x3144, 0x2903, 0x2903, 0x2903, 0x3123, 0x3144, 
	0x3123, 0x3123, 0x3123, 0x3144, 0x3123, 0x2903, 0x2903, 0x3123, 0x3144, 0x2903, 0x2903, 0x2903, 0x3123, 0x3144, 0x3123, 0x3123, 
	0x3123, 0x3144, 0x3143, 0x2923, 0x2903, 0x2903, 0x3144, 0x2923, 0x2903, 0x2903, 0x3123, 0x3144, 0x3123, 0x3123, 0x3123, 0x3144, 
	0x3144, 0x2903, 0x2903, 0x2903, 0x3144, 0x2923, 0x2903, 0x2903, 0x2923, 0x3164, 0x3123, 0x3123, 0x3123, 0x3123, 0x3123, 0x2903, 
	0x2903, 0x2903, 0x3144, 0x2923, 0x2903, 0x2903, 0x2903, 0x3144, 0x3123, 0x3123, 0x3123, 0x3123, 0x3123, 0x2903, 0x2903, 0x2903, 
	0x3123, 0x3123, 0x2903, 0x2903, 0x2903, 0x3123, 0x3123, 0x3123, 0x3123, 0x3123, 0x3123, 0x2903, 0x2903, 0x2903, 0x3123, 0x3123, 
	0x2903, 0x2903, 0x2903, 0x3123, 0x3123, 0x3123, 0x3123, 0x3123, 0x3144, 0x2903, 0x2903, 0x2903, 0x2923, 0x3144, 0x2903, 0x2903, 
	0x2923, 0x3143, 0x3123, 0x3123, 0x3123, 0x3123, 0x3144, 0x2923, 0x2903, 0x2903, 0x2923, 0x3144, 0x2903, 0x2903, 0x2903, 0x3123, 
	0x3144, 0x3123, 0x3123, 0x3123, 0x3964, 0x3123, 0x2903, 0x2903, 0x2923, 0x3144, 0x2903, 0x2903, 0x2923, 0x3143, 0x3144, 0x3123, 
	0x3123, 0x3123, 0x3144, 0x3123, 0x2903, 0x2903, 0x2903, 0x3144, 0x3123, 0x2903, 0x2903, 0x3123, 0x3964, 0x3123, 0x3123, 0x3123, 
	0x3144, 0x3123, 0x2903, 0x2903, 0x2903, 0x3144, 0x3123, 0x2903, 0x2903, 0x3123, 0x3144, 0x3123, 0x3123, 0x3123, 0x3144, 0x3144, 
	0x2903, 0x2903, 0x2903, 0x3144, 0x3123, 0x2903, 0x2903, 0x2903, 0x3144, 0x3123, 0x3123, 0x3123, 0x3144, 0x3144, 0x2903, 0x2903, 
	0x2903, 0x3123, 0x3123, 0x2903, 0x2903, 0x2903, 0x3144, 0x3123, 0x3123, 0x3123, 0x3123, 0x3123, 0x2903, 0x2903, 0x2903, 0x2903, 
	0x3123, 0x3123, 0x3123, 0x3123, 0x3123, 0x3123, 0x3123, 0x3123, 0x3123, 0x3144, 0x3123, 0x3123, 0x3123, 0x3123, 0x3144, 0x3123, 
	0x3123, 0x3123, 0x3144, 0x3144, 0x3123, 0x3123, 0x3123, 0x3144, 0x3123, 0x3123, 0x3123, 0x3123, 0x3144, 0x3123, 0x3123, 0x3123, 
	0x3144, 0x3144, 0x3123, 0x3123, 0x3123, 0x3144, 0x3123, 0x3123, 0x3123, 0x3123, 0x3964, 0x3123, 0x3123, 0x3123, 0x3144, 0x3144, 
	0x3123, 0x3123, 0x3123, 0x3964, 0x3144, 0x3123, 0x3123, 0x3123, 0x3964, 0x3123, 0x3123, 0x3123, 0x3144, 0x3144, 0x3123, 0x3123, 
	0x3123, 0x3964, 0x3144, 0x3123, 0x3123, 0x3123, 0x3964, 0x3123, 0x3123, 0x3123, 0x3123, 0x3964, 0x3123, 0x3123, 0x3123, 0x3144, 
	0x3144, 0x3123, 0x3123, 0x3123, 0x3144, 0x3123, 0x3123, 0x3123, 0x3123, 0x3964, 0x3123, 0x3123, 0x3123, 0x3144, 0x3144, 0x3123, 
	0x3123, 0x3123, 0x3144, 0x3144, 0x3123, 0x3123, 0x3123, 0x3144, 0x3123, 0x3123, 0x3123, 0x3123, 0x3144, 0x3123, 0x3123, 0x3123, 
	0x3144, 0x3144, 0x3123, 0x3123, 0x3123, 0x3144, 0x3123, 0x3123, 0x3123, 0x3123, 0x3123, 0x3123, 0x3123, 0x3123, 0x3144, 0x3144, 
	0x3123, 0x3123, 0x3123, 0x3144, 0x3123, 0x3123, 0x3123, 0x3123, 0x3144, 0x3123, 0x3123, 0x3123, 0x3144, 0x3144, 0x3123, 0x3123, 
	0x3123, 0x3144, 0x3144, 0x3123, 0x3123, 0x3123, 0x3144, 0x3123, 0x3123, 0x3123, 0x3123, 0x3144, 0x3123, 0x3123, 0x3123, 0x3144, 
	0x3144, 0x3123, 0x3123, 0x3123, 0x3964, 0x3123, 0x3123, 0x3123, 0x3123, 0x3964, 0x3123, 0x3123, 0x3123, 0x3144, 0x3964, 0x3123, 
	0x3123, 0x3123, 0x3144, 0x3144, 0x3123, 0x3123, 0x3123, 0x3964, 0x3123, 0x3123, 0x3123, 0x3144, 0x3964, 0x3123, 0x3123, 0x3123, 
	0x3144, 0x3144, 0x3123, 0x3123, 0x3123, 0x3964, 0x3123, 0x3123, 0x3123, 0x3123, 0x3964, 0x3123, 0x3123, 0x3123, 0x3144, 0x3144, 
	0x3123, 0x3123, 0x3123, 0x3964, 0x3144, 0x3123, 0x3123, 0x3123, 0x3144, 0x3123, 0x3123, 0x3123, 0x3144, 0x3144, 0x3123, 0x3123, 
	0x3123, 0x3144, 0x3144, 0x3123, 0x3123, 0x3123, 0x3144, 0x3123, 0x3123, 0x3123, 0x3123, 0x3144, 0x3123, 0x3123, 0x3123, 0x3123, 
	0x2923, 0x2923, 0x2923, 0x2923, 0x2923, 0x2923, 0x3123, 0x3123, 0x3123, 0x3144, 0x2923, 0x2923, 0x2923, 0x2923, 0x2944, 0x2923, 
	0x2923, 0x2923, 0x3144, 0x3144, 0x3123, 0x3123, 0x2923, 0x3144, 0x2923, 0x2923, 0x2923, 0x2923, 0x3144, 0x2923, 0x2923, 0x2923, 
	0x3144, 0x3144, 0x3123, 0x3123, 0x2923, 0x3144, 0x2923, 0x2923, 0x2923, 0x2923, 0x3164, 0x2923, 0x2923, 0x2923, 0x3144, 0x3144, 
	0x3123, 0x3123, 0x2923, 0x3164, 0x2944, 0x2923, 0x2923, 0x2923, 0x3164, 0x2923, 0x2923, 0x2923, 0x3144, 0x3144, 0x3123, 0x3123, 
	0x2923, 0x3164, 0x3144, 0x2923, 0x2923, 0x2923, 0x3144, 0x2923, 0x2923, 0x2923, 0x2923, 0x3164, 0x3123, 0x3123, 0x3123, 0x3144, 
	0x3144, 0x2923, 0x2923, 0x2923, 0x3144, 0x2923, 0x2923, 0x2923, 0x2923, 0x3164, 0x3123, 0x3123, 0x3123, 0x3123, 0x3144, 0x2923, 
	0x2923, 0x2923, 0x3144, 0x2923, 0x2923, 0x2923, 0x2923, 0x3164, 0x3123, 0x3123, 0x3123, 0x3123, 0x2944, 0x2923, 0x2923, 0x2923, 
	0x2944, 0x2923, 0x2923, 0x2923, 0x2923, 0x3144, 0x3123, 0x3123, 0x3123, 0x3123, 0x2923, 0x2923, 0x2923, 0x2923, 0x2944, 0x2944, 
	0x2923, 0x2923, 0x2923, 0x2944, 0x3123, 0x3123, 0x3123, 0x3123, 0x3144, 0x2923, 0x2923, 0x2923, 0x2944, 0x3144, 0x2923, 0x2923, 
	0x2923, 0x3144, 0x3123, 0x3123, 0x3123, 0x3123, 0x3164, 0x2923, 0x2923, 0x2923, 0x2923, 0x3144, 0x2923, 0x2923, 0x2923, 0x3144, 
	0x3144, 0x3123, 0x3123, 0x3123, 0x3164, 0x2923, 0x2923, 0x2923, 0x2923, 0x3144, 0x2923, 0x2923, 0x2923, 0x3144, 0x3164, 0x2923, 
	0x3123, 0x3123, 0x3144, 0x3144, 0x2923, 0x2923, 0x2923, 0x3164, 0x2923, 0x2923, 0x2923, 0x2944, 0x3164, 0x2923, 0x3123, 0x3123, 
	0x3144, 0x3144, 0x2923, 0x2923, 0x2923, 0x3164, 0x2923, 0x2923, 0x2923, 0x2923, 0x3164, 0x2923, 0x3123, 0x3123, 0x3144, 0x3144, 
	0x2923, 0x2923, 0x2923, 0x3164, 0x2923, 0x2923, 0x2923, 0x2923, 0x3144, 0x2923, 0x3123, 0x3123, 0x3143, 0x3144, 0x2923, 0x2923, 
	0x2923, 0x3144, 0x2944, 0x2923, 0x2923, 0x2923, 0x3144, 0x3123, 0x3123, 0x3123, 0x3123, 0x3144, 0x2923, 0x2923, 0x2923, 0x2923, 
	0x5923, 0x5923, 0x5903, 0x5903, 0x4144, 0x4124, 0x3164, 0x3164, 0x4144, 0x4164, 0x5923, 0x5923, 0x5903, 0x5923, 0x5923, 0x5903, 
	0x5903, 0x5903, 0x4965, 0x4144, 0x3164, 0x3164, 0x3944, 0x4185, 0x5923, 0x5923, 0x5903, 0x5923, 0x6144, 0x5903, 0x5903, 0x5903, 
	0x4964, 0x4944, 0x3164, 0x3164, 0x3944, 0x4185, 0x5923, 0x5903, 0x5903, 0x5923, 0x6144, 0x5903, 0x5903, 0x5903, 0x4964, 0x4944, 
	0x3164, 0x3164, 0x3944, 0x4185, 0x5923, 0x5903, 0x5923, 0x5923, 0x6144, 0x5903, 0x5903, 0x5903, 0x5144, 0x5144, 0x3164, 0x3164, 
	0x3944, 0x4185, 0x5944, 0x5923, 0x5923, 0x5903, 0x6144, 0x5923, 0x5903, 0x5903, 0x5144, 0x5144, 0x3164, 0x3164, 0x3944, 0x3985, 
	0x5944, 0x5923, 0x5923, 0x5903, 0x6144, 0x5923, 0x5903, 0x5903, 0x5144, 0x5144, 0x3164, 0x3164, 0x3964, 0x3964, 0x5944, 0x5923, 
	0x5923, 0x5903, 0x6124, 0x5923, 0x5903, 0x5903, 0x5144, 0x5144, 0x3164, 0x3164, 0x3964, 0x3964, 0x5923, 0x5123, 0x5923, 0x5903, 
	0x5923, 0x5923, 0x5903, 0x5923, 0x5124, 0x5924, 0x3164, 0x3164, 0x3164, 0x3164, 0x5123, 0x5123, 0x5923, 0x5903, 0x5923, 0x5923, 
	0x5903, 0x5923, 0x5123, 0x5944, 0x3964, 0x3964, 0x3164, 0x3164, 0x5124, 0x5124, 0x5923, 0x5903, 0x5923, 0x6144, 0x5903, 0x5923, 
	0x5923, 0x5944, 0x3964, 0x3964, 0x3164, 0x3164, 0x5144, 0x5144, 0x5903, 0x5903, 0x5923, 0x6144, 0x5903, 0x5923, 0x5923, 0x5924, 
	0x3985, 0x3944, 0x3164, 0x3164, 0x5144, 0x5144, 0x5903, 0x5903, 0x5923, 0x6144, 0x5903, 0x5923, 0x5923, 0x5944, 0x4185, 0x3944, 
	0x3164, 0x3164, 0x5144, 0x5144, 0x5903, 0x5903, 0x5903, 0x6144, 0x5923, 0x5923, 0x5903, 0x5923, 0x4185, 0x3944, 0x3164, 0x3164, 
	0x4944, 0x4964, 0x5903, 0x5903, 0x5903, 0x6144, 0x5923, 0x5903, 0x5903, 0x5923, 0x4185, 0x3944, 0x3164, 0x3164, 0x4944, 0x4964, 
	0x5903, 0x5903, 0x5903, 0x6144, 0x5923, 0x5903, 0x5923, 0x5923, 0x4185, 0x3944, 0x3164, 0x3164, 0x4144, 0x4965, 0x5903, 0x5903, 
	0x5903, 0x6124, 0x5923, 0x5903, 0x5923, 0x5923, 0x4164, 0x4144, 0x3164, 0x3164, 0x4144, 0x4964, 0x5903, 0x5903, 0x5923, 0x5923, 
	0xb800, 0xb800, 0xc000, 0xc000, 0x68e3, 0x58a1, 0x2944, 0x2944, 0x50a2, 0x6123, 0xc000, 0xc000, 0xb800, 0xb800, 0xc020, 0xb800, 
	0xc000, 0xc000, 0x7103, 0x6081, 0x2944, 0x2944, 0x50c2, 0x5924, 0xc000, 0xc000, 0xb800, 0xb800, 0xc020, 0xb800, 0xc000, 0xc000, 
	0x7903, 0x70a1, 0x2944, 0x2944, 0x48e2, 0x5144, 0xb800, 0xb800, 0xb800, 0xb800, 0xc041, 0xb800, 0xc000, 0xc000, 0x80e3, 0x7881, 
	0x2944, 0x2944, 0x40e2, 0x4944, 0xb820, 0xb800, 0xb800, 0xb800, 0xc041, 0xb800, 0xc000, 0xc000, 0x88c2, 0x8081, 0x2944, 0x2944, 
	0x3903, 0x4944, 0xb820, 0xb020, 0xc000, 0xc000, 0xc040, 0xb800, 0xc000, 0xc000, 0x90a2, 0x8881, 0x2944, 0x2944, 0x3903, 0x4144, 
	0xb040, 0xb020, 0xc000, 0xc000, 0xc040, 0xb800, 0xc000, 0xc000, 0x9882, 0x9081, 0x2943, 0x2944, 0x3123, 0x3944, 0xb040, 0xa820, 
	0xc000, 0xc000, 0xc020, 0xb820, 0xc000, 0xc000, 0x9881, 0x9861, 0x2944, 0x2944, 0x3123, 0x3124, 0xa840, 0xa841, 0xc000, 0xc000, 
	0xb820, 0xb820, 0xc000, 0xc000, 0xa061, 0xa040, 0x3143, 0x3143, 0x3143, 0x3143, 0xa020, 0xa061, 0xc000, 0xc000, 0xb820, 0xb820, 
	0xc000, 0xc000, 0xa841, 0xa840, 0x3124, 0x3123, 0x2944, 0x2944, 0x9840, 0x9881, 0xc000, 0xc000, 0xb820, 0xc020, 0xc000, 0xc000, 
	0xb020, 0xb020, 0x3924, 0x3923, 0x2944, 0x2943, 0x9061, 0x9882, 0xc000, 0xc000, 0xb800, 0xc040, 0xb800, 0xc000, 0xb020, 0xb020, 
	0x4144, 0x3903, 0x2944, 0x2944, 0x8881, 0x90a2, 0xc000, 0xc000, 0xb800, 0xc040, 0xc000, 0xc000, 0xb020, 0xb820, 0x4944, 0x3903, 
	0x2944, 0x2944, 0x8081, 0x88c2, 0xc000, 0xc000, 0xb800, 0xc041, 0xb800, 0xb800, 0xb800, 0xb820, 0x4944, 0x40e2, 0x2944, 0x2944, 
	0x7881, 0x80e3, 0xc000, 0xc000, 0xb800, 0xc041, 0xb800, 0xb800, 0xb800, 0xc000, 0x5144, 0x48e2, 0x2944, 0x2944, 0x6881, 0x7903, 
	0xc000, 0xc000, 0xb800, 0xc041, 0xb800, 0xb800, 0xc000, 0xc000, 0x5924, 0x50c2, 0x2944, 0x2944, 0x6081, 0x7103, 0xc000, 0xc000, 
	0xb800, 0xc020, 0xb800, 0xb800, 0xc000, 0xc000, 0x6123, 0x50a2, 0x2944, 0x2944, 0x58a2, 0x6903, 0xc000, 0xc000, 0xb800, 0xb800, 
	0xb800, 0xb800, 0xb800, 0xb800, 0x60e3, 0x5881, 0x2944, 0x2944, 0x50a1, 0x6103, 0xb800, 0xb800, 0xb800, 0xb800, 0xb800, 0xb800, 
	0xb800, 0xb800, 0x7103, 0x6081, 0x2144, 0x2944, 0x48c2, 0x5923, 0xb800, 0xb800, 0xb800, 0xb800, 0xb820, 0xb000, 0xc000, 0xc000, 
	0x7903, 0x6881, 0x2144, 0x2944, 0x40c2, 0x5123, 0xb800, 0xb800, 0xb800, 0xb800, 0xb841, 0xb000, 0xc000, 0xc000, 0x80c3, 0x7081, 
	0x2944, 0x2944, 0x40e2, 0x4944, 0xb800, 0xb000, 0xb800, 0xb800, 0xb841, 0xb000, 0xc000, 0xc000, 0x80c2, 0x7881, 0x2944, 0x2944, 
	0x3902, 0x4144, 0xb020, 0xb000, 0xb800, 0xb800, 0xb820, 0xb000, 0xb800, 0xb800, 0x88a2, 0x8881, 0x2943, 0x2943, 0x3903, 0x3923, 
	0xb040, 0xb020, 0xb800, 0xb800, 0xb820, 0xb800, 0xb800, 0xb800, 0x9081, 0x9061, 0x2923, 0x2943, 0x3103, 0x3923, 0xa820, 0xa820, 
	0xb800, 0xb800, 0xb820, 0xb800, 0xb800, 0xb800, 0x9861, 0x9861, 0x2923, 0x2923, 0x3123, 0x3123, 0xa020, 0xa040, 0xb800, 0xb800, 
	0xb800, 0xb800, 0xb800, 0xb800, 0xa060, 0x9840, 0x3123, 0x3123, 0x3123, 0x2923, 0x9820, 0xa061, 0xb800, 0xb800, 0xb800, 0xb800, 
	0xb800, 0xb800, 0xa040, 0xa040, 0x3123, 0x3123, 0x2923, 0x2923, 0x9041, 0x9861, 0xb800, 0xb800, 0xb800, 0xb820, 0xb800, 0xb800, 
	0xa820, 0xa820, 0x3923, 0x3103, 0x2943, 0x2923, 0x9061, 0x9081, 0xb800, 0xb800, 0xb800, 0xb820, 0xb800, 0xb800, 0xb020, 0xb020, 
	0x3923, 0x3903, 0x2944, 0x2944, 0x8881, 0x88a2, 0xb800, 0xb800, 0xb000, 0xb820, 0xb800, 0xb800, 0xb000, 0xb020, 0x4144, 0x3902, 
	0x2944, 0x2944, 0x7861, 0x80c2, 0xc000, 0xc000, 0xb000, 0xb841, 0xb800, 0xb800, 0xb000, 0xb800, 0x4944, 0x40e2, 0x2944, 0x2944, 
	0x7081, 0x80e3, 0xc000, 0xc000, 0xb000, 0xb841, 0xb800, 0xb800, 0xb800, 0xb800, 0x5144, 0x40c2, 0x2944, 0x2144, 0x6881, 0x7903, 
	0xc000, 0xc000, 0xb000, 0xb840, 0xb800, 0xb800, 0xb800, 0xb800, 0x5923, 0x48c2, 0x2944, 0x2944, 0x6081, 0x7103, 0xb800, 0xb800, 
	0xb000, 0xb820, 0xb800, 0xb800, 0xb800, 0xb800, 0x6103, 0x50a1, 0x2944, 0x2944, 0x58a1, 0x6903, 0xb800, 0xb800, 0xb800, 0xb800, 
	0xb800, 0xb800, 0xb800, 0xc000, 0x60e3, 0x5881, 0x2944, 0x2944, 0x50a1, 0x6103, 0xb800, 0xb800, 0xb800, 0xb800, 0xb800, 0xb800, 
	0xb800, 0xb800, 0x7103, 0x6081, 0x2944, 0x2944, 0x48c2, 0x5923, 0xb800, 0xb800, 0xb800, 0xb800, 0xb820, 0xb000, 0xb800, 0xb800, 
	0x7903, 0x6881, 0x2144, 0x2944, 0x40c2, 0x5124, 0xb800, 0xb800, 0xb800, 0xb800, 0xb841, 0xb000, 0xc000, 0xc000, 0x80c3, 0x7081, 
	0x2944, 0x2944, 0x40e2, 0x4944, 0xb800, 0xb000, 0xb800, 0xb800, 0xc041, 0xb000, 0xb800, 0xb800, 0x80c2, 0x7881, 0x2944, 0x2944, 
	0x3902, 0x4144, 0xb020, 0xb000, 0xb800, 0xb800, 0xb840, 0xb000, 0xb800, 0xb800, 0x88a2, 0x8881, 0x2943, 0x2943, 0x3903, 0x4144, 
	0xb040, 0xb020, 0xb800, 0xb800, 0xb820, 0xb800, 0xb800, 0xb800, 0x9081, 0x9081, 0x2923, 0x2943, 0x3123, 0x3923, 0xa840, 0xa820, 
	0xb800, 0xb800, 0xb820, 0xb800, 0xb800, 0xb800, 0x9861, 0x9861, 0x2923, 0x2923, 0x3123, 0x3123, 0xa040, 0xa040, 0xb800, 0xb800, 
	0xb820, 0xb800, 0xb800, 0xb800, 0xa060, 0x9840, 0x3123, 0x3123, 0x3123, 0x2923, 0x9820, 0xa061, 0xb800, 0xb800, 0xb800, 0xb820, 
	0xb800, 0xb800, 0xa040, 0xa040, 0x3123, 0x3123, 0x2923, 0x2923, 0x9041, 0x9861, 0xb800, 0xb800, 0xb800, 0xb820, 0xb800, 0xb800, 
	0xa820, 0xa820, 0x3923, 0x3103, 0x2943, 0x2923, 0x9061, 0x9081, 0xb800, 0xb800, 0xb800, 0xb820, 0xb800, 0xb800, 0xb020, 0xb020, 
	0x3923, 0x3903, 0x2944, 0x2944, 0x8881, 0x88a2, 0xb800, 0xb800, 0xb000, 0xb840, 0xb800, 0xb800, 0xb000, 0xb020, 0x4144, 0x3902, 
	0x2944, 0x2944, 0x7881, 0x80c2, 0xb800, 0xb800, 0xb000, 0xb841, 0xb800, 0xb800, 0xb000, 0xb820, 0x4944, 0x40e2, 0x2944, 0x2944, 
	0x7081, 0x80e3, 0xc000, 0xc000, 0xb000, 0xb841, 0xb800, 0xb800, 0xb800, 0xb800, 0x5144, 0x40c2, 0x2944, 0x2144, 0x6881, 0x7903, 
	0xb800, 0xb800, 0xb000, 0xb840, 0xb800, 0xb800, 0xb800, 0xb800, 0x5923, 0x48c2, 0x2944, 0x2944, 0x6081, 0x7103, 0xb800, 0xb800, 
	0xb000, 0xb820, 0xb800, 0xb800, 0xb800, 0xb800, 0x6103, 0x50a1, 0x2944, 0x2944, 0x58a1, 0x6903, 0xb800, 0xb800, 0xb800, 0xb800, 
	0xb800, 0xb800, 0xb800, 0xb800, 0x60e3, 0x58a1, 0x2944, 0x2944, 0x50a2, 0x6103, 0xb800, 0xb800, 0xb800, 0xb800, 0xc000, 0xb800, 
	0xc000, 0xc000, 0x7103, 0x6081, 0x2944, 0x2944, 0x48c2, 0x5923, 0xc000, 0xc000, 0xb800, 0xc000, 0xb820, 0xb800, 0xb800, 0xb800, 
	0x7903, 0x6881, 0x2944, 0x2944, 0x40c2, 0x5124, 0xb800, 0xb800, 0xb800, 0xb800, 0xc041, 0xb800, 0xc000, 0xc000, 0x80e3, 0x7861, 
	0x2144, 0x2944, 0x40e2, 0x4944, 0xb800, 0xb800, 0xc000, 0xc000, 0xc041, 0xb000, 0xb800, 0xb800, 0x80c2, 0x7881, 0x2944, 0x2944, 
	0x3902, 0x4144, 0xb020, 0xb000, 0xb800, 0xb800, 0xc020, 0xb800, 0xc000, 0xc000, 0x90a2, 0x8861, 0x2944, 0x2944, 0x3903, 0x4144, 
	0xb820, 0xb020, 0xc000, 0xc000, 0xb820, 0xb800, 0xb800, 0xb800, 0x90a1, 0x9081, 0x2923, 0x2943, 0x3123, 0x3923, 0xa840, 0xa820, 
	0xb800, 0xb800, 0xb820, 0xb800, 0xc000, 0xc000, 0x9861, 0x9861, 0x2923, 0x2923, 0x3123, 0x3123, 0xa820, 0xa820, 0xc000, 0xc000, 
	0xb820, 0xb800, 0xb800, 0xb800, 0xa061, 0x9841, 0x3123, 0x3123, 0x3123, 0x3123, 0x9820, 0xa061, 0xb800, 0xb800, 0xb800, 0xb820, 
	0xc000, 0xc000, 0xa820, 0xa820, 0x3123, 0x3123, 0x2923, 0x2923, 0x9840, 0x9861, 0xc000, 0xc000, 0xb800, 0xb820, 0xb800, 0xb800, 
	0xa820, 0xa840, 0x3923, 0x3123, 0x2943, 0x2923, 0x9061, 0x9081, 0xb800, 0xb800, 0xb800, 0xb820, 0xc000, 0xc000, 0xb020, 0xb020, 
	0x3923, 0x3903, 0x2944, 0x2944, 0x8861, 0x90a2, 0xc000, 0xc000, 0xb800, 0xc020, 0xb800, 0xb800, 0xb000, 0xb020, 0x4144, 0x3902, 
	0x2944, 0x2944, 0x7881, 0x80c2, 0xb800, 0xb800, 0xb800, 0xc041, 0xc000, 0xc000, 0xb800, 0xb800, 0x4944, 0x40e2, 0x2944, 0x2944, 
	0x7861, 0x80c2, 0xc000, 0xc000, 0xb800, 0xc041, 0xb800, 0xb800, 0xb800, 0xb800, 0x5144, 0x40c2, 0x2944, 0x2944, 0x6881, 0x7903, 
	0xb800, 0xb800, 0xb800, 0xb820, 0xc000, 0xb800, 0xc000, 0xc000, 0x5924, 0x48c2, 0x2944, 0x2944, 0x6081, 0x7103, 0xc000, 0xc000, 
	0xb800, 0xc020, 0xb800, 0xb800, 0xb800, 0xb800, 0x6103, 0x50a2, 0x2944, 0x2944, 0x58a1, 0x6903, 0xb800, 0xb800, 0xb800, 0xb800, 
	0xb840, 0xb840, 0xc020, 0xc020, 0x6924, 0x58c2, 0x2965, 0x2965, 0x50e2, 0x6144, 0xb820, 0xb820, 0xb841, 0xb861, 0x78e3, 0x70c2, 
	0x68e3, 0x68e3, 0x5164, 0x4923, 0x3164, 0x3164, 0x4123, 0x4964, 0x68e3, 0x68e3, 0x68e3, 0x68e3, 0xb081, 0xa861, 0xc020, 0xc020, 
	0x7924, 0x70c2, 0x2964, 0x2984, 0x4903, 0x5164, 0xb841, 0xb840, 0xb840, 0xb841, 0x8103, 0x78a2, 0x68e3, 0x68e3, 0x5944, 0x5123, 
	0x3164, 0x3164, 0x3944, 0x4185, 0x6903, 0x68e3, 0x68e3, 0x68e3, 0xa8a2, 0xa881, 0xc020, 0xc020, 0x8903, 0x80a2, 0x2964, 0x2964, 
	0x4123, 0x4965, 0xb861, 0xb041, 0xb820, 0xb820, 0x8903, 0x80a2, 0x68e3, 0x68e3, 0x5924, 0x5924, 0x3164, 0x3164, 0x3944, 0x3965, 
	0x6903, 0x68e3, 0x68e3, 0x68e2, 0x9882, 0xa0a2, 0xc020, 0xc020, 0x90c2, 0x90a2, 0x3164, 0x3164, 0x3944, 0x3964, 0xa881, 0xa881, 
	0xc020, 0xb820, 0x90e3, 0x88a1, 0x68e3, 0x68e3, 0x5903, 0x6124, 0x3164, 0x3164, 0x3964, 0x3964, 0x6103, 0x6103, 0x68e3, 0x68e2, 
	0x9081, 0x98c2, 0xc020, 0xc020, 0xa0a2, 0xa082, 0x3144, 0x3164, 0x3164, 0x3144, 0x9861, 0xa082, 0xc020, 0xc020, 0x98c2, 0x9081, 
	0x68e2, 0x68e3, 0x6103, 0x6103, 0x3964, 0x3964, 0x3164, 0x3164, 0x6103, 0x6103, 0x68e3, 0x68e3, 0x88a1, 0x90e3, 0xb820, 0xc020, 
	0xa881, 0xa881, 0x3964, 0x3944, 0x3164, 0x3164, 0x90a2, 0x90c2, 0xc020, 0xc020, 0xa0a2, 0x9882, 0x68e2, 0x68e3, 0x68e3, 0x6903, 
	0x3965, 0x3944, 0x3164, 0x3164, 0x5924, 0x5924, 0x68e3, 0x68e3, 0x80a2, 0x8903, 0xb840, 0xb840, 0xb041, 0xb861, 0x4965, 0x4123, 
	0x2964, 0x2964, 0x80a2, 0x8903, 0xc020, 0xc020, 0xa881, 0xa8a2, 0x68e3, 0x68e3, 0x68e3, 0x6903, 0x4185, 0x3944, 0x3164, 0x3164, 
	0x5123, 0x5944, 0x68e3, 0x68e3, 0x78a2, 0x8103, 0xb841, 0xb840, 0xb840, 0xb841, 0x5965, 0x4903, 0x2984, 0x2964, 0x70c2, 0x7924, 
	0xc020, 0xc020, 0xa861, 0xb082, 0x68e3, 0x68e3, 0x68e3, 0x68e3, 0x4964, 0x4123, 0x3164, 0x3164, 0x4923, 0x5164, 0x68e3, 0x68e3, 
	0x70c2, 0x78e3, 0xb861, 0xb041, 0xb820, 0xb820, 0x6144, 0x58e2, 0x2965, 0x2965, 0x58c2, 0x6944, 0xc020, 0xc020, 0xb840, 0xb840, 
	0xb800, 0xb800, 0xb800, 0xb800, 0x60e3, 0x5881, 0x2944, 0x2944, 0x50a1, 0x6103, 0xb800, 0xb800, 0xb000, 0xb020, 0x3923, 0x3903, 
	0x2944, 0x2123, 0x3144, 0x3144, 0x3123, 0x3123, 0x3123, 0x3144, 0x2943, 0x2943, 0x2923, 0x2923, 0xa041, 0xa040, 0xc000, 0xc000, 
	0x7903, 0x6881, 0x2144, 0x2944, 0x40c2, 0x5123, 0xb800, 0xb800, 0xb800, 0xb800, 0x5144, 0x40e2, 0x2144, 0x2144, 0x3144, 0x3144, 
	0x3123, 0x3123, 0x2923, 0x3164, 0x2944, 0x2923, 0x2944, 0x2123, 0x9861, 0x9861, 0xc000, 0xc000, 0x80c2, 0x7881, 0x2944, 0x2944, 
	0x3902, 0x4144, 0xb020, 0xb000, 0xb800, 0xb800, 0x6124, 0x50a2, 0x2144, 0x2144, 0x2923, 0x3164, 0x3123, 0x3123, 0x3123, 0x3144, 
	0x2944, 0x2923, 0x2144, 0x2143, 0x8061, 0x88a2, 0xc000, 0xc000, 0x9081, 0x9061, 0x2923, 0x2943, 0x3103, 0x3923, 0xa820, 0xa820, 
	0xc000, 0xc000, 0x6903, 0x6081, 0x2144, 0x2144, 0x2923, 0x3164, 0x3123, 0x3123, 0x3123, 0x3123, 0x2944, 0x2923, 0x2144, 0x2144, 
	0x7061, 0x78c2, 0xc000, 0xc000, 0xa060, 0x9840, 0x3123, 0x3123, 0x3123, 0x2923, 0x9820, 0xa040, 0xc000, 0xc000, 0x78c2, 0x7061, 
	0x2144, 0x2144, 0x2923, 0x2944, 0x3123, 0x3123, 0x3123, 0x3123, 0x3144, 0x2923, 0x2144, 0x2144, 0x6081, 0x7103, 0xc000, 0xc000, 
	0xa820, 0xa820, 0x3923, 0x3103, 0x2943, 0x2923, 0x9061, 0x9081, 0xc000, 0xc000, 0x88a2, 0x8061, 0x2143, 0x2144, 0x2923, 0x2944, 
	0x3144, 0x3123, 0x3123, 0x3123, 0x3164, 0x2923, 0x2144, 0x2144, 0x50a2, 0x5924, 0xb800, 0xb800, 0xb000, 0xb020, 0x4144, 0x3902, 
	0x2944, 0x2944, 0x7861, 0x80c2, 0xc000, 0xc000, 0x9861, 0x9861, 0x2123, 0x2944, 0x2923, 0x2944, 0x3164, 0x2923, 0x3123, 0x3123, 
	0x3144, 0x3144, 0x2144, 0x2144, 0x40e2, 0x5144, 0xb800, 0xb800, 0xb800, 0xb800, 0x5144, 0x40c2, 0x2944, 0x2144, 0x6881, 0x78e3, 
	0xc000, 0xc000, 0xa040, 0xa041, 0x2923, 0x2923, 0x2943, 0x2943, 0x3144, 0x3123, 0x3123, 0x3123, 0x3144, 0x3144, 0x2944, 0x2944, 
	0x3903, 0x3923, 0xb020, 0xb000, 0xb800, 0xb800, 0x6103, 0x50a1, 0x2944, 0x2944, 0x58a1, 0x6903, 0xb800, 0xb800, 0xb800, 0xb800, 
	0xb800, 0xb800, 0xb800, 0xc000, 0x60e3, 0x58a1, 0x2944, 0x2944, 0x50a1, 0x6103, 0xc000, 0xb800, 0xb000, 0xb020, 0x4123, 0x3902, 
	0x2923, 0x2923, 0x3144, 0x3144, 0x3123, 0x3123, 0x3123, 0x3144, 0x3123, 0x3123, 0x3123, 0x3123, 0xa040, 0xa040, 0xc000, 0xc000, 
	0x7903, 0x6881, 0x2144, 0x2944, 0x40c2, 0x5124, 0xb800, 0xb800, 0xb800, 0xb800, 0x5144, 0x40c2, 0x2923, 0x2923, 0x3144, 0x3144, 
	0x3123, 0x3123, 0x3123, 0x3964, 0x3144, 0x3123, 0x2923, 0x2923, 0x9861, 0x9861, 0xc000, 0xc000, 0x80c2, 0x7881, 0x2944, 0x2944, 
	0x3902, 0x4144, 0xb020, 0xb000, 0xb800, 0xb800, 0x6124, 0x50a2, 0x2923, 0x2923, 0x3123, 0x3964, 0x3123, 0x3123, 0x3123, 0x3144, 
	0x3144, 0x3123, 0x2943, 0x2923, 0x8061, 0x88a2, 0xc000, 0xc000, 0x9081, 0x9081, 0x2923, 0x2943, 0x3123, 0x3923, 0xa840, 0xa820, 
	0xc000, 0xc000, 0x7103, 0x6081, 0x2943, 0x2943, 0x3123, 0x3964, 0x3123, 0x3123, 0x3123, 0x3123, 0x3144, 0x3123, 0x2943, 0x2923, 
	0x7061, 0x80c2, 0xc000, 0xc000, 0xa060, 0x9840, 0x3123, 0x3123, 0x3123, 0x2923, 0x9820, 0xa061, 0xc000, 0xc000, 0x80c2, 0x7061, 
	0x2923, 0x2943, 0x3123, 0x3144, 0x3123, 0x3123, 0x3123, 0x3123, 0x3144, 0x3123, 0x2943, 0x2943, 0x6081, 0x7103, 0xc000, 0xc000, 
	0xa820, 0xa820, 0x3923, 0x3103, 0x2943, 0x2923, 0x9061, 0x9081, 0xc000, 0xc000, 0x88a2, 0x8061, 0x2923, 0x2943, 0x3123, 0x3144, 
	0x3144, 0x3123, 0x3123, 0x3123, 0x3964, 0x3123, 0x2923, 0x2923, 0x50a2, 0x6124, 0xb800, 0xb800, 0xb000, 0xb020, 0x4144, 0x3902, 
	0x2944, 0x2944, 0x7881, 0x80c2, 0xc000, 0xc000, 0x9861, 0x9861, 0x2923, 0x2923, 0x3123, 0x3144, 0x3964, 0x3123, 0x3123, 0x3123, 
	0x3144, 0x3144, 0x2923, 0x2923, 0x40c2, 0x5144, 0xb800, 0xb800, 0xb800, 0xb800, 0x5144, 0x40c2, 0x2944, 0x2144, 0x6881, 0x7903, 
	0xc000, 0xc000, 0xa040, 0xa061, 0x3123, 0x3123, 0x3123, 0x3123, 0x3144, 0x3123, 0x3123, 0x3123, 0x3144, 0x3144, 0x2943, 0x2943, 
	0x3902, 0x4123, 0xb020, 0xb000, 0xb800, 0xc000, 0x6103, 0x50a1, 0x2944, 0x2944, 0x58a1, 0x6903, 0xb800, 0xb800, 0xb800, 0xb800, 
	0xb800, 0xb800, 0xb800, 0xb800, 0x60e3, 0x5881, 0x2144, 0x2144, 0x50a1, 0x6103, 0xc000, 0xc000, 0xb000, 0xb000, 0x4123, 0x38e2, 
	0x2923, 0x2923, 0x3144, 0x3144, 0x3123, 0x3123, 0x3123, 0x3144, 0x3123, 0x3123, 0x3123, 0x3123, 0xa040, 0xa040, 0xc000, 0xc000, 
	0x7903, 0x6881, 0x2143, 0x2144, 0x40c2, 0x5123, 0xb800, 0xb800, 0xb800, 0xb800, 0x5144, 0x40c2, 0x2923, 0x2923, 0x3144, 0x3144, 
	0x3123, 0x3123, 0x3123, 0x3144, 0x3123, 0x3123, 0x2923, 0x2923, 0x9861, 0x9861, 0xc000, 0xc000, 0x88c2, 0x7861, 0x2123, 0x2944, 
	0x38e3, 0x4124, 0xb020, 0xb000, 0xc000, 0xc000, 0x6123, 0x50a1, 0x2923, 0x2923, 0x3123, 0x3964, 0x3123, 0x3123, 0x3123, 0x3144, 
	0x3144, 0x3123, 0x2923, 0x2923, 0x8861, 0x88a2, 0xc000, 0xc000, 0x9081, 0x9061, 0x2923, 0x2924, 0x3103, 0x3123, 0xa820, 0xa820, 
	0xc000, 0xc000, 0x7103, 0x6081, 0x2923, 0x2923, 0x3123, 0x3144, 0x3123, 0x3123, 0x3123, 0x3123, 0x3144, 0x3123, 0x2923, 0x2923, 
	0x7061, 0x80c2, 0xc000, 0xc000, 0xa060, 0x9840, 0x2923, 0x2923, 0x2923, 0x2923, 0x9820, 0xa040, 0xc000, 0xc000, 0x80c2, 0x7061, 
	0x2923, 0x2923, 0x3123, 0x3144, 0x3123, 0x3123, 0x3123, 0x3123, 0x3144, 0x3123, 0x2923, 0x2923, 0x6081, 0x7103, 0xc000, 0xc000, 
	0xa820, 0xa820, 0x3123, 0x3103, 0x2924, 0x2923, 0x8861, 0x9081, 0xc000, 0xc000, 0x88a2, 0x8861, 0x2923, 0x2923, 0x3123, 0x3144, 
	0x3144, 0x3123, 0x3123, 0x3123, 0x3964, 0x3123, 0x2923, 0x2923, 0x50a2, 0x6123, 0xb800, 0xb800, 0xb000, 0xb020, 0x4124, 0x38e3, 
	0x2944, 0x2123, 0x7861, 0x88c2, 0xc000, 0xc000, 0x9861, 0x9861, 0x2923, 0x2923, 0x3123, 0x3123, 0x3964, 0x3123, 0x3123, 0x3123, 
	0x3144, 0x3144, 0x2923, 0x2923, 0x40c2, 0x5144, 0xb800, 0xb800, 0xb800, 0xb800, 0x5124, 0x40c2, 0x2144, 0x2143, 0x6881, 0x78e3, 
	0xc000, 0xc000, 0xa040, 0xa841, 0x3123, 0x3123, 0x3123, 0x3123, 0x3144, 0x3123, 0x3123, 0x3123, 0x3144, 0x3144, 0x2923, 0x2923, 
	0x38e2, 0x4123, 0xb000, 0xb000, 0xc000, 0xc000, 0x6103, 0x50a1, 0x2144, 0x2144, 0x5881, 0x6903, 0xb800, 0xb800, 0xb800, 0xb800, 
	0xb820, 0xb820, 0xb800, 0xb820, 0x6903, 0x58c2, 0x2964, 0x2964, 0x50c2, 0x6144, 0xb820, 0xb800, 0xb040, 0xb040, 0x4144, 0x4123, 
	0x3144, 0x3144, 0x3964, 0x3164, 0x3144, 0x3144, 0x3144, 0x3964, 0x3144, 0x3144, 0x3144, 0x3144, 0xa061, 0xa061, 0xc000, 0xc000, 
	0x7903, 0x70a2, 0x2964, 0x2964, 0x48e3, 0x5144, 0xb820, 0xb820, 0xb820, 0xb820, 0x5164, 0x48e3, 0x3144, 0x3144, 0x3164, 0x3164, 
	0x3144, 0x3144, 0x3144, 0x3964, 0x3164, 0x3144, 0x3144, 0x3144, 0x98a2, 0x98a2, 0xc000, 0xc000, 0x88e3, 0x80a2, 0x2964, 0x2964, 
	0x4123, 0x4964, 0xb041, 0xb040, 0xb800, 0xb820, 0x6144, 0x50e2, 0x3164, 0x3164, 0x3164, 0x3984, 0x3144, 0x3144, 0x3144, 0x3964, 
	0x3964, 0x3144, 0x3164, 0x2944, 0x8881, 0x88c2, 0xc000, 0xc000, 0x90a2, 0x9082, 0x2944, 0x3164, 0x3924, 0x3944, 0xa861, 0xa841, 
	0xc000, 0xc000, 0x7124, 0x60c2, 0x2964, 0x2964, 0x3144, 0x3984, 0x3144, 0x3144, 0x3144, 0x3144, 0x3164, 0x3144, 0x2964, 0x2964, 
	0x7081, 0x80e3, 0xc000, 0xc000, 0xa081, 0x9861, 0x3144, 0x3144, 0x3144, 0x3144, 0x9840, 0xa081, 0xc000, 0xc000, 0x80e3, 0x7081, 
	0x2964, 0x2964, 0x3144, 0x3164, 0x3144, 0x3144, 0x3144, 0x3144, 0x3164, 0x3144, 0x3164, 0x3164, 0x60c2, 0x7124, 0xb800, 0xb800, 
	0xa841, 0xa861, 0x3944, 0x3924, 0x3164, 0x2944, 0x9082, 0x90a2, 0xc000, 0xc000, 0x88c2, 0x88a1, 0x2944, 0x3164, 0x3144, 0x3164, 
	0x3164, 0x3144, 0x3144, 0x3144, 0x3985, 0x3164, 0x3164, 0x3164, 0x50e2, 0x6144, 0xb820, 0xb800, 0xb040, 0xb041, 0x4964, 0x4123, 
	0x2964, 0x2964, 0x80a2, 0x88e3, 0xc000, 0xc000, 0x98a2, 0x9882, 0x3144, 0x3144, 0x3144, 0x3164, 0x3985, 0x3144, 0x3144, 0x3144, 
	0x3164, 0x3164, 0x3144, 0x3144, 0x48e3, 0x5164, 0xb820, 0xb820, 0xb820, 0xb820, 0x5964, 0x48e3, 0x2964, 0x2964, 0x68a2, 0x7903, 
	0xc000, 0xc000, 0xa061, 0xa881, 0x3144, 0x3144, 0x3144, 0x3144, 0x3964, 0x3144, 0x3144, 0x3144, 0x3164, 0x3964, 0x3144, 0x3144, 
	0x4103, 0x4144, 0xb040, 0xb040, 0xb800, 0xb800, 0x6124, 0x50c2, 0x2964, 0x2964, 0x58c2, 0x6923, 0xb820, 0xb800, 0xb820, 0xb820, 
	0x4944, 0x4944, 0x4944, 0x4103, 0x81e3, 0xd46d, 0xe42a, 0xe42a, 0xd46d, 0x9265, 0x4103, 0x4944, 0x4944, 0x4944, 0x536d, 0x5bce, 
	0x53cf, 0x53cf, 0x5b4c, 0x29a5, 0x3944, 0x3944, 0x2964, 0x4a89, 0x53ef, 0x53ce, 0x53ce, 0x53ef, 0x51e6, 0x3944, 0x4924, 0x4124, 
	0x6982, 0xc42d, 0xe42a, 0xe42a, 0xdc4c, 0xb328, 0x4123, 0x4944, 0x4944, 0x4923, 0x4b2c, 0x63ce, 0x53cf, 0x53cf, 0x638d, 0x31e7, 
	0x3144, 0x3944, 0x2944, 0x4207, 0x53ef, 0x53ce, 0x53ce, 0x53ef, 0x6289, 0x3944, 0x4924, 0x4924, 0x5921, 0xb3cc, 0xe44a, 0xe42a, 
	0xdc4b, 0xcbc9, 0x5164, 0x4923, 0x4944, 0x4923, 0x428a, 0x63ae, 0x53cf, 0x53cf, 0x63ce, 0x3a68, 0x3144, 0x3944, 0x3164, 0x39a5, 
	0x53ae, 0x5bce, 0x53cf, 0x53ef, 0x62eb, 0x3165, 0x4924, 0x4944, 0x5101, 0x9b2a, 0xe44a, 0xe42a, 0xdc2b, 0xdc2a, 0x59c5, 0x4923, 
	0x4944, 0x4923, 0x3a07, 0x6b8d, 0x53cf, 0x53cf, 0x63ce, 0x42ea, 0x3144, 0x3964, 0x3164, 0x3164, 0x4b4c, 0x5bce, 0x53cf, 0x53cf, 
	0x6b4c, 0x31a5, 0x4924, 0x4944, 0x4902, 0x7a67, 0xe44b, 0xdc2a, 0xdc2a, 0xe44b, 0x7a47, 0x4902, 0x4944, 0x4924, 0x31a5, 0x6b4c, 
	0x53cf, 0x53cf, 0x5bce, 0x4b4c, 0x3164, 0x3164, 0x3964, 0x3144, 0x42ca, 0x63ce, 0x53cf, 0x53cf, 0x6b8d, 0x3a07, 0x4923, 0x4944, 
	0x4923, 0x59c5, 0xdc2a, 0xdc2b, 0xe42a, 0xe44a, 0x9b2a, 0x5101, 0x4944, 0x4924, 0x3165, 0x62eb, 0x53ef, 0x53cf, 0x5bce, 0x53ae, 
	0x39a5, 0x3164, 0x3944, 0x3144, 0x3a69, 0x63ce, 0x53cf, 0x53cf, 0x63ae, 0x428a, 0x4923, 0x4944, 0x4923, 0x5164, 0xcbc9, 0xdc4b, 
	0xe42a, 0xe42a, 0xb3cc, 0x5921, 0x4924, 0x4924, 0x3944, 0x5a69, 0x53ef, 0x53ce, 0x53ce, 0x53ef, 0x4207, 0x2944, 0x3944, 0x3144, 
	0x31e7, 0x638d, 0x53cf, 0x53cf, 0x63ce, 0x4b2c, 0x4923, 0x4944, 0x4924, 0x4123, 0xb328, 0xdc4c, 0xe42a, 0xe42a, 0xc44d, 0x6982, 
	0x4124, 0x4924, 0x3944, 0x51e7, 0x53ef, 0x53ce, 0x53ce, 0x53ef, 0x4a89, 0x2964, 0x3944, 0x3944, 0x2985, 0x5b4c, 0x53cf, 0x53cf, 
	0x5bce, 0x536d, 0x4944, 0x4944, 0x4944, 0x4103, 0x9265, 0xd46d, 0xe42a, 0xe42a, 0xd46d, 0x8204, 0x4103, 0x4944, 0x4944, 0x4944, 
	0x2923, 0x2923, 0x2924, 0x2103, 0x81e2, 0xed0f, 0xfc8a, 0xfc8a, 0xf50f, 0x9a64, 0x20e3, 0x2924, 0x2923, 0x2944, 0x53ce, 0x5c30, 
	0x5450, 0x5451, 0x636d, 0x2165, 0x3103, 0x3103, 0x2123, 0x4a89, 0x5c71, 0x5430, 0x5c30, 0x5c50, 0x39e7, 0x2123, 0x2924, 0x2923, 
	0x6141, 0xd4ef, 0xfc8a, 0xfc8a, 0xf50d, 0xc367, 0x2903, 0x2923, 0x2923, 0x2903, 0x436d, 0x6430, 0x5450, 0x5450, 0x6bef, 0x21c6, 
	0x3103, 0x3123, 0x2123, 0x4207, 0x5c50, 0x5c30, 0x5430, 0x5c71, 0x4aa9, 0x2124, 0x2924, 0x2923, 0x48e0, 0xbc4d, 0xfcab, 0xfc8a, 
	0xfccc, 0xe42a, 0x3144, 0x3123, 0x2923, 0x2903, 0x32aa, 0x6430, 0x5450, 0x5450, 0x6c2f, 0x3269, 0x3103, 0x3123, 0x2923, 0x3985, 
	0x540f, 0x5c30, 0x5430, 0x5451, 0x5b4c, 0x1944, 0x2924, 0x2924, 0x38c0, 0x9b8b, 0xfccb, 0xfc8a, 0xfcac, 0xfc8b, 0x49c5, 0x30e2, 
	0x2923, 0x2903, 0x2a07, 0x6c0f, 0x5450, 0x5450, 0x6430, 0x3b0b, 0x2903, 0x3123, 0x2923, 0x2923, 0x4b8d, 0x5c30, 0x5450, 0x5450, 
	0x63ad, 0x2185, 0x2923, 0x2923, 0x30c1, 0x6a88, 0xfccc, 0xfcab, 0xfcab, 0xfccc, 0x6a87, 0x30c1, 0x2923, 0x2923, 0x2185, 0x63ae, 
	0x5450, 0x5450, 0x5c30, 0x4b8d, 0x2923, 0x2923, 0x3123, 0x2903, 0x3aeb, 0x6430, 0x5450, 0x5450, 0x6c0f, 0x2a07, 0x2903, 0x2923, 
	0x30e2, 0x49c5, 0xfc8b, 0xfcac, 0xfc8a, 0xfccb, 0x938b, 0x38c0, 0x2924, 0x2924, 0x1944, 0x5b4c, 0x5451, 0x5430, 0x5c30, 0x540f, 
	0x3164, 0x2923, 0x3123, 0x3103, 0x3269, 0x6c2f, 0x5450, 0x5450, 0x6430, 0x32aa, 0x2903, 0x2923, 0x3123, 0x3143, 0xe42a, 0xfccc, 
	0xfc8a, 0xfcab, 0xbc4d, 0x48e0, 0x2923, 0x2924, 0x2124, 0x4aa9, 0x5c71, 0x5430, 0x5c30, 0x5c50, 0x4207, 0x2123, 0x3123, 0x3103, 
	0x21c6, 0x6bef, 0x5450, 0x5450, 0x6430, 0x434d, 0x2903, 0x2923, 0x2923, 0x2903, 0xc367, 0xf50e, 0xfc8a, 0xfc8a, 0xdcef, 0x6161, 
	0x2923, 0x2924, 0x2123, 0x41e7, 0x5c50, 0x5c30, 0x5430, 0x5c71, 0x4a89, 0x2123, 0x3103, 0x3103, 0x2165, 0x636d, 0x5451, 0x5450, 
	0x5c30, 0x53cf, 0x2944, 0x2923, 0x2924, 0x20e3, 0x9a64, 0xf50f, 0xfc8a, 0xfc8a, 0xed0f, 0x81e2, 0x2103, 0x2924, 0x2923, 0x2923, 
	0x3123, 0x3123, 0x2924, 0x2903, 0x81e2, 0xe4ee, 0xfc8a, 0xfc8a, 0xecee, 0x9a64, 0x2903, 0x3123, 0x2923, 0x3144, 0x53ce, 0x5c30, 
	0x5430, 0x5450, 0x636d, 0x2165, 0x3103, 0x3123, 0x2123, 0x4a89, 0x5c50, 0x5430, 0x5430, 0x5c30, 0x4207, 0x2923, 0x2924, 0x2923, 
	0x6141, 0xd4cf, 0xfc8a, 0xfc8a, 0xf4ed, 0xc367, 0x2903, 0x3123, 0x3123, 0x2903, 0x434c, 0x6430, 0x5430, 0x5430, 0x63ce, 0x21c6, 
	0x3103, 0x3123, 0x2923, 0x4207, 0x5c30, 0x5430, 0x5430, 0x5c50, 0x5289, 0x2123, 0x3123, 0x2923, 0x48e0, 0xbc4d, 0xfcab, 0xfc8a, 
	0xf4cc, 0xe42a, 0x3943, 0x3123, 0x3123, 0x2903, 0x3aaa, 0x6410, 0x5430, 0x5430, 0x6c0f, 0x3269, 0x3103, 0x3123, 0x2923, 0x3985, 
	0x540f, 0x5c30, 0x5430, 0x5450, 0x5b2c, 0x2144, 0x3123, 0x3123, 0x40c0, 0x9b8b, 0xfcab, 0xfc8a, 0xfcab, 0xf48b, 0x49c5, 0x3102, 
	0x3123, 0x2903, 0x2a07, 0x6bef, 0x5430, 0x5430, 0x6430, 0x3aeb, 0x2903, 0x3123, 0x3123, 0x2923, 0x4b8d, 0x6430, 0x5430, 0x5430, 
	0x638d, 0x2185, 0x3123, 0x3123, 0x38c1, 0x7288, 0xfccc, 0xfc8b, 0xfc8b, 0xfccc, 0x6a87, 0x38c1, 0x3123, 0x3123, 0x2185, 0x638d, 
	0x5430, 0x5430, 0x6430, 0x4b8d, 0x2923, 0x3123, 0x3123, 0x2903, 0x3aeb, 0x6430, 0x5430, 0x5430, 0x6bef, 0x2a07, 0x2903, 0x3123, 
	0x3102, 0x49c5, 0xf48b, 0xfcab, 0xfc8a, 0xfcab, 0x936b, 0x40c0, 0x3123, 0x3123, 0x2144, 0x5b2c, 0x5450, 0x5430, 0x5c30, 0x53ef, 
	0x3985, 0x2923, 0x3123, 0x3103, 0x3269, 0x6c0f, 0x5430, 0x5430, 0x6410, 0x3aaa, 0x2903, 0x3123, 0x3123, 0x3943, 0xe42a, 0xf4cc, 
	0xfc8a, 0xfcab, 0xbc4d, 0x50e0, 0x2923, 0x3123, 0x2123, 0x5289, 0x5c50, 0x5430, 0x5430, 0x5c30, 0x4207, 0x2923, 0x3123, 0x3103, 
	0x21c6, 0x63ce, 0x5430, 0x5430, 0x6430, 0x434c, 0x2903, 0x3123, 0x3123, 0x2903, 0xc367, 0xf4ed, 0xfc8a, 0xfc8a, 0xd4ce, 0x6941, 
	0x2923, 0x2924, 0x2923, 0x4207, 0x5c50, 0x5430, 0x5430, 0x5c50, 0x5289, 0x2123, 0x3123, 0x3103, 0x2165, 0x636d, 0x5450, 0x5430, 
	0x5c30, 0x53ce, 0x3144, 0x2923, 0x3123, 0x2903, 0x9a64, 0xecee, 0xfc8a, 0xfc8a, 0xe4ef, 0x81e3, 0x2903, 0x2924, 0x3123, 0x3123, 
	0x2903, 0x2903, 0x2903, 0x20e3, 0x81c2, 0xe4ee, 0xfc6a, 0xfc6a, 0xecee, 0x9a44, 0x20e2, 0x2903, 0x2903, 0x2923, 0x53ce, 0x5c30, 
	0x5450, 0x5451, 0x638d, 0x2164, 0x3102, 0x3102, 0x2103, 0x4a89, 0x5c71, 0x5450, 0x5c30, 0x5c51, 0x39e6, 0x2103, 0x2903, 0x20e3, 
	0x6120, 0xd4ae, 0xfc6a, 0xfc6a, 0xf4cd, 0xc347, 0x20e2, 0x2903, 0x2903, 0x2903, 0x434d, 0x6430, 0x5451, 0x5451, 0x6bef, 0x21c6, 
	0x30e2, 0x3103, 0x2103, 0x41e6, 0x5c51, 0x5c30, 0x5450, 0x5c71, 0x4aa9, 0x1903, 0x2903, 0x2903, 0x48c0, 0xb42d, 0xfc8a, 0xfc6a, 
	0xf4ac, 0xe409, 0x3123, 0x28e2, 0x2903, 0x28e2, 0x32aa, 0x6430, 0x5451, 0x5451, 0x6c30, 0x3248, 0x30e2, 0x3103, 0x2903, 0x3164, 
	0x5c10, 0x5c30, 0x5450, 0x5471, 0x5b2c, 0x1924, 0x2903, 0x2903, 0x38a0, 0x936b, 0xfcab, 0xfc6a, 0xfc8b, 0xf46b, 0x49a5, 0x28e2, 
	0x2903, 0x28e3, 0x2207, 0x6c0f, 0x5450, 0x5450, 0x6430, 0x3aeb, 0x28e2, 0x3103, 0x2903, 0x2903, 0x4b8d, 0x6450, 0x5450, 0x5451, 
	0x63ae, 0x1965, 0x2903, 0x2903, 0x30c0, 0x6a87, 0xfcab, 0xfc6a, 0xfc6a, 0xfcab, 0x6a67, 0x30c0, 0x2903, 0x2903, 0x1965, 0x63ae, 
	0x5451, 0x5450, 0x6450, 0x4b8d, 0x2903, 0x2903, 0x3103, 0x28e2, 0x3aeb, 0x6430, 0x5450, 0x5450, 0x6c0f, 0x2207, 0x28e3, 0x2903, 
	0x28e2, 0x49a5, 0xf46b, 0xfc8b, 0xfc6a, 0xfcab, 0x936b, 0x38a0, 0x2903, 0x2903, 0x1924, 0x5b2c, 0x5471, 0x5450, 0x5c30, 0x5410, 
	0x3164, 0x2903, 0x3103, 0x30e2, 0x3268, 0x6c30, 0x5451, 0x5451, 0x6430, 0x32aa, 0x28e2, 0x2903, 0x28e3, 0x3123, 0xe40a, 0xf4ac, 
	0xfc6a, 0xfc8a, 0xb42d, 0x48c0, 0x2903, 0x2903, 0x1903, 0x4a89, 0x5c71, 0x5450, 0x5c30, 0x5c51, 0x41e6, 0x2103, 0x3103, 0x30e2, 
	0x21c6, 0x6bef, 0x5451, 0x5451, 0x6430, 0x434d, 0x2903, 0x2903, 0x2903, 0x20e2, 0xc347, 0xf4cd, 0xfc6a, 0xfc6a, 0xd4ae, 0x6140, 
	0x20e3, 0x2903, 0x2103, 0x39e7, 0x5c51, 0x5c30, 0x5450, 0x5c71, 0x4a89, 0x2103, 0x3102, 0x3102, 0x2164, 0x638d, 0x5451, 0x5450, 
	0x5c30, 0x53cf, 0x2923, 0x2903, 0x2903, 0x20e2, 0x9a44, 0xecee, 0xfc6a, 0xfc6a, 0xe4ee, 0x81c2, 0x20e3, 0x2903, 0x2903, 0x2903, 
	0x59e5, 0x59e5, 0x59e5, 0x51c5, 0x9aa5, 0xf550, 0xfd0d, 0xfd0d, 0xf570, 0xab27, 0x51c5, 0x59e5, 0x59e5, 0x5a06, 0x536d, 0x5bad, 
	0x4bae, 0x53ce, 0x5b2c, 0x3207, 0x39c6, 0x39c6, 0x31c6, 0x4aaa, 0x53ce, 0x53ae, 0x53ae, 0x53ae, 0x5a67, 0x51e6, 0x59e5, 0x51e5, 
	0x8224, 0xe530, 0xfd0d, 0xfd0d, 0xfd4f, 0xcbea, 0x51c5, 0x59e5, 0x59e5, 0x59e5, 0x534c, 0x5b8d, 0x4bae, 0x4bae, 0x5b6d, 0x3a48, 
	0x39c6, 0x39c6, 0x31e6, 0x4268, 0x53ae, 0x53ae, 0x53ae, 0x53ce, 0x62c9, 0x4a06, 0x59e5, 0x59e5, 0x69c3, 0xccae, 0xfd2d, 0xfd0d, 
	0xfd2e, 0xe4ac, 0x6206, 0x59e5, 0x59e5, 0x59c5, 0x4aea, 0x638d, 0x4bae, 0x4bae, 0x5b8d, 0x3aa9, 0x39c6, 0x39e6, 0x39c6, 0x4207, 
	0x53ae, 0x53ae, 0x4bae, 0x53ce, 0x6b0a, 0x4a27, 0x59e5, 0x59e5, 0x61a3, 0xac0c, 0xfd2e, 0xfd0d, 0xfd2e, 0xfd0d, 0x7267, 0x59c4, 
	0x59e5, 0x59e5, 0x4a89, 0x636c, 0x4bae, 0x4bae, 0x5bae, 0x430b, 0x39c6, 0x39e6, 0x39c6, 0x39c6, 0x4b4c, 0x53ae, 0x4bae, 0x4bae, 
	0x6b4b, 0x4a47, 0x59e5, 0x59e5, 0x59a3, 0x8b29, 0xfd2e, 0xfd0d, 0xfd0d, 0xfd2e, 0x8b29, 0x59a3, 0x59e5, 0x59e5, 0x4a47, 0x6b4b, 
	0x4bae, 0x4bae, 0x53ae, 0x4b4c, 0x39c6, 0x39c6, 0x39e6, 0x39c6, 0x42eb, 0x5bae, 0x4bae, 0x4bae, 0x636c, 0x4a89, 0x59e5, 0x59e5, 
	0x59c4, 0x7267, 0xfd0d, 0xfd2e, 0xfd0d, 0xfd2e, 0xac0c, 0x61a3, 0x59e5, 0x59e5, 0x4a27, 0x6b0a, 0x53ce, 0x4bae, 0x53ae, 0x538d, 
	0x4207, 0x39c6, 0x39e6, 0x39c6, 0x3aa9, 0x5b8d, 0x4bae, 0x4bae, 0x638d, 0x4aea, 0x59c5, 0x59e5, 0x59e5, 0x6206, 0xe4ac, 0xfd2e, 
	0xfd0d, 0xfd2d, 0xccae, 0x69c3, 0x59e5, 0x59e5, 0x4a06, 0x62c9, 0x53ce, 0x53ae, 0x53ae, 0x53ae, 0x4a69, 0x31c6, 0x39c6, 0x39c6, 
	0x3a48, 0x5b6d, 0x4bae, 0x4bae, 0x5b8d, 0x534c, 0x59e5, 0x59e5, 0x59e5, 0x51c5, 0xcc0a, 0xf54f, 0xfd0d, 0xfd0d, 0xe530, 0x8224, 
	0x51e5, 0x59e5, 0x51e6, 0x6268, 0x53ae, 0x53ae, 0x53ae, 0x53ce, 0x52aa, 0x31c6, 0x39c6, 0x39c6, 0x3207, 0x5b2c, 0x53ce, 0x4bae, 
	0x5b8d, 0x536d, 0x5a06, 0x59e5, 0x59e5, 0x51c5, 0xab27, 0xf570, 0xfd0d, 0xfd0d, 0xed70, 0x9ac6, 0x51c5, 0x59e5, 0x59e5, 0x59e5, 
	0xfc8b, 0xfc8b, 0xfc8b, 0xfc8b, 0xed8f, 0xfed5, 0xff36, 0xff36, 0xfef5, 0xedd1, 0xfc8a, 0xfc8b, 0xfcab, 0xf48b, 0x51c5, 0x3102, 
	0x3123, 0x3123, 0x2a07, 0x6c0f, 0x5450, 0x5430, 0x6430, 0x430b, 0x3123, 0x3123, 0x3123, 0x3123, 0xd3c9, 0xf4ed, 0xfc8a, 0xfc8a, 
	0xe52e, 0xfeb4, 0xff36, 0xff16, 0xff15, 0xf653, 0xfc8b, 0xfc8b, 0xfc8b, 0xfccc, 0x72a8, 0x38e1, 0x3124, 0x3123, 0x21a5, 0x63ae, 
	0x5450, 0x5430, 0x6430, 0x4bae, 0x3143, 0x3143, 0x3124, 0x2903, 0xb2e6, 0xf50e, 0xfc8a, 0xfc8a, 0xe4ed, 0xfe52, 0xff36, 0xff16, 
	0xff16, 0xfed5, 0xfcab, 0xfcab, 0xfc8b, 0xfccb, 0x9b8b, 0x40c0, 0x3124, 0x3124, 0x2164, 0x5b4c, 0x5451, 0x5430, 0x5c30, 0x540f, 
	0x3985, 0x2923, 0x3144, 0x2903, 0x8a03, 0xed0f, 0xfc8a, 0xfc8a, 0xeccc, 0xfdf0, 0xff36, 0xff16, 0xff16, 0xff15, 0xfcec, 0xf4ab, 
	0xfc8a, 0xfcab, 0xbc4d, 0x50e0, 0x2923, 0x3144, 0x2124, 0x52a9, 0x5c51, 0x5430, 0x5c30, 0x5c30, 0x41e6, 0x2923, 0x3144, 0x2923, 
	0x6961, 0xd4ce, 0xfcab, 0xfc8a, 0xecac, 0xfd6e, 0xff36, 0xff16, 0xff16, 0xff36, 0xfd4e, 0xf4ac, 0xfc8a, 0xfcab, 0xd4ce, 0x6961, 
	0x2923, 0x3144, 0x2923, 0x41e6, 0x5c30, 0x5c30, 0x5430, 0x5c51, 0x4a89, 0x2124, 0x3144, 0x3144, 0x50e0, 0xbc4d, 0xfcab, 0xfc8a, 
	0xf4ab, 0xfcec, 0xff15, 0xff16, 0xff16, 0xff36, 0xfdf0, 0xeccc, 0xfc8a, 0xfc8a, 0xed0f, 0x8a03, 0x2903, 0x3144, 0x2923, 0x3985, 
	0x540f, 0x5c30, 0x5430, 0x5451, 0x5b4c, 0x2164, 0x3124, 0x3124, 0x40c0, 0x936b, 0xfccb, 0xfc8b, 0xfcab, 0xfcab, 0xfeb4, 0xff16, 
	0xff16, 0xff36, 0xfe52, 0xe4ed, 0xfc8a, 0xfc8a, 0xf4ee, 0xb2e6, 0x2903, 0x3124, 0x3143, 0x3143, 0x53ae, 0x6430, 0x5430, 0x5450, 
	0x63ae, 0x21a5, 0x3123, 0x3124, 0x38e1, 0x72a8, 0xfccc, 0xfc8b, 0xfc8b, 0xfc8b, 0xf653, 0xff15, 0xff16, 0xff36, 0xfeb4, 0xe52e, 
	0xfc8a, 0xfc8a, 0xf4ed, 0xd3c9, 0x3123, 0x3123, 0x3123, 0x3123, 0x430b, 0x6430, 0x5430, 0x5450, 0x6c0f, 0x2a07, 0x3123, 0x3123, 
	0x3102, 0x51e5, 0xfcab, 0xfcab, 0xfc8b, 0xfc8a, 0xedd1, 0xfef5, 0xff36, 0xff36, 0xfed5, 0xed8f, 0xfc8b, 0xfc8b, 0xfc8b, 0xfc8b, 
	0xfc8b, 0xfc8b, 0xfc8b, 0xfc6a, 0xed8f, 0xfed5, 0xff36, 0xff36, 0xfef5, 0xedd0, 0xfc6a, 0xfc8b, 0xfcab, 0xfc8b, 0x51c5, 0x30e2, 
	0x3123, 0x3103, 0x2a07, 0x6c0f, 0x5430, 0x5430, 0x6430, 0x3b0b, 0x2903, 0x3123, 0x3123, 0x3103, 0xd3a8, 0xf4cd, 0xfc8a, 0xfc6a, 
	0xe52e, 0xfeb4, 0xff36, 0xff16, 0xff15, 0xf653, 0xfc8b, 0xfc8b, 0xfc8b, 0xfccc, 0x72a8, 0x38c1, 0x3123, 0x3123, 0x2185, 0x63ae, 
	0x5450, 0x5430, 0x6430, 0x4b8e, 0x2923, 0x2923, 0x2923, 0x28e3, 0xb2e6, 0xf4ee, 0xfc8a, 0xfc8a, 0xe4ec, 0xfe52, 0xff36, 0xff16, 
	0xff16, 0xfed5, 0xfcab, 0xfc8b, 0xfc8a, 0xfccb, 0x936b, 0x40c0, 0x2923, 0x2923, 0x2144, 0x5b2c, 0x5450, 0x5430, 0x5c30, 0x540f, 
	0x3164, 0x2923, 0x2923, 0x2903, 0x8a03, 0xecef, 0xfc8a, 0xfc8a, 0xecac, 0xfdf0, 0xff36, 0xff16, 0xff16, 0xff15, 0xfcec, 0xf4ab, 
	0xfc8a, 0xfcab, 0xbc4d, 0x48e0, 0x2923, 0x2923, 0x2123, 0x5289, 0x5c50, 0x5430, 0x5430, 0x5c30, 0x41e6, 0x2123, 0x2924, 0x2903, 
	0x6941, 0xd4ce, 0xfc8a, 0xfc8a, 0xecab, 0xfd4e, 0xff36, 0xff16, 0xff16, 0xff36, 0xfd4e, 0xecab, 0xfc8a, 0xfc8a, 0xd4ce, 0x6941, 
	0x2903, 0x2924, 0x2123, 0x39e6, 0x5c30, 0x5430, 0x5430, 0x5c50, 0x4a89, 0x2123, 0x2923, 0x2923, 0x48e0, 0xbc2d, 0xfcab, 0xfc8a, 
	0xf4ab, 0xfcec, 0xff15, 0xff16, 0xff16, 0xff36, 0xfdf0, 0xecac, 0xfc8a, 0xfc8a, 0xecef, 0x8a03, 0x2903, 0x2923, 0x2923, 0x3164, 
	0x53ef, 0x5c30, 0x5430, 0x5450, 0x5b2c, 0x2144, 0x2923, 0x2923, 0x40c0, 0x936a, 0xfccb, 0xfc8a, 0xfc8b, 0xfcab, 0xfeb4, 0xff15, 
	0xff16, 0xff36, 0xfe52, 0xe4ec, 0xfc8a, 0xfc8a, 0xf4ee, 0xb2e6, 0x28e3, 0x2923, 0x2923, 0x2923, 0x4b8e, 0x6430, 0x5430, 0x5430, 
	0x63ae, 0x2185, 0x3123, 0x3123, 0x38c1, 0x7288, 0xfccc, 0xfc8b, 0xfc8b, 0xfc8b, 0xf653, 0xff15, 0xff16, 0xff36, 0xfeb4, 0xe52e, 
	0xfc6a, 0xfc8a, 0xf4cd, 0xd3a9, 0x3103, 0x3123, 0x3123, 0x2903, 0x3aeb, 0x6430, 0x5430, 0x5450, 0x6bef, 0x2a07, 0x3103, 0x3123, 
	0x30e2, 0x51c5, 0xfc8b, 0xfcab, 0xfc8b, 0xfc6a, 0xedd0, 0xfef5, 0xff36, 0xff36, 0xfed5, 0xed8f, 0xfc6a, 0xfc8b, 0xfc8b, 0xfc8b, 
	0xfc8b, 0xfc8b, 0xfc8b, 0xfc6a, 0xed8f, 0xfed5, 0xff16, 0xff16, 0xfef5, 0xedd0, 0xfc6a, 0xfc8b, 0xfcab, 0xf48b, 0x51c5, 0x30e2, 
	0x3123, 0x2903, 0x2a07, 0x6bef, 0x5430, 0x5430, 0x6430, 0x3b0b, 0x2903, 0x3123, 0x3123, 0x3103, 0xd3a8, 0xf4cd, 0xfc8a, 0xfc8a, 
	0xe52e, 0xfeb4, 0xff36, 0xff16, 0xfef5, 0xf653, 0xfc8b, 0xfc8b, 0xfc8b, 0xfccc, 0x72a8, 0x38c1, 0x3123, 0x3123, 0x2185, 0x63ad, 
	0x5430, 0x5430, 0x5c30, 0x4b8e, 0x3123, 0x3123, 0x3123, 0x2903, 0xb2e6, 0xf4ee, 0xfc8a, 0xfc8a, 0xe4ed, 0xfe52, 0xff36, 0xff16, 
	0xff15, 0xfeb4, 0xfcab, 0xfc8b, 0xfc8b, 0xfcab, 0x936b, 0x40c0, 0x3123, 0x3123, 0x2144, 0x5b2c, 0x5450, 0x5430, 0x5c30, 0x540f, 
	0x3985, 0x2923, 0x2924, 0x2903, 0x8a03, 0xe4ef, 0xfc8a, 0xfc8a, 0xecac, 0xfdd0, 0xff36, 0xff16, 0xff15, 0xff15, 0xfcec, 0xf48b, 
	0xfc8a, 0xfcab, 0xbc2d, 0x50e0, 0x2923, 0x3123, 0x2123, 0x5289, 0x5c50, 0x5430, 0x5430, 0x5c30, 0x41e6, 0x2923, 0x2924, 0x2923, 
	0x6941, 0xd4ce, 0xfc8a, 0xfc8a, 0xec8b, 0xfd4e, 0xff16, 0xff16, 0xff16, 0xff16, 0xfd4e, 0xec8b, 0xfc8a, 0xfc8a, 0xd4ce, 0x6941, 
	0x2923, 0x2924, 0x2923, 0x39e6, 0x5c30, 0x5430, 0x5430, 0x5c50, 0x4a89, 0x2123, 0x3123, 0x2923, 0x48e0, 0xbc4d, 0xfcab, 0xfc8a, 
	0xf4ab, 0xfcec, 0xff15, 0xff15, 0xff16, 0xff36, 0xfdd0, 0xecac, 0xfc8a, 0xfc8a, 0xe4ef, 0x8a03, 0x2903, 0x2924, 0x2923, 0x3164, 
	0x53ef, 0x5c30, 0x5430, 0x5450, 0x5b2c, 0x2144, 0x3123, 0x3123, 0x40c0, 0x936a, 0xfcab, 0xfc8b, 0xfc8b, 0xfcab, 0xfeb4, 0xff15, 
	0xff16, 0xff36, 0xfe52, 0xe4ed, 0xfc8a, 0xfc8a, 0xf4ee, 0xb2e6, 0x2903, 0x3123, 0x3123, 0x3123, 0x4b8e, 0x5c30, 0x5430, 0x5430, 
	0x63ae, 0x2185, 0x3123, 0x3123, 0x38c1, 0x7288, 0xfccc, 0xfc8b, 0xfc8b, 0xfc8b, 0xf653, 0xfef5, 0xff16, 0xff36, 0xfeb4, 0xe52e, 
	0xfc8a, 0xfc8a, 0xf4cd, 0xd3a9, 0x3103, 0x3123, 0x3123, 0x2903, 0x3b0b, 0x6430, 0x5430, 0x5430, 0x6bef, 0x2a07, 0x2903, 0x3123, 
	0x3102, 0x51c5, 0xf48b, 0xfcab, 0xfc8b, 0xfc6a, 0xedd0, 0xfef5, 0xff16, 0xff16, 0xfed5, 0xed8f, 0xfc6a, 0xfc8b, 0xfc8b, 0xfc8b, 
	0xfc6a, 0xfc6a, 0xfc6a, 0xfc4a, 0xed6f, 0xfed5, 0xff36, 0xff36, 0xfef5, 0xedd0, 0xfc4a, 0xfc6a, 0xfc8b, 0xf46a, 0x41a5, 0x28c1, 
	0x2903, 0x20e2, 0x21e7, 0x6c10, 0x5451, 0x5451, 0x6450, 0x3aeb, 0x20e2, 0x2903, 0x2903, 0x20e2, 0xcb88, 0xf4ac, 0xfc4a, 0xfc4a, 
	0xe50d, 0xfeb4, 0xff36, 0xff16, 0xff15, 0xf653, 0xfc6a, 0xfc6a, 0xfc6a, 0xfcab, 0x6a88, 0x30a0, 0x20e3, 0x20e3, 0x1965, 0x63ce, 
	0x5471, 0x5451, 0x6450, 0x4bae, 0x2103, 0x2103, 0x2103, 0x18c2, 0xaac5, 0xecee, 0xfc4a, 0xfc4a, 0xe4cc, 0xfe52, 0xff36, 0xff16, 
	0xff15, 0xfeb4, 0xfc8b, 0xfc6a, 0xfc6a, 0xfc8b, 0x934a, 0x3880, 0x20e3, 0x20e3, 0x1103, 0x5b2c, 0x5c71, 0x5451, 0x5c51, 0x5430, 
	0x2944, 0x2103, 0x2103, 0x20c3, 0x81e2, 0xe4ee, 0xfc6a, 0xfc6a, 0xe48b, 0xfdd0, 0xff36, 0xff16, 0xff15, 0xff15, 0xfccc, 0xf48b, 
	0xfc6a, 0xfc8a, 0xb42d, 0x48a0, 0x2103, 0x2103, 0x1903, 0x4a89, 0x5c71, 0x5451, 0x5c51, 0x5c51, 0x39c6, 0x18e3, 0x2103, 0x20e3, 
	0x6120, 0xd4ae, 0xfc6a, 0xfc6a, 0xec8b, 0xfd4e, 0xff36, 0xff16, 0xff16, 0xff36, 0xfd4e, 0xec6b, 0xfc6a, 0xfc6a, 0xd4ae, 0x6120, 
	0x20e3, 0x2103, 0x18e3, 0x39c6, 0x5c51, 0x5c50, 0x5451, 0x5c71, 0x4a89, 0x1903, 0x2103, 0x2103, 0x48a0, 0xb42d, 0xfc8a, 0xfc6a, 
	0xf48b, 0xfccc, 0xff15, 0xff15, 0xff16, 0xff36, 0xfdd0, 0xe48b, 0xfc6a, 0xfc6a, 0xe4ee, 0x81e2, 0x20c3, 0x2103, 0x2103, 0x2944, 
	0x5410, 0x5c51, 0x5451, 0x5c71, 0x5b4c, 0x1924, 0x20e3, 0x20e3, 0x3880, 0x934a, 0xfcab, 0xfc6a, 0xfc6a, 0xfc8b, 0xfeb4, 0xff15, 
	0xff16, 0xff36, 0xfe52, 0xe4cc, 0xfc4a, 0xfc4a, 0xecce, 0xaac5, 0x20c2, 0x20e3, 0x2103, 0x2103, 0x4bae, 0x6450, 0x5451, 0x5471, 
	0x63ce, 0x1965, 0x20e3, 0x20e3, 0x30a0, 0x6a68, 0xfcab, 0xfc6a, 0xfc6a, 0xfc6a, 0xf653, 0xff15, 0xff16, 0xff36, 0xfeb4, 0xe50d, 
	0xfc4a, 0xfc4a, 0xf4ac, 0xd388, 0x20e2, 0x2903, 0x2903, 0x20e2, 0x3aeb, 0x6450, 0x5451, 0x5451, 0x6c10, 0x21e7, 0x20e2, 0x2903, 
	0x28c1, 0x41a5, 0xf46b, 0xfc8b, 0xfc6a, 0xfc4a, 0xedd0, 0xfef5, 0xff36, 0xff36, 0xfed5, 0xed6f, 0xfc4a, 0xfc6a, 0xfc6a, 0xfc6a, 
	0xfdd0, 0xfdd0, 0xfdd0, 0xfdd0, 0xf653, 0xfef5, 0xff36, 0xff16, 0xff15, 0xf673, 0xfdb0, 0xfdd0, 0xfdd0, 0xfdb0, 0xa369, 0x92c7, 
	0x92e7, 0x92e7, 0x732b, 0x62a8, 0x42eb, 0x42eb, 0x52a9, 0x632b, 0x92e8, 0x92e7, 0x92e7, 0x92c7, 0xe50e, 0xfdf1, 0xfdd0, 0xfdd0, 
	0xf612, 0xfed5, 0xff36, 0xff16, 0xff16, 0xfeb4, 0xfdb0, 0xfdd0, 0xfdd0, 0xfdf1, 0xbc0b, 0x92c6, 0x92e7, 0x92e7, 0x7b2a, 0x6ac8, 
	0x42eb, 0x42eb, 0x52ca, 0x5b0b, 0x92e8, 0x92e8, 0x92e7, 0x8ac7, 0xcc6c, 0xfdf2, 0xfdd0, 0xfdd0, 0xf5f1, 0xfeb4, 0xff36, 0xff16, 
	0xff16, 0xfef5, 0xfdd0, 0xfdd0, 0xfdd0, 0xfdf1, 0xccae, 0x92c6, 0x92e7, 0x92e7, 0x832a, 0x72c8, 0x42eb, 0x42eb, 0x4aca, 0x52eb, 
	0x8b08, 0x8ae8, 0x92e7, 0x8ac7, 0xbbc9, 0xfdf2, 0xfdd0, 0xfdd0, 0xf5d1, 0xfe73, 0xff36, 0xff16, 0xff16, 0xff16, 0xfdf1, 0xfdd0, 
	0xfdd0, 0xfdf0, 0xe550, 0x9ae6, 0x92e7, 0x92e7, 0x8309, 0x7ae8, 0x42eb, 0x4aeb, 0x4aea, 0x4aea, 0x8ae8, 0x8b08, 0x92e7, 0x92c7, 
	0xa347, 0xf5b1, 0xfdd0, 0xfdd0, 0xf5d1, 0xfe32, 0xff36, 0xff16, 0xff16, 0xff36, 0xfe32, 0xf5d1, 0xfdd0, 0xfdd0, 0xf5b1, 0xa347, 
	0x92c7, 0x92e7, 0x8b08, 0x8ae8, 0x4aea, 0x4aea, 0x4aeb, 0x42ea, 0x7ac8, 0x8309, 0x92e7, 0x92e7, 0x92e6, 0xe550, 0xfdf0, 0xfdd0, 
	0xfdd0, 0xfdf1, 0xff16, 0xff16, 0xff16, 0xff36, 0xfe73, 0xf5d1, 0xfdd0, 0xfdd0, 0xfdf2, 0xbbc9, 0x8ac7, 0x92e7, 0x8ae8, 0x92e8, 
	0x52eb, 0x4aca, 0x42eb, 0x42eb, 0x72c8, 0x832a, 0x92e7, 0x92e7, 0x92c6, 0xccae, 0xfdf1, 0xfdd0, 0xfdd0, 0xfdd0, 0xfef5, 0xff16, 
	0xff16, 0xff36, 0xfeb4, 0xf5f1, 0xfdd0, 0xfdd0, 0xfdf1, 0xcc6c, 0x8ac7, 0x92e7, 0x92e8, 0x92e8, 0x5b0b, 0x52ca, 0x42eb, 0x42eb, 
	0x6ac8, 0x7b2a, 0x92e7, 0x92e7, 0x92c6, 0xbc0b, 0xfdf1, 0xfdd0, 0xfdd0, 0xfdb0, 0xfeb4, 0xff16, 0xff16, 0xff36, 0xfed5, 0xf612, 
	0xfdd0, 0xfdd0, 0xfdf1, 0xe50e, 0x92e7, 0x92e7, 0x92e7, 0x92e8, 0x632b, 0x52a9, 0x42eb, 0x42eb, 0x62a8, 0x732b, 0x92e7, 0x92e7, 
	0x92c7, 0xa369, 0xfdd0, 0xfdd1, 0xfdd0, 0xfdb0, 0xf673, 0xff15, 0xff16, 0xff36, 0xfef5, 0xf653, 0xfdb0, 0xfdd0, 0xfdd0, 0xfdd0, 
	0xff36, 0xff36, 0xff36, 0xff36, 0xff36, 0xff16, 0xff16, 0xff16, 0xff16, 0xff36, 0xff36, 0xff36, 0xff36, 0xff16, 0xfd0d, 0xfccb, 
	0xfcab, 0xfccb, 0xc44e, 0x48c0, 0x2903, 0x2903, 0x38a0, 0x82e9, 0xfcec, 0xfcab, 0xfcab, 0xfcab, 0xfeb4, 0xff36, 0xff36, 0xff36, 
	0xff36, 0xff16, 0xff16, 0xff16, 0xff16, 0xff16, 0xff36, 0xff36, 0xff36, 0xff57, 0xfd8f, 0xf4cc, 0xfcab, 0xfcab, 0xdcef, 0x6920, 
	0x2903, 0x2903, 0x30c1, 0x6226, 0xfcec, 0xfccb, 0xfcab, 0xfcab, 0xf632, 0xff15, 0xff36, 0xff36, 0xff36, 0xff16, 0xff16, 0xff16, 
	0xff16, 0xff16, 0xff36, 0xff36, 0xff36, 0xff57, 0xfe11, 0xf4ec, 0xfcab, 0xfcab, 0xf52f, 0x8a03, 0x20e2, 0x2903, 0x30e2, 0x4164, 
	0xf48b, 0xfccc, 0xfcab, 0xfc8b, 0xedb0, 0xfef5, 0xff36, 0xff36, 0xff36, 0xff36, 0xff16, 0xff16, 0xff16, 0xff16, 0xff36, 0xff36, 
	0xff36, 0xff57, 0xfe73, 0xed0d, 0xfcab, 0xfcab, 0xfd2f, 0xb2e5, 0x20c2, 0x2903, 0x3103, 0x28e2, 0xdbc9, 0xfd0d, 0xfcab, 0xfcab, 
	0xed4e, 0xfeb4, 0xff36, 0xff36, 0xff36, 0xff36, 0xff16, 0xff16, 0xff16, 0xff16, 0xff36, 0xff36, 0xff36, 0xff36, 0xfeb4, 0xed4e, 
	0xfcab, 0xfcab, 0xfd0d, 0xdbc8, 0x28e2, 0x3103, 0x2903, 0x20c2, 0xb2c5, 0xfd2f, 0xfcab, 0xfcab, 0xed0d, 0xfe72, 0xff57, 0xff36, 
	0xff36, 0xff36, 0xff16, 0xff16, 0xff16, 0xff16, 0xff16, 0xff36, 0xff36, 0xff36, 0xfef5, 0xedd0, 0xfc8b, 0xfcab, 0xfccc, 0xf48b, 
	0x4164, 0x30e2, 0x2903, 0x20e2, 0x8a03, 0xf52f, 0xfcab, 0xfcab, 0xf4ec, 0xfdf0, 0xff57, 0xff36, 0xff36, 0xff36, 0xff16, 0xff16, 
	0xff16, 0xff16, 0xff16, 0xff36, 0xff36, 0xff36, 0xff15, 0xf652, 0xfcab, 0xfcab, 0xfccb, 0xfcec, 0x6226, 0x30c1, 0x2903, 0x2903, 
	0x6120, 0xdcef, 0xfcab, 0xfcab, 0xf4cc, 0xfd8e, 0xff57, 0xff36, 0xff36, 0xff36, 0xff16, 0xff16, 0xff16, 0xff16, 0xff16, 0xff36, 
	0xff36, 0xff36, 0xff36, 0xfeb4, 0xfccb, 0xfccb, 0xfcab, 0xfcec, 0x8309, 0x38a0, 0x2903, 0x2903, 0x48c0, 0xc44e, 0xfccb, 0xfcab, 
	0xfccc, 0xfd0d, 0xff16, 0xff36, 0xff36, 0xff36, 0xff36, 0xff16, 0xff16, 0xff16, 0xff16, 0xff36, 0xff36, 0xff36, 0xff36, 0xff36, 
	0xff16, 0xff16, 0xff16, 0xff16, 0xff16, 0xff16, 0xff16, 0xff16, 0xff16, 0xff16, 0xff16, 0xff16, 0xff15, 0xff15, 0xfcec, 0xf4ab, 
	0xfc8a, 0xfcab, 0xbc4d, 0x50e0, 0x2924, 0x2924, 0x38c0, 0x8309, 0xfccb, 0xfc8b, 0xfc8b, 0xfc8b, 0xfe93, 0xff15, 0xff16, 0xff16, 
	0xff16, 0xff16, 0xff16, 0xff16, 0xff16, 0xff16, 0xff16, 0xff16, 0xff16, 0xff36, 0xfd6e, 0xecab, 0xfc8a, 0xfc8a, 0xd4ce, 0x6961, 
	0x2924, 0x2924, 0x30e1, 0x5a26, 0xfcab, 0xfc8b, 0xfc8b, 0xfc6a, 0xf612, 0xfef5, 0xff16, 0xff16, 0xff16, 0xff16, 0xff16, 0xff16, 
	0xff16, 0xff16, 0xff16, 0xff16, 0xff16, 0xff36, 0xfdf0, 0xecac, 0xfc8a, 0xfc8a, 0xe4ef, 0x8a03, 0x2903, 0x2924, 0x3102, 0x4184, 
	0xec6a, 0xf4ac, 0xfc8b, 0xfc6a, 0xed8f, 0xfed5, 0xff16, 0xff16, 0xff16, 0xff16, 0xff16, 0xff16, 0xff16, 0xff16, 0xff16, 0xff16, 
	0xff16, 0xff36, 0xfe52, 0xe4ec, 0xfc8a, 0xfc8a, 0xf4ee, 0xaae6, 0x2903, 0x2923, 0x3123, 0x3103, 0xd3a8, 0xf4cd, 0xfc8a, 0xfc8a, 
	0xe52e, 0xfeb4, 0xff36, 0xff16, 0xff16, 0xff16, 0xff16, 0xff16, 0xff16, 0xff16, 0xff16, 0xff16, 0xff16, 0xff36, 0xfeb4, 0xe52e, 
	0xfc8a, 0xfc8a, 0xf4cd, 0xd3a8, 0x3103, 0x3123, 0x2923, 0x2903, 0xaac5, 0xf4ee, 0xfc8a, 0xfc8a, 0xe4ec, 0xfe52, 0xff36, 0xff16, 
	0xff16, 0xff16, 0xff16, 0xff16, 0xff16, 0xff16, 0xff16, 0xff16, 0xff16, 0xff16, 0xfed5, 0xed8f, 0xfc6a, 0xfc8b, 0xfcac, 0xec6a, 
	0x4184, 0x3102, 0x2924, 0x2903, 0x8a03, 0xe4ef, 0xfc8a, 0xfc8a, 0xecac, 0xfdd0, 0xff36, 0xff16, 0xff16, 0xff16, 0xff16, 0xff16, 
	0xff16, 0xff16, 0xff16, 0xff16, 0xff16, 0xff16, 0xfef5, 0xf612, 0xfc6a, 0xfc8b, 0xfc8b, 0xfcac, 0x6226, 0x30e1, 0x2924, 0x2924, 
	0x6941, 0xd4ce, 0xfc8a, 0xfc8a, 0xec8b, 0xfd4e, 0xff16, 0xff16, 0xff16, 0xff16, 0xff16, 0xff16, 0xff16, 0xff16, 0xff16, 0xff16, 
	0xff16, 0xff16, 0xff15, 0xfe94, 0xfc8b, 0xfc8b, 0xfc8b, 0xfccb, 0x8309, 0x38c0, 0x2924, 0x2924, 0x50e0, 0xbc4d, 0xfcab, 0xfc8a, 
	0xf48b, 0xfcec, 0xff15, 0xff15, 0xff16, 0xff16, 0xff16, 0xff16, 0xff16, 0xff16, 0xff16, 0xff16, 0xff16, 0xff16, 0xff16, 0xff16, 
	0xff16, 0xff16, 0xff16, 0xff16, 0xff16, 0xff16, 0xff16, 0xff16, 0xff16, 0xff16, 0xff16, 0xff16, 0xff15, 0xff15, 0xfcec, 0xf48b, 
	0xfc8a, 0xfcab, 0xbc4d, 0x50e0, 0x2924, 0x2924, 0x38c0, 0x8309, 0xfccb, 0xfc8b, 0xfc8b, 0xfc8b, 0xfe93, 0xff15, 0xff16, 0xff16, 
	0xff16, 0xff16, 0xff16, 0xff16, 0xff16, 0xff16, 0xff16, 0xff16, 0xff16, 0xff36, 0xfd4e, 0xec8b, 0xfc8a, 0xfc8a, 0xd4ce, 0x6941, 
	0x2903, 0x2924, 0x30e1, 0x5a26, 0xfcab, 0xfc8b, 0xfc8b, 0xfc6a, 0xf612, 0xfef5, 0xff16, 0xff16, 0xff16, 0xff16, 0xff16, 0xff16, 
	0xff16, 0xff16, 0xff16, 0xff16, 0xff16, 0xff36, 0xfdd0, 0xecac, 0xfc8a, 0xfc8a, 0xecef, 0x8a03, 0x2903, 0x2924, 0x3102, 0x4184, 
	0xec6a, 0xfcac, 0xfc8b, 0xfc6a, 0xed8f, 0xfed5, 0xff16, 0xff16, 0xff16, 0xff16, 0xff16, 0xff16, 0xff16, 0xff16, 0xff16, 0xff16, 
	0xff16, 0xff36, 0xfe52, 0xe4ec, 0xfc6a, 0xfc8a, 0xf4ee, 0xaac5, 0x2903, 0x2923, 0x3123, 0x3103, 0xd3a8, 0xf4cd, 0xfc8a, 0xfc8a, 
	0xe52e, 0xfeb4, 0xff36, 0xff16, 0xff16, 0xff16, 0xff16, 0xff16, 0xff16, 0xff16, 0xff16, 0xff16, 0xff16, 0xff36, 0xfeb4, 0xe52e, 
	0xfc8a, 0xfc8a, 0xf4cd, 0xd3a8, 0x3103, 0x3123, 0x2923, 0x2903, 0xaac5, 0xf4ee, 0xfc8a, 0xfc6a, 0xe4ec, 0xfe52, 0xff36, 0xff16, 
	0xff16, 0xff16, 0xff16, 0xff16, 0xff16, 0xff16, 0xff16, 0xff16, 0xff16, 0xff16, 0xfed5, 0xed8f, 0xfc6a, 0xfc8b, 0xfcac, 0xec6a, 
	0x4184, 0x3102, 0x2924, 0x2903, 0x8a03, 0xe4ef, 0xfc8a, 0xfc8a, 0xecac, 0xfdd0, 0xff36, 0xff16, 0xff16, 0xff16, 0xff16, 0xff16, 
	0xff16, 0xff16, 0xff16, 0xff16, 0xff16, 0xff16, 0xfef5, 0xf612, 0xfc6a, 0xfc8b, 0xfc8b, 0xfcab, 0x6226, 0x30e1, 0x2924, 0x2924, 
	0x6941, 0xd4ce, 0xfc8a, 0xfc8a, 0xec8b, 0xfd4e, 0xff16, 0xff16, 0xff16, 0xff16, 0xff16, 0xff16, 0xff16, 0xff16, 0xff16, 0xff16, 
	0xff16, 0xff16, 0xff15, 0xfe94, 0xfc8b, 0xfc8b, 0xfc8b, 0xfccb, 0x8309, 0x38c0, 0x2924, 0x2924, 0x50e0, 0xbc2d, 0xfcab, 0xfc8a, 
	0xf48b, 0xfcec, 0xff15, 0xff15, 0xff16, 0xff16, 0xff16, 0xff16, 0xff16, 0xff16, 0xff16, 0xff16, 0xff16, 0xff16, 0xff16, 0xff16, 
	0xff16, 0xff16, 0xff16, 0xff16, 0xff16, 0xff36, 0xff36, 0xff36, 0xff36, 0xff36, 0xff16, 0xff16, 0xff16, 0xff15, 0xfcec, 0xf48b, 
	0xfc6a, 0xfc8b, 0xbc4d, 0x48e0, 0x2124, 0x2924, 0x38c0, 0x7ae9, 0xfcab, 0xfc8a, 0xfc8b, 0xfc8b, 0xfe93, 0xff15, 0xff16, 0xff16, 
	0xff36, 0xff36, 0xff36, 0xff36, 0xff56, 0xff36, 0xff16, 0xff16, 0xff16, 0xff36, 0xfd4e, 0xec8b, 0xfc6a, 0xfc8a, 0xd4cf, 0x6141, 
	0x2124, 0x2924, 0x30e1, 0x5a26, 0xfcab, 0xfc8b, 0xfc8a, 0xfc6a, 0xf612, 0xfef5, 0xff16, 0xff16, 0xff16, 0xff36, 0xff56, 0xff36, 
	0xff36, 0xff36, 0xff16, 0xff16, 0xff16, 0xff36, 0xfdd0, 0xecac, 0xfc6a, 0xfc6a, 0xe4ef, 0x8a03, 0x2103, 0x2924, 0x3102, 0x4184, 
	0xec4a, 0xfcac, 0xfc8a, 0xfc6a, 0xed90, 0xfed5, 0xff16, 0xff16, 0xff16, 0xff36, 0xff56, 0xff36, 0xff36, 0xff36, 0xff16, 0xff16, 
	0xff16, 0xff36, 0xfe52, 0xe4ec, 0xfc6a, 0xfc6a, 0xf4ee, 0xaac6, 0x20e3, 0x2924, 0x2923, 0x2923, 0xd3a8, 0xf4cd, 0xfc6a, 0xfc6a, 
	0xe52e, 0xfeb4, 0xff36, 0xff16, 0xff16, 0xff16, 0xff56, 0xff36, 0xff36, 0xff56, 0xff16, 0xff16, 0xff16, 0xff36, 0xfeb4, 0xe52e, 
	0xfc6a, 0xfc6a, 0xf4cd, 0xd3a8, 0x2923, 0x2923, 0x2924, 0x20e3, 0xaac5, 0xf4ee, 0xfc6a, 0xfc6a, 0xe4cc, 0xfe52, 0xff36, 0xff16, 
	0xff16, 0xff16, 0xff36, 0xff36, 0xff36, 0xff56, 0xff36, 0xff16, 0xff16, 0xff16, 0xfed5, 0xed8f, 0xfc6a, 0xfc8a, 0xfcac, 0xec4a, 
	0x4184, 0x3102, 0x2924, 0x2103, 0x8a03, 0xe4ef, 0xfc6a, 0xfc6a, 0xe4ab, 0xfdd0, 0xff36, 0xff16, 0xff16, 0xff16, 0xff36, 0xff36, 
	0xff36, 0xff56, 0xff36, 0xff16, 0xff16, 0xff16, 0xfef5, 0xf612, 0xfc6a, 0xfc8a, 0xfc8b, 0xfcab, 0x5a27, 0x30e1, 0x2924, 0x2124, 
	0x6141, 0xd4ae, 0xfc8a, 0xfc6a, 0xec8b, 0xfd4e, 0xff36, 0xff16, 0xff16, 0xff16, 0xff36, 0xff56, 0xff36, 0xff36, 0xff36, 0xff16, 
	0xff16, 0xff16, 0xff15, 0xfe94, 0xfc8b, 0xfc8b, 0xfc8a, 0xfcab, 0x8309, 0x38c0, 0x2924, 0x2124, 0x48e0, 0xbc4d, 0xfc8b, 0xfc6a, 
	0xf48b, 0xfcec, 0xfef6, 0xff16, 0xff16, 0xff16, 0xff36, 0xff36, 0xff36, 0xff36, 0xff36, 0xff16, 0xff16, 0xff16, 0xff16, 0xff16, 
	0xff16, 0xff16, 0xff16, 0xff56, 0xfd31, 0xaa45, 0xd1c5, 0xd1c5, 0xaa25, 0xfcaf, 0xff57, 0xff16, 0xff16, 0xff16, 0xfe94, 0xfe73, 
	0xfe93, 0xfe93, 0xfdd1, 0xc40a, 0xcbca, 0xcbca, 0xc3c9, 0xed0e, 0xfe94, 0xfe93, 0xfe73, 0xfe73, 0xfef5, 0xff16, 0xff16, 0xff36, 
	0xfe14, 0xaaa7, 0xc9c5, 0xd1c5, 0xb205, 0xebab, 0xff56, 0xff16, 0xff16, 0xff16, 0xfeb4, 0xfe73, 0xfe93, 0xfe93, 0xfe33, 0xcc4b, 
	0xcbc9, 0xcbca, 0xc3c9, 0xdc8c, 0xfe93, 0xfe73, 0xfe93, 0xfe73, 0xfed5, 0xff16, 0xff16, 0xff36, 0xfeb6, 0xbb69, 0xc9a5, 0xd1c5, 
	0xb9e5, 0xd2c8, 0xfef6, 0xff16, 0xff16, 0xff16, 0xfed5, 0xfe93, 0xfe93, 0xfe93, 0xfe74, 0xd4cd, 0xcba9, 0xcbca, 0xcbc9, 0xd40a, 
	0xfe53, 0xfe93, 0xfe73, 0xfe73, 0xfeb4, 0xff16, 0xff16, 0xff16, 0xfef7, 0xcc8d, 0xc9a5, 0xc9e5, 0xc1e6, 0xca06, 0xf673, 0xff16, 
	0xff16, 0xff36, 0xfef5, 0xf694, 0xfe93, 0xfe93, 0xfe94, 0xe56f, 0xcba9, 0xcbca, 0xcbca, 0xcbc9, 0xedf1, 0xfe93, 0xfe73, 0xfe73, 
	0xf694, 0xfef5, 0xff36, 0xff16, 0xff16, 0xdd70, 0xc1c5, 0xc9e5, 0xc9e5, 0xc1c5, 0xdd70, 0xff16, 0xff16, 0xff36, 0xfef5, 0xf694, 
	0xfe73, 0xfe73, 0xfe93, 0xf5f1, 0xcbc9, 0xcbca, 0xcbca, 0xcba9, 0xe54f, 0xfe94, 0xfe93, 0xfe93, 0xf694, 0xfef5, 0xff36, 0xff16, 
	0xff16, 0xf673, 0xca06, 0xc1e6, 0xc9e5, 0xc9a5, 0xcc6d, 0xfef6, 0xff16, 0xff16, 0xff16, 0xfeb4, 0xfe73, 0xfe73, 0xfe93, 0xfe53, 
	0xd40a, 0xcbc9, 0xcbca, 0xcba9, 0xd4cd, 0xfe73, 0xfe93, 0xfe93, 0xfe93, 0xfed5, 0xff16, 0xff16, 0xff16, 0xfef6, 0xd2c8, 0xb9e5, 
	0xd1c5, 0xc9a5, 0xb369, 0xfe96, 0xff36, 0xff16, 0xff16, 0xfed5, 0xfe73, 0xfe93, 0xfe73, 0xfe93, 0xdc8c, 0xc3c9, 0xcbca, 0xcbc9, 
	0xcc4b, 0xfe33, 0xfe93, 0xfe93, 0xfe73, 0xfeb4, 0xff16, 0xff16, 0xff16, 0xff56, 0xebac, 0xb205, 0xd1c5, 0xc9c5, 0xaaa7, 0xfe14, 
	0xff36, 0xff16, 0xff16, 0xfef5, 0xfe73, 0xfe73, 0xfe93, 0xfe94, 0xed0e, 0xc3c9, 0xcbca, 0xcbca, 0xc40a, 0xfdd1, 0xfe93, 0xfe93, 
	0xfe73, 0xfe94, 0xff16, 0xff16, 0xff16, 0xff56, 0xfcaf, 0xaa25, 0xd1c5, 0xd1c5, 0xaa25, 0xfd31, 0xff57, 0xff16, 0xff16, 0xff16, 
	0xff16, 0xff16, 0xff16, 0xff57, 0xfc4f, 0x8820, 0xc000, 0xc000, 0x8800, 0xfbac, 0xff57, 0xff16, 0xff16, 0xff16, 0xff36, 0xff36, 
	0xff36, 0xff36, 0xfe72, 0xeced, 0xfc8b, 0xfc8b, 0xf4cc, 0xfdaf, 0xff57, 0xff36, 0xff36, 0xff36, 0xff16, 0xff16, 0xff36, 0xff36, 
	0xfdb3, 0x88e0, 0xb800, 0xb800, 0x9800, 0xe227, 0xff57, 0xff16, 0xff16, 0xff16, 0xff36, 0xff36, 0xff36, 0xff36, 0xfeb4, 0xed4e, 
	0xfc8a, 0xfc8b, 0xf4ab, 0xfd2d, 0xff36, 0xff36, 0xff36, 0xff36, 0xff36, 0xff16, 0xff36, 0xff36, 0xfe76, 0x9a04, 0xb800, 0xb800, 
	0xa000, 0xc8e3, 0xfef5, 0xff16, 0xff16, 0xff16, 0xff16, 0xff36, 0xff36, 0xff36, 0xfef5, 0xedb0, 0xfc8a, 0xfcab, 0xfcab, 0xfcec, 
	0xfef5, 0xff36, 0xff36, 0xff36, 0xff36, 0xff16, 0xff16, 0xff16, 0xfef7, 0xb369, 0xb000, 0xb800, 0xb000, 0xb000, 0xee12, 0xff16, 
	0xff16, 0xff16, 0xff16, 0xff36, 0xff36, 0xff36, 0xff15, 0xf632, 0xfc8b, 0xfcab, 0xfcab, 0xfcab, 0xfeb4, 0xff16, 0xff36, 0xff36, 
	0xff36, 0xff16, 0xff16, 0xff16, 0xff16, 0xd4ce, 0xb000, 0xb000, 0xb000, 0xb000, 0xd4ce, 0xff16, 0xff16, 0xff16, 0xff16, 0xff36, 
	0xff36, 0xff36, 0xff16, 0xfeb4, 0xfcab, 0xfcab, 0xfcab, 0xfc8b, 0xf632, 0xff15, 0xff36, 0xff36, 0xff36, 0xff16, 0xff16, 0xff16, 
	0xff16, 0xee12, 0xb000, 0xb000, 0xb800, 0xb000, 0xb369, 0xfed7, 0xff16, 0xff16, 0xff16, 0xff16, 0xff36, 0xff36, 0xff36, 0xfef5, 
	0xfcec, 0xfcab, 0xfcab, 0xfc8a, 0xedb0, 0xfef5, 0xff36, 0xff36, 0xff36, 0xff16, 0xff16, 0xff16, 0xff16, 0xfef5, 0xc8e3, 0xa000, 
	0xb800, 0xb800, 0x99e4, 0xfe76, 0xff36, 0xff36, 0xff16, 0xff16, 0xff36, 0xff36, 0xff36, 0xff36, 0xfd4e, 0xf4ab, 0xfc8b, 0xfc8a, 
	0xed4e, 0xfeb4, 0xff36, 0xff36, 0xff36, 0xff36, 0xff16, 0xff16, 0xff16, 0xff57, 0xe227, 0x9800, 0xb800, 0xb800, 0x88e0, 0xfdb3, 
	0xff36, 0xff36, 0xff16, 0xff16, 0xff36, 0xff36, 0xff36, 0xff57, 0xfdaf, 0xf4cc, 0xfc8b, 0xfc8b, 0xeced, 0xfe52, 0xff36, 0xff36, 
	0xff36, 0xff36, 0xff16, 0xff16, 0xff16, 0xff57, 0xfbac, 0x8800, 0xc000, 0xc000, 0x8820, 0xfc6f, 0xff57, 0xff16, 0xff16, 0xff16, 
	0xff16, 0xff16, 0xff16, 0xff57, 0xfc6f, 0x8860, 0xc000, 0xc000, 0x9040, 0xfbcd, 0xff57, 0xff16, 0xff16, 0xff16, 0xff16, 0xff16, 
	0xff16, 0xff36, 0xfe52, 0xe4ec, 0xfc8b, 0xfc8b, 0xecac, 0xfd8f, 0xff36, 0xff16, 0xff16, 0xff16, 0xff16, 0xff16, 0xff36, 0xff36, 
	0xfdb3, 0x8921, 0xc000, 0xc000, 0x9800, 0xe247, 0xff57, 0xff16, 0xff16, 0xff16, 0xff16, 0xff16, 0xff16, 0xff36, 0xfeb4, 0xe52e, 
	0xfc8a, 0xfc8b, 0xf4ab, 0xfd2d, 0xff16, 0xff16, 0xff16, 0xff16, 0xff16, 0xff16, 0xff36, 0xff36, 0xfe76, 0xa225, 0xb800, 0xc000, 
	0xa000, 0xc923, 0xfef5, 0xff16, 0xff16, 0xff16, 0xff16, 0xff16, 0xff16, 0xff16, 0xfed5, 0xed8f, 0xfc6a, 0xfc8b, 0xf48b, 0xfccc, 
	0xfef5, 0xff16, 0xff16, 0xff16, 0xff16, 0xff16, 0xff16, 0xff16, 0xfed6, 0xbb89, 0xb000, 0xb800, 0xb000, 0xb840, 0xee13, 0xff16, 
	0xff16, 0xff16, 0xff16, 0xff16, 0xff16, 0xff16, 0xfef5, 0xf612, 0xfc6a, 0xfc8b, 0xfc8b, 0xfc8b, 0xfe93, 0xff15, 0xff16, 0xff16, 
	0xff16, 0xff16, 0xff16, 0xff16, 0xfef7, 0xd4ce, 0xb000, 0xb800, 0xb800, 0xb000, 0xd4ce, 0xfef7, 0xff16, 0xff16, 0xff16, 0xff16, 
	0xff16, 0xff16, 0xff15, 0xfe93, 0xfc8b, 0xfc8b, 0xfc8b, 0xfc6a, 0xf612, 0xfef5, 0xff16, 0xff16, 0xff16, 0xff16, 0xff16, 0xff16, 
	0xff16, 0xee13, 0xb840, 0xb000, 0xb800, 0xb000, 0xbb89, 0xfed6, 0xff16, 0xff16, 0xff16, 0xff16, 0xff16, 0xff16, 0xff16, 0xfef5, 
	0xfccc, 0xf48b, 0xfc8b, 0xfc6a, 0xed8f, 0xfed5, 0xff16, 0xff16, 0xff16, 0xff16, 0xff16, 0xff16, 0xff16, 0xfef6, 0xc923, 0xa000, 
	0xc000, 0xb800, 0x9a24, 0xfe76, 0xff36, 0xff36, 0xff16, 0xff16, 0xff16, 0xff16, 0xff16, 0xff16, 0xfd2d, 0xf4ab, 0xfc8b, 0xfc8a, 
	0xe52e, 0xfeb4, 0xff36, 0xff16, 0xff16, 0xff16, 0xff16, 0xff16, 0xff16, 0xff57, 0xe268, 0x9800, 0xc000, 0xc000, 0x8921, 0xfdb3, 
	0xff36, 0xff36, 0xff16, 0xff16, 0xff16, 0xff16, 0xff16, 0xff36, 0xfdaf, 0xecac, 0xfc8b, 0xfc8b, 0xe4ec, 0xfe52, 0xff36, 0xff16, 
	0xff16, 0xff16, 0xff16, 0xff16, 0xff16, 0xff57, 0xfbcd, 0x9040, 0xc000, 0xc000, 0x8860, 0xfc8f, 0xff57, 0xff16, 0xff16, 0xff16, 
	0xff36, 0xff36, 0xff56, 0xff77, 0xfc6f, 0x8840, 0xc000, 0xc000, 0x8820, 0xfbcd, 0xff97, 0xff36, 0xff36, 0xff36, 0xff16, 0xff16, 
	0xff16, 0xff36, 0xfe52, 0xe4ec, 0xfc8a, 0xfc8a, 0xecab, 0xfd8f, 0xff36, 0xff16, 0xff16, 0xff16, 0xff36, 0xff36, 0xff56, 0xff56, 
	0xfdb4, 0x8901, 0xb800, 0xc000, 0x9800, 0xe247, 0xff77, 0xff36, 0xff36, 0xff36, 0xff16, 0xff16, 0xff16, 0xff36, 0xfeb4, 0xe52e, 
	0xfc8a, 0xfc8b, 0xf48b, 0xfd2d, 0xff16, 0xff16, 0xff16, 0xff16, 0xff36, 0xff36, 0xff56, 0xff56, 0xfe96, 0x9a04, 0xb800, 0xb800, 
	0xa000, 0xc903, 0xff16, 0xff36, 0xff36, 0xff36, 0xff16, 0xff16, 0xff16, 0xff16, 0xfed5, 0xed8f, 0xfc6a, 0xfc8b, 0xf48b, 0xfccc, 
	0xfef5, 0xff16, 0xff16, 0xff16, 0xff16, 0xff36, 0xff36, 0xff36, 0xfef7, 0xbb89, 0xb000, 0xb800, 0xb000, 0xb800, 0xf633, 0xff37, 
	0xff36, 0xff36, 0xff36, 0xff16, 0xff16, 0xff16, 0xfef5, 0xf612, 0xfc6a, 0xfc8b, 0xfc8b, 0xfc8b, 0xfe93, 0xff15, 0xff16, 0xff16, 
	0xff16, 0xff36, 0xff36, 0xff36, 0xff17, 0xd4ee, 0xb000, 0xb800, 0xb800, 0xb000, 0xd4ee, 0xff17, 0xff36, 0xff36, 0xff36, 0xff16, 
	0xff16, 0xff16, 0xff15, 0xfe93, 0xfc8b, 0xfc8b, 0xfc8b, 0xfc6a, 0xf612, 0xfef5, 0xff16, 0xff16, 0xff16, 0xff36, 0xff36, 0xff36, 
	0xff17, 0xf633, 0xb820, 0xb000, 0xc000, 0xb000, 0xbb89, 0xfef7, 0xff56, 0xff56, 0xff36, 0xff16, 0xff16, 0xff16, 0xff16, 0xfef5, 
	0xfccc, 0xf48b, 0xfc8b, 0xfc6a, 0xed8f, 0xfed5, 0xff16, 0xff16, 0xff16, 0xff16, 0xff36, 0xff36, 0xff36, 0xff16, 0xc923, 0xa800, 
	0xc000, 0xb800, 0x9a24, 0xfe96, 0xff56, 0xff56, 0xff36, 0xff36, 0xff16, 0xff16, 0xff16, 0xff16, 0xfd2d, 0xf48b, 0xfc8b, 0xfc8a, 
	0xe52e, 0xfeb4, 0xff36, 0xff16, 0xff16, 0xff16, 0xff36, 0xff36, 0xff36, 0xff77, 0xe248, 0x9800, 0xc000, 0xc000, 0x9101, 0xfdb4, 
	0xff56, 0xff56, 0xff36, 0xff36, 0xff16, 0xff16, 0xff16, 0xff36, 0xfdaf, 0xecab, 0xfc8a, 0xfc8a, 0xe4ec, 0xfe52, 0xff36, 0xff16, 
	0xff16, 0xff16, 0xff36, 0xff36, 0xff36, 0xff77, 0xfbcd, 0x9040, 0xc000, 0xc000, 0x8860, 0xfc8f, 0xff77, 0xff56, 0xff36, 0xff36, 
	0xf654, 0xf654, 0xf674, 0xf694, 0xfc4e, 0xa142, 0xc0c2, 0xc8c2, 0xa122, 0xfbed, 0xfe94, 0xf674, 0xf654, 0xf654, 0xfef5, 0xff16, 
	0xff16, 0xff36, 0xfe52, 0xe4ed, 0xfc8b, 0xfc8b, 0xecac, 0xfdaf, 0xff36, 0xff16, 0xff16, 0xff16, 0xfe94, 0xf653, 0xf674, 0xf674, 
	0xfd52, 0xa1c4, 0xc0a2, 0xc8c2, 0xa8e2, 0xe2a9, 0xfe94, 0xf654, 0xf674, 0xf653, 0xfef5, 0xff16, 0xff16, 0xff36, 0xfeb4, 0xe52e, 
	0xfc8b, 0xfc8b, 0xf4ac, 0xfd2e, 0xff16, 0xff16, 0xff16, 0xff16, 0xfeb5, 0xf674, 0xf674, 0xf674, 0xfdf4, 0xaa86, 0xc0a2, 0xc0c2, 
	0xb0e2, 0xc9c5, 0xfe53, 0xfe54, 0xf654, 0xf653, 0xf6b5, 0xff16, 0xff16, 0xff16, 0xfef5, 0xedb0, 0xfc8b, 0xfc8b, 0xf4ab, 0xfccc, 
	0xfef5, 0xff16, 0xff16, 0xff16, 0xfed5, 0xf674, 0xf674, 0xf674, 0xfe34, 0xc3aa, 0xb8a1, 0xc0c2, 0xb8e2, 0xc103, 0xedb1, 0xfe54, 
	0xf674, 0xf653, 0xf694, 0xff16, 0xff16, 0xff16, 0xfef5, 0xf612, 0xfc8b, 0xfc8b, 0xfc8b, 0xfc8b, 0xfe94, 0xff15, 0xff16, 0xff16, 
	0xfef6, 0xf674, 0xf674, 0xf674, 0xfe54, 0xd46d, 0xa000, 0xa840, 0xa840, 0xa000, 0xcc6d, 0xfe54, 0xf674, 0xf674, 0xf674, 0xfef6, 
	0xff16, 0xff16, 0xff15, 0xfe94, 0xfc8b, 0xfcab, 0xfc8b, 0xfc8b, 0xf612, 0xfef5, 0xff16, 0xff16, 0xff16, 0xf694, 0xf653, 0xf674, 
	0xfe54, 0xed91, 0xa881, 0xa040, 0xa820, 0xa800, 0xb349, 0xfe35, 0xf674, 0xf674, 0xf674, 0xfed5, 0xff16, 0xff16, 0xff16, 0xfef5, 
	0xfccc, 0xf4ab, 0xfc8b, 0xfc6b, 0xed90, 0xfed5, 0xff16, 0xff16, 0xff16, 0xf6b5, 0xf653, 0xf654, 0xfe54, 0xfe54, 0xb944, 0x9840, 
	0xb020, 0xa800, 0x9a05, 0xfdf4, 0xf674, 0xf674, 0xf674, 0xfeb5, 0xff16, 0xff16, 0xff16, 0xff16, 0xfd2e, 0xf4ac, 0xfc8b, 0xfc8b, 
	0xe52e, 0xfeb4, 0xff36, 0xff16, 0xff16, 0xfef5, 0xf653, 0xf654, 0xf654, 0xfe94, 0xd248, 0x9040, 0xb020, 0xb020, 0x8922, 0xfd52, 
	0xf694, 0xf674, 0xf653, 0xfe94, 0xff16, 0xff16, 0xff16, 0xff36, 0xfdaf, 0xecac, 0xfc8b, 0xfc8b, 0xe4ed, 0xfe52, 0xff36, 0xff16, 
	0xff16, 0xfef5, 0xf674, 0xf674, 0xf674, 0xfeb4, 0xf38c, 0x8860, 0xb020, 0xb020, 0x88a0, 0xfc2e, 0xfe94, 0xf674, 0xf654, 0xf654, 
	0xb861, 0xb861, 0xc041, 0xb820, 0xb2e7, 0xfe75, 0xf6f5, 0xf6f5, 0xfe96, 0xbb8a, 0xb820, 0xc041, 0xb061, 0xb881, 0xf633, 0xff16, 
	0xff16, 0xff36, 0xfe52, 0xe4ed, 0xfc8b, 0xfc8b, 0xecac, 0xfd8f, 0xff36, 0xff16, 0xff16, 0xff36, 0xda06, 0xa080, 0xc041, 0xc020, 
	0x99e4, 0xfdf4, 0xf6f5, 0xf6f5, 0xfeb6, 0xdcce, 0xb020, 0xb861, 0xb861, 0xb020, 0xdd0f, 0xfef7, 0xff36, 0xff36, 0xfeb4, 0xe52e, 
	0xfc8a, 0xfc8b, 0xf4ab, 0xfd2d, 0xff16, 0xff16, 0xff16, 0xff57, 0xf34b, 0x9880, 0xc041, 0xc041, 0x9101, 0xfd11, 0xff15, 0xf6f5, 
	0xfeb5, 0xedf2, 0xb8a1, 0xb061, 0xc041, 0xb800, 0xbbaa, 0xfed7, 0xf736, 0xf736, 0xfef5, 0xedb0, 0xfc6a, 0xfc8b, 0xf4ab, 0xfccc, 
	0xfef5, 0xff16, 0xff36, 0xff57, 0xfcb0, 0x90e1, 0xc041, 0xc041, 0x90a0, 0xfbed, 0xff16, 0xf6d5, 0xfed5, 0xfeb5, 0xc964, 0xa860, 
	0xc041, 0xb820, 0xa266, 0xfe76, 0xf736, 0xf736, 0xff15, 0xf612, 0xfc6b, 0xfc8b, 0xfc8b, 0xfc8b, 0xfe93, 0xff15, 0xf736, 0xff56, 
	0xfdd3, 0x9162, 0xc040, 0xc040, 0xa0c2, 0xa0a1, 0x3943, 0x3944, 0x3944, 0x3923, 0x9881, 0xa0c2, 0xc040, 0xc040, 0x9162, 0xfdd3, 
	0xff56, 0xf736, 0xff15, 0xfe94, 0xfc8b, 0xfc8b, 0xfc8b, 0xfc6b, 0xf612, 0xfef5, 0xf736, 0xf736, 0xfe96, 0xa266, 0xb820, 0xc041, 
	0xb081, 0xb081, 0x4144, 0x3923, 0x3144, 0x3144, 0x90a2, 0x98e3, 0xc040, 0xc040, 0x90c0, 0xfcb0, 0xff57, 0xff36, 0xff16, 0xfef5, 
	0xfccc, 0xf4ab, 0xfc8b, 0xfc6b, 0xed90, 0xfed5, 0xf736, 0xf736, 0xfed7, 0xbbaa, 0xb800, 0xc041, 0xb081, 0xb881, 0x4964, 0x4103, 
	0x3144, 0x3144, 0x80a1, 0x9123, 0xc040, 0xc040, 0x9880, 0xf34b, 0xff57, 0xff16, 0xff16, 0xff16, 0xfd2d, 0xf4ab, 0xfc8b, 0xfc8a, 
	0xe52e, 0xfeb4, 0xff36, 0xff36, 0xfef7, 0xdd0f, 0xb020, 0xb861, 0xb861, 0xb861, 0x5964, 0x48e2, 0x3144, 0x3144, 0x68a2, 0x8144, 
	0xc040, 0xc040, 0xa080, 0xda06, 0xff36, 0xff16, 0xff16, 0xff36, 0xfdaf, 0xecac, 0xfc8b, 0xfc8b, 0xe4ed, 0xfe52, 0xff36, 0xff16, 
	0xff16, 0xee33, 0xb881, 0xb061, 0xc060, 0xc061, 0x6944, 0x58c2, 0x3144, 0x3144, 0x60c2, 0x7144, 0xc061, 0xc060, 0xb861, 0xb861, 
	0xb800, 0xb800, 0xb800, 0xb000, 0xaac6, 0xfed6, 0xf756, 0xf756, 0xfef7, 0xbb69, 0xb000, 0xb800, 0xb000, 0xb020, 0xee12, 0xff16, 
	0xff16, 0xff36, 0xfe52, 0xe4ec, 0xfc8a, 0xfc8a, 0xecab, 0xfd8f, 0xff36, 0xff16, 0xff16, 0xff36, 0xd1a5, 0xa000, 0xc000, 0xb800, 
	0x9182, 0xfe35, 0xf756, 0xf756, 0xff17, 0xd4ee, 0xb000, 0xb800, 0xb800, 0xb000, 0xd4ee, 0xfef7, 0xff36, 0xff36, 0xfeb4, 0xe52e, 
	0xfc8a, 0xfc8b, 0xf48b, 0xfd2d, 0xff16, 0xff16, 0xff16, 0xff77, 0xf30a, 0x9000, 0xc000, 0xc000, 0x88a0, 0xfd11, 0xff77, 0xf756, 
	0xff16, 0xf633, 0xb820, 0xb000, 0xb800, 0xb000, 0xb369, 0xfed7, 0xf736, 0xf736, 0xfed5, 0xed8f, 0xfc6a, 0xfc8b, 0xf48b, 0xfccc, 
	0xfef5, 0xff16, 0xff36, 0xff57, 0xfc6f, 0x8860, 0xc000, 0xc000, 0x8820, 0xfbcd, 0xff77, 0xff36, 0xff16, 0xfef6, 0xc903, 0xa000, 
	0xc000, 0xb800, 0x9a24, 0xfe76, 0xf736, 0xf736, 0xfef5, 0xf612, 0xfc6a, 0xfc8b, 0xfc8b, 0xfc8b, 0xfe93, 0xff15, 0xf736, 0xff56, 
	0xfdb3, 0x8901, 0xc000, 0xc000, 0x9840, 0x9840, 0x2923, 0x2923, 0x2923, 0x2923, 0x9820, 0xa040, 0xc000, 0xb800, 0x8901, 0xfdb3, 
	0xff56, 0xf736, 0xff15, 0xfe93, 0xfc8b, 0xfc8b, 0xfc8b, 0xfc6a, 0xf612, 0xfef5, 0xf736, 0xf736, 0xfe76, 0x9a24, 0xb800, 0xc000, 
	0xa800, 0xa820, 0x3923, 0x3103, 0x2944, 0x2944, 0x8861, 0x9081, 0xc000, 0xc000, 0x8860, 0xfc6f, 0xff57, 0xff36, 0xff16, 0xfef5, 
	0xfccc, 0xf48b, 0xfc8b, 0xfc6a, 0xed8f, 0xfed5, 0xf736, 0xf736, 0xfed7, 0xbb69, 0xb000, 0xb800, 0xb000, 0xb020, 0x4144, 0x38e3, 
	0x2144, 0x2144, 0x7861, 0x80a2, 0xc000, 0xc000, 0x9000, 0xf30a, 0xff77, 0xff16, 0xff16, 0xff16, 0xfd2d, 0xf4ab, 0xfc8b, 0xfc8a, 
	0xe52e, 0xfeb4, 0xff36, 0xff36, 0xfef7, 0xd4ee, 0xb000, 0xb800, 0xb800, 0xb800, 0x5124, 0x40c2, 0x2144, 0x2144, 0x6881, 0x78e3, 
	0xc000, 0xc000, 0xa000, 0xd1a5, 0xff36, 0xff16, 0xff16, 0xff36, 0xfdaf, 0xecab, 0xfc8a, 0xfc8a, 0xe4ec, 0xfe52, 0xff36, 0xff16, 
	0xff16, 0xee12, 0xb020, 0xb000, 0xb800, 0xb800, 0x6103, 0x50a2, 0x2144, 0x2144, 0x58a1, 0x6903, 0xb800, 0xb800, 0xb800, 0xb800, 
	0xb800, 0xb800, 0xb800, 0xb000, 0xaac7, 0xfeb6, 0xf736, 0xf736, 0xfed7, 0xbb89, 0xb000, 0xb800, 0xb000, 0xb820, 0xee12, 0xff16, 
	0xff16, 0xff36, 0xfe52, 0xe4ec, 0xfc8b, 0xfc8b, 0xecab, 0xfd8f, 0xff36, 0xff16, 0xff16, 0xff36, 0xd1a5, 0xa000, 0xc000, 0xb800, 
	0x9183, 0xfe15, 0xf756, 0xf736, 0xfef7, 0xd4ee, 0xb000, 0xb800, 0xb800, 0xb000, 0xd4ee, 0xfef7, 0xff36, 0xff36, 0xfeb4, 0xe52e, 
	0xfc8a, 0xfc8b, 0xf4ab, 0xfd2d, 0xff16, 0xff16, 0xff16, 0xff77, 0xf32a, 0x9020, 0xc000, 0xc000, 0x88a0, 0xfd11, 0xff56, 0xf736, 
	0xff16, 0xf633, 0xb840, 0xb000, 0xb800, 0xb000, 0xbb69, 0xfed7, 0xf736, 0xf736, 0xfed5, 0xed8f, 0xfc6a, 0xfc8b, 0xf48b, 0xfccc, 
	0xfef5, 0xff16, 0xff36, 0xff57, 0xfc8f, 0x8860, 0xc000, 0xc000, 0x9040, 0xfbcd, 0xff77, 0xff36, 0xff16, 0xfef5, 0xc903, 0xa800, 
	0xc000, 0xb800, 0xa225, 0xfe76, 0xf736, 0xf736, 0xfef5, 0xf612, 0xfc6a, 0xfc8b, 0xfc8b, 0xfc8b, 0xfe93, 0xff15, 0xf736, 0xff56, 
	0xfdb3, 0x9101, 0xc000, 0xc000, 0xa060, 0x9840, 0x3123, 0x3123, 0x3123, 0x2923, 0x9820, 0xa061, 0xc000, 0xc000, 0x9101, 0xfdb3, 
	0xff56, 0xf736, 0xff15, 0xfe93, 0xfc8b, 0xfc8b, 0xfc8b, 0xfc6a, 0xf612, 0xfef5, 0xf736, 0xf736, 0xfe76, 0xa225, 0xb800, 0xc000, 
	0xa820, 0xa820, 0x3923, 0x3103, 0x2943, 0x2923, 0x9061, 0x9081, 0xc000, 0xc000, 0x8860, 0xfc6f, 0xff57, 0xff36, 0xff16, 0xfef5, 
	0xfccc, 0xf48b, 0xfc8b, 0xfc6a, 0xed8f, 0xfed5, 0xf736, 0xf736, 0xfed7, 0xbb89, 0xb000, 0xb800, 0xb000, 0xb020, 0x4144, 0x3902, 
	0x2944, 0x2944, 0x7881, 0x80c2, 0xc000, 0xc000, 0x9020, 0xf30a, 0xff77, 0xff16, 0xff16, 0xff16, 0xfd2d, 0xf4ab, 0xfc8b, 0xfc8a, 
	0xe52e, 0xfeb4, 0xff36, 0xff36, 0xfef7, 0xdcef, 0xb000, 0xb800, 0xb800, 0xb800, 0x5144, 0x40c2, 0x2944, 0x2144, 0x6881, 0x7903, 
	0xc000, 0xc000, 0xa000, 0xd1c5, 0xff36, 0xff16, 0xff16, 0xff36, 0xfdaf, 0xecab, 0xfc8b, 0xfc8b, 0xe4ec, 0xfe52, 0xff36, 0xff16, 
	0xff16, 0xee13, 0xb820, 0xb000, 0xb800, 0xc000, 0x6103, 0x50a1, 0x2944, 0x2944, 0x58a1, 0x6903, 0xb800, 0xb800, 0xb800, 0xb800, 
	0xb000, 0xb000, 0xb800, 0xb000, 0xa2a6, 0xfef7, 0xf797, 0xf777, 0xff18, 0xb369, 0xb000, 0xb800, 0xb000, 0xb000, 0xee12, 0xfef6, 
	0xff16, 0xff36, 0xfe52, 0xe4ec, 0xfc8a, 0xfc8a, 0xecab, 0xfd8f, 0xff36, 0xff16, 0xff16, 0xff36, 0xd185, 0x9800, 0xb800, 0xb800, 
	0x9162, 0xfe55, 0xff97, 0xf777, 0xff58, 0xd50f, 0xb000, 0xb000, 0xb000, 0xb000, 0xd4ce, 0xfef7, 0xff36, 0xff36, 0xfeb4, 0xe52e, 
	0xfc8a, 0xfc8b, 0xf4ab, 0xfd2d, 0xff16, 0xff16, 0xff16, 0xff77, 0xf2ea, 0x9000, 0xb800, 0xb800, 0x8060, 0xfd32, 0xffb7, 0xff77, 
	0xff57, 0xf673, 0xb000, 0xa800, 0xb800, 0xb000, 0xb349, 0xfed7, 0xf736, 0xf736, 0xfed5, 0xed8f, 0xfc6a, 0xfc8b, 0xf48b, 0xfccc, 
	0xfef5, 0xff16, 0xff36, 0xff57, 0xfc6f, 0x8820, 0xc000, 0xc000, 0x8800, 0xfbcd, 0xffb8, 0xff77, 0xff57, 0xff36, 0xc8c2, 0xa000, 
	0xb800, 0xb800, 0x99e4, 0xfe76, 0xf736, 0xf736, 0xfef5, 0xf612, 0xfc6a, 0xfc8b, 0xfc8b, 0xfc8b, 0xfe93, 0xff15, 0xf736, 0xff56, 
	0xfd93, 0x88c0, 0xb800, 0xb800, 0x9800, 0x9800, 0x2943, 0x2943, 0x2923, 0x2923, 0x9800, 0x9800, 0xb800, 0xb800, 0x88c0, 0xfdb3, 
	0xff56, 0xf736, 0xff15, 0xfe93, 0xfc8b, 0xfc8b, 0xfc8b, 0xfc6a, 0xf612, 0xfef5, 0xf736, 0xf736, 0xfe76, 0x99e4, 0xb800, 0xb800, 
	0xa000, 0xa800, 0x3123, 0x3123, 0x2144, 0x2143, 0x8841, 0x8841, 0xc000, 0xc000, 0x8820, 0xfc4f, 0xff57, 0xff36, 0xff16, 0xfef5, 
	0xfccc, 0xf48b, 0xfc8b, 0xfc6a, 0xed8f, 0xfed5, 0xf736, 0xf736, 0xfed7, 0xb369, 0xb000, 0xb800, 0xb000, 0xb000, 0x4144, 0x3903, 
	0x2144, 0x2144, 0x7861, 0x8081, 0xc000, 0xc000, 0x9000, 0xf2ea, 0xff77, 0xff16, 0xff16, 0xff16, 0xfd2d, 0xf4ab, 0xfc8b, 0xfc8a, 
	0xe52e, 0xfeb4, 0xff36, 0xff36, 0xfef7, 0xd4ce, 0xb000, 0xb000, 0xb000, 0xb800, 0x4923, 0x40c2, 0x2144, 0x2144, 0x6881, 0x70c2, 
	0xb800, 0xb800, 0x9800, 0xd185, 0xff36, 0xff16, 0xff16, 0xff36, 0xfdaf, 0xecab, 0xfc8a, 0xfc8a, 0xe4ec, 0xfe52, 0xff36, 0xff16, 
	0xfef6, 0xf612, 0xb000, 0xa800, 0xb800, 0xb800, 0x5903, 0x50a2, 0x2164, 0x2164, 0x5881, 0x60c3, 0xb800, 0xb800, 0xb000, 0xb000, 
	0xd2a8, 0xd2a8, 0xd2a8, 0xd288, 0xcb8a, 0xf4af, 0xe4cf, 0xe4cf, 0xf4af, 0xd3cb, 0xd288, 0xd2a8, 0xcaa8, 0xd2c8, 0xf674, 0xff16, 
	0xff16, 0xff36, 0xfe72, 0xe4ed, 0xfc8b, 0xfc8b, 0xeccc, 0xfdaf, 0xff36, 0xff16, 0xff16, 0xff36, 0xe3ac, 0xc2a8, 0xd2a8, 0xd288, 
	0xc329, 0xf48e, 0xe4cf, 0xe4cf, 0xecaf, 0xdc2d, 0xd2a8, 0xd2a8, 0xd2a8, 0xca87, 0xe5b1, 0xff17, 0xff16, 0xff36, 0xfeb4, 0xe52e, 
	0xfc8b, 0xfc8b, 0xf4ac, 0xfd2e, 0xff16, 0xff16, 0xff16, 0xff57, 0xf4af, 0xbac8, 0xd2a8, 0xd2a8, 0xc2e8, 0xec2e, 0xe4cf, 0xe4cf, 
	0xecaf, 0xe48e, 0xd2c8, 0xcaa8, 0xd2a8, 0xca87, 0xd4ce, 0xfef7, 0xff36, 0xff36, 0xfef5, 0xedb0, 0xfc8b, 0xfc8b, 0xfcab, 0xfcec, 
	0xfef5, 0xff16, 0xff16, 0xff57, 0xfd72, 0xb2e8, 0xd288, 0xd288, 0xc2c8, 0xebec, 0xe4cf, 0xe4cf, 0xe4af, 0xe4af, 0xd309, 0xcaa8, 
	0xd2a8, 0xd288, 0xc40b, 0xfeb6, 0xff36, 0xff36, 0xfef5, 0xf612, 0xfc8b, 0xfcab, 0xfcab, 0xfcab, 0xfe94, 0xff15, 0xff16, 0xff36, 
	0xfe34, 0xb349, 0xd288, 0xd288, 0xcae9, 0xb226, 0x60e3, 0x6103, 0x6103, 0x60e3, 0xb206, 0xcae9, 0xd288, 0xd288, 0xb349, 0xfe34, 
	0xff36, 0xff16, 0xff15, 0xfe94, 0xfcab, 0xfcab, 0xfcab, 0xfc8b, 0xf612, 0xfef5, 0xff36, 0xff36, 0xfeb6, 0xc40b, 0xd288, 0xd2a8, 
	0xcac9, 0xc267, 0x6903, 0x6103, 0x6103, 0x58e3, 0xa1c5, 0xcaea, 0xd288, 0xd288, 0xb2e8, 0xfd72, 0xff57, 0xff16, 0xff16, 0xfef5, 
	0xfcec, 0xfcab, 0xfc8b, 0xfc8b, 0xedb0, 0xfef5, 0xff36, 0xff36, 0xfef7, 0xd4ce, 0xca87, 0xd2a8, 0xd2a8, 0xd2c8, 0x7985, 0x60e2, 
	0x6103, 0x6103, 0x8943, 0xc2ea, 0xd2a8, 0xd288, 0xbac8, 0xf48f, 0xff57, 0xff16, 0xff16, 0xff16, 0xfd2e, 0xf4ac, 0xfc8b, 0xfc8b, 
	0xe52e, 0xfeb4, 0xff36, 0xff16, 0xff17, 0xe5d2, 0xca87, 0xd2a8, 0xd2a8, 0xd2c8, 0x89c6, 0x68c2, 0x6103, 0x6103, 0x7902, 0xb2c9, 
	0xd2a8, 0xd2a8, 0xc2a8, 0xe3cc, 0xff36, 0xff16, 0xff16, 0xff36, 0xfdb0, 0xeccc, 0xfc8b, 0xfc8b, 0xe4ed, 0xfe72, 0xff36, 0xff16, 
	0xff16, 0xf674, 0xd2c8, 0xcaa8, 0xd2a8, 0xd2c8, 0x9a47, 0x68c2, 0x6103, 0x6103, 0x70c2, 0xa268, 0xd2c8, 0xd2a8, 0xd2a8, 0xd2a8, 
	0xff57, 0xff57, 0xff77, 0xffb8, 0xfc8f, 0x8020, 0xc000, 0xc000, 0x8800, 0xfbcd, 0xffb8, 0xff77, 0xff57, 0xff57, 0xff16, 0xff16, 
	0xff16, 0xff36, 0xfe52, 0xe4ec, 0xfc8b, 0xfc8b, 0xecac, 0xfd8f, 0xff36, 0xff16, 0xff16, 0xff16, 0xff56, 0xff57, 0xff77, 0xff97, 
	0xfdf4, 0x88e0, 0xb800, 0xb800, 0x9000, 0xe247, 0xffb8, 0xff77, 0xff77, 0xff77, 0xff36, 0xff16, 0xff16, 0xff36, 0xfeb4, 0xe52e, 
	0xfc8a, 0xfc8b, 0xf4ab, 0xfd2d, 0xff16, 0xff16, 0xff16, 0xff16, 0xff56, 0xff57, 0xff77, 0xff77, 0xfeb7, 0x9a04, 0xb800, 0xb800, 
	0xa000, 0xc8e3, 0xff36, 0xff57, 0xff77, 0xff77, 0xff36, 0xff16, 0xff16, 0xff16, 0xfed5, 0xed8f, 0xfc6a, 0xfc8b, 0xf48b, 0xfccc, 
	0xfef5, 0xff16, 0xff16, 0xff16, 0xff36, 0xff57, 0xff77, 0xff77, 0xff38, 0xb389, 0xb000, 0xb800, 0xb000, 0xb000, 0xf653, 0xff57, 
	0xff77, 0xff77, 0xff56, 0xff16, 0xff16, 0xff16, 0xfef5, 0xf612, 0xfc6a, 0xfc8b, 0xfc8b, 0xfc8b, 0xfe93, 0xff15, 0xff16, 0xff16, 
	0xff36, 0xff57, 0xff77, 0xff77, 0xff38, 0xdd0f, 0xb800, 0xc000, 0xc000, 0xb800, 0xdd0f, 0xff38, 0xff77, 0xff77, 0xff57, 0xff36, 
	0xff16, 0xff16, 0xff15, 0xfe93, 0xfc8b, 0xfc8b, 0xfc8b, 0xfc6a, 0xf612, 0xfef5, 0xff16, 0xff16, 0xff16, 0xff56, 0xff77, 0xff77, 
	0xff57, 0xf673, 0xb820, 0xb800, 0xc000, 0xb800, 0xbbaa, 0xff37, 0xff77, 0xff77, 0xff57, 0xff36, 0xff16, 0xff16, 0xff16, 0xfef5, 
	0xfccc, 0xf48b, 0xfc8b, 0xfc6a, 0xed8f, 0xfed5, 0xff16, 0xff16, 0xff16, 0xff36, 0xff77, 0xff77, 0xff57, 0xff36, 0xd124, 0xa800, 
	0xc000, 0xc000, 0xa245, 0xfeb6, 0xff77, 0xff77, 0xff57, 0xff36, 0xff16, 0xff16, 0xff16, 0xff16, 0xfd2d, 0xf4ab, 0xfc8b, 0xfc8a, 
	0xe52e, 0xfeb4, 0xff36, 0xff16, 0xff16, 0xff36, 0xff77, 0xff77, 0xff77, 0xff98, 0xea68, 0x9800, 0xc800, 0xc000, 0x9121, 0xfdf4, 
	0xff97, 0xff77, 0xff57, 0xff56, 0xff16, 0xff16, 0xff16, 0xff36, 0xfdaf, 0xecac, 0xfc8b, 0xfc8b, 0xe4ec, 0xfe52, 0xff36, 0xff16, 
	0xff16, 0xff16, 0xff57, 0xff57, 0xff77, 0xffb8, 0xfbed, 0x9040, 0xc800, 0xc800, 0x8860, 0xfcb0, 0xffb8, 0xff77, 0xff57, 0xff57, 
	0xff16, 0xff16, 0xff16, 0xff57, 0xfc6f, 0x8860, 0xc000, 0xc000, 0x9040, 0xfbcd, 0xff57, 0xff16, 0xff16, 0xff16, 0xff16, 0xff16, 
	0xff16, 0xff36, 0xfe52, 0xe4ec, 0xfc8b, 0xfc8b, 0xecab, 0xfd8f, 0xff36, 0xff16, 0xff16, 0xff16, 0xff16, 0xff16, 0xff36, 0xff36, 
	0xfdb3, 0x8921, 0xc000, 0xc000, 0x9800, 0xe247, 0xff57, 0xff16, 0xff16, 0xff16, 0xff16, 0xff16, 0xff16, 0xff36, 0xfeb4, 0xe52e, 
	0xfc8a, 0xfc8b, 0xf4ab, 0xfd2d, 0xff16, 0xff16, 0xff16, 0xff16, 0xff16, 0xff16, 0xff36, 0xff36, 0xfe76, 0xa225, 0xb800, 0xc000, 
	0xa800, 0xc923, 0xfef5, 0xff16, 0xff16, 0xff16, 0xff16, 0xff16, 0xff16, 0xff16, 0xfed5, 0xed8f, 0xfc6a, 0xfc8b, 0xf48b, 0xfccc, 
	0xfef5, 0xff16, 0xff16, 0xff16, 0xff16, 0xff16, 0xff16, 0xff16, 0xfed6, 0xbb89, 0xb000, 0xb800, 0xb000, 0xb820, 0xee13, 0xff16, 
	0xff16, 0xff16, 0xff16, 0xff16, 0xff16, 0xff16, 0xfef5, 0xf612, 0xfc6a, 0xfc8b, 0xfc8b, 0xfc8b, 0xfe93, 0xff15, 0xff16, 0xff16, 
	0xff16, 0xff16, 0xff16, 0xff16, 0xfef7, 0xd4ce, 0xb000, 0xb800, 0xb800, 0xb000, 0xd4ee, 0xff16, 0xff16, 0xff16, 0xff16, 0xff16, 
	0xff16, 0xff16, 0xff15, 0xfe93, 0xfc8b, 0xfc8b, 0xfc8b, 0xfc6a, 0xf612, 0xfef5, 0xff16, 0xff16, 0xff16, 0xff16, 0xff16, 0xff16, 
	0xff16, 0xee13, 0xb840, 0xb000, 0xb800, 0xb000, 0xbb89, 0xfed6, 0xff16, 0xff16, 0xff16, 0xff16, 0xff16, 0xff16, 0xff16, 0xfef5, 
	0xfccc, 0xf48b, 0xfc8b, 0xfc6a, 0xed8f, 0xfed5, 0xff16, 0xff16, 0xff16, 0xff16, 0xff16, 0xff16, 0xff16, 0xfef6, 0xc923, 0xa800, 
	0xc000, 0xb800, 0x9a24, 0xfe76, 0xff36, 0xff36, 0xff16, 0xff16, 0xff16, 0xff16, 0xff16, 0xff16, 0xfd2d, 0xf4ab, 0xfc8b, 0xfc8a, 
	0xe52e, 0xfeb4, 0xff36, 0xff16, 0xff16, 0xff16, 0xff16, 0xff16, 0xff16, 0xff57, 0xe248, 0x9800, 0xc000, 0xc000, 0x8921, 0xfdb3, 
	0xff36, 0xff36, 0xff16, 0xff16, 0xff16, 0xff16, 0xff16, 0xff36, 0xfdaf, 0xecab, 0xfc8b, 0xfc8b, 0xe4ec, 0xfe52, 0xff36, 0xff16, 
	0xff16, 0xff16, 0xff16, 0xff16, 0xff16, 0xff57, 0xfbcd, 0x9040, 0xc000, 0xc000, 0x8860, 0xfc8f, 0xff57, 0xff16, 0xff16, 0xff16, 
	0xff16, 0xff16, 0xff16, 0xff57, 0xfc6f, 0x8860, 0xc000, 0xc000, 0x9040, 0xfbcd, 0xff57, 0xff16, 0xff16, 0xff16, 0xff16, 0xff16, 
	0xff16, 0xff36, 0xfe52, 0xe4ec, 0xfc8b, 0xfc8b, 0xecab, 0xfd8f, 0xff36, 0xff16, 0xff16, 0xff16, 0xff16, 0xff16, 0xff36, 0xff36, 
	0xfdb3, 0x8921, 0xc000, 0xc000, 0x9800, 0xe247, 0xff57, 0xff16, 0xff16, 0xff16, 0xff16, 0xff16, 0xff16, 0xff36, 0xfeb4, 0xe52e, 
	0xfc8a, 0xfc8b, 0xf4ab, 0xfd2d, 0xff16, 0xff16, 0xff16, 0xff16, 0xff16, 0xff16, 0xff36, 0xff36, 0xfe76, 0xa225, 0xb800, 0xc000, 
	0xa000, 0xc923, 0xfef5, 0xff16, 0xff16, 0xff16, 0xff16, 0xff16, 0xff16, 0xff16, 0xfed5, 0xed8f, 0xfc6a, 0xfc8b, 0xf48b, 0xfccc, 
	0xfef5, 0xff16, 0xff16, 0xff16, 0xff16, 0xff16, 0xff16, 0xff16, 0xfed6, 0xbb89, 0xb000, 0xb800, 0xb000, 0xb820, 0xee13, 0xff16, 
	0xff16, 0xff16, 0xff16, 0xff16, 0xff16, 0xff16, 0xfef5, 0xf612, 0xfc6a, 0xfc8b, 0xfc8b, 0xfc8b, 0xfe93, 0xff15, 0xff16, 0xff16, 
	0xff16, 0xff16, 0xff16, 0xff16, 0xfef7, 0xd4ce, 0xb000, 0xb800, 0xb800, 0xb000, 0xd4ce, 0xff16, 0xff16, 0xff16, 0xff16, 0xff16, 
	0xff16, 0xff16, 0xff15, 0xfe93, 0xfc8b, 0xfc8b, 0xfc8b, 0xfc6a, 0xf612, 0xfef5, 0xff16, 0xff16, 0xff16, 0xff16, 0xff16, 0xff16, 
	0xff16, 0xee13, 0xb840, 0xb000, 0xb800, 0xb000, 0xbb89, 0xfed6, 0xff16, 0xff16, 0xff16, 0xff16, 0xff16, 0xff16, 0xff16, 0xfef5, 
	0xfccc, 0xf48b, 0xfc8b, 0xfc6a, 0xed8f, 0xfed5, 0xff16, 0xff16, 0xff16, 0xff16, 0xff16, 0xff16, 0xff16, 0xfef6, 0xc923, 0xa800, 
	0xc000, 0xb800, 0x9a24, 0xfe76, 0xff36, 0xff36, 0xff16, 0xff16, 0xff16, 0xff16, 0xff16, 0xff16, 0xfd2d, 0xf4ab, 0xfc8b, 0xfc8a, 
	0xe52e, 0xfeb4, 0xff36, 0xff16, 0xff16, 0xff16, 0xff16, 0xff16, 0xff16, 0xff57, 0xe248, 0x9800, 0xc000, 0xc000, 0x8921, 0xfdb3, 
	0xff36, 0xff36, 0xff16, 0xff16, 0xff16, 0xff16, 0xff16, 0xff36, 0xfdaf, 0xecab, 0xfc8b, 0xfc8b, 0xe4ec, 0xfe52, 0xff36, 0xff16, 
	0xff16, 0xff16, 0xff16, 0xff16, 0xff16, 0xff57, 0xfbcd, 0x9040, 0xc000, 0xc000, 0x8860, 0xfc8f, 0xff57, 0xff16, 0xff16, 0xff16, 
	0xff16, 0xff16, 0xff16, 0xff57, 0xfc4f, 0x8820, 0xc000, 0xc000, 0x8800, 0xfbac, 0xff57, 0xff16, 0xff16, 0xff16, 0xff36, 0xff36, 
	0xff36, 0xff57, 0xfe72, 0xed0d, 0xfcab, 0xfcab, 0xecec, 0xfdd0, 0xff57, 0xff36, 0xff36, 0xff36, 0xff16, 0xff16, 0xff36, 0xff36, 
	0xfdb3, 0x88e0, 0xb800, 0xb800, 0x9800, 0xe227, 0xff57, 0xff16, 0xff16, 0xff16, 0xff36, 0xff36, 0xff36, 0xff36, 0xfed4, 0xed4e, 
	0xfcab, 0xfcab, 0xf4cc, 0xfd4e, 0xff36, 0xff36, 0xff36, 0xff36, 0xff36, 0xff16, 0xff16, 0xff36, 0xfe76, 0x99e4, 0xb800, 0xb800, 
	0xa000, 0xc8e3, 0xfef5, 0xff16, 0xff16, 0xff16, 0xff16, 0xff36, 0xff36, 0xff36, 0xff15, 0xedd0, 0xfcab, 0xfcab, 0xfccc, 0xfcec, 
	0xff16, 0xff36, 0xff36, 0xff36, 0xff36, 0xff16, 0xff16, 0xff16, 0xfef7, 0xb369, 0xb000, 0xb800, 0xb000, 0xb000, 0xee12, 0xff16, 
	0xff16, 0xff16, 0xff16, 0xff36, 0xff36, 0xff36, 0xff15, 0xf652, 0xfcab, 0xfccb, 0xfccb, 0xfcab, 0xfeb4, 0xff16, 0xff36, 0xff36, 
	0xff36, 0xff16, 0xff16, 0xff16, 0xfef7, 0xd4ce, 0xb000, 0xb000, 0xb000, 0xb000, 0xd4ce, 0xfef7, 0xff16, 0xff16, 0xff16, 0xff36, 
	0xff36, 0xff36, 0xff16, 0xfeb4, 0xfccb, 0xfccb, 0xfccb, 0xfcab, 0xf632, 0xff15, 0xff36, 0xff36, 0xff36, 0xff16, 0xff16, 0xff16, 
	0xff16, 0xee12, 0xb000, 0xb000, 0xb800, 0xb000, 0xb369, 0xfed7, 0xff16, 0xff16, 0xff16, 0xff36, 0xff36, 0xff36, 0xff36, 0xff15, 
	0xfcec, 0xfccc, 0xfcab, 0xfcab, 0xedd0, 0xfef5, 0xff36, 0xff36, 0xff36, 0xff36, 0xff16, 0xff16, 0xff16, 0xfef5, 0xc8e3, 0xa000, 
	0xb800, 0xb800, 0x99e4, 0xfe76, 0xff36, 0xff16, 0xff16, 0xff16, 0xff36, 0xff36, 0xff36, 0xff36, 0xfd4e, 0xf4cc, 0xfcab, 0xfcab, 
	0xed4e, 0xfed4, 0xff36, 0xff36, 0xff36, 0xff36, 0xff16, 0xff16, 0xff16, 0xff57, 0xe227, 0x9800, 0xb800, 0xb800, 0x88e0, 0xfdb3, 
	0xff36, 0xff36, 0xff16, 0xff16, 0xff36, 0xff36, 0xff36, 0xff57, 0xfdd0, 0xecec, 0xfcab, 0xfcab, 0xed0d, 0xfe72, 0xff57, 0xff36, 
	0xff36, 0xff36, 0xff16, 0xff16, 0xff16, 0xff57, 0xfbac, 0x8800, 0xc000, 0xc000, 0x8820, 0xfc6f, 0xff57, 0xff16, 0xff16, 0xff16, 
	0xff16, 0xff16, 0xff16, 0xff36, 0xfe34, 0xd4ce, 0xec8e, 0xecae, 0xdcce, 0xfdf3, 0xff36, 0xff16, 0xff16, 0xff16, 0xfdd0, 0xf58f, 
	0xfd8f, 0xfd8f, 0xfc8d, 0xba24, 0xd1a4, 0xd1a4, 0xc1c3, 0xf36a, 0xfdaf, 0xfd6f, 0xfd6f, 0xfd6f, 0xfeb4, 0xff16, 0xff16, 0xff36, 
	0xfeb5, 0xd50f, 0xec8e, 0xecae, 0xdcae, 0xf571, 0xff36, 0xff16, 0xff16, 0xff36, 0xfe11, 0xf58f, 0xfd8f, 0xfd8f, 0xfd0f, 0xc285, 
	0xd1a4, 0xd1a4, 0xc1c4, 0xe2a7, 0xfd8f, 0xfd6f, 0xfd6f, 0xfd6e, 0xf673, 0xff15, 0xff16, 0xff36, 0xfed6, 0xdd70, 0xe48e, 0xecae, 
	0xdcae, 0xed10, 0xff16, 0xff16, 0xff16, 0xff36, 0xfe52, 0xf590, 0xfd6f, 0xfd6f, 0xfd50, 0xd348, 0xd1a4, 0xd1c4, 0xc9c4, 0xd225, 
	0xfd4e, 0xfd6f, 0xfd6f, 0xfd6f, 0xf632, 0xfef5, 0xff16, 0xff16, 0xfef6, 0xe5f2, 0xe48e, 0xecae, 0xe4ae, 0xe4cf, 0xfed5, 0xff16, 
	0xff16, 0xff36, 0xfe94, 0xedb0, 0xfd6f, 0xfd6f, 0xfd70, 0xdc0a, 0xc9a4, 0xd1c4, 0xc9c4, 0xc9c4, 0xecac, 0xfd6f, 0xfd6f, 0xfd6f, 
	0xedd1, 0xfed4, 0xff36, 0xff16, 0xff16, 0xf653, 0xe48e, 0xe4ae, 0xe4ae, 0xe48e, 0xf653, 0xff16, 0xff16, 0xff36, 0xfed4, 0xedf1, 
	0xfd6f, 0xfd6f, 0xfd6f, 0xecac, 0xc9c4, 0xc9c4, 0xd1c4, 0xc9a4, 0xdc0a, 0xfd70, 0xfd6f, 0xfd6f, 0xedb0, 0xfe94, 0xff36, 0xff16, 
	0xff16, 0xfed5, 0xe4cf, 0xe4ae, 0xecae, 0xe48e, 0xe5d2, 0xfef6, 0xff16, 0xff16, 0xfef5, 0xf632, 0xfd6f, 0xfd6f, 0xfd6f, 0xfd4e, 
	0xd225, 0xc9c4, 0xd1c4, 0xd1a4, 0xcb48, 0xfd50, 0xfd6f, 0xfd6f, 0xed8f, 0xfe52, 0xff36, 0xff16, 0xff16, 0xff16, 0xed10, 0xdcae, 
	0xecae, 0xe48e, 0xdd70, 0xfed6, 0xff36, 0xff16, 0xff15, 0xf673, 0xfd6e, 0xfd6f, 0xfd6f, 0xfd8f, 0xe2c7, 0xc1c4, 0xd1a4, 0xd1a4, 
	0xc285, 0xfd0f, 0xfd8f, 0xfd8f, 0xf58f, 0xfe11, 0xff16, 0xff16, 0xff16, 0xff36, 0xf591, 0xdcae, 0xecae, 0xec8e, 0xd50f, 0xfeb5, 
	0xff36, 0xff16, 0xff16, 0xfed4, 0xfd8f, 0xfd8f, 0xfd6f, 0xfdaf, 0xf36a, 0xc1c3, 0xd1a4, 0xd1a4, 0xba24, 0xfc8d, 0xfd8f, 0xfd8f, 
	0xf58f, 0xfdd0, 0xff16, 0xff16, 0xff16, 0xff36, 0xfdf3, 0xdcce, 0xecae, 0xec8e, 0xd4ce, 0xfe34, 0xff36, 0xff16, 0xff16, 0xff16, 
	0xff16, 0xff16, 0xff16, 0xff16, 0xff36, 0xff57, 0xff57, 0xff57, 0xff57, 0xff36, 0xff16, 0xff16, 0xff15, 0xff15, 0xfccc, 0xf48b, 
	0xfc6a, 0xfc8a, 0xfb4a, 0xa040, 0xb800, 0xb800, 0xa000, 0xe1c5, 0xfcab, 0xfc6a, 0xfc6a, 0xfc6a, 0xfe93, 0xff15, 0xff16, 0xff16, 
	0xff36, 0xff57, 0xff57, 0xff57, 0xff57, 0xff56, 0xff16, 0xff16, 0xff16, 0xff36, 0xfd4e, 0xec8b, 0xfc6a, 0xfc8a, 0xfbec, 0xa8c0, 
	0xb000, 0xb800, 0xa800, 0xc903, 0xfc8b, 0xfc6b, 0xfc6a, 0xfc4a, 0xf611, 0xfef5, 0xff16, 0xff16, 0xff16, 0xff56, 0xff57, 0xff57, 
	0xff57, 0xff57, 0xff16, 0xff16, 0xff16, 0xff36, 0xfdd0, 0xecab, 0xfc6a, 0xfc6a, 0xfc4c, 0xb9a2, 0xb000, 0xb800, 0xa800, 0xb840, 
	0xfc2a, 0xfc6b, 0xfc6a, 0xfc6a, 0xed8f, 0xfed5, 0xff16, 0xff16, 0xff16, 0xff36, 0xff57, 0xff57, 0xff57, 0xff57, 0xff16, 0xff16, 
	0xff16, 0xff36, 0xfe52, 0xe4cc, 0xfc6a, 0xfc6a, 0xfc6c, 0xd285, 0xb000, 0xb000, 0xb000, 0xb000, 0xe367, 0xfc6b, 0xfc6a, 0xfc6a, 
	0xe50d, 0xfeb4, 0xff36, 0xff16, 0xff16, 0xff36, 0xff57, 0xff57, 0xff57, 0xff57, 0xff36, 0xff16, 0xff16, 0xff36, 0xfeb4, 0xe50d, 
	0xfc6a, 0xfc6a, 0xfc6b, 0xeb88, 0xb000, 0xb000, 0xb000, 0xb000, 0xd284, 0xfc6c, 0xfc6a, 0xfc6a, 0xe4cc, 0xfe52, 0xff36, 0xff16, 
	0xff16, 0xff16, 0xff57, 0xff57, 0xff57, 0xff57, 0xff36, 0xff16, 0xff16, 0xff16, 0xfed5, 0xed8f, 0xfc6a, 0xfc6a, 0xfc6b, 0xfc2a, 
	0xb840, 0xa800, 0xb800, 0xb000, 0xb9a2, 0xfc4c, 0xfc6a, 0xfc6a, 0xecab, 0xfdd0, 0xff36, 0xff16, 0xff16, 0xff16, 0xff57, 0xff57, 
	0xff57, 0xff57, 0xff56, 0xff16, 0xff16, 0xff16, 0xfef5, 0xf611, 0xfc4a, 0xfc6a, 0xfc6b, 0xfc8b, 0xc903, 0xa800, 0xb800, 0xb000, 
	0xa8c0, 0xfbec, 0xfc8a, 0xfc6a, 0xec8b, 0xfd4e, 0xff36, 0xff16, 0xff16, 0xff16, 0xff56, 0xff57, 0xff57, 0xff57, 0xff57, 0xff36, 
	0xff16, 0xff16, 0xff15, 0xfe93, 0xfc6a, 0xfc6a, 0xfc6a, 0xfcab, 0xe1e5, 0xa000, 0xb800, 0xb800, 0xa040, 0xfb4a, 0xfc8a, 0xfc6a, 
	0xf48b, 0xfccc, 0xff15, 0xff15, 0xff16, 0xff16, 0xff36, 0xff57, 0xff57, 0xff57, 0xff57, 0xff36, 0xff16, 0xff16, 0xff16, 0xff16, 
	0xff16, 0xff16, 0xff16, 0xff16, 0xff16, 0xff16, 0xff16, 0xff16, 0xff16, 0xff16, 0xff16, 0xff16, 0xff15, 0xff15, 0xfcec, 0xf4ab, 
	0xfc8b, 0xfcab, 0xfb6a, 0xa060, 0xb800, 0xb800, 0xa000, 0xe206, 0xfccc, 0xfc8b, 0xfc8b, 0xfc8b, 0xfe93, 0xff15, 0xff16, 0xff16, 
	0xff16, 0xff16, 0xff16, 0xff16, 0xff16, 0xff16, 0xff16, 0xff16, 0xff16, 0xff36, 0xfd6e, 0xecab, 0xfc8b, 0xfcab, 0xfc0c, 0xa900, 
	0xb800, 0xb800, 0xa800, 0xd123, 0xfcab, 0xfc8b, 0xfc8b, 0xfc6a, 0xf612, 0xfef5, 0xff16, 0xff16, 0xff16, 0xff16, 0xff16, 0xff16, 
	0xff16, 0xff16, 0xff16, 0xff16, 0xff16, 0xff36, 0xfdf0, 0xecac, 0xfc8b, 0xfc8b, 0xfc6d, 0xb9c2, 0xb000, 0xb800, 0xb000, 0xc081, 
	0xfc4a, 0xfc8b, 0xfc8b, 0xfc8a, 0xed8f, 0xfed5, 0xff16, 0xff16, 0xff16, 0xff16, 0xff16, 0xff16, 0xff16, 0xff16, 0xff16, 0xff16, 
	0xff16, 0xff36, 0xfe52, 0xe4ec, 0xfc8b, 0xfc8b, 0xfc8c, 0xd2c5, 0xb000, 0xb800, 0xb800, 0xb000, 0xeba8, 0xfc8c, 0xfc8b, 0xfc8a, 
	0xe52e, 0xfeb4, 0xff36, 0xff16, 0xff16, 0xff16, 0xff16, 0xff16, 0xff16, 0xff16, 0xff16, 0xff16, 0xff16, 0xff36, 0xfeb4, 0xe52e, 
	0xfc8a, 0xfc8b, 0xfc8c, 0xeba8, 0xb000, 0xb800, 0xb800, 0xb000, 0xd2a5, 0xfc8c, 0xfc8b, 0xfc8b, 0xe4ec, 0xfe52, 0xff36, 0xff16, 
	0xff16, 0xff16, 0xff16, 0xff16, 0xff16, 0xff16, 0xff16, 0xff16, 0xff16, 0xff16, 0xfed5, 0xed8f, 0xfc8a, 0xfc8b, 0xfc8b, 0xfc4a, 
	0xc081, 0xb000, 0xb800, 0xb000, 0xb9c2, 0xfc6d, 0xfc8b, 0xfc8b, 0xecac, 0xfdd0, 0xff36, 0xff16, 0xff16, 0xff16, 0xff16, 0xff16, 
	0xff16, 0xff16, 0xff16, 0xff16, 0xff16, 0xff16, 0xfef5, 0xf612, 0xfc6a, 0xfc8b, 0xfc8b, 0xfcab, 0xd123, 0xa800, 0xb800, 0xb800, 
	0xa900, 0xfc0c, 0xfcab, 0xfc8b, 0xec8b, 0xfd4e, 0xff16, 0xff16, 0xff16, 0xff16, 0xff16, 0xff16, 0xff16, 0xff16, 0xff16, 0xff16, 
	0xff16, 0xff16, 0xff15, 0xfe94, 0xfc8b, 0xfc8b, 0xfc8b, 0xfccc, 0xe206, 0xa000, 0xb800, 0xb800, 0xa060, 0xfb6a, 0xfcab, 0xfc8b, 
	0xf48b, 0xfcec, 0xff15, 0xff15, 0xff16, 0xff16, 0xff16, 0xff16, 0xff16, 0xff16, 0xff16, 0xff16, 0xff16, 0xff16, 0xff16, 0xff16, 
	0xff16, 0xff16, 0xff16, 0xff16, 0xff16, 0xff16, 0xff16, 0xff16, 0xff16, 0xff16, 0xff16, 0xff16, 0xff16, 0xff15, 0xfcec, 0xf4ab, 
	0xfcab, 0xfcab, 0xfb6a, 0xa060, 0xb800, 0xb800, 0xa000, 0xe206, 0xfccb, 0xfcab, 0xfc8b, 0xfc8b, 0xfe94, 0xff16, 0xff16, 0xff16, 
	0xff16, 0xff16, 0xff16, 0xff16, 0xff16, 0xff16, 0xff16, 0xff16, 0xff16, 0xff36, 0xfd6e, 0xecab, 0xfcaa, 0xfcab, 0xfc0c, 0xa900, 
	0xb800, 0xb800, 0xa800, 0xd123, 0xfcab, 0xfc8b, 0xfcab, 0xfc8a, 0xf632, 0xff15, 0xff36, 0xff36, 0xff16, 0xff16, 0xff16, 0xff16, 
	0xff16, 0xff16, 0xff16, 0xff16, 0xff36, 0xff36, 0xfdf0, 0xeccc, 0xfcaa, 0xfcaa, 0xfc6d, 0xb9c2, 0xb000, 0xb800, 0xb000, 0xc061, 
	0xfc4a, 0xfc8b, 0xfc8b, 0xfc8a, 0xed90, 0xfef5, 0xff36, 0xff36, 0xff16, 0xff16, 0xff16, 0xff16, 0xff16, 0xff16, 0xff16, 0xff16, 
	0xff36, 0xff36, 0xfe52, 0xe4ec, 0xfc8a, 0xfc8a, 0xfc8d, 0xd2c5, 0xb000, 0xb800, 0xb000, 0xb000, 0xeba8, 0xfc8c, 0xfc8b, 0xfc8b, 
	0xe52e, 0xfeb4, 0xff36, 0xff36, 0xff16, 0xff16, 0xff16, 0xff16, 0xff16, 0xff16, 0xff16, 0xff16, 0xff36, 0xff36, 0xfeb4, 0xe52e, 
	0xfc8b, 0xfc8b, 0xfc8c, 0xeba8, 0xb000, 0xb000, 0xb800, 0xb000, 0xd2a5, 0xfc8d, 0xfc8a, 0xfc8a, 0xe4ec, 0xfe52, 0xff36, 0xff36, 
	0xff16, 0xff16, 0xff16, 0xff16, 0xff16, 0xff16, 0xff16, 0xff16, 0xff36, 0xff36, 0xfef5, 0xed90, 0xfc8a, 0xfc8b, 0xfc8b, 0xfc4a, 
	0xc061, 0xb000, 0xb800, 0xb000, 0xb9c2, 0xfc6d, 0xfcaa, 0xfcaa, 0xecac, 0xfdf0, 0xff36, 0xff36, 0xff16, 0xff16, 0xff16, 0xff16, 
	0xff16, 0xff16, 0xff16, 0xff16, 0xff36, 0xff36, 0xff15, 0xf632, 0xfc8a, 0xfcab, 0xfc8b, 0xfcab, 0xd123, 0xa800, 0xb800, 0xb800, 
	0xa900, 0xfc0c, 0xfcab, 0xfcaa, 0xecab, 0xfd6e, 0xff36, 0xff16, 0xff16, 0xff16, 0xff16, 0xff16, 0xff16, 0xff16, 0xff16, 0xff16, 
	0xff16, 0xff16, 0xff16, 0xf694, 0xfc8b, 0xfc8b, 0xfcab, 0xfccb, 0xe206, 0xa000, 0xb800, 0xb800, 0xa060, 0xfb6a, 0xfcab, 0xfcab, 
	0xf4ab, 0xfcec, 0xff16, 0xff16, 0xff16, 0xff16, 0xff16, 0xff16, 0xff16, 0xff16, 0xff16, 0xff16, 0xff16, 0xff16, 0xff16, 0xff16, 
	0xfef5, 0xfef5, 0xfef5, 0xfef5, 0xff16, 0xff16, 0xff16, 0xff16, 0xff16, 0xff16, 0xfef5, 0xfef5, 0xfef5, 0xfef5, 0xfccc, 0xf46b, 
	0xfc6a, 0xfc8b, 0xfb6a, 0xa080, 0xb800, 0xb820, 0xa820, 0xe206, 0xfcab, 0xfc6b, 0xfc6b, 0xf46b, 0xf673, 0xfef5, 0xfef5, 0xfef5, 
	0xfef5, 0xff16, 0xff16, 0xff16, 0xff16, 0xff16, 0xfef5, 0xfef5, 0xfef5, 0xff16, 0xfd4e, 0xec8b, 0xfc6a, 0xfc8b, 0xfc0c, 0xa920, 
	0xb800, 0xb820, 0xa820, 0xd143, 0xfc8b, 0xfc6b, 0xfc6b, 0xfc4a, 0xf5f1, 0xfef5, 0xfef5, 0xfef5, 0xfef5, 0xff16, 0xff16, 0xff16, 
	0xff16, 0xff16, 0xfef5, 0xfef5, 0xfef5, 0xff16, 0xfdd0, 0xe48b, 0xfc6a, 0xfc6a, 0xfc4c, 0xc1e3, 0xb000, 0xb820, 0xb020, 0xc081, 
	0xf42a, 0xfc6b, 0xfc6a, 0xfc4a, 0xed6f, 0xfed4, 0xfef5, 0xfef5, 0xfef5, 0xff16, 0xff16, 0xff16, 0xff16, 0xff16, 0xfef5, 0xfef5, 
	0xff15, 0xff16, 0xfe32, 0xe4cc, 0xfc6a, 0xfc6a, 0xfc6c, 0xd2c6, 0xb000, 0xb820, 0xb820, 0xb020, 0xe388, 0xfc6b, 0xfc6a, 0xfc6a, 
	0xe50e, 0xfe94, 0xff16, 0xff15, 0xfef5, 0xff16, 0xff16, 0xff16, 0xff16, 0xff16, 0xff16, 0xfef5, 0xff15, 0xff16, 0xfe94, 0xe50e, 
	0xfc6a, 0xfc6a, 0xfc6b, 0xe388, 0xb020, 0xb820, 0xb820, 0xb000, 0xd2a5, 0xfc6c, 0xfc6a, 0xfc6a, 0xe4cc, 0xfe32, 0xff16, 0xff15, 
	0xfef5, 0xfef5, 0xff16, 0xff16, 0xff16, 0xff16, 0xff16, 0xfef5, 0xfef5, 0xfef5, 0xfed5, 0xed6f, 0xfc4a, 0xfc6a, 0xfc6b, 0xf42a, 
	0xc081, 0xb020, 0xb820, 0xb000, 0xb9e3, 0xfc4c, 0xfc6a, 0xfc6a, 0xe48b, 0xfdd0, 0xff16, 0xfef5, 0xfef5, 0xfef5, 0xff16, 0xff16, 
	0xff16, 0xff16, 0xff16, 0xfef5, 0xfef5, 0xfef5, 0xfef5, 0xf5f1, 0xfc4a, 0xfc6b, 0xfc6b, 0xfc8b, 0xd144, 0xa820, 0xb820, 0xb800, 
	0xa920, 0xfbec, 0xfc8b, 0xfc6a, 0xec8b, 0xfd4e, 0xff16, 0xfef5, 0xfef5, 0xfef5, 0xff16, 0xff16, 0xff16, 0xff16, 0xff16, 0xfef5, 
	0xfef5, 0xfef5, 0xfef5, 0xf673, 0xf46b, 0xfc6b, 0xfc6b, 0xfcab, 0xe206, 0xa820, 0xb820, 0xb800, 0xa080, 0xfb6a, 0xfc8b, 0xfc6a, 
	0xf46b, 0xfccc, 0xfef5, 0xfef5, 0xfef5, 0xfef5, 0xff16, 0xff16, 0xff16, 0xff16, 0xff16, 0xff16, 0xfef5, 0xfef5, 0xfef5, 0xfef5, 
	0xfcec, 0xfcec, 0xfcec, 0xfccc, 0xedd0, 0xfef5, 0xff16, 0xff16, 0xfef5, 0xedf1, 0xfccc, 0xfcec, 0xfcec, 0xfccc, 0xc943, 0xb8a1, 
	0xc0a1, 0xc0a1, 0xc0a2, 0xb840, 0xb820, 0xb820, 0xb020, 0xc081, 0xc0a1, 0xc0a1, 0xc0a1, 0xb8a1, 0xec0a, 0xfced, 0xfcec, 0xfccc, 
	0xed6f, 0xfeb4, 0xff36, 0xff16, 0xfef5, 0xf673, 0xfccc, 0xfcec, 0xfcec, 0xfd0d, 0xe226, 0xb0a0, 0xc0a1, 0xc0a1, 0xc0a2, 0xb861, 
	0xb820, 0xb820, 0xb020, 0xc081, 0xc0c2, 0xc0a1, 0xc0a1, 0xb881, 0xdb27, 0xfcce, 0xfcec, 0xfcec, 0xe52e, 0xfe73, 0xff36, 0xff16, 
	0xff16, 0xfed5, 0xfced, 0xfcec, 0xfcec, 0xfd0d, 0xf309, 0xa8c0, 0xc0a1, 0xc0a1, 0xc0a2, 0xb8a1, 0xb820, 0xb820, 0xb020, 0xb861, 
	0xc0c2, 0xc0a1, 0xc0a1, 0xb881, 0xc244, 0xfcae, 0xfcec, 0xfcec, 0xed0d, 0xfe11, 0xff36, 0xff16, 0xff16, 0xff16, 0xfd2e, 0xf4ec, 
	0xfcec, 0xfd0c, 0xfbcb, 0xa900, 0xc0a1, 0xc0a1, 0xc0a2, 0xc0a2, 0xb820, 0xb820, 0xb820, 0xb820, 0xc0a1, 0xc0a2, 0xc081, 0xc081, 
	0xb1a2, 0xfc6d, 0xfcec, 0xfcec, 0xf4ed, 0xfd8f, 0xff16, 0xff16, 0xff16, 0xff16, 0xfd8f, 0xf4ed, 0xfcec, 0xfcec, 0xfc6d, 0xb1a2, 
	0xc081, 0xc081, 0xc0a2, 0xc0a1, 0xb820, 0xb820, 0xb820, 0xb820, 0xc081, 0xc0a2, 0xc0a1, 0xc0a1, 0xa900, 0xfbcb, 0xfd0c, 0xfcec, 
	0xf4ec, 0xfd2e, 0xfef6, 0xff16, 0xff16, 0xff36, 0xfe11, 0xed0d, 0xfcec, 0xfcec, 0xfcae, 0xc244, 0xb861, 0xc081, 0xc0a1, 0xc0c2, 
	0xb861, 0xb820, 0xb820, 0xb820, 0xb8a1, 0xc0a2, 0xc0a1, 0xc0a1, 0xa8c0, 0xf309, 0xfd0d, 0xfcec, 0xfcec, 0xfced, 0xfed5, 0xff16, 
	0xff16, 0xff36, 0xfe73, 0xed2e, 0xfcec, 0xfcec, 0xfcce, 0xdb27, 0xb881, 0xc0a1, 0xc0a1, 0xc0c2, 0xc081, 0xb020, 0xb820, 0xb820, 
	0xb861, 0xc0a2, 0xc0a1, 0xc0a1, 0xb0a0, 0xe226, 0xfd0d, 0xfcec, 0xfcec, 0xfccc, 0xf673, 0xfef5, 0xff16, 0xff36, 0xfeb4, 0xed6f, 
	0xfccc, 0xfcec, 0xfced, 0xec0a, 0xb8a1, 0xc0a1, 0xc0a1, 0xc0a1, 0xc081, 0xb020, 0xb820, 0xb820, 0xb840, 0xc0a2, 0xc0a1, 0xc0a1, 
	0xb0a1, 0xc963, 0xfccc, 0xfcec, 0xfcec, 0xfccc, 0xedf1, 0xfef5, 0xff16, 0xff16, 0xfef5, 0xedd0, 0xfccc, 0xfcec, 0xfcec, 0xfcec, 
	0xfc8b, 0xfc8b, 0xfc8a, 0xfc6a, 0xed8f, 0xfed5, 0xff16, 0xff16, 0xfef5, 0xedd0, 0xfc6a, 0xfc8a, 0xfc8b, 0xfc6a, 0xc0a1, 0xa800, 
	0xb800, 0xb800, 0xb820, 0xb800, 0xb800, 0xb800, 0xb000, 0xb820, 0xb800, 0xb800, 0xb000, 0xb000, 0xeb88, 0xfc8c, 0xfc8a, 0xfc6a, 
	0xe52e, 0xfeb4, 0xff36, 0xff16, 0xfef5, 0xf653, 0xfc6a, 0xfc8b, 0xfc8b, 0xfcab, 0xd984, 0xa000, 0xb800, 0xb800, 0xb800, 0xb820, 
	0xb800, 0xb800, 0xb000, 0xb820, 0xb800, 0xb000, 0xb800, 0xb000, 0xd2a5, 0xfc6c, 0xfc8a, 0xfc6a, 0xe4cc, 0xfe52, 0xff36, 0xff16, 
	0xff15, 0xfeb4, 0xfc8b, 0xfc8b, 0xfc8a, 0xfcab, 0xf287, 0xa000, 0xb800, 0xb800, 0xb000, 0xb820, 0xb800, 0xb800, 0xb000, 0xb820, 
	0xb800, 0xb000, 0xb800, 0xb000, 0xb9c2, 0xfc4c, 0xfc8a, 0xfc8a, 0xe4ab, 0xfdd0, 0xff36, 0xff16, 0xff15, 0xff15, 0xfcec, 0xf48b, 
	0xfc8a, 0xfcab, 0xfb4a, 0xa040, 0xb800, 0xb800, 0xb000, 0xb820, 0xb800, 0xb800, 0xb800, 0xb800, 0xb800, 0xb000, 0xb800, 0xb800, 
	0xa8e0, 0xfbec, 0xfc8a, 0xfc8a, 0xec8b, 0xfd4e, 0xff16, 0xff16, 0xff16, 0xff16, 0xfd4e, 0xec8b, 0xfc8a, 0xfc8a, 0xfbec, 0xa8e0, 
	0xb800, 0xb800, 0xb000, 0xb800, 0xb800, 0xb800, 0xb800, 0xb800, 0xb800, 0xb000, 0xb800, 0xb800, 0xa040, 0xfb4a, 0xfcab, 0xfc8a, 
	0xf48b, 0xfcec, 0xff15, 0xff15, 0xff16, 0xff36, 0xfdd0, 0xe4ab, 0xfc8a, 0xfc8a, 0xfc4c, 0xb9c2, 0xb000, 0xb800, 0xb000, 0xb800, 
	0xb820, 0xb000, 0xb800, 0xb800, 0xb820, 0xb000, 0xb800, 0xb800, 0xa000, 0xea67, 0xfcab, 0xfc8a, 0xfc8b, 0xfc8b, 0xfeb4, 0xff15, 
	0xff16, 0xff36, 0xfe52, 0xe4cc, 0xfc6a, 0xfc8a, 0xfc6c, 0xd2c5, 0xb000, 0xb800, 0xb000, 0xb800, 0xb820, 0xb000, 0xb800, 0xb800, 
	0xb820, 0xb800, 0xb800, 0xb800, 0xa800, 0xd984, 0xfcab, 0xfc8b, 0xfc8b, 0xfc6a, 0xf653, 0xfef5, 0xff16, 0xff36, 0xfeb4, 0xe52e, 
	0xfc6a, 0xfc8a, 0xfc8c, 0xeb88, 0xb000, 0xb000, 0xb800, 0xb800, 0xb820, 0xb000, 0xb800, 0xb800, 0xb800, 0xb820, 0xb800, 0xb800, 
	0xa800, 0xc0a2, 0xfc6b, 0xfc6b, 0xfc8a, 0xfc6a, 0xedd0, 0xfef5, 0xff16, 0xff16, 0xfed5, 0xed8f, 0xfc6a, 0xfc8a, 0xfc8b, 0xfc8b, 
	0xfc8b, 0xfc8b, 0xfc8b, 0xfc6a, 0xed8f, 0xfed5, 0xff16, 0xff16, 0xfef5, 0xedd0, 0xfc6a, 0xfc8b, 0xfc8b, 0xfc8b, 0xc0c2, 0xa800, 
	0xb800, 0xb800, 0xb820, 0xb800, 0xb800, 0xb800, 0xb800, 0xb820, 0xb800, 0xb800, 0xb800, 0xb000, 0xeb88, 0xfc8c, 0xfc8b, 0xfc8a, 
	0xe52e, 0xfeb4, 0xff36, 0xff16, 0xfef5, 0xf653, 0xfc8b, 0xfc8b, 0xfc8b, 0xfcab, 0xd9a5, 0xa000, 0xb800, 0xb800, 0xb820, 0xb820, 
	0xb800, 0xb800, 0xb000, 0xb840, 0xb800, 0xb800, 0xb800, 0xb000, 0xd2c5, 0xfc8c, 0xfc8b, 0xfc8b, 0xe4ed, 0xfe52, 0xff36, 0xff16, 
	0xff15, 0xfeb4, 0xfcab, 0xfc8b, 0xfc8b, 0xfccb, 0xf288, 0xa020, 0xb800, 0xb800, 0xb800, 0xb840, 0xb800, 0xb800, 0xb000, 0xb820, 
	0xb820, 0xb000, 0xb800, 0xb000, 0xb9c2, 0xfc6c, 0xfc8b, 0xfc8b, 0xecac, 0xfdd0, 0xff36, 0xff16, 0xff15, 0xff15, 0xfcec, 0xf48b, 
	0xfc8b, 0xfcab, 0xfb6a, 0xa060, 0xb800, 0xb800, 0xb000, 0xb840, 0xb800, 0xb800, 0xb800, 0xb800, 0xb800, 0xb800, 0xb800, 0xb800, 
	0xa900, 0xfc0c, 0xfcab, 0xfc8b, 0xec8b, 0xfd4e, 0xff16, 0xff16, 0xff16, 0xff16, 0xfd4e, 0xec8b, 0xfc8b, 0xfcab, 0xfc0c, 0xa900, 
	0xb800, 0xb800, 0xb800, 0xb800, 0xb800, 0xb800, 0xb800, 0xb800, 0xb820, 0xb800, 0xb800, 0xb800, 0xa060, 0xfb6a, 0xfcab, 0xfc8b, 
	0xf4ab, 0xfcec, 0xff15, 0xff15, 0xff16, 0xff36, 0xfdd0, 0xecac, 0xfc8b, 0xfc8b, 0xfc6c, 0xb9e2, 0xb000, 0xb800, 0xb000, 0xb820, 
	0xb820, 0xb000, 0xb800, 0xb800, 0xb841, 0xb020, 0xb800, 0xb800, 0xa020, 0xf287, 0xfccb, 0xfc8b, 0xfc8b, 0xfcab, 0xfeb4, 0xff15, 
	0xff16, 0xff36, 0xfe52, 0xe4ed, 0xfc8b, 0xfc8b, 0xfc8c, 0xd2c5, 0xb000, 0xb800, 0xb800, 0xb800, 0xb840, 0xb000, 0xb800, 0xb800, 
	0xb820, 0xb820, 0xb800, 0xb800, 0xa800, 0xd9a5, 0xfcab, 0xfc8b, 0xfc8b, 0xfc8b, 0xf653, 0xfef5, 0xff16, 0xff36, 0xfeb4, 0xe52e, 
	0xfc8a, 0xfc8b, 0xfc8c, 0xeba8, 0xb000, 0xb800, 0xb800, 0xb800, 0xb820, 0xb800, 0xb800, 0xb800, 0xb800, 0xb820, 0xb800, 0xb800, 
	0xa800, 0xc0c2, 0xfc8b, 0xfc8b, 0xfc8b, 0xfc6a, 0xedd0, 0xfef5, 0xff16, 0xff16, 0xfed5, 0xed8f, 0xfc6a, 0xfc8b, 0xfc8b, 0xfc8b, 
	0xfcab, 0xfcab, 0xfcab, 0xfcab, 0xedb0, 0xfef5, 0xff36, 0xff36, 0xff15, 0xedf1, 0xfcab, 0xfcab, 0xfcab, 0xfcab, 0xc8c2, 0xb000, 
	0xb800, 0xb800, 0xb820, 0xb000, 0xb000, 0xb000, 0xb000, 0xb800, 0xb800, 0xb800, 0xb000, 0xb000, 0xeba8, 0xfcac, 0xfcab, 0xfcab, 
	0xe54e, 0xfed4, 0xff56, 0xff36, 0xff16, 0xf673, 0xfcab, 0xfcab, 0xfcab, 0xfcec, 0xd9a5, 0xa800, 0xb800, 0xb800, 0xb800, 0xb800, 
	0xb000, 0xb000, 0xb000, 0xb800, 0xb800, 0xb800, 0xb800, 0xb000, 0xd2e6, 0xfcad, 0xfcab, 0xfcab, 0xe50d, 0xfe72, 0xff57, 0xff36, 
	0xff16, 0xfed5, 0xfccc, 0xfcab, 0xfccb, 0xfcec, 0xf2a8, 0xa020, 0xb800, 0xb800, 0xb800, 0xb820, 0xb000, 0xb000, 0xb000, 0xb800, 
	0xb820, 0xb000, 0xb800, 0xb000, 0xb9e2, 0xfc8d, 0xfcab, 0xfcab, 0xeccc, 0xfdf1, 0xff57, 0xff36, 0xff16, 0xff16, 0xfd0d, 0xf4cb, 
	0xfccb, 0xfccb, 0xfb8a, 0xa060, 0xb800, 0xb800, 0xb800, 0xb820, 0xb000, 0xb000, 0xb000, 0xb000, 0xb800, 0xb800, 0xb800, 0xb800, 
	0xa900, 0xfc2c, 0xfccb, 0xfccb, 0xf4cc, 0xfd6e, 0xff36, 0xff36, 0xff36, 0xff36, 0xfd6e, 0xf4cc, 0xfccb, 0xfccb, 0xfc2c, 0xa900, 
	0xb800, 0xb800, 0xb800, 0xb800, 0xb000, 0xb000, 0xb000, 0xb000, 0xb800, 0xb800, 0xb800, 0xb800, 0xa060, 0xfb8b, 0xfccb, 0xfccb, 
	0xf4cb, 0xfd0d, 0xff16, 0xff16, 0xff36, 0xff57, 0xfdf1, 0xeccc, 0xfcab, 0xfcab, 0xfc8d, 0xb9e2, 0xb000, 0xb800, 0xb000, 0xb800, 
	0xb800, 0xb000, 0xb000, 0xb000, 0xb820, 0xb800, 0xb800, 0xb800, 0xa020, 0xf288, 0xfcec, 0xfccb, 0xfcab, 0xfccb, 0xfed5, 0xff16, 
	0xff36, 0xff57, 0xfe72, 0xe50d, 0xfcab, 0xfcab, 0xfcad, 0xd2e6, 0xb000, 0xb800, 0xb000, 0xb800, 0xb820, 0xb000, 0xb000, 0xb000, 
	0xb800, 0xb800, 0xb800, 0xb800, 0xa800, 0xd9a5, 0xfcec, 0xfcab, 0xfcab, 0xfcab, 0xf673, 0xff16, 0xff36, 0xff36, 0xfed4, 0xe54e, 
	0xfcab, 0xfcab, 0xfcac, 0xebc8, 0xb000, 0xb000, 0xb800, 0xb800, 0xb800, 0xb000, 0xb000, 0xb000, 0xb000, 0xb820, 0xb800, 0xb800, 
	0xa800, 0xc0c2, 0xfcab, 0xfcab, 0xfcab, 0xfcab, 0xedf1, 0xff15, 0xff36, 0xff36, 0xfef5, 0xedb0, 0xfc8b, 0xfcab, 0xfcab, 0xfcab, 
	0xeb89, 0xeb89, 0xeb89, 0xeb68, 0xdccd, 0xfe53, 0xfe93, 0xfe93, 0xfe53, 0xe50e, 0xeb68, 0xeb89, 0xeb89, 0xeb89, 0xc0c2, 0xb040, 
	0xb841, 0xb841, 0xb8c2, 0xc944, 0xc943, 0xc943, 0xc943, 0xc102, 0xb840, 0xb840, 0xb840, 0xb840, 0xdae7, 0xf389, 0xeb89, 0xeb88, 
	0xdc4b, 0xfe12, 0xfe93, 0xfe93, 0xfe73, 0xf5b0, 0xeb88, 0xeb89, 0xeb89, 0xf3a9, 0xd185, 0xa840, 0xb841, 0xb841, 0xb881, 0xc944, 
	0xc943, 0xc943, 0xc943, 0xc943, 0xb841, 0xb840, 0xb841, 0xb020, 0xd265, 0xf38a, 0xeb89, 0xeb88, 0xd3ea, 0xfdb1, 0xfe94, 0xfe93, 
	0xfe73, 0xfe32, 0xeba9, 0xeba9, 0xeb89, 0xeba9, 0xe226, 0xa860, 0xb841, 0xb841, 0xb060, 0xc923, 0xc943, 0xc943, 0xc943, 0xc964, 
	0xb881, 0xb040, 0xb841, 0xb820, 0xc1a3, 0xfb6a, 0xeb89, 0xeb89, 0xdba9, 0xfd2f, 0xfe94, 0xfe93, 0xfe73, 0xfe73, 0xf40a, 0xe389, 
	0xeb89, 0xeba9, 0xf2c8, 0xa880, 0xb821, 0xb841, 0xb040, 0xc0e3, 0xc963, 0xc943, 0xc943, 0xc963, 0xc0a2, 0xb040, 0xb841, 0xb820, 
	0xb101, 0xfb2a, 0xeb89, 0xeb89, 0xdba9, 0xfc8c, 0xfe94, 0xfe73, 0xfe73, 0xfe94, 0xfc8c, 0xdba9, 0xeb89, 0xeb89, 0xfb2a, 0xb101, 
	0xb820, 0xb841, 0xb040, 0xc0a2, 0xc963, 0xc943, 0xc943, 0xc963, 0xc0e2, 0xb040, 0xb841, 0xb821, 0xa880, 0xf2c8, 0xeba9, 0xeb89, 
	0xe389, 0xf40a, 0xfe73, 0xfe73, 0xfe93, 0xfe94, 0xfd2e, 0xdba9, 0xeb89, 0xeb89, 0xfb6a, 0xc1a3, 0xb820, 0xb841, 0xb040, 0xb881, 
	0xc964, 0xc943, 0xc943, 0xc943, 0xc924, 0xb060, 0xb841, 0xb841, 0xa860, 0xe226, 0xf3a9, 0xeb89, 0xeb89, 0xeba9, 0xfe12, 0xfe73, 
	0xfe93, 0xfe94, 0xfdb1, 0xd3ea, 0xeb88, 0xeb89, 0xf38a, 0xd265, 0xb020, 0xb841, 0xb840, 0xb841, 0xc943, 0xc943, 0xc943, 0xc943, 
	0xc944, 0xb881, 0xb841, 0xb841, 0xa840, 0xd185, 0xf3a9, 0xeb89, 0xeb89, 0xeb88, 0xf5b0, 0xfe73, 0xfe93, 0xfe93, 0xfe12, 0xdc4b, 
	0xeb88, 0xeb89, 0xf389, 0xdae7, 0xb840, 0xb840, 0xb840, 0xb840, 0xc102, 0xc943, 0xc943, 0xc943, 0xc944, 0xb8a1, 0xb841, 0xb841, 
	0xb040, 0xc0e2, 0xeb89, 0xeb89, 0xeb89, 0xeb68, 0xe50e, 0xfe53, 0xfe93, 0xfe93, 0xfe53, 0xdcad, 0xeb68, 0xeb89, 0xeb89, 0xeb89, 
	0xb800, 0xb800, 0xb800, 0xb000, 0xb9a2, 0xfc4c, 0xfc8a, 0xfc8a, 0xfc6d, 0xca44, 0xb000, 0xb800, 0xb000, 0xb800, 0xb820, 0xb800, 
	0xb800, 0xb800, 0xb161, 0xfc6d, 0xfccb, 0xfccb, 0xfcad, 0xd2e6, 0xb000, 0xb800, 0xb800, 0xb820, 0xb820, 0xb000, 0xb800, 0xb800, 
	0xa900, 0xfc0c, 0xfcab, 0xfc8a, 0xfc8c, 0xdb27, 0xb000, 0xb800, 0xb000, 0xb800, 0xb841, 0xb020, 0xb800, 0xb800, 0xa8c0, 0xfbec, 
	0xfccb, 0xfccb, 0xfcac, 0xebc9, 0xb800, 0xb800, 0xb800, 0xb800, 0xb841, 0xb000, 0xb800, 0xb800, 0xa060, 0xfb4a, 0xfcab, 0xfc8a, 
	0xfc8b, 0xf409, 0xb820, 0xb000, 0xb800, 0xb000, 0xb840, 0xb020, 0xb800, 0xb800, 0xa040, 0xfb2a, 0xfcec, 0xfccb, 0xfcac, 0xfc6b, 
	0xc081, 0xb000, 0xb800, 0xb800, 0xb840, 0xb000, 0xb800, 0xb800, 0xa000, 0xf288, 0xfcab, 0xfc8a, 0xfc8b, 0xfc6b, 0xc0a2, 0xb000, 
	0xb800, 0xb800, 0xb820, 0xb820, 0xb800, 0xb800, 0xa020, 0xea26, 0xfcec, 0xfcab, 0xfcab, 0xfccc, 0xd123, 0xa820, 0xb800, 0xb800, 
	0xb820, 0xb800, 0xb800, 0xb800, 0xa000, 0xd984, 0xfcab, 0xfc8b, 0xfc8b, 0xfcab, 0xd964, 0xa800, 0xb800, 0xb800, 0xb800, 0xb820, 
	0xb800, 0xb800, 0xa820, 0xd123, 0xfccc, 0xfcab, 0xfcab, 0xfcec, 0xe226, 0xa020, 0xb800, 0xb800, 0xb820, 0xb820, 0xb800, 0xb800, 
	0xb000, 0xc0a1, 0xfc6b, 0xfc8b, 0xfc8a, 0xfccb, 0xf288, 0xa000, 0xb800, 0xb800, 0xb000, 0xb840, 0xb800, 0xb800, 0xb000, 0xb881, 
	0xfc6b, 0xfcac, 0xfccb, 0xfcec, 0xfb2a, 0xa040, 0xb800, 0xb800, 0xb020, 0xb840, 0xb000, 0xb800, 0xb000, 0xb820, 0xf409, 0xfc8b, 
	0xfc8a, 0xfcab, 0xfb4a, 0xa060, 0xb800, 0xb800, 0xb000, 0xb841, 0xb800, 0xb800, 0xb000, 0xb000, 0xebc9, 0xfcac, 0xfccb, 0xfccb, 
	0xfbec, 0xa8c0, 0xb800, 0xb800, 0xb020, 0xb841, 0xb800, 0xb000, 0xb800, 0xb000, 0xdb27, 0xfc8c, 0xfc8a, 0xfcab, 0xfc0c, 0xa900, 
	0xb800, 0xb800, 0xb000, 0xb820, 0xb820, 0xb800, 0xb800, 0xb000, 0xd2c6, 0xfcad, 0xfccb, 0xfccb, 0xfc6d, 0xb161, 0xb800, 0xb800, 
	0xb800, 0xb820, 0xb800, 0xb000, 0xb800, 0xb000, 0xca44, 0xfc6d, 0xfc8a, 0xfc8a, 0xfc4c, 0xb9c2, 0xb000, 0xb800, 0xb800, 0xb800, 
	0xb800, 0xb800, 0xb800, 0xb000, 0xb9c2, 0xfc6c, 0xfcab, 0xfcab, 0xfc6d, 0xca44, 0xb000, 0xb800, 0xb800, 0xb800, 0xb800, 0xb000, 
	0xb800, 0xb800, 0xb161, 0xfc2c, 0xfcab, 0xfcab, 0xfc8c, 0xd2c5, 0xb000, 0xb800, 0xb800, 0xb800, 0xb820, 0xb000, 0xb800, 0xb800, 
	0xa900, 0xfc0c, 0xfcab, 0xfcab, 0xfc8c, 0xe327, 0xb000, 0xb800, 0xb800, 0xb800, 0xb841, 0xb000, 0xb800, 0xb800, 0xa0a0, 0xfbcb, 
	0xfcab, 0xfcab, 0xfc8c, 0xeba8, 0xb000, 0xb000, 0xb800, 0xb800, 0xb841, 0xb000, 0xb800, 0xb800, 0xa060, 0xfb4a, 0xfcab, 0xfcab, 
	0xfc8b, 0xf409, 0xb820, 0xb000, 0xb800, 0xb800, 0xb820, 0xb000, 0xb800, 0xb800, 0xa040, 0xfb09, 0xfccb, 0xfcab, 0xfc8b, 0xfc4a, 
	0xc061, 0xb000, 0xb800, 0xb800, 0xb820, 0xb800, 0xb800, 0xb800, 0xa020, 0xf288, 0xfccb, 0xfcab, 0xfc8b, 0xfc6b, 0xc0a2, 0xb000, 
	0xb800, 0xb800, 0xb820, 0xb800, 0xb800, 0xb800, 0xa000, 0xe206, 0xfccc, 0xfc8b, 0xfc8b, 0xfcab, 0xd123, 0xa800, 0xb800, 0xb800, 
	0xb820, 0xb800, 0xb800, 0xb800, 0xa800, 0xd984, 0xfcab, 0xfc8b, 0xfc8b, 0xfcab, 0xd984, 0xa800, 0xb800, 0xb800, 0xb800, 0xb820, 
	0xb800, 0xb800, 0xa800, 0xc903, 0xfcab, 0xfc8b, 0xfc8b, 0xfccc, 0xe206, 0xa000, 0xb800, 0xb800, 0xb800, 0xb820, 0xb800, 0xb800, 
	0xb000, 0xc0a2, 0xfc6b, 0xfc8b, 0xfcab, 0xfccb, 0xf288, 0xa020, 0xb800, 0xb800, 0xb800, 0xb820, 0xb800, 0xb800, 0xb000, 0xc061, 
	0xfc4a, 0xfc8b, 0xfcab, 0xfccb, 0xfb09, 0xa040, 0xb800, 0xb800, 0xb000, 0xb820, 0xb800, 0xb800, 0xb000, 0xb820, 0xf409, 0xfc8b, 
	0xfcab, 0xfcab, 0xfb6a, 0xa060, 0xb800, 0xb800, 0xb000, 0xb841, 0xb800, 0xb800, 0xb000, 0xb000, 0xeba8, 0xfc8c, 0xfcab, 0xfcab, 
	0xfbcb, 0xa0a0, 0xb800, 0xb800, 0xb000, 0xb841, 0xb800, 0xb800, 0xb800, 0xb000, 0xe327, 0xfc8c, 0xfcab, 0xfcab, 0xfc0c, 0xa900, 
	0xb800, 0xb800, 0xb000, 0xb840, 0xb800, 0xb800, 0xb800, 0xb000, 0xd2c5, 0xfc8c, 0xfcab, 0xfcab, 0xfc4c, 0xb161, 0xb800, 0xb800, 
	0xb000, 0xb820, 0xb800, 0xb000, 0xb800, 0xb000, 0xca44, 0xfc6c, 0xfcab, 0xfcab, 0xfc6c, 0xb9c2, 0xb000, 0xb800, 0xb800, 0xb800, 
	0xb800, 0xb800, 0xb800, 0xb000, 0xb9c2, 0xfc6c, 0xfcab, 0xfcab, 0xfc8d, 0xca44, 0xb000, 0xb800, 0xb800, 0xb800, 0xb800, 0xb800, 
	0xb800, 0xb800, 0xb161, 0xfc2c, 0xfcab, 0xfcab, 0xfc8c, 0xd2c5, 0xb000, 0xb800, 0xb800, 0xb800, 0xb820, 0xb000, 0xb800, 0xb800, 
	0xa900, 0xfc0c, 0xfcab, 0xfcab, 0xfc8c, 0xe327, 0xb000, 0xb800, 0xb800, 0xb800, 0xb841, 0xb000, 0xb800, 0xb800, 0xa0a0, 0xfbcb, 
	0xfcab, 0xfcab, 0xfc8c, 0xeba8, 0xb000, 0xb000, 0xb800, 0xb800, 0xc041, 0xb000, 0xb800, 0xb800, 0xa060, 0xfb6a, 0xfcab, 0xfcab, 
	0xfc8b, 0xf409, 0xb820, 0xb000, 0xb800, 0xb800, 0xb840, 0xb000, 0xb800, 0xb800, 0xa040, 0xfb09, 0xfccb, 0xfcab, 0xfc8b, 0xfc4a, 
	0xc081, 0xb000, 0xb800, 0xb800, 0xb820, 0xb800, 0xb800, 0xb800, 0xa020, 0xf288, 0xfccb, 0xfc8b, 0xfc8b, 0xfc8b, 0xc0c2, 0xa800, 
	0xb800, 0xb800, 0xb820, 0xb800, 0xb800, 0xb800, 0xa000, 0xe206, 0xfccc, 0xfc8b, 0xfc8b, 0xfcab, 0xd123, 0xa800, 0xb800, 0xb800, 
	0xb820, 0xb800, 0xb800, 0xb800, 0xa800, 0xd984, 0xfcab, 0xfc8b, 0xfc8b, 0xfcab, 0xd984, 0xa800, 0xb800, 0xb800, 0xb800, 0xb820, 
	0xb800, 0xb800, 0xa800, 0xc903, 0xfcab, 0xfc8b, 0xfc8b, 0xfccc, 0xe206, 0xa000, 0xb800, 0xb800, 0xb800, 0xb820, 0xb800, 0xb800, 
	0xa800, 0xc0a2, 0xfc8b, 0xfc8b, 0xfcab, 0xfccb, 0xf288, 0xa020, 0xb800, 0xb800, 0xb800, 0xb820, 0xb800, 0xb800, 0xb000, 0xc061, 
	0xfc4a, 0xfc8b, 0xfcab, 0xfccb, 0xfb09, 0xa040, 0xb800, 0xb800, 0xb000, 0xb840, 0xb800, 0xb800, 0xb000, 0xb820, 0xf409, 0xfc8c, 
	0xfcab, 0xfcab, 0xfb6a, 0xa060, 0xb800, 0xb800, 0xb000, 0xb841, 0xb800, 0xb800, 0xb000, 0xb000, 0xeba8, 0xfc8c, 0xfcab, 0xfcab, 
	0xfbcb, 0xa8c0, 0xb800, 0xb800, 0xb000, 0xb841, 0xb800, 0xb800, 0xb800, 0xb000, 0xe327, 0xfc8c, 0xfcab, 0xfcab, 0xfc0c, 0xa900, 
	0xb800, 0xb800, 0xb000, 0xb840, 0xb800, 0xb800, 0xb800, 0xb000, 0xd2c5, 0xfc8c, 0xfcab, 0xfcab, 0xfc2c, 0xb161, 0xb800, 0xb800, 
	0xb000, 0xb820, 0xb800, 0xb800, 0xb800, 0xb000, 0xca44, 0xfc8d, 0xfcab, 0xfcab, 0xfc6c, 0xb9c2, 0xb000, 0xb800, 0xb800, 0xb800, 
	0xb800, 0xb800, 0xb800, 0xb000, 0xc1c2, 0xfc8d, 0xfccb, 0xfccb, 0xfcad, 0xca44, 0xb000, 0xb800, 0xb800, 0xb800, 0xb800, 0xb000, 
	0xb800, 0xb000, 0xb120, 0xfc2c, 0xfc8a, 0xfc8a, 0xfc6c, 0xd285, 0xb000, 0xb000, 0xb000, 0xb000, 0xb820, 0xb800, 0xb800, 0xb800, 
	0xb100, 0xfc2c, 0xfccb, 0xfccb, 0xfccd, 0xe347, 0xb000, 0xb800, 0xb800, 0xb800, 0xb820, 0xb000, 0xb800, 0xb800, 0xa080, 0xfbab, 
	0xfc8a, 0xfc8a, 0xfc6b, 0xeb88, 0xb000, 0xb000, 0xb000, 0xb000, 0xb820, 0xb000, 0xb800, 0xb800, 0xa060, 0xfb8b, 0xfceb, 0xfccb, 
	0xfcac, 0xfc2a, 0xb820, 0xb000, 0xb800, 0xb800, 0xb820, 0xb000, 0xb800, 0xb800, 0xa000, 0xfac9, 0xfcab, 0xfc8a, 0xfc6b, 0xfc2a, 
	0xb820, 0xa800, 0xb000, 0xb000, 0xb800, 0xb800, 0xb800, 0xb800, 0xa020, 0xf2a8, 0xfcec, 0xfccb, 0xfcab, 0xfcab, 0xc8c2, 0xb000, 
	0xb800, 0xb800, 0xb820, 0xb000, 0xb800, 0xb800, 0xa000, 0xe1e6, 0xfcab, 0xfc6a, 0xfc6a, 0xfc8b, 0xc8e2, 0xa800, 0xb800, 0xb800, 
	0xb000, 0xb800, 0xb800, 0xb800, 0xa800, 0xd9a5, 0xfcec, 0xfccb, 0xfccb, 0xfcec, 0xd984, 0xa800, 0xb800, 0xb800, 0xb800, 0xb000, 
	0xb800, 0xb800, 0xa800, 0xc8e2, 0xfc8b, 0xfc6a, 0xfc6a, 0xfcab, 0xe1c5, 0xa000, 0xb800, 0xb800, 0xb000, 0xb820, 0xb800, 0xb800, 
	0xb000, 0xc8c2, 0xfcab, 0xfcab, 0xfccb, 0xfcec, 0xf2a8, 0xa020, 0xb800, 0xb800, 0xb800, 0xb800, 0xb000, 0xb000, 0xa800, 0xb820, 
	0xfc2a, 0xfc6b, 0xfc8a, 0xfcab, 0xfae9, 0xa000, 0xb800, 0xb800, 0xb000, 0xb820, 0xb800, 0xb800, 0xb000, 0xb820, 0xfc2a, 0xfcac, 
	0xfccb, 0xfceb, 0xfb8b, 0xa060, 0xb800, 0xb800, 0xb000, 0xb820, 0xb000, 0xb000, 0xb000, 0xb000, 0xeb88, 0xfc6b, 0xfc8a, 0xfc8a, 
	0xfbab, 0xa080, 0xb800, 0xb800, 0xb000, 0xb820, 0xb800, 0xb800, 0xb800, 0xb000, 0xe347, 0xfccd, 0xfccb, 0xfccb, 0xfc2c, 0xb100, 
	0xb800, 0xb800, 0xb000, 0xb820, 0xb000, 0xb000, 0xb000, 0xb000, 0xd285, 0xfc6c, 0xfc8a, 0xfc8a, 0xfc2c, 0xb120, 0xb000, 0xb800, 
	0xb000, 0xb800, 0xb800, 0xb800, 0xb800, 0xb000, 0xca44, 0xfcad, 0xfccb, 0xfccb, 0xfc8d, 0xc1c2, 0xb000, 0xb800, 0xb800, 0xb800, 
	0xb820, 0xb820, 0xb820, 0xb820, 0x9183, 0xb287, 0x8ae7, 0x8ae7, 0xaa87, 0x91c4, 0xb800, 0xb820, 0xb840, 0xb841, 0xd245, 0xda87, 
	0xda86, 0xda66, 0xd389, 0xfdb1, 0xfe11, 0xfe11, 0xfdd1, 0xe48c, 0xda66, 0xda86, 0xda86, 0xdaa6, 0xc8e2, 0xb040, 0xb820, 0xb820, 
	0x9122, 0xba47, 0x8ae7, 0x8ae7, 0xa2a7, 0x9a46, 0xb820, 0xb820, 0xb840, 0xb820, 0xd205, 0xe287, 0xda86, 0xda86, 0xcb07, 0xfd30, 
	0xfe11, 0xfdf1, 0xfdf1, 0xf54f, 0xda86, 0xda86, 0xda86, 0xdaa7, 0xd164, 0xa840, 0xb820, 0xb820, 0x98c1, 0xb9e6, 0x8ae7, 0x8ae7, 
	0x9ac7, 0x9aa7, 0xb861, 0xb040, 0xb820, 0xb800, 0xc183, 0xe287, 0xda86, 0xda86, 0xcac6, 0xfcae, 0xfe11, 0xfdf1, 0xfdf1, 0xfdb0, 
	0xe2e7, 0xd286, 0xda86, 0xdaa6, 0xd9e6, 0xa860, 0xb820, 0xb820, 0x9881, 0xb985, 0x92e8, 0x8ae7, 0x92c7, 0x92c7, 0xb8a2, 0xa860, 
	0xb820, 0xb800, 0xb901, 0xe267, 0xda86, 0xda86, 0xcaa6, 0xfc0b, 0xfe11, 0xfdf1, 0xfdf1, 0xfdf1, 0xeb69, 0xd2a6, 0xda86, 0xdaa6, 
	0xe226, 0xb0a0, 0xb820, 0xb820, 0xa060, 0xb903, 0x92e8, 0x92e7, 0x92e7, 0x92e8, 0xb903, 0xa060, 0xb820, 0xb820, 0xb0a0, 0xe226, 
	0xdaa6, 0xda86, 0xd2a6, 0xeb69, 0xfdf1, 0xfdf1, 0xfdf1, 0xfe11, 0xfc0b, 0xcaa6, 0xda86, 0xda86, 0xe267, 0xb901, 0xb800, 0xb820, 
	0xa860, 0xb8a2, 0x92c7, 0x92c7, 0x8ae7, 0x92e8, 0xb985, 0x9881, 0xb820, 0xb820, 0xa860, 0xd9e6, 0xdaa6, 0xda86, 0xd286, 0xe2e7, 
	0xfdb0, 0xfdf1, 0xfdf1, 0xfe11, 0xfcce, 0xc2c6, 0xda86, 0xda86, 0xe287, 0xc183, 0xb800, 0xb820, 0xb040, 0xb861, 0x9aa7, 0x9ac7, 
	0x8ae7, 0x8ae7, 0xb9e6, 0x98c1, 0xb820, 0xb820, 0xa840, 0xd164, 0xe2a7, 0xda86, 0xda86, 0xda86, 0xf54f, 0xfdf1, 0xfdf1, 0xfe11, 
	0xfd50, 0xcb27, 0xda86, 0xda86, 0xe287, 0xd205, 0xb820, 0xb840, 0xb840, 0xb820, 0x9246, 0xa2a7, 0x8ae7, 0x8ae7, 0xba47, 0x9122, 
	0xb820, 0xb820, 0xb040, 0xc0e3, 0xdaa6, 0xda86, 0xda86, 0xda66, 0xe48c, 0xfdd1, 0xfe11, 0xfe11, 0xfdb1, 0xd389, 0xda66, 0xda86, 
	0xda87, 0xd246, 0xb841, 0xb040, 0xb820, 0xb800, 0x91c4, 0xaa87, 0x8ae7, 0x8ae7, 0xb267, 0x9183, 0xb800, 0xb820, 0xb820, 0xb820, 
	0xb800, 0xb800, 0xb800, 0xc000, 0x60e3, 0x5061, 0x1923, 0x1923, 0x4881, 0x5903, 0xb800, 0xb800, 0xb000, 0xb820, 0xf42a, 0xfccc, 
	0xfccb, 0xfcab, 0xed8f, 0xfef5, 0xff56, 0xff56, 0xff15, 0xf652, 0xfcab, 0xfccb, 0xfccc, 0xfccc, 0xd143, 0xa800, 0xc000, 0xc000, 
	0x78e3, 0x6061, 0x1923, 0x1923, 0x38a2, 0x4903, 0xb800, 0xb800, 0xb800, 0xb000, 0xe367, 0xfccd, 0xfccb, 0xfccb, 0xe52e, 0xfeb3, 
	0xff57, 0xff56, 0xff36, 0xfeb4, 0xfccb, 0xfccb, 0xfccb, 0xfd0c, 0xea26, 0xa000, 0xc000, 0xc000, 0x80c2, 0x7841, 0x1903, 0x2103, 
	0x30c2, 0x3923, 0xb020, 0xb000, 0xb800, 0xb000, 0xca64, 0xfcad, 0xfccb, 0xfccb, 0xeced, 0xfe32, 0xff57, 0xff36, 0xff36, 0xff16, 
	0xfd0c, 0xfccc, 0xfccb, 0xfcec, 0xfb29, 0xa040, 0xc000, 0xc000, 0x9082, 0x8861, 0x2103, 0x2103, 0x28e3, 0x2903, 0xa820, 0xa820, 
	0xb800, 0xb800, 0xb161, 0xfc6d, 0xfccb, 0xfccb, 0xecec, 0xfdd0, 0xff57, 0xff36, 0xff36, 0xff36, 0xfd4e, 0xf4cc, 0xfccb, 0xfceb, 
	0xfbeb, 0xa0a0, 0xb800, 0xc000, 0xa061, 0x9820, 0x2103, 0x2103, 0x2103, 0x2103, 0x9800, 0xa061, 0xc000, 0xb800, 0xa0a0, 0xfbeb, 
	0xfceb, 0xfccb, 0xf4cc, 0xfd4e, 0xff36, 0xff36, 0xff36, 0xff57, 0xfdd0, 0xecec, 0xfccb, 0xfccb, 0xfc6d, 0xb161, 0xb800, 0xb800, 
	0xa820, 0xa820, 0x2903, 0x28e3, 0x2103, 0x2103, 0x8841, 0x9082, 0xc000, 0xc000, 0xa040, 0xfb29, 0xfcec, 0xfccb, 0xfccc, 0xfcec, 
	0xff15, 0xff36, 0xff36, 0xff57, 0xfe52, 0xed0d, 0xfccb, 0xfccb, 0xfcad, 0xca64, 0xb000, 0xb800, 0xb000, 0xb020, 0x3923, 0x30c2, 
	0x2103, 0x1903, 0x7040, 0x80c2, 0xc000, 0xc000, 0xa000, 0xea26, 0xfd0c, 0xfccb, 0xfccb, 0xfccb, 0xfeb4, 0xff36, 0xff56, 0xff57, 
	0xfeb3, 0xed4e, 0xfccb, 0xfccb, 0xfccd, 0xe367, 0xb000, 0xb800, 0xb800, 0xb800, 0x4924, 0x38a2, 0x1923, 0x1923, 0x6061, 0x78e3, 
	0xc000, 0xc000, 0xa800, 0xd143, 0xfccc, 0xfccc, 0xfccb, 0xfcab, 0xf652, 0xff15, 0xff56, 0xff56, 0xfef5, 0xed8f, 0xfcab, 0xfccb, 
	0xfccc, 0xf42a, 0xb820, 0xb000, 0xb800, 0xb800, 0x5903, 0x4881, 0x1923, 0x1923, 0x5061, 0x6103, 0xb800, 0xb800, 0xb800, 0xb800, 
	0xb800, 0xb800, 0xb800, 0xc000, 0x60e3, 0x58a1, 0x2944, 0x2944, 0x50a1, 0x6103, 0xb800, 0xb800, 0xb000, 0xb820, 0xf3e9, 0xfc8c, 
	0xfc8b, 0xfc8a, 0xe56f, 0xfed4, 0xff16, 0xff16, 0xfef5, 0xf612, 0xfc6a, 0xfc8b, 0xfc8b, 0xfcab, 0xd123, 0xa800, 0xc000, 0xc000, 
	0x7903, 0x6881, 0x2144, 0x2944, 0x40c2, 0x5124, 0xb800, 0xb800, 0xb800, 0xb000, 0xe327, 0xfc8c, 0xfc8b, 0xfc8a, 0xe50d, 0xfe93, 
	0xff36, 0xff16, 0xff15, 0xfe94, 0xfc8b, 0xfc8b, 0xfc8b, 0xfccc, 0xe226, 0xa000, 0xc000, 0xc000, 0x80c2, 0x7881, 0x2944, 0x2944, 
	0x3902, 0x4144, 0xb020, 0xb000, 0xb800, 0xb000, 0xca44, 0xfc8d, 0xfc8b, 0xfc8b, 0xe4cc, 0xfe11, 0xff36, 0xff16, 0xff16, 0xfef5, 
	0xfccc, 0xf48b, 0xfc8b, 0xfcab, 0xfb09, 0xa040, 0xc000, 0xc000, 0x9081, 0x9081, 0x2923, 0x2943, 0x3123, 0x3923, 0xa840, 0xa820, 
	0xb800, 0xb800, 0xb161, 0xfc2c, 0xfc8b, 0xfc8b, 0xecac, 0xfd8f, 0xff36, 0xff16, 0xff16, 0xff16, 0xfd2d, 0xf48b, 0xfc8b, 0xfcab, 
	0xfbab, 0xa8a0, 0xb800, 0xb800, 0xa041, 0x9840, 0x3123, 0x3123, 0x3123, 0x2923, 0x9820, 0xa061, 0xb800, 0xb800, 0xa8a0, 0xfbcb, 
	0xfcab, 0xfc8b, 0xf48b, 0xfd0d, 0xff16, 0xff16, 0xff16, 0xff36, 0xfd8f, 0xecab, 0xfc8b, 0xfc8b, 0xfc4c, 0xb161, 0xb800, 0xb800, 
	0xa820, 0xa820, 0x3923, 0x3103, 0x2943, 0x2923, 0x9061, 0x9081, 0xc000, 0xc000, 0xa040, 0xfb09, 0xfcab, 0xfc8b, 0xf48b, 0xfccc, 
	0xfef5, 0xff16, 0xff16, 0xff36, 0xfe11, 0xe4cc, 0xfc8b, 0xfc8b, 0xfc8d, 0xca44, 0xb000, 0xb800, 0xb000, 0xb020, 0x4144, 0x3902, 
	0x2944, 0x2944, 0x7881, 0x80c2, 0xc000, 0xc000, 0xa000, 0xe206, 0xfccc, 0xfc8b, 0xfc8b, 0xfc8b, 0xfe94, 0xff15, 0xff16, 0xff36, 
	0xfe93, 0xe50d, 0xfc8a, 0xfc8b, 0xfc8c, 0xe327, 0xb000, 0xb800, 0xb800, 0xb800, 0x5144, 0x40c2, 0x2944, 0x2144, 0x6881, 0x7903, 
	0xc000, 0xc000, 0xa800, 0xd123, 0xfcab, 0xfc8b, 0xfc8b, 0xfc6a, 0xf612, 0xfef5, 0xff16, 0xff16, 0xfed4, 0xe56f, 0xfc8a, 0xfc8b, 
	0xfc8c, 0xf409, 0xb820, 0xb000, 0xb800, 0xb800, 0x6103, 0x50a1, 0x2944, 0x2944, 0x58a1, 0x6903, 0xb800, 0xb800, 0xb800, 0xb800, 
	0xb800, 0xb800, 0xb800, 0xb800, 0x60e3, 0x5881, 0x2944, 0x2944, 0x50a1, 0x6103, 0xb800, 0xb800, 0xb000, 0xb820, 0xf3e9, 0xfc8c, 
	0xfc8b, 0xfc8a, 0xe56f, 0xfed4, 0xff36, 0xff36, 0xfef5, 0xf612, 0xfc8a, 0xfc8b, 0xfc8b, 0xfcab, 0xd123, 0xa800, 0xc000, 0xb800, 
	0x7903, 0x6881, 0x2144, 0x2944, 0x40c2, 0x5123, 0xb800, 0xb800, 0xb800, 0xb000, 0xe327, 0xfc8c, 0xfc8b, 0xfc8b, 0xe50d, 0xfe93, 
	0xff36, 0xff16, 0xff15, 0xfe94, 0xfc8b, 0xfc8b, 0xfc8b, 0xfccc, 0xe226, 0xa000, 0xc000, 0xc000, 0x80c2, 0x7881, 0x2944, 0x2944, 
	0x3902, 0x4144, 0xb020, 0xb000, 0xb800, 0xb000, 0xca44, 0xfc8d, 0xfc8a, 0xfc8a, 0xe4cc, 0xfe11, 0xff36, 0xff16, 0xff16, 0xfef5, 
	0xfccc, 0xf4ab, 0xfc8b, 0xfccb, 0xfb09, 0xa040, 0xb800, 0xc000, 0x9081, 0x9061, 0x2923, 0x2943, 0x3103, 0x3923, 0xa820, 0xa820, 
	0xb800, 0xb800, 0xb161, 0xfc4c, 0xfcab, 0xfc8b, 0xecab, 0xfdaf, 0xff36, 0xff16, 0xff16, 0xff16, 0xfd2d, 0xf48b, 0xfc8b, 0xfcab, 
	0xfbcb, 0xa8a0, 0xb800, 0xc000, 0xa060, 0x9840, 0x3123, 0x3123, 0x3123, 0x2923, 0x9820, 0xa040, 0xc000, 0xb800, 0xa8a0, 0xfbcb, 
	0xfcab, 0xfc8b, 0xf48b, 0xfd2d, 0xff16, 0xff16, 0xff16, 0xff36, 0xfdaf, 0xecab, 0xfc8b, 0xfcab, 0xfc4c, 0xb161, 0xb800, 0xb800, 
	0xa820, 0xa820, 0x3923, 0x3103, 0x2943, 0x2923, 0x9061, 0x9081, 0xc000, 0xb800, 0xa040, 0xfb09, 0xfccb, 0xfc8b, 0xfcab, 0xfccc, 
	0xfef5, 0xff16, 0xff16, 0xff36, 0xfe11, 0xe4cc, 0xfc8a, 0xfc8a, 0xfc8d, 0xca44, 0xb000, 0xb800, 0xb000, 0xb020, 0x4144, 0x3902, 
	0x2944, 0x2944, 0x7861, 0x80c2, 0xc000, 0xc000, 0xa000, 0xe206, 0xfccc, 0xfc8b, 0xfc8b, 0xfc8b, 0xfe94, 0xff15, 0xff16, 0xff36, 
	0xfe93, 0xe50d, 0xfc8b, 0xfc8b, 0xfc8c, 0xe347, 0xb000, 0xb800, 0xb800, 0xb800, 0x5144, 0x40c2, 0x2944, 0x2144, 0x6881, 0x78e3, 
	0xb800, 0xc000, 0xa800, 0xd123, 0xfcab, 0xfc8b, 0xfc8b, 0xfc8a, 0xf612, 0xfef5, 0xff16, 0xff36, 0xfed4, 0xe56f, 0xfc8a, 0xfc8b, 
	0xfc8c, 0xf409, 0xb820, 0xb000, 0xb800, 0xb800, 0x6103, 0x50a1, 0x2944, 0x2944, 0x58a1, 0x6903, 0xb800, 0xb800, 0xb800, 0xb800, 
	0xb800, 0xb800, 0xb800, 0xb800, 0x6903, 0x58a1, 0x2964, 0x2964, 0x50c2, 0x6124, 0xb800, 0xb800, 0xb000, 0xb820, 0xf409, 0xfcac, 
	0xfcab, 0xfc8b, 0xed6f, 0xfed4, 0xff36, 0xff36, 0xff15, 0xf632, 0xfc8b, 0xfc8b, 0xfcab, 0xfcac, 0xd143, 0xa820, 0xc000, 0xc000, 
	0x7903, 0x68a2, 0x2944, 0x2964, 0x48e2, 0x5144, 0xb820, 0xb800, 0xb800, 0xb000, 0xe347, 0xfc8c, 0xfcab, 0xfcab, 0xe50d, 0xfe73, 
	0xff36, 0xff16, 0xff15, 0xf694, 0xfcab, 0xfcab, 0xfcab, 0xfccc, 0xea27, 0xa020, 0xc000, 0xc000, 0x88e2, 0x7881, 0x2944, 0x2944, 
	0x3903, 0x4144, 0xb041, 0xb020, 0xb800, 0xb000, 0xca64, 0xfc8d, 0xfcab, 0xfcab, 0xe4cc, 0xfe11, 0xff36, 0xff16, 0xff16, 0xfef5, 
	0xfcec, 0xf4ab, 0xfcab, 0xfccc, 0xfb09, 0xa040, 0xc000, 0xc000, 0x90a2, 0x9082, 0x2944, 0x2944, 0x3923, 0x3944, 0xa841, 0xa841, 
	0xb800, 0xb800, 0xb181, 0xfc4d, 0xfcab, 0xfcab, 0xeccc, 0xfdaf, 0xff36, 0xff16, 0xff16, 0xff16, 0xfd2d, 0xf4ab, 0xfcab, 0xfccb, 
	0xfbcb, 0xa8c0, 0xb800, 0xc000, 0xa061, 0x9841, 0x3144, 0x3144, 0x3144, 0x3143, 0x9840, 0xa061, 0xc000, 0xb800, 0xa8c0, 0xfbcb, 
	0xfcab, 0xfcab, 0xf4ab, 0xfd2d, 0xff16, 0xff16, 0xff16, 0xff36, 0xfdaf, 0xeccc, 0xfcab, 0xfcab, 0xfc4d, 0xb181, 0xb800, 0xb800, 
	0xa841, 0xa841, 0x3944, 0x3923, 0x2944, 0x2944, 0x9081, 0x90a2, 0xc000, 0xc000, 0xa040, 0xfb09, 0xfccc, 0xfcab, 0xf4ab, 0xfccc, 
	0xfef5, 0xff16, 0xff16, 0xff36, 0xfe32, 0xe4cc, 0xfcab, 0xfcab, 0xfc8d, 0xca64, 0xb000, 0xb800, 0xb020, 0xb041, 0x4144, 0x3903, 
	0x2944, 0x2944, 0x7881, 0x88e2, 0xc000, 0xc000, 0xa020, 0xe226, 0xfccc, 0xfcab, 0xfcab, 0xfcab, 0xfe94, 0xff15, 0xff16, 0xff36, 
	0xfe93, 0xe50d, 0xfcab, 0xfcab, 0xfc8c, 0xe347, 0xb000, 0xb800, 0xb800, 0xb820, 0x5144, 0x48e3, 0x2964, 0x2944, 0x68a2, 0x7903, 
	0xc000, 0xc000, 0xa820, 0xd144, 0xfcac, 0xfcab, 0xfc8b, 0xfc8b, 0xf632, 0xff15, 0xff36, 0xff36, 0xfed4, 0xed6f, 0xfc8b, 0xfcab, 
	0xfcac, 0xf409, 0xb840, 0xb000, 0xb800, 0xb800, 0x6124, 0x50c2, 0x2964, 0x2964, 0x58a2, 0x6923, 0xb800, 0xb800, 0xb800, 0xb800, 
	0xb820, 0xb820, 0xb820, 0xb820, 0x6903, 0x58c2, 0x2964, 0x2964, 0x50c2, 0x6144, 0xb820, 0xb820, 0xb840, 0xb840, 0xc102, 0xc102, 
	0xc902, 0xc0e2, 0xc244, 0xfcce, 0xfd2d, 0xfd2d, 0xfd0e, 0xdb68, 0xc0e2, 0xc102, 0xc102, 0xc902, 0xc081, 0xb040, 0xc020, 0xc020, 
	0x7924, 0x68a2, 0x2964, 0x2964, 0x48e3, 0x5144, 0xb840, 0xb840, 0xb840, 0xb840, 0xc102, 0xc102, 0xc902, 0xc8e2, 0xb1a2, 0xfc4d, 
	0xfd2d, 0xfd2d, 0xfd0e, 0xec4b, 0xc102, 0xc102, 0xc102, 0xc902, 0xc0e2, 0xb040, 0xc020, 0xc020, 0x88e3, 0x80a2, 0x2964, 0x2964, 
	0x4103, 0x4964, 0xb061, 0xb041, 0xb820, 0xb820, 0xc0c2, 0xc903, 0xc902, 0xc902, 0xb141, 0xfbab, 0xfd4d, 0xfd2d, 0xfd0e, 0xfced, 
	0xc963, 0xc102, 0xc102, 0xc102, 0xc8e3, 0xb040, 0xb820, 0xb820, 0x90c2, 0x90a2, 0x2964, 0x2964, 0x3944, 0x3944, 0xa861, 0xa861, 
	0xb820, 0xb820, 0xb881, 0xc903, 0xc902, 0xc902, 0xb121, 0xeae8, 0xfd4e, 0xfd2d, 0xfd0d, 0xfd2d, 0xda05, 0xb901, 0xc902, 0xc902, 
	0xc8e3, 0xb860, 0xb820, 0xb820, 0xa081, 0x9881, 0x3144, 0x3144, 0x3144, 0x3144, 0x9861, 0xa081, 0xb820, 0xb820, 0xb860, 0xc903, 
	0xc902, 0xc902, 0xb901, 0xda05, 0xfd2d, 0xfd0d, 0xfd2d, 0xfd4e, 0xeac8, 0xb121, 0xc902, 0xc902, 0xc903, 0xb881, 0xb820, 0xb820, 
	0xa861, 0xa861, 0x3944, 0x3944, 0x2964, 0x2964, 0x9082, 0x90c2, 0xb820, 0xb820, 0xb040, 0xc8e3, 0xc102, 0xc102, 0xc102, 0xc963, 
	0xfccd, 0xfd0e, 0xfd2d, 0xfd4d, 0xfbab, 0xb142, 0xc902, 0xc902, 0xc903, 0xc0c2, 0xb820, 0xb820, 0xb040, 0xb061, 0x4964, 0x4103, 
	0x2964, 0x2964, 0x80a2, 0x88e3, 0xc020, 0xc020, 0xb040, 0xc0c2, 0xc902, 0xc102, 0xc102, 0xc102, 0xec4b, 0xfd0e, 0xfd2d, 0xfd2d, 
	0xfc4d, 0xb1a2, 0xc8e2, 0xc902, 0xc103, 0xc102, 0xb840, 0xb840, 0xb840, 0xb840, 0x5164, 0x48e3, 0x2964, 0x2964, 0x68a2, 0x7924, 
	0xc020, 0xc020, 0xb040, 0xc0a2, 0xc122, 0xc102, 0xc902, 0xc0c2, 0xdb68, 0xfd0e, 0xfd2d, 0xfd2d, 0xfcce, 0xc244, 0xc0e2, 0xc902, 
	0xc102, 0xc102, 0xb840, 0xb840, 0xb820, 0xb820, 0x6144, 0x50c2, 0x2964, 0x2964, 0x58c2, 0x6924, 0xb820, 0xb820, 0xb820, 0xb820, 
	0xb800, 0xb800, 0xb800, 0xb800, 0x60e3, 0x5881, 0x2944, 0x2944, 0x50a1, 0x6103, 0xb800, 0xb800, 0xb800, 0xb800, 0xb800, 0xb000, 
	0xb800, 0xb000, 0xb120, 0xfc2c, 0xfc8a, 0xfc8a, 0xfc6c, 0xd2a5, 0xb000, 0xb800, 0xb000, 0xb800, 0xb820, 0xb000, 0xb800, 0xb800, 
	0x78e3, 0x6881, 0x2144, 0x2944, 0x40c2, 0x5123, 0xb800, 0xb800, 0xb800, 0xb800, 0xb820, 0xb000, 0xb800, 0xb800, 0xa080, 0xfbab, 
	0xfc8a, 0xfc8a, 0xfc8b, 0xeb88, 0xb000, 0xb000, 0xb000, 0xb000, 0xb840, 0xb000, 0xb800, 0xb800, 0x88c2, 0x7861, 0x2944, 0x2944, 
	0x38e2, 0x4144, 0xb020, 0xb000, 0xb800, 0xb800, 0xb820, 0xb000, 0xb800, 0xb800, 0xa020, 0xfae9, 0xfcab, 0xfc8a, 0xfc8b, 0xfc4a, 
	0xb840, 0xb000, 0xb800, 0xb800, 0xb800, 0xb800, 0xb800, 0xb800, 0x9081, 0x9061, 0x2923, 0x2943, 0x3103, 0x3923, 0xa820, 0xa820, 
	0xb800, 0xb800, 0xb820, 0xb000, 0xb800, 0xb800, 0xa000, 0xe1e6, 0xfcab, 0xfc8a, 0xfc6b, 0xfc8b, 0xc8e2, 0xa800, 0xb800, 0xb800, 
	0xb800, 0xb800, 0xb800, 0xb800, 0xa060, 0x9840, 0x2923, 0x2923, 0x3123, 0x2923, 0x9820, 0xa040, 0xb800, 0xb800, 0xb800, 0xb800, 
	0xb800, 0xb800, 0xa800, 0xc8e2, 0xfc8b, 0xfc6b, 0xfc8a, 0xfcab, 0xe1e5, 0xa000, 0xb800, 0xb800, 0xb000, 0xb820, 0xb800, 0xb800, 
	0xa820, 0xa820, 0x3923, 0x3103, 0x2943, 0x2923, 0x8861, 0x9081, 0xb800, 0xb800, 0xb800, 0xb800, 0xb000, 0xb800, 0xb000, 0xb840, 
	0xf42a, 0xfc8b, 0xfc8a, 0xfcab, 0xfae9, 0xa020, 0xb800, 0xb800, 0xb000, 0xb820, 0xb800, 0xb800, 0xb000, 0xb020, 0x4144, 0x38e2, 
	0x2944, 0x2944, 0x7861, 0x80c2, 0xb800, 0xb800, 0xb000, 0xb820, 0xb000, 0xb000, 0xb000, 0xb000, 0xeb88, 0xfc8b, 0xfc8a, 0xfc8a, 
	0xfbab, 0xa080, 0xb800, 0xb800, 0xb000, 0xb820, 0xb800, 0xb800, 0xb800, 0xb800, 0x5124, 0x40c2, 0x2944, 0x2144, 0x6881, 0x78e3, 
	0xb800, 0xb800, 0xb000, 0xb820, 0xb000, 0xb000, 0xb800, 0xb000, 0xd2a5, 0xfc6c, 0xfc8a, 0xfc8a, 0xfc2c, 0xb140, 0xb000, 0xb800, 
	0xb000, 0xb800, 0xb800, 0xb800, 0xb800, 0xb800, 0x6103, 0x50a1, 0x2944, 0x2144, 0x58a1, 0x6903, 0xb800, 0xb800, 0xb800, 0xb800, 
	0xb800, 0xb800, 0xb800, 0xc000, 0x60e3, 0x58a1, 0x2944, 0x2944, 0x50a1, 0x6103, 0xb800, 0xb800, 0xb800, 0xb800, 0xb800, 0xb800, 
	0xb800, 0xb800, 0xb161, 0xfc2c, 0xfcab, 0xfcab, 0xfc8c, 0xd2c5, 0xb000, 0xb800, 0xb800, 0xb800, 0xb820, 0xb000, 0xb800, 0xb800, 
	0x7903, 0x6881, 0x2144, 0x2944, 0x40c2, 0x5124, 0xb800, 0xb800, 0xb800, 0xb800, 0xb841, 0xb000, 0xb800, 0xb800, 0xa0a0, 0xfbcb, 
	0xfcab, 0xfcab, 0xfc8c, 0xeba8, 0xb000, 0xb000, 0xb800, 0xb800, 0xc041, 0xb000, 0xb800, 0xb800, 0x80c2, 0x7881, 0x2944, 0x2944, 
	0x3902, 0x4144, 0xb020, 0xb000, 0xb800, 0xb800, 0xb840, 0xb000, 0xb800, 0xb800, 0xa040, 0xfb09, 0xfccb, 0xfcab, 0xfc8b, 0xfc4a, 
	0xc081, 0xb000, 0xb800, 0xb800, 0xb820, 0xb800, 0xb800, 0xb800, 0x9081, 0x9081, 0x2923, 0x2943, 0x3123, 0x3923, 0xa840, 0xa820, 
	0xb800, 0xb800, 0xb820, 0xb800, 0xb800, 0xb800, 0xa000, 0xe206, 0xfccc, 0xfc8b, 0xfc8b, 0xfcab, 0xd123, 0xa800, 0xb800, 0xb800, 
	0xb820, 0xb800, 0xb800, 0xb800, 0xa060, 0x9840, 0x3123, 0x3123, 0x3123, 0x2923, 0x9820, 0xa061, 0xb800, 0xb800, 0xb800, 0xb820, 
	0xb800, 0xb800, 0xa800, 0xc903, 0xfcab, 0xfc8b, 0xfc8b, 0xfccc, 0xe206, 0xa000, 0xb800, 0xb800, 0xb800, 0xb820, 0xb800, 0xb800, 
	0xa820, 0xa820, 0x3923, 0x3103, 0x2943, 0x2923, 0x9061, 0x9081, 0xb800, 0xb800, 0xb800, 0xb820, 0xb800, 0xb800, 0xb000, 0xc061, 
	0xfc4a, 0xfc8b, 0xfcab, 0xfccb, 0xfb09, 0xa040, 0xb800, 0xb800, 0xb000, 0xb840, 0xb800, 0xb800, 0xb000, 0xb020, 0x4144, 0x3902, 
	0x2944, 0x2944, 0x7881, 0x80c2, 0xb800, 0xb800, 0xb000, 0xb841, 0xb800, 0xb800, 0xb000, 0xb000, 0xeba8, 0xfc8c, 0xfcab, 0xfcab, 
	0xfbcb, 0xa8c0, 0xb800, 0xb800, 0xb000, 0xb841, 0xb800, 0xb800, 0xb800, 0xb800, 0x5144, 0x40c2, 0x2944, 0x2144, 0x6881, 0x7903, 
	0xb800, 0xb800, 0xb000, 0xb840, 0xb800, 0xb800, 0xb800, 0xb000, 0xd2c5, 0xfc8c, 0xfcab, 0xfcab, 0xfc2c, 0xb161, 0xb800, 0xb800, 
	0xb000, 0xb820, 0xb800, 0xb800, 0xb800, 0xb800, 0x6103, 0x50a1, 0x2944, 0x2944, 0x58a1, 0x6903, 0xb800, 0xb800, 0xb800, 0xb800, 
	0xb800, 0xb800, 0xc000, 0xc000, 0x60e2, 0x5881, 0x2944, 0x2944, 0x50a1, 0x6103, 0xc000, 0xc000, 0xb800, 0xb800, 0xb800, 0xb800, 
	0xb800, 0xb800, 0xb161, 0xfc4d, 0xfccb, 0xfccb, 0xfcad, 0xd2c5, 0xb000, 0xb800, 0xb800, 0xb800, 0xc020, 0xb800, 0xc000, 0xc000, 
	0x7903, 0x6881, 0x2144, 0x2944, 0x40c2, 0x5123, 0xb800, 0xb800, 0xb800, 0xb800, 0xb841, 0xb000, 0xb800, 0xb800, 0xa0a0, 0xfbcb, 
	0xfccb, 0xfccb, 0xfcac, 0xeba9, 0xb000, 0xb000, 0xb800, 0xb800, 0xc040, 0xb800, 0xc000, 0xc000, 0x88c2, 0x8061, 0x2944, 0x2944, 
	0x38e2, 0x4144, 0xb820, 0xb000, 0xb800, 0xb800, 0xb820, 0xb800, 0xb800, 0xb800, 0xa040, 0xfb09, 0xfceb, 0xfccb, 0xfcac, 0xfc6b, 
	0xc061, 0xb000, 0xb800, 0xb800, 0xb820, 0xb800, 0xc000, 0xc000, 0x9081, 0x9061, 0x2923, 0x2943, 0x3103, 0x3923, 0xa820, 0xa820, 
	0xb800, 0xb800, 0xb820, 0xb800, 0xb800, 0xb800, 0xa000, 0xe226, 0xfcec, 0xfcab, 0xfcab, 0xfccc, 0xd123, 0xa800, 0xb800, 0xb800, 
	0xb800, 0xb800, 0xc000, 0xc000, 0xa040, 0xa040, 0x2923, 0x3123, 0x3123, 0x2923, 0x9820, 0xa041, 0xc000, 0xc000, 0xb800, 0xb800, 
	0xb800, 0xb800, 0xa800, 0xd123, 0xfcab, 0xfcab, 0xfcab, 0xfcec, 0xe206, 0xa000, 0xb800, 0xb800, 0xb800, 0xb820, 0xb800, 0xb800, 
	0xa820, 0xa820, 0x3923, 0x3103, 0x2943, 0x2923, 0x9061, 0x9081, 0xc000, 0xc000, 0xb800, 0xb820, 0xb800, 0xb800, 0xb000, 0xc061, 
	0xfc6a, 0xfcac, 0xfccb, 0xfceb, 0xfb09, 0xa040, 0xb800, 0xb800, 0xb800, 0xb820, 0xb800, 0xb800, 0xb000, 0xb820, 0x4144, 0x38e2, 
	0x2944, 0x2944, 0x8061, 0x88c2, 0xc000, 0xc000, 0xb800, 0xc040, 0xb800, 0xb800, 0xb000, 0xb000, 0xebc8, 0xfcac, 0xfccb, 0xfccb, 
	0xfbec, 0xa0a0, 0xb800, 0xb800, 0xb000, 0xc041, 0xb800, 0xb800, 0xb800, 0xb800, 0x5144, 0x40c2, 0x2944, 0x2144, 0x6881, 0x7903, 
	0xc000, 0xc000, 0xb800, 0xc020, 0xb800, 0xb800, 0xb800, 0xb000, 0xd2c5, 0xfcad, 0xfccb, 0xfccb, 0xfc4d, 0xb161, 0xb800, 0xb800, 
	0xb000, 0xb820, 0xb800, 0xb800, 0xc000, 0xc000, 0x6103, 0x50a1, 0x2944, 0x2144, 0x5881, 0x6903, 0xc000, 0xc000, 0xb800, 0xb800, 
	0xa061, 0xa061, 0xa841, 0xa841, 0x6103, 0x58c2, 0x2964, 0x2964, 0x50e2, 0x5944, 0xa841, 0xa841, 0xa061, 0xa061, 0xb840, 0xb020, 
	0xb820, 0xb800, 0xb141, 0xfbab, 0xec09, 0xec09, 0xfbeb, 0xd285, 0xb000, 0xb820, 0xb820, 0xb840, 0xa881, 0xa041, 0xa841, 0xa840, 
	0x7124, 0x60c2, 0x2964, 0x2964, 0x4103, 0x5144, 0xa061, 0xa061, 0xa061, 0xa061, 0xb881, 0xb040, 0xb820, 0xb800, 0xa8c0, 0xfb4a, 
	0xf409, 0xec09, 0xfbea, 0xe348, 0xb820, 0xb820, 0xb820, 0xb820, 0xa8a2, 0xa041, 0xa841, 0xa841, 0x7903, 0x70c2, 0x2964, 0x2964, 
	0x3923, 0x4964, 0xa081, 0x9861, 0xa061, 0xa041, 0xb061, 0xb041, 0xb820, 0xb820, 0xa860, 0xf2a8, 0xf40a, 0xf409, 0xf3ea, 0xf3a9, 
	0xc081, 0xb020, 0xb820, 0xb820, 0xb081, 0xa841, 0xa841, 0xa841, 0x80c2, 0x80c2, 0x2944, 0x3164, 0x3943, 0x3944, 0x9881, 0x9881, 
	0xa041, 0xa041, 0xb061, 0xb061, 0xb820, 0xb820, 0xa840, 0xe1e6, 0xf42a, 0xf3e9, 0xf3e9, 0xf3ea, 0xc923, 0xa820, 0xb820, 0xb820, 
	0xb061, 0xa841, 0xa040, 0xa841, 0x90a2, 0x88a2, 0x3144, 0x3144, 0x3144, 0x3144, 0x8861, 0x90a2, 0xa841, 0xa040, 0xa841, 0xb061, 
	0xb820, 0xb820, 0xa820, 0xc923, 0xf3ea, 0xf3e9, 0xf3e9, 0xf42a, 0xd9e5, 0xa840, 0xb820, 0xb820, 0xb061, 0xb061, 0xa041, 0xa041, 
	0x9881, 0x9881, 0x3944, 0x3923, 0x3164, 0x2944, 0x80a2, 0x80c2, 0xa841, 0xa841, 0xa841, 0xb081, 0xb820, 0xb820, 0xb020, 0xb881, 
	0xeba9, 0xf3ea, 0xf409, 0xf40a, 0xf2a8, 0xa860, 0xb820, 0xb820, 0xb041, 0xb061, 0xa041, 0xa061, 0x9861, 0xa081, 0x4964, 0x3923, 
	0x2964, 0x2964, 0x70c2, 0x7903, 0xa841, 0xa841, 0xa841, 0xb082, 0xb820, 0xb820, 0xb820, 0xb820, 0xe348, 0xfbea, 0xec09, 0xf409, 
	0xfb4a, 0xa8c0, 0xb800, 0xb820, 0xb040, 0xb881, 0xa061, 0xa061, 0xa061, 0xa061, 0x5164, 0x4103, 0x2964, 0x2964, 0x60c2, 0x7123, 
	0xa841, 0xa841, 0xa041, 0xa882, 0xb840, 0xb820, 0xb820, 0xb000, 0xd265, 0xfbeb, 0xec09, 0xec09, 0xfbab, 0xb141, 0xb800, 0xb820, 
	0xb020, 0xb841, 0xa061, 0xa041, 0xa841, 0xa841, 0x5944, 0x50e2, 0x2964, 0x2964, 0x50c2, 0x6124, 0xa841, 0xa841, 0xa061, 0xa061, 
	0x3124, 0x3124, 0x3124, 0x3124, 0x3144, 0x3144, 0x3144, 0x3144, 0x3144, 0x3964, 0x3144, 0x3144, 0x3923, 0x3924, 0xa840, 0xa840, 
	0xb800, 0xb800, 0xb841, 0xb840, 0xb800, 0xb800, 0xb820, 0xb841, 0xb800, 0xb800, 0xb020, 0xb820, 0x4944, 0x40e3, 0x3144, 0x3144, 
	0x3964, 0x3144, 0x3123, 0x3144, 0x3123, 0x3964, 0x3144, 0x3144, 0x3144, 0x3144, 0xa081, 0x9861, 0xb800, 0xb800, 0xb820, 0xb840, 
	0xb800, 0xb800, 0xb820, 0xb861, 0xb820, 0xb800, 0xb800, 0xb800, 0x5944, 0x48c2, 0x3144, 0x3144, 0x3144, 0x3964, 0x3123, 0x3144, 
	0x3123, 0x3964, 0x3964, 0x3144, 0x3144, 0x3144, 0x9081, 0x90a2, 0xb800, 0xb800, 0xb820, 0xb861, 0xb820, 0xb820, 0xb820, 0xb841, 
	0xb840, 0xb020, 0xb800, 0xb800, 0x6924, 0x58a2, 0x3144, 0x3144, 0x3144, 0x3964, 0x3123, 0x3144, 0x3144, 0x3144, 0x3144, 0x3144, 
	0x3144, 0x2944, 0x8081, 0x88c2, 0xc000, 0xc000, 0xb020, 0xb841, 0xb820, 0xb820, 0xb820, 0xb820, 0xb820, 0xb800, 0xc000, 0xc000, 
	0x7903, 0x6881, 0x2944, 0x2944, 0x3144, 0x3144, 0x3144, 0x3144, 0x3144, 0x3144, 0x3144, 0x3144, 0x2944, 0x2944, 0x6881, 0x7903, 
	0xc000, 0xc000, 0xb800, 0xb820, 0xb820, 0xb820, 0xb820, 0xb820, 0xb840, 0xb020, 0xc000, 0xc000, 0x88c2, 0x8081, 0x2944, 0x3144, 
	0x3144, 0x3144, 0x3144, 0x3144, 0x3144, 0x3144, 0x3964, 0x3144, 0x3144, 0x3144, 0x58a2, 0x6924, 0xb800, 0xb800, 0xb020, 0xb840, 
	0xb840, 0xb820, 0xb820, 0xb820, 0xb861, 0xb820, 0xb800, 0xb800, 0x90a2, 0x9081, 0x3144, 0x3144, 0x3144, 0x3964, 0x3964, 0x3123, 
	0x3144, 0x3123, 0x3964, 0x3144, 0x3144, 0x3144, 0x48c2, 0x5944, 0xb800, 0xb800, 0xb800, 0xb820, 0xb861, 0xb820, 0xb800, 0xb800, 
	0xb840, 0xb820, 0xb800, 0xb800, 0x9861, 0xa081, 0x3144, 0x3144, 0x3144, 0x3144, 0x3964, 0x3123, 0x3144, 0x3123, 0x3144, 0x3964, 
	0x3144, 0x3144, 0x40e3, 0x5144, 0xb820, 0xb020, 0xb800, 0xb800, 0xb841, 0xb820, 0xb800, 0xb800, 0xb840, 0xb840, 0xb800, 0xb800, 
	0xa841, 0xa841, 0x3944, 0x3923, 0x3144, 0x3144, 0x3144, 0x3144, 0x3144, 0x3144, 0x3144, 0x3144, 0x3124, 0x3124, 0x3124, 0x3124, 
	0x3123, 0x3123, 0x3123, 0x3123, 0x3123, 0x3123, 0x3123, 0x3123, 0x3123, 0x3144, 0x2923, 0x2943, 0x3103, 0x3123, 0xa820, 0xa820, 
	0xb800, 0xb800, 0xb820, 0xb800, 0xb800, 0xb800, 0xb000, 0xb820, 0xb800, 0xb800, 0xb000, 0xb800, 0x4923, 0x40e2, 0x2923, 0x2923, 
	0x3144, 0x3144, 0x3123, 0x3123, 0x3123, 0x3144, 0x3123, 0x3123, 0x3123, 0x3123, 0xa061, 0x9841, 0xb800, 0xb800, 0xb820, 0xb820, 
	0xb800, 0xb800, 0xb000, 0xb820, 0xb800, 0xb000, 0xb800, 0xb800, 0x5944, 0x48c2, 0x2923, 0x2923, 0x3144, 0x3144, 0x3123, 0x3123, 
	0x3123, 0x3964, 0x3144, 0x2923, 0x2943, 0x2923, 0x8861, 0x9081, 0xb800, 0xb800, 0xb800, 0xb820, 0xb000, 0xb800, 0xb000, 0xb820, 
	0xb820, 0xb000, 0xb800, 0xb800, 0x6903, 0x58a1, 0x2923, 0x2943, 0x3123, 0x3164, 0x3123, 0x3123, 0x3123, 0x3144, 0x3144, 0x2923, 
	0x2943, 0x2943, 0x7861, 0x80c2, 0xc000, 0xc000, 0xb000, 0xb820, 0xb800, 0xb800, 0xb800, 0xb800, 0xb800, 0xb000, 0xc000, 0xc000, 
	0x78e3, 0x6881, 0x2943, 0x2943, 0x2923, 0x3144, 0x3123, 0x3123, 0x3123, 0x3123, 0x3123, 0x3123, 0x2943, 0x2943, 0x6881, 0x78e3, 
	0xc000, 0xc000, 0xb000, 0xb800, 0xb800, 0xb800, 0xb800, 0xb800, 0xb820, 0xb800, 0xc000, 0xc000, 0x80c2, 0x7861, 0x2943, 0x2943, 
	0x2923, 0x3144, 0x3144, 0x3123, 0x3123, 0x3123, 0x3164, 0x3123, 0x2943, 0x2923, 0x58a1, 0x6923, 0xb800, 0xb800, 0xb000, 0xb820, 
	0xb800, 0xb000, 0xb800, 0xb000, 0xb840, 0xb800, 0xb800, 0xb800, 0x9081, 0x9061, 0x2923, 0x2943, 0x2923, 0x3144, 0x3964, 0x3123, 
	0x3123, 0x3123, 0x3144, 0x3144, 0x2923, 0x2923, 0x48c2, 0x5944, 0xb800, 0xb800, 0xb000, 0xb800, 0xb820, 0xb000, 0xb800, 0xb800, 
	0xb820, 0xb820, 0xb800, 0xb800, 0xa060, 0xa061, 0x3123, 0x3123, 0x3123, 0x3123, 0x3964, 0x3123, 0x3123, 0x3123, 0x3144, 0x3144, 
	0x2923, 0x2923, 0x40e2, 0x4944, 0xb800, 0xb000, 0xb800, 0xb800, 0xb820, 0xb000, 0xb800, 0xb800, 0xb800, 0xb820, 0xb800, 0xb800, 
	0xa820, 0xa840, 0x3923, 0x3103, 0x3123, 0x2923, 0x3144, 0x3123, 0x3123, 0x3123, 0x3123, 0x3144, 0x2923, 0x3123, 0x3123, 0x3123, 
	0x3123, 0x3123, 0x3123, 0x3123, 0x3123, 0x3123, 0x3123, 0x3123, 0x3123, 0x3144, 0x3123, 0x3123, 0x3123, 0x3923, 0xa820, 0xa820, 
	0xb800, 0xb800, 0xb820, 0xb800, 0xb800, 0xb800, 0xb800, 0xb820, 0xb800, 0xb800, 0xb000, 0xb800, 0x4923, 0x40e2, 0x2923, 0x2923, 
	0x3144, 0x3144, 0x3123, 0x3123, 0x3123, 0x3144, 0x3123, 0x3123, 0x3123, 0x3123, 0xa061, 0x9841, 0xb800, 0xb800, 0xb820, 0xb820, 
	0xb800, 0xb800, 0xb000, 0xb840, 0xb800, 0xb800, 0xb800, 0xb800, 0x5944, 0x48c2, 0x2923, 0x2923, 0x3144, 0x3144, 0x3123, 0x3123, 
	0x3123, 0x3964, 0x3144, 0x3123, 0x2923, 0x2923, 0x9061, 0x9081, 0xb800, 0xb800, 0xb800, 0xb840, 0xb800, 0xb800, 0xb000, 0xb820, 
	0xb820, 0xb000, 0xb800, 0xb800, 0x6923, 0x58a1, 0x2943, 0x2943, 0x3123, 0x3964, 0x3123, 0x3123, 0x3123, 0x3144, 0x3144, 0x3123, 
	0x2943, 0x2923, 0x7861, 0x88c2, 0xb800, 0xb800, 0xb000, 0xb840, 0xb800, 0xb800, 0xb800, 0xb800, 0xb800, 0xb800, 0xb800, 0xb800, 
	0x78e3, 0x6881, 0x2943, 0x2943, 0x3123, 0x3144, 0x3123, 0x3123, 0x3123, 0x3123, 0x3123, 0x3123, 0x2943, 0x2943, 0x6881, 0x78e3, 
	0xb800, 0xb800, 0xb800, 0xb800, 0xb800, 0xb800, 0xb800, 0xb800, 0xb820, 0xb800, 0xb800, 0xb800, 0x88c2, 0x8061, 0x2923, 0x2943, 
	0x3123, 0x3144, 0x3144, 0x3123, 0x3123, 0x3123, 0x3144, 0x3123, 0x2943, 0x2943, 0x58a1, 0x6923, 0xb800, 0xb800, 0xb000, 0xb820, 
	0xb820, 0xb000, 0xb800, 0xb800, 0xb841, 0xb020, 0xb800, 0xb800, 0x9081, 0x9061, 0x2923, 0x2923, 0x3123, 0x3144, 0x3964, 0x3123, 
	0x3123, 0x3123, 0x3144, 0x3144, 0x2923, 0x2923, 0x48c2, 0x5944, 0xb800, 0xb800, 0xb800, 0xb800, 0xb840, 0xb000, 0xb800, 0xb800, 
	0xb820, 0xb820, 0xb800, 0xb800, 0x9860, 0xa061, 0x3123, 0x3123, 0x3123, 0x3123, 0x3964, 0x3123, 0x3123, 0x3123, 0x3144, 0x3144, 
	0x2923, 0x2923, 0x40e2, 0x4944, 0xb800, 0xb000, 0xb800, 0xb800, 0xb820, 0xb800, 0xb800, 0xb800, 0xb800, 0xb820, 0xb800, 0xb800, 
	0xa820, 0xa840, 0x3923, 0x3123, 0x3123, 0x3123, 0x3144, 0x3123, 0x3123, 0x3123, 0x3123, 0x3144, 0x3123, 0x3123, 0x3123, 0x3123, 
	0x3123, 0x3123, 0x3123, 0x3123, 0x3123, 0x3123, 0x3123, 0x3123, 0x3123, 0x3144, 0x3123, 0x3123, 0x3103, 0x3923, 0xb020, 0xb020, 
	0xc000, 0xc000, 0xb820, 0xb800, 0xb800, 0xb800, 0xb800, 0xb820, 0xc000, 0xc000, 0xb800, 0xb800, 0x4923, 0x40e2, 0x2923, 0x2923, 
	0x3144, 0x3144, 0x3123, 0x3123, 0x3123, 0x3144, 0x3123, 0x3123, 0x3123, 0x3123, 0xa061, 0xa041, 0xc000, 0xc000, 0xb820, 0xb820, 
	0xb800, 0xb800, 0xb000, 0xb820, 0xc000, 0xb800, 0xc000, 0xc000, 0x5944, 0x48c2, 0x2923, 0x2923, 0x3144, 0x3144, 0x3123, 0x3123, 
	0x3123, 0x3964, 0x3144, 0x3123, 0x2923, 0x2923, 0x9061, 0x9881, 0xc000, 0xc000, 0xb800, 0xc020, 0xb800, 0xb800, 0xb000, 0xb820, 
	0xc020, 0xb800, 0xc000, 0xc000, 0x6903, 0x5881, 0x2943, 0x2943, 0x3123, 0x3964, 0x3123, 0x3123, 0x3123, 0x3144, 0x3144, 0x3123, 
	0x2943, 0x2923, 0x8061, 0x88a2, 0xc000, 0xc000, 0xb800, 0xc020, 0xb800, 0xb800, 0xb800, 0xb800, 0xc000, 0xb800, 0xc000, 0xc000, 
	0x78e3, 0x6881, 0x2923, 0x2943, 0x3123, 0x3144, 0x3123, 0x3123, 0x3123, 0x3123, 0x3123, 0x3123, 0x2943, 0x2923, 0x6881, 0x78e3, 
	0xc000, 0xc000, 0xb800, 0xc000, 0xb800, 0xb800, 0xb800, 0xb800, 0xc020, 0xb800, 0xc000, 0xc000, 0x88c2, 0x8061, 0x2923, 0x2943, 
	0x3123, 0x3144, 0x3144, 0x3123, 0x3123, 0x3123, 0x3144, 0x3123, 0x2943, 0x2943, 0x5881, 0x6903, 0xc000, 0xc000, 0xb800, 0xc020, 
	0xb820, 0xb000, 0xb800, 0xb800, 0xc040, 0xb800, 0xc000, 0xc000, 0x9881, 0x9061, 0x2923, 0x2923, 0x3123, 0x3144, 0x3964, 0x3123, 
	0x3123, 0x3123, 0x3144, 0x3144, 0x2923, 0x2923, 0x48c2, 0x5944, 0xc000, 0xc000, 0xb800, 0xc000, 0xb820, 0xb000, 0xb800, 0xb800, 
	0xb820, 0xb820, 0xc000, 0xc000, 0xa040, 0xa041, 0x3123, 0x3123, 0x3123, 0x3123, 0x3964, 0x3123, 0x3123, 0x3123, 0x3144, 0x3144, 
	0x2923, 0x2923, 0x40e2, 0x4944, 0xb800, 0xb800, 0xc000, 0xc000, 0xb820, 0xb800, 0xb800, 0xb800, 0xb800, 0xb820, 0xc000, 0xc000, 
	0xb020, 0xb020, 0x3923, 0x3103, 0x3123, 0x3123, 0x3144, 0x3123, 0x3123, 0x3123, 0x3123, 0x3144, 0x3123, 0x3123, 0x3123, 0x3123, 
	0x3144, 0x3144, 0x3144, 0x3144, 0x3144, 0x3144, 0x3144, 0x3144, 0x3144, 0x3164, 0x3144, 0x3144, 0x3944, 0x3944, 0x78c2, 0x78c2, 
	0x80a2, 0x80a1, 0xa061, 0xa082, 0xb820, 0xb820, 0xa861, 0xa861, 0x80a2, 0x80a2, 0x80a2, 0x80a2, 0x4144, 0x3923, 0x3144, 0x3144, 
	0x3164, 0x3164, 0x3144, 0x3144, 0x3144, 0x3964, 0x3144, 0x3144, 0x3144, 0x3144, 0x78e3, 0x70c2, 0x80a2, 0x80a1, 0x9861, 0xa0a2, 
	0xb820, 0xb820, 0xa841, 0xb061, 0x80a2, 0x80a2, 0x80a2, 0x80a2, 0x5165, 0x4103, 0x3144, 0x3144, 0x3164, 0x3964, 0x3144, 0x3144, 
	0x3144, 0x3984, 0x3164, 0x3144, 0x3144, 0x3144, 0x68e3, 0x6903, 0x80a2, 0x80a2, 0x9081, 0x98c2, 0xb820, 0xb820, 0xb040, 0xb861, 
	0x88c2, 0x8081, 0x80a2, 0x80a2, 0x5144, 0x4903, 0x3144, 0x3144, 0x3144, 0x3985, 0x3144, 0x3144, 0x3144, 0x3164, 0x3164, 0x3144, 
	0x3144, 0x3144, 0x60e3, 0x6903, 0x80a2, 0x80a2, 0x8881, 0x90c2, 0xb820, 0xb820, 0xb820, 0xb840, 0x88a2, 0x8881, 0x80a2, 0x80a2, 
	0x5924, 0x50e3, 0x3144, 0x3144, 0x3144, 0x3164, 0x3144, 0x3144, 0x3144, 0x3144, 0x3144, 0x3144, 0x3144, 0x3144, 0x50e3, 0x6124, 
	0x80a2, 0x80a2, 0x8881, 0x88a2, 0xb840, 0xb820, 0xb820, 0xb820, 0x90a2, 0x8881, 0x80a2, 0x80a2, 0x6903, 0x60e3, 0x3144, 0x3144, 
	0x3144, 0x3164, 0x3164, 0x3144, 0x3144, 0x3144, 0x3964, 0x3144, 0x3144, 0x3144, 0x4903, 0x5144, 0x80a2, 0x80a2, 0x8081, 0x88c2, 
	0xb861, 0xb040, 0xb820, 0xb820, 0x98c2, 0x9081, 0x80a2, 0x80a2, 0x6903, 0x68e3, 0x3144, 0x3144, 0x3144, 0x3164, 0x3984, 0x3144, 
	0x3144, 0x3144, 0x3964, 0x3164, 0x3144, 0x3144, 0x4103, 0x5164, 0x80a2, 0x80a2, 0x80a2, 0x80a2, 0xb081, 0xa841, 0xb820, 0xb820, 
	0xa0a2, 0x9861, 0x80a1, 0x80a2, 0x70c2, 0x70e3, 0x3144, 0x3144, 0x3144, 0x3144, 0x3984, 0x3144, 0x3144, 0x3144, 0x3164, 0x3164, 
	0x3144, 0x3144, 0x3903, 0x4164, 0x80c2, 0x80a2, 0x80a2, 0x80a2, 0xa861, 0xa861, 0xb820, 0xb820, 0xa082, 0xa061, 0x80a1, 0x80a2, 
	0x78c2, 0x78c2, 0x3944, 0x3144, 0x3144, 0x3144, 0x3164, 0x3144, 0x3144, 0x3144, 0x3144, 0x3164, 0x3144, 0x3144, 0x3144, 0x3144, 
	0x3123, 0x3123, 0x3123, 0x3123, 0x3123, 0x3123, 0x3123, 0x3123, 0x3123, 0x3144, 0x3123, 0x3123, 0x3123, 0x3123, 0x2944, 0x2923, 
	0x2144, 0x2144, 0x7881, 0x80c2, 0xc000, 0xc000, 0x9861, 0x9061, 0x2944, 0x2944, 0x2923, 0x2944, 0x3144, 0x3123, 0x3123, 0x3123, 
	0x3144, 0x3144, 0x3123, 0x3123, 0x3123, 0x3144, 0x3123, 0x3123, 0x3123, 0x3123, 0x3164, 0x2923, 0x2144, 0x2144, 0x6881, 0x7103, 
	0xc000, 0xc000, 0xa040, 0xa041, 0x2944, 0x2923, 0x2944, 0x2944, 0x3964, 0x3123, 0x3123, 0x3123, 0x3144, 0x3144, 0x3123, 0x3123, 
	0x3123, 0x3964, 0x3144, 0x3123, 0x3123, 0x3123, 0x3164, 0x2923, 0x2144, 0x2144, 0x50a2, 0x6124, 0xc000, 0xc000, 0xa820, 0xb041, 
	0x3944, 0x3123, 0x2944, 0x2944, 0x3164, 0x3143, 0x3123, 0x3123, 0x3123, 0x3964, 0x3123, 0x3123, 0x3123, 0x3144, 0x3144, 0x3123, 
	0x3123, 0x3123, 0x3144, 0x2944, 0x2144, 0x2144, 0x48c2, 0x5124, 0xb800, 0xb800, 0xb000, 0xb800, 0x4123, 0x3902, 0x2144, 0x2144, 
	0x3144, 0x3144, 0x3123, 0x3123, 0x3123, 0x3144, 0x3123, 0x3123, 0x3123, 0x3123, 0x3123, 0x3123, 0x3123, 0x3123, 0x3144, 0x3144, 
	0x2144, 0x2144, 0x3902, 0x4123, 0xb800, 0xb000, 0xb800, 0xb800, 0x5123, 0x48c2, 0x2144, 0x2144, 0x2944, 0x3144, 0x3123, 0x3123, 
	0x3123, 0x3144, 0x3144, 0x3123, 0x3123, 0x3123, 0x3964, 0x3123, 0x3123, 0x3123, 0x3143, 0x3164, 0x2944, 0x2944, 0x3123, 0x3944, 
	0xb020, 0xa820, 0xc000, 0xc000, 0x6944, 0x50a2, 0x2144, 0x2144, 0x2923, 0x3164, 0x3123, 0x3123, 0x3123, 0x3144, 0x3964, 0x3123, 
	0x3123, 0x3123, 0x3144, 0x3144, 0x3123, 0x3123, 0x3123, 0x3164, 0x2944, 0x2944, 0x2923, 0x2944, 0xa061, 0xa040, 0xc000, 0xc000, 
	0x7103, 0x6881, 0x2144, 0x2144, 0x2923, 0x3164, 0x3123, 0x3123, 0x3123, 0x3123, 0x3964, 0x3123, 0x3123, 0x3123, 0x3144, 0x3144, 
	0x3123, 0x3123, 0x3123, 0x3164, 0x2944, 0x2923, 0x2944, 0x2944, 0x9041, 0x9861, 0xc000, 0xc000, 0x80c2, 0x7881, 0x2144, 0x2144, 
	0x2923, 0x2944, 0x3144, 0x3123, 0x3123, 0x3123, 0x3144, 0x3123, 0x3123, 0x3123, 0x3123, 0x3144, 0x3123, 0x3123, 0x3123, 0x3123, 
	0x3123, 0x3123, 0x3123, 0x3123, 0x3123, 0x3123, 0x3123, 0x3123, 0x3123, 0x3144, 0x3123, 0x3123, 0x3123, 0x3123, 0x3144, 0x3123, 
	0x2943, 0x2923, 0x7881, 0x80c2, 0xc000, 0xc000, 0x9861, 0x9841, 0x2923, 0x2923, 0x3123, 0x3123, 0x3144, 0x3123, 0x3123, 0x3123, 
	0x3144, 0x3144, 0x3123, 0x3123, 0x3123, 0x3144, 0x3123, 0x3123, 0x3123, 0x3123, 0x3964, 0x3123, 0x2943, 0x2923, 0x6881, 0x78e3, 
	0xc000, 0xc000, 0xa040, 0xa841, 0x3124, 0x3123, 0x3123, 0x3123, 0x3964, 0x3123, 0x3123, 0x3123, 0x3144, 0x3144, 0x3123, 0x3123, 
	0x3123, 0x3964, 0x3144, 0x3123, 0x3123, 0x3123, 0x3964, 0x3123, 0x2943, 0x2943, 0x58a1, 0x6923, 0xc000, 0xc000, 0xa820, 0xb040, 
	0x4144, 0x3903, 0x3123, 0x3123, 0x3144, 0x3123, 0x3123, 0x3123, 0x3123, 0x3964, 0x3123, 0x3123, 0x3123, 0x3144, 0x3144, 0x3123, 
	0x3123, 0x3123, 0x3144, 0x3144, 0x2923, 0x2923, 0x48c2, 0x5924, 0xb800, 0xb800, 0xb000, 0xb800, 0x4923, 0x40e2, 0x2923, 0x2923, 
	0x3144, 0x3144, 0x3123, 0x3123, 0x3123, 0x3144, 0x3123, 0x3123, 0x3123, 0x3123, 0x3123, 0x3123, 0x3123, 0x3123, 0x3144, 0x3144, 
	0x2923, 0x2923, 0x40e2, 0x4923, 0xb800, 0xb000, 0xb800, 0xb800, 0x5923, 0x48c2, 0x2923, 0x2923, 0x3144, 0x3144, 0x3123, 0x3123, 
	0x3123, 0x3144, 0x3144, 0x3123, 0x3123, 0x3123, 0x3144, 0x3123, 0x3123, 0x3123, 0x3123, 0x3144, 0x3123, 0x3123, 0x3903, 0x3923, 
	0xb040, 0xa820, 0xc000, 0xc000, 0x6924, 0x58a1, 0x2943, 0x2943, 0x3123, 0x3964, 0x3123, 0x3123, 0x3123, 0x3144, 0x3964, 0x3123, 
	0x3123, 0x3123, 0x3144, 0x3144, 0x3123, 0x3123, 0x3123, 0x3964, 0x3123, 0x3123, 0x3123, 0x3124, 0xa061, 0xa040, 0xc000, 0xc000, 
	0x78e3, 0x6881, 0x2923, 0x2943, 0x3123, 0x3964, 0x3123, 0x3123, 0x3123, 0x3123, 0x3964, 0x3123, 0x3123, 0x3123, 0x3144, 0x3144, 
	0x3123, 0x3123, 0x3123, 0x3964, 0x3144, 0x3123, 0x2923, 0x2923, 0x9841, 0x9861, 0xc000, 0xc000, 0x80c2, 0x7881, 0x2923, 0x2943, 
	0x3123, 0x3144, 0x3144, 0x3123, 0x3123, 0x3123, 0x3144, 0x3123, 0x3123, 0x3123, 0x3123, 0x3144, 0x3123, 0x3123, 0x3123, 0x3123, 
	0x3123, 0x3123, 0x3123, 0x3123, 0x3123, 0x3123, 0x3123, 0x3123, 0x3123, 0x3144, 0x3123, 0x3123, 0x3123, 0x3123, 0x3144, 0x3123, 
	0x2943, 0x2923, 0x7881, 0x80c2, 0xc000, 0xc000, 0x9861, 0x9841, 0x2923, 0x2923, 0x3123, 0x3123, 0x3144, 0x3123, 0x3123, 0x3123, 
	0x3144, 0x3144, 0x3123, 0x3123, 0x3123, 0x3144, 0x3123, 0x3123, 0x3123, 0x3123, 0x3964, 0x3123, 0x2943, 0x2923, 0x6881, 0x78e3, 
	0xc000, 0xc000, 0xa040, 0xa841, 0x3123, 0x3123, 0x3123, 0x3123, 0x3964, 0x3123, 0x3123, 0x3123, 0x3144, 0x3144, 0x3123, 0x3123, 
	0x3123, 0x3964, 0x3144, 0x3123, 0x3123, 0x3123, 0x3964, 0x3123, 0x2943, 0x2943, 0x58a1, 0x6923, 0xc000, 0xc000, 0xa820, 0xb040, 
	0x4144, 0x3903, 0x3123, 0x3123, 0x3144, 0x3123, 0x3123, 0x3123, 0x3123, 0x3964, 0x3123, 0x3123, 0x3123, 0x3144, 0x3144, 0x3123, 
	0x3123, 0x3123, 0x3144, 0x3144, 0x2923, 0x2923, 0x48c2, 0x5923, 0xb800, 0xb800, 0xb000, 0xb800, 0x4923, 0x40e2, 0x2923, 0x2923, 
	0x3144, 0x3123, 0x3123, 0x3123, 0x3123, 0x3144, 0x3123, 0x3123, 0x3123, 0x3123, 0x3123, 0x3123, 0x3123, 0x3123, 0x3144, 0x3144, 
	0x2923, 0x2923, 0x40e2, 0x4923, 0xb800, 0xb000, 0xb800, 0xb800, 0x5923, 0x48c2, 0x2923, 0x2923, 0x3144, 0x3144, 0x3123, 0x3123, 
	0x3123, 0x3144, 0x3144, 0x3123, 0x3123, 0x3123, 0x3144, 0x3123, 0x3123, 0x3123, 0x3123, 0x3144, 0x2923, 0x3123, 0x3903, 0x3923, 
	0xb040, 0xb020, 0xc000, 0xc000, 0x6924, 0x58a1, 0x2943, 0x2943, 0x3123, 0x3964, 0x3123, 0x3123, 0x3123, 0x3144, 0x3964, 0x3123, 
	0x3123, 0x3123, 0x3144, 0x3144, 0x3123, 0x3123, 0x3123, 0x3964, 0x3123, 0x3123, 0x3123, 0x3124, 0xa861, 0xa040, 0xc000, 0xc000, 
	0x78e3, 0x6881, 0x2923, 0x2943, 0x3123, 0x3964, 0x3123, 0x3123, 0x3123, 0x3123, 0x3964, 0x3123, 0x3123, 0x3123, 0x3144, 0x3144, 
	0x3123, 0x3123, 0x3123, 0x3964, 0x3123, 0x3123, 0x2923, 0x2923, 0x9041, 0x9861, 0xc000, 0xc000, 0x80c2, 0x7881, 0x2923, 0x2943, 
	0x3123, 0x3144, 0x3144, 0x3123, 0x3123, 0x3123, 0x3144, 0x3123, 0x3123, 0x3123, 0x3123, 0x3144, 0x3123, 0x3123, 0x3123, 0x3123, 
	0x3123, 0x3123, 0x3123, 0x3123, 0x3123, 0x3123, 0x3123, 0x3123, 0x3123, 0x3144, 0x3123, 0x3123, 0x3123, 0x3144, 0x3144, 0x3123, 
	0x2944, 0x2943, 0x8061, 0x88a2, 0xc800, 0xc800, 0x9841, 0x9840, 0x2923, 0x3144, 0x3123, 0x3144, 0x3144, 0x3123, 0x3123, 0x3123, 
	0x3144, 0x3144, 0x3123, 0x3123, 0x3123, 0x3964, 0x3123, 0x3123, 0x3123, 0x3144, 0x3964, 0x3123, 0x2944, 0x2943, 0x6881, 0x78e3, 
	0xc000, 0xc000, 0xa820, 0xa841, 0x3124, 0x3123, 0x3143, 0x3143, 0x3964, 0x3123, 0x3123, 0x3123, 0x3144, 0x3144, 0x3123, 0x3123, 
	0x3123, 0x3964, 0x3144, 0x3123, 0x3123, 0x3123, 0x3964, 0x3123, 0x2944, 0x2944, 0x58a2, 0x6923, 0xc000, 0xc000, 0xb000, 0xb020, 
	0x4144, 0x3903, 0x3143, 0x3123, 0x3964, 0x3144, 0x3123, 0x3123, 0x3123, 0x3964, 0x3123, 0x3123, 0x3123, 0x3144, 0x3144, 0x3123, 
	0x3123, 0x3123, 0x3144, 0x3144, 0x2944, 0x2944, 0x48c2, 0x5923, 0xc000, 0xc000, 0xb800, 0xb800, 0x4923, 0x40e2, 0x3144, 0x3144, 
	0x3144, 0x3144, 0x3123, 0x3123, 0x3123, 0x3144, 0x3123, 0x3123, 0x3123, 0x3123, 0x3123, 0x3123, 0x3123, 0x3123, 0x3144, 0x3144, 
	0x2923, 0x3144, 0x40e2, 0x4923, 0xb800, 0xb800, 0xc000, 0xc000, 0x5923, 0x48c2, 0x2944, 0x2944, 0x3144, 0x3144, 0x3123, 0x3123, 
	0x3123, 0x3144, 0x3144, 0x3123, 0x3123, 0x3123, 0x3964, 0x3123, 0x3123, 0x3123, 0x3144, 0x3964, 0x3123, 0x3143, 0x3903, 0x4144, 
	0xb020, 0xb000, 0xc000, 0xc000, 0x6923, 0x58a2, 0x2944, 0x2944, 0x3123, 0x3964, 0x3123, 0x3123, 0x3123, 0x3144, 0x3964, 0x3123, 
	0x3123, 0x3123, 0x3144, 0x3144, 0x3123, 0x3123, 0x3123, 0x3964, 0x3143, 0x3143, 0x3123, 0x3144, 0xa840, 0xa820, 0xc000, 0xc000, 
	0x78e3, 0x6881, 0x2943, 0x2944, 0x3123, 0x3964, 0x3144, 0x3123, 0x3123, 0x3144, 0x3964, 0x3123, 0x3123, 0x3123, 0x3144, 0x3144, 
	0x3123, 0x3123, 0x3123, 0x3964, 0x3144, 0x3123, 0x3144, 0x2923, 0x9840, 0x9841, 0xc800, 0xc800, 0x88a2, 0x8061, 0x2943, 0x2944, 
	0x3123, 0x3144, 0x3144, 0x3123, 0x3123, 0x3123, 0x3144, 0x3123, 0x3123, 0x3123, 0x3144, 0x3144, 0x3123, 0x3123, 0x3123, 0x3123, 
	0x3144, 0x3144, 0x3144, 0x3144, 0x3144, 0x3144, 0x3144, 0x3144, 0x3144, 0x3164, 0x3144, 0x3144, 0x3144, 0x3144, 0x3164, 0x3144, 
	0x3144, 0x3143, 0x41a6, 0x732b, 0x730c, 0x730b, 0x732c, 0x5a48, 0x3123, 0x3144, 0x3144, 0x3144, 0x3164, 0x3144, 0x3144, 0x3144, 
	0x3164, 0x3164, 0x3144, 0x3144, 0x3144, 0x3964, 0x3144, 0x3144, 0x3144, 0x3144, 0x3985, 0x3144, 0x3144, 0x3144, 0x3964, 0x6aeb, 
	0x730c, 0x730b, 0x732c, 0x6aca, 0x3144, 0x3144, 0x3144, 0x3144, 0x3985, 0x3144, 0x3144, 0x3144, 0x3164, 0x3964, 0x3144, 0x3144, 
	0x3144, 0x3965, 0x3164, 0x3144, 0x3144, 0x3144, 0x3984, 0x3144, 0x3144, 0x3144, 0x3124, 0x62aa, 0x730c, 0x730b, 0x730c, 0x730b, 
	0x3985, 0x3124, 0x3144, 0x3144, 0x3964, 0x3144, 0x3144, 0x3144, 0x3144, 0x3985, 0x3144, 0x3144, 0x3144, 0x3144, 0x3164, 0x3144, 
	0x3144, 0x3144, 0x3164, 0x3144, 0x3144, 0x3144, 0x3123, 0x5248, 0x732c, 0x730b, 0x730c, 0x730c, 0x41c6, 0x3124, 0x3144, 0x3144, 
	0x3144, 0x3144, 0x3144, 0x3144, 0x3144, 0x3164, 0x3144, 0x3144, 0x3144, 0x3144, 0x3144, 0x3144, 0x3144, 0x3144, 0x3144, 0x3164, 
	0x3144, 0x3144, 0x3124, 0x41c6, 0x730c, 0x730c, 0x730b, 0x732c, 0x5228, 0x3123, 0x3144, 0x3144, 0x3144, 0x3164, 0x3144, 0x3144, 
	0x3144, 0x3164, 0x3144, 0x3144, 0x3144, 0x3144, 0x3964, 0x3144, 0x3144, 0x3144, 0x3144, 0x3964, 0x3144, 0x3144, 0x3124, 0x3965, 
	0x730b, 0x730c, 0x730b, 0x730c, 0x62aa, 0x3124, 0x3144, 0x3144, 0x3144, 0x3984, 0x3144, 0x3144, 0x3144, 0x3164, 0x3965, 0x3144, 
	0x3144, 0x3144, 0x3964, 0x3164, 0x3144, 0x3144, 0x3144, 0x3985, 0x3144, 0x3144, 0x3144, 0x3144, 0x6aca, 0x732c, 0x730b, 0x730c, 
	0x6aeb, 0x3964, 0x3144, 0x3144, 0x3144, 0x3985, 0x3144, 0x3144, 0x3144, 0x3144, 0x3965, 0x3144, 0x3144, 0x3144, 0x3164, 0x3164, 
	0x3144, 0x3144, 0x3144, 0x3965, 0x3144, 0x3144, 0x3144, 0x3123, 0x5a48, 0x732c, 0x730b, 0x730c, 0x732b, 0x41a6, 0x3143, 0x3144, 
	0x3144, 0x3164, 0x3164, 0x3144, 0x3144, 0x3144, 0x3164, 0x3144, 0x3144, 0x3144, 0x3144, 0x3164, 0x3144, 0x3144, 0x3144, 0x3144, 
	0x3123, 0x3123, 0x3123, 0x3123, 0x3123, 0x3123, 0x3123, 0x3123, 0x3123, 0x3144, 0x3123, 0x3123, 0x3123, 0x3123, 0x3144, 0x3123, 
	0x3123, 0x3103, 0x2a07, 0x6c0f, 0x4c51, 0x4c51, 0x6450, 0x3b0b, 0x2903, 0x3123, 0x3123, 0x3123, 0x3144, 0x3123, 0x3123, 0x3123, 
	0x3144, 0x3144, 0x3123, 0x3123, 0x3123, 0x3144, 0x3123, 0x3123, 0x3123, 0x3123, 0x3964, 0x3123, 0x3123, 0x3123, 0x21a5, 0x63ce, 
	0x5471, 0x4c51, 0x5c50, 0x4bae, 0x2923, 0x2923, 0x3123, 0x3123, 0x3964, 0x3123, 0x3123, 0x3123, 0x3144, 0x3144, 0x3123, 0x3123, 
	0x3123, 0x3964, 0x3144, 0x3123, 0x3123, 0x3123, 0x3144, 0x3123, 0x3123, 0x3123, 0x1944, 0x5b4c, 0x5471, 0x4c51, 0x5450, 0x5430, 
	0x3185, 0x2923, 0x3123, 0x3123, 0x3144, 0x3123, 0x3123, 0x3123, 0x3123, 0x3964, 0x3123, 0x3123, 0x3123, 0x3144, 0x3144, 0x3123, 
	0x3123, 0x3123, 0x3144, 0x3123, 0x3123, 0x3123, 0x2124, 0x4aa9, 0x5471, 0x4c51, 0x5450, 0x5451, 0x41e6, 0x2923, 0x3123, 0x3123, 
	0x3144, 0x3123, 0x3123, 0x3123, 0x3123, 0x3144, 0x3123, 0x3123, 0x3123, 0x3123, 0x3123, 0x3123, 0x3123, 0x3123, 0x3144, 0x3144, 
	0x3123, 0x3123, 0x2923, 0x41e6, 0x5451, 0x5450, 0x4c51, 0x5471, 0x4a89, 0x2124, 0x3123, 0x3123, 0x3123, 0x3144, 0x3123, 0x3123, 
	0x3123, 0x3144, 0x3144, 0x3123, 0x3123, 0x3123, 0x3144, 0x3123, 0x3123, 0x3123, 0x3123, 0x3144, 0x3123, 0x3123, 0x2923, 0x3164, 
	0x5430, 0x5450, 0x4c51, 0x5471, 0x5b4c, 0x1944, 0x3123, 0x3123, 0x3123, 0x3144, 0x3123, 0x3123, 0x3123, 0x3144, 0x3964, 0x3123, 
	0x3123, 0x3123, 0x3144, 0x3144, 0x3123, 0x3123, 0x3123, 0x3964, 0x3123, 0x3123, 0x2923, 0x3123, 0x4bae, 0x5c50, 0x4c51, 0x5471, 
	0x63ce, 0x21a6, 0x3103, 0x3123, 0x3123, 0x3964, 0x3123, 0x3123, 0x3123, 0x3123, 0x3964, 0x3123, 0x3123, 0x3123, 0x3144, 0x3144, 
	0x3123, 0x3123, 0x3123, 0x3964, 0x3123, 0x3123, 0x3123, 0x2903, 0x3b0b, 0x6450, 0x4c51, 0x4c71, 0x640f, 0x2a07, 0x3103, 0x3123, 
	0x3123, 0x3144, 0x3144, 0x3123, 0x3123, 0x3123, 0x3144, 0x3123, 0x3123, 0x3123, 0x3123, 0x3144, 0x3123, 0x3123, 0x3123, 0x3123, 
	0x3123, 0x3123, 0x3123, 0x3123, 0x3123, 0x3123, 0x3123, 0x3123, 0x3123, 0x3144, 0x3123, 0x3123, 0x3123, 0x3123, 0x3144, 0x3123, 
	0x3123, 0x3103, 0x2a07, 0x6bef, 0x5430, 0x5430, 0x6430, 0x3b0b, 0x2903, 0x3123, 0x3123, 0x3123, 0x3144, 0x3123, 0x3123, 0x3123, 
	0x3144, 0x3144, 0x3123, 0x3123, 0x3123, 0x3144, 0x3123, 0x3123, 0x3123, 0x3123, 0x3964, 0x3123, 0x3123, 0x3123, 0x2185, 0x63ad, 
	0x5430, 0x5430, 0x5c30, 0x4b8e, 0x3123, 0x3123, 0x3123, 0x3123, 0x3964, 0x3123, 0x3123, 0x3123, 0x3144, 0x3144, 0x3123, 0x3123, 
	0x3123, 0x3964, 0x3144, 0x3123, 0x3123, 0x3123, 0x3964, 0x3123, 0x3123, 0x3123, 0x2144, 0x5b2c, 0x5450, 0x5430, 0x5c30, 0x540f, 
	0x3985, 0x2923, 0x3123, 0x3123, 0x3144, 0x3123, 0x3123, 0x3123, 0x3123, 0x3964, 0x3123, 0x3123, 0x3123, 0x3144, 0x3144, 0x3123, 
	0x3123, 0x3123, 0x3144, 0x3144, 0x3123, 0x3123, 0x2123, 0x5289, 0x5c50, 0x5430, 0x5430, 0x5c30, 0x41e6, 0x2923, 0x3123, 0x3123, 
	0x3144, 0x3144, 0x3123, 0x3123, 0x3123, 0x3144, 0x3123, 0x3123, 0x3123, 0x3123, 0x3123, 0x3123, 0x3123, 0x3123, 0x3144, 0x3144, 
	0x3123, 0x3123, 0x2923, 0x39e6, 0x5c30, 0x5430, 0x5430, 0x5c50, 0x4a89, 0x2123, 0x3123, 0x3123, 0x3144, 0x3144, 0x3123, 0x3123, 
	0x3123, 0x3144, 0x3144, 0x3123, 0x3123, 0x3123, 0x3144, 0x3123, 0x3123, 0x3123, 0x3123, 0x3144, 0x3123, 0x3123, 0x2923, 0x3164, 
	0x53ef, 0x5c30, 0x5430, 0x5450, 0x5b2c, 0x2144, 0x3123, 0x3123, 0x3123, 0x3964, 0x3123, 0x3123, 0x3123, 0x3144, 0x3964, 0x3123, 
	0x3123, 0x3123, 0x3144, 0x3144, 0x3123, 0x3123, 0x3123, 0x3964, 0x3123, 0x3123, 0x3123, 0x3123, 0x4b8e, 0x5c30, 0x5430, 0x5430, 
	0x63ae, 0x2185, 0x3123, 0x3123, 0x3123, 0x3964, 0x3123, 0x3123, 0x3123, 0x3123, 0x3964, 0x3123, 0x3123, 0x3123, 0x3144, 0x3144, 
	0x3123, 0x3123, 0x3123, 0x3964, 0x3144, 0x3123, 0x3123, 0x2903, 0x3b0b, 0x6430, 0x5430, 0x5430, 0x6bef, 0x2a07, 0x3103, 0x3123, 
	0x3123, 0x3144, 0x3144, 0x3123, 0x3123, 0x3123, 0x3144, 0x3123, 0x3123, 0x3123, 0x3123, 0x3144, 0x3123, 0x3123, 0x3123, 0x3123, 
	0x3123, 0x3123, 0x3123, 0x3123, 0x3123, 0x3123, 0x3123, 0x3123, 0x3123, 0x3144, 0x3123, 0x3123, 0x3123, 0x3123, 0x3144, 0x3123, 
	0x3123, 0x3103, 0x2a07, 0x6bef, 0x5430, 0x5430, 0x6430, 0x3b0b, 0x2903, 0x3123, 0x3123, 0x3123, 0x3144, 0x3123, 0x3123, 0x3123, 
	0x3144, 0x3144, 0x3123, 0x3123, 0x3123, 0x3144, 0x3123, 0x3123, 0x3123, 0x3123, 0x3964, 0x3123, 0x3123, 0x3123, 0x2185, 0x63ad, 
	0x5430, 0x5430, 0x5c30, 0x4b8e, 0x3123, 0x3123, 0x3123, 0x3123, 0x3964, 0x3123, 0x3123, 0x3123, 0x3144, 0x3144, 0x3123, 0x3123, 
	0x3123, 0x3964, 0x3144, 0x3123, 0x3123, 0x3123, 0x3964, 0x3123, 0x3123, 0x3123, 0x2144, 0x5b2c, 0x5450, 0x5430, 0x5c30, 0x540f, 
	0x3985, 0x2923, 0x3123, 0x3123, 0x3144, 0x3123, 0x3123, 0x3123, 0x3123, 0x3964, 0x3123, 0x3123, 0x3123, 0x3144, 0x3144, 0x3123, 
	0x3123, 0x3123, 0x3144, 0x3144, 0x3123, 0x3123, 0x2123, 0x5289, 0x5c50, 0x5430, 0x5430, 0x5c30, 0x41e6, 0x2923, 0x3123, 0x3123, 
	0x3144, 0x3144, 0x3123, 0x3123, 0x3123, 0x3144, 0x3123, 0x3123, 0x3123, 0x3123, 0x3123, 0x3123, 0x3123, 0x3123, 0x3144, 0x3144, 
	0x3123, 0x3123, 0x2923, 0x39e6, 0x5c30, 0x5430, 0x5430, 0x5c50, 0x4a89, 0x2123, 0x3123, 0x3123, 0x3144, 0x3144, 0x3123, 0x3123, 
	0x3123, 0x3144, 0x3144, 0x3123, 0x3123, 0x3123, 0x3144, 0x3123, 0x3123, 0x3123, 0x3123, 0x3144, 0x3123, 0x3123, 0x2923, 0x3164, 
	0x53ef, 0x5c30, 0x5430, 0x5450, 0x5b2c, 0x2144, 0x3123, 0x3123, 0x3123, 0x3964, 0x3123, 0x3123, 0x3123, 0x3144, 0x3964, 0x3123, 
	0x3123, 0x3123, 0x3144, 0x3144, 0x3123, 0x3123, 0x3123, 0x3964, 0x3123, 0x3123, 0x3123, 0x3123, 0x4b8e, 0x5c30, 0x5430, 0x5430, 
	0x63ae, 0x2185, 0x3123, 0x3123, 0x3123, 0x3964, 0x3123, 0x3123, 0x3123, 0x3123, 0x3964, 0x3123, 0x3123, 0x3123, 0x3144, 0x3144, 
	0x3123, 0x3123, 0x3123, 0x3964, 0x3144, 0x3123, 0x3123, 0x2903, 0x3b0b, 0x6430, 0x5430, 0x5430, 0x6bef, 0x2a07, 0x3103, 0x3123, 
	0x3123, 0x3144, 0x3144, 0x3123, 0x3123, 0x3123, 0x3144, 0x3123, 0x3123, 0x3123, 0x3123, 0x3144, 0x3123, 0x3123, 0x3123, 0x3123, 
	0x3123, 0x3123, 0x3123, 0x3123, 0x3123, 0x3123, 0x3123, 0x3123, 0x3123, 0x3144, 0x3123, 0x3123, 0x3123, 0x3123, 0x3144, 0x3123, 
	0x3123, 0x3103, 0x2a07, 0x6bef, 0x5430, 0x5430, 0x6430, 0x3b0b, 0x2903, 0x3123, 0x3123, 0x3123, 0x3144, 0x3123, 0x3123, 0x3123, 
	0x3144, 0x3144, 0x3123, 0x3123, 0x3123, 0x3144, 0x3123, 0x3123, 0x3123, 0x3123, 0x3964, 0x3123, 0x3123, 0x3123, 0x2185, 0x63ad, 
	0x5430, 0x5430, 0x5c30, 0x4b8e, 0x3123, 0x3123, 0x3123, 0x3123, 0x3964, 0x3123, 0x3123, 0x3123, 0x3144, 0x3144, 0x3123, 0x3123, 
	0x3123, 0x3964, 0x3144, 0x3123, 0x3123, 0x3123, 0x3964, 0x3123, 0x3123, 0x3123, 0x2144, 0x5b2c, 0x5450, 0x5430, 0x5c30, 0x540f, 
	0x3985, 0x2923, 0x3123, 0x3123, 0x3144, 0x3123, 0x3123, 0x3123, 0x3123, 0x3964, 0x3123, 0x3123, 0x3123, 0x3144, 0x3144, 0x3123, 
	0x3123, 0x3123, 0x3144, 0x3144, 0x3123, 0x3123, 0x2123, 0x5289, 0x5c50, 0x5430, 0x5430, 0x5c30, 0x41e6, 0x2923, 0x3123, 0x3123, 
	0x3144, 0x3144, 0x3123, 0x3123, 0x3123, 0x3144, 0x3123, 0x3123, 0x3123, 0x3123, 0x3123, 0x3123, 0x3123, 0x3123, 0x3144, 0x3144, 
	0x3123, 0x3123, 0x2923, 0x39e6, 0x5c30, 0x5430, 0x5430, 0x5c50, 0x4a89, 0x2123, 0x3123, 0x3123, 0x3144, 0x3144, 0x3123, 0x3123, 
	0x3123, 0x3144, 0x3144, 0x3123, 0x3123, 0x3123, 0x3144, 0x3123, 0x3123, 0x3123, 0x3123, 0x3144, 0x3123, 0x3123, 0x2923, 0x3164, 
	0x53ef, 0x5c30, 0x5430, 0x5450, 0x5b2c, 0x2144, 0x3123, 0x3123, 0x3123, 0x3964, 0x3123, 0x3123, 0x3123, 0x3144, 0x3964, 0x3123, 
	0x3123, 0x3123, 0x3144, 0x3144, 0x3123, 0x3123, 0x3123, 0x3964, 0x3123, 0x3123, 0x3123, 0x3123, 0x4b8e, 0x5c30, 0x5430, 0x5430, 
	0x63ae, 0x2185, 0x3123, 0x3123, 0x3123, 0x3964, 0x3123, 0x3123, 0x3123, 0x3123, 0x3964, 0x3123, 0x3123, 0x3123, 0x3144, 0x3144, 
	0x3123, 0x3123, 0x3123, 0x3964, 0x3144, 0x3123, 0x3123, 0x2903, 0x3b0b, 0x6430, 0x5430, 0x5430, 0x6bef, 0x2a07, 0x3103, 0x3123, 
	0x3123, 0x3144, 0x3144, 0x3123, 0x3123, 0x3123, 0x3144, 0x3123, 0x3123, 0x3123, 0x3123, 0x3144, 0x3123, 0x3123, 0x3123, 0x3123
};

// Array of all bitmaps for convenience. (Total bytes used to store images = 57616)
const int epd_bitmap_allArray_LEN = 1;
const uint16_t* epd_bitmap_allArray[1] = {
	epd_bitmap_small_pixel_colorful
};
