// 'small-pixel-earth', 240x240px
const uint16_t epd_bitmap_small_pixel_earth [] = {
	0x220e, 0x220e, 0x220e, 0x220e, 0x220e, 0x220e, 0x220e, 0x220e, 0x220e, 0x220e, 0x220e, 0x220e, 0x220e, 0x220e, 0x220e, 0x220e, 
	0x220e, 0x220e, 0x220e, 0x220e, 0x220e, 0x220e, 0x220e, 0x220e, 0x220e, 0x220e, 0x220e, 0x220e, 0x220e, 0x220e, 0x220e, 0x220e, 
	0x220e, 0x220e, 0x220e, 0x220e, 0x220e, 0x220e, 0x220e, 0x220e, 0x220e, 0x220e, 0x220e, 0x220e, 0x220e, 0x220e, 0x220e, 0x220e, 
	0x220e, 0x220e, 0x220e, 0x220e, 0x220e, 0x220e, 0x220e, 0x220e, 0x220e, 0x220e, 0x220e, 0x220e, 0x220e, 0x220e, 0x220e, 0x220e, 
	0x220e, 0x220e, 0x220e, 0x220e, 0x220e, 0x220e, 0x220e, 0x220e, 0x220e, 0x220e, 0x220e, 0x220e, 0x220e, 0x220e, 0x220e, 0x220e, 
	0x220e, 0x220e, 0x220e, 0x220e, 0x220e, 0x220e, 0x220e, 0x220e, 0x220e, 0x220e, 0x220e, 0x220e, 0x220e, 0x220e, 0x220e, 0x220e, 
	0x220e, 0x220e, 0x220e, 0x220e, 0x220e, 0x220e, 0x220e, 0x220e, 0x220e, 0x220e, 0x220e, 0x220e, 0x220e, 0x220e, 0x220e, 0x220e, 
	0x220e, 0x220e, 0x220e, 0x220e, 0x220e, 0x220e, 0x220e, 0x220e, 0x220e, 0x220e, 0x220e, 0x220e, 0x220e, 0x220e, 0x220e, 0x220e, 
	0x220e, 0x220e, 0x220e, 0x220e, 0x220e, 0x220e, 0x220e, 0x220e, 0x220e, 0x220e, 0x220e, 0x220e, 0x220e, 0x220e, 0x220e, 0x220e, 
	0x220e, 0x220e, 0x220e, 0x220e, 0x220e, 0x220e, 0x220e, 0x220e, 0x220e, 0x220e, 0x220e, 0x220e, 0x220e, 0x220e, 0x220e, 0x220e, 
	0x220e, 0x220e, 0x220e, 0x220e, 0x220e, 0x220e, 0x220e, 0x220e, 0x220e, 0x220e, 0x220e, 0x220e, 0x220e, 0x220e, 0x220e, 0x220e, 
	0x220e, 0x220e, 0x220e, 0x220e, 0x220e, 0x220e, 0x220e, 0x220e, 0x220e, 0x220e, 0x220e, 0x220e, 0x220e, 0x220e, 0x220e, 0x220e, 
	0x220e, 0x220e, 0x220e, 0x220e, 0x220e, 0x220e, 0x220e, 0x220e, 0x220e, 0x220e, 0x220e, 0x220e, 0x220e, 0x220e, 0x220e, 0x220e, 
	0x220e, 0x220e, 0x220e, 0x220e, 0x220e, 0x220e, 0x220e, 0x220e, 0x220e, 0x220e, 0x220e, 0x220e, 0x220e, 0x220e, 0x220e, 0x220e, 
	0x220e, 0x220e, 0x220e, 0x220e, 0x220e, 0x220e, 0x220e, 0x220e, 0x220e, 0x220e, 0x220e, 0x220e, 0x220e, 0x220e, 0x220e, 0x220e, 
	0x220e, 0x220e, 0x220e, 0x220e, 0x220e, 0x220e, 0x220e, 0x220e, 0x220e, 0x220e, 0x220e, 0x220e, 0x220e, 0x220e, 0x220e, 0x220e, 
	0x220e, 0x220e, 0x220e, 0x220e, 0x220e, 0x220e, 0x220e, 0x220e, 0x220e, 0x220e, 0x220e, 0x220e, 0x220e, 0x220e, 0x220e, 0x220e, 
	0x220e, 0x220e, 0x220e, 0x220e, 0x220e, 0x220e, 0x220e, 0x220e, 0x220e, 0x220e, 0x220e, 0x220e, 0x220e, 0x220e, 0x220e, 0x220e, 
	0x220e, 0x220e, 0x220e, 0x220e, 0x220e, 0x220e, 0x220e, 0x220e, 0x220e, 0x220e, 0x220e, 0x220e, 0x220e, 0x220e, 0x220e, 0x220e, 
	0x220e, 0x220e, 0x220e, 0x220e, 0x220e, 0x220e, 0x220e, 0x220e, 0x220e, 0x220e, 0x220e, 0x220e, 0x220e, 0x220e, 0x220e, 0x220e, 
	0x220e, 0x220e, 0x220e, 0x220e, 0x220e, 0x220e, 0x220e, 0x220e, 0x220e, 0x220e, 0x220e, 0x220e, 0x220e, 0x220e, 0x220e, 0x220e, 
	0x220e, 0x220e, 0x220e, 0x220e, 0x220e, 0x220e, 0x220e, 0x220e, 0x220e, 0x220e, 0x220e, 0x220e, 0x220e, 0x220e, 0x220e, 0x220e, 
	0x220e, 0x220e, 0x220e, 0x220e, 0x220e, 0x220e, 0x220e, 0x220e, 0x220e, 0x220e, 0x220e, 0x220e, 0x220e, 0x220e, 0x220e, 0x220e, 
	0x220e, 0x220e, 0x220e, 0x220e, 0x220e, 0x220e, 0x220e, 0x220e, 0x220e, 0x220e, 0x220e, 0x220e, 0x220e, 0x220e, 0x220e, 0x220e, 
	0x220e, 0x220e, 0x220e, 0x220e, 0x220e, 0x220e, 0x220e, 0x220e, 0x220e, 0x220e, 0x220e, 0x220e, 0x220e, 0x220e, 0x220e, 0x220e, 
	0x220e, 0x220e, 0x220e, 0x220e, 0x220e, 0x220e, 0x220e, 0x220e, 0x220e, 0x220e, 0x220e, 0x220e, 0x220e, 0x220e, 0x220e, 0x220e, 
	0x220e, 0x220e, 0x220e, 0x220e, 0x220e, 0x220e, 0x220e, 0x220e, 0x220e, 0x220e, 0x220e, 0x220e, 0x220e, 0x220e, 0x220e, 0x220e, 
	0x220e, 0x220e, 0x220e, 0x220e, 0x220e, 0x220e, 0x220e, 0x220e, 0x220e, 0x220e, 0x220e, 0x220e, 0x220e, 0x220e, 0x220e, 0x220e, 
	0x220e, 0x220e, 0x220e, 0x220e, 0x220e, 0x220e, 0x220e, 0x220e, 0x220e, 0x220e, 0x220e, 0x220e, 0x220e, 0x220e, 0x220e, 0x220e, 
	0x220e, 0x220e, 0x220e, 0x220e, 0x220e, 0x220e, 0x220e, 0x220e, 0x220e, 0x220e, 0x220e, 0x220e, 0x220e, 0x220e, 0x220e, 0x220e, 
	0x220e, 0x220e, 0x220e, 0x220e, 0x220e, 0x220e, 0x220e, 0x220e, 0x220e, 0x220e, 0x220e, 0x220e, 0x220e, 0x220e, 0x220e, 0x220e, 
	0x220e, 0x220e, 0x220e, 0x220e, 0x220e, 0x220e, 0x220e, 0x220e, 0x220e, 0x220e, 0x220e, 0x220e, 0x220e, 0x220e, 0x220e, 0x220e, 
	0x220e, 0x220e, 0x220e, 0x220e, 0x220e, 0x220e, 0x220e, 0x220e, 0x220e, 0x220e, 0x220e, 0x220e, 0x220e, 0x220e, 0x220e, 0x220e, 
	0x220e, 0x220e, 0x220e, 0x220e, 0x220e, 0x220e, 0x220e, 0x220e, 0x220e, 0x220e, 0x220e, 0x220e, 0x220e, 0x220e, 0x220e, 0x220e, 
	0x220e, 0x220e, 0x220e, 0x220e, 0x220e, 0x220e, 0x220e, 0x220e, 0x220e, 0x220e, 0x220e, 0x220e, 0x220e, 0x220e, 0x220e, 0x220e, 
	0x220e, 0x220e, 0x220e, 0x220e, 0x220e, 0x220e, 0x220e, 0x220e, 0x220e, 0x220e, 0x220e, 0x220e, 0x220e, 0x220e, 0x220e, 0x220e, 
	0x220e, 0x220e, 0x220e, 0x220e, 0x220e, 0x220e, 0x220e, 0x220e, 0x220e, 0x220e, 0x220e, 0x220e, 0x220e, 0x220e, 0x220e, 0x220e, 
	0x220e, 0x220e, 0x220e, 0x220e, 0x220e, 0x220e, 0x220e, 0x220e, 0x220e, 0x220e, 0x220e, 0x220e, 0x220e, 0x220e, 0x220e, 0x220e, 
	0x220e, 0x220e, 0x220e, 0x220e, 0x220e, 0x220e, 0x220e, 0x220e, 0x220e, 0x220e, 0x220e, 0x220e, 0x220e, 0x220e, 0x220e, 0x220e, 
	0x220e, 0x220e, 0x220e, 0x220e, 0x220e, 0x220e, 0x220e, 0x220e, 0x220e, 0x220e, 0x220e, 0x220e, 0x220e, 0x220e, 0x220e, 0x220e, 
	0x220e, 0x220e, 0x220e, 0x220e, 0x220e, 0x220e, 0x220e, 0x220e, 0x220e, 0x220e, 0x220e, 0x220e, 0x220e, 0x220e, 0x220e, 0x220e, 
	0x220e, 0x220e, 0x220e, 0x220e, 0x220e, 0x220e, 0x220e, 0x220e, 0x220e, 0x220e, 0x220e, 0x220e, 0x220e, 0x220e, 0x220e, 0x220e, 
	0x220e, 0x220e, 0x220e, 0x220e, 0x220e, 0x220e, 0x220e, 0x220e, 0x220e, 0x220e, 0x220e, 0x220e, 0x220e, 0x220e, 0x220e, 0x220e, 
	0x220e, 0x220e, 0x220e, 0x220e, 0x220e, 0x220e, 0x220e, 0x220e, 0x220e, 0x220e, 0x220e, 0x220e, 0x220e, 0x220e, 0x220e, 0x220e, 
	0x220e, 0x220e, 0x220e, 0x220e, 0x220e, 0x220e, 0x220e, 0x220e, 0x220e, 0x220e, 0x220e, 0x220e, 0x220e, 0x220e, 0x220e, 0x220e, 
	0x220e, 0x220e, 0x220e, 0x220e, 0x220e, 0x220e, 0x220e, 0x220e, 0x220e, 0x220e, 0x220e, 0x220e, 0x220e, 0x220e, 0x220e, 0x220e, 
	0x220e, 0x220e, 0x220e, 0x220e, 0x220e, 0x220e, 0x220e, 0x220e, 0x220e, 0x220e, 0x220e, 0x220e, 0x220e, 0x220e, 0x220e, 0x220e, 
	0x220e, 0x220e, 0x220e, 0x220e, 0x220e, 0x220e, 0x220e, 0x220e, 0x220e, 0x220e, 0x220e, 0x220e, 0x220e, 0x220e, 0x220e, 0x220e, 
	0x220e, 0x220e, 0x220e, 0x220e, 0x220e, 0x220e, 0x220e, 0x220e, 0x220e, 0x220e, 0x220e, 0x220e, 0x220e, 0x220e, 0x220e, 0x220e, 
	0x220e, 0x220e, 0x220e, 0x220e, 0x220e, 0x220e, 0x220e, 0x220e, 0x220e, 0x220e, 0x220e, 0x220e, 0x220e, 0x220e, 0x220e, 0x220e, 
	0x220e, 0x220e, 0x220e, 0x220e, 0x220e, 0x220e, 0x220e, 0x220e, 0x220e, 0x220e, 0x220e, 0x220e, 0x220e, 0x220e, 0x220e, 0x220e, 
	0x220e, 0x220e, 0x220e, 0x220e, 0x220e, 0x220e, 0x220e, 0x220e, 0x220e, 0x220e, 0x220e, 0x220e, 0x220e, 0x220e, 0x220e, 0x220e, 
	0x220e, 0x220e, 0x220e, 0x220e, 0x220e, 0x220e, 0x220e, 0x220e, 0x220e, 0x220e, 0x220e, 0x220e, 0x220e, 0x220e, 0x220e, 0x220e, 
	0x220e, 0x220e, 0x220e, 0x220e, 0x220e, 0x220e, 0x220e, 0x220e, 0x220e, 0x220e, 0x220e, 0x220e, 0x220e, 0x220e, 0x220e, 0x220e, 
	0x220e, 0x220e, 0x220e, 0x220e, 0x220e, 0x220e, 0x220e, 0x220e, 0x220e, 0x220e, 0x220e, 0x220e, 0x220e, 0x220e, 0x220e, 0x220e, 
	0x220e, 0x220e, 0x220e, 0x220e, 0x220e, 0x220e, 0x220e, 0x220e, 0x220e, 0x220e, 0x220e, 0x220e, 0x220e, 0x220e, 0x220e, 0x220e, 
	0x220e, 0x220e, 0x220e, 0x220e, 0x220e, 0x220e, 0x220e, 0x220e, 0x220e, 0x220e, 0x220e, 0x220e, 0x220e, 0x220e, 0x220e, 0x220e, 
	0x220e, 0x220e, 0x220e, 0x220e, 0x220e, 0x220e, 0x220e, 0x220e, 0x220e, 0x220e, 0x220e, 0x220e, 0x220e, 0x220e, 0x220e, 0x220e, 
	0x220e, 0x220e, 0x220e, 0x220e, 0x220e, 0x220e, 0x220e, 0x220e, 0x220e, 0x220e, 0x220e, 0x220e, 0x220e, 0x220e, 0x220e, 0x220e, 
	0x220e, 0x220e, 0x220e, 0x220e, 0x220e, 0x220e, 0x220e, 0x220e, 0x220e, 0x220e, 0x220e, 0x220e, 0x220e, 0x220e, 0x220e, 0x220e, 
	0x220e, 0x220e, 0x220e, 0x220e, 0x220e, 0x220e, 0x220e, 0x220e, 0x220e, 0x220e, 0x220e, 0x220e, 0x220e, 0x220e, 0x220e, 0x220e, 
	0x220e, 0x220e, 0x220e, 0x220e, 0x220e, 0x220e, 0x220e, 0x220e, 0x220e, 0x220e, 0x220e, 0x220e, 0x220e, 0x220e, 0x220e, 0x220e, 
	0x220e, 0x220e, 0x220e, 0x220e, 0x220e, 0x220e, 0x220e, 0x220e, 0x220e, 0x220e, 0x220e, 0x220e, 0x220e, 0x220e, 0x220e, 0x220e, 
	0x220e, 0x220e, 0x220e, 0x220e, 0x220e, 0x220e, 0x220e, 0x220e, 0x220e, 0x220e, 0x220e, 0x220e, 0x220e, 0x220e, 0x220e, 0x220e, 
	0x220e, 0x220e, 0x220e, 0x220e, 0x220e, 0x220e, 0x220e, 0x220e, 0x220e, 0x220e, 0x220e, 0x220e, 0x220e, 0x220e, 0x220e, 0x220e, 
	0x220e, 0x220e, 0x220e, 0x220e, 0x220e, 0x220e, 0x220e, 0x220e, 0x220e, 0x220e, 0x220e, 0x220e, 0x220e, 0x220e, 0x220e, 0x220e, 
	0x220e, 0x220e, 0x220e, 0x220e, 0x220e, 0x220e, 0x220e, 0x220e, 0x220e, 0x220e, 0x220e, 0x220e, 0x220e, 0x220e, 0x220e, 0x220e, 
	0x220e, 0x220e, 0x220e, 0x220e, 0x220e, 0x220e, 0x220e, 0x220e, 0x220e, 0x220e, 0x220e, 0x220e, 0x220e, 0x220e, 0x220e, 0x220e, 
	0x220e, 0x220e, 0x220e, 0x220e, 0x220e, 0x220e, 0x220e, 0x220e, 0x220e, 0x220e, 0x220e, 0x220e, 0x220e, 0x220e, 0x220e, 0x220e, 
	0x220e, 0x220e, 0x220e, 0x220e, 0x220e, 0x220e, 0x220e, 0x220e, 0x220e, 0x220e, 0x220e, 0x220e, 0x220e, 0x220e, 0x220e, 0x220e, 
	0x220e, 0x220e, 0x220e, 0x220e, 0x220e, 0x220e, 0x220e, 0x220e, 0x220e, 0x220e, 0x220e, 0x220e, 0x220e, 0x220e, 0x220e, 0x220e, 
	0x220e, 0x220e, 0x220e, 0x220e, 0x220e, 0x220e, 0x220e, 0x220e, 0x220e, 0x220e, 0x220e, 0x220e, 0x220e, 0x220e, 0x220e, 0x220e, 
	0x220e, 0x220e, 0x220e, 0x220e, 0x220e, 0x220e, 0x220e, 0x220e, 0x220e, 0x220e, 0x220e, 0x220e, 0x220e, 0x220e, 0x220e, 0x220e, 
	0x220e, 0x220e, 0x220e, 0x220e, 0x220e, 0x220e, 0x220e, 0x220e, 0x220e, 0x220e, 0x220e, 0x220e, 0x220e, 0x220e, 0x220e, 0x220e, 
	0x220e, 0x220e, 0x220e, 0x220e, 0x220e, 0x220e, 0x220e, 0x220e, 0x220e, 0x220e, 0x220e, 0x220e, 0x220e, 0x220e, 0x220e, 0x220e, 
	0x220e, 0x220e, 0x220e, 0x220e, 0x220e, 0x220e, 0x220e, 0x220e, 0x220e, 0x220e, 0x220e, 0x220e, 0x220e, 0x220e, 0x220e, 0x220e, 
	0x220e, 0x220e, 0x220e, 0x220e, 0x220e, 0x220e, 0x220e, 0x220e, 0x220e, 0x220e, 0x220e, 0x220e, 0x220e, 0x220e, 0x220e, 0x220e, 
	0x220e, 0x220e, 0x220e, 0x220e, 0x220e, 0x220e, 0x220e, 0x220e, 0x220e, 0x220e, 0x220e, 0x220e, 0x220e, 0x220e, 0x220e, 0x220e, 
	0x220e, 0x220e, 0x220e, 0x220e, 0x220e, 0x220e, 0x220e, 0x220e, 0x220e, 0x220e, 0x220e, 0x220e, 0x220e, 0x220e, 0x220e, 0x220e, 
	0x220e, 0x220e, 0x220e, 0x220e, 0x220e, 0x220e, 0x220e, 0x220e, 0x220e, 0x220e, 0x220e, 0x220e, 0x220e, 0x220e, 0x220e, 0x220e, 
	0x220e, 0x220e, 0x220e, 0x220e, 0x220e, 0x220e, 0x220e, 0x220e, 0x220e, 0x220e, 0x220e, 0x220e, 0x220e, 0x220e, 0x220e, 0x220e, 
	0x220e, 0x220e, 0x220e, 0x220e, 0x220e, 0x220e, 0x220e, 0x220e, 0x220e, 0x220e, 0x220e, 0x220e, 0x220e, 0x220e, 0x220e, 0x220e, 
	0x220e, 0x220e, 0x220e, 0x220e, 0x220e, 0x220e, 0x220e, 0x220e, 0x220e, 0x220e, 0x220e, 0x220e, 0x220e, 0x220e, 0x220e, 0x220e, 
	0x220e, 0x220e, 0x220e, 0x220e, 0x220e, 0x220e, 0x220e, 0x220e, 0x220e, 0x220e, 0x220e, 0x220e, 0x220e, 0x220e, 0x220e, 0x220e, 
	0x220e, 0x220e, 0x220e, 0x220e, 0x220e, 0x220e, 0x220e, 0x220e, 0x220e, 0x220e, 0x220e, 0x220e, 0x220e, 0x220e, 0x220e, 0x220e, 
	0x220e, 0x220e, 0x220e, 0x220e, 0x220e, 0x220e, 0x220e, 0x220e, 0x220e, 0x220e, 0x220e, 0x220e, 0x220e, 0x220e, 0x220e, 0x220e, 
	0x220e, 0x220e, 0x220e, 0x220e, 0x220e, 0x220e, 0x220e, 0x220e, 0x220e, 0x220e, 0x220e, 0x220e, 0x220e, 0x220e, 0x220e, 0x220e, 
	0x220e, 0x220e, 0x220e, 0x220e, 0x220e, 0x220e, 0x220e, 0x220e, 0x220e, 0x220e, 0x220e, 0x220e, 0x220e, 0x220e, 0x220e, 0x220e, 
	0x220e, 0x220e, 0x220e, 0x220e, 0x220e, 0x220e, 0x220e, 0x220e, 0x220e, 0x220e, 0x220e, 0x220e, 0x220e, 0x220e, 0x220e, 0x220e, 
	0x220e, 0x220e, 0x220e, 0x220e, 0x220e, 0x220e, 0x220e, 0x220e, 0x220e, 0x220e, 0x220e, 0x220e, 0x220e, 0x220e, 0x220e, 0x220e, 
	0x220e, 0x220e, 0x220e, 0x220e, 0x220e, 0x220e, 0x220e, 0x220e, 0x220e, 0x220e, 0x220e, 0x220e, 0x220e, 0x220e, 0x220e, 0x220e, 
	0x220e, 0x220e, 0x220e, 0x220e, 0x220e, 0x220e, 0x220e, 0x220e, 0x220e, 0x220e, 0x220e, 0x220e, 0x220e, 0x220e, 0x220e, 0x220e, 
	0x220e, 0x220e, 0x220e, 0x220e, 0x220e, 0x220e, 0x220e, 0x220e, 0x220e, 0x220e, 0x220e, 0x220e, 0x220e, 0x220e, 0x220e, 0x220e, 
	0x220e, 0x220e, 0x220e, 0x220e, 0x220e, 0x220e, 0x220e, 0x220e, 0x220e, 0x220e, 0x220e, 0x220e, 0x220e, 0x220e, 0x220e, 0x220e, 
	0x220e, 0x220e, 0x220e, 0x220e, 0x220e, 0x220e, 0x220e, 0x220e, 0x220e, 0x220e, 0x220e, 0x220e, 0x220e, 0x220e, 0x220e, 0x220e, 
	0x220e, 0x220e, 0x220e, 0x220e, 0x220e, 0x220e, 0x220e, 0x220e, 0x220e, 0x220e, 0x220e, 0x220e, 0x220e, 0x220e, 0x220e, 0x220e, 
	0x220e, 0x220e, 0x220e, 0x220e, 0x220e, 0x220e, 0x220e, 0x220e, 0x220e, 0x220e, 0x220e, 0x220e, 0x220e, 0x220e, 0x220e, 0x220e, 
	0x220e, 0x220e, 0x220e, 0x220e, 0x220e, 0x220e, 0x220e, 0x220e, 0x220e, 0x220e, 0x220e, 0x220e, 0x220e, 0x220e, 0x220e, 0x220e, 
	0x220e, 0x220e, 0x220e, 0x220e, 0x220e, 0x220e, 0x220e, 0x220e, 0x220e, 0x220e, 0x220e, 0x220e, 0x220e, 0x220e, 0x220e, 0x220e, 
	0x220e, 0x220e, 0x220e, 0x220e, 0x220e, 0x220e, 0x220e, 0x220e, 0x220e, 0x220e, 0x220e, 0x220e, 0x220e, 0x220e, 0x220e, 0x220e, 
	0x220e, 0x220e, 0x220e, 0x220e, 0x220e, 0x220e, 0x220e, 0x220e, 0x220e, 0x220e, 0x220e, 0x220e, 0x220e, 0x220e, 0x220e, 0x220e, 
	0x220e, 0x220e, 0x220e, 0x220e, 0x220e, 0x220e, 0x220e, 0x220e, 0x220e, 0x220e, 0x220e, 0x220e, 0x220e, 0x220e, 0x220e, 0x220e, 
	0x220e, 0x220e, 0x220e, 0x220e, 0x220e, 0x220e, 0x220e, 0x220e, 0x220e, 0x220e, 0x220e, 0x220e, 0x220e, 0x220e, 0x220e, 0x220e, 
	0x220e, 0x220e, 0x220e, 0x220e, 0x220e, 0x220e, 0x220e, 0x220e, 0x220e, 0x220e, 0x220e, 0x220e, 0x220e, 0x220e, 0x220e, 0x220e, 
	0x220e, 0x220e, 0x220e, 0x220e, 0x220e, 0x220e, 0x220e, 0x220e, 0x220e, 0x220e, 0x220e, 0x220e, 0x220e, 0x220e, 0x220e, 0x220e, 
	0x220e, 0x220e, 0x220e, 0x220e, 0x220e, 0x220e, 0x220e, 0x220e, 0x220e, 0x220e, 0x220e, 0x220e, 0x220e, 0x220e, 0x220e, 0x220e, 
	0x220e, 0x220e, 0x220e, 0x220e, 0x220e, 0x220e, 0x220e, 0x220e, 0x220e, 0x220e, 0x220e, 0x220e, 0x220e, 0x220e, 0x220e, 0x220e, 
	0x220e, 0x220e, 0x220e, 0x220e, 0x220e, 0x220e, 0x220e, 0x220e, 0x220e, 0x220e, 0x220e, 0x220e, 0x220e, 0x220e, 0x220e, 0x220e, 
	0x220e, 0x220e, 0x220e, 0x220e, 0x220e, 0x220e, 0x220e, 0x220e, 0x220e, 0x220e, 0x220e, 0x220e, 0x220e, 0x220e, 0x220e, 0x220e, 
	0x220e, 0x220e, 0x220e, 0x220e, 0x220e, 0x220e, 0x220e, 0x220e, 0x220e, 0x220e, 0x220e, 0x220e, 0x220e, 0x220e, 0x220e, 0x220e, 
	0x220e, 0x220e, 0x220e, 0x220e, 0x220e, 0x220e, 0x220e, 0x220e, 0x220e, 0x220e, 0x220e, 0x220e, 0x220e, 0x220e, 0x220e, 0x220e, 
	0x220e, 0x220e, 0x220e, 0x220e, 0x220e, 0x220e, 0x220e, 0x220e, 0x220e, 0x220e, 0x220e, 0x220e, 0x220e, 0x220e, 0x220e, 0x220e, 
	0x220e, 0x220e, 0x220e, 0x220e, 0x220e, 0x220e, 0x220e, 0x220e, 0x220e, 0x220e, 0x220e, 0x220e, 0x220e, 0x220e, 0x220e, 0x220e, 
	0x220e, 0x220e, 0x220e, 0x220e, 0x220e, 0x220e, 0x220e, 0x220e, 0x220e, 0x220e, 0x220e, 0x220e, 0x220e, 0x220e, 0x220e, 0x220e, 
	0x220e, 0x220e, 0x220e, 0x220e, 0x220e, 0x220e, 0x220e, 0x220e, 0x220e, 0x220e, 0x220e, 0x220e, 0x220e, 0x220e, 0x220e, 0x220e, 
	0x220e, 0x220e, 0x220e, 0x220e, 0x220e, 0x220e, 0x220e, 0x220e, 0x220e, 0x220e, 0x220e, 0x220e, 0x220e, 0x220e, 0x220e, 0x220e, 
	0x220e, 0x220e, 0x220e, 0x220e, 0x220e, 0x220e, 0x220e, 0x220e, 0x220e, 0x220e, 0x220e, 0x220e, 0x220e, 0x220e, 0x220e, 0x220e, 
	0x220e, 0x220e, 0x220e, 0x220e, 0x220e, 0x220e, 0x220e, 0x220e, 0x220e, 0x220e, 0x220e, 0x220e, 0x220e, 0x220e, 0x220e, 0x220e, 
	0x220e, 0x220e, 0x220e, 0x220e, 0x220e, 0x220e, 0x220e, 0x220e, 0x220e, 0x220e, 0x220e, 0x220e, 0x220e, 0x220e, 0x220e, 0x220e, 
	0x220e, 0x220e, 0x220e, 0x220e, 0x220e, 0x220e, 0x220e, 0x220e, 0x220e, 0x220e, 0x220e, 0x220e, 0x220e, 0x220e, 0x220e, 0x220e, 
	0x220e, 0x220e, 0x220e, 0x220e, 0x220e, 0x220e, 0x220e, 0x220e, 0x220e, 0x220e, 0x220e, 0x220e, 0x220e, 0x220e, 0x220e, 0x220e, 
	0x220e, 0x220e, 0x220e, 0x220e, 0x220e, 0x220e, 0x220e, 0x220e, 0x220e, 0x220e, 0x220e, 0x220e, 0x220e, 0x220e, 0x220e, 0x220e, 
	0x220e, 0x220e, 0x220e, 0x220e, 0x220e, 0x220e, 0x220e, 0x220e, 0x220e, 0x220e, 0x220e, 0x220e, 0x220e, 0x220e, 0x220e, 0x220e, 
	0x220e, 0x220e, 0x220e, 0x220e, 0x220e, 0x220e, 0x220e, 0x220e, 0x220e, 0x220e, 0x220e, 0x220e, 0x220e, 0x220e, 0x220e, 0x220e, 
	0x220e, 0x220e, 0x220e, 0x220e, 0x220e, 0x220e, 0x220e, 0x220e, 0x220e, 0x220e, 0x220e, 0x220e, 0x220e, 0x220e, 0x220e, 0x220e, 
	0x220e, 0x220e, 0x220e, 0x220e, 0x220e, 0x220e, 0x220e, 0x220e, 0x220e, 0x220e, 0x220e, 0x220e, 0x220e, 0x220e, 0x220e, 0x220e, 
	0x220e, 0x220e, 0x220e, 0x220e, 0x220e, 0x220e, 0x220e, 0x220e, 0x220e, 0x220e, 0x220e, 0x220e, 0x220e, 0x220e, 0x220e, 0x220e, 
	0x220e, 0x220e, 0x220e, 0x220e, 0x220e, 0x220e, 0x220e, 0x220e, 0x220e, 0x220e, 0x220e, 0x220e, 0x220e, 0x220e, 0x220e, 0x220e, 
	0x220e, 0x220e, 0x220e, 0x220e, 0x220e, 0x220e, 0x220e, 0x220e, 0x220e, 0x220e, 0x220e, 0x220e, 0x220e, 0x220e, 0x220e, 0x220e, 
	0x220e, 0x220e, 0x220e, 0x220e, 0x220e, 0x220e, 0x220e, 0x220e, 0x220e, 0x220e, 0x220e, 0x220e, 0x220e, 0x220e, 0x220e, 0x220e, 
	0x220e, 0x220e, 0x220e, 0x220e, 0x220e, 0x220e, 0x220e, 0x220e, 0x220e, 0x220e, 0x220e, 0x220e, 0x220e, 0x220e, 0x220e, 0x220e, 
	0x220e, 0x220e, 0x220e, 0x220e, 0x220e, 0x220e, 0x220e, 0x220e, 0x220e, 0x220e, 0x220e, 0x220e, 0x220e, 0x220e, 0x220e, 0x220e, 
	0x220e, 0x220e, 0x220e, 0x220e, 0x220e, 0x220e, 0x220e, 0x220e, 0x220e, 0x220e, 0x220e, 0x220e, 0x220e, 0x220e, 0x220e, 0x220e, 
	0x220e, 0x220e, 0x220e, 0x220e, 0x220e, 0x220e, 0x220e, 0x220e, 0x220e, 0x220e, 0x220e, 0x220e, 0x220e, 0x220e, 0x220e, 0x220e, 
	0x220e, 0x220e, 0x220e, 0x220e, 0x220e, 0x220e, 0x220e, 0x220e, 0x220e, 0x220e, 0x220e, 0x220e, 0x220e, 0x220e, 0x220e, 0x220e, 
	0x220e, 0x220e, 0x220e, 0x220e, 0x220e, 0x220e, 0x220e, 0x220e, 0x220e, 0x220e, 0x220e, 0x220e, 0x220e, 0x220e, 0x220e, 0x220e, 
	0x220e, 0x220e, 0x220e, 0x220e, 0x220e, 0x220e, 0x220e, 0x220e, 0x220e, 0x220e, 0x220e, 0x220e, 0x220e, 0x220e, 0x220e, 0x220e, 
	0x220e, 0x220e, 0x220e, 0x220e, 0x220e, 0x220e, 0x220e, 0x220e, 0x220e, 0x220e, 0x220e, 0x220e, 0x220e, 0x220e, 0x220e, 0x220e, 
	0x220e, 0x220e, 0x220e, 0x220e, 0x220e, 0x220e, 0x220e, 0x220e, 0x220e, 0x220e, 0x220e, 0x220e, 0x220e, 0x220e, 0x220e, 0x220e, 
	0x220e, 0x220e, 0x220e, 0x220e, 0x220e, 0x220e, 0x220e, 0x220e, 0x220e, 0x220e, 0x220e, 0x220e, 0x220e, 0x220e, 0x220e, 0x220e, 
	0x220e, 0x220e, 0x220e, 0x220e, 0x220e, 0x220e, 0x220e, 0x220e, 0x220e, 0x220e, 0x220e, 0x220e, 0x220e, 0x220e, 0x220e, 0x220e, 
	0x220e, 0x220e, 0x220e, 0x220e, 0x220e, 0x220e, 0x220e, 0x220e, 0x220e, 0x220e, 0x220e, 0x220e, 0x220e, 0x220e, 0x220e, 0x220e, 
	0x220e, 0x220e, 0x220e, 0x220e, 0x220e, 0x220e, 0x220e, 0x220e, 0x220e, 0x220e, 0x220e, 0x220e, 0x220e, 0x220e, 0x220e, 0x220e, 
	0x220e, 0x220e, 0x220e, 0x220e, 0x220e, 0x220e, 0x220e, 0x220e, 0x220e, 0x220e, 0x220e, 0x220e, 0x220e, 0x220e, 0x220e, 0x220e, 
	0x220e, 0x220e, 0x220e, 0x220e, 0x220e, 0x220e, 0x220e, 0x220e, 0x220e, 0x220e, 0x220e, 0x220e, 0x220e, 0x220e, 0x220e, 0x220e, 
	0x220e, 0x220e, 0x220e, 0x220e, 0x220e, 0x220e, 0x220e, 0x220e, 0x220e, 0x220e, 0x220e, 0x220e, 0x220e, 0x220e, 0x220e, 0x220e, 
	0x220e, 0x220e, 0x220e, 0x220e, 0x220e, 0x220e, 0x220e, 0x220e, 0x220e, 0x220e, 0x220e, 0x220e, 0x220e, 0x220e, 0x220e, 0x220e, 
	0x220e, 0x220e, 0x220e, 0x220e, 0x220e, 0x220e, 0x220e, 0x220e, 0x220e, 0x220e, 0x220e, 0x220e, 0x220e, 0x220e, 0x220e, 0x220e, 
	0x220e, 0x220e, 0x220e, 0x220e, 0x220e, 0x220e, 0x220e, 0x220e, 0x220e, 0x220e, 0x220e, 0x220e, 0x220e, 0x220e, 0x220e, 0x220e, 
	0x220e, 0x220e, 0x220e, 0x220e, 0x220e, 0x220e, 0x220e, 0x220e, 0x220e, 0x220e, 0x220e, 0x220e, 0x220e, 0x220e, 0x220e, 0x220e, 
	0x220e, 0x220e, 0x220e, 0x220e, 0x220e, 0x220e, 0x220e, 0x220e, 0x220e, 0x220e, 0x220e, 0x220e, 0x220e, 0x220e, 0x220e, 0x220e, 
	0x220e, 0x220e, 0x220e, 0x220e, 0x220e, 0x220e, 0x220e, 0x220e, 0x220e, 0x220e, 0x220e, 0x220e, 0x220e, 0x220e, 0x220e, 0x220e, 
	0x220e, 0x220e, 0x220e, 0x220e, 0x220e, 0x220e, 0x220e, 0x220e, 0x220e, 0x220e, 0x220e, 0x220e, 0x220e, 0x220e, 0x220e, 0x220e, 
	0x220e, 0x220e, 0x220e, 0x220e, 0x220e, 0x220e, 0x220e, 0x220e, 0x220e, 0x220e, 0x220e, 0x220e, 0x220e, 0x220e, 0x220e, 0x220e, 
	0x220e, 0x220e, 0x220e, 0x220e, 0x220e, 0x220e, 0x220e, 0x220e, 0x220e, 0x220e, 0x220e, 0x220e, 0x220e, 0x220e, 0x220e, 0x220e, 
	0x220e, 0x220e, 0x220e, 0x220e, 0x220e, 0x220e, 0x220e, 0x220e, 0x220e, 0x220e, 0x220e, 0x220e, 0x220e, 0x220e, 0x220e, 0x220e, 
	0x220e, 0x220e, 0x220e, 0x220e, 0x220e, 0x220e, 0x220e, 0x220e, 0x220e, 0x220e, 0x220e, 0x220e, 0x220e, 0x220e, 0x220e, 0x220e, 
	0x220e, 0x220e, 0x220e, 0x220e, 0x220e, 0x220e, 0x220e, 0x220e, 0x220e, 0x220e, 0x220e, 0x220e, 0x220e, 0x220e, 0x220e, 0x220e, 
	0x220e, 0x220e, 0x220e, 0x220e, 0x220e, 0x220e, 0x220e, 0x220e, 0x220e, 0x220e, 0x220e, 0x220e, 0x220e, 0x220e, 0x220e, 0x220e, 
	0x220e, 0x220e, 0x220e, 0x220e, 0x220e, 0x220e, 0x220e, 0x220e, 0x220e, 0x220e, 0x220e, 0x220e, 0x220e, 0x220e, 0x220e, 0x220e, 
	0x220e, 0x220e, 0x220e, 0x220e, 0x220e, 0x220e, 0x220e, 0x220e, 0x220e, 0x220e, 0x220e, 0x220e, 0x220e, 0x220e, 0x220e, 0x220e, 
	0x220e, 0x220e, 0x220e, 0x220e, 0x220e, 0x220e, 0x220e, 0x220e, 0x220e, 0x220e, 0x220e, 0x220e, 0x220e, 0x220e, 0x220e, 0x220e, 
	0x220e, 0x220e, 0x220e, 0x220e, 0x220e, 0x220e, 0x220e, 0x220e, 0x220e, 0x220e, 0x220e, 0x220e, 0x220e, 0x220e, 0x220e, 0x220e, 
	0x220e, 0x220e, 0x220e, 0x220e, 0x220e, 0x220e, 0x220e, 0x220e, 0x220e, 0x220e, 0x220e, 0x220e, 0x220e, 0x220e, 0x220e, 0x220e, 
	0x220e, 0x220e, 0x220e, 0x220e, 0x220e, 0x220e, 0x220e, 0x220e, 0x220e, 0x220e, 0x220e, 0x220e, 0x220e, 0x220e, 0x220e, 0x220e, 
	0x220e, 0x220e, 0x220e, 0x220e, 0x220e, 0x220e, 0x220e, 0x220e, 0x220e, 0x220e, 0x220e, 0x220e, 0x220e, 0x220e, 0x220e, 0x220e, 
	0x220e, 0x220e, 0x220e, 0x220e, 0x220e, 0x220e, 0x220e, 0x220e, 0x220e, 0x220e, 0x220e, 0x220e, 0x220e, 0x220e, 0x220e, 0x220e, 
	0x220e, 0x220e, 0x220e, 0x220e, 0x220e, 0x220e, 0x220e, 0x220e, 0x220e, 0x220e, 0x220e, 0x220e, 0x220e, 0x220e, 0x220e, 0x220e, 
	0x220e, 0x220e, 0x220e, 0x220e, 0x220e, 0x220e, 0x220e, 0x220e, 0x220e, 0x220e, 0x220e, 0x220e, 0x220e, 0x220e, 0x220e, 0x220e, 
	0x220e, 0x220e, 0x220e, 0x220e, 0x220e, 0x220e, 0x220e, 0x220e, 0x220e, 0x220e, 0x220e, 0x220e, 0x220e, 0x220e, 0x220e, 0x220e, 
	0x220e, 0x220e, 0x220e, 0x220e, 0x220e, 0x220e, 0x220e, 0x220e, 0x220e, 0x220e, 0x220e, 0x220e, 0x220e, 0x220e, 0x220e, 0x220e, 
	0x220e, 0x220e, 0x220e, 0x220e, 0x220e, 0x220e, 0x220e, 0x220e, 0x220e, 0x220e, 0x220e, 0x220e, 0x220e, 0x220e, 0x220e, 0x220e, 
	0x220e, 0x220e, 0x220e, 0x220e, 0x220e, 0x220e, 0x220e, 0x220e, 0x220e, 0x220e, 0x220e, 0x220e, 0x220e, 0x220e, 0x220e, 0x220e, 
	0x220e, 0x220e, 0x220e, 0x220e, 0x220e, 0x220e, 0x220e, 0x220e, 0x220e, 0x220e, 0x220e, 0x220e, 0x220e, 0x220e, 0x220e, 0x220e, 
	0x220e, 0x220e, 0x220e, 0x220e, 0x220e, 0x220e, 0x220e, 0x220e, 0x220e, 0x220e, 0x220e, 0x220e, 0x220e, 0x220e, 0x220e, 0x220e, 
	0x220e, 0x220e, 0x220e, 0x220e, 0x220e, 0x220e, 0x220e, 0x220e, 0x220e, 0x220e, 0x220e, 0x220e, 0x220e, 0x220e, 0x220e, 0x220e, 
	0x220e, 0x220e, 0x220e, 0x220e, 0x220e, 0x220e, 0x220e, 0x220e, 0x220e, 0x220e, 0x220e, 0x220e, 0x220e, 0x220e, 0x220e, 0x220e, 
	0x220e, 0x220e, 0x220e, 0x220e, 0x220e, 0x220e, 0x220e, 0x220e, 0x220e, 0x220e, 0x220e, 0x220e, 0x220e, 0x220e, 0x220e, 0x220e, 
	0x220e, 0x220e, 0x220e, 0x220e, 0x220e, 0x220e, 0x220e, 0x220e, 0x220e, 0x220e, 0x220e, 0x220e, 0x220e, 0x220e, 0x220e, 0x220e, 
	0x220e, 0x220e, 0x220e, 0x220e, 0x220e, 0x220e, 0x220e, 0x220e, 0x220e, 0x220e, 0x220e, 0x220e, 0x220e, 0x220e, 0x220e, 0x220e, 
	0x220e, 0x220e, 0x220e, 0x220e, 0x220e, 0x220e, 0x220e, 0x220e, 0x220e, 0x220e, 0x220e, 0x220e, 0x220e, 0x220e, 0x220e, 0x220e, 
	0x220e, 0x220e, 0x220e, 0x220e, 0x220e, 0x220e, 0x220e, 0x220e, 0x220e, 0x220e, 0x220e, 0x220e, 0x220e, 0x220e, 0x220e, 0x220e, 
	0x220e, 0x220e, 0x220e, 0x220e, 0x220e, 0x220e, 0x220e, 0x220e, 0x220e, 0x220e, 0x220e, 0x220e, 0x220e, 0x220e, 0x220e, 0x220e, 
	0x220e, 0x220e, 0x220e, 0x220e, 0x220e, 0x220e, 0x220e, 0x220e, 0x220e, 0x220e, 0x220e, 0x220e, 0x220e, 0x220e, 0x220e, 0x220e, 
	0x220e, 0x220e, 0x220e, 0x220e, 0x220e, 0x220e, 0x220e, 0x220e, 0x220e, 0x220e, 0x220e, 0x220e, 0x220e, 0x220e, 0x220e, 0x220e, 
	0x220e, 0x220e, 0x220e, 0x220e, 0x220e, 0x220e, 0x220e, 0x220e, 0x220e, 0x220e, 0x220e, 0x220e, 0x220e, 0x220e, 0x220e, 0x220e, 
	0x220e, 0x220e, 0x220e, 0x220e, 0x220e, 0x220e, 0x220e, 0x220e, 0x220e, 0x220e, 0x220e, 0x220e, 0x220e, 0x220e, 0x220e, 0x220e, 
	0x220e, 0x220e, 0x220e, 0x220e, 0x220e, 0x220e, 0x220e, 0x220e, 0x220e, 0x220e, 0x220e, 0x220e, 0x220e, 0x220e, 0x220e, 0x220e, 
	0x220e, 0x220e, 0x220e, 0x220e, 0x220e, 0x220e, 0x220e, 0x220e, 0x220e, 0x220e, 0x220e, 0x220e, 0x220e, 0x220e, 0x220e, 0x220e, 
	0x220e, 0x220e, 0x220e, 0x220e, 0x220e, 0x220e, 0x220e, 0x220e, 0x220e, 0x220e, 0x220e, 0x220e, 0x220e, 0x220e, 0x220e, 0x220e, 
	0x220e, 0x220e, 0x220e, 0x220e, 0x220e, 0x220e, 0x220e, 0x220e, 0x220e, 0x220e, 0x220e, 0x220e, 0x220e, 0x220e, 0x220e, 0x220e, 
	0x220e, 0x220e, 0x220e, 0x220e, 0x220e, 0x220e, 0x220e, 0x220e, 0x220e, 0x220e, 0x220e, 0x220e, 0x220e, 0x220e, 0x220e, 0x220e, 
	0x220e, 0x220e, 0x220e, 0x220e, 0x220e, 0x220e, 0x220e, 0x220e, 0x220e, 0x220e, 0x220e, 0x220e, 0x220e, 0x220e, 0x220e, 0x220e, 
	0x220e, 0x220e, 0x220e, 0x220e, 0x220e, 0x220e, 0x220e, 0x220e, 0x220e, 0x220e, 0x220e, 0x220e, 0x220e, 0x220e, 0x220e, 0x220e, 
	0x220e, 0x220e, 0x220e, 0x220e, 0x220e, 0x220e, 0x220e, 0x220e, 0x220e, 0x220e, 0x220e, 0x220e, 0x220e, 0x220e, 0x220e, 0x220e, 
	0x220e, 0x220e, 0x220e, 0x220e, 0x220e, 0x220e, 0x220e, 0x220e, 0x220e, 0x220e, 0x220e, 0x220e, 0x220e, 0x220e, 0x220e, 0x220e, 
	0x220e, 0x220e, 0x220e, 0x220e, 0x220e, 0x220e, 0x220e, 0x220e, 0x220e, 0x220e, 0x220e, 0x220e, 0x220e, 0x220e, 0x220e, 0x220e, 
	0x220e, 0x220e, 0x220e, 0x220e, 0x220e, 0x220e, 0x220e, 0x220e, 0x220e, 0x220e, 0x220e, 0x220e, 0x220e, 0x220e, 0x220e, 0x220e, 
	0x220e, 0x220e, 0x220e, 0x220e, 0x220e, 0x220e, 0x220e, 0x220e, 0x220e, 0x220e, 0x220e, 0x220e, 0x220e, 0x220e, 0x220e, 0x220e, 
	0x220e, 0x220e, 0x220e, 0x220e, 0x220e, 0x220e, 0x220e, 0x220e, 0x220e, 0x220e, 0x220e, 0x220e, 0x220e, 0x220e, 0x220e, 0x220e, 
	0x220e, 0x220e, 0x220e, 0x220e, 0x220e, 0x220e, 0x220e, 0x220e, 0x220e, 0x220e, 0x220e, 0x220e, 0x220e, 0x220e, 0x220e, 0x220e, 
	0x220e, 0x220e, 0x220e, 0x220e, 0x220e, 0x220e, 0x220e, 0x220e, 0x220e, 0x220e, 0x220e, 0x220e, 0x220e, 0x220e, 0x220e, 0x220e, 
	0x220e, 0x220e, 0x220e, 0x220e, 0x220e, 0x220e, 0x220e, 0x220e, 0x220e, 0x220e, 0x220e, 0x220e, 0x220e, 0x220e, 0x220e, 0x220e, 
	0x220e, 0x220e, 0x220e, 0x220e, 0x220e, 0x220e, 0x220e, 0x220e, 0x220e, 0x220e, 0x220e, 0x220e, 0x220e, 0x220e, 0x220e, 0x220e, 
	0x220e, 0x220e, 0x220e, 0x220e, 0x220e, 0x220e, 0x220e, 0x220e, 0x220e, 0x220e, 0x220e, 0x220e, 0x220e, 0x220e, 0x220e, 0x220e, 
	0x220e, 0x220e, 0x220e, 0x220e, 0x220e, 0x220e, 0x220e, 0x220e, 0x220e, 0x220e, 0x220e, 0x220e, 0x220e, 0x220e, 0x220e, 0x220e, 
	0x220e, 0x220e, 0x220e, 0x220e, 0x220e, 0x220e, 0x220e, 0x220e, 0x220e, 0x220e, 0x220e, 0x220e, 0x220e, 0x220e, 0x220e, 0x220e, 
	0x220e, 0x220e, 0x220e, 0x220e, 0x220e, 0x220e, 0x220e, 0x220e, 0x220e, 0x220e, 0x220e, 0x220e, 0x220e, 0x220e, 0x220e, 0x220e, 
	0x220e, 0x220e, 0x220e, 0x220e, 0x220e, 0x220e, 0x220e, 0x220e, 0x220e, 0x220e, 0x220e, 0x220e, 0x220e, 0x220e, 0x220e, 0x220e, 
	0x220e, 0x220e, 0x220e, 0x220e, 0x220e, 0x220e, 0x220e, 0x220e, 0x220e, 0x220e, 0x220e, 0x220e, 0x220e, 0x220e, 0x220e, 0x220e, 
	0x220e, 0x220e, 0x220e, 0x220e, 0x220e, 0x220e, 0x220e, 0x220e, 0x220e, 0x220e, 0x220e, 0x220e, 0x220e, 0x220e, 0x220e, 0x220e, 
	0x220e, 0x220e, 0x220e, 0x220e, 0x220e, 0x220e, 0x220e, 0x220e, 0x220e, 0x220e, 0x220e, 0x220e, 0x220e, 0x220e, 0x220e, 0x220e, 
	0x220e, 0x220e, 0x220e, 0x220e, 0x220e, 0x220e, 0x220e, 0x220e, 0x220e, 0x220e, 0x220e, 0x220e, 0x220e, 0x220e, 0x220e, 0x220e, 
	0x220e, 0x220e, 0x220e, 0x220e, 0x220e, 0x220e, 0x220e, 0x220e, 0x220e, 0x220e, 0x220e, 0x220e, 0x220e, 0x220e, 0x220e, 0x220e, 
	0x220e, 0x220e, 0x220e, 0x220e, 0x220e, 0x220e, 0x220e, 0x220e, 0x220e, 0x220e, 0x220e, 0x220e, 0x220e, 0x220e, 0x220e, 0x220e, 
	0x220e, 0x220e, 0x220e, 0x220e, 0x220e, 0x220e, 0x220e, 0x220e, 0x220e, 0x220e, 0x220e, 0x220e, 0x220e, 0x220e, 0x220e, 0x220e, 
	0x220e, 0x220e, 0x220e, 0x220e, 0x220e, 0x220e, 0x220e, 0x220e, 0x220e, 0x220e, 0x220e, 0x220e, 0x220e, 0x220e, 0x220e, 0x220e, 
	0x220e, 0x220e, 0x220e, 0x220e, 0x220e, 0x220e, 0x220e, 0x220e, 0x220e, 0x220e, 0x220e, 0x220e, 0x220e, 0x220e, 0x220e, 0x220e, 
	0x220e, 0x220e, 0x220e, 0x220e, 0x220e, 0x220e, 0x220e, 0x220e, 0x220e, 0x220e, 0x220e, 0x220e, 0x220e, 0x220e, 0x220e, 0x220e, 
	0x220e, 0x220e, 0x220e, 0x220e, 0x220e, 0x220e, 0x220e, 0x220e, 0x220e, 0x220e, 0x220e, 0x220e, 0x220e, 0x220e, 0x220e, 0x220e, 
	0x220e, 0x220e, 0x220e, 0x220e, 0x220e, 0x220e, 0x220e, 0x220e, 0x220e, 0x220e, 0x220e, 0x220e, 0x220e, 0x220e, 0x220e, 0x220e, 
	0x220e, 0x220e, 0x220e, 0x220e, 0x220e, 0x220e, 0x220e, 0x220e, 0x220e, 0x220e, 0x220e, 0x220e, 0x220e, 0x220e, 0x220e, 0x220e, 
	0x220e, 0x220e, 0x220e, 0x220e, 0x220e, 0x220e, 0x220e, 0x220e, 0x220e, 0x220e, 0x220e, 0x220e, 0x220e, 0x220e, 0x220e, 0x220e, 
	0x220e, 0x220e, 0x220e, 0x220e, 0x220e, 0x220e, 0x220e, 0x220e, 0x220e, 0x220e, 0x220e, 0x220e, 0x220e, 0x220e, 0x220e, 0x220e, 
	0x220e, 0x220e, 0x220e, 0x220e, 0x220e, 0x220e, 0x220e, 0x220e, 0x220e, 0x220e, 0x220e, 0x220e, 0x220e, 0x220e, 0x220e, 0x220e, 
	0x220e, 0x220e, 0x220e, 0x220e, 0x220e, 0x220e, 0x220e, 0x220e, 0x220e, 0x220e, 0x220e, 0x220e, 0x220e, 0x220e, 0x220e, 0x220e, 
	0x220e, 0x220e, 0x220e, 0x220e, 0x220e, 0x220e, 0x220e, 0x220e, 0x220e, 0x220e, 0x220e, 0x220e, 0x220e, 0x220e, 0x220e, 0x220e, 
	0x220e, 0x220e, 0x220e, 0x220e, 0x220e, 0x220e, 0x220e, 0x220e, 0x220e, 0x220e, 0x220e, 0x220e, 0x220e, 0x220e, 0x220e, 0x220e, 
	0x220e, 0x220e, 0x220e, 0x220e, 0x220e, 0x220e, 0x220e, 0x220e, 0x220e, 0x220e, 0x220e, 0x220e, 0x220e, 0x220e, 0x220e, 0x220e, 
	0x220e, 0x220e, 0x220e, 0x220e, 0x220e, 0x220e, 0x220e, 0x220e, 0x220e, 0x220e, 0x220e, 0x220e, 0x220e, 0x220e, 0x220e, 0x220e, 
	0x220e, 0x220e, 0x220e, 0x220e, 0x220e, 0x220e, 0x220e, 0x220e, 0x220e, 0x220e, 0x220e, 0x220e, 0x220e, 0x220e, 0x220e, 0x220e, 
	0x220e, 0x220e, 0x220e, 0x220e, 0x220e, 0x220e, 0x220e, 0x220e, 0x220e, 0x220e, 0x220e, 0x220e, 0x220e, 0x220e, 0x220e, 0x220e, 
	0x220e, 0x220e, 0x220e, 0x220e, 0x220e, 0x220e, 0x220e, 0x220e, 0x220e, 0x220e, 0x220e, 0x220e, 0x220e, 0x220e, 0x220e, 0x220e, 
	0x220e, 0x220e, 0x220e, 0x220e, 0x220e, 0x220e, 0x220e, 0x220e, 0x220e, 0x220e, 0x220e, 0x220e, 0x220e, 0x220e, 0x220e, 0x220e, 
	0x220e, 0x220e, 0x220e, 0x220e, 0x220e, 0x220e, 0x220e, 0x220e, 0x220e, 0x220e, 0x220e, 0x220e, 0x220e, 0x220e, 0x220e, 0x220e, 
	0x220e, 0x220e, 0x220e, 0x220e, 0x220e, 0x220e, 0x220e, 0x220e, 0x220e, 0x220e, 0x220e, 0x220e, 0x220e, 0x220e, 0x220e, 0x220e, 
	0x220e, 0x220e, 0x220e, 0x220e, 0x220e, 0x220e, 0x220e, 0x220e, 0x220e, 0x220e, 0x220e, 0x220e, 0x220e, 0x220e, 0x220e, 0x220e, 
	0x220e, 0x220e, 0x220e, 0x220e, 0x220e, 0x220e, 0x220e, 0x220e, 0x220e, 0x220e, 0x220e, 0x220e, 0x220e, 0x220e, 0x220e, 0x220e, 
	0x220e, 0x220e, 0x220e, 0x220e, 0x220e, 0x220e, 0x220e, 0x220e, 0x220e, 0x220e, 0x220e, 0x220e, 0x220e, 0x220e, 0x220e, 0x220e, 
	0x220e, 0x220e, 0x220e, 0x220e, 0x220e, 0x220e, 0x220e, 0x220e, 0x220e, 0x220e, 0x220e, 0x220e, 0x220e, 0x220e, 0x220e, 0x220e, 
	0x220e, 0x220e, 0x220e, 0x220e, 0x220e, 0x220e, 0x220e, 0x220e, 0x220e, 0x220e, 0x220e, 0x220e, 0x220e, 0x220e, 0x220e, 0x220e, 
	0x220e, 0x220e, 0x220e, 0x220e, 0x220e, 0x220e, 0x220e, 0x220e, 0x220e, 0x220e, 0x220e, 0x220e, 0x220e, 0x220e, 0x220e, 0x220e, 
	0x220e, 0x220e, 0x220e, 0x220e, 0x220e, 0x220e, 0x220e, 0x220e, 0x220e, 0x220e, 0x220e, 0x220e, 0x220e, 0x220e, 0x220e, 0x220e, 
	0x220e, 0x220e, 0x220e, 0x220e, 0x220e, 0x220e, 0x220e, 0x220e, 0x220e, 0x220e, 0x220e, 0x220e, 0x220e, 0x220e, 0x220e, 0x220e, 
	0x220e, 0x220e, 0x220e, 0x220e, 0x220e, 0x220e, 0x220e, 0x220e, 0x220e, 0x220e, 0x220e, 0x220e, 0x220e, 0x220e, 0x220e, 0x220e, 
	0x220e, 0x220e, 0x220e, 0x220e, 0x220e, 0x220e, 0x220e, 0x220e, 0x220e, 0x220e, 0x220e, 0x220e, 0x220e, 0x220e, 0x220e, 0x220e, 
	0x220e, 0x220e, 0x220e, 0x220e, 0x220e, 0x220e, 0x220e, 0x220e, 0x220e, 0x220e, 0x220e, 0x220e, 0x220e, 0x220e, 0x220e, 0x220e, 
	0x220e, 0x220e, 0x220e, 0x220e, 0x220e, 0x220e, 0x220e, 0x220e, 0x220e, 0x220e, 0x220e, 0x220e, 0x220e, 0x220e, 0x220e, 0x220e, 
	0x220e, 0x220e, 0x220e, 0x220e, 0x220e, 0x220e, 0x220e, 0x220e, 0x220e, 0x220e, 0x220e, 0x220e, 0x220e, 0x220e, 0x220e, 0x220e, 
	0x220e, 0x220e, 0x220e, 0x220e, 0x220e, 0x220e, 0x220e, 0x220e, 0x220e, 0x220e, 0x220e, 0x220e, 0x220e, 0x220e, 0x220e, 0x220e, 
	0x220e, 0x220e, 0x220e, 0x220e, 0x220e, 0x220e, 0x220e, 0x220e, 0x220e, 0x220e, 0x220e, 0x220e, 0x220e, 0x220e, 0x220e, 0x220e, 
	0x220e, 0x220e, 0x220e, 0x220e, 0x220e, 0x220e, 0x220e, 0x220e, 0x220e, 0x220e, 0x220e, 0x220e, 0x220e, 0x220e, 0x220e, 0x220e, 
	0x220e, 0x220e, 0x220e, 0x220e, 0x220e, 0x220e, 0x220e, 0x220e, 0x220e, 0x220e, 0x220e, 0x220e, 0x220e, 0x220e, 0x220e, 0x220e, 
	0x220e, 0x220e, 0x220e, 0x220e, 0x220e, 0x220e, 0x220e, 0x220e, 0x220e, 0x220e, 0x220e, 0x220e, 0x220e, 0x220e, 0x220e, 0x220e, 
	0x220e, 0x220e, 0x220e, 0x220e, 0x220e, 0x220e, 0x220e, 0x220e, 0x220e, 0x220e, 0x220e, 0x220e, 0x220e, 0x220e, 0x220e, 0x220e, 
	0x220e, 0x220e, 0x220e, 0x220e, 0x220e, 0x220e, 0x220e, 0x220e, 0x220e, 0x220e, 0x220e, 0x220e, 0x220e, 0x220e, 0x220e, 0x220e, 
	0x220e, 0x220e, 0x220e, 0x220e, 0x220e, 0x220e, 0x220e, 0x220e, 0x220e, 0x220e, 0x220e, 0x220e, 0x220e, 0x220e, 0x220e, 0x220e, 
	0x220e, 0x220e, 0x220e, 0x220e, 0x220e, 0x220e, 0x220e, 0x220e, 0x220e, 0x220e, 0x220e, 0x220e, 0x220e, 0x220e, 0x220e, 0x220e, 
	0x220e, 0x220e, 0x220e, 0x220e, 0x220e, 0x220e, 0x220e, 0x220e, 0x220e, 0x220e, 0x220e, 0x220e, 0x220e, 0x220e, 0x220e, 0x220e, 
	0x220e, 0x220e, 0x220e, 0x220e, 0x220e, 0x220e, 0x220e, 0x220e, 0x220e, 0x220e, 0x220e, 0x220e, 0x220e, 0x220e, 0x220e, 0x220e, 
	0x220e, 0x220e, 0x220e, 0x220e, 0x220e, 0x220e, 0x220e, 0x220e, 0x220e, 0x220e, 0x220e, 0x220e, 0x220e, 0x220e, 0x220e, 0x220e, 
	0x220e, 0x220e, 0x220e, 0x220e, 0x220e, 0x220e, 0x220e, 0x220e, 0x220e, 0x220e, 0x220e, 0x220e, 0x220e, 0x220e, 0x220e, 0x220e, 
	0x220e, 0x220e, 0x220e, 0x220e, 0x220e, 0x220e, 0x220e, 0x220e, 0x220e, 0x220e, 0x220e, 0x220e, 0x220e, 0x220e, 0x220e, 0x220e, 
	0x220e, 0x220e, 0x220e, 0x220e, 0x220e, 0x220e, 0x220e, 0x220e, 0x220e, 0x220e, 0x220e, 0x220e, 0x220e, 0x220e, 0x220e, 0x220e, 
	0x220e, 0x220e, 0x220e, 0x220e, 0x220e, 0x220e, 0x220e, 0x220e, 0x220e, 0x220e, 0x220e, 0x220e, 0x220e, 0x220e, 0x220e, 0x220e, 
	0x220e, 0x220e, 0x220e, 0x220e, 0x220e, 0x220e, 0x220e, 0x220e, 0x220e, 0x220e, 0x220e, 0x220e, 0x220e, 0x220e, 0x220e, 0x220e, 
	0x220e, 0x220e, 0x220e, 0x220e, 0x220e, 0x220e, 0x220e, 0x220e, 0x220e, 0x220e, 0x220e, 0x220e, 0x220e, 0x220e, 0x220e, 0x220e, 
	0x220e, 0x220e, 0x220e, 0x220e, 0x220e, 0x220e, 0x220e, 0x220e, 0x220e, 0x220e, 0x220e, 0x220e, 0x220e, 0x220e, 0x220e, 0x220e, 
	0x220e, 0x220e, 0x220e, 0x220e, 0x220e, 0x220e, 0x220e, 0x220e, 0x220e, 0x220e, 0x220e, 0x220e, 0x220e, 0x220e, 0x220e, 0x220e, 
	0x220e, 0x220e, 0x220e, 0x220e, 0x220e, 0x220e, 0x220e, 0x220e, 0x220e, 0x220e, 0x220e, 0x220e, 0x220e, 0x220e, 0x220e, 0x220e, 
	0x220e, 0x220e, 0x220e, 0x220e, 0x220e, 0x220e, 0x220e, 0x220e, 0x220e, 0x220e, 0x220e, 0x220e, 0x220e, 0x220e, 0x220e, 0x220e, 
	0x220e, 0x220e, 0x220e, 0x220e, 0x220e, 0x220e, 0x220e, 0x220e, 0x220e, 0x220e, 0x220e, 0x220e, 0x220e, 0x220e, 0x220e, 0x220e, 
	0x220e, 0x220e, 0x220e, 0x220e, 0x220e, 0x220e, 0x220e, 0x220e, 0x220e, 0x220e, 0x220e, 0x220e, 0x220e, 0x220e, 0x220e, 0x220e, 
	0x220e, 0x220e, 0x220e, 0x220e, 0x220e, 0x220e, 0x220e, 0x220e, 0x220e, 0x220e, 0x220e, 0x220e, 0x220e, 0x220e, 0x220e, 0x220e, 
	0x220e, 0x220e, 0x220e, 0x220e, 0x220e, 0x220e, 0x220e, 0x220e, 0x220e, 0x220e, 0x220e, 0x220e, 0x220e, 0x220e, 0x220e, 0x220e, 
	0x220e, 0x220e, 0x220e, 0x220e, 0x220e, 0x220e, 0x220e, 0x220e, 0x220e, 0x220e, 0x220e, 0x220e, 0x220e, 0x220e, 0x220e, 0x220e, 
	0x220e, 0x220e, 0x220e, 0x220e, 0x220e, 0x220e, 0x220e, 0x220e, 0x220e, 0x220e, 0x220e, 0x220e, 0x220e, 0x220e, 0x220e, 0x220e, 
	0x220e, 0x220e, 0x220e, 0x220e, 0x220e, 0x220e, 0x220e, 0x220e, 0x220e, 0x220e, 0x220e, 0x220e, 0x220e, 0x220e, 0x220e, 0x220e, 
	0x220e, 0x220e, 0x220e, 0x220e, 0x220e, 0x220e, 0x220e, 0x220e, 0x220e, 0x220e, 0x220e, 0x220e, 0x220e, 0x220e, 0x220e, 0x220e, 
	0x220e, 0x220e, 0x220e, 0x220e, 0x220e, 0x220e, 0x220e, 0x220e, 0x220e, 0x220e, 0x220e, 0x220e, 0x220e, 0x220e, 0x220e, 0x220e, 
	0x220e, 0x220e, 0x220e, 0x220e, 0x220e, 0x220e, 0x220e, 0x220e, 0x220e, 0x220e, 0x220e, 0x220e, 0x220e, 0x220e, 0x220e, 0x220e, 
	0x220e, 0x220e, 0x220e, 0x220e, 0x220e, 0x220e, 0x220e, 0x220e, 0x220e, 0x220e, 0x220e, 0x220e, 0x220e, 0x220e, 0x220e, 0x220e, 
	0x220e, 0x220e, 0x220e, 0x220e, 0x220e, 0x220e, 0x220e, 0x220e, 0x220e, 0x220e, 0x220e, 0x220e, 0x220e, 0x220e, 0x220e, 0x220e, 
	0x220e, 0x220e, 0x220e, 0x220e, 0x220e, 0x220e, 0x220e, 0x220e, 0x220e, 0x220e, 0x220e, 0x220e, 0x220e, 0x220e, 0x220e, 0x220e, 
	0x220e, 0x220e, 0x220e, 0x220e, 0x220e, 0x220e, 0x220e, 0x220e, 0x220e, 0x220e, 0x220e, 0x220e, 0x220e, 0x220e, 0x220e, 0x220e, 
	0x220e, 0x220e, 0x220e, 0x220e, 0x220e, 0x220e, 0x220e, 0x220e, 0x220e, 0x220e, 0x220e, 0x220e, 0x220e, 0x220e, 0x220e, 0x220e, 
	0x220e, 0x220e, 0x220e, 0x220e, 0x220e, 0x220e, 0x220e, 0x220e, 0x220e, 0x220e, 0x220e, 0x220e, 0x220e, 0x220e, 0x220e, 0x220e, 
	0x220e, 0x220e, 0x220e, 0x220e, 0x220e, 0x220e, 0x220e, 0x220e, 0x220e, 0x220e, 0x220e, 0x220e, 0x220e, 0x220e, 0x220e, 0x220e, 
	0x220e, 0x220e, 0x220e, 0x220e, 0x220e, 0x220e, 0x220e, 0x220e, 0x220e, 0x220e, 0x220e, 0x220e, 0x220e, 0x220e, 0x220e, 0x220e, 
	0x220e, 0x220e, 0x220e, 0x220e, 0x220e, 0x220e, 0x220e, 0x220e, 0x220e, 0x220e, 0x220e, 0x220e, 0x220e, 0x220e, 0x220e, 0x220e, 
	0x220e, 0x220e, 0x220e, 0x220e, 0x220e, 0x220e, 0x220e, 0x220e, 0x220e, 0x220e, 0x220e, 0x220e, 0x220e, 0x220e, 0x220e, 0x220e, 
	0x220e, 0x220e, 0x220e, 0x220e, 0x220e, 0x220e, 0x220e, 0x220e, 0x220e, 0x220e, 0x220e, 0x220e, 0x220e, 0x220e, 0x220e, 0x220e, 
	0x220e, 0x220e, 0x220e, 0x220e, 0x220e, 0x220e, 0x220e, 0x220e, 0x220e, 0x220e, 0x220e, 0x220e, 0x220e, 0x220e, 0x220e, 0x220e, 
	0x220e, 0x220e, 0x220e, 0x220e, 0x220e, 0x220e, 0x220e, 0x220e, 0x220e, 0x220e, 0x220e, 0x220e, 0x220e, 0x220e, 0x220e, 0x220e, 
	0x220e, 0x220e, 0x220e, 0x220e, 0x220e, 0x220e, 0x220e, 0x220e, 0x220e, 0x220e, 0x220e, 0x220e, 0x220e, 0x220e, 0x220e, 0x220e, 
	0x220e, 0x220e, 0x220e, 0x220e, 0x220e, 0x220e, 0x220e, 0x220e, 0x220e, 0x220e, 0x220e, 0x220e, 0x220e, 0x220e, 0x220e, 0x220e, 
	0x220e, 0x220e, 0x220e, 0x220e, 0x220e, 0x220e, 0x220e, 0x220e, 0x220e, 0x220e, 0x220e, 0x220e, 0x220e, 0x220e, 0x220e, 0x220e, 
	0x220e, 0x220e, 0x220e, 0x220e, 0x220e, 0x220e, 0x220e, 0x220e, 0x220e, 0x220e, 0x220e, 0x220e, 0x220e, 0x220e, 0x220e, 0x220e, 
	0x220e, 0x220e, 0x220e, 0x220e, 0x220e, 0x220e, 0x220e, 0x220e, 0x220e, 0x220e, 0x220e, 0x220e, 0x220e, 0x220e, 0x220e, 0x220e, 
	0x220e, 0x220e, 0x220e, 0x220e, 0x220e, 0x220e, 0x220e, 0x220e, 0x220e, 0x220e, 0x220e, 0x220e, 0x220e, 0x220e, 0x220e, 0x220e, 
	0x220e, 0x220e, 0x220e, 0x220e, 0x220e, 0x220e, 0x220e, 0x220e, 0x220e, 0x220e, 0x220e, 0x220e, 0x220e, 0x220e, 0x220e, 0x220e, 
	0x220e, 0x220e, 0x220e, 0x220e, 0x220e, 0x220e, 0x220e, 0x220e, 0x220e, 0x220e, 0x220e, 0x220e, 0x220e, 0x220e, 0x220e, 0x220e, 
	0x220e, 0x220e, 0x220e, 0x220e, 0x220e, 0x220e, 0x220e, 0x220e, 0x220e, 0x220e, 0x220e, 0x220e, 0x220e, 0x220e, 0x220e, 0x220e, 
	0x220e, 0x220e, 0x220e, 0x220e, 0x220e, 0x220e, 0x220e, 0x220e, 0x220e, 0x220e, 0x220e, 0x220e, 0x220e, 0x220e, 0x220e, 0x220e, 
	0x220e, 0x220e, 0x220e, 0x220e, 0x220e, 0x220e, 0x220e, 0x220e, 0x220e, 0x220e, 0x220e, 0x220e, 0x220e, 0x220e, 0x220e, 0x220e, 
	0x220e, 0x220e, 0x220e, 0x220e, 0x220e, 0x220e, 0x220e, 0x220e, 0x220e, 0x220e, 0x220e, 0x220e, 0x220e, 0x220e, 0x220e, 0x220e, 
	0x220e, 0x220e, 0x220e, 0x220e, 0x220e, 0x220e, 0x220e, 0x220e, 0x220e, 0x220e, 0x220e, 0x220e, 0x220e, 0x220e, 0x220e, 0x220e, 
	0x220e, 0x220e, 0x220e, 0x220e, 0x220e, 0x220e, 0x220e, 0x220e, 0x220e, 0x220e, 0x220e, 0x220e, 0x220e, 0x220e, 0x220e, 0x220e, 
	0x220e, 0x220e, 0x220e, 0x220e, 0x220e, 0x220e, 0x220e, 0x220e, 0x220e, 0x220e, 0x220e, 0x220e, 0x220e, 0x220e, 0x220e, 0x220e, 
	0x220e, 0x220e, 0x220e, 0x220e, 0x220e, 0x220e, 0x220e, 0x220e, 0x220e, 0x220e, 0x220e, 0x220e, 0x220e, 0x220e, 0x220e, 0x220e, 
	0x220e, 0x220e, 0x220e, 0x220e, 0x220e, 0x220e, 0x220e, 0x220e, 0x220e, 0x220e, 0x220e, 0x220e, 0x220e, 0x220e, 0x220e, 0x220e, 
	0x220e, 0x220e, 0x220e, 0x220e, 0x220e, 0x220e, 0x220e, 0x220e, 0x220e, 0x220e, 0x220e, 0x220e, 0x220e, 0x220e, 0x220e, 0x220e, 
	0x220e, 0x220e, 0x220e, 0x220e, 0x220e, 0x220e, 0x220e, 0x220e, 0x220e, 0x220e, 0x220e, 0x220e, 0x220e, 0x220e, 0x220e, 0x220e, 
	0x220e, 0x220e, 0x220e, 0x220e, 0x220e, 0x220e, 0x220e, 0x220e, 0x220e, 0x220e, 0x220e, 0x220e, 0x220e, 0x220e, 0x220e, 0x220e, 
	0x220e, 0x220e, 0x220e, 0x220e, 0x220e, 0x220e, 0x220e, 0x220e, 0x220e, 0x220e, 0x220e, 0x220e, 0x220e, 0x220e, 0x220e, 0x220e, 
	0x220e, 0x220e, 0x220e, 0x220e, 0x220e, 0x220e, 0x220e, 0x220e, 0x220e, 0x220e, 0x220e, 0x220e, 0x220e, 0x220e, 0x220e, 0x220e, 
	0x220e, 0x220e, 0x220e, 0x220e, 0x220e, 0x220e, 0x220e, 0x220e, 0x220e, 0x220e, 0x220e, 0x220e, 0x220e, 0x220e, 0x220e, 0x220e, 
	0x220e, 0x220e, 0x220e, 0x220e, 0x220e, 0x220e, 0x220e, 0x220e, 0x220e, 0x220e, 0x220e, 0x220e, 0x220e, 0x220e, 0x220e, 0x220e, 
	0x220e, 0x220e, 0x220e, 0x220e, 0x220e, 0x220e, 0x220e, 0x220e, 0x220e, 0x220e, 0x220e, 0x220e, 0x220e, 0x220e, 0x220e, 0x220e, 
	0x220e, 0x220e, 0x220e, 0x220e, 0x220e, 0x220e, 0x220e, 0x220e, 0x220e, 0x220e, 0x220e, 0x220e, 0x220e, 0x220e, 0x220e, 0x220e, 
	0x220e, 0x220e, 0x220e, 0x220e, 0x220e, 0x220e, 0x220e, 0x220e, 0x220e, 0x220e, 0x220e, 0x220e, 0x220e, 0x220e, 0x220e, 0x220e, 
	0x220e, 0x220e, 0x220e, 0x220e, 0x220e, 0x220e, 0x220e, 0x220e, 0x220e, 0x220e, 0x220e, 0x220e, 0x220e, 0x220e, 0x220e, 0x220e, 
	0x220e, 0x220e, 0x220e, 0x220e, 0x220e, 0x220e, 0x220e, 0x220e, 0x220e, 0x220e, 0x220e, 0x220e, 0x220e, 0x220e, 0x220e, 0x220e, 
	0x220e, 0x220e, 0x220e, 0x220e, 0x220e, 0x220e, 0x220e, 0x220e, 0x220e, 0x220e, 0x220e, 0x220e, 0x220e, 0x220e, 0x220e, 0x220e, 
	0x220e, 0x220e, 0x220e, 0x220e, 0x220e, 0x220e, 0x220e, 0x220e, 0x220e, 0x220e, 0x220e, 0x220e, 0x220e, 0x220e, 0x220e, 0x220e, 
	0x220e, 0x220e, 0x220e, 0x220e, 0x220e, 0x220e, 0x220e, 0x220e, 0x220e, 0x220e, 0x220e, 0x220e, 0x220e, 0x220e, 0x220e, 0x220e, 
	0x220e, 0x220e, 0x220e, 0x220e, 0x220e, 0x220e, 0x220e, 0x220e, 0x220e, 0x220e, 0x220e, 0x220e, 0x220e, 0x220e, 0x220e, 0x220e, 
	0x220e, 0x220e, 0x220e, 0x220e, 0x220e, 0x220e, 0x220e, 0x220e, 0x220e, 0x220e, 0x220e, 0x220e, 0x220e, 0x220e, 0x220e, 0x220e, 
	0x220e, 0x220e, 0x220e, 0x220e, 0x220e, 0x220e, 0x220e, 0x220e, 0x220e, 0x220e, 0x220e, 0x220e, 0x220e, 0x220e, 0x220e, 0x220e, 
	0x220e, 0x220e, 0x220e, 0x220e, 0x220e, 0x220e, 0x220e, 0x220e, 0x220e, 0x220e, 0x220e, 0x220e, 0x220e, 0x220e, 0x220e, 0x220e, 
	0x220e, 0x220e, 0x220e, 0x220e, 0x220e, 0x220e, 0x220e, 0x220e, 0x220e, 0x220e, 0x220e, 0x220e, 0x220e, 0x220e, 0x220e, 0x220e, 
	0x220e, 0x220e, 0x220e, 0x220e, 0x220e, 0x220e, 0x220e, 0x220e, 0x220e, 0x220e, 0x220e, 0x220e, 0x220e, 0x220e, 0x220e, 0x220e, 
	0x220e, 0x220e, 0x220e, 0x220e, 0x220e, 0x220e, 0x220e, 0x220e, 0x220e, 0x220e, 0x220e, 0x220e, 0x220e, 0x220e, 0x220e, 0x220e, 
	0x220e, 0x220e, 0x220e, 0x220e, 0x220e, 0x220e, 0x220e, 0x220e, 0x220e, 0x220e, 0x220e, 0x220e, 0x220e, 0x220e, 0x220e, 0x220e, 
	0x220e, 0x220e, 0x220e, 0x220e, 0x220e, 0x220e, 0x220e, 0x220e, 0x220e, 0x220e, 0x220e, 0x220e, 0x220e, 0x220e, 0x220e, 0x220e, 
	0x220e, 0x220e, 0x220e, 0x220e, 0x220e, 0x220e, 0x220e, 0x220e, 0x220e, 0x220e, 0x220e, 0x220e, 0x220e, 0x220e, 0x220e, 0x220e, 
	0x220e, 0x220e, 0x220e, 0x220e, 0x220e, 0x220e, 0x220e, 0x220e, 0x220e, 0x220e, 0x220e, 0x220e, 0x220e, 0x220e, 0x220e, 0x220e, 
	0x220e, 0x220e, 0x220e, 0x220e, 0x220e, 0x220e, 0x220e, 0x220e, 0x220e, 0x220e, 0x220e, 0x220e, 0x220e, 0x220e, 0x220e, 0x220e, 
	0x220e, 0x220e, 0x220e, 0x220e, 0x220e, 0x220e, 0x220e, 0x220e, 0x220e, 0x220e, 0x220e, 0x220e, 0x220e, 0x220e, 0x220e, 0x220e, 
	0x220e, 0x220e, 0x220e, 0x220e, 0x220e, 0x220e, 0x220e, 0x220e, 0x220e, 0x220e, 0x220e, 0x220e, 0x220e, 0x220e, 0x220e, 0x220e, 
	0x220e, 0x220e, 0x220e, 0x220e, 0x220e, 0x220e, 0x220e, 0x220e, 0x220e, 0x220e, 0x220e, 0x220e, 0x220e, 0x220e, 0x220e, 0x220e, 
	0x220e, 0x220e, 0x220e, 0x220e, 0x220e, 0x220e, 0x220e, 0x220e, 0x220e, 0x220e, 0x220e, 0x220e, 0x220e, 0x220e, 0x220e, 0x220e, 
	0x220e, 0x220e, 0x220e, 0x220e, 0x220e, 0x220e, 0x220e, 0x220e, 0x220e, 0x220e, 0x220e, 0x220e, 0x220e, 0x220e, 0x220e, 0x220e, 
	0x220e, 0x220e, 0x220e, 0x220e, 0x220e, 0x220e, 0x220e, 0x220e, 0x220e, 0x220e, 0x220e, 0x220e, 0x220e, 0x220e, 0x220e, 0x220e, 
	0x220e, 0x220e, 0x220e, 0x220e, 0x220e, 0x220e, 0x220e, 0x220e, 0x220e, 0x220e, 0x220e, 0x220e, 0x220e, 0x220e, 0x220e, 0x220e, 
	0x220e, 0x220e, 0x220e, 0x220e, 0x220e, 0x220e, 0x220e, 0x220e, 0x220e, 0x220e, 0x220e, 0x220e, 0x220e, 0x220e, 0x220e, 0x220e, 
	0x220e, 0x220e, 0x220e, 0x220e, 0x220e, 0x220e, 0x220e, 0x220e, 0x220e, 0x220e, 0x220e, 0x220e, 0x220e, 0x220e, 0x220e, 0x220e, 
	0x220e, 0x220e, 0x220e, 0x220e, 0x220e, 0x220e, 0x220e, 0x220e, 0x220e, 0x220e, 0x220e, 0x220e, 0x220e, 0x220e, 0x220e, 0x220e, 
	0x220e, 0x220e, 0x220e, 0x220e, 0x220e, 0x220e, 0x220e, 0x220e, 0x220e, 0x220e, 0x220e, 0x220e, 0x220e, 0x220e, 0x220e, 0x220e, 
	0x220e, 0x220e, 0x220e, 0x220e, 0x220e, 0x220e, 0x220e, 0x220e, 0x220e, 0x220e, 0x220e, 0x220e, 0x220e, 0x220e, 0x220e, 0x220e, 
	0x220e, 0x220e, 0x220e, 0x220e, 0x220e, 0x220e, 0x220e, 0x220e, 0x220e, 0x220e, 0x220e, 0x220e, 0x220e, 0x220e, 0x220e, 0x220e, 
	0x220e, 0x220e, 0x220e, 0x220e, 0x220e, 0x220e, 0x220e, 0x220e, 0x220e, 0x220e, 0x220e, 0x220e, 0x220e, 0x220e, 0x220e, 0x220e, 
	0x220e, 0x220e, 0x220e, 0x220e, 0x220e, 0x220e, 0x220e, 0x220e, 0x220e, 0x220e, 0x220e, 0x220e, 0x220e, 0x220e, 0x220e, 0x220e, 
	0x220e, 0x220e, 0x220e, 0x220e, 0x220e, 0x220e, 0x220e, 0x220e, 0x220e, 0x220e, 0x220e, 0x220e, 0x220e, 0x220e, 0x220e, 0x220e, 
	0x220e, 0x220e, 0x220e, 0x220e, 0x220e, 0x220e, 0x220e, 0x220e, 0x220e, 0x220e, 0x220e, 0x220e, 0x220e, 0x220e, 0x220e, 0x220e, 
	0x220e, 0x220e, 0x220e, 0x220e, 0x220e, 0x220e, 0x220e, 0x220e, 0x220e, 0x220e, 0x220e, 0x220e, 0x220e, 0x220e, 0x220e, 0x220e, 
	0x220e, 0x220e, 0x220e, 0x220e, 0x220e, 0x220e, 0x220e, 0x220e, 0x220e, 0x220e, 0x220e, 0x220e, 0x220e, 0x220e, 0x220e, 0x220e, 
	0x220e, 0x220e, 0x220e, 0x220e, 0x220e, 0x220e, 0x220e, 0x220e, 0x220e, 0x220e, 0x220e, 0x220e, 0x220e, 0x220e, 0x220e, 0x220e, 
	0x220e, 0x220e, 0x220e, 0x220e, 0x220e, 0x220e, 0x220e, 0x220e, 0x220e, 0x220e, 0x220e, 0x220e, 0x220e, 0x220e, 0x220e, 0x220e, 
	0x220e, 0x220e, 0x220e, 0x220e, 0x220e, 0x220e, 0x220e, 0x220e, 0x220e, 0x220e, 0x220e, 0x220e, 0x220e, 0x220e, 0x220e, 0x220e, 
	0x220e, 0x220e, 0x220e, 0x220e, 0x220e, 0x220e, 0x220e, 0x220e, 0x220e, 0x220e, 0x220e, 0x220e, 0x220e, 0x220e, 0x220e, 0x220e, 
	0x220e, 0x220e, 0x220e, 0x220e, 0x220e, 0x220e, 0x220e, 0x220e, 0x220e, 0x220e, 0x220e, 0x220e, 0x220e, 0x220e, 0x220e, 0x220e, 
	0x220e, 0x220e, 0x220e, 0x220e, 0x220e, 0x220e, 0x220e, 0x220e, 0x220e, 0x220e, 0x220e, 0x220e, 0x220e, 0x220e, 0x220e, 0x220e, 
	0x220e, 0x220e, 0x220e, 0x220e, 0x220e, 0x220e, 0x220e, 0x220e, 0x220e, 0x220e, 0x220e, 0x220e, 0x220e, 0x220e, 0x220e, 0x220e, 
	0x220e, 0x220e, 0x220e, 0x220e, 0x220e, 0x220e, 0x220e, 0x220e, 0x220e, 0x220e, 0x220e, 0x220e, 0x220e, 0x220e, 0x220e, 0x220e, 
	0x220e, 0x220e, 0x220e, 0x220e, 0x220e, 0x220e, 0x220e, 0x220e, 0x220e, 0x220e, 0x220e, 0x220e, 0x220e, 0x220e, 0x220e, 0x220e, 
	0x220e, 0x220e, 0x220e, 0x220e, 0x220e, 0x220e, 0x220e, 0x220e, 0x220e, 0x220e, 0x220e, 0x220e, 0x220e, 0x220e, 0x220e, 0x220e, 
	0x220e, 0x220e, 0x220e, 0x220e, 0x220e, 0x220e, 0x220e, 0x220e, 0x220e, 0x220e, 0x220e, 0x220e, 0x220e, 0x220e, 0x220e, 0x220e, 
	0x220e, 0x220e, 0x220e, 0x220e, 0x220e, 0x220e, 0x220e, 0x220e, 0x220e, 0x220e, 0x220e, 0x220e, 0x220e, 0x220e, 0x220e, 0x220e, 
	0x220e, 0x220e, 0x220e, 0x220e, 0x220e, 0x220e, 0x220e, 0x220e, 0x220e, 0x220e, 0x220e, 0x220e, 0x220e, 0x220e, 0x220e, 0x220e, 
	0x220e, 0x220e, 0x220e, 0x220e, 0x220e, 0x220e, 0x220e, 0x220e, 0x220e, 0x220e, 0x220e, 0x220e, 0x220e, 0x220e, 0x220e, 0x220e, 
	0x220e, 0x220e, 0x220e, 0x220e, 0x220e, 0x220e, 0x220e, 0x220e, 0x220e, 0x220e, 0x220e, 0x220e, 0x220e, 0x220e, 0x220e, 0x220e, 
	0x220e, 0x220e, 0x220e, 0x220e, 0x220e, 0x220e, 0x220e, 0x220e, 0x220e, 0x220e, 0x220e, 0x220e, 0x220e, 0x220e, 0x220e, 0x220e, 
	0x220e, 0x220e, 0x220e, 0x220e, 0x220e, 0x220e, 0x220e, 0x220e, 0x220e, 0x220e, 0x220e, 0x220e, 0x220e, 0x220e, 0x220e, 0x220e, 
	0x220e, 0x220e, 0x220e, 0x220e, 0x220e, 0x220e, 0x220e, 0x220e, 0x220e, 0x220e, 0x220e, 0x220e, 0x220e, 0x220e, 0x220e, 0x220e, 
	0x220e, 0x220e, 0x220e, 0x220e, 0x220e, 0x220e, 0x220e, 0x220e, 0x220e, 0x220e, 0x220e, 0x220e, 0x220e, 0x220e, 0x220e, 0x220e, 
	0x220e, 0x220e, 0x220e, 0x220e, 0x220e, 0x220e, 0x220e, 0x220e, 0x220e, 0x220e, 0x220e, 0x220e, 0x220e, 0x220e, 0x220e, 0x220e, 
	0x220e, 0x220e, 0x220e, 0x220e, 0x220e, 0x220e, 0x220e, 0x220e, 0x220e, 0x220e, 0x220e, 0x220e, 0x220e, 0x220e, 0x220e, 0x220e, 
	0x220e, 0x220e, 0x220e, 0x220e, 0x220e, 0x220e, 0x220e, 0x220e, 0x220e, 0x220e, 0x220e, 0x220e, 0x220e, 0x220e, 0x220e, 0x220e, 
	0x220e, 0x220e, 0x220e, 0x220e, 0x220e, 0x220e, 0x220e, 0x220e, 0x220e, 0x220e, 0x220e, 0x220e, 0x220e, 0x220e, 0x220e, 0x220e, 
	0x220e, 0x220e, 0x220e, 0x220e, 0x220e, 0x220e, 0x220e, 0x220e, 0x220e, 0x220e, 0x220e, 0x220e, 0x220e, 0x220e, 0x220e, 0x220e, 
	0x220e, 0x220e, 0x220e, 0x220e, 0x220e, 0x220e, 0x220e, 0x220e, 0x220e, 0x220e, 0x220e, 0x220e, 0x220e, 0x220e, 0x220e, 0x220e, 
	0x220e, 0x220e, 0x220e, 0x220e, 0x220e, 0x220e, 0x220e, 0x220e, 0x220e, 0x220e, 0x220e, 0x220e, 0x220e, 0x220e, 0x220e, 0x220e, 
	0x220e, 0x220e, 0x220e, 0x220e, 0x220e, 0x220e, 0x220e, 0x220e, 0x220e, 0x220e, 0x220e, 0x220e, 0x220e, 0x220e, 0x220e, 0x220e, 
	0x220e, 0x220e, 0x220e, 0x220e, 0x220e, 0x220e, 0x220e, 0x220e, 0x220e, 0x220e, 0x220e, 0x220e, 0x220e, 0x220e, 0x220e, 0x220e, 
	0x220e, 0x220e, 0x220e, 0x220e, 0x220e, 0x220e, 0x220e, 0x220e, 0x220e, 0x220e, 0x220e, 0x220e, 0x220e, 0x220e, 0x220e, 0x220e, 
	0x220e, 0x220e, 0x220e, 0x220e, 0x220e, 0x220e, 0x220e, 0x220e, 0x220e, 0x220e, 0x220e, 0x220e, 0x220e, 0x220e, 0x220e, 0x220e, 
	0x220e, 0x220e, 0x220e, 0x220e, 0x220e, 0x220e, 0x220e, 0x220e, 0x220e, 0x220e, 0x220e, 0x220e, 0x220e, 0x220e, 0x220e, 0x220e, 
	0x220e, 0x220e, 0x220e, 0x220e, 0x220e, 0x220e, 0x220e, 0x220e, 0x220e, 0x220e, 0x220e, 0x220e, 0x220e, 0x220e, 0x220e, 0x220e, 
	0x220e, 0x220e, 0x220e, 0x220e, 0x220e, 0x220e, 0x220e, 0x220e, 0x220e, 0x220e, 0x220e, 0x220e, 0x220e, 0x220e, 0x220e, 0x220e, 
	0x220e, 0x220e, 0x220e, 0x220e, 0x220e, 0x220e, 0x220e, 0x220e, 0x220e, 0x220e, 0x220e, 0x220e, 0x220e, 0x220e, 0x220e, 0x220e, 
	0x220e, 0x220e, 0x220e, 0x220e, 0x220e, 0x220e, 0x220e, 0x220e, 0x220e, 0x220e, 0x220e, 0x220e, 0x220e, 0x220e, 0x220e, 0x220e, 
	0x220e, 0x220e, 0x220e, 0x220e, 0x220e, 0x220e, 0x220e, 0x220e, 0x220e, 0x220e, 0x220e, 0x220e, 0x220e, 0x220e, 0x220e, 0x220e, 
	0x220e, 0x220e, 0x220e, 0x220e, 0x220e, 0x220e, 0x220e, 0x220e, 0x220e, 0x220e, 0x220e, 0x220e, 0x220e, 0x220e, 0x220e, 0x220e, 
	0x220e, 0x220e, 0x220e, 0x220e, 0x220e, 0x220e, 0x220e, 0x220e, 0x220e, 0x220e, 0x220e, 0x220e, 0x220e, 0x220e, 0x220e, 0x220e, 
	0x220e, 0x220e, 0x220e, 0x220e, 0x220e, 0x220e, 0x220e, 0x220e, 0x220e, 0x220e, 0x220e, 0x220e, 0x220e, 0x220e, 0x220e, 0x220e, 
	0x220e, 0x220e, 0x220e, 0x220e, 0x220e, 0x220e, 0x220e, 0x220e, 0x220e, 0x220e, 0x220e, 0x220e, 0x220e, 0x220e, 0x220e, 0x220e, 
	0x220e, 0x220e, 0x220e, 0x220e, 0x220e, 0x220e, 0x220e, 0x220e, 0x220e, 0x220e, 0x220e, 0x220e, 0x220e, 0x220e, 0x220e, 0x220e, 
	0x220e, 0x220e, 0x220e, 0x220e, 0x220e, 0x220e, 0x220e, 0x220e, 0x220e, 0x220e, 0x220e, 0x220e, 0x220e, 0x220e, 0x220e, 0x220e, 
	0x220e, 0x220e, 0x220e, 0x220e, 0x220e, 0x220e, 0x220e, 0x220e, 0x220e, 0x220e, 0x220e, 0x220e, 0x220e, 0x220e, 0x220e, 0x220e, 
	0x220e, 0x220e, 0x220e, 0x220e, 0x220e, 0x220e, 0x220e, 0x220e, 0x220e, 0x220e, 0x220e, 0x220e, 0x220e, 0x220e, 0x220e, 0x220e, 
	0x220e, 0x220e, 0x220e, 0x220e, 0x220e, 0x220e, 0x220e, 0x220e, 0x220e, 0x220e, 0x220e, 0x220e, 0x220e, 0x220e, 0x220e, 0x220e, 
	0x220e, 0x220e, 0x220e, 0x220e, 0x220e, 0x220e, 0x220e, 0x220e, 0x220e, 0x220e, 0x220e, 0x220e, 0x220e, 0x220e, 0x220e, 0x220e, 
	0x220e, 0x220e, 0x220e, 0x220e, 0x220e, 0x220e, 0x220e, 0x220e, 0x220e, 0x220e, 0x220e, 0x220e, 0x220e, 0x220e, 0x220e, 0x220e, 
	0x220e, 0x220e, 0x220e, 0x220e, 0x220e, 0x220e, 0x220e, 0x220e, 0x220e, 0x220e, 0x220e, 0x220e, 0x220e, 0x220e, 0x220e, 0x220e, 
	0x220e, 0x220e, 0x220e, 0x220e, 0x220e, 0x220e, 0x220e, 0x220e, 0x220e, 0x220e, 0x220e, 0x220e, 0x220e, 0x220e, 0x220e, 0x220e, 
	0x220e, 0x220e, 0x220e, 0x220e, 0x220e, 0x220e, 0x220e, 0x220e, 0x220e, 0x220e, 0x220e, 0x220e, 0x220e, 0x220e, 0x220e, 0x220e, 
	0x220e, 0x220e, 0x220e, 0x220e, 0x220e, 0x220e, 0x220e, 0x220e, 0x220e, 0x220e, 0x220e, 0x220e, 0x220e, 0x220e, 0x220e, 0x220e, 
	0x220e, 0x220e, 0x220e, 0x220e, 0x220e, 0x220e, 0x220e, 0x220e, 0x220e, 0x220e, 0x220e, 0x220e, 0x220e, 0x220e, 0x220e, 0x220e, 
	0x220e, 0x220e, 0x220e, 0x220e, 0x220e, 0x220e, 0x220e, 0x220e, 0x220e, 0x220e, 0x220e, 0x220e, 0x220e, 0x220e, 0x220e, 0x220e, 
	0x220e, 0x220e, 0x220e, 0x220e, 0x220e, 0x220e, 0x220e, 0x220e, 0x220e, 0x220e, 0x220e, 0x220e, 0x220e, 0x220e, 0x220e, 0x220e, 
	0x220e, 0x220e, 0x220e, 0x220e, 0x220e, 0x220e, 0x220e, 0x220e, 0x220e, 0x220e, 0x220e, 0x220e, 0x220e, 0x220e, 0x220e, 0x220e, 
	0x220e, 0x220e, 0x220e, 0x220e, 0x220e, 0x220e, 0x220e, 0x220e, 0x220e, 0x220e, 0x220e, 0x220e, 0x220e, 0x220e, 0x220e, 0x220e, 
	0x220e, 0x220e, 0x220e, 0x220e, 0x220e, 0x220e, 0x220e, 0x220e, 0x220e, 0x220e, 0x220e, 0x220e, 0x220e, 0x220e, 0x220e, 0x220e, 
	0x220e, 0x220e, 0x220e, 0x220e, 0x220e, 0x220e, 0x220e, 0x220e, 0x220e, 0x220e, 0x220e, 0x220e, 0x220e, 0x220e, 0x220e, 0x220e, 
	0x220e, 0x220e, 0x220e, 0x220e, 0x220e, 0x220e, 0x220e, 0x220e, 0x220e, 0x220e, 0x220e, 0x220e, 0x220e, 0x220e, 0x220e, 0x220e, 
	0x220e, 0x220e, 0x220e, 0x220e, 0x220e, 0x220e, 0x220e, 0x220e, 0x220e, 0x220e, 0x220e, 0x220e, 0x220e, 0x220e, 0x220e, 0x220e, 
	0x220e, 0x220e, 0x220e, 0x220e, 0x220e, 0x220e, 0x220e, 0x220e, 0x220e, 0x220e, 0x220e, 0x220e, 0x220e, 0x220e, 0x220e, 0x220e, 
	0x220e, 0x220e, 0x220e, 0x220e, 0x220e, 0x220e, 0x220e, 0x220e, 0x220e, 0x220e, 0x220e, 0x220e, 0x220e, 0x220e, 0x220e, 0x220e, 
	0x220e, 0x220e, 0x220e, 0x220e, 0x220e, 0x220e, 0x220e, 0x220e, 0x220e, 0x220e, 0x220e, 0x220e, 0x220e, 0x220e, 0x220e, 0x220e, 
	0x220e, 0x220e, 0x220e, 0x220e, 0x220e, 0x220e, 0x220e, 0x220e, 0x220e, 0x220e, 0x220e, 0x220e, 0x220e, 0x220e, 0x220e, 0x220e, 
	0x220e, 0x220e, 0x220e, 0x220e, 0x220e, 0x220e, 0x220e, 0x220e, 0x220e, 0x220e, 0x220e, 0x220e, 0x220e, 0x220e, 0x220e, 0x220e, 
	0x220e, 0x220e, 0x220e, 0x220e, 0x220e, 0x220e, 0x220e, 0x220e, 0x220e, 0x220e, 0x220e, 0x220e, 0x220e, 0x220e, 0x220e, 0x220e, 
	0x220e, 0x220e, 0x220e, 0x220e, 0x220e, 0x220e, 0x220e, 0x220e, 0x220e, 0x220e, 0x220e, 0x220e, 0x220e, 0x220e, 0x220e, 0x220e, 
	0x220e, 0x220e, 0x220e, 0x220e, 0x220e, 0x220e, 0x220e, 0x220e, 0x220e, 0x220e, 0x220e, 0x220e, 0x220e, 0x220e, 0x220e, 0x220e, 
	0x220e, 0x220e, 0x220e, 0x220e, 0x220e, 0x220e, 0x220e, 0x220e, 0x220e, 0x220e, 0x220e, 0x220e, 0x220e, 0x220e, 0x220e, 0x220e, 
	0x220e, 0x220e, 0x220e, 0x220e, 0x220e, 0x220e, 0x220e, 0x220e, 0x220e, 0x220e, 0x220e, 0x220e, 0x220e, 0x220e, 0x220e, 0x220e, 
	0x220e, 0x220e, 0x220e, 0x220e, 0x220e, 0x220e, 0x220e, 0x220e, 0x220e, 0x220e, 0x220e, 0x220e, 0x220e, 0x220e, 0x220e, 0x220e, 
	0x220e, 0x220e, 0x220e, 0x220e, 0x220e, 0x220e, 0x220e, 0x220e, 0x220e, 0x220e, 0x220e, 0x220e, 0x220e, 0x220e, 0x220e, 0x220e, 
	0x220e, 0x220e, 0x220e, 0x220e, 0x220e, 0x220e, 0x220e, 0x220e, 0x220e, 0x220e, 0x220e, 0x220e, 0x220e, 0x220e, 0x220e, 0x220e, 
	0x220e, 0x220e, 0x220e, 0x220e, 0x220e, 0x220e, 0x220e, 0x220e, 0x220e, 0x220e, 0x220e, 0x220e, 0x220e, 0x220e, 0x220e, 0x220e, 
	0x220e, 0x220e, 0x220e, 0x220e, 0x220e, 0x220e, 0x220e, 0x220e, 0x220e, 0x220e, 0x220e, 0x220e, 0x220e, 0x220e, 0x220e, 0x220e, 
	0x220e, 0x220e, 0x220e, 0x220e, 0x220e, 0x220e, 0x220e, 0x220e, 0x220e, 0x220e, 0x220e, 0x220e, 0x220e, 0x220e, 0x220e, 0x220e, 
	0x220e, 0x220e, 0x220e, 0x220e, 0x220e, 0x220e, 0x220e, 0x220e, 0x220e, 0x220e, 0x220e, 0x220e, 0x220e, 0x220e, 0x220e, 0x220e, 
	0x220e, 0x220e, 0x220e, 0x220e, 0x220e, 0x220e, 0x220e, 0x220e, 0x220e, 0x220e, 0x220e, 0x220e, 0x220e, 0x220e, 0x220e, 0x220e, 
	0x220e, 0x220e, 0x220e, 0x220e, 0x220e, 0x220e, 0x220e, 0x220e, 0x220e, 0x220e, 0x220e, 0x220e, 0x220e, 0x220e, 0x220e, 0x220e, 
	0x220e, 0x220e, 0x220e, 0x220e, 0x220e, 0x220e, 0x220e, 0x220e, 0x220e, 0x220e, 0x220e, 0x220e, 0x220e, 0x220e, 0x220e, 0x220e, 
	0x220e, 0x220e, 0x220e, 0x220e, 0x220e, 0x220e, 0x220e, 0x220e, 0x220e, 0x220e, 0x220e, 0x220e, 0x220e, 0x220e, 0x220e, 0x220e, 
	0x220e, 0x220e, 0x220e, 0x220e, 0x220e, 0x220e, 0x220e, 0x220e, 0x220e, 0x220e, 0x220e, 0x220e, 0x220e, 0x220e, 0x220e, 0x220e, 
	0x220e, 0x220e, 0x220e, 0x220e, 0x220e, 0x220e, 0x220e, 0x220e, 0x220e, 0x220e, 0x220e, 0x220e, 0x220e, 0x220e, 0x220e, 0x220e, 
	0x220e, 0x220e, 0x220e, 0x220e, 0x220e, 0x220e, 0x220e, 0x220e, 0x220e, 0x220e, 0x220e, 0x220e, 0x220e, 0x220e, 0x220e, 0x220e, 
	0x220e, 0x220e, 0x220e, 0x220e, 0x220e, 0x220e, 0x220e, 0x220e, 0x220e, 0x220e, 0x220e, 0x220e, 0x220e, 0x220e, 0x220e, 0x220e, 
	0x220e, 0x220e, 0x220e, 0x220e, 0x220e, 0x220e, 0x220e, 0x220e, 0x220e, 0x220e, 0x220e, 0x220e, 0x220e, 0x220e, 0x220e, 0x220e, 
	0x220e, 0x220e, 0x220e, 0x220e, 0x220e, 0x220e, 0x220e, 0x220e, 0x220e, 0x220e, 0x220e, 0x220e, 0x220e, 0x220e, 0x220e, 0x220e, 
	0x220e, 0x220e, 0x220e, 0x220e, 0x220e, 0x220e, 0x220e, 0x220e, 0x220e, 0x220e, 0x220e, 0x220e, 0x220e, 0x220e, 0x220e, 0x220e, 
	0x220e, 0x220e, 0x220e, 0x220e, 0x220e, 0x220e, 0x220e, 0x220e, 0x220e, 0x220e, 0x220e, 0x220e, 0x220e, 0x220e, 0x220e, 0x220e, 
	0x220e, 0x220e, 0x220e, 0x220e, 0x220e, 0x220e, 0x220e, 0x220e, 0x220e, 0x220e, 0x220e, 0x220e, 0x220e, 0x220e, 0x220e, 0x220e, 
	0x220e, 0x220e, 0x220e, 0x220e, 0x220e, 0x220e, 0x220e, 0x220e, 0x220e, 0x220e, 0x220e, 0x220e, 0x220e, 0x220e, 0x220e, 0x220e, 
	0x220e, 0x220e, 0x220e, 0x220e, 0x220e, 0x220e, 0x220e, 0x220e, 0x220e, 0x220e, 0x220e, 0x220e, 0x220e, 0x220e, 0x220e, 0x220e, 
	0x220e, 0x220e, 0x220e, 0x220e, 0x220e, 0x220e, 0x220e, 0x220e, 0x220e, 0x220e, 0x220e, 0x220e, 0x220e, 0x220e, 0x220e, 0x220e, 
	0x220e, 0x220e, 0x220e, 0x220e, 0x220e, 0x220e, 0x220e, 0x220e, 0x220e, 0x220e, 0x220e, 0x220e, 0x220e, 0x220e, 0x220e, 0x220e, 
	0x220e, 0x220e, 0x220e, 0x220e, 0x220e, 0x220e, 0x220e, 0x220e, 0x220e, 0x220e, 0x220e, 0x220e, 0x220e, 0x220e, 0x220e, 0x220e, 
	0x220e, 0x220e, 0x220e, 0x220e, 0x220e, 0x220e, 0x220e, 0x220e, 0x220e, 0x220e, 0x220e, 0x220e, 0x220e, 0x220e, 0x220e, 0x220e, 
	0x220e, 0x220e, 0x220e, 0x220e, 0x220e, 0x220e, 0x220e, 0x220e, 0x220e, 0x220e, 0x220e, 0x220e, 0x220e, 0x220e, 0x220e, 0x220e, 
	0x220e, 0x220e, 0x220e, 0x220e, 0x220e, 0x220e, 0x220e, 0x220e, 0x220e, 0x220e, 0x220e, 0x220e, 0x220e, 0x220e, 0x220e, 0x220e, 
	0x220e, 0x220e, 0x220e, 0x220e, 0x220e, 0x220e, 0x220e, 0x220e, 0x220e, 0x220e, 0x220e, 0x220e, 0x220e, 0x220e, 0x220e, 0x220e, 
	0x220e, 0x220e, 0x220e, 0x220e, 0x220e, 0x220e, 0x220e, 0x220e, 0x220e, 0x220e, 0x220e, 0x220e, 0x220e, 0x220e, 0x220e, 0x220e, 
	0x220e, 0x220e, 0x220e, 0x220e, 0x220e, 0x220e, 0x220e, 0x220e, 0x220e, 0x220e, 0x220e, 0x220e, 0x220e, 0x220e, 0x220e, 0x220e, 
	0x220e, 0x220e, 0x220e, 0x220e, 0x220e, 0x220e, 0x220e, 0x220e, 0x220e, 0x220e, 0x220e, 0x220e, 0x220e, 0x220e, 0x220e, 0x220e, 
	0x220e, 0x220e, 0x220e, 0x220e, 0x220e, 0x220e, 0x220e, 0x220e, 0x220e, 0x220e, 0x220e, 0x220e, 0x220e, 0x220e, 0x220e, 0x220e, 
	0x220e, 0x220e, 0x220e, 0x220e, 0x220e, 0x220e, 0x220e, 0x220e, 0x220e, 0x220e, 0x220e, 0x220e, 0x220e, 0x220e, 0x220e, 0x220e, 
	0x220e, 0x220e, 0x220e, 0x220e, 0x220e, 0x220e, 0x220e, 0x220e, 0x220e, 0x220e, 0x220e, 0x220e, 0x220e, 0x220e, 0x220e, 0x220e, 
	0x220e, 0x220e, 0x220e, 0x220e, 0x220e, 0x220e, 0x220e, 0x220e, 0x220e, 0x220e, 0x220e, 0x220e, 0x220e, 0x220e, 0x220e, 0x220e, 
	0x220e, 0x220e, 0x220e, 0x220e, 0x220e, 0x220e, 0x220e, 0x220e, 0x220e, 0x220e, 0x220e, 0x220e, 0x220e, 0x220e, 0x220e, 0x220e, 
	0x220e, 0x220e, 0x220e, 0x220e, 0x220e, 0x220e, 0x220e, 0x220e, 0x220e, 0x220e, 0x220e, 0x220e, 0x220e, 0x220e, 0x220e, 0x220e, 
	0x220e, 0x220e, 0x220e, 0x220e, 0x220e, 0x220e, 0x220e, 0x220e, 0x220e, 0x220e, 0x220e, 0x220e, 0x220e, 0x220e, 0x220e, 0x220e, 
	0x220e, 0x220e, 0x220e, 0x220e, 0x220e, 0x220e, 0x220e, 0x220e, 0x220e, 0x220e, 0x220e, 0x220e, 0x220e, 0x220e, 0x220e, 0x220e, 
	0x220e, 0x220e, 0x220e, 0x220e, 0x220e, 0x220e, 0x220e, 0x220e, 0x220e, 0x220e, 0x220e, 0x220e, 0x220e, 0x220e, 0x220e, 0x220e, 
	0x220e, 0x220e, 0x220e, 0x220e, 0x220e, 0x220e, 0x220e, 0x220e, 0x220e, 0x220e, 0x220e, 0x220e, 0x220e, 0x220e, 0x220e, 0x220e, 
	0x220e, 0x220e, 0x220e, 0x220e, 0x220e, 0x220e, 0x220e, 0x220e, 0x220e, 0x220e, 0x220e, 0x220e, 0x220e, 0x220e, 0x220e, 0x220e, 
	0x220e, 0x220e, 0x220e, 0x220e, 0x220e, 0x220e, 0x220e, 0x220e, 0x220e, 0x220e, 0x220e, 0x220e, 0x220e, 0x220e, 0x220e, 0x220e, 
	0x220e, 0x220e, 0x220e, 0x220e, 0x220e, 0x220e, 0x220e, 0x220e, 0x220e, 0x220e, 0x220e, 0x220e, 0x220e, 0x220e, 0x220e, 0x220e, 
	0x220e, 0x220e, 0x220e, 0x220e, 0x220e, 0x220e, 0x220e, 0x220e, 0x220e, 0x220e, 0x220e, 0x220e, 0x220e, 0x220e, 0x220e, 0x220e, 
	0x220e, 0x220e, 0x220e, 0x220e, 0x220e, 0x220e, 0x220e, 0x220e, 0x220e, 0x220e, 0x220e, 0x220e, 0x220e, 0x220e, 0x220e, 0x220e, 
	0x220e, 0x220e, 0x220e, 0x220e, 0x220e, 0x220e, 0x220e, 0x220e, 0x220e, 0x220e, 0x220e, 0x220e, 0x220e, 0x220e, 0x220e, 0x220e, 
	0x220e, 0x220e, 0x220e, 0x220e, 0x220e, 0x220e, 0x220e, 0x220e, 0x220e, 0x220e, 0x220e, 0x220e, 0x220e, 0x220e, 0x220e, 0x220e, 
	0x220e, 0x220e, 0x220e, 0x220e, 0x220e, 0x220e, 0x220e, 0x220e, 0x220e, 0x220e, 0x220e, 0x220e, 0x220e, 0x220e, 0x220e, 0x220e, 
	0x220e, 0x220e, 0x220e, 0x220e, 0x220e, 0x220e, 0x220e, 0x220e, 0x220e, 0x220e, 0x220e, 0x220e, 0x220e, 0x220e, 0x220e, 0x220e, 
	0x220e, 0x220e, 0x220e, 0x220e, 0x220e, 0x220e, 0x220e, 0x220e, 0x220e, 0x220e, 0x220e, 0x220e, 0x220e, 0x220e, 0x220e, 0x220e, 
	0x220e, 0x220e, 0x220e, 0x220e, 0x220e, 0x220e, 0x220e, 0x220e, 0x220e, 0x220e, 0x220e, 0x220e, 0x220e, 0x220e, 0x220e, 0x220e, 
	0x220e, 0x220e, 0x220e, 0x220e, 0x220e, 0x220e, 0x220e, 0x220e, 0x220e, 0x220e, 0x220e, 0x220e, 0x220e, 0x220e, 0x220e, 0x220e, 
	0x220e, 0x220e, 0x220e, 0x220e, 0x220e, 0x220e, 0x220e, 0x220e, 0x220e, 0x220e, 0x220e, 0x220e, 0x220e, 0x220e, 0x220e, 0x220e, 
	0x220e, 0x220e, 0x220e, 0x220e, 0x220e, 0x220e, 0x220e, 0x220e, 0x220e, 0x220e, 0x220e, 0x220e, 0x220e, 0x220e, 0x220e, 0x220e, 
	0x220e, 0x220e, 0x220e, 0x220e, 0x220e, 0x220e, 0x220e, 0x220e, 0x220e, 0x220e, 0x220e, 0x220e, 0x220e, 0x220e, 0x220e, 0x220e, 
	0x220e, 0x220e, 0x220e, 0x220e, 0x220e, 0x220e, 0x220e, 0x220e, 0x220e, 0x220e, 0x220e, 0x220e, 0x220e, 0x220e, 0x220e, 0x220e, 
	0x220e, 0x220e, 0x220e, 0x220e, 0x220e, 0x220e, 0x220e, 0x220e, 0x220e, 0x220e, 0x220e, 0x220e, 0x220e, 0x220e, 0x220e, 0x220e, 
	0x220e, 0x220e, 0x220e, 0x220e, 0x220e, 0x220e, 0x220e, 0x220e, 0x220e, 0x220e, 0x220e, 0x220e, 0x220e, 0x220e, 0x220e, 0x220e, 
	0x220e, 0x220e, 0x220e, 0x220e, 0x220e, 0x220e, 0x220e, 0x220e, 0x220e, 0x220e, 0x220e, 0x220e, 0x220e, 0x220e, 0x220e, 0x220e, 
	0x220e, 0x220e, 0x220e, 0x220e, 0x220e, 0x220e, 0x220e, 0x220e, 0x220e, 0x220e, 0x220e, 0x220e, 0x220e, 0x220e, 0x220e, 0x220e, 
	0x220e, 0x220e, 0x220e, 0x220e, 0x220e, 0x220e, 0x220e, 0x220e, 0x220e, 0x220e, 0x220e, 0x220e, 0x220e, 0x220e, 0x220e, 0x220e, 
	0x220e, 0x220e, 0x220e, 0x220e, 0x220e, 0x220e, 0x220e, 0x220e, 0x220e, 0x220e, 0x220e, 0x220e, 0x220e, 0x220e, 0x220e, 0x220e, 
	0x220e, 0x220e, 0x220e, 0x220e, 0x220e, 0x220e, 0x220e, 0x220e, 0x220e, 0x220e, 0x220e, 0x220e, 0x220e, 0x220e, 0x220e, 0x220e, 
	0x220e, 0x220e, 0x220e, 0x220e, 0x220e, 0x220e, 0x220e, 0x220e, 0x220e, 0x220e, 0x220e, 0x220e, 0x220e, 0x220e, 0x220e, 0x220e, 
	0x220e, 0x220e, 0x220e, 0x220e, 0x220e, 0x220e, 0x220e, 0x220e, 0x220e, 0x220e, 0x220e, 0x220e, 0x220e, 0x220e, 0x220e, 0x220e, 
	0x220e, 0x220e, 0x220e, 0x220e, 0x220e, 0x220e, 0x220e, 0x220e, 0x220e, 0x220e, 0x220e, 0x220e, 0x220e, 0x220e, 0x220e, 0x220e, 
	0x220e, 0x220e, 0x220e, 0x220e, 0x220e, 0x220e, 0x220e, 0x220e, 0x220e, 0x220e, 0x220e, 0x220e, 0x220e, 0x220e, 0x220e, 0x220e, 
	0x220e, 0x220e, 0x220e, 0x220e, 0x220e, 0x220e, 0x220e, 0x220e, 0x220e, 0x220e, 0x220e, 0x220e, 0x220e, 0x220e, 0x220e, 0x220e, 
	0x220e, 0x220e, 0x220e, 0x220e, 0x220e, 0x220e, 0x220e, 0x220e, 0x220e, 0x220e, 0x220e, 0x220e, 0x220e, 0x220e, 0x220e, 0x220e, 
	0x220e, 0x220e, 0x220e, 0x220e, 0x220e, 0x220e, 0x220e, 0x220e, 0x220e, 0x220e, 0x220e, 0x220e, 0x220e, 0x220e, 0x220e, 0x220e, 
	0x220e, 0x220e, 0x220e, 0x220e, 0x220e, 0x220e, 0x220e, 0x220e, 0x220e, 0x220e, 0x220e, 0x220e, 0x220e, 0x220e, 0x220e, 0x220e, 
	0x220e, 0x220e, 0x220e, 0x220e, 0x220e, 0x220e, 0x220e, 0x220e, 0x220e, 0x220e, 0x220e, 0x220e, 0x220e, 0x220e, 0x220e, 0x220e, 
	0x220e, 0x220e, 0x220e, 0x220e, 0x220e, 0x220e, 0x220e, 0x220e, 0x220e, 0x220e, 0x220e, 0x220e, 0x220e, 0x220e, 0x220e, 0x220e, 
	0x220e, 0x220e, 0x220e, 0x220e, 0x220e, 0x220e, 0x220e, 0x220e, 0x220e, 0x220e, 0x220e, 0x220e, 0x220e, 0x220e, 0x220e, 0x220e, 
	0x220e, 0x220e, 0x220e, 0x220e, 0x220e, 0x220e, 0x220e, 0x220e, 0x220e, 0x220e, 0x220e, 0x220e, 0x220e, 0x220e, 0x220e, 0x220e, 
	0x220e, 0x220e, 0x220e, 0x220e, 0x220e, 0x220e, 0x220e, 0x220e, 0x220e, 0x220e, 0x220e, 0x220e, 0x220e, 0x220e, 0x220e, 0x220e, 
	0x220e, 0x220e, 0x220e, 0x220e, 0x220e, 0x220e, 0x220e, 0x220e, 0x220e, 0x220e, 0x220e, 0x220e, 0x220e, 0x220e, 0x220e, 0x220e, 
	0x220e, 0x220e, 0x220e, 0x220e, 0x220e, 0x220e, 0x220e, 0x220e, 0x220e, 0x220e, 0x220e, 0x220e, 0x220e, 0x220e, 0x220e, 0x220e, 
	0x220e, 0x220e, 0x220e, 0x220e, 0x220e, 0x220e, 0x220e, 0x220e, 0x220e, 0x220e, 0x220e, 0x220e, 0x220e, 0x220e, 0x220e, 0x220e, 
	0x220e, 0x220e, 0x220e, 0x220e, 0x220e, 0x220e, 0x220e, 0x220e, 0x220e, 0x220e, 0x220e, 0x220e, 0x220e, 0x220e, 0x220e, 0x220e, 
	0x220e, 0x220e, 0x220e, 0x220e, 0x220e, 0x220e, 0x220e, 0x220e, 0x220e, 0x220e, 0x220e, 0x220e, 0x220e, 0x220e, 0x220e, 0x220e, 
	0x220e, 0x220e, 0x220e, 0x220e, 0x220e, 0x220e, 0x220e, 0x220e, 0x220e, 0x220e, 0x220e, 0x220e, 0x220e, 0x220e, 0x220e, 0x220e, 
	0x220e, 0x220e, 0x220e, 0x220e, 0x220e, 0x220e, 0x220e, 0x220e, 0x220e, 0x220e, 0x220e, 0x220e, 0x220e, 0x220e, 0x220e, 0x220e, 
	0x220e, 0x220e, 0x220e, 0x220e, 0x220e, 0x220e, 0x220e, 0x220e, 0x220e, 0x220e, 0x220e, 0x220e, 0x220e, 0x220e, 0x220e, 0x220e, 
	0x220e, 0x220e, 0x220e, 0x220e, 0x220e, 0x220e, 0x220e, 0x220e, 0x220e, 0x220e, 0x220e, 0x220e, 0x220e, 0x220e, 0x220e, 0x220e, 
	0x220e, 0x220e, 0x220e, 0x220e, 0x220e, 0x220e, 0x220e, 0x220e, 0x220e, 0x220e, 0x220e, 0x220e, 0x220e, 0x220e, 0x220e, 0x220e, 
	0x220e, 0x220e, 0x220e, 0x220e, 0x220e, 0x220e, 0x220e, 0x220e, 0x220e, 0x220e, 0x220e, 0x220e, 0x220e, 0x220e, 0x220e, 0x220e, 
	0x220e, 0x220e, 0x220e, 0x220e, 0x220e, 0x220e, 0x220e, 0x220e, 0x220e, 0x220e, 0x220e, 0x220e, 0x220e, 0x220e, 0x220e, 0x220e, 
	0x220e, 0x220e, 0x220e, 0x220e, 0x220e, 0x220e, 0x220e, 0x220e, 0x220e, 0x220e, 0x220e, 0x220e, 0x220e, 0x220e, 0x220e, 0x220e, 
	0x220e, 0x220e, 0x220e, 0x220e, 0x220e, 0x220e, 0x220e, 0x220e, 0x220e, 0x220e, 0x220e, 0x220e, 0x220e, 0x220e, 0x220e, 0x220e, 
	0x220e, 0x220e, 0x220e, 0x220e, 0x220e, 0x220e, 0x220e, 0x220e, 0x220e, 0x220e, 0x220e, 0x220e, 0x220e, 0x220e, 0x220e, 0x220e, 
	0x220e, 0x220e, 0x220e, 0x220e, 0x220e, 0x220e, 0x220e, 0x220e, 0x220e, 0x220e, 0x220e, 0x220e, 0x220e, 0x220e, 0x220e, 0x220e, 
	0x220e, 0x220e, 0x220e, 0x220e, 0x220e, 0x220e, 0x220e, 0x220e, 0x220e, 0x220e, 0x220e, 0x220e, 0x220e, 0x220e, 0x220e, 0x220e, 
	0x220e, 0x220e, 0x220e, 0x220e, 0x220e, 0x220e, 0x220e, 0x220e, 0x220e, 0x220e, 0x220e, 0x220e, 0x220e, 0x220e, 0x220e, 0x220e, 
	0x220e, 0x220e, 0x220e, 0x220e, 0x220e, 0x220e, 0x220e, 0x220e, 0x220e, 0x220e, 0x220e, 0x220e, 0x220e, 0x220e, 0x220e, 0x220e, 
	0x220e, 0x220e, 0x220e, 0x220e, 0x220e, 0x220e, 0x220e, 0x220e, 0x220e, 0x220e, 0x220e, 0x220e, 0x220e, 0x220e, 0x220e, 0x220e, 
	0x220e, 0x220e, 0x220e, 0x220e, 0x220e, 0x220e, 0x220e, 0x220e, 0x220e, 0x220e, 0x220e, 0x220e, 0x220e, 0x220e, 0x220e, 0x220e, 
	0x220e, 0x220e, 0x220e, 0x220e, 0x220e, 0x220e, 0x220e, 0x220e, 0x220e, 0x220e, 0x220e, 0x220e, 0x220e, 0x220e, 0x220e, 0x220e, 
	0x220e, 0x220e, 0x220e, 0x220e, 0x220e, 0x220e, 0x220e, 0x220e, 0x220e, 0x220e, 0x220e, 0x220e, 0x220e, 0x220e, 0x220e, 0x220e, 
	0x220e, 0x220e, 0x220e, 0x220e, 0x220e, 0x220e, 0x220e, 0x220e, 0x220e, 0x220e, 0x220e, 0x220e, 0x220e, 0x220e, 0x220e, 0x220e, 
	0x220e, 0x220e, 0x220e, 0x220e, 0x220e, 0x220e, 0x220e, 0x220e, 0x220e, 0x220e, 0x220e, 0x220e, 0x220e, 0x220e, 0x220e, 0x220e, 
	0x220e, 0x220e, 0x220e, 0x220e, 0x220e, 0x220e, 0x220e, 0x220e, 0x220e, 0x220e, 0x220e, 0x220e, 0x220e, 0x220e, 0x220e, 0x220e, 
	0x220e, 0x220e, 0x220e, 0x220e, 0x220e, 0x220e, 0x220e, 0x220e, 0x220e, 0x220e, 0x220e, 0x220e, 0x220e, 0x220e, 0x220e, 0x220e, 
	0x220e, 0x220e, 0x220e, 0x220e, 0x220e, 0x220e, 0x220e, 0x220e, 0x220e, 0x220e, 0x220e, 0x220e, 0x220e, 0x220e, 0x220e, 0x220e, 
	0x220e, 0x220e, 0x220e, 0x220e, 0x220e, 0x220e, 0x220e, 0x220e, 0x220e, 0x220e, 0x220e, 0x220e, 0x220e, 0x220e, 0x220e, 0x220e, 
	0x220e, 0x220e, 0x220e, 0x220e, 0x220e, 0x220e, 0x220e, 0x220e, 0x220e, 0x220e, 0x220e, 0x220e, 0x220e, 0x220e, 0x220e, 0x220e, 
	0x220e, 0x220e, 0x220e, 0x220e, 0x220e, 0x220e, 0x220e, 0x220e, 0x220e, 0x220e, 0x220e, 0x220e, 0x220e, 0x220e, 0x220e, 0x220e, 
	0x220e, 0x220e, 0x220e, 0x220e, 0x220e, 0x220e, 0x220e, 0x220e, 0x220e, 0x220e, 0x220e, 0x220e, 0x220e, 0x220e, 0x220e, 0x220e, 
	0x220e, 0x220e, 0x220e, 0x220e, 0x220e, 0x220e, 0x220e, 0x220e, 0x220e, 0x220e, 0x220e, 0x220e, 0x220e, 0x220e, 0x220e, 0x220e, 
	0x220e, 0x220e, 0x220e, 0x220e, 0x220e, 0x220e, 0x220e, 0x220e, 0x220e, 0x220e, 0x220e, 0x220e, 0x220e, 0x220e, 0x220e, 0x220e, 
	0x220e, 0x220e, 0x220e, 0x220e, 0x220e, 0x220e, 0x220e, 0x220e, 0x220e, 0x220e, 0x220e, 0x220e, 0x220e, 0x220e, 0x220e, 0x220e, 
	0x220e, 0x220e, 0x220e, 0x220e, 0x220e, 0x220e, 0x220e, 0x220e, 0x220e, 0x220e, 0x220e, 0x220e, 0x220e, 0x220e, 0x220e, 0x220e, 
	0x220e, 0x220e, 0x220e, 0x220e, 0x220e, 0x220e, 0x220e, 0x220e, 0x220e, 0x220e, 0x220e, 0x220e, 0x220e, 0x220e, 0x220e, 0x220e, 
	0x220e, 0x220e, 0x220e, 0x220e, 0x220e, 0x220e, 0x220e, 0x220e, 0x220e, 0x220e, 0x220e, 0x220e, 0x220e, 0x220e, 0x220e, 0x220e, 
	0x220e, 0x220e, 0x220e, 0x220e, 0x220e, 0x220e, 0x220e, 0x220e, 0x220e, 0x220e, 0x220e, 0x220e, 0x220e, 0x220e, 0x220e, 0x220e, 
	0x220e, 0x220e, 0x220e, 0x220e, 0x220e, 0x220e, 0x220e, 0x220e, 0x220e, 0x220e, 0x220e, 0x220e, 0x220e, 0x220e, 0x220e, 0x220e, 
	0x220e, 0x220e, 0x220e, 0x220e, 0x220e, 0x220e, 0x220e, 0x220e, 0x220e, 0x220e, 0x220e, 0x220e, 0x220e, 0x220e, 0x220e, 0x220e, 
	0x220e, 0x220e, 0x220e, 0x220e, 0x220e, 0x220e, 0x220e, 0x220e, 0x220e, 0x220e, 0x220e, 0x220e, 0x220e, 0x220e, 0x220e, 0x220e, 
	0x220e, 0x220e, 0x220e, 0x220e, 0x220e, 0x220e, 0x220e, 0x220e, 0x220e, 0x220e, 0x220e, 0x220e, 0x220e, 0x220e, 0x220e, 0x220e, 
	0x220e, 0x220e, 0x220e, 0x220e, 0x220e, 0x220e, 0x220e, 0x220e, 0x220e, 0x220e, 0x220e, 0x220e, 0x220e, 0x220e, 0x220e, 0x220e, 
	0x220e, 0x220e, 0x220e, 0x220e, 0x220e, 0x220e, 0x220e, 0x220e, 0x220e, 0x220e, 0x220e, 0x220e, 0x220e, 0x220e, 0x220e, 0x220e, 
	0x220e, 0x220e, 0x220e, 0x220e, 0x220e, 0x220e, 0x220e, 0x220e, 0x220e, 0x220e, 0x220e, 0x220e, 0x220e, 0x220e, 0x220e, 0x220e, 
	0x220e, 0x220e, 0x220e, 0x220e, 0x220e, 0x220e, 0x220e, 0x220e, 0x220e, 0x220e, 0x220e, 0x220e, 0x220e, 0x220e, 0x220e, 0x220e, 
	0x220e, 0x220e, 0x220e, 0x220e, 0x220e, 0x220e, 0x220e, 0x220e, 0x220e, 0x220e, 0x220e, 0x220e, 0x220e, 0x220e, 0x220e, 0x220e, 
	0x220e, 0x220e, 0x220e, 0x220e, 0x220e, 0x220e, 0x220e, 0x220e, 0x220e, 0x220e, 0x220e, 0x220e, 0x220e, 0x220e, 0x220e, 0x220e, 
	0x220e, 0x220e, 0x220e, 0x220e, 0x220e, 0x220e, 0x220e, 0x220e, 0x220e, 0x220e, 0x220e, 0x220e, 0x220e, 0x220e, 0x220e, 0x220e, 
	0x220e, 0x220e, 0x220e, 0x220e, 0x220e, 0x220e, 0x220e, 0x220e, 0x220e, 0x220e, 0x220e, 0x220e, 0x220e, 0x220e, 0x220e, 0x220e, 
	0x220e, 0x220e, 0x220e, 0x220e, 0x220e, 0x220e, 0x220e, 0x220e, 0x220e, 0x220e, 0x220e, 0x220e, 0x220e, 0x220e, 0x220e, 0x220e, 
	0x220e, 0x220e, 0x220e, 0x220e, 0x220e, 0x220e, 0x220e, 0x220e, 0x220e, 0x220e, 0x220e, 0x220e, 0x220e, 0x220e, 0x220e, 0x220e, 
	0x220e, 0x220e, 0x220e, 0x220e, 0x220e, 0x220e, 0x220e, 0x220e, 0x220e, 0x220e, 0x220e, 0x220e, 0x220e, 0x220e, 0x220e, 0x220e, 
	0x220e, 0x220e, 0x220e, 0x220e, 0x220e, 0x220e, 0x220e, 0x220e, 0x220e, 0x220e, 0x220e, 0x220e, 0x220e, 0x220e, 0x220e, 0x220e, 
	0x220e, 0x220e, 0x220e, 0x220e, 0x220e, 0x220e, 0x220e, 0x220e, 0x220e, 0x220e, 0x220e, 0x220e, 0x220e, 0x220e, 0x220e, 0x220e, 
	0x220e, 0x220e, 0x220e, 0x220e, 0x220e, 0x220e, 0x220e, 0x220e, 0x220e, 0x220e, 0x220e, 0x220e, 0x220e, 0x220e, 0x220e, 0x220e, 
	0x220e, 0x220e, 0x220e, 0x220e, 0x220e, 0x220e, 0x220e, 0x220e, 0x220e, 0x220e, 0x220e, 0x220e, 0x220e, 0x220e, 0x220e, 0x220e, 
	0x220e, 0x220e, 0x220e, 0x220e, 0x220e, 0x220e, 0x220e, 0x220e, 0x220e, 0x220e, 0x220e, 0x220e, 0x220e, 0x220e, 0x220e, 0x220e, 
	0x220e, 0x220e, 0x220e, 0x220e, 0x220e, 0x220e, 0x220e, 0x220e, 0x220e, 0x220e, 0x220e, 0x220e, 0x220e, 0x220e, 0x220e, 0x220e, 
	0x220e, 0x220e, 0x220e, 0x220e, 0x220e, 0x220e, 0x220e, 0x220e, 0x220e, 0x220e, 0x220e, 0x220e, 0x220e, 0x220e, 0x220e, 0x220e, 
	0x220e, 0x220e, 0x220e, 0x220e, 0x220e, 0x220e, 0x220e, 0x220e, 0x220e, 0x220e, 0x220e, 0x220e, 0x220e, 0x220e, 0x220e, 0x220e, 
	0x220e, 0x220e, 0x220e, 0x220e, 0x220e, 0x220e, 0x220e, 0x220e, 0x220e, 0x220e, 0x220e, 0x220e, 0x220e, 0x220e, 0x220e, 0x220e, 
	0x220e, 0x220e, 0x220e, 0x220e, 0x220e, 0x220e, 0x220e, 0x220e, 0x220e, 0x220e, 0x220e, 0x220e, 0x220e, 0x220e, 0x220e, 0x220e, 
	0x220e, 0x220e, 0x220e, 0x220e, 0x220e, 0x220e, 0x220e, 0x220e, 0x220e, 0x220e, 0x220e, 0x220e, 0x220e, 0x220e, 0x220e, 0x220e, 
	0x220e, 0x220e, 0x220e, 0x220e, 0x220e, 0x220e, 0x220e, 0x220e, 0x220e, 0x220e, 0x220e, 0x220e, 0x220e, 0x220e, 0x220e, 0x220e, 
	0x220e, 0x220e, 0x220e, 0x220e, 0x220e, 0x220e, 0x220e, 0x220e, 0x220e, 0x220e, 0x220e, 0x220e, 0x220e, 0x220e, 0x220e, 0x220e, 
	0x220e, 0x220e, 0x220e, 0x220e, 0x220e, 0x220e, 0x220e, 0x220e, 0x220e, 0x220e, 0x220e, 0x220e, 0x220e, 0x220e, 0x220e, 0x220e, 
	0x220e, 0x220e, 0x220e, 0x220e, 0x220e, 0x220e, 0x220e, 0x220e, 0x220e, 0x220e, 0x220e, 0x220e, 0x220e, 0x220e, 0x220e, 0x220e, 
	0x220e, 0x220e, 0x220e, 0x220e, 0x220e, 0x220e, 0x220e, 0x220e, 0x220e, 0x220e, 0x220e, 0x220e, 0x220e, 0x220e, 0x220e, 0x220e, 
	0x220e, 0x220e, 0x220e, 0x220e, 0x220e, 0x220e, 0x220e, 0x220e, 0x220e, 0x220e, 0x220e, 0x220e, 0x220e, 0x220e, 0x220e, 0x220e, 
	0x220e, 0x220e, 0x220e, 0x220e, 0x220e, 0x220e, 0x220e, 0x220e, 0x220e, 0x220e, 0x220e, 0x19ed, 0x19ed, 0x19ed, 0x19ed, 0x19ed, 
	0x19ed, 0x19ed, 0x19ed, 0x19ed, 0x19ed, 0x19ed, 0x19ed, 0x19ed, 0x19ed, 0x19ed, 0x19ed, 0x19ed, 0x19ed, 0x19ed, 0x19ed, 0x19ed, 
	0x19ed, 0x19ed, 0x19ed, 0x19ed, 0x19ed, 0x220e, 0x220e, 0x220e, 0x220e, 0x220e, 0x220e, 0x220e, 0x220e, 0x220e, 0x220e, 0x220e, 
	0x220e, 0x220e, 0x220e, 0x220e, 0x220e, 0x220e, 0x220e, 0x220e, 0x220e, 0x220e, 0x220e, 0x220e, 0x220e, 0x220e, 0x220e, 0x220e, 
	0x220e, 0x220e, 0x220e, 0x220e, 0x220e, 0x220e, 0x220e, 0x220e, 0x220e, 0x220e, 0x220e, 0x220e, 0x220e, 0x220e, 0x220e, 0x220e, 
	0x220e, 0x220e, 0x220e, 0x220e, 0x220e, 0x220e, 0x220e, 0x220e, 0x220e, 0x220e, 0x220e, 0x220e, 0x220e, 0x220e, 0x220e, 0x220e, 
	0x220e, 0x220e, 0x220e, 0x220e, 0x220e, 0x220e, 0x220e, 0x220e, 0x220e, 0x220e, 0x220e, 0x220e, 0x220e, 0x220e, 0x220e, 0x220e, 
	0x220e, 0x220e, 0x220e, 0x220e, 0x220e, 0x220e, 0x220e, 0x220e, 0x220e, 0x220e, 0x220e, 0x220e, 0x220e, 0x220e, 0x220e, 0x220e, 
	0x220e, 0x220e, 0x220e, 0x220e, 0x220e, 0x220e, 0x220e, 0x220e, 0x220e, 0x220e, 0x220e, 0x220e, 0x220e, 0x220e, 0x220e, 0x220e, 
	0x220e, 0x220e, 0x220e, 0x220e, 0x220e, 0x220e, 0x220e, 0x220e, 0x220e, 0x220e, 0x220e, 0x220e, 0x220e, 0x220e, 0x220e, 0x220e, 
	0x220e, 0x220e, 0x220e, 0x220e, 0x220e, 0x220e, 0x220e, 0x220e, 0x220e, 0x220e, 0x220e, 0x220e, 0x220e, 0x220e, 0x220e, 0x220e, 
	0x220e, 0x220e, 0x220e, 0x220e, 0x220e, 0x220e, 0x220e, 0x220e, 0x220e, 0x220e, 0x220e, 0x220e, 0x220e, 0x220e, 0x220e, 0x220e, 
	0x220e, 0x220e, 0x220e, 0x220e, 0x220e, 0x220e, 0x220e, 0x220e, 0x220e, 0x220e, 0x220e, 0x220e, 0x220e, 0x220e, 0x220e, 0x220e, 
	0x220e, 0x220e, 0x220e, 0x220e, 0x220e, 0x220e, 0x220e, 0x220e, 0x220e, 0x220e, 0x220e, 0x220e, 0x220e, 0x220e, 0x220e, 0x220e, 
	0x220e, 0x220e, 0x220e, 0x220e, 0x220e, 0x220e, 0x220e, 0x220e, 0x220e, 0x220e, 0x220e, 0x220e, 0x220e, 0x220e, 0x220e, 0x220e, 
	0x220e, 0x220e, 0x220e, 0x220e, 0x220e, 0x220e, 0x220e, 0x220e, 0x220e, 0x220e, 0x1a0d, 0x3b31, 0x4bb3, 0x4b93, 0x4bb3, 0x4b93, 
	0x4bb3, 0x4b93, 0x4bb3, 0x4b93, 0x4b93, 0x4b93, 0x4b93, 0x4bb3, 0x4bb3, 0x4b93, 0x4b93, 0x4b93, 0x4b93, 0x4bb3, 0x4b93, 0x4bb3, 
	0x4b93, 0x4bb3, 0x4b93, 0x4bb3, 0x3b31, 0x1a0d, 0x220e, 0x220e, 0x220e, 0x220e, 0x220e, 0x220e, 0x220e, 0x220e, 0x220e, 0x220e, 
	0x220e, 0x220e, 0x220e, 0x220e, 0x220e, 0x220e, 0x220e, 0x220e, 0x220e, 0x220e, 0x220e, 0x220e, 0x220e, 0x220e, 0x220e, 0x220e, 
	0x220e, 0x220e, 0x220e, 0x220e, 0x220e, 0x220e, 0x220e, 0x220e, 0x220e, 0x220e, 0x220e, 0x220e, 0x220e, 0x220e, 0x220e, 0x220e, 
	0x220e, 0x220e, 0x220e, 0x220e, 0x220e, 0x220e, 0x220e, 0x220e, 0x220e, 0x220e, 0x220e, 0x220e, 0x220e, 0x220e, 0x220e, 0x220e, 
	0x220e, 0x220e, 0x220e, 0x220e, 0x220e, 0x220e, 0x220e, 0x220e, 0x220e, 0x220e, 0x220e, 0x220e, 0x220e, 0x220e, 0x220e, 0x220e, 
	0x220e, 0x220e, 0x220e, 0x220e, 0x220e, 0x220e, 0x220e, 0x220e, 0x220e, 0x220e, 0x220e, 0x220e, 0x220e, 0x220e, 0x220e, 0x220e, 
	0x220e, 0x220e, 0x220e, 0x220e, 0x220e, 0x220e, 0x220e, 0x220e, 0x220e, 0x220e, 0x220e, 0x220e, 0x220e, 0x220e, 0x220e, 0x220e, 
	0x220e, 0x220e, 0x220e, 0x220e, 0x220e, 0x220e, 0x220e, 0x220e, 0x220e, 0x220e, 0x220e, 0x220e, 0x220e, 0x220e, 0x220e, 0x220e, 
	0x220e, 0x220e, 0x220e, 0x220e, 0x220e, 0x220e, 0x220e, 0x220e, 0x220e, 0x220e, 0x220e, 0x220e, 0x220e, 0x220e, 0x220e, 0x220e, 
	0x220e, 0x220e, 0x220e, 0x220e, 0x220e, 0x220e, 0x220e, 0x220e, 0x220e, 0x220e, 0x220e, 0x220e, 0x220e, 0x220e, 0x220e, 0x220e, 
	0x220e, 0x220e, 0x220e, 0x220e, 0x220e, 0x220e, 0x220e, 0x220e, 0x220e, 0x220e, 0x220e, 0x220e, 0x220e, 0x220e, 0x220e, 0x220e, 
	0x220e, 0x220e, 0x220e, 0x220e, 0x220e, 0x220e, 0x220e, 0x220e, 0x220e, 0x220e, 0x220e, 0x220e, 0x220e, 0x220e, 0x220e, 0x220e, 
	0x220e, 0x220e, 0x220e, 0x220e, 0x220e, 0x220e, 0x220e, 0x220e, 0x220e, 0x220e, 0x220e, 0x220e, 0x220e, 0x220e, 0x220e, 0x220e, 
	0x220e, 0x220e, 0x220e, 0x19ed, 0x19ed, 0x19ed, 0x19ed, 0x19ed, 0x19ed, 0x19ed, 0x11ec, 0x74d8, 0x9e5d, 0x961c, 0x963d, 0x963c, 
	0x963d, 0x963c, 0x963d, 0x963c, 0x963d, 0x963c, 0x963c, 0x963d, 0x963d, 0x963c, 0x963c, 0x963c, 0x961c, 0x963d, 0x963c, 0x963d, 
	0x963d, 0x963d, 0x961c, 0x9e5d, 0x74d8, 0x11ec, 0x19ed, 0x19ed, 0x19ed, 0x1a0d, 0x19ed, 0x19ed, 0x1a0d, 0x220e, 0x220e, 0x220e, 
	0x220e, 0x220e, 0x220e, 0x220e, 0x220e, 0x220e, 0x220e, 0x220e, 0x220e, 0x220e, 0x220e, 0x220e, 0x220e, 0x220e, 0x220e, 0x220e, 
	0x220e, 0x220e, 0x220e, 0x220e, 0x220e, 0x220e, 0x220e, 0x220e, 0x220e, 0x220e, 0x220e, 0x220e, 0x220e, 0x220e, 0x220e, 0x220e, 
	0x220e, 0x220e, 0x220e, 0x220e, 0x220e, 0x220e, 0x220e, 0x220e, 0x220e, 0x220e, 0x220e, 0x220e, 0x220e, 0x220e, 0x220e, 0x220e, 
	0x220e, 0x220e, 0x220e, 0x220e, 0x220e, 0x220e, 0x220e, 0x220e, 0x220e, 0x220e, 0x220e, 0x220e, 0x220e, 0x220e, 0x220e, 0x220e, 
	0x220e, 0x220e, 0x220e, 0x220e, 0x220e, 0x220e, 0x220e, 0x220e, 0x220e, 0x220e, 0x220e, 0x220e, 0x220e, 0x220e, 0x220e, 0x220e, 
	0x220e, 0x220e, 0x220e, 0x220e, 0x220e, 0x220e, 0x220e, 0x220e, 0x220e, 0x220e, 0x220e, 0x220e, 0x220e, 0x220e, 0x220e, 0x220e, 
	0x220e, 0x220e, 0x220e, 0x220e, 0x220e, 0x220e, 0x220e, 0x220e, 0x220e, 0x220e, 0x220e, 0x220e, 0x220e, 0x220e, 0x220e, 0x220e, 
	0x220e, 0x220e, 0x220e, 0x220e, 0x220e, 0x220e, 0x220e, 0x220e, 0x220e, 0x220e, 0x220e, 0x220e, 0x220e, 0x220e, 0x220e, 0x220e, 
	0x220e, 0x220e, 0x220e, 0x220e, 0x220e, 0x220e, 0x220e, 0x220e, 0x220e, 0x220e, 0x220e, 0x220e, 0x220e, 0x220e, 0x220e, 0x220e, 
	0x220e, 0x220e, 0x220e, 0x220e, 0x220e, 0x220e, 0x220e, 0x220e, 0x220e, 0x220e, 0x220e, 0x220e, 0x220e, 0x220e, 0x220e, 0x220e, 
	0x220e, 0x220e, 0x220e, 0x220e, 0x220e, 0x220e, 0x220e, 0x220e, 0x220e, 0x220e, 0x220e, 0x220e, 0x220e, 0x220e, 0x220e, 0x220e, 
	0x220e, 0x220e, 0x220e, 0x220e, 0x220e, 0x220e, 0x220e, 0x220e, 0x220e, 0x220e, 0x220e, 0x220e, 0x220e, 0x220e, 0x220e, 0x220e, 
	0x220e, 0x220e, 0x224f, 0x4332, 0x4332, 0x4332, 0x4332, 0x4332, 0x4332, 0x4332, 0x3b31, 0x7d19, 0x963d, 0x8dfb, 0x8ddb, 0x8ddb, 
	0x8ddc, 0x8ddb, 0x8ddc, 0x8ddb, 0x8ddb, 0x8ddb, 0x8ddb, 0x8ddc, 0x8ddc, 0x8ddb, 0x8ddb, 0x8ddb, 0x8ddb, 0x8ddc, 0x8ddb, 0x8ddc, 
	0x8ddb, 0x8ddb, 0x8dfb, 0x963c, 0x7d39, 0x4351, 0x4352, 0x4352, 0x4352, 0x32f1, 0x32f1, 0x32f1, 0x32f1, 0x224f, 0x220e, 0x220e, 
	0x220e, 0x220e, 0x220e, 0x220e, 0x220e, 0x220e, 0x220e, 0x220e, 0x220e, 0x220e, 0x220e, 0x220e, 0x220e, 0x220e, 0x220e, 0x220e, 
	0x220e, 0x220e, 0x220e, 0x220e, 0x220e, 0x220e, 0x220e, 0x220e, 0x220e, 0x220e, 0x220e, 0x220e, 0x220e, 0x220e, 0x220e, 0x220e, 
	0x220e, 0x220e, 0x220e, 0x220e, 0x220e, 0x220e, 0x220e, 0x220e, 0x220e, 0x220e, 0x220e, 0x220e, 0x220e, 0x220e, 0x220e, 0x220e, 
	0x220e, 0x220e, 0x220e, 0x220e, 0x220e, 0x220e, 0x220e, 0x220e, 0x220e, 0x220e, 0x220e, 0x220e, 0x220e, 0x220e, 0x220e, 0x220e, 
	0x220e, 0x220e, 0x220e, 0x220e, 0x220e, 0x220e, 0x220e, 0x220e, 0x220e, 0x220e, 0x220e, 0x220e, 0x220e, 0x220e, 0x220e, 0x220e, 
	0x220e, 0x220e, 0x220e, 0x220e, 0x220e, 0x220e, 0x220e, 0x220e, 0x220e, 0x220e, 0x220e, 0x220e, 0x220e, 0x220e, 0x220e, 0x220e, 
	0x220e, 0x220e, 0x220e, 0x220e, 0x220e, 0x220e, 0x220e, 0x220e, 0x220e, 0x220e, 0x220e, 0x220e, 0x220e, 0x220e, 0x220e, 0x220e, 
	0x220e, 0x220e, 0x220e, 0x220e, 0x220e, 0x220e, 0x220e, 0x220e, 0x220e, 0x220e, 0x220e, 0x220e, 0x220e, 0x220e, 0x220e, 0x220e, 
	0x220e, 0x220e, 0x220e, 0x220e, 0x220e, 0x220e, 0x220e, 0x220e, 0x220e, 0x220e, 0x220e, 0x220e, 0x220e, 0x220e, 0x220e, 0x220e, 
	0x220e, 0x220e, 0x220e, 0x220e, 0x220e, 0x220e, 0x220e, 0x220e, 0x220e, 0x220e, 0x220e, 0x220e, 0x220e, 0x220e, 0x220e, 0x220e, 
	0x220e, 0x220e, 0x220e, 0x220e, 0x220e, 0x220e, 0x220e, 0x220e, 0x220e, 0x220e, 0x220e, 0x220e, 0x220e, 0x220e, 0x220e, 0x220e, 
	0x220e, 0x220e, 0x220e, 0x220e, 0x220e, 0x220e, 0x220e, 0x220e, 0x220e, 0x220e, 0x1a0e, 0x19ed, 0x1a0d, 0x1a0d, 0x1a0d, 0x1a0d, 
	0x1a0d, 0x19ed, 0x2ad0, 0x95fc, 0x961c, 0x961c, 0x961c, 0x961c, 0x961c, 0x961c, 0x961c, 0x9e3d, 0xa67d, 0x95fb, 0x7d9b, 0x7d9b, 
	0x7dbb, 0x7d9b, 0x7d9b, 0x7d9b, 0x7d9b, 0x7d9b, 0x7d9b, 0x7dbb, 0x7dbb, 0x7d9b, 0x7d9b, 0x7d9b, 0x7d9b, 0x7dbb, 0x7d9b, 0x7dbb, 
	0x7d9b, 0x7d9b, 0x95fb, 0xa67d, 0xa65c, 0xae7d, 0xae7d, 0xae9d, 0x9e5e, 0x7519, 0x653a, 0x653a, 0x7519, 0x22b0, 0x19ed, 0x19ed, 
	0x1a0d, 0x1a0e, 0x1a0e, 0x1a0e, 0x1a0e, 0x220e, 0x220e, 0x220e, 0x220e, 0x220e, 0x220e, 0x220e, 0x220e, 0x220e, 0x220e, 0x220e, 
	0x220e, 0x220e, 0x220e, 0x220e, 0x220e, 0x220e, 0x220e, 0x220e, 0x220e, 0x220e, 0x220e, 0x220e, 0x220e, 0x220e, 0x220e, 0x220e, 
	0x220e, 0x220e, 0x220e, 0x220e, 0x220e, 0x220e, 0x220e, 0x220e, 0x220e, 0x220e, 0x220e, 0x220e, 0x220e, 0x220e, 0x220e, 0x220e, 
	0x220e, 0x220e, 0x220e, 0x220e, 0x220e, 0x220e, 0x220e, 0x220e, 0x220e, 0x220e, 0x220e, 0x220e, 0x220e, 0x220e, 0x220e, 0x220e, 
	0x220e, 0x220e, 0x220e, 0x220e, 0x220e, 0x220e, 0x220e, 0x220e, 0x220e, 0x220e, 0x220e, 0x220e, 0x220e, 0x220e, 0x220e, 0x220e, 
	0x220e, 0x220e, 0x220e, 0x220e, 0x220e, 0x220e, 0x220e, 0x220e, 0x220e, 0x220e, 0x220e, 0x220e, 0x220e, 0x220e, 0x220e, 0x220e, 
	0x220e, 0x220e, 0x220e, 0x220e, 0x220e, 0x220e, 0x220e, 0x220e, 0x220e, 0x220e, 0x220e, 0x220e, 0x220e, 0x220e, 0x220e, 0x220e, 
	0x220e, 0x220e, 0x220e, 0x220e, 0x220e, 0x220e, 0x220e, 0x220e, 0x220e, 0x220e, 0x220e, 0x220e, 0x220e, 0x220e, 0x220e, 0x220e, 
	0x220e, 0x220e, 0x220e, 0x220e, 0x220e, 0x220e, 0x220e, 0x220e, 0x220e, 0x220e, 0x220e, 0x220e, 0x220e, 0x220e, 0x220e, 0x220e, 
	0x220e, 0x220e, 0x220e, 0x220e, 0x220e, 0x220e, 0x220e, 0x220e, 0x220e, 0x220e, 0x220e, 0x220e, 0x220e, 0x220e, 0x220e, 0x220e, 
	0x220e, 0x220e, 0x220e, 0x220e, 0x220e, 0x220e, 0x220e, 0x220e, 0x220e, 0x220e, 0x220e, 0x220e, 0x220e, 0x220e, 0x220e, 0x220e, 
	0x220e, 0x220e, 0x220e, 0x220e, 0x220e, 0x220e, 0x220e, 0x220e, 0x220e, 0x220e, 0x2a90, 0x32d1, 0x32d1, 0x32d1, 0x32d1, 0x32d1, 
	0x32d1, 0x32b0, 0x4372, 0x95dc, 0x8dfc, 0x8ddb, 0x8ddb, 0x8ddc, 0x8ddc, 0x8ddc, 0x8ddb, 0x961c, 0x9e5d, 0x8ddb, 0x7d9b, 0x7d9b, 
	0x7d9b, 0x7d9b, 0x7d9b, 0x7d9b, 0x7d9b, 0x7d9b, 0x7d9b, 0x7d9b, 0x7d9b, 0x7d9b, 0x7d9b, 0x7d9b, 0x7d9b, 0x7d9b, 0x7d9b, 0x7d9b, 
	0x7d9b, 0x7d9b, 0x8ddb, 0x9e5d, 0x9e3c, 0x9e3c, 0x9e3c, 0x9e3c, 0x961d, 0x7539, 0x653a, 0x651a, 0x6cf9, 0x3332, 0x2ab0, 0x2ab0, 
	0x2ab0, 0x2ab0, 0x2a90, 0x2a90, 0x2ab0, 0x226f, 0x220e, 0x220e, 0x220e, 0x220e, 0x220e, 0x220e, 0x220e, 0x220e, 0x220e, 0x220e, 
	0x220e, 0x220e, 0x220e, 0x220e, 0x220e, 0x220e, 0x220e, 0x220e, 0x220e, 0x220e, 0x220e, 0x220e, 0x220e, 0x220e, 0x220e, 0x220e, 
	0x220e, 0x220e, 0x220e, 0x220e, 0x220e, 0x220e, 0x220e, 0x220e, 0x220e, 0x220e, 0x220e, 0x220e, 0x220e, 0x220e, 0x220e, 0x220e, 
	0x220e, 0x220e, 0x220e, 0x220e, 0x220e, 0x220e, 0x220e, 0x220e, 0x220e, 0x220e, 0x220e, 0x220e, 0x220e, 0x220e, 0x220e, 0x220e, 
	0x220e, 0x220e, 0x220e, 0x220e, 0x220e, 0x220e, 0x220e, 0x220e, 0x220e, 0x220e, 0x220e, 0x220e, 0x220e, 0x220e, 0x220e, 0x220e, 
	0x220e, 0x220e, 0x220e, 0x220e, 0x220e, 0x220e, 0x220e, 0x220e, 0x220e, 0x220e, 0x220e, 0x220e, 0x220e, 0x220e, 0x220e, 0x220e, 
	0x220e, 0x220e, 0x220e, 0x220e, 0x220e, 0x220e, 0x220e, 0x220e, 0x220e, 0x220e, 0x220e, 0x220e, 0x220e, 0x220e, 0x220e, 0x220e, 
	0x220e, 0x220e, 0x220e, 0x220e, 0x220e, 0x220e, 0x220e, 0x220e, 0x220e, 0x220e, 0x220e, 0x220e, 0x220e, 0x220e, 0x220e, 0x220e, 
	0x220e, 0x220e, 0x220e, 0x220e, 0x220e, 0x220e, 0x220e, 0x220e, 0x220e, 0x220e, 0x220e, 0x220e, 0x220e, 0x220e, 0x220e, 0x220e, 
	0x220e, 0x220e, 0x220e, 0x220e, 0x220e, 0x220e, 0x220e, 0x220e, 0x220e, 0x220e, 0x220e, 0x220e, 0x220e, 0x220e, 0x220e, 0x220e, 
	0x220e, 0x220e, 0x220e, 0x220e, 0x220e, 0x220e, 0x220e, 0x220e, 0x220e, 0x220e, 0x220e, 0x220e, 0x220e, 0x220e, 0x220e, 0x220e, 
	0x220e, 0x220e, 0x220e, 0x220e, 0x220e, 0x220e, 0x1a0e, 0x1a0e, 0x1a0e, 0x19cd, 0x6476, 0x961d, 0x8dfc, 0x95fc, 0x8dfc, 0x95fc, 
	0x8dfc, 0x95fc, 0x95fc, 0x95fc, 0x85fd, 0x6d19, 0x651a, 0x759c, 0x7dbb, 0x7d9b, 0x7dbb, 0x7d9b, 0x7dbb, 0x7d9b, 0x7dbb, 0x7d9b, 
	0x7dbb, 0x7d9b, 0x7dbb, 0x7d9b, 0x7d9b, 0x7d9b, 0x7d9b, 0x7dbb, 0x7dbb, 0x7d9b, 0x7d9b, 0x7d9b, 0x7d9b, 0x7dbb, 0x7d9b, 0x7dbb, 
	0x7dbb, 0x7dbb, 0x7d9b, 0x7dbb, 0x7d9b, 0x7dbb, 0x7d9b, 0x7dbb, 0x7d9b, 0x7dbb, 0x7d9b, 0x6d19, 0x6519, 0x6519, 0x6519, 0x6519, 
	0x651a, 0x5cd9, 0x54d9, 0x54b9, 0x5cd9, 0x3bd5, 0x19ed, 0x220e, 0x220e, 0x220e, 0x220e, 0x220e, 0x220e, 0x220e, 0x220e, 0x220e, 
	0x220e, 0x220e, 0x220e, 0x220e, 0x220e, 0x220e, 0x220e, 0x220e, 0x220e, 0x220e, 0x220e, 0x220e, 0x220e, 0x220e, 0x220e, 0x220e, 
	0x220e, 0x220e, 0x220e, 0x220e, 0x220e, 0x220e, 0x220e, 0x220e, 0x220e, 0x220e, 0x220e, 0x220e, 0x220e, 0x220e, 0x220e, 0x220e, 
	0x220e, 0x220e, 0x220e, 0x220e, 0x220e, 0x220e, 0x220e, 0x220e, 0x220e, 0x220e, 0x220e, 0x220e, 0x220e, 0x220e, 0x220e, 0x220e, 
	0x220e, 0x220e, 0x220e, 0x220e, 0x220e, 0x220e, 0x220e, 0x220e, 0x220e, 0x220e, 0x220e, 0x220e, 0x220e, 0x220e, 0x220e, 0x220e, 
	0x220e, 0x220e, 0x220e, 0x220e, 0x220e, 0x220e, 0x220e, 0x220e, 0x220e, 0x220e, 0x220e, 0x220e, 0x220e, 0x220e, 0x220e, 0x220e, 
	0x220e, 0x220e, 0x220e, 0x220e, 0x220e, 0x220e, 0x220e, 0x220e, 0x220e, 0x220e, 0x220e, 0x220e, 0x220e, 0x220e, 0x220e, 0x220e, 
	0x220e, 0x220e, 0x220e, 0x220e, 0x220e, 0x220e, 0x220e, 0x220e, 0x220e, 0x220e, 0x220e, 0x220e, 0x220e, 0x220e, 0x220e, 0x220e, 
	0x220e, 0x220e, 0x220e, 0x220e, 0x220e, 0x220e, 0x220e, 0x220e, 0x220e, 0x220e, 0x220e, 0x220e, 0x220e, 0x220e, 0x220e, 0x220e, 
	0x220e, 0x220e, 0x220e, 0x220e, 0x220e, 0x220e, 0x220e, 0x220e, 0x220e, 0x220e, 0x220e, 0x220e, 0x220e, 0x220e, 0x220e, 0x220e, 
	0x220e, 0x220e, 0x220e, 0x220e, 0x220e, 0x220e, 0x220e, 0x220e, 0x220e, 0x220e, 0x220e, 0x220e, 0x220e, 0x220e, 0x220e, 0x220e, 
	0x220e, 0x220e, 0x220e, 0x220e, 0x220e, 0x220e, 0x2a6f, 0x2a6f, 0x2a8f, 0x2a4e, 0x6cb7, 0x961d, 0x8ddc, 0x8ddc, 0x8ddc, 0x8ddc, 
	0x8ddc, 0x8ddc, 0x8ddb, 0x8dfc, 0x85dd, 0x6d1a, 0x651a, 0x759c, 0x7d9b, 0x7d9b, 0x7d9b, 0x7d9b, 0x7d9b, 0x7d9b, 0x7dbb, 0x7d9b, 
	0x7dbb, 0x7d9b, 0x7d9b, 0x7d9b, 0x7d9b, 0x7d9b, 0x7d9b, 0x7dbb, 0x7d9b, 0x7d9b, 0x7d9b, 0x7d9b, 0x7d9b, 0x7d9b, 0x7d9b, 0x7d9b, 
	0x7d9b, 0x7d9b, 0x7d9b, 0x7d9b, 0x7d9b, 0x7d9b, 0x7d9b, 0x7d9b, 0x7d9b, 0x7d9b, 0x7d9b, 0x6d39, 0x6d1a, 0x6d3a, 0x6d1a, 0x6d19, 
	0x6d3a, 0x64f9, 0x5cf9, 0x54d9, 0x5cd9, 0x43f6, 0x224f, 0x226f, 0x226f, 0x224f, 0x220e, 0x220e, 0x220e, 0x220e, 0x220e, 0x220e, 
	0x220e, 0x220e, 0x220e, 0x220e, 0x220e, 0x220e, 0x220e, 0x220e, 0x220e, 0x220e, 0x220e, 0x220e, 0x220e, 0x220e, 0x220e, 0x220e, 
	0x220e, 0x220e, 0x220e, 0x220e, 0x220e, 0x220e, 0x220e, 0x220e, 0x220e, 0x220e, 0x220e, 0x220e, 0x220e, 0x220e, 0x220e, 0x220e, 
	0x220e, 0x220e, 0x220e, 0x220e, 0x220e, 0x220e, 0x220e, 0x220e, 0x220e, 0x220e, 0x220e, 0x220e, 0x220e, 0x220e, 0x220e, 0x220e, 
	0x220e, 0x220e, 0x220e, 0x220e, 0x220e, 0x220e, 0x220e, 0x220e, 0x220e, 0x220e, 0x220e, 0x220e, 0x220e, 0x220e, 0x220e, 0x220e, 
	0x220e, 0x220e, 0x220e, 0x220e, 0x220e, 0x220e, 0x220e, 0x220e, 0x220e, 0x220e, 0x220e, 0x220e, 0x220e, 0x220e, 0x220e, 0x220e, 
	0x220e, 0x220e, 0x220e, 0x220e, 0x220e, 0x220e, 0x220e, 0x220e, 0x220e, 0x220e, 0x220e, 0x220e, 0x220e, 0x220e, 0x220e, 0x220e, 
	0x220e, 0x220e, 0x220e, 0x220e, 0x220e, 0x220e, 0x220e, 0x220e, 0x220e, 0x220e, 0x220e, 0x220e, 0x220e, 0x220e, 0x220e, 0x220e, 
	0x220e, 0x220e, 0x220e, 0x220e, 0x220e, 0x220e, 0x220e, 0x220e, 0x220e, 0x220e, 0x220e, 0x220e, 0x220e, 0x220e, 0x220e, 0x220e, 
	0x220e, 0x220e, 0x220e, 0x220e, 0x220e, 0x220e, 0x220e, 0x220e, 0x220e, 0x220e, 0x220e, 0x220e, 0x220e, 0x220e, 0x220e, 0x220e, 
	0x220e, 0x220e, 0x220e, 0x220e, 0x220e, 0x220e, 0x220e, 0x220e, 0x220e, 0x220e, 0x220e, 0x220e, 0x220e, 0x220e, 0x220e, 0x220e, 
	0x220e, 0x220e, 0x220e, 0x220e, 0x1a0e, 0x220e, 0x7519, 0x8ddc, 0x8ddb, 0x8ddb, 0x8ddb, 0x961c, 0x759c, 0x651a, 0x653a, 0x653b, 
	0x653b, 0x653b, 0x6d3a, 0x7dbc, 0x7d9b, 0x7d9b, 0x7d9b, 0x7d9b, 0x7d9b, 0x7d9b, 0x7d9b, 0x7d9b, 0x7dbb, 0x7d9b, 0x7dbb, 0x7d9b, 
	0x7dbb, 0x7d9b, 0x7dbb, 0x7d9b, 0x7d9b, 0x7d9b, 0x7d9b, 0x7dbb, 0x7dbb, 0x7d9b, 0x7d9b, 0x7d9b, 0x6d7b, 0x6d7b, 0x6d5b, 0x6d7b, 
	0x6d7b, 0x6d7b, 0x6d5b, 0x6d5b, 0x6d5b, 0x6d5b, 0x6d5b, 0x6d7b, 0x6d7b, 0x6d7b, 0x755a, 0x759b, 0x7d9b, 0x7d9b, 0x7d9b, 0x7d9b, 
	0x7d9b, 0x7d9b, 0x7dbc, 0x6d1a, 0x54b9, 0x54b9, 0x54b8, 0x54b8, 0x5cb9, 0x4c37, 0x220e, 0x220e, 0x220e, 0x220e, 0x220e, 0x220e, 
	0x220e, 0x220e, 0x220e, 0x220e, 0x220e, 0x220e, 0x220e, 0x220e, 0x220e, 0x220e, 0x220e, 0x220e, 0x220e, 0x220e, 0x220e, 0x220e, 
	0x220e, 0x220e, 0x220e, 0x220e, 0x220e, 0x220e, 0x220e, 0x220e, 0x220e, 0x220e, 0x220e, 0x220e, 0x220e, 0x220e, 0x220e, 0x220e, 
	0x220e, 0x220e, 0x220e, 0x220e, 0x220e, 0x220e, 0x220e, 0x220e, 0x220e, 0x220e, 0x220e, 0x220e, 0x220e, 0x220e, 0x220e, 0x220e, 
	0x220e, 0x220e, 0x220e, 0x220e, 0x220e, 0x220e, 0x220e, 0x220e, 0x220e, 0x220e, 0x220e, 0x220e, 0x220e, 0x220e, 0x220e, 0x220e, 
	0x220e, 0x220e, 0x220e, 0x220e, 0x220e, 0x220e, 0x220e, 0x220e, 0x220e, 0x220e, 0x220e, 0x220e, 0x220e, 0x220e, 0x220e, 0x220e, 
	0x220e, 0x220e, 0x220e, 0x220e, 0x220e, 0x220e, 0x220e, 0x220e, 0x220e, 0x220e, 0x220e, 0x220e, 0x220e, 0x220e, 0x220e, 0x220e, 
	0x220e, 0x220e, 0x220e, 0x220e, 0x220e, 0x220e, 0x220e, 0x220e, 0x220e, 0x220e, 0x220e, 0x220e, 0x220e, 0x220e, 0x220e, 0x220e, 
	0x220e, 0x220e, 0x220e, 0x220e, 0x220e, 0x220e, 0x220e, 0x220e, 0x220e, 0x220e, 0x220e, 0x220e, 0x220e, 0x220e, 0x220e, 0x220e, 
	0x220e, 0x220e, 0x220e, 0x220e, 0x220e, 0x220e, 0x220e, 0x220e, 0x220e, 0x220e, 0x220e, 0x220e, 0x220e, 0x220e, 0x220e, 0x220e, 
	0x220e, 0x220e, 0x220e, 0x220e, 0x220e, 0x220e, 0x220e, 0x220e, 0x220e, 0x220e, 0x220e, 0x220e, 0x220e, 0x220e, 0x220e, 0x220e, 
	0x220e, 0x222e, 0x224e, 0x224e, 0x222e, 0x224f, 0x7d59, 0x961c, 0x8dfc, 0x95fc, 0x8dfc, 0x95fc, 0x757b, 0x651a, 0x5d1a, 0x5d1b, 
	0x651a, 0x651a, 0x6d3a, 0x7dbc, 0x7d9b, 0x7d9b, 0x7dbb, 0x7d9b, 0x7d9b, 0x7d9b, 0x7d9b, 0x7d9b, 0x7dbb, 0x7d9b, 0x7d9b, 0x7d9b, 
	0x7dbb, 0x7d9b, 0x7d9b, 0x7d9b, 0x7d9b, 0x7d9b, 0x7d9b, 0x7dbb, 0x7dbb, 0x7d9b, 0x7d9b, 0x7d9b, 0x6d7b, 0x6d5b, 0x6d5b, 0x6d5b, 
	0x6d5b, 0x6d7b, 0x6d5b, 0x6d5b, 0x6d5b, 0x6d5b, 0x6d5b, 0x6d5b, 0x6d5b, 0x6d5b, 0x6d5b, 0x7d9c, 0x7d9b, 0x7d9b, 0x7d9b, 0x7d9b, 
	0x7dbb, 0x7dbb, 0x7dbc, 0x6d3a, 0x54d9, 0x54d9, 0x54d9, 0x54d9, 0x5cd9, 0x4c57, 0x222e, 0x222e, 0x222e, 0x222e, 0x220e, 0x220e, 
	0x220e, 0x220e, 0x220e, 0x220e, 0x220e, 0x220e, 0x220e, 0x220e, 0x220e, 0x220e, 0x220e, 0x220e, 0x220e, 0x220e, 0x220e, 0x220e, 
	0x220e, 0x220e, 0x220e, 0x220e, 0x220e, 0x220e, 0x220e, 0x220e, 0x220e, 0x220e, 0x220e, 0x220e, 0x220e, 0x220e, 0x220e, 0x220e, 
	0x220e, 0x220e, 0x220e, 0x220e, 0x220e, 0x220e, 0x220e, 0x220e, 0x220e, 0x220e, 0x220e, 0x220e, 0x220e, 0x220e, 0x220e, 0x220e, 
	0x220e, 0x220e, 0x220e, 0x220e, 0x220e, 0x220e, 0x220e, 0x220e, 0x220e, 0x220e, 0x220e, 0x220e, 0x220e, 0x220e, 0x220e, 0x220e, 
	0x220e, 0x220e, 0x220e, 0x220e, 0x220e, 0x220e, 0x220e, 0x220e, 0x220e, 0x220e, 0x220e, 0x220e, 0x220e, 0x220e, 0x220e, 0x220e, 
	0x220e, 0x220e, 0x220e, 0x220e, 0x220e, 0x220e, 0x220e, 0x220e, 0x220e, 0x220e, 0x220e, 0x220e, 0x220e, 0x220e, 0x220e, 0x220e, 
	0x220e, 0x220e, 0x220e, 0x220e, 0x220e, 0x220e, 0x220e, 0x220e, 0x220e, 0x220e, 0x220e, 0x220e, 0x220e, 0x220e, 0x220e, 0x220e, 
	0x220e, 0x220e, 0x220e, 0x220e, 0x220e, 0x220e, 0x220e, 0x220e, 0x220e, 0x220e, 0x220e, 0x220e, 0x220e, 0x220e, 0x220e, 0x220e, 
	0x220e, 0x220e, 0x220e, 0x220e, 0x220e, 0x220e, 0x220e, 0x220e, 0x220e, 0x220e, 0x220e, 0x220e, 0x220e, 0x220e, 0x220e, 0x220e, 
	0x220e, 0x220e, 0x220e, 0x220e, 0x220e, 0x220e, 0x220e, 0x220e, 0x220e, 0x220e, 0x220e, 0x220e, 0x220e, 0x220e, 0x220e, 0x220e, 
	0x1a0d, 0x2a8f, 0x7d7a, 0x859a, 0x859a, 0x859a, 0x8dfb, 0x95fc, 0x6d7b, 0x653a, 0x653a, 0x653b, 0x653a, 0x651a, 0x5d1a, 0x651a, 
	0x6d3a, 0x759c, 0x7d9b, 0x7d9b, 0x7d9b, 0x7d9b, 0x7d9b, 0x7d9b, 0x7d9b, 0x7d9b, 0x7d9b, 0x7d9b, 0x7dbb, 0x757b, 0x6d5b, 0x757b, 
	0x7dbb, 0x7d9b, 0x7d9b, 0x7d9b, 0x7d9b, 0x7d9b, 0x7d9b, 0x7d9b, 0x7d9b, 0x7d9b, 0x6d7b, 0x6d7b, 0x6d5b, 0x6d5b, 0x6d5b, 0x6d5b, 
	0x6d5b, 0x6d5b, 0x6d5b, 0x6d5b, 0x6d5b, 0x6d5b, 0x6d5b, 0x6d5b, 0x6d5b, 0x6d5b, 0x6d7b, 0x6d7b, 0x755a, 0x759b, 0x7d9b, 0x7d9b, 
	0x7d9b, 0x7d9b, 0x7d9b, 0x7d9b, 0x759b, 0x6d5a, 0x5d1a, 0x5cfa, 0x54d9, 0x54b9, 0x5478, 0x4c78, 0x5478, 0x4c57, 0x226f, 0x1a0e, 
	0x220e, 0x220e, 0x220e, 0x220e, 0x220e, 0x220e, 0x220e, 0x220e, 0x220e, 0x220e, 0x220e, 0x220e, 0x220e, 0x220e, 0x220e, 0x220e, 
	0x220e, 0x220e, 0x220e, 0x220e, 0x220e, 0x220e, 0x220e, 0x220e, 0x220e, 0x220e, 0x220e, 0x220e, 0x220e, 0x220e, 0x220e, 0x220e, 
	0x220e, 0x220e, 0x220e, 0x220e, 0x220e, 0x220e, 0x220e, 0x220e, 0x220e, 0x220e, 0x220e, 0x220e, 0x220e, 0x220e, 0x220e, 0x220e, 
	0x220e, 0x220e, 0x220e, 0x220e, 0x220e, 0x220e, 0x220e, 0x220e, 0x220e, 0x220e, 0x220e, 0x220e, 0x220e, 0x220e, 0x220e, 0x220e, 
	0x220e, 0x220e, 0x220e, 0x220e, 0x220e, 0x220e, 0x220e, 0x220e, 0x220e, 0x220e, 0x220e, 0x220e, 0x220e, 0x220e, 0x220e, 0x220e, 
	0x220e, 0x220e, 0x220e, 0x220e, 0x220e, 0x220e, 0x220e, 0x220e, 0x220e, 0x220e, 0x220e, 0x220e, 0x220e, 0x220e, 0x220e, 0x220e, 
	0x220e, 0x220e, 0x220e, 0x220e, 0x220e, 0x220e, 0x220e, 0x220e, 0x220e, 0x220e, 0x220e, 0x220e, 0x220e, 0x220e, 0x220e, 0x220e, 
	0x220e, 0x220e, 0x220e, 0x220e, 0x220e, 0x220e, 0x220e, 0x220e, 0x220e, 0x220e, 0x220e, 0x220e, 0x220e, 0x220e, 0x220e, 0x220e, 
	0x220e, 0x220e, 0x220e, 0x220e, 0x220e, 0x1a0e, 0x1a0e, 0x1a0e, 0x1a0e, 0x1a0e, 0x1a0e, 0x1a0e, 0x1a0e, 0x1a0e, 0x1a0e, 0x1a0e, 
	0x1a0e, 0x220e, 0x220e, 0x220e, 0x220e, 0x220e, 0x220e, 0x220e, 0x220e, 0x220e, 0x220e, 0x220e, 0x220e, 0x220e, 0x220e, 0x220e, 
	0x1a0d, 0x2a90, 0x8dfb, 0x961c, 0x961c, 0x961c, 0x95fc, 0x95fc, 0x6d5b, 0x651a, 0x5d1a, 0x5d1b, 0x5d1a, 0x651a, 0x5d1a, 0x651a, 
	0x6d3a, 0x7dbc, 0x7d9b, 0x7d9b, 0x7d9b, 0x7d9b, 0x7d9b, 0x7d9b, 0x7d9b, 0x7d9b, 0x7d9b, 0x7d9b, 0x7dbc, 0x757b, 0x6d5b, 0x757b, 
	0x7dbb, 0x7d9b, 0x7d9b, 0x7d9b, 0x7d9b, 0x7d9b, 0x7d9b, 0x7d9b, 0x7dbb, 0x7d9b, 0x6d7b, 0x6d5b, 0x6d5b, 0x6d5b, 0x6d5b, 0x6d7b, 
	0x6d5b, 0x6d7b, 0x6d5b, 0x6d5b, 0x6d5b, 0x6d5b, 0x6d5b, 0x6d5b, 0x6d5b, 0x6d5b, 0x6d5b, 0x6d5b, 0x6d5b, 0x759b, 0x7d9b, 0x7d9b, 
	0x7d9b, 0x7d9b, 0x7d9b, 0x7d9b, 0x7dbc, 0x755a, 0x651a, 0x5d1a, 0x54d9, 0x54d9, 0x54d9, 0x54d9, 0x5cd9, 0x54b9, 0x2a6f, 0x1a0e, 
	0x220e, 0x220e, 0x220e, 0x220e, 0x220e, 0x220e, 0x220e, 0x220e, 0x220e, 0x220e, 0x220e, 0x220e, 0x220e, 0x220e, 0x220e, 0x220e, 
	0x220e, 0x220e, 0x220e, 0x220e, 0x220e, 0x220e, 0x220e, 0x220e, 0x220e, 0x220e, 0x220e, 0x220e, 0x220e, 0x220e, 0x220e, 0x220e, 
	0x220e, 0x220e, 0x220e, 0x220e, 0x220e, 0x220e, 0x220e, 0x220e, 0x220e, 0x220e, 0x220e, 0x220e, 0x220e, 0x220e, 0x220e, 0x220e, 
	0x220e, 0x220e, 0x220e, 0x220e, 0x220e, 0x220e, 0x220e, 0x220e, 0x220e, 0x220e, 0x220e, 0x220e, 0x220e, 0x220e, 0x220e, 0x220e, 
	0x220e, 0x220e, 0x220e, 0x220e, 0x220e, 0x220e, 0x220e, 0x220e, 0x220e, 0x220e, 0x220e, 0x220e, 0x220e, 0x220e, 0x220e, 0x220e, 
	0x220e, 0x220e, 0x220e, 0x220e, 0x220e, 0x220e, 0x220e, 0x220e, 0x220e, 0x220e, 0x220e, 0x220e, 0x220e, 0x220e, 0x220e, 0x220e, 
	0x220e, 0x220e, 0x220e, 0x220e, 0x220e, 0x220e, 0x220e, 0x220e, 0x220e, 0x220e, 0x220e, 0x220e, 0x220e, 0x220e, 0x220e, 0x220e, 
	0x220e, 0x220e, 0x220e, 0x220e, 0x220e, 0x220e, 0x220e, 0x220e, 0x220e, 0x220e, 0x220e, 0x220e, 0x220e, 0x220e, 0x220e, 0x220e, 
	0x220e, 0x220e, 0x220e, 0x19ed, 0x9d56, 0xcedd, 0xcebc, 0xcebc, 0xcebb, 0xcebc, 0xcebb, 0xcebc, 0xcebb, 0xcebc, 0xcebb, 0xd6db, 
	0xb67d, 0x3a6d, 0x1a0e, 0x1a2e, 0x220e, 0x220e, 0x220e, 0x220e, 0x220e, 0x220e, 0x220e, 0x220e, 0x1a0d, 0x3b11, 0x7d39, 0x7519, 
	0x7519, 0x7d39, 0x8ddc, 0x8ddc, 0x6d5b, 0x6d3a, 0x6d3b, 0x6d3b, 0x651a, 0x651a, 0x6d3a, 0x757b, 0x757b, 0x757b, 0x757b, 0x757b, 
	0x757b, 0x7d9b, 0x7d9b, 0x7d9b, 0x7d9b, 0x755a, 0x6d7b, 0x6d7b, 0x6d5b, 0x6d5b, 0x6d5b, 0x6d5b, 0x6d7b, 0x6d5b, 0x6d5b, 0x6d7b, 
	0x7d9b, 0x7d9b, 0x7d9b, 0x7d9b, 0x7d9b, 0x7d9b, 0x7d9b, 0x7d9b, 0x6d7b, 0x6d5b, 0x6d5b, 0x6d5b, 0x6d5b, 0x6d5b, 0x6d5b, 0x6d5b, 
	0x6d5b, 0x6d5b, 0x6d5b, 0x6d5b, 0x6d5b, 0x6d5b, 0x6d5b, 0x6d5b, 0x6d5b, 0x6d5b, 0x6d5b, 0x6d5b, 0x6d5a, 0x759b, 0x7d9b, 0x7d9b, 
	0x7d9b, 0x7d9b, 0x7d9b, 0x7d9b, 0x7d9a, 0x8dfb, 0xaebc, 0x9e19, 0x5cfa, 0x5d1a, 0x5cfa, 0x651a, 0x8599, 0x8599, 0x64d5, 0x64b4, 
	0x4c57, 0x4c56, 0x2ad1, 0x1a0e, 0x220e, 0x220e, 0x220e, 0x220e, 0x220e, 0x220e, 0x220e, 0x220e, 0x220e, 0x220e, 0x220e, 0x220e, 
	0x220e, 0x220e, 0x220e, 0x220e, 0x220e, 0x220e, 0x220e, 0x220e, 0x220e, 0x220e, 0x220e, 0x220e, 0x220e, 0x220e, 0x220e, 0x220e, 
	0x220e, 0x220e, 0x220e, 0x220e, 0x220e, 0x220e, 0x220e, 0x220e, 0x220e, 0x220e, 0x220e, 0x220e, 0x220e, 0x220e, 0x220e, 0x220e, 
	0x220e, 0x220e, 0x220e, 0x220e, 0x220e, 0x220e, 0x220e, 0x220e, 0x220e, 0x220e, 0x220e, 0x220e, 0x220e, 0x220e, 0x220e, 0x220e, 
	0x220e, 0x220e, 0x220e, 0x220e, 0x220e, 0x220e, 0x220e, 0x220e, 0x220e, 0x220e, 0x220e, 0x220e, 0x220e, 0x220e, 0x220e, 0x220e, 
	0x220e, 0x220e, 0x220e, 0x220e, 0x220e, 0x220e, 0x220e, 0x220e, 0x220e, 0x220e, 0x220e, 0x220e, 0x220e, 0x220e, 0x220e, 0x220e, 
	0x220e, 0x220e, 0x220e, 0x220e, 0x220e, 0x220e, 0x220e, 0x220e, 0x220e, 0x220e, 0x220e, 0x220e, 0x220e, 0x220e, 0x220e, 0x220e, 
	0x220e, 0x220e, 0x220e, 0x220e, 0x220e, 0x220e, 0x220e, 0x220e, 0x220e, 0x220e, 0x220e, 0x220e, 0x220e, 0x220e, 0x220e, 0x220e, 
	0x220e, 0x220e, 0x220e, 0x19ed, 0xc659, 0xffff, 0xffff, 0xffff, 0xffff, 0xffff, 0xffff, 0xffff, 0xffff, 0xffff, 0xffff, 0xffff, 
	0xefdf, 0x428c, 0x1a0e, 0x1a2e, 0x220e, 0x220e, 0x220e, 0x220e, 0x220e, 0x220e, 0x220e, 0x1a0e, 0x11cc, 0x4352, 0x9e3d, 0x961c, 
	0x963c, 0x961c, 0x961c, 0x8dfc, 0x653a, 0x651a, 0x5d1a, 0x5d1a, 0x5d1a, 0x5d1a, 0x757a, 0x7dbc, 0x7d9b, 0x7dbb, 0x7d9b, 0x7dbb, 
	0x7dbb, 0x7dbb, 0x7d9b, 0x7dbb, 0x7d9c, 0x755b, 0x6d5b, 0x6d5b, 0x6d5b, 0x6d5b, 0x6d7b, 0x6d5b, 0x6d7b, 0x6d5b, 0x6d7b, 0x759b, 
	0x7dbb, 0x7d9b, 0x7dbb, 0x7d9b, 0x7dbb, 0x7d9b, 0x7dbb, 0x7dbb, 0x6d7b, 0x6d5b, 0x6d5b, 0x6d7b, 0x6d5b, 0x6d7b, 0x6d5b, 0x6d5b, 
	0x6d5b, 0x6d7b, 0x6d5b, 0x6d5b, 0x655b, 0x6d5b, 0x6d5b, 0x6d7b, 0x6d5b, 0x6d7b, 0x6d5b, 0x6d5b, 0x755b, 0x759c, 0x7dbb, 0x7d9b, 
	0x7dbb, 0x7dbb, 0x7dbb, 0x7d9b, 0x8599, 0x963c, 0xcf3c, 0xb699, 0x651b, 0x651b, 0x651a, 0x653b, 0x95f9, 0x95fa, 0x7d97, 0x7597, 
	0x5d19, 0x5cf9, 0x32f1, 0x11ed, 0x220e, 0x220e, 0x220e, 0x220e, 0x220e, 0x220e, 0x220e, 0x220e, 0x220e, 0x220e, 0x220e, 0x220e, 
	0x220e, 0x220e, 0x220e, 0x220e, 0x220e, 0x220e, 0x220e, 0x220e, 0x220e, 0x220e, 0x220e, 0x220e, 0x220e, 0x220e, 0x220e, 0x220e, 
	0x220e, 0x220e, 0x220e, 0x220e, 0x220e, 0x220e, 0x220e, 0x220e, 0x220e, 0x220e, 0x220e, 0x220e, 0x220e, 0x220e, 0x220e, 0x220e, 
	0x220e, 0x220e, 0x220e, 0x220e, 0x220e, 0x220e, 0x220e, 0x220e, 0x220e, 0x220e, 0x220e, 0x220e, 0x220e, 0x220e, 0x220e, 0x220e, 
	0x220e, 0x220e, 0x220e, 0x220e, 0x220e, 0x220e, 0x220e, 0x220e, 0x220e, 0x220e, 0x220e, 0x220e, 0x220e, 0x220e, 0x220e, 0x220e, 
	0x220e, 0x220e, 0x220e, 0x220e, 0x220e, 0x220e, 0x220e, 0x220e, 0x220e, 0x220e, 0x220e, 0x220e, 0x220e, 0x220e, 0x220e, 0x220e, 
	0x220e, 0x220e, 0x220e, 0x220e, 0x220e, 0x220e, 0x220e, 0x220e, 0x220e, 0x220e, 0x220e, 0x220e, 0x220e, 0x220e, 0x220e, 0x220e, 
	0x220e, 0x220e, 0x220e, 0x220e, 0x220e, 0x220e, 0x220e, 0x220e, 0x220e, 0x220e, 0x220e, 0x220e, 0x220e, 0x220e, 0x220e, 0x220e, 
	0x220e, 0x220e, 0x220e, 0x19ed, 0xa5b8, 0xdf7f, 0xdf5e, 0xdf5e, 0xd73e, 0xdf5e, 0xd73e, 0xd75e, 0xe75e, 0xffff, 0xf7df, 0xe75d, 
	0xc6ff, 0x328d, 0x1a0e, 0x1a2e, 0x220e, 0x220e, 0x220e, 0x220e, 0x220e, 0x220e, 0x1a0d, 0x4332, 0x6cd8, 0x7519, 0x8dfc, 0x8ddb, 
	0x755b, 0x6d5b, 0x6d5b, 0x6d5b, 0x651a, 0x651a, 0x757b, 0x757b, 0x757b, 0x757b, 0x7d9b, 0x7dbb, 0x7d9b, 0x7d9b, 0x7d9b, 0x7dbb, 
	0x759b, 0x757b, 0x757b, 0x759b, 0x759b, 0x6d5b, 0x6d5b, 0x6d5b, 0x6d5b, 0x6d5b, 0x6d5b, 0x6d5b, 0x6d5b, 0x6d5b, 0x6d5b, 0x757b, 
	0x7dbb, 0x7d9b, 0x7d9b, 0x7d9b, 0x7d9b, 0x7d9b, 0x757b, 0x757b, 0x6d7b, 0x6d5b, 0x6d5b, 0x6d5b, 0x6d5b, 0x6d5b, 0x961a, 0xa69c, 
	0x85fc, 0x6d39, 0x8dd9, 0xa69c, 0xae7a, 0xae7a, 0x963c, 0x7559, 0x6d7b, 0x6d7b, 0x6d5b, 0x6d5b, 0x6d5b, 0x759b, 0x7d9b, 0x7d9b, 
	0x7d9b, 0x7d9b, 0x7dba, 0x85ba, 0x8df7, 0x9637, 0xa697, 0x9615, 0x6511, 0x6d52, 0x85d6, 0x85d6, 0x7571, 0x7571, 0x6d50, 0x6d50, 
	0x5497, 0x4c76, 0x4c16, 0x4416, 0x32d1, 0x1a0e, 0x220e, 0x220e, 0x220e, 0x220e, 0x220e, 0x220e, 0x220e, 0x220e, 0x220e, 0x220e, 
	0x220e, 0x220e, 0x220e, 0x220e, 0x220e, 0x220e, 0x220e, 0x220e, 0x220e, 0x220e, 0x220e, 0x220e, 0x220e, 0x220e, 0x220e, 0x220e, 
	0x220e, 0x220e, 0x220e, 0x220e, 0x220e, 0x220e, 0x220e, 0x220e, 0x220e, 0x220e, 0x220e, 0x220e, 0x220e, 0x220e, 0x220e, 0x220e, 
	0x220e, 0x220e, 0x220e, 0x220e, 0x220e, 0x220e, 0x220e, 0x220e, 0x220e, 0x220e, 0x220e, 0x220e, 0x220e, 0x220e, 0x220e, 0x220e, 
	0x220e, 0x220e, 0x220e, 0x220e, 0x220e, 0x220e, 0x220e, 0x220e, 0x220e, 0x220e, 0x220e, 0x220e, 0x220e, 0x220e, 0x220e, 0x220e, 
	0x220e, 0x220e, 0x220e, 0x220e, 0x220e, 0x220e, 0x220e, 0x220e, 0x220e, 0x220e, 0x220e, 0x220e, 0x220e, 0x220e, 0x220e, 0x220e, 
	0x220e, 0x220e, 0x220e, 0x220e, 0x220e, 0x220e, 0x220e, 0x220e, 0x220e, 0x220e, 0x220e, 0x220e, 0x220e, 0x220e, 0x220e, 0x220e, 
	0x220e, 0x220e, 0x220e, 0x220e, 0x220e, 0x220e, 0x220e, 0x220e, 0x220e, 0x220e, 0x220e, 0x1a0e, 0x11cd, 0x11cd, 0x11cd, 0x11cd, 
	0x11cd, 0x11cd, 0x11cd, 0x11ac, 0x9578, 0xcf5f, 0xcefe, 0xcf1e, 0xc6fd, 0xc6fe, 0xc6fd, 0xc6fe, 0xdf3d, 0xffff, 0xf7ff, 0xd71c, 
	0xb6be, 0x2a4d, 0x11cd, 0x19ed, 0x19ed, 0x1a0e, 0x220e, 0x220e, 0x220e, 0x1a0d, 0x11cc, 0x4bb4, 0x963d, 0x961c, 0x961c, 0x8ddb, 
	0x5d1a, 0x5d1a, 0x5d1a, 0x5d1a, 0x5d1a, 0x651a, 0x7d9b, 0x7dbc, 0x7dbb, 0x7dbb, 0x7d9b, 0x7d9b, 0x7d9b, 0x7d9c, 0x7d9b, 0x7dbb, 
	0x759c, 0x6d5b, 0x6d5b, 0x6d7c, 0x6d7c, 0x6d5b, 0x6d5b, 0x6d7b, 0x6d7b, 0x6d5b, 0x6d7b, 0x6d5b, 0x6d7b, 0x6d5b, 0x6d5b, 0x757b, 
	0x7dbb, 0x7d9b, 0x7dbb, 0x7d9b, 0x7dbb, 0x7d9b, 0x6d5b, 0x6d7b, 0x6d7b, 0x6d7b, 0x655b, 0x655b, 0x655b, 0x655b, 0xae79, 0xcf5d, 
	0x8e3d, 0x6d39, 0x9e19, 0xc73e, 0xcf1a, 0xd73a, 0xaede, 0x7d58, 0x6d7c, 0x6d7c, 0x6d5b, 0x6d5b, 0x755b, 0x759c, 0x7dbb, 0x7d9b, 
	0x7dbb, 0x7dbb, 0x85b9, 0x85da, 0x9635, 0x9635, 0x9655, 0x85f3, 0x652c, 0x6d6d, 0x9655, 0x9634, 0x6d4c, 0x652c, 0x654c, 0x654c, 
	0x4c76, 0x4455, 0x54b9, 0x5d1a, 0x3b32, 0x11ed, 0x220e, 0x220e, 0x220e, 0x220e, 0x220e, 0x220e, 0x220e, 0x220e, 0x220e, 0x220e, 
	0x220e, 0x220e, 0x220e, 0x220e, 0x220e, 0x220e, 0x220e, 0x220e, 0x220e, 0x220e, 0x220e, 0x220e, 0x220e, 0x220e, 0x220e, 0x220e, 
	0x220e, 0x220e, 0x220e, 0x220e, 0x220e, 0x220e, 0x220e, 0x220e, 0x220e, 0x220e, 0x220e, 0x220e, 0x220e, 0x220e, 0x220e, 0x220e, 
	0x220e, 0x220e, 0x220e, 0x220e, 0x220e, 0x220e, 0x220e, 0x220e, 0x220e, 0x220e, 0x220e, 0x220e, 0x220e, 0x220e, 0x220e, 0x220e, 
	0x220e, 0x220e, 0x220e, 0x220e, 0x220e, 0x220e, 0x220e, 0x220e, 0x220e, 0x220e, 0x220e, 0x220e, 0x220e, 0x220e, 0x220e, 0x220e, 
	0x220e, 0x220e, 0x220e, 0x220e, 0x220e, 0x220e, 0x220e, 0x220e, 0x220e, 0x220e, 0x220e, 0x220e, 0x220e, 0x220e, 0x220e, 0x220e, 
	0x220e, 0x220e, 0x220e, 0x220e, 0x220e, 0x220e, 0x220e, 0x220e, 0x220e, 0x220e, 0x220e, 0x220e, 0x220e, 0x220e, 0x220e, 0x220e, 
	0x220e, 0x220e, 0x220e, 0x220e, 0x220e, 0x220e, 0x220e, 0x220e, 0x220e, 0x220e, 0x1a0d, 0x32d0, 0xa598, 0xa598, 0xa598, 0xa598, 
	0x9d78, 0xa598, 0x9d78, 0x9d78, 0xbe9c, 0xcf1e, 0xcf1e, 0xcf1e, 0xd73d, 0xe7bf, 0xd75f, 0xcefd, 0xd71d, 0xdf7f, 0xdf5e, 0xcf1d, 
	0xc6fe, 0x8d37, 0x84d8, 0x7476, 0x7477, 0x3a90, 0x1a0d, 0x220e, 0x1a0d, 0x4352, 0x6455, 0x8559, 0xbefd, 0xa65b, 0x757b, 0x757b, 
	0x651a, 0x653a, 0x755b, 0x757b, 0x757b, 0x757b, 0x7d9b, 0x7dbb, 0x7d9b, 0x7d9b, 0x9e1a, 0xa67c, 0x9639, 0x8dd8, 0x8df8, 0x8df8, 
	0x85f8, 0x85d7, 0x8dd8, 0x9e7b, 0x9e5a, 0x8dd8, 0x7dda, 0x7579, 0x6d5b, 0x6d5b, 0x6d5b, 0x6d7b, 0x759b, 0x757b, 0x757b, 0x759b, 
	0x7dbb, 0x7d9b, 0x7dbb, 0x7d9b, 0x757b, 0x757b, 0x6d5b, 0x6d7b, 0x6d5b, 0x6d7b, 0x963a, 0x9e5b, 0x9e5a, 0x9e5a, 0xa678, 0xa698, 
	0x9638, 0x85d7, 0x9617, 0xa699, 0x9e55, 0x8df3, 0x85d3, 0x6d51, 0x6537, 0x6d78, 0x6d7b, 0x6d7b, 0x6d5b, 0x759c, 0x7dbb, 0x7d9b, 
	0x7dbb, 0x7d9b, 0x8599, 0x961b, 0xb6d8, 0x9e35, 0x7591, 0x7571, 0x54b2, 0x5cf3, 0x9636, 0x8e15, 0x54d3, 0x54b2, 0x54b3, 0x54b3, 
	0x4c57, 0x4436, 0x5499, 0x5cda, 0x4c16, 0x3bb4, 0x32f1, 0x1a0e, 0x220e, 0x220e, 0x220e, 0x220e, 0x220e, 0x220e, 0x220e, 0x220e, 
	0x220e, 0x220e, 0x220e, 0x220e, 0x220e, 0x220e, 0x220e, 0x220e, 0x220e, 0x220e, 0x220e, 0x220e, 0x220e, 0x220e, 0x220e, 0x220e, 
	0x220e, 0x220e, 0x220e, 0x220e, 0x220e, 0x220e, 0x220e, 0x220e, 0x220e, 0x220e, 0x220e, 0x220e, 0x220e, 0x220e, 0x220e, 0x220e, 
	0x220e, 0x220e, 0x220e, 0x220e, 0x220e, 0x220e, 0x220e, 0x220e, 0x220e, 0x220e, 0x220e, 0x220e, 0x220e, 0x220e, 0x220e, 0x220e, 
	0x220e, 0x220e, 0x220e, 0x220e, 0x220e, 0x220e, 0x220e, 0x220e, 0x220e, 0x220e, 0x220e, 0x220e, 0x220e, 0x220e, 0x220e, 0x220e, 
	0x220e, 0x220e, 0x220e, 0x220e, 0x220e, 0x220e, 0x220e, 0x220e, 0x220e, 0x220e, 0x220e, 0x220e, 0x220e, 0x220e, 0x220e, 0x220e, 
	0x220e, 0x220e, 0x220e, 0x220e, 0x220e, 0x220e, 0x220e, 0x220e, 0x220e, 0x220e, 0x220e, 0x220e, 0x220e, 0x220e, 0x220e, 0x220e, 
	0x220e, 0x220e, 0x220e, 0x220e, 0x220e, 0x220e, 0x220e, 0x220e, 0x1a2e, 0x1a2e, 0x19ec, 0x4b52, 0xffff, 0xffff, 0xffff, 0xffff, 
	0xffff, 0xffff, 0xffff, 0xffff, 0xdf7f, 0xcefd, 0xc71e, 0xc71e, 0xef7d, 0xffff, 0xe7bf, 0xcefc, 0xc71e, 0xc6fd, 0xc6fd, 0xc71e, 
	0xcf1e, 0xd75e, 0xd73f, 0xbe7d, 0xb65f, 0x42d1, 0x11cd, 0x11ed, 0x09ac, 0x5c36, 0x9e3c, 0xaebd, 0xdf9e, 0xbe9a, 0x5cfa, 0x5d1a, 
	0x651a, 0x653b, 0x7dbb, 0x7dbb, 0x7d9b, 0x7d9b, 0x7d9c, 0x7d9c, 0x7d9b, 0x7d9b, 0xae79, 0xc73c, 0xaeb7, 0x9615, 0x9635, 0x9635, 
	0x9635, 0x9635, 0xa636, 0xc73a, 0xc719, 0xa615, 0x8e19, 0x7d97, 0x6d7c, 0x6d5c, 0x6d5b, 0x759b, 0x85bb, 0x7d9b, 0x7dbb, 0x7dbb, 
	0x7dbb, 0x7d9b, 0x7dbc, 0x7d9b, 0x6d5b, 0x6d5b, 0x6d5b, 0x6d7b, 0x6d7b, 0x6d7b, 0xbeda, 0xcf3b, 0xcf1a, 0xcf1b, 0xa677, 0x9615, 
	0x9635, 0x9635, 0x9615, 0x9635, 0x7df1, 0x64ed, 0x652b, 0x654b, 0x6533, 0x75b5, 0x6d7c, 0x6d5c, 0x6d5b, 0x759c, 0x7dbb, 0x7d9b, 
	0x7dbb, 0x7dbb, 0x8599, 0x9e5c, 0xcf7a, 0xa635, 0x5d2e, 0x5d0e, 0x4436, 0x5497, 0x9636, 0x8e16, 0x4c57, 0x4437, 0x4438, 0x4438, 
	0x4437, 0x4437, 0x5498, 0x54d9, 0x54d9, 0x5d1a, 0x4373, 0x11ed, 0x19ed, 0x19ed, 0x1a0d, 0x220e, 0x220e, 0x220e, 0x220e, 0x220e, 
	0x220e, 0x220e, 0x220e, 0x220e, 0x220e, 0x220e, 0x220e, 0x220e, 0x220e, 0x220e, 0x220e, 0x220e, 0x220e, 0x220e, 0x220e, 0x220e, 
	0x220e, 0x220e, 0x220e, 0x220e, 0x220e, 0x220e, 0x220e, 0x220e, 0x220e, 0x220e, 0x220e, 0x220e, 0x220e, 0x220e, 0x220e, 0x220e, 
	0x220e, 0x220e, 0x220e, 0x220e, 0x220e, 0x220e, 0x220e, 0x220e, 0x220e, 0x220e, 0x220e, 0x220e, 0x220e, 0x220e, 0x220e, 0x220e, 
	0x220e, 0x220e, 0x220e, 0x220e, 0x220e, 0x220e, 0x220e, 0x220e, 0x220e, 0x220e, 0x220e, 0x220e, 0x220e, 0x220e, 0x220e, 0x220e, 
	0x220e, 0x220e, 0x220e, 0x220e, 0x220e, 0x220e, 0x220e, 0x220e, 0x220e, 0x220e, 0x220e, 0x220e, 0x220e, 0x220e, 0x220e, 0x220e, 
	0x220e, 0x220e, 0x220e, 0x220e, 0x220e, 0x220e, 0x220e, 0x220e, 0x220e, 0x220e, 0x220e, 0x220e, 0x220e, 0x220e, 0x220e, 0x220e, 
	0x220e, 0x220e, 0x220e, 0x220e, 0x220e, 0x220e, 0x220e, 0x220e, 0x220e, 0x220e, 0x19ec, 0x4331, 0xe77f, 0xe77f, 0xe77e, 0xe77e, 
	0xe77e, 0xe77e, 0xe75e, 0xe77e, 0xdf7e, 0xdf7e, 0xcf3e, 0xc6fd, 0xd71d, 0xe79f, 0xd75e, 0xcefd, 0xcf1d, 0xdf7f, 0xdf5e, 0xcefd, 
	0xc6fd, 0xc6fd, 0xc6df, 0xb63c, 0xae1d, 0x7c97, 0x6432, 0x6c73, 0x7474, 0x8d78, 0xa659, 0xa67a, 0xb6da, 0xa658, 0x7598, 0x7598, 
	0x6d5a, 0x6d5a, 0x7d9b, 0x7d9b, 0x9e3a, 0x9e5b, 0x8df9, 0x8dd8, 0x85d8, 0x85d8, 0xae79, 0xc71b, 0xa697, 0x95f5, 0x9e36, 0xa698, 
	0xa677, 0x9615, 0x9e16, 0xae98, 0xa697, 0x9616, 0x8e36, 0x7573, 0x6537, 0x6d58, 0x6d5b, 0x6d7b, 0x757b, 0x757b, 0x757b, 0x757b, 
	0x757b, 0x757b, 0x757b, 0x757b, 0x6d5b, 0x6d5b, 0x6d5b, 0x6d5b, 0x6d5b, 0x6d5b, 0x961a, 0x9e3b, 0xae78, 0xae98, 0x9e56, 0x9615, 
	0xa657, 0xae98, 0x9e57, 0x9616, 0x8e13, 0x7db1, 0x7572, 0x5cd0, 0x54b6, 0x5cf6, 0x5cd9, 0x6d5b, 0x757b, 0x759b, 0x7d9b, 0x7d9b, 
	0x7d9b, 0x7d9b, 0x7d9a, 0x8dfb, 0xa69a, 0x85b7, 0x54b3, 0x54b3, 0x4c36, 0x5498, 0x85f9, 0x85b8, 0x54b8, 0x5498, 0x5499, 0x5499, 
	0x54b8, 0x54b8, 0x54d9, 0x5cfa, 0x54d9, 0x54d9, 0x4c16, 0x3353, 0x3b53, 0x3b73, 0x32f1, 0x1a2e, 0x220e, 0x220e, 0x220e, 0x220e, 
	0x220e, 0x220e, 0x220e, 0x220e, 0x220e, 0x220e, 0x220e, 0x220e, 0x220e, 0x220e, 0x220e, 0x220e, 0x220e, 0x220e, 0x220e, 0x220e, 
	0x220e, 0x220e, 0x220e, 0x220e, 0x220e, 0x220e, 0x220e, 0x220e, 0x220e, 0x220e, 0x220e, 0x220e, 0x220e, 0x220e, 0x220e, 0x220e, 
	0x220e, 0x220e, 0x220e, 0x220e, 0x220e, 0x220e, 0x220e, 0x220e, 0x220e, 0x220e, 0x220e, 0x220e, 0x220e, 0x220e, 0x220e, 0x220e, 
	0x220e, 0x220e, 0x220e, 0x220e, 0x220e, 0x220e, 0x220e, 0x220e, 0x220e, 0x220e, 0x220e, 0x220e, 0x220e, 0x220e, 0x220e, 0x220e, 
	0x220e, 0x220e, 0x220e, 0x220e, 0x220e, 0x220e, 0x220e, 0x220e, 0x220e, 0x220e, 0x220e, 0x220e, 0x220e, 0x220e, 0x220e, 0x220e, 
	0x220e, 0x220e, 0x220e, 0x220e, 0x220e, 0x220e, 0x220e, 0x220e, 0x220e, 0x220e, 0x220e, 0x220e, 0x220e, 0x220e, 0x220e, 0x220e, 
	0x220e, 0x220e, 0x220e, 0x220e, 0x220e, 0x220e, 0x220e, 0x1a0d, 0x11cd, 0x11ed, 0x11ac, 0x32d0, 0xc71e, 0xc71e, 0xc71e, 0xc71e, 
	0xc6fe, 0xc71e, 0xc6fd, 0xc6fe, 0xf7be, 0xffff, 0xdf7f, 0xcefd, 0xc6fd, 0xc71e, 0xc6fe, 0xc71e, 0xdf3d, 0xffff, 0xf7ff, 0xd6fc, 
	0xc71e, 0xc71e, 0xcedf, 0xb63d, 0xae1b, 0xbe7d, 0xbef9, 0xd77b, 0xe7bd, 0xcf1a, 0xb6d8, 0xae77, 0x9635, 0x9635, 0x9e56, 0x9636, 
	0x7d9b, 0x7d9b, 0x7d9b, 0x85bb, 0xc6fa, 0xc71b, 0x9e56, 0x9615, 0x9635, 0x9635, 0xb698, 0xc73b, 0xa698, 0x95f5, 0xae78, 0xc73b, 
	0xb6d9, 0x9e15, 0x9635, 0x8e15, 0x9616, 0x9636, 0x9653, 0x6d4e, 0x5cf1, 0x6d93, 0x6d7c, 0x6d5c, 0x6d7b, 0x6d5b, 0x6d7b, 0x6d5b, 
	0x6d7b, 0x6d5b, 0x6d5b, 0x6d5b, 0x6d7b, 0x6d5b, 0x6d5b, 0x6d7b, 0x6d7b, 0x6d7b, 0x655b, 0x655b, 0x8df6, 0x9636, 0x9635, 0x8e15, 
	0xb698, 0xcf5b, 0xaeb8, 0x95f5, 0x9635, 0x9e76, 0x7dda, 0x4c34, 0x4438, 0x4418, 0x4c36, 0x759c, 0x85bb, 0x7d9b, 0x7dbb, 0x7d9b, 
	0x7dbb, 0x7dbb, 0x7dbb, 0x7d9b, 0x7dbc, 0x64fa, 0x4417, 0x4438, 0x4437, 0x4c78, 0x7d9c, 0x7d9b, 0x651b, 0x5d1a, 0x5d1a, 0x5d1b, 
	0x5d1b, 0x651b, 0x653a, 0x653b, 0x5cfa, 0x54d9, 0x54d9, 0x5cf9, 0x54fa, 0x5d1a, 0x5416, 0x120e, 0x1a0d, 0x220e, 0x220e, 0x220e, 
	0x220e, 0x220e, 0x220e, 0x220e, 0x220e, 0x220e, 0x220e, 0x220e, 0x220e, 0x220e, 0x220e, 0x220e, 0x220e, 0x220e, 0x220e, 0x220e, 
	0x220e, 0x220e, 0x220e, 0x220e, 0x220e, 0x220e, 0x220e, 0x220e, 0x220e, 0x220e, 0x220e, 0x220e, 0x220e, 0x220e, 0x220e, 0x220e, 
	0x220e, 0x220e, 0x220e, 0x220e, 0x220e, 0x220e, 0x220e, 0x220e, 0x220e, 0x220e, 0x220e, 0x220e, 0x220e, 0x220e, 0x220e, 0x220e, 
	0x220e, 0x220e, 0x220e, 0x220e, 0x220e, 0x220e, 0x220e, 0x220e, 0x220e, 0x220e, 0x220e, 0x220e, 0x220e, 0x220e, 0x220e, 0x220e, 
	0x220e, 0x220e, 0x220e, 0x220e, 0x220e, 0x220e, 0x220e, 0x220e, 0x220e, 0x220e, 0x220e, 0x220e, 0x220e, 0x220e, 0x220e, 0x220e, 
	0x220e, 0x220e, 0x220e, 0x220e, 0x220e, 0x220e, 0x220e, 0x220e, 0x220e, 0x220e, 0x220e, 0x220e, 0x220e, 0x220e, 0x220e, 0x220e, 
	0x220e, 0x220e, 0x220e, 0x220e, 0x220e, 0x220e, 0x220d, 0x3af1, 0x6c34, 0x6c34, 0x6c13, 0x7cb6, 0xc6fd, 0xcefe, 0xc6fd, 0xc6fd, 
	0xc6fd, 0xc6fd, 0xc6fd, 0xc6fd, 0xe75e, 0xef9f, 0xe77e, 0xdf5e, 0xcf1e, 0xcefd, 0xc6fd, 0xc6fe, 0xd71d, 0xe7bf, 0xdf9f, 0xcefd, 
	0xc6fd, 0xc6fd, 0xc6fe, 0xb65c, 0xae5a, 0xb67b, 0xb6b8, 0xbed9, 0xbefa, 0xb6b8, 0xa697, 0x9e35, 0x85d3, 0x85d3, 0x7d76, 0x7db7, 
	0x961b, 0x961b, 0x85d9, 0x8dd9, 0xae98, 0xb6b9, 0x9636, 0x9615, 0x9635, 0x9635, 0xa677, 0xb6d9, 0x9e77, 0x9615, 0xa657, 0xb6d9, 
	0xa697, 0x9615, 0x9615, 0x9635, 0x8e35, 0x85d3, 0x85f2, 0x7d90, 0x7572, 0x6d72, 0x6538, 0x6d58, 0x6d5b, 0x6d5b, 0x6d5b, 0x6d5b, 
	0x6d5b, 0x6d5b, 0x6d5b, 0x6d5b, 0x6d5b, 0x6d5b, 0x6d5b, 0x6d5b, 0x6d5b, 0x6d5b, 0x6d5b, 0x6d5b, 0x7db7, 0x85f8, 0x9e36, 0xa678, 
	0x9e39, 0x9e18, 0x9e37, 0xa678, 0x9654, 0x85d2, 0x6d77, 0x4c53, 0x4c58, 0x54b9, 0x5cb8, 0x757b, 0x7d9b, 0x7d9b, 0x7d9b, 0x7d9b, 
	0x7d9b, 0x7d9b, 0x7d9b, 0x7d9b, 0x7dbb, 0x6d3a, 0x54b8, 0x5cb8, 0x5cb8, 0x5cd9, 0x7d9b, 0x7d9b, 0x85ba, 0x85ba, 0x85ba, 0x85ba, 
	0x7579, 0x7579, 0x653a, 0x651a, 0x5cfa, 0x5cf9, 0x5cd9, 0x5cf9, 0x54d9, 0x54d9, 0x5457, 0x2b32, 0x32f1, 0x1a2e, 0x220e, 0x220e, 
	0x220e, 0x220e, 0x220e, 0x220e, 0x220e, 0x220e, 0x220e, 0x220e, 0x220e, 0x220e, 0x220e, 0x220e, 0x220e, 0x220e, 0x220e, 0x220e, 
	0x220e, 0x220e, 0x220e, 0x220e, 0x220e, 0x220e, 0x220e, 0x220e, 0x220e, 0x220e, 0x220e, 0x220e, 0x220e, 0x220e, 0x220e, 0x220e, 
	0x220e, 0x220e, 0x220e, 0x220e, 0x220e, 0x220e, 0x220e, 0x220e, 0x220e, 0x220e, 0x220e, 0x220e, 0x220e, 0x220e, 0x220e, 0x220e, 
	0x220e, 0x220e, 0x220e, 0x220e, 0x220e, 0x220e, 0x220e, 0x220e, 0x220e, 0x220e, 0x220e, 0x220e, 0x220e, 0x220e, 0x220e, 0x220e, 
	0x220e, 0x220e, 0x220e, 0x220e, 0x220e, 0x220e, 0x220e, 0x220e, 0x220e, 0x220e, 0x220e, 0x220e, 0x220e, 0x220e, 0x220e, 0x220e, 
	0x220e, 0x220e, 0x220e, 0x220e, 0x220e, 0x220e, 0x220e, 0x220e, 0x220e, 0x220e, 0x220e, 0x220e, 0x220e, 0x220e, 0x220e, 0x220e, 
	0x220e, 0x220e, 0x220e, 0x220e, 0x1a2e, 0x1a2e, 0x19cb, 0x7496, 0xffff, 0xffff, 0xffff, 0xffff, 0xcf1d, 0xcf1d, 0xcf1e, 0xcf1e, 
	0xcf1e, 0xcf1e, 0xc6fd, 0xcf1e, 0xc71e, 0xc6fd, 0xef9e, 0xffff, 0xe79f, 0xcefd, 0xcefe, 0xcf1e, 0xcefe, 0xcefe, 0xcefe, 0xcf1e, 
	0xcf1e, 0xcf1e, 0xc73c, 0xb6ba, 0xb6d8, 0xb6d8, 0xb6d8, 0xa656, 0x8e15, 0x9635, 0x9654, 0x85b2, 0x652f, 0x5cee, 0x43f5, 0x5cb9, 
	0xcf1b, 0xc6fa, 0x9635, 0x9635, 0x9615, 0x9615, 0x9635, 0x9635, 0x9635, 0x9635, 0x9615, 0x9615, 0x9615, 0x9635, 0x9635, 0x9615, 
	0x9615, 0x9635, 0x9635, 0x9635, 0x8e32, 0x6d2e, 0x6d2e, 0x8e53, 0x9674, 0x754f, 0x5d10, 0x6d92, 0x6d7c, 0x6d5b, 0x6d7b, 0x6d5b, 
	0x6d7b, 0x6d5b, 0x6d7b, 0x6d5b, 0x6d7b, 0x6d5b, 0x6d5b, 0x6d7b, 0x6d7b, 0x6d7b, 0x6d5b, 0x6d5b, 0x6d5b, 0x6d5b, 0xae79, 0xcf5d, 
	0x759b, 0x43d4, 0x8556, 0xc75e, 0xa6b3, 0x6d0d, 0x5cf3, 0x4c72, 0x5478, 0x7dbd, 0x85bb, 0x7d9b, 0x7d9b, 0x7d9b, 0x7dbb, 0x7d9b, 
	0x7dbb, 0x7dbb, 0x7dbb, 0x7d9b, 0x7dbb, 0x7d9b, 0x85bb, 0x7dbb, 0x7dbb, 0x7d9b, 0x7d9b, 0x85db, 0xc6fb, 0xcf1b, 0xcf1a, 0xcf1a, 
	0xa676, 0x9e35, 0x6d7a, 0x6519, 0x651b, 0x651b, 0x651a, 0x653b, 0x5d1a, 0x54d9, 0x54d9, 0x54fa, 0x5457, 0x122e, 0x19ed, 0x220e, 
	0x220e, 0x220e, 0x220e, 0x220e, 0x220e, 0x220e, 0x220e, 0x220e, 0x220e, 0x220e, 0x220e, 0x220e, 0x220e, 0x220e, 0x220e, 0x220e, 
	0x220e, 0x220e, 0x220e, 0x220e, 0x220e, 0x220e, 0x220e, 0x220e, 0x220e, 0x220e, 0x220e, 0x220e, 0x220e, 0x220e, 0x220e, 0x220e, 
	0x220e, 0x220e, 0x220e, 0x220e, 0x220e, 0x220e, 0x220e, 0x220e, 0x220e, 0x220e, 0x220e, 0x220e, 0x220e, 0x220e, 0x220e, 0x220e, 
	0x220e, 0x220e, 0x220e, 0x220e, 0x220e, 0x220e, 0x220e, 0x220e, 0x220e, 0x220e, 0x220e, 0x220e, 0x220e, 0x220e, 0x220e, 0x220e, 
	0x220e, 0x220e, 0x220e, 0x220e, 0x220e, 0x220e, 0x220e, 0x220e, 0x220e, 0x220e, 0x220e, 0x220e, 0x220e, 0x220e, 0x220e, 0x220e, 
	0x220e, 0x220e, 0x220e, 0x220e, 0x220e, 0x220e, 0x220e, 0x220e, 0x220e, 0x220e, 0x220e, 0x220e, 0x220e, 0x220e, 0x220e, 0x220e, 
	0x220e, 0x220e, 0x220e, 0x220e, 0x1a2e, 0x1a2e, 0x19cb, 0x6c55, 0xf7df, 0xef9f, 0xefdf, 0xe79e, 0xcefe, 0xcefe, 0xcefe, 0xcefe, 
	0xcefe, 0xcefe, 0xc6fd, 0xcf1e, 0xcefe, 0xcefe, 0xe77e, 0xefdf, 0xdf5f, 0xcefd, 0xc6fd, 0xcf1e, 0xc6fd, 0xcefe, 0xcefe, 0xcefe, 
	0xc71d, 0xc6fd, 0xc6fb, 0xb6ba, 0xb6b8, 0xae98, 0xaeb8, 0x9e56, 0x9635, 0x9635, 0x9655, 0x7db3, 0x5cf1, 0x6511, 0x6cd7, 0x7559, 
	0xbed9, 0xb6b9, 0x9635, 0x9615, 0x9635, 0x9635, 0x9635, 0x9635, 0x9635, 0x9636, 0x9635, 0x9636, 0x9635, 0x9636, 0x9635, 0x9635, 
	0x9635, 0x9635, 0x9616, 0x9e57, 0x9674, 0x6d2f, 0x6530, 0x7dd2, 0x7dd5, 0x6512, 0x5cf2, 0x6533, 0x651a, 0x653b, 0x6d7b, 0x6d5b, 
	0x6d5b, 0x6d5b, 0x6d5b, 0x6d5b, 0x6d5b, 0x6d5b, 0x6d5b, 0x6d5b, 0x6d5b, 0x6d5b, 0x6d5b, 0x6d5b, 0x6d5b, 0x6d5b, 0x9e3a, 0xb6dc, 
	0x755a, 0x4415, 0x7d37, 0xaede, 0x9635, 0x64cf, 0x54d5, 0x4c73, 0x5478, 0x759c, 0x7d9b, 0x7d9b, 0x7d9b, 0x7d9b, 0x7d9b, 0x7d9b, 
	0x7d9b, 0x7d9b, 0x7d9b, 0x7d9b, 0x7d9b, 0x7d9b, 0x7d9b, 0x85bb, 0x8dfb, 0x8dfb, 0x85b9, 0x85da, 0xb6b9, 0xb6d9, 0xae97, 0xae97, 
	0x8dd6, 0x85b6, 0x6519, 0x5cd8, 0x5cfa, 0x651b, 0x5d1a, 0x653a, 0x5d1a, 0x5cd9, 0x5cf9, 0x651a, 0x64b7, 0x3311, 0x32d0, 0x222e, 
	0x220e, 0x220e, 0x220e, 0x220e, 0x220e, 0x220e, 0x220e, 0x220e, 0x220e, 0x220e, 0x220e, 0x220e, 0x220e, 0x220e, 0x220e, 0x220e, 
	0x220e, 0x220e, 0x220e, 0x220e, 0x220e, 0x220e, 0x220e, 0x220e, 0x220e, 0x220e, 0x220e, 0x220e, 0x220e, 0x220e, 0x220e, 0x220e, 
	0x220e, 0x220e, 0x220e, 0x220e, 0x220e, 0x220e, 0x220e, 0x220e, 0x220e, 0x220e, 0x220e, 0x220e, 0x220e, 0x220e, 0x220e, 0x220e, 
	0x220e, 0x220e, 0x220e, 0x220e, 0x220e, 0x220e, 0x220e, 0x220e, 0x220e, 0x220e, 0x220e, 0x220e, 0x220e, 0x220e, 0x220e, 0x220e, 
	0x220e, 0x220e, 0x220e, 0x220e, 0x220e, 0x220e, 0x220e, 0x220e, 0x220e, 0x220e, 0x220e, 0x220e, 0x220e, 0x220e, 0x220e, 0x220e, 
	0x220e, 0x220e, 0x1a0e, 0x19ed, 0x19ed, 0x19ed, 0x19ed, 0x19ed, 0x19ed, 0x19ed, 0x19ed, 0x19ed, 0x19ed, 0x1a0d, 0x1a0d, 0x220e, 
	0x220e, 0x220e, 0x220e, 0x1a0d, 0x19ed, 0x1a0d, 0x11cc, 0x5bf4, 0xd75f, 0xc6fd, 0xcf1e, 0xcefe, 0xcefe, 0xcefe, 0xcf1e, 0xcf1e, 
	0xcf1e, 0xcf1e, 0xc6fd, 0xcf1e, 0xcf1e, 0xcf1e, 0xcf1e, 0xcf1e, 0xc6fd, 0xcf1e, 0xcefe, 0xcf1e, 0xcf1e, 0xcf1e, 0xcf1e, 0xcf1e, 
	0xc73c, 0xb6ba, 0xb6b8, 0xb6d8, 0xb6d8, 0x9e36, 0x9635, 0x9635, 0x9635, 0x9635, 0x9658, 0x7575, 0x43f5, 0x6d1a, 0xcf3b, 0xbed9, 
	0x9635, 0x9635, 0x9635, 0x9635, 0x9635, 0x9635, 0x9635, 0x9635, 0x9635, 0x9635, 0x9635, 0x9635, 0x9635, 0x9635, 0x9635, 0x9635, 
	0x9635, 0x9635, 0xa637, 0xc71a, 0xb717, 0x750f, 0x5d12, 0x4c90, 0x4438, 0x4438, 0x4437, 0x4437, 0x4437, 0x5cfa, 0x6d7b, 0x6d5b, 
	0x6d7b, 0x6d5b, 0x6d7b, 0x6d5b, 0x6d7b, 0x6d5b, 0x6d5b, 0x6d7b, 0x6d7b, 0x6d5b, 0x6d5b, 0x6d5b, 0x6d5b, 0x6d7b, 0x757b, 0x759c, 
	0x5cd9, 0x4416, 0x54b8, 0x6d7c, 0x5cfa, 0x4437, 0x4437, 0x4437, 0x5477, 0x7d9c, 0x7dbb, 0x7d9b, 0x7d9b, 0x7d9b, 0x7dbb, 0x7d9b, 
	0x7dbb, 0x7dbb, 0x7dbb, 0x7d9b, 0x7dbb, 0x7d9b, 0x7d9a, 0x8dfc, 0xc71b, 0xbeda, 0x9635, 0x9635, 0x9635, 0x9635, 0x6d4e, 0x652d, 
	0x4c76, 0x4455, 0x4438, 0x4437, 0x54b9, 0x653b, 0x5d1a, 0x653a, 0x5d1b, 0x5d1a, 0x7538, 0x8dfb, 0x8df8, 0x7d76, 0x7517, 0x226d, 
	0x19ed, 0x220e, 0x220e, 0x220e, 0x220e, 0x220e, 0x220e, 0x220e, 0x220e, 0x220e, 0x220e, 0x220e, 0x220e, 0x220e, 0x220e, 0x220e, 
	0x220e, 0x220e, 0x220e, 0x220e, 0x220e, 0x220e, 0x220e, 0x220e, 0x220e, 0x220e, 0x220e, 0x220e, 0x220e, 0x220e, 0x220e, 0x220e, 
	0x220e, 0x220e, 0x220e, 0x220e, 0x220e, 0x220e, 0x220e, 0x220e, 0x220e, 0x220e, 0x220e, 0x220e, 0x220e, 0x220e, 0x220e, 0x220e, 
	0x220e, 0x220e, 0x220e, 0x220e, 0x220e, 0x220e, 0x220e, 0x220e, 0x220e, 0x220e, 0x220e, 0x220e, 0x220e, 0x220e, 0x220e, 0x220e, 
	0x220e, 0x220e, 0x220e, 0x220e, 0x220e, 0x220e, 0x220e, 0x220e, 0x220e, 0x220e, 0x220e, 0x220e, 0x220e, 0x220e, 0x220e, 0x220e, 
	0x220e, 0x220e, 0x32af, 0x4311, 0x4311, 0x4311, 0x4311, 0x4311, 0x4310, 0x4310, 0x3b10, 0x3af0, 0x3ad0, 0x32b0, 0x32b0, 0x222e, 
	0x220e, 0x220e, 0x220d, 0x32b0, 0x4311, 0x3af0, 0x32af, 0x6c76, 0xcf3e, 0xc6fd, 0xcefe, 0xcefe, 0xd73e, 0xd73e, 0xcf1e, 0xcefe, 
	0xcefe, 0xcefe, 0xc6fd, 0xcf1e, 0xcefe, 0xcf1e, 0xcefe, 0xcf1e, 0xc6fd, 0xcf1e, 0xc6fe, 0xc6dd, 0xc6fd, 0xcf1e, 0xc6fe, 0xbedd, 
	0xbefb, 0xb6ba, 0xb6d8, 0xb6b8, 0xaeb8, 0x9e36, 0x9635, 0x8e15, 0x8e14, 0x8df4, 0x85f8, 0x7555, 0x5455, 0x6d59, 0xbf1a, 0xb6b8, 
	0x8e14, 0x8e14, 0x9635, 0x9635, 0x9635, 0x9635, 0x9635, 0x9635, 0x9635, 0x9635, 0x9635, 0x9635, 0x9635, 0x9635, 0x9635, 0x9635, 
	0x9635, 0x9635, 0x9e16, 0xbefa, 0xaed6, 0x7d50, 0x6533, 0x4c91, 0x4438, 0x4c58, 0x4c78, 0x4c78, 0x4c78, 0x5cfa, 0x6d7b, 0x6d5b, 
	0x6d7b, 0x6d5b, 0x6d5b, 0x6d5b, 0x6d5b, 0x6d5b, 0x6d5b, 0x6d7b, 0x6d7b, 0x6d5b, 0x6d5b, 0x6d5b, 0x6d5b, 0x6d5b, 0x6d7b, 0x759c, 
	0x5cfa, 0x4c57, 0x5cd9, 0x6d7c, 0x5d1a, 0x4c78, 0x4c78, 0x4c78, 0x5497, 0x7d9c, 0x7d9b, 0x7d9b, 0x7d9b, 0x7d9b, 0x7d9b, 0x7d9b, 
	0x7dbb, 0x7d9b, 0x7d9b, 0x7d9b, 0x7d9b, 0x7dbb, 0x8dda, 0x961b, 0xbefa, 0xb6b9, 0x8e14, 0x8df4, 0x85f5, 0x85d5, 0x6530, 0x650f, 
	0x4c76, 0x4456, 0x4c58, 0x4c58, 0x54d9, 0x653b, 0x5d1a, 0x651a, 0x653a, 0x6d7b, 0x7d98, 0x8dfa, 0x8df8, 0x7d76, 0x7537, 0x330f, 
	0x2a8f, 0x222e, 0x220e, 0x220e, 0x220e, 0x220e, 0x220e, 0x220e, 0x220e, 0x220e, 0x220e, 0x220e, 0x220e, 0x220e, 0x220e, 0x220e, 
	0x220e, 0x220e, 0x220e, 0x220e, 0x220e, 0x220e, 0x220e, 0x220e, 0x220e, 0x220e, 0x220e, 0x220e, 0x220e, 0x220e, 0x220e, 0x220e, 
	0x220e, 0x220e, 0x220e, 0x220e, 0x220e, 0x220e, 0x220e, 0x220e, 0x220e, 0x220e, 0x220e, 0x220e, 0x220e, 0x220e, 0x220e, 0x220e, 
	0x220e, 0x220e, 0x220e, 0x220e, 0x220e, 0x220e, 0x220e, 0x220e, 0x220e, 0x220e, 0x220e, 0x220e, 0x220e, 0x220e, 0x220e, 0x220e, 
	0x220e, 0x220e, 0x220e, 0x220e, 0x220e, 0x220e, 0x220e, 0x220e, 0x220e, 0x220e, 0x220e, 0x220e, 0x220e, 0x220e, 0x220e, 0x220e, 
	0x220e, 0x19cd, 0x9d36, 0xf7ff, 0xffdf, 0xffff, 0xffdf, 0xffdf, 0xffdf, 0xffff, 0xefdf, 0xcefc, 0xc6df, 0xb63d, 0xadfe, 0x42b1, 
	0x1a0d, 0x1a2e, 0x21cb, 0x9dba, 0xffff, 0xe77d, 0xc6fd, 0xc6fd, 0xcf1e, 0xc71e, 0xcf1d, 0xd73e, 0xffff, 0xf7ff, 0xcf1e, 0xcf1d, 
	0xcf1e, 0xcf1e, 0xc6fd, 0xcf1e, 0xcf1e, 0xcf1e, 0xcf1e, 0xcf1e, 0xc6fd, 0xcf1e, 0xc69f, 0xb5fd, 0xbe5c, 0xcf1f, 0xb6df, 0x8559, 
	0x8577, 0xae9b, 0xb6d8, 0x9e36, 0x9636, 0x9636, 0x9654, 0x7d91, 0x6530, 0x5cef, 0x4c35, 0x6519, 0x9636, 0x9636, 0x9655, 0x8df4, 
	0x652d, 0x6d4e, 0x9635, 0x9635, 0x9635, 0x9635, 0x9635, 0x9635, 0x9635, 0x9635, 0x9635, 0x9635, 0x9635, 0x9635, 0x9635, 0x9635, 
	0x9635, 0x9635, 0x9635, 0x9635, 0x9635, 0x9635, 0x8619, 0x5493, 0x4437, 0x651b, 0x6d7b, 0x6d5b, 0x6d5b, 0x6d5b, 0x6d7b, 0x6d5b, 
	0x6d7b, 0x6d5b, 0x6d7b, 0x6d5b, 0x6d5b, 0x6d5b, 0x6d5b, 0x6d7b, 0x6d7b, 0x6d5b, 0x6d5b, 0x6d5b, 0x6d5b, 0x6d7b, 0x6d5b, 0x6d7b, 
	0x6d5b, 0x6d5b, 0x6d5b, 0x6d7b, 0x6d5b, 0x6d5b, 0x6d5b, 0x6d5b, 0x755a, 0x7dbc, 0x7d9b, 0x7d9b, 0x7d9b, 0x7d9b, 0x7d9b, 0x7d9b, 
	0x7dbb, 0x7d9b, 0x7dbb, 0x7d9b, 0x859a, 0x961c, 0xc71b, 0xb6b9, 0x9655, 0x8e14, 0x654e, 0x652e, 0x4c56, 0x4c56, 0x4457, 0x4457, 
	0x4437, 0x4437, 0x54d9, 0x653a, 0x5d1a, 0x651a, 0x5d1a, 0x5d1a, 0x8db8, 0xbf1d, 0xb6d8, 0x9e15, 0x8e17, 0x7574, 0x7576, 0x7576, 
	0x7537, 0x2aad, 0x19ed, 0x220e, 0x220e, 0x220e, 0x220e, 0x220e, 0x220e, 0x220e, 0x220e, 0x220e, 0x220e, 0x220e, 0x220e, 0x220e, 
	0x220e, 0x220e, 0x220e, 0x220e, 0x220e, 0x220e, 0x220e, 0x220e, 0x220e, 0x220e, 0x220e, 0x220e, 0x220e, 0x220e, 0x220e, 0x220e, 
	0x220e, 0x220e, 0x220e, 0x220e, 0x220e, 0x220e, 0x220e, 0x220e, 0x220e, 0x220e, 0x220e, 0x220e, 0x220e, 0x220e, 0x220e, 0x220e, 
	0x220e, 0x220e, 0x220e, 0x220e, 0x220e, 0x220e, 0x220e, 0x220e, 0x220e, 0x220e, 0x220e, 0x220e, 0x220e, 0x220e, 0x220e, 0x220e, 
	0x220e, 0x220e, 0x220e, 0x220e, 0x220e, 0x220e, 0x220e, 0x220e, 0x220e, 0x220e, 0x220e, 0x220e, 0x220e, 0x220e, 0x220e, 0x220e, 
	0x220e, 0x19cd, 0x9d36, 0xf7ff, 0xffdf, 0xffdf, 0xffdf, 0xffff, 0xffdf, 0xffdf, 0xefdf, 0xcefd, 0xcedf, 0xb63d, 0xae1e, 0x42b1, 
	0x1a0d, 0x1a2e, 0x21cb, 0x9dba, 0xffff, 0xe75e, 0xc6fe, 0xc6fd, 0xc6fe, 0xc6fe, 0xcedd, 0xcf1e, 0xf7df, 0xf7bf, 0xcefe, 0xc6fd, 
	0xc6fe, 0xc6fe, 0xc6dd, 0xc6fe, 0xc6fd, 0xc6fe, 0xc6fd, 0xc6fe, 0xc6dd, 0xcefe, 0xbe7f, 0xadfd, 0xb63d, 0xc6df, 0xb6de, 0x8579, 
	0x8d97, 0xae9b, 0xaed8, 0x9e15, 0x8e15, 0x9615, 0x8e34, 0x7570, 0x5d11, 0x54d0, 0x4435, 0x64f8, 0x9635, 0x9635, 0x9635, 0x8df4, 
	0x6d4e, 0x6d6f, 0x9635, 0x9635, 0x9636, 0x9636, 0x9635, 0x9635, 0x9615, 0x8e15, 0x9615, 0x9635, 0x9636, 0x9636, 0x9635, 0x9635, 
	0x9635, 0x9635, 0x9635, 0x9635, 0x9635, 0x9635, 0x8e19, 0x5cb4, 0x4c57, 0x653a, 0x6d7b, 0x6d5b, 0x6d5b, 0x6d5b, 0x6d5b, 0x6d5b, 
	0x6d5b, 0x6d5b, 0x6d5b, 0x6d5b, 0x6d5b, 0x6d5b, 0x6d5b, 0x6d5b, 0x6d5b, 0x6d5b, 0x6d5b, 0x6d5b, 0x6d5b, 0x6d5b, 0x6d5b, 0x6d5b, 
	0x6d5b, 0x6d5b, 0x6d5b, 0x6d5b, 0x6d5b, 0x6d5b, 0x6d5b, 0x6d7b, 0x755b, 0x7d9c, 0x7d9b, 0x7d9b, 0x7d9b, 0x7d9b, 0x7d9b, 0x7d9b, 
	0x7d9b, 0x7d9b, 0x7d9b, 0x7d9b, 0x859a, 0x961c, 0xc71a, 0xb6b8, 0x8e14, 0x85f3, 0x652f, 0x650f, 0x4c77, 0x4457, 0x4458, 0x4458, 
	0x4c77, 0x4c77, 0x5cf9, 0x653a, 0x653a, 0x653a, 0x5d1a, 0x5d1a, 0x8db8, 0xbf1d, 0xb6d8, 0x9e15, 0x8e17, 0x7d75, 0x7576, 0x7576, 
	0x7557, 0x330e, 0x224f, 0x222e, 0x220e, 0x220e, 0x220e, 0x220e, 0x220e, 0x220e, 0x220e, 0x220e, 0x220e, 0x220e, 0x220e, 0x220e, 
	0x220e, 0x220e, 0x220e, 0x220e, 0x220e, 0x220e, 0x220e, 0x220e, 0x220e, 0x220e, 0x220e, 0x220e, 0x220e, 0x220e, 0x220e, 0x220e, 
	0x220e, 0x220e, 0x220e, 0x220e, 0x220e, 0x220e, 0x220e, 0x220e, 0x220e, 0x220e, 0x220e, 0x220e, 0x220e, 0x220e, 0x220e, 0x220e, 
	0x220e, 0x220e, 0x220e, 0x220e, 0x220e, 0x220e, 0x220e, 0x220e, 0x220e, 0x220e, 0x220e, 0x220e, 0x220e, 0x220e, 0x220e, 0x220e, 
	0x220e, 0x220e, 0x220e, 0x220e, 0x220e, 0x220e, 0x220e, 0x220e, 0x220e, 0x220e, 0x220e, 0x220e, 0x220e, 0x220e, 0x220e, 0x220e, 
	0x220e, 0x19ed, 0x7436, 0xbe7f, 0xbe1e, 0xbe3e, 0xbe1e, 0xbe3e, 0xb61e, 0xbe3e, 0xb61e, 0xb61e, 0xb61e, 0xb61e, 0xae1e, 0x42b1, 
	0x1a0d, 0x1a2e, 0x21cd, 0x7cb8, 0xbe5f, 0xb61e, 0xb61e, 0xb5fe, 0xb61e, 0xb5fe, 0xb61e, 0xb61e, 0xbe1e, 0xb61e, 0xb61e, 0xb61e, 
	0xb61e, 0xb61e, 0xb5fe, 0xb61e, 0xb61e, 0xb61e, 0xb61e, 0xb61e, 0xb5fe, 0xb61e, 0xb5fe, 0xb5fe, 0x9dfd, 0x853a, 0x8db7, 0xae9b, 
	0xaeb8, 0x9e36, 0x9654, 0x7550, 0x6d4d, 0x6d6d, 0x6551, 0x5cd0, 0x4458, 0x4458, 0x4c54, 0x54b6, 0x6d4e, 0x75af, 0x9635, 0x9635, 
	0x9615, 0x9615, 0x9636, 0x9636, 0x9636, 0x9636, 0x9635, 0x9635, 0x758f, 0x652e, 0x85d3, 0x9655, 0x9636, 0x9636, 0x9635, 0x9635, 
	0x9635, 0x9635, 0x9635, 0x9635, 0x9635, 0x9635, 0x9635, 0x9615, 0x8df8, 0x85b7, 0x7d9b, 0x7d9b, 0x7d9b, 0x7d9b, 0x7d9b, 0x7d9b, 
	0x7d9b, 0x7d9b, 0x7d9b, 0x7d9b, 0x7d9b, 0x7d9b, 0x7d9b, 0x7d9b, 0x7d9b, 0x7d9b, 0x7d9b, 0x7d9b, 0x7d9b, 0x7d9b, 0x7d9b, 0x7d9b, 
	0x7d9b, 0x7d9b, 0x7d9b, 0x7d9b, 0x7d9b, 0x7d9b, 0x7d9b, 0x7d9b, 0x7d9b, 0x7d9b, 0x7d9b, 0x7d9b, 0x7d9b, 0x7d9b, 0x7d9b, 0x7d9b, 
	0x7d9b, 0x7d9b, 0x7d9b, 0x7d9b, 0x85ba, 0x85da, 0x9655, 0x8df3, 0x654f, 0x652e, 0x4c56, 0x4c76, 0x5cfa, 0x5d1a, 0x5d1a, 0x5d1a, 
	0x85d6, 0x8e17, 0x6d5a, 0x6518, 0x7db6, 0x8e38, 0x759a, 0x6518, 0x7d76, 0x9639, 0x9635, 0x9635, 0x9635, 0x9615, 0x8e17, 0x7575, 
	0x7576, 0x6d56, 0x7537, 0x2aee, 0x19ed, 0x220e, 0x220e, 0x220e, 0x220e, 0x220e, 0x220e, 0x220e, 0x220e, 0x220e, 0x220e, 0x220e, 
	0x220e, 0x220e, 0x220e, 0x220e, 0x220e, 0x220e, 0x220e, 0x220e, 0x220e, 0x220e, 0x220e, 0x220e, 0x220e, 0x220e, 0x220e, 0x220e, 
	0x220e, 0x220e, 0x220e, 0x220e, 0x220e, 0x220e, 0x220e, 0x220e, 0x220e, 0x220e, 0x220e, 0x220e, 0x220e, 0x220e, 0x220e, 0x220e, 
	0x220e, 0x220e, 0x220e, 0x220e, 0x220e, 0x220e, 0x220e, 0x220e, 0x220e, 0x220e, 0x220e, 0x220e, 0x220e, 0x220e, 0x220e, 0x220e, 
	0x220e, 0x220e, 0x220e, 0x220e, 0x220e, 0x220e, 0x220e, 0x220e, 0x220e, 0x220e, 0x220e, 0x220e, 0x220e, 0x220e, 0x220e, 0x220e, 
	0x220e, 0x19ed, 0x7416, 0xb61f, 0xadde, 0xadde, 0xadde, 0xadde, 0xadde, 0xadde, 0xadde, 0xadde, 0xb5de, 0xb5fe, 0xadfe, 0x42b1, 
	0x1a0d, 0x1a2e, 0x19cd, 0x7478, 0xb61e, 0xadde, 0xb5de, 0xadde, 0xb5de, 0xadde, 0xb5de, 0xadde, 0xadde, 0xadde, 0xadde, 0xadde, 
	0xadde, 0xadde, 0xadde, 0xb5de, 0xadde, 0xb5de, 0xb5de, 0xb5de, 0xadde, 0xb5de, 0xadde, 0xb5fe, 0x9dfd, 0x851a, 0x8d97, 0xaebb, 
	0xaeb8, 0x9e15, 0x8e34, 0x6d50, 0x652c, 0x654c, 0x6511, 0x54b0, 0x4438, 0x4459, 0x4c54, 0x54b5, 0x652d, 0x758f, 0x9636, 0x9635, 
	0x9636, 0x9636, 0x9636, 0x9636, 0x9636, 0x9636, 0x9635, 0x9636, 0x758f, 0x650d, 0x85d3, 0x9655, 0x9636, 0x9636, 0x9635, 0x9635, 
	0x9635, 0x9635, 0x9635, 0x9635, 0x9635, 0x9636, 0x9635, 0x9635, 0x8e18, 0x85d7, 0x7d9b, 0x7d9b, 0x7dbb, 0x7d9b, 0x7dbb, 0x7d9b, 
	0x7dbb, 0x7d9b, 0x7dbb, 0x7d9b, 0x7d9b, 0x7d9b, 0x7d9b, 0x7dbb, 0x7dbb, 0x7d9b, 0x7d9b, 0x7d9b, 0x7d9b, 0x7dbb, 0x7d9b, 0x7dbb, 
	0x7d9b, 0x7dbb, 0x7d9b, 0x7d9b, 0x7d9b, 0x7dbb, 0x7dbb, 0x7dbb, 0x7d9b, 0x7d9b, 0x7d9b, 0x7d9b, 0x7d9b, 0x7d9b, 0x7d9b, 0x7d9b, 
	0x7dbb, 0x7d9b, 0x7d9b, 0x7d9b, 0x7dba, 0x85ba, 0x9634, 0x85d3, 0x654f, 0x652e, 0x4457, 0x4c57, 0x5d1a, 0x651b, 0x651a, 0x651a, 
	0x8df6, 0x9637, 0x6d5a, 0x64f8, 0x85b6, 0x9638, 0x75ba, 0x6518, 0x7d76, 0x8e19, 0x9635, 0x9635, 0x9635, 0x9635, 0x8e17, 0x7d94, 
	0x7576, 0x7596, 0x7d78, 0x332f, 0x220e, 0x222e, 0x220e, 0x220e, 0x220e, 0x220e, 0x220e, 0x220e, 0x220e, 0x220e, 0x220e, 0x220e, 
	0x220e, 0x220e, 0x220e, 0x220e, 0x220e, 0x220e, 0x220e, 0x220e, 0x220e, 0x220e, 0x220e, 0x220e, 0x220e, 0x220e, 0x220e, 0x220e, 
	0x220e, 0x220e, 0x220e, 0x220e, 0x220e, 0x220e, 0x220e, 0x220e, 0x220e, 0x220e, 0x220e, 0x220e, 0x220e, 0x220e, 0x220e, 0x220e, 
	0x220e, 0x220e, 0x220e, 0x220e, 0x220e, 0x220e, 0x220e, 0x220e, 0x220e, 0x220e, 0x220e, 0x220e, 0x220e, 0x220e, 0x220e, 0x220e, 
	0x220e, 0x220e, 0x220e, 0x220e, 0x220e, 0x220e, 0x220e, 0x220e, 0x220e, 0x220e, 0x220e, 0x220e, 0x220e, 0x220e, 0x220e, 0x220e, 
	0x220e, 0x220e, 0x2a6f, 0x32b0, 0x32b0, 0x32b0, 0x32b0, 0x32b0, 0x32b0, 0x32b0, 0x32b0, 0x32b0, 0x32b0, 0x32b0, 0x32b0, 0x222e, 
	0x220e, 0x220e, 0x220e, 0x2a6f, 0x3ab0, 0x32b0, 0x32b0, 0x32b0, 0x32b0, 0x32b0, 0x32b0, 0x32b0, 0x32b0, 0x32b0, 0x32b0, 0x32b0, 
	0x32b0, 0x32b0, 0x32b0, 0x32b0, 0x32b0, 0x32b0, 0x32b0, 0x32b0, 0x32b0, 0x3290, 0x6431, 0xbebc, 0xa65b, 0x8557, 0x755a, 0x5c97, 
	0x54b7, 0x5497, 0x5497, 0x4c76, 0x4c76, 0x4c76, 0x4c76, 0x4c56, 0x4437, 0x54d9, 0x6d58, 0x7599, 0x8df4, 0x9e55, 0xbefa, 0xb6b9, 
	0x9635, 0x9635, 0x9635, 0x9635, 0x9635, 0x9636, 0xb6b9, 0xbefa, 0x9655, 0x8df4, 0x9615, 0x9635, 0x9635, 0x9636, 0x9635, 0x9635, 
	0x9635, 0x9635, 0x9635, 0x9635, 0x9635, 0x9636, 0x8e33, 0x7570, 0x6533, 0x5cd1, 0x4c58, 0x6d3b, 0x7dbb, 0x7d9b, 0x7d9b, 0x7d9b, 
	0x7d9b, 0x7d9b, 0x7d9b, 0x7d9b, 0x7d9b, 0x7d9b, 0x7d9b, 0x7d9b, 0x7d9b, 0x7d9b, 0x7d9b, 0x7d9b, 0x7d9b, 0x7d9b, 0x7d9b, 0x7d9b, 
	0x7d9b, 0x7d9b, 0x7d9b, 0x7d9b, 0x95f9, 0xb6dc, 0xaeb9, 0x95f6, 0x8df9, 0x85b8, 0x7d9b, 0x7d9b, 0x7d9b, 0x7d9b, 0x7d9b, 0x7d9b, 
	0x7d9b, 0x7d9b, 0x7dbc, 0x755a, 0x653a, 0x653a, 0x6d38, 0x7dba, 0xb6da, 0xa638, 0x4457, 0x4457, 0x4c58, 0x4c78, 0x5cf9, 0x651a, 
	0x6d50, 0x6d70, 0x54b6, 0x4c55, 0x7d75, 0x9638, 0x8e16, 0x8df6, 0x8e15, 0x9636, 0x9635, 0x9635, 0x9635, 0x9635, 0x9635, 0x8e15, 
	0x8df7, 0x8df7, 0x8dd9, 0x7516, 0x6cf6, 0x334f, 0x19ed, 0x220e, 0x220e, 0x220e, 0x220e, 0x220e, 0x220e, 0x220e, 0x220e, 0x220e, 
	0x220e, 0x220e, 0x220e, 0x220e, 0x220e, 0x220e, 0x220e, 0x220e, 0x220e, 0x220e, 0x220e, 0x220e, 0x220e, 0x220e, 0x220e, 0x220e, 
	0x220e, 0x220e, 0x220e, 0x220e, 0x220e, 0x220e, 0x220e, 0x220e, 0x220e, 0x220e, 0x220e, 0x220e, 0x220e, 0x220e, 0x220e, 0x220e, 
	0x220e, 0x220e, 0x220e, 0x220e, 0x220e, 0x220e, 0x220e, 0x220e, 0x220e, 0x220e, 0x220e, 0x220e, 0x220e, 0x220e, 0x220e, 0x220e, 
	0x220e, 0x220e, 0x220e, 0x220e, 0x220e, 0x220e, 0x220e, 0x220e, 0x220e, 0x220e, 0x220e, 0x220e, 0x220e, 0x220e, 0x220e, 0x220e, 
	0x220e, 0x220e, 0x1a0e, 0x1a0d, 0x1a0d, 0x1a0d, 0x1a0d, 0x1a0d, 0x1a0d, 0x1a0d, 0x1a0d, 0x1a0d, 0x1a0d, 0x1a0d, 0x1a0d, 0x220e, 
	0x220e, 0x220e, 0x220e, 0x1a0e, 0x1a0d, 0x1a0d, 0x1a0d, 0x1a0d, 0x1a0d, 0x1a0d, 0x1a0d, 0x1a0d, 0x1a0d, 0x1a0d, 0x1a0d, 0x1a0d, 
	0x1a0d, 0x1a0d, 0x1a0d, 0x1a0d, 0x1a0d, 0x1a0d, 0x1a0d, 0x1a0d, 0x1a0e, 0x11ad, 0x53ae, 0xbefb, 0xa65a, 0x8556, 0x6d3b, 0x4c37, 
	0x4437, 0x4437, 0x4437, 0x4438, 0x4438, 0x4437, 0x4437, 0x4438, 0x4437, 0x5cda, 0x7579, 0x7dba, 0x9615, 0xa677, 0xc71b, 0xbed9, 
	0x9635, 0x9615, 0x9635, 0x9635, 0x9615, 0x9635, 0xbeda, 0xc71b, 0xa677, 0x9615, 0x9635, 0x9635, 0x9635, 0x9635, 0x9635, 0x9635, 
	0x9635, 0x9635, 0x9635, 0x9635, 0x9636, 0x9636, 0x8e53, 0x6d4f, 0x5d12, 0x5490, 0x4417, 0x653b, 0x85bb, 0x7d9b, 0x7dbb, 0x7d9b, 
	0x7dbb, 0x7d9b, 0x7dbb, 0x7d9b, 0x7dbb, 0x7d9b, 0x7d9b, 0x7dbb, 0x7dbb, 0x7dbb, 0x7d9b, 0x7dbb, 0x7d9b, 0x7dbb, 0x7d9b, 0x7dbb, 
	0x7d9b, 0x7d9b, 0x7d9b, 0x7d9b, 0x9df8, 0xc71d, 0xb6f8, 0x9e15, 0x8df9, 0x85b8, 0x7d9c, 0x7d9c, 0x7dbb, 0x7d9b, 0x7dbb, 0x7d9b, 
	0x7dbb, 0x7dbb, 0x7dbc, 0x6d5a, 0x5d1a, 0x5d1a, 0x64f9, 0x7d9b, 0xc73c, 0xb699, 0x4437, 0x4437, 0x4438, 0x4458, 0x5d19, 0x653a, 
	0x652f, 0x652e, 0x4c75, 0x4434, 0x7575, 0x9658, 0x9635, 0x9635, 0x9635, 0x9635, 0x9635, 0x9635, 0x9635, 0x9635, 0x9635, 0x9635, 
	0x9617, 0x9617, 0x8df9, 0x7d77, 0x7d78, 0x3b70, 0x19ed, 0x220e, 0x220e, 0x220e, 0x220e, 0x220e, 0x220e, 0x220e, 0x220e, 0x220e, 
	0x220e, 0x220e, 0x220e, 0x220e, 0x220e, 0x220e, 0x220e, 0x220e, 0x220e, 0x220e, 0x220e, 0x220e, 0x220e, 0x220e, 0x220e, 0x220e, 
	0x220e, 0x220e, 0x220e, 0x220e, 0x220e, 0x220e, 0x220e, 0x220e, 0x220e, 0x220e, 0x220e, 0x220e, 0x220e, 0x220e, 0x220e, 0x220e, 
	0x220e, 0x220e, 0x220e, 0x220e, 0x220e, 0x220e, 0x220e, 0x220e, 0x220e, 0x220e, 0x220e, 0x220e, 0x220e, 0x220e, 0x220e, 0x220e, 
	0x220e, 0x220e, 0x220e, 0x220e, 0x220e, 0x220e, 0x220e, 0x220e, 0x220e, 0x220e, 0x220e, 0x220e, 0x220e, 0x220e, 0x220e, 0x220e, 
	0x220e, 0x220e, 0x220e, 0x220e, 0x220e, 0x220e, 0x220e, 0x220e, 0x220e, 0x220e, 0x220e, 0x220e, 0x220e, 0x220e, 0x220e, 0x220e, 
	0x220e, 0x220e, 0x220e, 0x220e, 0x220e, 0x220e, 0x220e, 0x220e, 0x220e, 0x220e, 0x220e, 0x220e, 0x220e, 0x220e, 0x220e, 0x220e, 
	0x220e, 0x220e, 0x220e, 0x220e, 0x220e, 0x220e, 0x220e, 0x19ed, 0x53d0, 0x95b8, 0x8dd8, 0x9e3a, 0xa63a, 0xb69b, 0xa679, 0x8d96, 
	0x85b6, 0x85b6, 0x75b9, 0x6d37, 0x6d18, 0x8e1c, 0xa67c, 0x8578, 0x5d1a, 0x653b, 0x6d5a, 0x757b, 0x85ba, 0x85da, 0x8dfb, 0x8ddb, 
	0x7599, 0x75b9, 0x9636, 0x9636, 0x9635, 0x9635, 0x9e56, 0x9e57, 0x9636, 0x9635, 0x9635, 0x9635, 0x9635, 0x9635, 0x9635, 0x9635, 
	0x9635, 0x9635, 0x9635, 0x9635, 0x9635, 0x9636, 0x8e53, 0x6d4f, 0x5d12, 0x54b0, 0x4437, 0x653b, 0x7dbc, 0x755a, 0x653a, 0x653a, 
	0x653a, 0x653a, 0x653a, 0x653a, 0x653a, 0x653a, 0x653a, 0x653a, 0x653a, 0x653a, 0x653a, 0x653a, 0x653a, 0x653a, 0x653a, 0x653a, 
	0x95f9, 0xaebc, 0x9e58, 0x8df6, 0x9616, 0x9e57, 0x9e56, 0x9636, 0x8e34, 0x6d50, 0x6535, 0x6d55, 0x653b, 0x653b, 0x653a, 0x653a, 
	0x653a, 0x653a, 0x653b, 0x651a, 0x651a, 0x5d1a, 0x651a, 0x653b, 0x7d9a, 0x85ba, 0xa659, 0x9e38, 0x6511, 0x5cf0, 0x4c77, 0x4c77, 
	0x7d94, 0x85f5, 0x85d5, 0x85d5, 0x6518, 0x5496, 0x7575, 0x9638, 0x9635, 0x9635, 0x9635, 0x9635, 0x9635, 0x9635, 0x9635, 0x9635, 
	0x9636, 0x9636, 0x8e17, 0x7d95, 0x7576, 0x64f4, 0x6495, 0x3b50, 0x19ed, 0x220e, 0x220e, 0x220e, 0x220e, 0x220e, 0x220e, 0x220e, 
	0x220e, 0x220e, 0x220e, 0x220e, 0x220e, 0x220e, 0x220e, 0x220e, 0x220e, 0x220e, 0x220e, 0x220e, 0x220e, 0x220e, 0x220e, 0x220e, 
	0x220e, 0x220e, 0x220e, 0x220e, 0x220e, 0x220e, 0x220e, 0x220e, 0x220e, 0x220e, 0x220e, 0x220e, 0x220e, 0x220e, 0x220e, 0x220e, 
	0x220e, 0x220e, 0x220e, 0x220e, 0x220e, 0x220e, 0x220e, 0x220e, 0x220e, 0x220e, 0x220e, 0x220e, 0x220e, 0x220e, 0x220e, 0x220e, 
	0x220e, 0x220e, 0x220e, 0x220e, 0x220e, 0x220e, 0x220e, 0x220e, 0x220e, 0x220e, 0x220e, 0x220e, 0x220e, 0x220e, 0x220e, 0x220e, 
	0x220e, 0x220e, 0x220e, 0x220e, 0x220e, 0x220e, 0x220e, 0x220e, 0x220e, 0x220e, 0x220e, 0x220e, 0x220e, 0x220e, 0x220e, 0x220e, 
	0x220e, 0x220e, 0x220e, 0x220e, 0x220e, 0x220e, 0x220e, 0x220e, 0x220e, 0x220e, 0x220e, 0x220e, 0x220e, 0x220e, 0x220e, 0x220e, 
	0x220e, 0x220e, 0x220e, 0x220e, 0x220e, 0x220e, 0x220e, 0x19ed, 0x6c71, 0xbf1b, 0xa69c, 0x8df9, 0xa63a, 0xc71d, 0xbf19, 0xa635, 
	0x9655, 0x9655, 0x8e39, 0x7db7, 0x7d58, 0xaebe, 0xc75d, 0x9df8, 0x6d7b, 0x6d7b, 0x6d7b, 0x6d7b, 0x7dbb, 0x7d9b, 0x7d9c, 0x7d7b, 
	0x6d5a, 0x6d7b, 0x9636, 0x9636, 0x9635, 0x9635, 0x9635, 0x9635, 0x9635, 0x9635, 0x9635, 0x9635, 0x9636, 0x9636, 0x9635, 0x9635, 
	0x9635, 0x9635, 0x9635, 0x9635, 0x9636, 0x9636, 0x8e53, 0x6d2f, 0x5d12, 0x54b0, 0x4437, 0x6d3b, 0x7ddc, 0x6d5a, 0x651a, 0x5d1a, 
	0x651a, 0x5d1a, 0x651a, 0x5d1a, 0x651a, 0x5d1a, 0x651a, 0x653a, 0x653a, 0x651a, 0x651a, 0x651a, 0x5d1a, 0x653a, 0x5d1a, 0x5cfa, 
	0xa619, 0xc73d, 0xaeb8, 0x9e15, 0x9635, 0x9635, 0x9615, 0x9635, 0x8e31, 0x6d2d, 0x5d12, 0x6553, 0x5d1b, 0x5d1b, 0x651b, 0x5d1b, 
	0x651b, 0x5d1a, 0x5d1a, 0x5cfa, 0x5d1b, 0x5d1a, 0x5d1b, 0x5d1b, 0x5cf9, 0x6d5b, 0xcf3b, 0xbed9, 0x6d4e, 0x652d, 0x4456, 0x4435, 
	0x85d5, 0x9637, 0x9655, 0x9e76, 0x6519, 0x4415, 0x6d34, 0x8e39, 0x9635, 0x9635, 0x9635, 0x9635, 0x9635, 0x9636, 0x9636, 0x9636, 
	0x9635, 0x9635, 0x8e37, 0x7d94, 0x7576, 0x7596, 0x7d98, 0x43d1, 0x19ed, 0x220e, 0x220e, 0x220e, 0x220e, 0x220e, 0x220e, 0x220e, 
	0x220e, 0x220e, 0x220e, 0x220e, 0x220e, 0x220e, 0x220e, 0x220e, 0x220e, 0x220e, 0x220e, 0x220e, 0x220e, 0x220e, 0x220e, 0x220e, 
	0x220e, 0x220e, 0x220e, 0x220e, 0x220e, 0x220e, 0x220e, 0x220e, 0x220e, 0x220e, 0x220e, 0x220e, 0x220e, 0x220e, 0x220e, 0x220e, 
	0x220e, 0x220e, 0x220e, 0x220e, 0x220e, 0x220e, 0x220e, 0x220e, 0x220e, 0x220e, 0x220e, 0x220e, 0x220e, 0x220e, 0x220e, 0x220e, 
	0x220e, 0x220e, 0x220e, 0x220e, 0x220e, 0x220e, 0x220e, 0x220e, 0x220e, 0x220e, 0x220e, 0x220e, 0x220e, 0x220e, 0x220e, 0x220e, 
	0x220e, 0x220e, 0x220e, 0x220e, 0x220e, 0x220e, 0x220e, 0x220e, 0x220e, 0x220e, 0x220e, 0x220e, 0x220e, 0x220e, 0x220e, 0x220e, 
	0x220e, 0x220e, 0x220e, 0x220e, 0x220e, 0x220e, 0x220e, 0x220e, 0x220e, 0x220e, 0x220e, 0x220e, 0x220e, 0x220e, 0x220e, 0x220e, 
	0x220e, 0x220e, 0x220e, 0x220e, 0x220e, 0x220e, 0x220e, 0x19cd, 0x7472, 0xcf5d, 0xaeda, 0x95f6, 0x9619, 0x961a, 0x961b, 0x85ba, 
	0x8dd6, 0x8e17, 0x8e19, 0x64f4, 0x5498, 0x7d9c, 0x8e1c, 0x7d9a, 0x6d5b, 0x6d5b, 0x6d5b, 0x6d5b, 0x757b, 0x757b, 0x757b, 0x757b, 
	0x6d5b, 0x6d5b, 0x7d99, 0x7db9, 0x8e16, 0x9636, 0x9635, 0x9635, 0x9635, 0x9635, 0x9635, 0x9635, 0x85f2, 0x7570, 0x85d3, 0x9655, 
	0x9636, 0x9636, 0x9635, 0x9635, 0x9635, 0x9635, 0x9634, 0x85d3, 0x7dd7, 0x5cb2, 0x4437, 0x5cfa, 0x6d5b, 0x651a, 0x651a, 0x651a, 
	0x653a, 0x651a, 0x653a, 0x5d1a, 0x651a, 0x651a, 0x651a, 0x653a, 0x653a, 0x651a, 0x651a, 0x651a, 0x5d1a, 0x5d1a, 0x8dd9, 0x9e5c, 
	0xa678, 0xa678, 0x9e56, 0x9615, 0x9635, 0x9635, 0x9e36, 0xb6d9, 0xa6b7, 0x8dd3, 0x7dd4, 0x85d5, 0x7dd6, 0x6d33, 0x5d15, 0x6535, 
	0x6519, 0x85dc, 0xa67a, 0x95f9, 0x85b7, 0x8df8, 0xa67a, 0x9e39, 0x85b7, 0x85f7, 0xa677, 0x9e57, 0x85f3, 0x85d3, 0x7d95, 0x7d95, 
	0x8e15, 0x9636, 0x7dd1, 0x7590, 0x54d7, 0x4434, 0x6d34, 0x9639, 0x9635, 0x9635, 0x9636, 0x9636, 0x8e33, 0x7591, 0x7d91, 0x8e34, 
	0x9635, 0x9635, 0x9636, 0x8df5, 0x85f6, 0x7d95, 0x7d78, 0x4c12, 0x2a90, 0x2270, 0x220e, 0x220e, 0x220e, 0x220e, 0x220e, 0x220e, 
	0x220e, 0x220e, 0x220e, 0x220e, 0x220e, 0x220e, 0x220e, 0x220e, 0x220e, 0x220e, 0x220e, 0x220e, 0x220e, 0x220e, 0x220e, 0x220e, 
	0x220e, 0x220e, 0x220e, 0x220e, 0x220e, 0x220e, 0x220e, 0x220e, 0x220e, 0x220e, 0x220e, 0x220e, 0x220e, 0x220e, 0x220e, 0x220e, 
	0x220e, 0x220e, 0x220e, 0x220e, 0x220e, 0x220e, 0x220e, 0x220e, 0x220e, 0x220e, 0x220e, 0x220e, 0x220e, 0x220e, 0x220e, 0x220e, 
	0x220e, 0x220e, 0x220e, 0x220e, 0x220e, 0x220e, 0x220e, 0x220e, 0x220e, 0x220e, 0x220e, 0x220e, 0x220e, 0x220e, 0x220e, 0x220e, 
	0x220e, 0x220e, 0x220e, 0x220e, 0x220e, 0x220e, 0x220e, 0x220e, 0x220e, 0x220e, 0x220e, 0x220e, 0x220e, 0x220e, 0x220e, 0x220e, 
	0x220e, 0x220e, 0x220e, 0x220e, 0x220e, 0x220e, 0x220e, 0x220e, 0x220e, 0x220e, 0x220e, 0x220e, 0x220e, 0x220e, 0x220e, 0x220e, 
	0x220e, 0x220e, 0x220e, 0x220e, 0x220e, 0x220e, 0x1a0e, 0x11ac, 0x7472, 0xdfbf, 0xbf19, 0x9e15, 0x8df9, 0x85b8, 0x7d9c, 0x7d9c, 
	0x85b7, 0x8e19, 0x8618, 0x5c93, 0x4437, 0x5cfb, 0x655b, 0x655b, 0x6d5b, 0x6d5b, 0x6d7b, 0x6d5b, 0x6d7b, 0x6d5b, 0x6d7b, 0x6d5b, 
	0x6d7b, 0x6d5b, 0x6d5b, 0x6d7b, 0x8e15, 0x8e36, 0x9635, 0x9635, 0x9635, 0x9635, 0x9636, 0x9636, 0x7db0, 0x5cec, 0x7591, 0x9654, 
	0x9636, 0x9636, 0x9635, 0x9635, 0x9635, 0x9635, 0x9635, 0x9e55, 0x9659, 0x64b3, 0x4437, 0x54da, 0x653a, 0x5d1a, 0x653a, 0x651a, 
	0x653a, 0x651a, 0x653a, 0x651a, 0x653a, 0x651a, 0x651a, 0x653a, 0x653a, 0x653a, 0x651a, 0x653a, 0x5d1a, 0x5d1a, 0xae59, 0xcf5d, 
	0xa697, 0x95f4, 0x8e15, 0x9635, 0x9635, 0x9635, 0xa637, 0xc73b, 0xbf1a, 0x9e16, 0x9635, 0x9656, 0x9672, 0x756e, 0x5d31, 0x6572, 
	0x6d18, 0x967e, 0xcf5a, 0xb697, 0x9615, 0xa697, 0xcf3b, 0xbeb9, 0x9635, 0x9635, 0x9615, 0x9615, 0x9636, 0x9636, 0x9635, 0x9635, 
	0x9635, 0x9635, 0x758f, 0x652d, 0x4c96, 0x4434, 0x6d14, 0x9639, 0x9635, 0x9635, 0x9636, 0x9636, 0x8632, 0x650e, 0x6d2e, 0x8e53, 
	0x9636, 0x9636, 0x9635, 0x9635, 0x9636, 0x85b4, 0x7578, 0x4c33, 0x2ad1, 0x2290, 0x220e, 0x220e, 0x220e, 0x220e, 0x220e, 0x220e, 
	0x220e, 0x220e, 0x220e, 0x220e, 0x220e, 0x220e, 0x220e, 0x220e, 0x220e, 0x220e, 0x220e, 0x220e, 0x220e, 0x220e, 0x220e, 0x220e, 
	0x220e, 0x220e, 0x220e, 0x220e, 0x220e, 0x220e, 0x220e, 0x220e, 0x220e, 0x220e, 0x220e, 0x220e, 0x220e, 0x220e, 0x220e, 0x220e, 
	0x220e, 0x220e, 0x220e, 0x220e, 0x220e, 0x220e, 0x220e, 0x220e, 0x220e, 0x220e, 0x220e, 0x220e, 0x220e, 0x220e, 0x220e, 0x220e, 
	0x220e, 0x220e, 0x220e, 0x220e, 0x220e, 0x220e, 0x220e, 0x220e, 0x220e, 0x220e, 0x220e, 0x220e, 0x220e, 0x220e, 0x220e, 0x220e, 
	0x220e, 0x220e, 0x220e, 0x220e, 0x220e, 0x220e, 0x220e, 0x220e, 0x220e, 0x220e, 0x220e, 0x220e, 0x220e, 0x220e, 0x220e, 0x220e, 
	0x220e, 0x220e, 0x220e, 0x220e, 0x220e, 0x220e, 0x220e, 0x220e, 0x220e, 0x220e, 0x220e, 0x220e, 0x220e, 0x220e, 0x220e, 0x220e, 
	0x220e, 0x220e, 0x220e, 0x220e, 0x220e, 0x1a0d, 0x3b32, 0x53d4, 0x9576, 0xd77e, 0xb6f9, 0x9e15, 0x7dd9, 0x64f6, 0x6d17, 0x85da, 
	0x95f6, 0xa699, 0xa69c, 0x64b4, 0x4c35, 0x7ddc, 0x9e5a, 0x8df9, 0x7dd9, 0x7598, 0x6d5b, 0x6d5b, 0x6d5b, 0x6d5b, 0x6d5b, 0x6d5b, 
	0x6d5b, 0x6d5b, 0x6d5a, 0x6d7b, 0xa678, 0xae99, 0x9636, 0x9615, 0x9635, 0x9636, 0x9635, 0x9636, 0x85f3, 0x7db2, 0x85d3, 0x9635, 
	0x9635, 0x9636, 0x9635, 0x9635, 0x9635, 0x9635, 0x8e17, 0x7554, 0x6518, 0x5476, 0x4437, 0x54d9, 0x653a, 0x5d1a, 0x651a, 0x5d1a, 
	0x651a, 0x5d1a, 0x651a, 0x5d1a, 0x651a, 0x5d1a, 0x5d1a, 0x651a, 0x651a, 0x651a, 0x5d1a, 0x5d1a, 0x5d1a, 0x5d1a, 0x95f7, 0xa699, 
	0xae98, 0xae98, 0x9e77, 0x9615, 0x9635, 0x9635, 0x9e36, 0xa697, 0xa677, 0x9615, 0x8e17, 0x7554, 0x6536, 0x5cd4, 0x54b5, 0x54b5, 
	0x5c96, 0x7ddb, 0xaeb8, 0x9e56, 0x9615, 0xa677, 0xc71a, 0xb6b9, 0x9615, 0x9635, 0x9635, 0x9635, 0x9635, 0x9635, 0x9635, 0x9635, 
	0x9635, 0x9635, 0x758f, 0x652d, 0x6d34, 0x6d54, 0x85b5, 0x9637, 0x9635, 0x9635, 0x9635, 0x9636, 0x8e14, 0x7db2, 0x85b3, 0x8e34, 
	0x9635, 0x9635, 0x9635, 0x9635, 0x9637, 0x85b5, 0x7577, 0x64d5, 0x5c55, 0x3b71, 0x1a0d, 0x220e, 0x220e, 0x220e, 0x220e, 0x220e, 
	0x220e, 0x220e, 0x220e, 0x220e, 0x220e, 0x220e, 0x220e, 0x220e, 0x220e, 0x220e, 0x220e, 0x220e, 0x220e, 0x220e, 0x220e, 0x220e, 
	0x220e, 0x220e, 0x220e, 0x220e, 0x220e, 0x220e, 0x220e, 0x220e, 0x220e, 0x220e, 0x220e, 0x220e, 0x220e, 0x220e, 0x220e, 0x220e, 
	0x220e, 0x220e, 0x220e, 0x220e, 0x220e, 0x220e, 0x220e, 0x220e, 0x220e, 0x220e, 0x220e, 0x220e, 0x220e, 0x220e, 0x220e, 0x220e, 
	0x220e, 0x220e, 0x220e, 0x220e, 0x220e, 0x220e, 0x220e, 0x220e, 0x220e, 0x220e, 0x220e, 0x220e, 0x220e, 0x220e, 0x220e, 0x220e, 
	0x220e, 0x220e, 0x220e, 0x220e, 0x220e, 0x220e, 0x220e, 0x220e, 0x220e, 0x220e, 0x220e, 0x220e, 0x220e, 0x220e, 0x220e, 0x220e, 
	0x220e, 0x220e, 0x220e, 0x220e, 0x220e, 0x220e, 0x220e, 0x220e, 0x220e, 0x220e, 0x220e, 0x220e, 0x220e, 0x220e, 0x220e, 0x220e, 
	0x220e, 0x220e, 0x220e, 0x220e, 0x19ed, 0x11ac, 0x5415, 0x859b, 0xb659, 0xdf9e, 0xbf19, 0x9e15, 0x75ba, 0x4434, 0x5493, 0x8e19, 
	0xa635, 0xc739, 0xb71f, 0x6495, 0x4bf4, 0x9e7d, 0xcf5a, 0xae76, 0x8e38, 0x85d6, 0x6d5c, 0x655b, 0x6d7b, 0x6d5b, 0x6d7b, 0x6d5b, 
	0x6d7b, 0x6d5b, 0x6d5a, 0x757b, 0xbefa, 0xc73b, 0x9e56, 0x9615, 0x9635, 0x9635, 0x9636, 0x9636, 0x9636, 0x9636, 0x9635, 0x9635, 
	0x9635, 0x9636, 0x9636, 0x9636, 0x9655, 0x9655, 0x8e3a, 0x5493, 0x4417, 0x4438, 0x4437, 0x5cd9, 0x653b, 0x651a, 0x653b, 0x653a, 
	0x653b, 0x653a, 0x653b, 0x651a, 0x653a, 0x653a, 0x653a, 0x653b, 0x653b, 0x653a, 0x653a, 0x653a, 0x5cfa, 0x5cfa, 0x85d5, 0x8e17, 
	0xb698, 0xcf3b, 0xaeb8, 0x9615, 0x9635, 0x9655, 0x9635, 0x9635, 0x9635, 0x9635, 0x861a, 0x5473, 0x3c18, 0x4438, 0x4438, 0x4438, 
	0x4414, 0x6d59, 0x9635, 0x9635, 0x9615, 0xa677, 0xcf1b, 0xbeb9, 0x9635, 0x9635, 0x9635, 0x9635, 0x9635, 0x9635, 0x9635, 0x9635, 
	0x9635, 0x9635, 0x758f, 0x650c, 0x85d2, 0x9675, 0x9635, 0x9635, 0x9635, 0x9635, 0x9635, 0x9635, 0x9635, 0x9636, 0x9636, 0x9636, 
	0x9635, 0x9635, 0x9635, 0x9635, 0x9637, 0x85b5, 0x7576, 0x7576, 0x7d98, 0x4c12, 0x11cd, 0x1a0e, 0x220e, 0x220e, 0x220e, 0x220e, 
	0x220e, 0x220e, 0x220e, 0x220e, 0x220e, 0x220e, 0x220e, 0x220e, 0x220e, 0x220e, 0x220e, 0x220e, 0x220e, 0x220e, 0x220e, 0x220e, 
	0x220e, 0x220e, 0x220e, 0x220e, 0x220e, 0x220e, 0x220e, 0x220e, 0x220e, 0x220e, 0x220e, 0x220e, 0x220e, 0x220e, 0x220e, 0x220e, 
	0x220e, 0x220e, 0x220e, 0x220e, 0x220e, 0x220e, 0x220e, 0x220e, 0x220e, 0x220e, 0x220e, 0x220e, 0x220e, 0x220e, 0x220e, 0x220e, 
	0x220e, 0x220e, 0x220e, 0x220e, 0x220e, 0x220e, 0x220e, 0x220e, 0x220e, 0x220e, 0x220e, 0x220e, 0x220e, 0x220e, 0x220e, 0x220e, 
	0x220e, 0x220e, 0x220e, 0x220e, 0x220e, 0x220e, 0x220e, 0x220e, 0x220e, 0x220e, 0x220e, 0x220e, 0x220e, 0x220e, 0x220e, 0x220e, 
	0x220e, 0x220e, 0x220e, 0x220e, 0x220e, 0x220e, 0x220e, 0x220e, 0x220e, 0x220e, 0x220e, 0x220e, 0x220e, 0x220e, 0x220e, 0x220e, 
	0x220e, 0x220e, 0x220e, 0x1a0e, 0x4b91, 0x5c13, 0x6cd7, 0x7d59, 0x8dda, 0xa67c, 0x9e57, 0x9616, 0x75b9, 0x4c54, 0x5495, 0x7ddb, 
	0x95f8, 0xa67a, 0x9e7b, 0x7536, 0x6cf4, 0xa69b, 0xc71a, 0xae57, 0x8e16, 0x8df6, 0x7db9, 0x7599, 0x757b, 0x757b, 0x757b, 0x757b, 
	0x757b, 0x757b, 0x755b, 0x757b, 0xa65a, 0xa67b, 0x9636, 0x9616, 0x9635, 0x9635, 0x85f3, 0x7db2, 0x8df4, 0x9635, 0x9635, 0x9636, 
	0x8e14, 0x85b2, 0x7dd1, 0x7dd1, 0x7db4, 0x7573, 0x6d58, 0x5475, 0x4437, 0x4c98, 0x54b8, 0x5cfa, 0x5d1b, 0x5cfa, 0x54fa, 0x54fa, 
	0x54fa, 0x54fa, 0x54fa, 0x54fa, 0x54fa, 0x54fa, 0x54fa, 0x54fa, 0x54fa, 0x54fa, 0x54fa, 0x54fa, 0x7d9a, 0x8dfb, 0x8e16, 0x8e16, 
	0xa657, 0xaeb8, 0x9e77, 0x9615, 0x85d7, 0x7555, 0x7d95, 0x8e37, 0x9635, 0x9635, 0x8e16, 0x64d1, 0x4c95, 0x4c75, 0x4c36, 0x5cd9, 
	0x6d15, 0x7db7, 0x9635, 0x9615, 0x9615, 0x9e56, 0xaeb8, 0xa677, 0x9615, 0x9635, 0x9635, 0x9635, 0x9635, 0x9635, 0x9615, 0x9635, 
	0x9615, 0x9636, 0x7dd2, 0x7591, 0x85d3, 0x9635, 0x9615, 0x9635, 0x9635, 0x9635, 0x9635, 0x9635, 0x9615, 0x9635, 0x9635, 0x9635, 
	0x9635, 0x9635, 0x9635, 0x9615, 0x9616, 0x85d5, 0x7db6, 0x7d96, 0x7577, 0x5cb4, 0x4392, 0x3b30, 0x220e, 0x220e, 0x220e, 0x220e, 
	0x220e, 0x220e, 0x220e, 0x220e, 0x220e, 0x220e, 0x220e, 0x220e, 0x220e, 0x220e, 0x220e, 0x220e, 0x220e, 0x220e, 0x220e, 0x220e, 
	0x220e, 0x220e, 0x220e, 0x220e, 0x220e, 0x220e, 0x220e, 0x220e, 0x220e, 0x220e, 0x220e, 0x220e, 0x220e, 0x220e, 0x220e, 0x220e, 
	0x220e, 0x220e, 0x220e, 0x220e, 0x220e, 0x220e, 0x220e, 0x220e, 0x220e, 0x220e, 0x220e, 0x220e, 0x220e, 0x220e, 0x220e, 0x220e, 
	0x220e, 0x220e, 0x220e, 0x220e, 0x220e, 0x220e, 0x220e, 0x220e, 0x220e, 0x220e, 0x220e, 0x220e, 0x220e, 0x220e, 0x220e, 0x220e, 
	0x220e, 0x220e, 0x220e, 0x220e, 0x220e, 0x220e, 0x220e, 0x220e, 0x220e, 0x220e, 0x220e, 0x220e, 0x220e, 0x220e, 0x220e, 0x220e, 
	0x220e, 0x220e, 0x220e, 0x220e, 0x220e, 0x220e, 0x220e, 0x220e, 0x220e, 0x220e, 0x220e, 0x220e, 0x220e, 0x220e, 0x220e, 0x220e, 
	0x220e, 0x220e, 0x19ed, 0x19cd, 0x8d74, 0xc73b, 0x961a, 0x8578, 0x653b, 0x5cda, 0x7575, 0x9659, 0x7db9, 0x4c33, 0x4c58, 0x759d, 
	0x7d9c, 0x7d9c, 0x7db8, 0x8e19, 0x9e35, 0xbef8, 0xc73b, 0xae77, 0x9635, 0x9635, 0x9637, 0x8df6, 0x7d9b, 0x7d9b, 0x7dbb, 0x7dbb, 
	0x7dbb, 0x7d9b, 0x7dbb, 0x7dbb, 0x7d9b, 0x7d9b, 0x8e16, 0x9636, 0x9635, 0x9655, 0x75af, 0x5d0c, 0x7d92, 0x9654, 0x9636, 0x9636, 
	0x8611, 0x652d, 0x654b, 0x654b, 0x5cf3, 0x4450, 0x3c18, 0x4438, 0x4437, 0x5cfa, 0x653b, 0x5d1a, 0x5d1b, 0x54fa, 0x4cda, 0x4cda, 
	0x4cda, 0x4cda, 0x4cda, 0x4cda, 0x4cda, 0x4cda, 0x4cda, 0x4cfa, 0x4cdb, 0x4cda, 0x44ba, 0x44ba, 0xae79, 0xc73c, 0xa677, 0x9615, 
	0x9635, 0x8e15, 0x9635, 0x9e55, 0x759a, 0x3bf3, 0x5493, 0x8e3a, 0x9635, 0x9635, 0x8e52, 0x6d4e, 0x5d12, 0x4c90, 0x4434, 0x75ba, 
	0x9e55, 0x9635, 0x9635, 0x9635, 0x9635, 0x9635, 0x9615, 0x9615, 0x9635, 0x9635, 0x9635, 0x9635, 0x9615, 0x9615, 0x9635, 0x9635, 
	0x9635, 0x9635, 0x9636, 0x9636, 0x9635, 0x9635, 0x9635, 0x9635, 0x9635, 0x9635, 0x9635, 0x9635, 0x9635, 0x9635, 0x9635, 0x9635, 
	0x9635, 0x9635, 0x9635, 0x9635, 0x9635, 0x9635, 0x9636, 0x85d5, 0x7576, 0x7576, 0x7db8, 0x5c93, 0x19cd, 0x19ed, 0x11ed, 0x11ed, 
	0x11ed, 0x11ed, 0x11ed, 0x11ed, 0x11ed, 0x11ed, 0x1a0e, 0x220e, 0x220e, 0x220e, 0x220e, 0x220e, 0x220e, 0x220e, 0x220e, 0x220e, 
	0x220e, 0x220e, 0x220e, 0x220e, 0x220e, 0x220e, 0x220e, 0x220e, 0x220e, 0x220e, 0x220e, 0x220e, 0x220e, 0x220e, 0x220e, 0x220e, 
	0x220e, 0x220e, 0x220e, 0x220e, 0x220e, 0x220e, 0x220e, 0x220e, 0x220e, 0x220e, 0x220e, 0x220e, 0x220e, 0x220e, 0x220e, 0x220e, 
	0x220e, 0x220e, 0x220e, 0x220e, 0x220e, 0x220e, 0x220e, 0x220e, 0x220e, 0x220e, 0x220e, 0x220e, 0x220e, 0x220e, 0x220e, 0x220e, 
	0x220e, 0x220e, 0x220e, 0x220e, 0x220e, 0x220e, 0x220e, 0x220e, 0x220e, 0x220e, 0x220e, 0x220e, 0x220e, 0x220e, 0x220e, 0x220e, 
	0x220e, 0x220e, 0x220e, 0x220e, 0x220e, 0x220e, 0x220e, 0x220e, 0x220e, 0x220e, 0x220e, 0x220e, 0x220e, 0x220e, 0x220e, 0x220e, 
	0x220e, 0x220e, 0x32f1, 0x3b11, 0x8556, 0xa67a, 0x859a, 0x6cf7, 0x6d39, 0x7579, 0x7d97, 0x85f8, 0x7598, 0x5cd5, 0x64f8, 0x7d9b, 
	0x7dba, 0x85bb, 0x85d8, 0x8df8, 0x8df7, 0x9638, 0x9e38, 0x9e18, 0x9635, 0x9635, 0x9636, 0x8df6, 0x85ba, 0x85ba, 0x7d9b, 0x7d9b, 
	0x7d9b, 0x7d9b, 0x7d9b, 0x7d9b, 0x85d9, 0x85d9, 0x8e16, 0x9636, 0x9635, 0x9635, 0x7dd1, 0x7570, 0x85d3, 0x9655, 0x9635, 0x9636, 
	0x7dd4, 0x5cd0, 0x5cf0, 0x5cf0, 0x5cd4, 0x6d55, 0x6d38, 0x64d7, 0x5cd8, 0x5cf8, 0x5cf9, 0x6d7b, 0x7ddc, 0x6d39, 0x4cda, 0x4cda, 
	0x4cfa, 0x4cda, 0x4cda, 0x4cda, 0x4cda, 0x4cda, 0x4cda, 0x4cfa, 0x4cda, 0x4cfa, 0x6d5a, 0x757a, 0xb699, 0xc71b, 0xa677, 0x9615, 
	0x9635, 0x9635, 0x85d6, 0x7d95, 0x7578, 0x6d17, 0x7d75, 0x8e18, 0x9635, 0x9635, 0x8e34, 0x7d91, 0x6d73, 0x6512, 0x64d5, 0x7dd8, 
	0x9635, 0x9635, 0x9635, 0x9635, 0x9635, 0x9635, 0x9635, 0x9635, 0x9635, 0x9635, 0x9635, 0x9635, 0xa657, 0xa677, 0x9635, 0x9635, 
	0x9635, 0x9635, 0x9635, 0x9635, 0x9635, 0x9635, 0x9635, 0x9636, 0x9635, 0x9635, 0x9635, 0x9635, 0x9635, 0x9635, 0x9635, 0x9635, 
	0x9635, 0x9635, 0x9635, 0x9635, 0x9635, 0x9635, 0x9636, 0x8dd5, 0x7db6, 0x7d96, 0x7d77, 0x64d5, 0x4b72, 0x5393, 0x63f3, 0x63f3, 
	0x63f3, 0x63f3, 0x63f3, 0x63f3, 0x63f3, 0x63f3, 0x32af, 0x220d, 0x220e, 0x220e, 0x220e, 0x220e, 0x220e, 0x220e, 0x220e, 0x220e, 
	0x220e, 0x220e, 0x220e, 0x220e, 0x220e, 0x220e, 0x220e, 0x220e, 0x220e, 0x220e, 0x220e, 0x220e, 0x220e, 0x220e, 0x220e, 0x220e, 
	0x220e, 0x220e, 0x220e, 0x220e, 0x220e, 0x220e, 0x220e, 0x220e, 0x220e, 0x220e, 0x220e, 0x220e, 0x220e, 0x220e, 0x220e, 0x220e, 
	0x220e, 0x220e, 0x220e, 0x220e, 0x220e, 0x220e, 0x220e, 0x220e, 0x220e, 0x220e, 0x220e, 0x220e, 0x220e, 0x220e, 0x220e, 0x220e, 
	0x220e, 0x220e, 0x220e, 0x220e, 0x220e, 0x220e, 0x220e, 0x220e, 0x220e, 0x220e, 0x220e, 0x220e, 0x220e, 0x220e, 0x220e, 0x220e, 
	0x220e, 0x220e, 0x220e, 0x220e, 0x220e, 0x220e, 0x220e, 0x220e, 0x220e, 0x220e, 0x220e, 0x220e, 0x220e, 0x220e, 0x220e, 0x220e, 
	0x220e, 0x220e, 0x6cd8, 0x859b, 0x7d5a, 0x7d5a, 0x54b9, 0x3bf6, 0x6d34, 0x9658, 0x7dda, 0x6517, 0x7576, 0x8e39, 0x8e19, 0x85b8, 
	0x85b8, 0x8e19, 0x9618, 0x85d7, 0x7dbd, 0x5458, 0x4413, 0x6d79, 0x9e55, 0x9635, 0x9635, 0x9635, 0x9637, 0x8e16, 0x7d9b, 0x7d9b, 
	0x7dbb, 0x7d9b, 0x7d9b, 0x7dbb, 0x8e15, 0x9636, 0x9635, 0x9635, 0x9635, 0x9635, 0x9636, 0x9636, 0x9636, 0x9636, 0x9635, 0x9e55, 
	0x7599, 0x4c34, 0x4438, 0x4438, 0x6474, 0xb6fe, 0xc739, 0xa635, 0x863a, 0x6535, 0x5497, 0x967e, 0xc75e, 0x95b7, 0x44bb, 0x4cdb, 
	0x4cfa, 0x4cda, 0x4cfa, 0x4cda, 0x4cfa, 0x4cda, 0x4cda, 0x4cdb, 0x4cda, 0x4cda, 0xbeba, 0xc73c, 0xc6fa, 0xcf1a, 0xa677, 0x9615, 
	0x9635, 0x9655, 0x6539, 0x3bf4, 0x7cf6, 0xc75f, 0xbef9, 0x9e15, 0x9635, 0x9635, 0x9636, 0x9636, 0x9635, 0x9635, 0x9655, 0x9635, 
	0x9635, 0x9635, 0x9635, 0x9635, 0x9635, 0x9635, 0x9635, 0x9635, 0x9635, 0x9635, 0x9615, 0x9636, 0xc6fa, 0xc6fa, 0x9636, 0x9615, 
	0x9635, 0x9635, 0x9635, 0x9635, 0x9635, 0x9635, 0x9635, 0x9635, 0x9635, 0x9635, 0x9635, 0x9635, 0x9635, 0x9635, 0x9635, 0x9635, 
	0x9635, 0x9635, 0x9635, 0x9635, 0x9636, 0x9636, 0x9635, 0x9635, 0x9636, 0x85d5, 0x7556, 0x85d8, 0xbebc, 0xcefe, 0xffff, 0xffff, 
	0xffff, 0xffff, 0xffff, 0xffff, 0xffff, 0xffff, 0x5bd4, 0x19cc, 0x1a2e, 0x1a2e, 0x220e, 0x220e, 0x220e, 0x220e, 0x220e, 0x220e, 
	0x220e, 0x220e, 0x220e, 0x220e, 0x220e, 0x220e, 0x220e, 0x220e, 0x220e, 0x220e, 0x220e, 0x220e, 0x220e, 0x220e, 0x220e, 0x220e, 
	0x220e, 0x220e, 0x220e, 0x220e, 0x220e, 0x220e, 0x220e, 0x220e, 0x220e, 0x220e, 0x220e, 0x220e, 0x220e, 0x220e, 0x220e, 0x220e, 
	0x220e, 0x220e, 0x220e, 0x220e, 0x220e, 0x220e, 0x220e, 0x220e, 0x220e, 0x220e, 0x220e, 0x220e, 0x220e, 0x220e, 0x220e, 0x220e, 
	0x220e, 0x220e, 0x220e, 0x220e, 0x220e, 0x220e, 0x220e, 0x220e, 0x220e, 0x220e, 0x220e, 0x220e, 0x220e, 0x220e, 0x220e, 0x220e, 
	0x220e, 0x220e, 0x220e, 0x220e, 0x220e, 0x220e, 0x220e, 0x220e, 0x220e, 0x220e, 0x220e, 0x220e, 0x220e, 0x220e, 0x220e, 0x220e, 
	0x220e, 0x220e, 0x74f7, 0x8dba, 0x8dba, 0x8dda, 0x6d39, 0x5496, 0x7574, 0x9657, 0x85d9, 0x6d57, 0x7d96, 0x8e38, 0x8e18, 0x85d7, 
	0x85d7, 0x8e18, 0x8e18, 0x7d96, 0x755b, 0x64f9, 0x64d6, 0x7578, 0x85d5, 0x8df6, 0x9635, 0x9635, 0x9636, 0x8e16, 0x85ba, 0x85ba, 
	0x7dbb, 0x7d9b, 0x7d9b, 0x7dbb, 0x9e57, 0x9e57, 0x9635, 0x9635, 0x9635, 0x9635, 0x9635, 0x9635, 0x8e14, 0x8df4, 0x85d5, 0x85d5, 
	0x6d59, 0x4c55, 0x4458, 0x4458, 0x5c95, 0x9e7d, 0xae98, 0x9e16, 0x8639, 0x6d55, 0x64f6, 0x965c, 0xb71b, 0x8d96, 0x4cd8, 0x4cf8, 
	0x4cfa, 0x4cda, 0x4cfa, 0x4cda, 0x4cfa, 0x4cda, 0x4cda, 0x4cfb, 0x655a, 0x6d7a, 0xae99, 0xb6da, 0xbeb9, 0xbed9, 0x9e57, 0x9615, 
	0x9635, 0x9655, 0x7d99, 0x5cd6, 0x8576, 0xb6fc, 0xaeb8, 0x9615, 0x9635, 0x9635, 0x9635, 0x9635, 0x9635, 0x9635, 0x9635, 0x9e56, 
	0x9e57, 0x9e36, 0x9635, 0x9635, 0x9635, 0x9635, 0x9635, 0x9635, 0x9635, 0x9635, 0x9615, 0x9636, 0xb6d9, 0xb6d9, 0x9636, 0x9615, 
	0x9635, 0x9635, 0x9635, 0x9635, 0x9635, 0x9635, 0x9635, 0x9635, 0x9635, 0x9635, 0x9635, 0x9635, 0x9635, 0x9635, 0x9635, 0x9635, 
	0x9635, 0x9635, 0x9635, 0x9635, 0x9635, 0x8e14, 0x8df4, 0x8e14, 0x9636, 0x85d5, 0x7556, 0x85b8, 0xae3a, 0xb69c, 0xf7df, 0xefbf, 
	0xf7bf, 0xf7df, 0xffff, 0xffff, 0xf7bf, 0xf7df, 0x5bb3, 0x19ec, 0x220e, 0x220e, 0x220e, 0x220e, 0x220e, 0x220e, 0x220e, 0x220e, 
	0x220e, 0x220e, 0x220e, 0x220e, 0x220e, 0x220e, 0x220e, 0x220e, 0x220e, 0x220e, 0x220e, 0x220e, 0x220e, 0x220e, 0x220e, 0x220e, 
	0x220e, 0x220e, 0x220e, 0x220e, 0x220e, 0x220e, 0x220e, 0x220e, 0x220e, 0x220e, 0x220e, 0x220e, 0x220e, 0x220e, 0x220e, 0x220e, 
	0x220e, 0x220e, 0x220e, 0x220e, 0x220e, 0x220e, 0x220e, 0x220e, 0x220e, 0x220e, 0x220e, 0x220e, 0x220e, 0x220e, 0x220e, 0x220e, 
	0x220e, 0x220e, 0x220e, 0x220e, 0x220e, 0x220e, 0x220e, 0x220e, 0x220e, 0x220e, 0x220e, 0x220e, 0x220e, 0x220e, 0x220e, 0x220e, 
	0x220e, 0x220e, 0x220e, 0x220e, 0x220e, 0x220e, 0x220e, 0x220e, 0x220e, 0x220e, 0x220e, 0x220e, 0x220e, 0x220e, 0x220e, 0x220e, 
	0x1a0d, 0x19ed, 0x95d5, 0xb6da, 0xc6fa, 0xc71a, 0xa697, 0x9615, 0x9635, 0x9635, 0x9635, 0x9635, 0x9635, 0x9635, 0x9635, 0x9635, 
	0x9635, 0x9635, 0x8e3a, 0x5c94, 0x5413, 0x9e7d, 0xc75e, 0x7d36, 0x43f4, 0x6d39, 0x9655, 0x9635, 0x9635, 0x9635, 0x9636, 0x9616, 
	0x7dbb, 0x7dbb, 0x7d9b, 0x85bb, 0xbefa, 0xc71b, 0x9e56, 0x9615, 0x9635, 0x9635, 0x9635, 0x9636, 0x7dcf, 0x6d2d, 0x54d5, 0x4c53, 
	0x4458, 0x4438, 0x4458, 0x54da, 0x4cdb, 0x4cdb, 0x5cf6, 0x7dfa, 0x9635, 0x9635, 0x9636, 0x9636, 0x9654, 0x7d91, 0x5d30, 0x5d30, 
	0x4cdb, 0x4cda, 0x4cfa, 0x4cda, 0x4cda, 0x4cda, 0x4cd9, 0x551a, 0xbeda, 0xc71b, 0x9e36, 0x9615, 0x9635, 0x9636, 0x9635, 0x9635, 
	0x9635, 0x9615, 0xae78, 0xc73b, 0xb6d8, 0x9615, 0x9635, 0x9635, 0x9635, 0x9635, 0x9635, 0x9635, 0x9635, 0x9635, 0x9615, 0xb6d9, 
	0xc73b, 0xae77, 0x9635, 0x9635, 0x9635, 0x9635, 0x9635, 0x9635, 0x9635, 0x9635, 0x9635, 0x9635, 0x9635, 0x9635, 0x9635, 0x9635, 
	0x9635, 0x9635, 0x9635, 0x9635, 0x9635, 0x9635, 0x9635, 0x9636, 0x9635, 0x9635, 0x9635, 0x9635, 0x9635, 0x9635, 0x9635, 0x9635, 
	0x9635, 0x9635, 0x9636, 0x9636, 0x9654, 0x7571, 0x650d, 0x7dd0, 0x9637, 0x85d5, 0x7576, 0x7576, 0x7556, 0x85b7, 0xcf1e, 0xc71e, 
	0xcf1d, 0xcf1e, 0xffff, 0xffff, 0xd73e, 0xd73e, 0x4b72, 0x19cc, 0x1a0e, 0x1a0e, 0x220e, 0x220e, 0x220e, 0x220e, 0x220e, 0x220e, 
	0x220e, 0x220e, 0x220e, 0x220e, 0x220e, 0x220e, 0x220e, 0x220e, 0x220e, 0x220e, 0x220e, 0x220e, 0x220e, 0x220e, 0x220e, 0x220e, 
	0x220e, 0x220e, 0x220e, 0x220e, 0x220e, 0x220e, 0x220e, 0x220e, 0x220e, 0x220e, 0x220e, 0x220e, 0x220e, 0x220e, 0x220e, 0x220e, 
	0x220e, 0x220e, 0x220e, 0x220e, 0x220e, 0x220e, 0x220e, 0x220e, 0x220e, 0x220e, 0x220e, 0x220e, 0x220e, 0x220e, 0x220e, 0x220e, 
	0x220e, 0x220e, 0x220e, 0x220e, 0x220e, 0x220e, 0x220e, 0x220e, 0x220e, 0x220e, 0x220e, 0x220e, 0x220e, 0x220e, 0x220e, 0x220e, 
	0x220e, 0x220e, 0x220e, 0x220e, 0x220e, 0x220e, 0x220e, 0x220e, 0x220e, 0x220e, 0x220e, 0x220e, 0x220e, 0x220e, 0x220e, 0x222e, 
	0x32af, 0x32af, 0x9df6, 0xb6d9, 0xbed9, 0xbefa, 0xa677, 0x9615, 0x9615, 0x9635, 0x9635, 0x9635, 0x9635, 0x9635, 0x9635, 0x8e14, 
	0x8e14, 0x8e14, 0x85f9, 0x5493, 0x5414, 0x963c, 0xb6fd, 0x7d36, 0x4c54, 0x7579, 0x9e56, 0x9635, 0x9635, 0x9615, 0x8df6, 0x85d6, 
	0x757b, 0x757b, 0x7d7a, 0x7d9b, 0xae9a, 0xb6bb, 0x9636, 0x9615, 0x9635, 0x9635, 0x9615, 0x9636, 0x75b1, 0x650e, 0x54b5, 0x4c54, 
	0x4458, 0x4458, 0x4478, 0x4cda, 0x4cdb, 0x4cdb, 0x5cd6, 0x861a, 0x9e55, 0x9614, 0x8df5, 0x8df5, 0x8e14, 0x7572, 0x5d11, 0x5d11, 
	0x4cda, 0x4cda, 0x4cda, 0x4cda, 0x5d1b, 0x551a, 0x4cb9, 0x54fa, 0xb6ba, 0xbeda, 0x9636, 0x9615, 0x8e14, 0x8e14, 0x9615, 0x9635, 
	0x9635, 0x9615, 0xa638, 0xb6ba, 0xa678, 0x8dd6, 0x8df6, 0x8df6, 0x8df5, 0x9616, 0x9635, 0x9635, 0x9635, 0x8e15, 0x9616, 0xaeb8, 
	0xbefa, 0xa657, 0x8e15, 0x8e15, 0x9635, 0x9615, 0x9635, 0x9635, 0x9635, 0x9635, 0x9635, 0x9635, 0x9635, 0x9635, 0x9635, 0x9635, 
	0x9635, 0x9635, 0x9635, 0x9635, 0x9615, 0x9635, 0x8e15, 0x8e14, 0x8e15, 0x9635, 0x9635, 0x9635, 0x9615, 0x9635, 0x9635, 0x9635, 
	0x9635, 0x9635, 0x9636, 0x9635, 0x9654, 0x7d91, 0x6d2e, 0x85f1, 0x9636, 0x8dd5, 0x7576, 0x7576, 0x7556, 0x85b7, 0xbedd, 0xbedd, 
	0xc6fd, 0xcf1e, 0xf7bf, 0xf7df, 0xcf3e, 0xcf1e, 0x5bf4, 0x328f, 0x3290, 0x3290, 0x2a4f, 0x220e, 0x220e, 0x220e, 0x220e, 0x220e, 
	0x220e, 0x220e, 0x220e, 0x220e, 0x220e, 0x220e, 0x220e, 0x220e, 0x220e, 0x220e, 0x220e, 0x220e, 0x220e, 0x220e, 0x220e, 0x220e, 
	0x220e, 0x220e, 0x220e, 0x220e, 0x220e, 0x220e, 0x220e, 0x220e, 0x220e, 0x220e, 0x220e, 0x220e, 0x220e, 0x220e, 0x220e, 0x220e, 
	0x220e, 0x220e, 0x220e, 0x220e, 0x220e, 0x220e, 0x220e, 0x220e, 0x220e, 0x220e, 0x220e, 0x220e, 0x220e, 0x220e, 0x220e, 0x220e, 
	0x220e, 0x220e, 0x220e, 0x220e, 0x220e, 0x220e, 0x220e, 0x220e, 0x220e, 0x220e, 0x220e, 0x220e, 0x220e, 0x220e, 0x220e, 0x220e, 
	0x220e, 0x220e, 0x220e, 0x220e, 0x220e, 0x220e, 0x220e, 0x220e, 0x220e, 0x220e, 0x220e, 0x220e, 0x220e, 0x220e, 0x220d, 0x224e, 
	0x9e16, 0xb6b9, 0xb6b8, 0xb6d8, 0x9e56, 0x9635, 0x9635, 0x9635, 0x9635, 0x9636, 0x9635, 0x9635, 0x9635, 0x9636, 0x8e33, 0x6d2f, 
	0x654c, 0x654c, 0x6513, 0x4c90, 0x4438, 0x5cfb, 0x6d38, 0x7dda, 0x9615, 0xae98, 0xc71a, 0xb678, 0x8e37, 0x7d95, 0x4457, 0x4457, 
	0x4457, 0x4c78, 0x5d1a, 0x653a, 0x653a, 0x653a, 0x8df6, 0x9637, 0x9635, 0x9635, 0x9635, 0x9656, 0x6d38, 0x4c54, 0x4457, 0x4437, 
	0x4478, 0x4cda, 0x4cda, 0x4cda, 0x4cdb, 0x4cdb, 0x64d6, 0xa6be, 0xbf37, 0x8570, 0x6531, 0x54d0, 0x4457, 0x4457, 0x4457, 0x4457, 
	0x4458, 0x4478, 0x4cb8, 0x655b, 0xbf1c, 0xae9a, 0x54d9, 0x54f9, 0x8e16, 0x9636, 0x9635, 0x9635, 0x756f, 0x652d, 0x85d3, 0x9655, 
	0x9635, 0x9655, 0x6d59, 0x4c55, 0x4c58, 0x4458, 0x4458, 0x4457, 0x5c93, 0x8619, 0x9635, 0x9635, 0x9635, 0x9635, 0x9635, 0x9635, 
	0x9635, 0x9635, 0x9635, 0x9615, 0x9635, 0x9635, 0x9635, 0x9635, 0x9635, 0x9635, 0x9635, 0x9635, 0x9636, 0x9636, 0x9635, 0x9635, 
	0x9635, 0x9636, 0x9635, 0x9635, 0x9635, 0x9636, 0x7dd0, 0x650e, 0x7591, 0x9654, 0x9635, 0x9636, 0x9635, 0x9635, 0x9635, 0x9635, 
	0x9635, 0x9635, 0x9635, 0x9635, 0x9635, 0x9635, 0x9635, 0x9635, 0x9635, 0x9635, 0x9636, 0x8df5, 0x7576, 0x7576, 0x7576, 0x7db7, 
	0xc6fd, 0xcf1e, 0xcf1e, 0xcefe, 0xc6fd, 0xcf1e, 0xc6dd, 0xc6fd, 0xb63e, 0xb61d, 0x63f6, 0x19cd, 0x220e, 0x220e, 0x220e, 0x220e, 
	0x220e, 0x220e, 0x220e, 0x220e, 0x220e, 0x220e, 0x220e, 0x220e, 0x220e, 0x220e, 0x220e, 0x220e, 0x220e, 0x220e, 0x220e, 0x220e, 
	0x220e, 0x220e, 0x220e, 0x220e, 0x220e, 0x220e, 0x220e, 0x220e, 0x220e, 0x220e, 0x220e, 0x220e, 0x220e, 0x220e, 0x220e, 0x220e, 
	0x220e, 0x220e, 0x220e, 0x220e, 0x220e, 0x220e, 0x220e, 0x220e, 0x220e, 0x220e, 0x220e, 0x220e, 0x220e, 0x220e, 0x220e, 0x220e, 
	0x220e, 0x220e, 0x220e, 0x220e, 0x220e, 0x220e, 0x220e, 0x220e, 0x220e, 0x220e, 0x220e, 0x220e, 0x220e, 0x220e, 0x220e, 0x220e, 
	0x220e, 0x220e, 0x220e, 0x220e, 0x220e, 0x220e, 0x220e, 0x220e, 0x220e, 0x220e, 0x220e, 0x220e, 0x220e, 0x220e, 0x1a0d, 0x224e, 
	0xa637, 0xb6d9, 0xb6b8, 0xb6b8, 0x9e56, 0x9615, 0x9635, 0x9635, 0x9635, 0x9635, 0x9635, 0x9635, 0x9635, 0x9636, 0x8e33, 0x6d0f, 
	0x654c, 0x6d6d, 0x6533, 0x54b1, 0x4458, 0x5cfa, 0x6518, 0x7dba, 0x9615, 0xa698, 0xc71a, 0xb698, 0x9637, 0x85b5, 0x4c57, 0x4c57, 
	0x4437, 0x4c58, 0x5d1a, 0x651a, 0x5d1a, 0x651a, 0x8df6, 0x8e17, 0x9635, 0x9635, 0x9635, 0x9635, 0x6538, 0x4434, 0x4458, 0x4458, 
	0x4478, 0x54da, 0x4cda, 0x4cda, 0x4cdb, 0x4cdb, 0x64d7, 0x9ebe, 0xbf38, 0x8551, 0x5d11, 0x54b0, 0x4438, 0x4438, 0x4458, 0x4457, 
	0x4458, 0x4c99, 0x5cf8, 0x6d7b, 0xbf1c, 0xae9a, 0x54d9, 0x54f9, 0x8df6, 0x8e17, 0x8e15, 0x8e15, 0x6d6f, 0x650e, 0x85d3, 0x9655, 
	0x9615, 0x9635, 0x6d58, 0x4c34, 0x4457, 0x4c77, 0x4c58, 0x4457, 0x5cb3, 0x8e19, 0x9635, 0x9635, 0x9635, 0x9635, 0x9635, 0x9635, 
	0x9635, 0x9635, 0x9636, 0x9615, 0x9635, 0x9635, 0x9635, 0x9635, 0x9636, 0x9635, 0x9635, 0x9635, 0x9615, 0x9615, 0x9635, 0x9635, 
	0x9635, 0x9635, 0x9635, 0x9635, 0x9635, 0x9636, 0x7dd0, 0x652e, 0x7d91, 0x9654, 0x9636, 0x9636, 0x9635, 0x9635, 0x9635, 0x9635, 
	0x9635, 0x9635, 0x9635, 0x9635, 0x9636, 0x9636, 0x9635, 0x9635, 0x9615, 0x9635, 0x9636, 0x8df5, 0x7576, 0x7576, 0x7556, 0x7d97, 
	0xc6fd, 0xc71d, 0xcf1e, 0xcf1e, 0xc6fd, 0xcf1e, 0xcefe, 0xcf1e, 0xbe5f, 0xbe3e, 0x6416, 0x19cd, 0x220e, 0x220e, 0x220e, 0x220e, 
	0x220e, 0x220e, 0x220e, 0x220e, 0x220e, 0x220e, 0x220e, 0x220e, 0x220e, 0x220e, 0x220e, 0x220e, 0x220e, 0x220e, 0x220e, 0x220e, 
	0x220e, 0x220e, 0x220e, 0x220e, 0x220e, 0x220e, 0x220e, 0x220e, 0x220e, 0x220e, 0x220e, 0x220e, 0x220e, 0x220e, 0x220e, 0x220e, 
	0x220e, 0x220e, 0x220e, 0x220e, 0x220e, 0x220e, 0x220e, 0x220e, 0x220e, 0x220e, 0x220e, 0x220e, 0x220e, 0x220e, 0x220e, 0x220e, 
	0x220e, 0x220e, 0x220e, 0x220e, 0x220e, 0x220e, 0x220e, 0x220e, 0x220e, 0x220e, 0x220e, 0x220e, 0x220e, 0x220e, 0x220e, 0x220e, 
	0x220e, 0x220e, 0x220e, 0x220e, 0x220e, 0x220e, 0x220e, 0x220e, 0x220e, 0x220e, 0x220e, 0x220e, 0x220e, 0x220e, 0x1a0d, 0x224e, 
	0xa637, 0xb6d9, 0x9e56, 0x9635, 0x9635, 0x9635, 0x9635, 0x9635, 0x9635, 0x9636, 0x9635, 0x9635, 0x9635, 0x9635, 0x7dd9, 0x5473, 
	0x5c74, 0xa6bc, 0xb6f8, 0x9e15, 0x85f9, 0x7556, 0x5d1b, 0x653b, 0x6d37, 0x7dda, 0x9e36, 0xa677, 0xbf1a, 0xb698, 0x8df7, 0x7db5, 
	0x4457, 0x4c57, 0x5d1a, 0x651a, 0x651a, 0x651a, 0x653a, 0x653a, 0x8df6, 0x9637, 0x7daf, 0x6d4e, 0x54b5, 0x4454, 0x4479, 0x4cda, 
	0x4cda, 0x4cda, 0x4cda, 0x4cda, 0x4cda, 0x4cda, 0x4cda, 0x551b, 0x5d1a, 0x4c77, 0x4457, 0x4c98, 0x4cda, 0x4cda, 0x4cda, 0x4cda, 
	0x54b8, 0x6d7b, 0xbefa, 0xb699, 0x9637, 0x8df6, 0x4c57, 0x4c57, 0x54fa, 0x54fa, 0x4c98, 0x4c77, 0x4c56, 0x4456, 0x7d94, 0x9657, 
	0x6d38, 0x5475, 0x54d0, 0x5d11, 0x7551, 0x8e34, 0x8df6, 0x8df6, 0x9df6, 0xb6fa, 0xb6f9, 0x9e16, 0x9635, 0x9635, 0x9635, 0x9635, 
	0x9635, 0x9635, 0x9636, 0x9615, 0x9635, 0x9635, 0x9635, 0x9635, 0x9635, 0x9635, 0x9635, 0x8e15, 0x6d4e, 0x6d4e, 0x8e14, 0x9635, 
	0x9635, 0x9636, 0x9635, 0x9635, 0x9635, 0x9636, 0x9615, 0x8e15, 0x9615, 0x9635, 0x9635, 0x9635, 0x9635, 0x9635, 0x9635, 0x9635, 
	0x9635, 0x9635, 0x9635, 0x9635, 0x9636, 0x9636, 0x9655, 0x7db2, 0x652e, 0x7dd0, 0x9636, 0x9635, 0x8e16, 0x8df5, 0x7556, 0x7d77, 
	0x9dfb, 0x9e3b, 0xefbf, 0xf7ff, 0xcf1e, 0xcefd, 0xc6fd, 0xcf1e, 0xbe5e, 0xb63e, 0x6416, 0x19cd, 0x220e, 0x220e, 0x220e, 0x220e, 
	0x220e, 0x220e, 0x220e, 0x220e, 0x220e, 0x220e, 0x220e, 0x220e, 0x220e, 0x220e, 0x220e, 0x220e, 0x220e, 0x220e, 0x220e, 0x220e, 
	0x220e, 0x220e, 0x220e, 0x220e, 0x220e, 0x220e, 0x220e, 0x220e, 0x220e, 0x220e, 0x220e, 0x220e, 0x220e, 0x220e, 0x220e, 0x220e, 
	0x220e, 0x220e, 0x220e, 0x220e, 0x220e, 0x220e, 0x220e, 0x220e, 0x220e, 0x220e, 0x220e, 0x220e, 0x220e, 0x220e, 0x220e, 0x220e, 
	0x220e, 0x220e, 0x220e, 0x220e, 0x220e, 0x220e, 0x220e, 0x220e, 0x220e, 0x220e, 0x220e, 0x220e, 0x220e, 0x220e, 0x220e, 0x220e, 
	0x220e, 0x220e, 0x220e, 0x220e, 0x220e, 0x220e, 0x220e, 0x220e, 0x220e, 0x220e, 0x220e, 0x220e, 0x220e, 0x220e, 0x220d, 0x2a4e, 
	0xa637, 0xb6d9, 0x9636, 0x9615, 0x9635, 0x9635, 0x9635, 0x9635, 0x9635, 0x9635, 0x9635, 0x9635, 0x9635, 0x9635, 0x7dda, 0x4c54, 
	0x5c54, 0xaede, 0xc719, 0xa635, 0x8e39, 0x7576, 0x5d1b, 0x5d1b, 0x6518, 0x75ba, 0x9615, 0xa677, 0xc71a, 0xb6b9, 0x9637, 0x85d5, 
	0x4457, 0x4c57, 0x5d1a, 0x653a, 0x651a, 0x653a, 0x651a, 0x5d1a, 0x85d6, 0x9637, 0x75af, 0x652d, 0x54b5, 0x4453, 0x4479, 0x54db, 
	0x4cda, 0x4cfa, 0x4cda, 0x4cda, 0x4cda, 0x4cda, 0x4cdb, 0x4cda, 0x4cba, 0x4479, 0x4458, 0x4c99, 0x4cfb, 0x4cda, 0x4cdb, 0x4cda, 
	0x54b8, 0x75bc, 0xcf3a, 0xbeb9, 0x9636, 0x85d5, 0x4457, 0x4457, 0x4cda, 0x4cda, 0x4458, 0x4438, 0x4457, 0x4437, 0x7d95, 0x9658, 
	0x6518, 0x4415, 0x54cf, 0x6531, 0x7570, 0x9654, 0x9635, 0x9635, 0xa636, 0xbf1a, 0xbf1a, 0x9e16, 0x9635, 0x9635, 0x9635, 0x9635, 
	0x9635, 0x9635, 0x9635, 0x9635, 0x9635, 0x9635, 0x9635, 0x9635, 0x9636, 0x9636, 0x9635, 0x8e14, 0x654d, 0x654d, 0x8e14, 0x9635, 
	0x9635, 0x9635, 0x9635, 0x9635, 0x9635, 0x9635, 0x9635, 0x9636, 0x9635, 0x9635, 0x9635, 0x9635, 0x9635, 0x9635, 0x9635, 0x9635, 
	0x9635, 0x9635, 0x9635, 0x9635, 0x9636, 0x9636, 0x9654, 0x7d92, 0x650d, 0x75b0, 0x9636, 0x9635, 0x9636, 0x8e15, 0x7556, 0x7d77, 
	0x95da, 0x9e1b, 0xf7df, 0xffff, 0xd73e, 0xcefd, 0xcefe, 0xcf1e, 0xbe5e, 0xbe3e, 0x6416, 0x21ed, 0x222e, 0x222e, 0x222e, 0x222e, 
	0x222e, 0x222e, 0x222e, 0x222e, 0x222e, 0x222e, 0x222e, 0x220e, 0x220e, 0x220e, 0x220e, 0x220e, 0x220e, 0x220e, 0x220e, 0x220e, 
	0x220e, 0x220e, 0x220e, 0x220e, 0x220e, 0x220e, 0x220e, 0x220e, 0x220e, 0x220e, 0x220e, 0x220e, 0x220e, 0x220e, 0x220e, 0x220e, 
	0x220e, 0x220e, 0x220e, 0x220e, 0x220e, 0x220e, 0x220e, 0x220e, 0x220e, 0x220e, 0x220e, 0x220e, 0x220e, 0x220e, 0x220e, 0x220e, 
	0x220e, 0x220e, 0x220e, 0x220e, 0x220e, 0x220e, 0x220e, 0x220e, 0x220e, 0x220e, 0x220e, 0x220e, 0x220e, 0x220e, 0x220e, 0x220e, 
	0x220e, 0x220e, 0x220e, 0x220e, 0x220e, 0x220e, 0x220e, 0x220e, 0x220e, 0x220e, 0x220e, 0x220e, 0x1a0d, 0x2a6e, 0x7d31, 0x8572, 
	0xae97, 0xb6d8, 0x9e56, 0x9615, 0x9635, 0x9635, 0x9635, 0x9635, 0x9635, 0x9635, 0x9635, 0x9636, 0x8e12, 0x754f, 0x6535, 0x4c72, 
	0x4c57, 0x6d5b, 0x757a, 0x5cb7, 0x5498, 0x4c77, 0x4c75, 0x6d79, 0x8e18, 0x7d96, 0x6d5a, 0x6519, 0x5cd8, 0x5cb7, 0x5497, 0x5497, 
	0x4457, 0x4c58, 0x5d1a, 0x651a, 0x651a, 0x651a, 0x651a, 0x653a, 0x5d1a, 0x5d1a, 0x654f, 0x654f, 0x54b5, 0x4c53, 0x4479, 0x4cdb, 
	0x4cda, 0x4cfa, 0x4cda, 0x4cda, 0x4cda, 0x4cda, 0x4cda, 0x4cda, 0x4cda, 0x4cda, 0x4cda, 0x4cda, 0x4cfa, 0x4cda, 0x4cfa, 0x4cda, 
	0x4cda, 0x54fb, 0x6539, 0x6d7a, 0x9637, 0x85f5, 0x4457, 0x4457, 0x4cda, 0x4cfa, 0x7db6, 0x85d7, 0x85d5, 0x85d6, 0x7590, 0x6d6f, 
	0x54b6, 0x4434, 0x6d13, 0x85f7, 0x8e14, 0x9635, 0x9635, 0x9635, 0x9636, 0x9e56, 0x9e56, 0x9636, 0x9635, 0x9635, 0x9635, 0x9635, 
	0x9635, 0x9635, 0x9635, 0x9635, 0x9635, 0x9635, 0x9635, 0x9635, 0x9635, 0x9635, 0x9635, 0x9635, 0x8df4, 0x8df4, 0x9635, 0x9635, 
	0x9635, 0x9635, 0x9635, 0x9635, 0x9635, 0x9635, 0x9635, 0x9635, 0x9635, 0x9635, 0x9635, 0x9635, 0x9635, 0x9635, 0x9635, 0x9635, 
	0x9635, 0x9635, 0x9635, 0x9635, 0x9635, 0x9635, 0x9635, 0x8e15, 0x8df4, 0x8e14, 0x9635, 0x9635, 0x9636, 0x9616, 0x8dd8, 0x8dd8, 
	0x7d77, 0x7d97, 0xcf1d, 0xd75e, 0xcefe, 0xcf1e, 0xc6fd, 0xcf1e, 0xc6dd, 0xc6fe, 0xb67c, 0xae1b, 0xbe7a, 0xd71d, 0xd6dc, 0xdefc, 
	0xc6dd, 0xb61a, 0xae3b, 0xae3b, 0xae1c, 0x9d7a, 0x957b, 0x3ab1, 0x1a0d, 0x220e, 0x220e, 0x220e, 0x220e, 0x220e, 0x220e, 0x220e, 
	0x220e, 0x220e, 0x220e, 0x220e, 0x220e, 0x220e, 0x220e, 0x220e, 0x220e, 0x220e, 0x220e, 0x220e, 0x220e, 0x220e, 0x220e, 0x220e, 
	0x220e, 0x220e, 0x220e, 0x220e, 0x220e, 0x220e, 0x220e, 0x220e, 0x220e, 0x220e, 0x220e, 0x220e, 0x220e, 0x220e, 0x220e, 0x220e, 
	0x220e, 0x220e, 0x220e, 0x220e, 0x220e, 0x220e, 0x220e, 0x220e, 0x220e, 0x220e, 0x220e, 0x220e, 0x220e, 0x220e, 0x220e, 0x220e, 
	0x220e, 0x220e, 0x220e, 0x220e, 0x220e, 0x220e, 0x220e, 0x220e, 0x220e, 0x220e, 0x220e, 0x220e, 0x1a0d, 0x2a8e, 0x8df2, 0x9e33, 
	0xaeb7, 0xb6d8, 0x9e56, 0x9615, 0x9635, 0x9635, 0x9635, 0x9635, 0x9635, 0x9636, 0x9636, 0x9636, 0x8611, 0x6d2d, 0x5cf3, 0x4c71, 
	0x4458, 0x5cfb, 0x5d1b, 0x4458, 0x4438, 0x4438, 0x4433, 0x7578, 0x9658, 0x7d95, 0x5d1b, 0x54b9, 0x4417, 0x4437, 0x4437, 0x4437, 
	0x4437, 0x4c58, 0x5d1a, 0x653a, 0x651a, 0x653a, 0x653a, 0x653a, 0x4cfb, 0x4cda, 0x5d2f, 0x654f, 0x54b4, 0x4c53, 0x4479, 0x54db, 
	0x4cda, 0x4cfa, 0x4cda, 0x4cda, 0x4cda, 0x4cda, 0x4cfa, 0x4cda, 0x4cda, 0x4cda, 0x4cfa, 0x4cda, 0x4cfa, 0x4cda, 0x4cfa, 0x4cda, 
	0x4cdb, 0x4cda, 0x4cb8, 0x551a, 0x9637, 0x85d5, 0x4437, 0x4437, 0x4cda, 0x54fa, 0x8e16, 0x9637, 0x9635, 0x9655, 0x75af, 0x652d, 
	0x4cb5, 0x4434, 0x6d14, 0x9639, 0x9635, 0x9635, 0x9635, 0x9635, 0x9635, 0x9635, 0x9635, 0x9635, 0x9635, 0x9635, 0x9635, 0x9635, 
	0x9635, 0x9635, 0x9635, 0x9635, 0x9635, 0x9635, 0x9635, 0x9635, 0x9635, 0x9635, 0x9635, 0x9635, 0x9636, 0x9636, 0x9636, 0x9636, 
	0x9635, 0x9635, 0x9635, 0x9635, 0x9635, 0x9635, 0x9635, 0x9636, 0x9635, 0x9635, 0x9635, 0x9635, 0x9635, 0x9635, 0x9635, 0x9635, 
	0x9635, 0x9635, 0x9635, 0x9635, 0x9635, 0x9635, 0x9636, 0x9636, 0x9636, 0x9636, 0x9635, 0x9635, 0x9636, 0x9616, 0x95f9, 0x8dd9, 
	0x7556, 0x7d76, 0xc6fd, 0xc71e, 0xcefe, 0xcf1e, 0xcefe, 0xcf1e, 0xcefe, 0xcf1e, 0xcf1e, 0xcf3e, 0xe77e, 0xffff, 0xffff, 0xffff, 
	0xf7ff, 0xd71d, 0xcf3e, 0xcf3e, 0xceff, 0xbe5d, 0xb63f, 0x42d1, 0x1a0d, 0x1a2e, 0x220e, 0x220e, 0x220e, 0x220e, 0x220e, 0x220e, 
	0x220e, 0x220e, 0x220e, 0x220e, 0x220e, 0x220e, 0x220e, 0x220e, 0x220e, 0x220e, 0x220e, 0x220e, 0x220e, 0x220e, 0x220e, 0x220e, 
	0x220e, 0x220e, 0x220e, 0x220e, 0x220e, 0x220e, 0x220e, 0x220e, 0x220e, 0x220e, 0x220e, 0x220e, 0x220e, 0x220e, 0x220e, 0x220e, 
	0x220e, 0x220e, 0x220e, 0x220e, 0x220e, 0x220e, 0x220e, 0x220e, 0x220e, 0x220e, 0x220e, 0x220e, 0x220e, 0x220e, 0x220e, 0x220e, 
	0x220e, 0x220e, 0x220e, 0x220e, 0x220e, 0x220e, 0x220e, 0x220e, 0x220e, 0x220e, 0x220e, 0x220e, 0x1a0d, 0x2a8f, 0xa656, 0xae97, 
	0x9e56, 0x9e56, 0x9636, 0x9635, 0x9635, 0x9635, 0x9635, 0x9635, 0x9615, 0x9636, 0x85f2, 0x7570, 0x6533, 0x54b1, 0x4c77, 0x4456, 
	0x4c58, 0x5d1a, 0x5d1b, 0x5cda, 0x64d7, 0x85fc, 0xa658, 0x9e17, 0x9636, 0x8e15, 0x85f9, 0x7577, 0x5cd8, 0x6519, 0x7db7, 0x7576, 
	0x5cf9, 0x5cf9, 0x5d1a, 0x5d1a, 0x54da, 0x54da, 0x54fa, 0x54fa, 0x4cda, 0x4cda, 0x54f7, 0x5d18, 0x54b7, 0x4456, 0x4499, 0x4cda, 
	0x4cda, 0x4cda, 0x4cda, 0x4cda, 0x4cda, 0x4cda, 0x4cda, 0x54fb, 0x5cfa, 0x5cfa, 0x5d1a, 0x5cfa, 0x5d1b, 0x5cfa, 0x5cf8, 0x75bb, 
	0xa67c, 0x8dd9, 0x5cd8, 0x6d7b, 0xb6d9, 0xae98, 0x7db7, 0x7d96, 0x4c97, 0x4c77, 0x8df6, 0x9637, 0x9635, 0x9636, 0x6535, 0x4c73, 
	0x6d35, 0x7db7, 0x85d5, 0x9636, 0x9635, 0x9635, 0x9635, 0x9635, 0x9635, 0x9635, 0x9635, 0x9635, 0x9635, 0x9635, 0x9635, 0x9635, 
	0x9635, 0x9635, 0x9636, 0x9615, 0x9636, 0x9635, 0x9636, 0x9635, 0x9635, 0x9635, 0x9635, 0x9635, 0x9635, 0x9635, 0x9635, 0x9635, 
	0x9635, 0x9636, 0x9635, 0x9635, 0x9635, 0x9636, 0x9615, 0x9636, 0x9635, 0x9635, 0xa637, 0xb6d9, 0xaeb8, 0x9e16, 0x9635, 0x9635, 
	0x9635, 0x9635, 0x9635, 0x9635, 0x9636, 0x9635, 0x9636, 0x9635, 0x9636, 0x9636, 0x9635, 0x9635, 0x9636, 0x9635, 0x9617, 0x8df6, 
	0x7576, 0x7576, 0x9e3b, 0xa63c, 0xc6dd, 0xc71e, 0xbe5e, 0xb63d, 0xbebd, 0xcefe, 0xdf5d, 0xefbf, 0xe79f, 0xdf3e, 0xd73e, 0xd75e, 
	0xcf3e, 0xcefd, 0xd71d, 0xefbf, 0xef9f, 0xbe3c, 0xae1e, 0x42d1, 0x1a0d, 0x1a2e, 0x220e, 0x220e, 0x220e, 0x220e, 0x220e, 0x220e, 
	0x220e, 0x220e, 0x220e, 0x220e, 0x220e, 0x220e, 0x220e, 0x220e, 0x220e, 0x220e, 0x220e, 0x220e, 0x220e, 0x220e, 0x220e, 0x220e, 
	0x220e, 0x220e, 0x220e, 0x220e, 0x220e, 0x220e, 0x220e, 0x220e, 0x220e, 0x220e, 0x220e, 0x220e, 0x220e, 0x220e, 0x220e, 0x220e, 
	0x220e, 0x220e, 0x220e, 0x220e, 0x220e, 0x220e, 0x220e, 0x220e, 0x220e, 0x220e, 0x220e, 0x220e, 0x220e, 0x220e, 0x220e, 0x220e, 
	0x220e, 0x220e, 0x220e, 0x220e, 0x220e, 0x220e, 0x220e, 0x220e, 0x220e, 0x220e, 0x220e, 0x220e, 0x1a0d, 0x328f, 0xae78, 0xb6d9, 
	0x9636, 0x9615, 0x8e15, 0x8e15, 0x9635, 0x9635, 0x9635, 0x9635, 0x9635, 0x9636, 0x85f0, 0x650d, 0x54d4, 0x4452, 0x4438, 0x4438, 
	0x4c57, 0x5d1a, 0x651b, 0x651b, 0x7517, 0xa6be, 0xcf5a, 0xae77, 0x9635, 0x9635, 0x9638, 0x85b6, 0x6518, 0x6d7a, 0x9657, 0x8e16, 
	0x653a, 0x653a, 0x653a, 0x651a, 0x4cfa, 0x4cda, 0x4cda, 0x4cda, 0x4cda, 0x4cfa, 0x54fb, 0x551b, 0x4c99, 0x4437, 0x4499, 0x54da, 
	0x4cfa, 0x4cfa, 0x4cda, 0x4cda, 0x4cda, 0x4cda, 0x54da, 0x5d3b, 0x651a, 0x651a, 0x653a, 0x651a, 0x651b, 0x5d1b, 0x6cf8, 0x8e1c, 
	0xcf5d, 0xae59, 0x64f9, 0x7d9b, 0xc71b, 0xbeda, 0x9656, 0x9615, 0x4c76, 0x4c56, 0x85f5, 0x9637, 0x9635, 0x9656, 0x5cd9, 0x43f5, 
	0x7554, 0x9658, 0x9635, 0x9635, 0x9635, 0x9635, 0x9635, 0x9635, 0x9635, 0x9635, 0x9635, 0x9635, 0x9635, 0x9615, 0x9615, 0x9635, 
	0x9635, 0x9635, 0x9635, 0x9635, 0x9635, 0x9635, 0x9635, 0x9635, 0x9635, 0x9635, 0x9635, 0x9635, 0x9635, 0x9635, 0x9635, 0x9635, 
	0x9635, 0x9635, 0x9635, 0x9635, 0x9635, 0x9635, 0x9635, 0x9635, 0x9635, 0x9635, 0xa657, 0xc73b, 0xbefa, 0x9e16, 0x9635, 0x9635, 
	0x9635, 0x9635, 0x9635, 0x9635, 0x9635, 0x9635, 0x9635, 0x9635, 0x9635, 0x9635, 0x9635, 0x9635, 0x9635, 0x9635, 0x9636, 0x8e15, 
	0x7576, 0x7576, 0x8dda, 0x95fb, 0xc6dd, 0xcf3e, 0xb61e, 0xaddd, 0xbe9d, 0xceff, 0xef7d, 0xffff, 0xe7bf, 0xcefc, 0xc6fe, 0xcf1e, 
	0xc71e, 0xcf1e, 0xdf3c, 0xffff, 0xffff, 0xc63b, 0xae1e, 0x3ab1, 0x11cc, 0x19ed, 0x19ed, 0x1a0e, 0x220e, 0x220e, 0x220e, 0x1a0d, 
	0x11cd, 0x11ed, 0x19ed, 0x19ed, 0x220e, 0x220e, 0x220e, 0x220e, 0x220e, 0x220e, 0x220e, 0x220e, 0x220e, 0x220e, 0x220e, 0x220e, 
	0x220e, 0x220e, 0x220e, 0x220e, 0x220e, 0x220e, 0x220e, 0x220e, 0x220e, 0x220e, 0x220e, 0x220e, 0x220e, 0x220e, 0x220e, 0x220e, 
	0x220e, 0x220e, 0x220e, 0x220e, 0x220e, 0x220e, 0x220e, 0x220e, 0x220e, 0x220e, 0x220e, 0x220e, 0x220e, 0x220e, 0x220e, 0x220e, 
	0x220e, 0x220e, 0x220e, 0x220e, 0x220e, 0x220e, 0x220e, 0x220e, 0x220e, 0x220e, 0x220e, 0x220e, 0x1a0d, 0x328f, 0xae78, 0xb6b9, 
	0x9636, 0x9615, 0xae98, 0xaeb8, 0x9e56, 0x9615, 0x9635, 0x9635, 0x9615, 0x9636, 0x8e14, 0x85d3, 0x7db5, 0x7d94, 0x6d39, 0x4c55, 
	0x4458, 0x54da, 0x54fa, 0x54fa, 0x54d9, 0x6d7b, 0x85b8, 0x85f9, 0x9635, 0x9635, 0x9636, 0x8df5, 0x85b6, 0x85d7, 0x9637, 0x85d5, 
	0x4c98, 0x5498, 0x54da, 0x54da, 0x4cda, 0x4cda, 0x4cda, 0x4cda, 0x4cda, 0x4cda, 0x4cda, 0x54fa, 0x4cb9, 0x4c99, 0x4cba, 0x4cda, 
	0x4cda, 0x4cda, 0x4cda, 0x54fb, 0x5cfa, 0x5cfa, 0x5cfa, 0x5d1a, 0x651a, 0x5d1a, 0x651a, 0x5d1a, 0x5d1b, 0x5d1a, 0x6518, 0x7dba, 
	0xa699, 0x8dd6, 0x5477, 0x6d3a, 0xc71b, 0xbeda, 0x9636, 0x8df6, 0x4c77, 0x4c56, 0x85d6, 0x9637, 0x9615, 0x9635, 0x7db6, 0x7555, 
	0x85d5, 0x9636, 0x9615, 0x9635, 0x9615, 0x9635, 0x9635, 0x9635, 0x9635, 0x9635, 0x9635, 0x9635, 0x9616, 0xa698, 0xaeb8, 0x9e36, 
	0x9615, 0x9635, 0x9635, 0x9615, 0x9635, 0x9615, 0x9635, 0x9635, 0x9636, 0x9635, 0x9636, 0x9635, 0x9636, 0x9636, 0x9635, 0x9636, 
	0x9635, 0x9635, 0x9635, 0x9635, 0x9635, 0x9635, 0x9615, 0x9635, 0x9635, 0x9635, 0x9e36, 0xa677, 0xa677, 0x9616, 0x9636, 0x9636, 
	0x9635, 0x9635, 0x9636, 0x9636, 0x9636, 0x9635, 0x9636, 0x9635, 0x9636, 0x9636, 0x9635, 0x9635, 0x9635, 0x9635, 0x9636, 0x8e15, 
	0x7576, 0x7576, 0x95db, 0x95fb, 0xb63d, 0xb65e, 0xbe7d, 0xbe9e, 0xc6dd, 0xcefe, 0xd73d, 0xdf7e, 0xcf3e, 0xcf1d, 0xc6be, 0xbe7d, 
	0xbe3e, 0xbe5e, 0xbe7c, 0xd75f, 0xd75f, 0xc6bd, 0xbe9e, 0x9579, 0x8d18, 0x7cb7, 0x7cb8, 0x4b12, 0x1a0d, 0x1a2e, 0x21ec, 0x4b72, 
	0xadd9, 0xa598, 0x8d38, 0x7cb6, 0x222e, 0x220e, 0x220e, 0x220e, 0x220e, 0x220e, 0x220e, 0x220e, 0x220e, 0x220e, 0x220e, 0x220e, 
	0x220e, 0x220e, 0x220e, 0x220e, 0x220e, 0x220e, 0x220e, 0x220e, 0x220e, 0x220e, 0x220e, 0x220e, 0x220e, 0x220e, 0x220e, 0x220e, 
	0x220e, 0x220e, 0x220e, 0x220e, 0x220e, 0x220e, 0x220e, 0x220e, 0x220e, 0x220e, 0x220e, 0x220e, 0x220e, 0x220e, 0x220e, 0x220e, 
	0x220e, 0x220e, 0x220e, 0x220e, 0x220e, 0x220e, 0x220e, 0x220e, 0x220e, 0x220e, 0x220e, 0x220e, 0x19cd, 0x2a6f, 0xae78, 0xb6d9, 
	0x9636, 0x9615, 0xbed9, 0xcf3b, 0xa677, 0x9615, 0x9635, 0x9635, 0x9635, 0x9635, 0x9636, 0x9636, 0x9655, 0x9e55, 0x85fa, 0x5453, 
	0x3c59, 0x4cda, 0x4cdb, 0x4cda, 0x4cdb, 0x44bb, 0x54b7, 0x6dba, 0x9635, 0x9635, 0x9635, 0x9635, 0x9635, 0x9635, 0x9637, 0x85b5, 
	0x4437, 0x4438, 0x4cda, 0x4cda, 0x4cda, 0x4cfa, 0x4cfa, 0x4cfa, 0x4cda, 0x4cfa, 0x4cda, 0x4cfa, 0x4cda, 0x4cfb, 0x4cfa, 0x4cfa, 
	0x4cda, 0x4cda, 0x54da, 0x5d3b, 0x651a, 0x651a, 0x653a, 0x653a, 0x653a, 0x651a, 0x653a, 0x651a, 0x651b, 0x5d1b, 0x6538, 0x7599, 
	0x9657, 0x7d94, 0x43f5, 0x64f9, 0xcf3b, 0xc6fa, 0x9636, 0x8df6, 0x4c57, 0x4436, 0x85d6, 0x9637, 0x9635, 0x9635, 0x9635, 0x9655, 
	0x9635, 0x9635, 0x9635, 0x9635, 0x9635, 0x9635, 0x9635, 0x9635, 0x9635, 0x9635, 0x9635, 0x9635, 0x9e16, 0xbefa, 0xc73b, 0xa637, 
	0x9635, 0x9635, 0x9635, 0x9615, 0x9615, 0x9615, 0x9635, 0x9635, 0x9635, 0x9635, 0x9635, 0x9635, 0x9635, 0x9635, 0x9635, 0x9635, 
	0x9635, 0x9635, 0x9635, 0x9635, 0x9635, 0x9635, 0x9635, 0x9635, 0x9635, 0x9635, 0x9635, 0x9615, 0x9615, 0x9635, 0x9635, 0x9635, 
	0x9635, 0x9635, 0x9636, 0x9636, 0x9635, 0x9635, 0x9635, 0x9635, 0x9635, 0x9635, 0x9635, 0x9635, 0x9635, 0x9635, 0x9636, 0x8e15, 
	0x7576, 0x7576, 0x95fb, 0x95fb, 0xadde, 0xadfe, 0xc6dd, 0xcf3f, 0xcf1d, 0xcf3e, 0xc71e, 0xcf1e, 0xc71d, 0xcf3e, 0xc6bf, 0xb61d, 
	0xb5de, 0xb5de, 0xb63d, 0xceff, 0xcf1d, 0xcf3d, 0xcf3e, 0xcf3e, 0xd75f, 0xc69d, 0xbe7f, 0x63b5, 0x19ed, 0x1a2e, 0x19cb, 0x7455, 
	0xffff, 0xffff, 0xd77f, 0xbe7c, 0x222e, 0x220d, 0x220e, 0x220e, 0x220e, 0x220e, 0x220e, 0x220e, 0x220e, 0x220e, 0x220e, 0x220e, 
	0x220e, 0x220e, 0x220e, 0x220e, 0x220e, 0x220e, 0x220e, 0x220e, 0x220e, 0x220e, 0x220e, 0x220e, 0x220e, 0x220e, 0x220e, 0x220e, 
	0x220e, 0x220e, 0x220e, 0x220e, 0x220e, 0x220e, 0x220e, 0x220e, 0x220e, 0x220e, 0x220e, 0x220e, 0x220e, 0x220e, 0x220e, 0x220e, 
	0x220e, 0x220e, 0x220e, 0x220e, 0x220e, 0x220e, 0x220e, 0x220e, 0x220e, 0x220e, 0x1a0d, 0x2a8e, 0x5c10, 0x6471, 0xae98, 0xb6b8, 
	0x9636, 0x9615, 0xa677, 0xae98, 0x9e56, 0x9615, 0x9635, 0x9635, 0x9615, 0x9635, 0x9615, 0x9635, 0x9635, 0x9635, 0x85f5, 0x5cd1, 
	0x4cb6, 0x4cb5, 0x4499, 0x4cba, 0x4cdb, 0x4cdb, 0x54d7, 0x75ba, 0x9635, 0x9635, 0x9635, 0x9615, 0x9635, 0x9635, 0x9636, 0x85d4, 
	0x54b3, 0x54d3, 0x4cda, 0x4cda, 0x4cda, 0x4cda, 0x4cda, 0x4cda, 0x4cda, 0x4cda, 0x4cda, 0x4cda, 0x4cda, 0x4cda, 0x4cda, 0x4cda, 
	0x4cda, 0x54fa, 0x5cfa, 0x5d1a, 0x5d1a, 0x5d1a, 0x651a, 0x651a, 0x5d1a, 0x5d1a, 0x651a, 0x5d1a, 0x651b, 0x5d1a, 0x6519, 0x6d5a, 
	0x7db9, 0x6d57, 0x5498, 0x64fa, 0x961a, 0x95fa, 0x9616, 0x8e16, 0x7556, 0x6d56, 0x8df5, 0x9636, 0x9615, 0x9635, 0x9635, 0x9635, 
	0x9635, 0x9635, 0x9615, 0x9635, 0x9615, 0x9635, 0x9615, 0x9635, 0x9635, 0x9635, 0x9635, 0x9635, 0x9615, 0xa677, 0xa698, 0x9e36, 
	0x9615, 0x9635, 0x9615, 0x9e56, 0xaeb8, 0xa657, 0x9615, 0x9635, 0x9635, 0x9635, 0x9636, 0x9636, 0x9636, 0x9636, 0x9636, 0x9636, 
	0x9635, 0x9635, 0x9635, 0x9635, 0x9635, 0x9635, 0x9615, 0x9635, 0x9635, 0x9635, 0x9635, 0x9635, 0x9635, 0x9635, 0x9635, 0x9635, 
	0x9634, 0x85b2, 0x7db2, 0x8e14, 0x9636, 0x9635, 0x9635, 0x9635, 0x9635, 0x9635, 0x9635, 0x9635, 0x9635, 0x9635, 0x9636, 0x8e15, 
	0x7576, 0x7576, 0x8598, 0x85b8, 0xaddd, 0xadfe, 0xbe5d, 0xbe7e, 0xbe7e, 0xbe7e, 0xbe7e, 0xbe7e, 0xbe7d, 0xbe9e, 0xbe3e, 0xadfd, 
	0xadde, 0xb5de, 0xb61d, 0xbe5f, 0xbe7e, 0xbe7d, 0xbe7d, 0xbe7d, 0xbe7e, 0xb61d, 0xb63f, 0x6395, 0x19ed, 0x1a2e, 0x19ec, 0x5bd4, 
	0xdeff, 0xcebe, 0xbe9e, 0xa5bb, 0x222e, 0x220e, 0x220e, 0x220e, 0x220e, 0x220e, 0x220e, 0x220e, 0x220e, 0x220e, 0x220e, 0x220e, 
	0x220e, 0x220e, 0x220e, 0x220e, 0x220e, 0x220e, 0x220e, 0x220e, 0x220e, 0x220e, 0x220e, 0x220e, 0x220e, 0x220e, 0x220e, 0x220e, 
	0x220e, 0x220e, 0x220e, 0x220e, 0x220e, 0x220e, 0x220e, 0x220e, 0x220e, 0x220e, 0x220e, 0x220e, 0x220e, 0x220e, 0x220e, 0x220e, 
	0x220e, 0x220e, 0x220e, 0x220e, 0x220e, 0x220e, 0x220e, 0x220e, 0x220e, 0x220e, 0x1a0c, 0x3aef, 0x9633, 0x9e53, 0xb6d8, 0xb6d8, 
	0x9636, 0x9615, 0x8e15, 0x8e15, 0x9635, 0x9635, 0x9635, 0x9635, 0x9635, 0x9635, 0x9635, 0x9635, 0x9636, 0x9636, 0x8e31, 0x6d2d, 
	0x5cf2, 0x4c70, 0x3c38, 0x4cba, 0x4cfb, 0x44db, 0x54b7, 0x6dba, 0x9635, 0x9635, 0x9635, 0x9635, 0x9636, 0x9636, 0x9655, 0x8df3, 
	0x652e, 0x652d, 0x4cda, 0x4cda, 0x4cdb, 0x4cdb, 0x4cda, 0x4cfa, 0x4cda, 0x4cfa, 0x4cda, 0x4cfa, 0x4cda, 0x4cfa, 0x4cda, 0x4cda, 
	0x54da, 0x5d3b, 0x651a, 0x653a, 0x651a, 0x653a, 0x653a, 0x653a, 0x653a, 0x651a, 0x653a, 0x651a, 0x653a, 0x651a, 0x651b, 0x5d1a, 
	0x5d1a, 0x5d1b, 0x653b, 0x5d1a, 0x5cf9, 0x651a, 0x9636, 0x9636, 0x9655, 0x9655, 0x9636, 0x9636, 0x9635, 0x9636, 0x9636, 0x9636, 
	0x9635, 0x9635, 0x9635, 0x9635, 0x9635, 0x9635, 0x9635, 0x9635, 0x9635, 0x9635, 0x9635, 0x9635, 0x9635, 0x9635, 0x9635, 0x9635, 
	0x9635, 0x9635, 0x9615, 0xaeb8, 0xcf5b, 0xbeb9, 0x9635, 0x9635, 0x9636, 0x9636, 0x9635, 0x9635, 0x9635, 0x9635, 0x9635, 0x9635, 
	0x9635, 0x9635, 0x9635, 0x9635, 0x9635, 0x9635, 0x9635, 0x9635, 0x9635, 0x9635, 0x9635, 0x9635, 0x9635, 0x9635, 0x9636, 0x9636, 
	0x8e53, 0x6d2f, 0x650d, 0x8611, 0x9636, 0x9635, 0x9615, 0x9635, 0x9635, 0x9635, 0x9635, 0x9635, 0x9635, 0x9635, 0x9636, 0x8e15, 
	0x7576, 0x7576, 0x7576, 0x7556, 0xadfd, 0xb63e, 0xb61f, 0xbe1f, 0xb61f, 0xbe1f, 0xbe1f, 0xbe1f, 0xb61f, 0xbe1f, 0xbe1f, 0xbe3f, 
	0xb61f, 0xbe1f, 0xbe3f, 0xbe1f, 0xbe1f, 0xbe1f, 0xbe1f, 0xb61f, 0xbe1f, 0xbe1f, 0xbe7f, 0x63b5, 0x19ed, 0x1a2e, 0x19ed, 0x5394, 
	0xbe3f, 0xb61f, 0xbe3f, 0xa57c, 0x222e, 0x220e, 0x220e, 0x220e, 0x220e, 0x220e, 0x220e, 0x220e, 0x220e, 0x220e, 0x220e, 0x220e, 
	0x220e, 0x220e, 0x220e, 0x220e, 0x220e, 0x220e, 0x220e, 0x220e, 0x220e, 0x220e, 0x220e, 0x220e, 0x220e, 0x220e, 0x220e, 0x220e, 
	0x220e, 0x220e, 0x220e, 0x220e, 0x220e, 0x220e, 0x220e, 0x220e, 0x220e, 0x220e, 0x220e, 0x220e, 0x220e, 0x220e, 0x220e, 0x220e, 
	0x220e, 0x220e, 0x220e, 0x220e, 0x220e, 0x220e, 0x220e, 0x220e, 0x220e, 0x220e, 0x1a0c, 0x3af0, 0x9e55, 0x9e55, 0xa677, 0xa677, 
	0x9636, 0x9635, 0x9635, 0x9636, 0x9635, 0x9635, 0x9635, 0x9635, 0x9615, 0x9635, 0x9615, 0x9635, 0x9635, 0x9636, 0x8e33, 0x7d91, 
	0x6d73, 0x5cd0, 0x4c96, 0x4c96, 0x4c98, 0x6d5c, 0x85b8, 0x85f9, 0x9635, 0x9635, 0x9636, 0x9615, 0x9636, 0x9635, 0x9635, 0x8e14, 
	0x7591, 0x7591, 0x6558, 0x6558, 0x6558, 0x6558, 0x54fa, 0x4cda, 0x4cda, 0x4cda, 0x4cda, 0x4cda, 0x4cda, 0x4cda, 0x4cda, 0x54fa, 
	0x5cfa, 0x5d1b, 0x5d1a, 0x5d1a, 0x5d1a, 0x5d1a, 0x651a, 0x651a, 0x651a, 0x5d1a, 0x651a, 0x5d1a, 0x651a, 0x5d1a, 0x651a, 0x5d1a, 
	0x651a, 0x5d1a, 0x651a, 0x6d3a, 0x85da, 0x85da, 0x9636, 0x9636, 0x9635, 0x9635, 0x85d3, 0x85d2, 0x8e15, 0x9635, 0x85f3, 0x7db2, 
	0x8df4, 0x9635, 0x9615, 0x9635, 0x9635, 0x9635, 0x9635, 0x9635, 0x9635, 0x9635, 0x9635, 0x9635, 0x8e37, 0x7d95, 0x7575, 0x85f7, 
	0x9635, 0x9635, 0x9616, 0x9616, 0x95f9, 0x8dd9, 0x7db6, 0x7db6, 0x85d2, 0x85f3, 0x9635, 0x9635, 0x9636, 0x9636, 0x9635, 0x9636, 
	0x9635, 0x9636, 0x9635, 0x9635, 0x9635, 0x9636, 0x9615, 0x9636, 0x9635, 0x9635, 0x9635, 0x9635, 0x9635, 0x9636, 0x9635, 0x9636, 
	0x8e34, 0x7db2, 0x7d91, 0x8e13, 0x9616, 0x9e57, 0xa697, 0x9e36, 0x9635, 0x9635, 0x9635, 0x9635, 0x9635, 0x9635, 0x9636, 0x9615, 
	0x7db6, 0x7db6, 0x7576, 0x7556, 0x7cd9, 0x7cd9, 0x7c98, 0x7c78, 0x7c78, 0x7c78, 0x7c78, 0x7c78, 0x7c78, 0x7c78, 0x7c78, 0x7c78, 
	0x7c78, 0x7c78, 0x7c78, 0x7c78, 0x7c78, 0x7c78, 0x7c78, 0x7c78, 0x7c78, 0x7c78, 0x7c98, 0x4b12, 0x19ed, 0x220e, 0x19ed, 0x3af1, 
	0x7c98, 0x7c78, 0x7c98, 0x6c16, 0x222e, 0x220e, 0x220e, 0x220e, 0x220e, 0x220e, 0x220e, 0x220e, 0x220e, 0x220e, 0x220e, 0x220e, 
	0x220e, 0x220e, 0x220e, 0x220e, 0x220e, 0x220e, 0x220e, 0x220e, 0x220e, 0x220e, 0x220e, 0x220e, 0x220e, 0x220e, 0x220e, 0x220e, 
	0x220e, 0x220e, 0x220e, 0x220e, 0x220e, 0x220e, 0x220e, 0x220e, 0x220e, 0x220e, 0x220e, 0x220e, 0x220e, 0x220e, 0x220e, 0x220e, 
	0x220e, 0x220e, 0x220e, 0x220e, 0x220e, 0x220e, 0x220e, 0x220e, 0x220e, 0x220e, 0x1a0c, 0x3af0, 0xb6d9, 0xb6b9, 0x9635, 0x9615, 
	0x9635, 0x9635, 0x9635, 0x9635, 0x9635, 0x9635, 0x9636, 0x9636, 0x9636, 0x9636, 0x9635, 0x9635, 0x9635, 0x9635, 0x9636, 0x9636, 
	0x8e52, 0x6d2e, 0x5d12, 0x4c90, 0x4c14, 0x9e7e, 0xcf7b, 0xae77, 0x8e15, 0x9635, 0x9635, 0x9615, 0x9635, 0x9635, 0x9635, 0x9635, 
	0x9636, 0x9636, 0x9635, 0x9635, 0x9656, 0x9656, 0x5d1a, 0x4cd9, 0x4cda, 0x4cdb, 0x4cda, 0x4cfa, 0x4cda, 0x4cda, 0x54fa, 0x5d3b, 
	0x653a, 0x653a, 0x651a, 0x651a, 0x651a, 0x651a, 0x653a, 0x653a, 0x653a, 0x651a, 0x653a, 0x651a, 0x653a, 0x651a, 0x653a, 0x651a, 
	0x651b, 0x5d1b, 0x64f9, 0x7d9b, 0xcf3b, 0xc6fa, 0x9635, 0x9635, 0x9635, 0x9635, 0x6d4d, 0x650c, 0x85f4, 0x9655, 0x758f, 0x650c, 
	0x7db2, 0x9654, 0x9635, 0x9636, 0x9636, 0x9636, 0x9636, 0x9636, 0x9635, 0x9655, 0x9655, 0x9635, 0x8e1a, 0x5494, 0x4414, 0x759a, 
	0x9655, 0x9634, 0x8e38, 0x6d34, 0x3bf7, 0x4c79, 0x6538, 0x5d18, 0x652d, 0x6d6e, 0x9635, 0x9635, 0x9635, 0x9635, 0x9635, 0x9635, 
	0x9635, 0x9635, 0x9635, 0x9636, 0x9635, 0x9635, 0x9635, 0x9635, 0x9635, 0x9635, 0x9635, 0x9635, 0x9635, 0x9635, 0x9635, 0x9635, 
	0x9635, 0x9635, 0x9636, 0x9636, 0x9615, 0xaed8, 0xc73b, 0xae78, 0x9615, 0x9635, 0x9635, 0x9635, 0x9635, 0x9635, 0x9635, 0x9635, 
	0x9635, 0x9635, 0x7596, 0x7576, 0x3352, 0x22d0, 0x1a2e, 0x11ed, 0x19ed, 0x19ed, 0x19ed, 0x19ed, 0x19ed, 0x19ed, 0x19ed, 0x19ed, 
	0x19ed, 0x19ed, 0x19ed, 0x19ed, 0x19ed, 0x19ed, 0x19ed, 0x19ed, 0x19ed, 0x19ed, 0x19ed, 0x1a0d, 0x220e, 0x220e, 0x220e, 0x1a0e, 
	0x19ed, 0x19ed, 0x19ed, 0x19ed, 0x220e, 0x220e, 0x220e, 0x220e, 0x220e, 0x220e, 0x220e, 0x220e, 0x220e, 0x220e, 0x220e, 0x220e, 
	0x220e, 0x220e, 0x220e, 0x220e, 0x220e, 0x220e, 0x220e, 0x220e, 0x220e, 0x220e, 0x220e, 0x220e, 0x220e, 0x220e, 0x220e, 0x220e, 
	0x220e, 0x220e, 0x220e, 0x220e, 0x220e, 0x220e, 0x220e, 0x220e, 0x220e, 0x220e, 0x220e, 0x220e, 0x220e, 0x220e, 0x220e, 0x220e, 
	0x220e, 0x220e, 0x220e, 0x220e, 0x220e, 0x220e, 0x220e, 0x220e, 0x220e, 0x220e, 0x1a0c, 0x3af0, 0xb6b8, 0xb6b8, 0x9635, 0x9635, 
	0x9635, 0x9635, 0x9635, 0x9635, 0x9635, 0x9635, 0x8e14, 0x85d3, 0x8df4, 0x9635, 0x9635, 0x9636, 0x9635, 0x9635, 0x9635, 0x9636, 
	0x8e33, 0x7570, 0x6d73, 0x6512, 0x64b6, 0x8dfb, 0xa658, 0x9e17, 0x9615, 0x9e56, 0xa677, 0x9e36, 0x9635, 0x9635, 0x9635, 0x9635, 
	0x9635, 0x9635, 0x9635, 0x9635, 0x85f4, 0x85f3, 0x54f9, 0x4cb8, 0x4cda, 0x4cdb, 0x4cda, 0x4cda, 0x4cda, 0x54fa, 0x5cfa, 0x651b, 
	0x651a, 0x653a, 0x5d1a, 0x651a, 0x651a, 0x651a, 0x651a, 0x651a, 0x651a, 0x5d1a, 0x651a, 0x5d1a, 0x653a, 0x5d1a, 0x653a, 0x651a, 
	0x651b, 0x651b, 0x6519, 0x6d7b, 0xae7a, 0xa65a, 0x9636, 0x9636, 0x9635, 0x9635, 0x7590, 0x756f, 0x85d2, 0x8613, 0x6d51, 0x5ccf, 
	0x7d93, 0x9656, 0x9635, 0x9636, 0x8e14, 0x85d3, 0x8df4, 0x9635, 0x8e17, 0x85b5, 0x85b5, 0x8e16, 0x8e38, 0x6d14, 0x5cd4, 0x7dd8, 
	0x9635, 0x9e56, 0x9e7a, 0x7d55, 0x4437, 0x4c99, 0x6538, 0x5d18, 0x652d, 0x6d6e, 0x9635, 0x9635, 0x9635, 0x9635, 0x9635, 0x9635, 
	0x9635, 0x9635, 0x8df3, 0x85d3, 0x8e14, 0x9635, 0x9635, 0x9636, 0x9635, 0x9635, 0x9635, 0x9635, 0x9635, 0x9635, 0x9635, 0x9635, 
	0x9635, 0x9635, 0x9635, 0x9635, 0x9615, 0xa697, 0xb6d9, 0xa657, 0x9635, 0x9635, 0x9635, 0x9635, 0x9635, 0x9635, 0x9635, 0x9635, 
	0x9635, 0x9615, 0x7596, 0x7576, 0x3b73, 0x2af1, 0x224f, 0x1a0e, 0x220e, 0x220e, 0x220e, 0x220e, 0x220e, 0x220e, 0x220e, 0x220e, 
	0x220e, 0x220e, 0x220e, 0x220e, 0x220e, 0x220e, 0x220e, 0x220e, 0x220e, 0x220e, 0x220e, 0x220e, 0x220e, 0x220e, 0x220e, 0x220e, 
	0x220e, 0x220e, 0x220e, 0x220e, 0x220e, 0x220e, 0x220e, 0x220e, 0x220e, 0x220e, 0x220e, 0x220e, 0x220e, 0x220e, 0x220e, 0x220e, 
	0x220e, 0x220e, 0x220e, 0x220e, 0x220e, 0x220e, 0x220e, 0x220e, 0x220e, 0x220e, 0x220e, 0x220e, 0x220e, 0x220e, 0x220e, 0x220e, 
	0x220e, 0x220e, 0x220e, 0x220e, 0x220e, 0x220e, 0x220e, 0x220e, 0x220e, 0x220e, 0x220e, 0x220e, 0x220e, 0x220e, 0x220e, 0x220e, 
	0x220e, 0x220e, 0x220e, 0x220e, 0x220e, 0x220e, 0x220e, 0x220e, 0x220e, 0x220e, 0x19ec, 0x3af0, 0xb6b8, 0xb6b8, 0x9635, 0x9635, 
	0x9635, 0x9635, 0x9635, 0x9635, 0x9635, 0x9636, 0x75af, 0x650d, 0x7d91, 0x9654, 0x9635, 0x9636, 0x9635, 0x9635, 0x9635, 0x9635, 
	0x9636, 0x9636, 0x9635, 0x9635, 0x8e3a, 0x5cb4, 0x4414, 0x6d7a, 0x9e15, 0xaeb8, 0xc73b, 0xb698, 0x9615, 0x9635, 0x9635, 0x9635, 
	0x9635, 0x9635, 0x9635, 0x9635, 0x6d4e, 0x652d, 0x4c76, 0x4455, 0x4cba, 0x4cfb, 0x4cda, 0x4cda, 0x54fa, 0x5d3b, 0x651a, 0x653a, 
	0x651a, 0x653a, 0x651a, 0x651a, 0x651a, 0x653a, 0x653a, 0x653a, 0x653a, 0x651a, 0x653a, 0x651a, 0x653a, 0x651a, 0x653a, 0x5d1a, 
	0x5d1a, 0x5d1a, 0x5d1b, 0x5d1a, 0x5d19, 0x653a, 0x9636, 0x9636, 0x9635, 0x9635, 0x9655, 0x9655, 0x6d6e, 0x652d, 0x4c96, 0x4434, 
	0x7555, 0x9659, 0x9635, 0x9635, 0x85f1, 0x650d, 0x754f, 0x9673, 0x85da, 0x4c54, 0x4c53, 0x85fa, 0x9655, 0x9655, 0x9655, 0x9635, 
	0x9df5, 0xb6b8, 0xc73d, 0x8d97, 0x3c17, 0x4c99, 0x6558, 0x5d18, 0x652d, 0x6d6e, 0x9635, 0x9635, 0x9635, 0x9635, 0x9635, 0x9635, 
	0x9635, 0x9635, 0x758e, 0x650c, 0x85b2, 0x9655, 0x9635, 0x9636, 0x9635, 0x9635, 0x9635, 0x9635, 0x9635, 0x9635, 0x9635, 0x9635, 
	0x9635, 0x9635, 0x9635, 0x9635, 0x9635, 0x9635, 0x9635, 0x9635, 0x9635, 0x9635, 0x9635, 0x9635, 0x9635, 0x9635, 0x9635, 0x9635, 
	0x9636, 0x9635, 0x7596, 0x7576, 0x3b73, 0x2af1, 0x224f, 0x1a0e, 0x220e, 0x220e, 0x220e, 0x220e, 0x220e, 0x220e, 0x220e, 0x220e, 
	0x220e, 0x220e, 0x220e, 0x220e, 0x220e, 0x220e, 0x220e, 0x220e, 0x220e, 0x220e, 0x220e, 0x220e, 0x220e, 0x220e, 0x220e, 0x220e, 
	0x220e, 0x220e, 0x220e, 0x220e, 0x220e, 0x220e, 0x220e, 0x220e, 0x220e, 0x220e, 0x220e, 0x220e, 0x220e, 0x220e, 0x220e, 0x220e, 
	0x220e, 0x220e, 0x220e, 0x220e, 0x220e, 0x220e, 0x220e, 0x220e, 0x220e, 0x220e, 0x220e, 0x220e, 0x220e, 0x220e, 0x220e, 0x220e, 
	0x220e, 0x220e, 0x220e, 0x220e, 0x220e, 0x220e, 0x220e, 0x220e, 0x220e, 0x220e, 0x220e, 0x220e, 0x220e, 0x220e, 0x220e, 0x220e, 
	0x220e, 0x220e, 0x220e, 0x220e, 0x220e, 0x220e, 0x220e, 0x220e, 0x220e, 0x2a4f, 0x3aef, 0x53b2, 0xb6b8, 0xaeb8, 0x9636, 0x9615, 
	0x9e56, 0x9e56, 0x9635, 0x9635, 0x9615, 0x9636, 0x7dd1, 0x6d4f, 0x7db2, 0x9635, 0x9615, 0x9635, 0x9615, 0x9635, 0x9615, 0x9635, 
	0x9635, 0x9615, 0x9635, 0x9635, 0x8e19, 0x6cf4, 0x5494, 0x7599, 0x9615, 0xa677, 0xbefa, 0xae78, 0x9615, 0x9635, 0x9636, 0x9615, 
	0x85d6, 0x85d6, 0x85d5, 0x85d5, 0x6d4e, 0x652e, 0x4c76, 0x4455, 0x4cba, 0x4cda, 0x4cda, 0x4cda, 0x5cfa, 0x5d1b, 0x5d1a, 0x651a, 
	0x5d1a, 0x651a, 0x5d1a, 0x5d1a, 0x5d1a, 0x5d1a, 0x5d1a, 0x5d1a, 0x5d1a, 0x5d1a, 0x5d1a, 0x5d1a, 0x651a, 0x5d1a, 0x651a, 0x653a, 
	0x757a, 0x6d5a, 0x6d3a, 0x6d5a, 0x7579, 0x757a, 0x9616, 0x9636, 0x9635, 0x9615, 0x85d6, 0x85d5, 0x6550, 0x5d0f, 0x54b5, 0x5495, 
	0x7555, 0x85d8, 0x8df5, 0x9636, 0x85f2, 0x6d4f, 0x7571, 0x9654, 0x7dda, 0x4c54, 0x4c54, 0x7599, 0x85d5, 0x85d5, 0x85d5, 0x8e16, 
	0x9615, 0xae97, 0xb6fc, 0x8576, 0x4417, 0x4c99, 0x6538, 0x6538, 0x7590, 0x7db0, 0x9635, 0x9635, 0x9635, 0x9635, 0x9635, 0x9635, 
	0x9635, 0x9636, 0x75b0, 0x6d4f, 0x85d3, 0x9655, 0x9615, 0x9635, 0x9635, 0x9635, 0x9635, 0x9635, 0x9615, 0x9635, 0x9635, 0x9635, 
	0x9635, 0x9635, 0x9635, 0x9635, 0x9635, 0x9615, 0x9635, 0x9615, 0x9635, 0x9615, 0x9635, 0x9635, 0x9635, 0x9615, 0x9635, 0x9615, 
	0x9636, 0x9615, 0x7576, 0x7576, 0x43b3, 0x3351, 0x2a6f, 0x1a0e, 0x220e, 0x220e, 0x220e, 0x220e, 0x220e, 0x220e, 0x220e, 0x220e, 
	0x220e, 0x220e, 0x220e, 0x220e, 0x220e, 0x220e, 0x220e, 0x220e, 0x220e, 0x220e, 0x220e, 0x220e, 0x220e, 0x220e, 0x220e, 0x220e, 
	0x220e, 0x220e, 0x220e, 0x220e, 0x220e, 0x220e, 0x220e, 0x220e, 0x220e, 0x220e, 0x220e, 0x220e, 0x220e, 0x220e, 0x220e, 0x220e, 
	0x220e, 0x220e, 0x220e, 0x220e, 0x220e, 0x220e, 0x220e, 0x220e, 0x220e, 0x220e, 0x220e, 0x220e, 0x220e, 0x220e, 0x220e, 0x220e, 
	0x220e, 0x220e, 0x220e, 0x220e, 0x220e, 0x220e, 0x220e, 0x220e, 0x220e, 0x220e, 0x220e, 0x220e, 0x220e, 0x220e, 0x220e, 0x220e, 
	0x220e, 0x220e, 0x220e, 0x220e, 0x220e, 0x220e, 0x220e, 0x220e, 0x19ec, 0x4b72, 0xbed9, 0xb6b8, 0xb6b8, 0xaeb8, 0x9635, 0x9635, 
	0xbeda, 0xc71a, 0x9e56, 0x9615, 0x9635, 0x9635, 0x9635, 0x9635, 0x9615, 0x9636, 0x9635, 0x9635, 0x9635, 0x9635, 0x9635, 0x9635, 
	0x9635, 0x9635, 0x9635, 0x9635, 0x9635, 0x9635, 0x9635, 0x9635, 0x9635, 0x9635, 0x9636, 0x9615, 0x9635, 0x9635, 0x9637, 0x85d5, 
	0x4457, 0x4457, 0x4456, 0x4c56, 0x652e, 0x652e, 0x4c76, 0x4455, 0x4cba, 0x4cda, 0x5cfa, 0x5d3b, 0x5d1a, 0x651a, 0x5d1a, 0x651a, 
	0x651a, 0x651a, 0x5d1a, 0x651a, 0x651a, 0x651a, 0x651a, 0x651a, 0x651a, 0x5d1a, 0x651a, 0x5d1a, 0x5d1b, 0x5d1a, 0x64f8, 0x85fc, 
	0xc73b, 0xb698, 0x9615, 0x9e56, 0xc71a, 0xbed9, 0x9635, 0x9615, 0x9636, 0x9635, 0x5497, 0x4436, 0x4437, 0x4437, 0x7d94, 0x9658, 
	0x6518, 0x4414, 0x6d14, 0x8e39, 0x9635, 0x9635, 0x9635, 0x9635, 0x85f9, 0x4c53, 0x4438, 0x4438, 0x4438, 0x4438, 0x4c34, 0x7599, 
	0x9655, 0x9635, 0x8e38, 0x7534, 0x4437, 0x4c99, 0x6519, 0x7d9b, 0xc71b, 0xbed9, 0x9635, 0x9635, 0x9635, 0x9635, 0x9636, 0x9636, 
	0x9635, 0x9635, 0x9635, 0x9635, 0x9635, 0x9635, 0x9635, 0x9636, 0x9635, 0x9635, 0x9635, 0x9635, 0x9635, 0x9635, 0x9635, 0x9635, 
	0x9635, 0x9635, 0x9635, 0x9635, 0x9635, 0x9635, 0x9635, 0x9635, 0x9635, 0x9635, 0x9635, 0x9635, 0x9635, 0x9635, 0x9635, 0x9635, 
	0x9636, 0x9635, 0x7596, 0x7575, 0x5cf2, 0x5cf2, 0x32ef, 0x1a2c, 0x220e, 0x220e, 0x220e, 0x220e, 0x220e, 0x220e, 0x220e, 0x220e, 
	0x220e, 0x220e, 0x220e, 0x220e, 0x220e, 0x220e, 0x220e, 0x220e, 0x220e, 0x220e, 0x220e, 0x220e, 0x220e, 0x220e, 0x220e, 0x220e, 
	0x220e, 0x220e, 0x220e, 0x220e, 0x220e, 0x220e, 0x220e, 0x220e, 0x220e, 0x220e, 0x220e, 0x220e, 0x220e, 0x220e, 0x220e, 0x220e, 
	0x220e, 0x220e, 0x220e, 0x220e, 0x220e, 0x220e, 0x220e, 0x220e, 0x220e, 0x220e, 0x220e, 0x220e, 0x220e, 0x220e, 0x220e, 0x220e, 
	0x220e, 0x220e, 0x220e, 0x220e, 0x220e, 0x220e, 0x220e, 0x220e, 0x220e, 0x220e, 0x220e, 0x220e, 0x220e, 0x220e, 0x220e, 0x220e, 
	0x220e, 0x220e, 0x220e, 0x220e, 0x220e, 0x220e, 0x220e, 0x220e, 0x19ec, 0x4b72, 0xbef9, 0xb6b8, 0xb6b8, 0xae98, 0x9636, 0x9636, 
	0xbed9, 0xbefa, 0x9e56, 0x9615, 0x9635, 0x9635, 0x9635, 0x9635, 0x9635, 0x9636, 0x9635, 0x9635, 0x9636, 0x9636, 0x9636, 0x9635, 
	0x9635, 0x9635, 0x9635, 0x9635, 0x9635, 0x9635, 0x9635, 0x9635, 0x9635, 0x9635, 0x9636, 0x9615, 0x9635, 0x9635, 0x8e16, 0x7db4, 
	0x4437, 0x4457, 0x4457, 0x4c57, 0x654f, 0x6d4f, 0x5496, 0x4c75, 0x4cba, 0x4cda, 0x5cfa, 0x651b, 0x5d1a, 0x651a, 0x651a, 0x651a, 
	0x651a, 0x651a, 0x5d1a, 0x651a, 0x651a, 0x651a, 0x651a, 0x651a, 0x651a, 0x5d1a, 0x651a, 0x5d1a, 0x5d1b, 0x5d1a, 0x64f8, 0x85fc, 
	0xc71a, 0xb698, 0x9615, 0x9e56, 0xbefa, 0xb6b9, 0x9635, 0x9635, 0x8df6, 0x8df6, 0x5498, 0x4457, 0x5478, 0x5478, 0x7d95, 0x8e38, 
	0x6538, 0x4c55, 0x6d34, 0x8e38, 0x9635, 0x9635, 0x9615, 0x8e15, 0x7db9, 0x5494, 0x4c77, 0x4c77, 0x4c77, 0x4c77, 0x5474, 0x7db9, 
	0x9655, 0x9655, 0x9658, 0x7554, 0x4437, 0x4c99, 0x6519, 0x759b, 0xbefa, 0xb6b9, 0x9635, 0x9635, 0x9635, 0x9635, 0x8e15, 0x8e15, 
	0x9615, 0x9635, 0x9635, 0x9635, 0x9635, 0x9636, 0x9615, 0x8e15, 0x9615, 0x9635, 0x9635, 0x9635, 0x9635, 0x9635, 0x9635, 0x9635, 
	0x9635, 0x9635, 0x9635, 0x9635, 0x9635, 0x9635, 0x9635, 0x9635, 0x9636, 0x9635, 0x9635, 0x9635, 0x9635, 0x9635, 0x9636, 0x9615, 
	0x8df6, 0x8df6, 0x7d96, 0x7575, 0x5d12, 0x5cf1, 0x32f0, 0x1a2d, 0x222e, 0x220e, 0x220e, 0x220e, 0x220e, 0x220e, 0x220e, 0x220e, 
	0x220e, 0x220e, 0x220e, 0x220e, 0x220e, 0x220e, 0x220e, 0x220e, 0x220e, 0x220e, 0x220e, 0x220e, 0x220e, 0x220e, 0x220e, 0x220e, 
	0x220e, 0x220e, 0x220e, 0x220e, 0x220e, 0x220e, 0x220e, 0x220e, 0x220e, 0x220e, 0x220e, 0x220e, 0x220e, 0x220e, 0x220e, 0x220e, 
	0x220e, 0x220e, 0x220e, 0x220e, 0x220e, 0x220e, 0x220e, 0x220e, 0x220e, 0x220e, 0x220e, 0x220e, 0x220e, 0x220e, 0x220e, 0x220e, 
	0x220e, 0x220e, 0x220e, 0x220e, 0x220e, 0x220e, 0x220e, 0x220e, 0x220e, 0x220e, 0x220e, 0x220e, 0x220e, 0x220e, 0x220e, 0x220e, 
	0x220e, 0x220e, 0x220e, 0x220e, 0x220e, 0x220e, 0x220e, 0x220e, 0x19ec, 0x4b72, 0xb6d9, 0xae98, 0x9635, 0x9635, 0x9635, 0x9635, 
	0x9636, 0x9636, 0x9635, 0x9635, 0x9635, 0x9635, 0x9635, 0x9635, 0x9615, 0x9636, 0x9635, 0x8e15, 0xa637, 0xbf1a, 0xb6f9, 0x9e16, 
	0x9635, 0x9635, 0x9635, 0x9635, 0x9636, 0x9635, 0x9635, 0x9635, 0x9635, 0x9635, 0x9636, 0x9615, 0x9655, 0x85d3, 0x652f, 0x650e, 
	0x4437, 0x4457, 0x4cd9, 0x54fa, 0x8df5, 0x8e36, 0x8e15, 0x9635, 0x5cb8, 0x4436, 0x54d9, 0x653b, 0x5d1a, 0x653a, 0x651a, 0x653a, 
	0x651a, 0x651a, 0x5d1a, 0x651a, 0x651a, 0x651a, 0x651a, 0x651a, 0x651a, 0x651a, 0x653a, 0x5d1a, 0x651b, 0x651b, 0x6518, 0x759a, 
	0x9e56, 0x9635, 0x9635, 0x9635, 0x9635, 0x9635, 0x9636, 0x8e15, 0x4c97, 0x4c77, 0x4cba, 0x4cda, 0xa659, 0xbf1c, 0x75bb, 0x54b8, 
	0x7596, 0x8e18, 0x9615, 0x9635, 0x9635, 0x9635, 0x7db9, 0x4c54, 0x5c94, 0x85f9, 0x9615, 0x9615, 0x8e16, 0x8e15, 0x8e15, 0x8e16, 
	0x9615, 0xaeb8, 0xbf3d, 0x8d97, 0x3c17, 0x4c99, 0x653b, 0x651b, 0x6d39, 0x6d5a, 0x9636, 0x9636, 0x9635, 0x9635, 0x6d4e, 0x652e, 
	0x8df4, 0x9635, 0x9636, 0x9636, 0x9635, 0x9636, 0x7dd0, 0x652e, 0x7d91, 0x9654, 0x9636, 0x9636, 0x9635, 0x9635, 0x9635, 0x9635, 
	0x9635, 0x9635, 0x9636, 0x9635, 0x9636, 0x9635, 0x9636, 0x9635, 0x9636, 0x9635, 0x9635, 0x9635, 0x9635, 0x9635, 0x9637, 0x8df5, 
	0x4c76, 0x4c76, 0x8df6, 0x8e36, 0x6512, 0x5cd1, 0x3b72, 0x2b10, 0x2a6f, 0x1a0e, 0x220e, 0x220e, 0x220e, 0x220e, 0x220e, 0x220e, 
	0x220e, 0x220e, 0x220e, 0x220e, 0x220e, 0x220e, 0x220e, 0x220e, 0x220e, 0x220e, 0x220e, 0x220e, 0x220e, 0x220e, 0x220e, 0x220e, 
	0x220e, 0x220e, 0x220e, 0x220e, 0x220e, 0x220e, 0x220e, 0x220e, 0x220e, 0x220e, 0x220e, 0x220e, 0x220e, 0x220e, 0x220e, 0x220e, 
	0x220e, 0x220e, 0x220e, 0x220e, 0x220e, 0x220e, 0x220e, 0x220e, 0x220e, 0x220e, 0x220e, 0x220e, 0x220e, 0x220e, 0x220e, 0x220e, 
	0x220e, 0x220e, 0x220e, 0x220e, 0x220e, 0x220e, 0x220e, 0x220e, 0x220e, 0x220e, 0x220e, 0x220e, 0x220e, 0x220e, 0x220e, 0x220e, 
	0x220e, 0x220e, 0x220e, 0x220e, 0x220e, 0x220e, 0x220e, 0x220e, 0x19ec, 0x4b72, 0xb6f9, 0xae98, 0x9635, 0x9635, 0x9635, 0x9635, 
	0x9635, 0x9635, 0x9635, 0x9635, 0x9635, 0x9635, 0x9635, 0x9635, 0x9635, 0x9635, 0x9635, 0x9635, 0xa657, 0xbf1a, 0xb6f9, 0x9e16, 
	0x9635, 0x9635, 0x9635, 0x9635, 0x9635, 0x9635, 0x9635, 0x9635, 0x9635, 0x9635, 0x9636, 0x9635, 0x9655, 0x85d3, 0x652f, 0x652e, 
	0x4457, 0x4c57, 0x4cd9, 0x54fa, 0x8e16, 0x8e36, 0x9615, 0x9636, 0x5cd8, 0x4435, 0x54d9, 0x653b, 0x651a, 0x653a, 0x651a, 0x653a, 
	0x651a, 0x653a, 0x651a, 0x651a, 0x651a, 0x651a, 0x653a, 0x651a, 0x651a, 0x651a, 0x651a, 0x5d1a, 0x5d1b, 0x5d1b, 0x6518, 0x759a, 
	0x9635, 0x9615, 0x9635, 0x9635, 0x9635, 0x9635, 0x9636, 0x8df5, 0x4c77, 0x4457, 0x4cda, 0x4cda, 0xae79, 0xc73c, 0x6d9c, 0x5498, 
	0x7d96, 0x9658, 0x9615, 0x9615, 0x9615, 0x9635, 0x7dba, 0x4c54, 0x5c94, 0x8e1a, 0x9635, 0x9635, 0x9635, 0x9635, 0x9635, 0x9635, 
	0x9615, 0xaeb8, 0xc73d, 0x8d97, 0x4437, 0x54b9, 0x651b, 0x651b, 0x6519, 0x6d5a, 0x9636, 0x9636, 0x9635, 0x9635, 0x6d4e, 0x652d, 
	0x8df4, 0x9635, 0x9635, 0x9635, 0x9635, 0x9636, 0x7dd0, 0x652e, 0x7d91, 0x9654, 0x9636, 0x9636, 0x9635, 0x9635, 0x9635, 0x9635, 
	0x9635, 0x9635, 0x9635, 0x9635, 0x9635, 0x9635, 0x9635, 0x9635, 0x9635, 0x9635, 0x9635, 0x9635, 0x9635, 0x9635, 0x9637, 0x8df5, 
	0x4c56, 0x4c76, 0x8e16, 0x9636, 0x6532, 0x5cf1, 0x3b92, 0x2b10, 0x2a6f, 0x1a0e, 0x220e, 0x220e, 0x220e, 0x220e, 0x220e, 0x220e, 
	0x220e, 0x220e, 0x220e, 0x220e, 0x220e, 0x220e, 0x220e, 0x220e, 0x220e, 0x220e, 0x220e, 0x220e, 0x220e, 0x220e, 0x220e, 0x220e, 
	0x220e, 0x220e, 0x220e, 0x220e, 0x220e, 0x220e, 0x220e, 0x220e, 0x220e, 0x220e, 0x220e, 0x220e, 0x220e, 0x220e, 0x220e, 0x220e, 
	0x220e, 0x220e, 0x220e, 0x220e, 0x220e, 0x220e, 0x220e, 0x220e, 0x220e, 0x220e, 0x220e, 0x220e, 0x220e, 0x220e, 0x220e, 0x220e, 
	0x220e, 0x220e, 0x220e, 0x220e, 0x220e, 0x220e, 0x220e, 0x220e, 0x220e, 0x220e, 0x220e, 0x220e, 0x220e, 0x220e, 0x220e, 0x220e, 
	0x220e, 0x220e, 0x220e, 0x220e, 0x220e, 0x220e, 0x220e, 0x220e, 0x19ec, 0x4b72, 0xb6f9, 0xae98, 0x9635, 0x9635, 0x9635, 0x9635, 
	0x9635, 0x9635, 0x9635, 0x9635, 0x9635, 0x9615, 0xae98, 0xbf1a, 0xa697, 0x9615, 0x9635, 0x9635, 0x9636, 0x9e56, 0x9636, 0x9635, 
	0x9635, 0x9635, 0x9635, 0x9635, 0x9635, 0x9635, 0x9635, 0x9635, 0x9635, 0x9635, 0x9636, 0x9635, 0x9635, 0x9615, 0x8e34, 0x85f3, 
	0x650e, 0x652f, 0x85f6, 0x85f6, 0x5d19, 0x54f9, 0x5498, 0x4c97, 0x4c57, 0x4457, 0x54d9, 0x653b, 0x651a, 0x653a, 0x651a, 0x653a, 
	0x651a, 0x653a, 0x651a, 0x651a, 0x651a, 0x653a, 0x5d3b, 0x54fa, 0x4cfb, 0x4cda, 0x4cfa, 0x4cda, 0x4cfa, 0x4cda, 0x4cfa, 0x54fa, 
	0x5cf8, 0x6579, 0x9636, 0x9635, 0x9635, 0x9635, 0x9636, 0x8e15, 0x4c77, 0x4436, 0x5cfa, 0x5d1a, 0x6d3a, 0x6d7b, 0x653b, 0x5cfa, 
	0x9e18, 0xbf3c, 0x8dfa, 0x5454, 0x4c98, 0x4c77, 0x64d4, 0x85f8, 0x8df5, 0x9636, 0x8e33, 0x7550, 0x6d4f, 0x8e33, 0x9636, 0x9635, 
	0x9635, 0x9636, 0x9e36, 0xa677, 0xb6dc, 0x95b8, 0x4436, 0x5cd8, 0x8e16, 0x8e16, 0x9635, 0x9635, 0x9635, 0x9635, 0x8e14, 0x8e14, 
	0x9635, 0x9635, 0x9635, 0x9635, 0x9635, 0x9635, 0x8e15, 0x8e14, 0x9615, 0x9635, 0x9635, 0x9635, 0x9635, 0x9635, 0x9635, 0x9635, 
	0x9635, 0x9635, 0x9635, 0x9635, 0x9635, 0x9635, 0x9635, 0x9635, 0x9635, 0x9635, 0x9635, 0x9635, 0x9635, 0x9635, 0x9636, 0x9615, 
	0x8df5, 0x8df5, 0x9636, 0x9636, 0x7576, 0x7575, 0x43b3, 0x2af1, 0x2a6f, 0x1a0e, 0x220e, 0x220e, 0x220e, 0x220e, 0x220e, 0x220e, 
	0x220e, 0x220e, 0x220e, 0x220e, 0x220e, 0x220e, 0x220e, 0x220e, 0x220e, 0x220e, 0x220e, 0x220e, 0x220e, 0x220e, 0x220e, 0x220e, 
	0x220e, 0x220e, 0x220e, 0x220e, 0x220e, 0x220e, 0x220e, 0x220e, 0x220e, 0x220e, 0x220e, 0x220e, 0x220e, 0x220e, 0x220e, 0x220e, 
	0x220e, 0x220e, 0x220e, 0x220e, 0x220e, 0x220e, 0x220e, 0x220e, 0x220e, 0x220e, 0x220e, 0x220e, 0x220e, 0x220e, 0x220e, 0x220e, 
	0x220e, 0x220e, 0x220e, 0x220e, 0x220e, 0x220e, 0x220e, 0x220e, 0x220e, 0x220e, 0x220e, 0x220e, 0x220e, 0x220e, 0x220e, 0x220e, 
	0x220e, 0x220e, 0x220e, 0x220e, 0x220e, 0x220e, 0x220e, 0x220e, 0x19ec, 0x4b72, 0xb6f9, 0xae98, 0x9635, 0x9635, 0x9635, 0x9635, 
	0x9636, 0x9635, 0x9635, 0x9635, 0x9635, 0x9615, 0xb698, 0xc71b, 0xae98, 0x9616, 0x9635, 0x9635, 0x9635, 0x9635, 0x9635, 0x9635, 
	0x9635, 0x9635, 0x9635, 0x9635, 0x9635, 0x9635, 0x9635, 0x9635, 0x9635, 0x9635, 0x9636, 0x9635, 0x9635, 0x9635, 0x9655, 0x8e14, 
	0x652d, 0x6d4e, 0x9636, 0x9635, 0x54fa, 0x4cd9, 0x4458, 0x4437, 0x4437, 0x4437, 0x54d9, 0x653b, 0x5d1a, 0x653a, 0x651a, 0x653a, 
	0x651a, 0x653a, 0x651a, 0x651a, 0x651a, 0x651a, 0x5d3b, 0x54da, 0x4cda, 0x4cda, 0x4cda, 0x4cda, 0x4cfa, 0x4cda, 0x4cda, 0x4cda, 
	0x4cd8, 0x5d5a, 0x9636, 0x9635, 0x9635, 0x9635, 0x9636, 0x8df5, 0x4c77, 0x4436, 0x5cfa, 0x651b, 0x5d1a, 0x5d1a, 0x5d1a, 0x5d1a, 
	0xa618, 0xc75d, 0x85db, 0x4c14, 0x4438, 0x3c38, 0x5cb3, 0x8e39, 0x9635, 0x9635, 0x8e53, 0x6d4f, 0x6d2e, 0x8e32, 0x9636, 0x9635, 
	0x9635, 0x9635, 0x95f5, 0xa697, 0xc73d, 0x9df8, 0x4415, 0x5cd8, 0x9636, 0x9635, 0x9635, 0x9635, 0x9635, 0x9635, 0x9636, 0x9636, 
	0x9635, 0x9635, 0x9635, 0x9635, 0x9635, 0x9635, 0x9635, 0x9636, 0x9635, 0x9635, 0x9635, 0x9635, 0x9635, 0x9635, 0x9635, 0x9635, 
	0x9635, 0x9635, 0x9635, 0x9635, 0x9635, 0x9635, 0x9635, 0x9635, 0x9635, 0x9635, 0x9635, 0x9635, 0x9635, 0x9635, 0x9636, 0x9635, 
	0x9635, 0x9635, 0x9635, 0x9635, 0x7d96, 0x7576, 0x43b4, 0x2af1, 0x2a6f, 0x1a0e, 0x220e, 0x220e, 0x220e, 0x220e, 0x220e, 0x220e, 
	0x220e, 0x220e, 0x220e, 0x220e, 0x220e, 0x220e, 0x220e, 0x220e, 0x220e, 0x220e, 0x220e, 0x220e, 0x220e, 0x220e, 0x220e, 0x220e, 
	0x220e, 0x220e, 0x220e, 0x220e, 0x220e, 0x220e, 0x220e, 0x220e, 0x220e, 0x220e, 0x220e, 0x220e, 0x220e, 0x220e, 0x220e, 0x220e, 
	0x220e, 0x220e, 0x220e, 0x220e, 0x220e, 0x220e, 0x220e, 0x220e, 0x220e, 0x220e, 0x220e, 0x220e, 0x220e, 0x220e, 0x220e, 0x220e, 
	0x220e, 0x220e, 0x220e, 0x220e, 0x220e, 0x220e, 0x220e, 0x220e, 0x220e, 0x220e, 0x220e, 0x220e, 0x220e, 0x220e, 0x220e, 0x220e, 
	0x220e, 0x220e, 0x220e, 0x220e, 0x220e, 0x220e, 0x220e, 0x220e, 0x19ed, 0x4332, 0x9e5a, 0x8df9, 0x756f, 0x7570, 0x9635, 0x9635, 
	0x9635, 0x9635, 0x9615, 0x9635, 0x9635, 0x9635, 0x9e36, 0x9e56, 0x9636, 0x9615, 0x9635, 0x9635, 0x9635, 0x9635, 0x9635, 0x9635, 
	0x9635, 0x9635, 0x9635, 0x9635, 0x9635, 0x9635, 0x9635, 0x9635, 0x9654, 0x7db2, 0x6d71, 0x6530, 0x5497, 0x54b7, 0x5cb6, 0x64f7, 
	0x8df5, 0x85d4, 0x54b7, 0x54b7, 0x4cda, 0x4cda, 0x5cda, 0x5cfa, 0x5cfa, 0x5cfa, 0x5d1a, 0x651a, 0x5d1a, 0x651a, 0x5d1a, 0x651a, 
	0x5d1a, 0x651a, 0x5d1a, 0x54da, 0x4cfa, 0x4cfa, 0x4cfa, 0x4cda, 0x4cda, 0x4cda, 0x4cda, 0x4cda, 0x4cda, 0x54fa, 0x5d1a, 0x5cfa, 
	0x5d1a, 0x5d1a, 0x6d59, 0x6d39, 0x6d59, 0x6d39, 0x6d59, 0x6d79, 0xa65a, 0xa67a, 0x8df7, 0x8dd6, 0x85f6, 0x8df7, 0x6d5a, 0x6519, 
	0x6d5a, 0x759b, 0x5cfa, 0x4416, 0x6cf6, 0xa69c, 0x963b, 0x7537, 0x6539, 0x54b7, 0x54b7, 0x4c76, 0x5492, 0x7dd8, 0x9635, 0x9635, 
	0x9635, 0x9635, 0x9615, 0x9636, 0x9e57, 0x9616, 0x85b5, 0x85f6, 0x9636, 0x9635, 0x9635, 0x9635, 0x9635, 0x9635, 0x9635, 0x9635, 
	0x9635, 0x9635, 0x9635, 0x9635, 0x9635, 0x8e15, 0xa657, 0xbefa, 0xa698, 0x9615, 0x9635, 0x9635, 0x9635, 0x9635, 0x9635, 0x9635, 
	0x9635, 0x9635, 0x9635, 0x9635, 0x9635, 0x9635, 0x9635, 0x9635, 0x9635, 0x9635, 0x9635, 0x85f4, 0x6d6e, 0x6d6f, 0x6d70, 0x6d4f, 
	0x54b6, 0x54b6, 0x54b7, 0x54b7, 0x5497, 0x5497, 0x3b73, 0x2af2, 0x2a6f, 0x1a0e, 0x220e, 0x220e, 0x220e, 0x220e, 0x220e, 0x220e, 
	0x220e, 0x220e, 0x220e, 0x220e, 0x220e, 0x220e, 0x220e, 0x220e, 0x220e, 0x220e, 0x220e, 0x220e, 0x220e, 0x220e, 0x220e, 0x220e, 
	0x220e, 0x220e, 0x220e, 0x220e, 0x220e, 0x220e, 0x220e, 0x220e, 0x220e, 0x220e, 0x220e, 0x220e, 0x220e, 0x220e, 0x220e, 0x220e, 
	0x220e, 0x220e, 0x220e, 0x220e, 0x220e, 0x220e, 0x220e, 0x220e, 0x220e, 0x220e, 0x220e, 0x220e, 0x220e, 0x220e, 0x220e, 0x220e, 
	0x220e, 0x220e, 0x220e, 0x220e, 0x220e, 0x220e, 0x220e, 0x220e, 0x220e, 0x220e, 0x220e, 0x220e, 0x220e, 0x220e, 0x220e, 0x220e, 
	0x220e, 0x220e, 0x220e, 0x220e, 0x220e, 0x220e, 0x220e, 0x1a0e, 0x11cd, 0x3b12, 0x961b, 0x85ba, 0x652d, 0x654e, 0x9635, 0x9635, 
	0x9636, 0x9636, 0x9635, 0x9635, 0x9635, 0x9635, 0x9635, 0x9635, 0x9615, 0x9635, 0x9635, 0x9635, 0x9635, 0x9635, 0x9635, 0x9635, 
	0x9635, 0x9635, 0x9635, 0x9635, 0x9635, 0x9635, 0x9636, 0x9635, 0x9654, 0x7d91, 0x652f, 0x5cee, 0x4438, 0x4438, 0x4435, 0x5497, 
	0x9657, 0x8df6, 0x4457, 0x4437, 0x4cda, 0x4cda, 0x5d1a, 0x653b, 0x651a, 0x653b, 0x651a, 0x653a, 0x651a, 0x653a, 0x651a, 0x653a, 
	0x651a, 0x653a, 0x5d1b, 0x4cda, 0x4cda, 0x4cda, 0x4cda, 0x4cfa, 0x4cfa, 0x4cda, 0x4cda, 0x4cda, 0x4cda, 0x54fb, 0x653b, 0x651a, 
	0x653a, 0x651a, 0x5d1b, 0x5d1a, 0x5d1b, 0x5d1b, 0x5cfa, 0x653a, 0xc6fb, 0xc71b, 0x9e56, 0x9635, 0x9635, 0x9655, 0x6d7a, 0x6519, 
	0x5d1b, 0x5d1b, 0x54ba, 0x3bf7, 0x7d15, 0xc75e, 0xaebd, 0x7517, 0x5cfb, 0x4438, 0x4438, 0x4418, 0x4c33, 0x7dd9, 0x9635, 0x9635, 
	0x9635, 0x9635, 0x9635, 0x9635, 0x9635, 0x9635, 0x9655, 0x9635, 0x9635, 0x9635, 0x9635, 0x9635, 0x9635, 0x9635, 0x9635, 0x9635, 
	0x9635, 0x9635, 0x9635, 0x9635, 0x9635, 0x8e15, 0xae78, 0xc73b, 0xaed8, 0x9615, 0x9635, 0x9635, 0x9635, 0x9635, 0x9635, 0x9635, 
	0x9635, 0x9635, 0x9636, 0x9636, 0x9636, 0x9636, 0x9635, 0x9635, 0x9636, 0x9635, 0x9655, 0x85d3, 0x652c, 0x652c, 0x652e, 0x650e, 
	0x4437, 0x4437, 0x4437, 0x4437, 0x4437, 0x4437, 0x3353, 0x2af2, 0x2a6f, 0x1a0e, 0x220e, 0x220e, 0x220e, 0x220e, 0x220e, 0x220e, 
	0x220e, 0x220e, 0x220e, 0x220e, 0x220e, 0x220e, 0x220e, 0x220e, 0x220e, 0x220e, 0x220e, 0x220e, 0x220e, 0x220e, 0x220e, 0x220e, 
	0x220e, 0x220e, 0x220e, 0x220e, 0x220e, 0x220e, 0x220e, 0x220e, 0x220e, 0x220e, 0x220e, 0x220e, 0x220e, 0x220e, 0x220e, 0x220e, 
	0x220e, 0x220e, 0x220e, 0x220e, 0x220e, 0x220e, 0x220e, 0x220e, 0x220e, 0x220e, 0x220e, 0x220e, 0x220e, 0x220e, 0x220e, 0x220e, 
	0x220e, 0x220e, 0x220e, 0x220e, 0x220e, 0x220e, 0x220e, 0x220e, 0x220e, 0x220e, 0x220e, 0x220e, 0x220e, 0x220e, 0x220e, 0x220e, 
	0x220e, 0x220e, 0x220e, 0x220e, 0x220e, 0x220e, 0x1a0d, 0x3b12, 0x74d7, 0x8559, 0xbefc, 0xb6ba, 0x85d3, 0x85f3, 0x9635, 0x9635, 
	0x9635, 0x9635, 0x9615, 0x9635, 0x9635, 0x9635, 0x9635, 0x9635, 0x9615, 0x9635, 0x9615, 0x9635, 0x9635, 0x9635, 0x9635, 0x9635, 
	0x9635, 0x9635, 0x9635, 0x9635, 0x9635, 0x9635, 0x9635, 0x9635, 0x9654, 0x7d91, 0x6530, 0x5cef, 0x4438, 0x4c58, 0x4cb9, 0x4cd9, 
	0x6559, 0x5d18, 0x4457, 0x4457, 0x4cda, 0x4cda, 0x54da, 0x54fa, 0x54da, 0x54da, 0x5cfa, 0x5d1b, 0x5d1a, 0x651a, 0x651a, 0x651a, 
	0x5d1a, 0x54fa, 0x4cda, 0x4cda, 0x4cda, 0x4cda, 0x4cda, 0x4cda, 0x4cda, 0x54fa, 0x5d1a, 0x5cfa, 0x5cfa, 0x5cfa, 0x651a, 0x5d1a, 
	0x651b, 0x5d1a, 0x6519, 0x653a, 0x85d7, 0x85f7, 0xa65a, 0xa65a, 0xa657, 0xa657, 0x9635, 0x9635, 0x9615, 0x9636, 0x6d7a, 0x6518, 
	0x5d1b, 0x5d1a, 0x8578, 0x9e3b, 0x95fa, 0x85b9, 0x757b, 0x5477, 0x4c99, 0x5cda, 0x6cf7, 0x8e1c, 0x9e38, 0x9617, 0x9635, 0x9635, 
	0x9635, 0x9635, 0x9635, 0x9615, 0x9635, 0x9635, 0x9635, 0x9635, 0x9635, 0x9635, 0x9635, 0x9635, 0x9635, 0x9635, 0x9635, 0x9635, 
	0x9635, 0x9635, 0x9635, 0x9635, 0x9635, 0x9635, 0x9e36, 0xa677, 0x9e56, 0x9615, 0x9635, 0x9635, 0x9635, 0x9635, 0x9635, 0x9635, 
	0x9635, 0x9635, 0x9634, 0x7d92, 0x7570, 0x85f2, 0x9636, 0x9635, 0x9635, 0x9635, 0x9635, 0x8e15, 0x85f2, 0x7db2, 0x652e, 0x6d4e, 
	0x7d96, 0x7d96, 0x4c77, 0x4457, 0x7538, 0x7d79, 0x5cb3, 0x4c51, 0x32f0, 0x1a2d, 0x220e, 0x220e, 0x220e, 0x220e, 0x220e, 0x220e, 
	0x220e, 0x220e, 0x220e, 0x220e, 0x220e, 0x220e, 0x220e, 0x220e, 0x220e, 0x220e, 0x220e, 0x220e, 0x220e, 0x220e, 0x220e, 0x220e, 
	0x220e, 0x220e, 0x220e, 0x220e, 0x220e, 0x220e, 0x220e, 0x220e, 0x220e, 0x220e, 0x220e, 0x220e, 0x220e, 0x220e, 0x220e, 0x220e, 
	0x220e, 0x220e, 0x220e, 0x220e, 0x220e, 0x220e, 0x220e, 0x220e, 0x220e, 0x220e, 0x220e, 0x220e, 0x220e, 0x220e, 0x220e, 0x220e, 
	0x220e, 0x220e, 0x220e, 0x220e, 0x220e, 0x220e, 0x220e, 0x220e, 0x220e, 0x220e, 0x220e, 0x220e, 0x220e, 0x220e, 0x220e, 0x220e, 
	0x220e, 0x220e, 0x220e, 0x220e, 0x220e, 0x220e, 0x19ed, 0x4bb4, 0x9e3c, 0xa67d, 0xdf9c, 0xcf3b, 0x9636, 0x9636, 0x9635, 0x9635, 
	0x9635, 0x9635, 0x8e15, 0x8e15, 0x9635, 0x9635, 0x9635, 0x9635, 0x9635, 0x9636, 0x9635, 0x9635, 0x9635, 0x9635, 0x9636, 0x9636, 
	0x9636, 0x9636, 0x9635, 0x9635, 0x9635, 0x9635, 0x9636, 0x9636, 0x9654, 0x7d91, 0x652f, 0x5cee, 0x4437, 0x4c78, 0x4cfb, 0x4cdb, 
	0x4cda, 0x4cba, 0x4437, 0x4457, 0x4cda, 0x4cda, 0x4cda, 0x4cda, 0x4cda, 0x4cda, 0x5cfa, 0x653b, 0x651a, 0x653a, 0x651a, 0x653a, 
	0x551b, 0x4cda, 0x4cda, 0x4cda, 0x4cda, 0x4cda, 0x4cda, 0x4cda, 0x4cda, 0x5d1b, 0x653a, 0x651a, 0x653b, 0x651a, 0x653a, 0x5d1a, 
	0x5d1b, 0x5d1b, 0x5d19, 0x655a, 0x9635, 0x9e56, 0xcf1a, 0xc71a, 0x9636, 0x9615, 0x9635, 0x9635, 0x9635, 0x9635, 0x6d7a, 0x6519, 
	0x5d1b, 0x5cfb, 0x9dd8, 0xcf5e, 0x9e7d, 0x6cd7, 0x54da, 0x3c18, 0x4459, 0x653c, 0x7d58, 0xb71e, 0xcf5a, 0xa636, 0x9635, 0x9635, 
	0x9635, 0x9635, 0x9635, 0x9635, 0x9635, 0x9635, 0x9635, 0x9635, 0x9635, 0x9635, 0x9635, 0x9635, 0x9635, 0x9635, 0x9635, 0x9635, 
	0x9635, 0x9635, 0x9635, 0x9635, 0x9635, 0x9635, 0x9615, 0x9615, 0x9635, 0x9635, 0x9635, 0x9635, 0x9635, 0x9635, 0x9635, 0x9635, 
	0x9636, 0x9636, 0x9654, 0x7550, 0x64ed, 0x7df1, 0x9636, 0x9635, 0x9635, 0x9635, 0x9636, 0x9636, 0x9655, 0x8df4, 0x652d, 0x6d4d, 
	0x9656, 0x9636, 0x4c77, 0x4c36, 0x8db9, 0x961a, 0x6d52, 0x5cf1, 0x3b30, 0x1a0c, 0x220e, 0x220e, 0x220e, 0x220e, 0x220e, 0x220e, 
	0x220e, 0x220e, 0x220e, 0x220e, 0x220e, 0x220e, 0x220e, 0x220e, 0x220e, 0x220e, 0x220e, 0x220e, 0x220e, 0x220e, 0x220e, 0x220e, 
	0x220e, 0x220e, 0x220e, 0x220e, 0x220e, 0x220e, 0x220e, 0x220e, 0x220e, 0x220e, 0x220e, 0x220e, 0x220e, 0x220e, 0x220e, 0x220e, 
	0x220e, 0x220e, 0x220e, 0x220e, 0x220e, 0x220e, 0x220e, 0x220e, 0x220e, 0x220e, 0x220e, 0x220e, 0x220e, 0x220e, 0x220e, 0x220e, 
	0x220e, 0x220e, 0x220e, 0x220e, 0x220e, 0x220e, 0x220e, 0x220e, 0x220e, 0x220e, 0x220e, 0x220e, 0x220e, 0x220e, 0x220e, 0x220e, 
	0x220e, 0x220e, 0x220e, 0x220e, 0x220e, 0x220e, 0x19ed, 0x4b93, 0x961b, 0x961b, 0xaeb8, 0xae98, 0x9635, 0x9635, 0x9635, 0x9635, 
	0x9635, 0x9635, 0xae78, 0xaeb8, 0x9e56, 0x9615, 0x9635, 0x9635, 0x9615, 0x9635, 0x9615, 0x9635, 0x9635, 0x9636, 0x8e34, 0x7d91, 
	0x7d91, 0x8e34, 0x9635, 0x9635, 0x9635, 0x9635, 0x9635, 0x9635, 0x9656, 0x7553, 0x5494, 0x4c94, 0x4437, 0x4c78, 0x4cfa, 0x4cda, 
	0x4cda, 0x4cda, 0x4c99, 0x4c99, 0x4cda, 0x4cda, 0x4cda, 0x4cda, 0x4cda, 0x4cda, 0x54da, 0x54fa, 0x54fa, 0x54fa, 0x54fa, 0x54fa, 
	0x54fa, 0x4cda, 0x4cda, 0x54fb, 0x5cfa, 0x5cfa, 0x54fa, 0x54fa, 0x5cfa, 0x5d1a, 0x651a, 0x5d1a, 0x651b, 0x5d1a, 0x6519, 0x6d5a, 
	0x85b7, 0x85d8, 0x9e3a, 0x9639, 0x9635, 0x9636, 0xa677, 0xa677, 0x9636, 0x9635, 0x9635, 0x9635, 0x9615, 0x9636, 0x85d7, 0x7db7, 
	0x7db8, 0x7db7, 0x95f6, 0xa699, 0x9638, 0x85b6, 0x7d97, 0x7556, 0x6d75, 0x6533, 0x6d35, 0x8618, 0x8e19, 0x8df8, 0x9635, 0x9635, 
	0x9635, 0x9635, 0x9635, 0x9615, 0x9635, 0x9635, 0x9635, 0x9635, 0x9635, 0x9635, 0x9635, 0x9635, 0x9635, 0x9635, 0x9635, 0x9635, 
	0x9635, 0x9635, 0x9635, 0x9635, 0x9635, 0x9635, 0x9615, 0x9635, 0x9635, 0x9635, 0x9635, 0x9635, 0x9615, 0x9635, 0x9635, 0x9635, 
	0x9635, 0x9635, 0x9635, 0x85d3, 0x7db2, 0x8e14, 0x9636, 0x9635, 0x9635, 0x9635, 0x9635, 0x9635, 0x9635, 0x8e15, 0x85d2, 0x7db2, 
	0x75b1, 0x7591, 0x4c77, 0x4456, 0x6d18, 0x7559, 0x54b5, 0x5495, 0x3b52, 0x228f, 0x224f, 0x1a0e, 0x220e, 0x220e, 0x220e, 0x220e, 
	0x220e, 0x220e, 0x220e, 0x220e, 0x220e, 0x220e, 0x220e, 0x220e, 0x220e, 0x220e, 0x220e, 0x220e, 0x220e, 0x220e, 0x220e, 0x220e, 
	0x220e, 0x220e, 0x220e, 0x220e, 0x220e, 0x220e, 0x220e, 0x220e, 0x220e, 0x220e, 0x220e, 0x220e, 0x220e, 0x220e, 0x220e, 0x220e, 
	0x220e, 0x220e, 0x220e, 0x220e, 0x220e, 0x220e, 0x220e, 0x220e, 0x220e, 0x220e, 0x220e, 0x220e, 0x220e, 0x220e, 0x220e, 0x220e, 
	0x220e, 0x220e, 0x220e, 0x220e, 0x220e, 0x220e, 0x220e, 0x220e, 0x220e, 0x220e, 0x220e, 0x220e, 0x220e, 0x220e, 0x220e, 0x220e, 
	0x220e, 0x220e, 0x220e, 0x220e, 0x220e, 0x220e, 0x19ed, 0x4b94, 0x963c, 0x8dfb, 0x9635, 0x9635, 0x9635, 0x9635, 0x9635, 0x9635, 
	0x9635, 0x9635, 0xbed9, 0xcf3b, 0xa677, 0x9615, 0x9636, 0x9636, 0x9636, 0x9636, 0x9635, 0x9635, 0x9636, 0x9636, 0x8e32, 0x650e, 
	0x6d2e, 0x8e53, 0x9636, 0x9635, 0x9635, 0x9635, 0x9635, 0x9635, 0x9659, 0x6d34, 0x4417, 0x4438, 0x4437, 0x4c78, 0x4cfb, 0x4cfa, 
	0x4cfa, 0x4cda, 0x4cfa, 0x4cfa, 0x4cfa, 0x4cfa, 0x4cfa, 0x4cfa, 0x4cda, 0x4cfa, 0x4cda, 0x4cfa, 0x4cda, 0x4cfa, 0x4cda, 0x4cda, 
	0x4cda, 0x4cfa, 0x54da, 0x5d3b, 0x651a, 0x651a, 0x653b, 0x653a, 0x653a, 0x651a, 0x653a, 0x651a, 0x651b, 0x5d1b, 0x6518, 0x759a, 
	0x9e35, 0xa697, 0xcf3b, 0xbed9, 0x9635, 0x9635, 0x8e15, 0x9635, 0x9635, 0x9635, 0x9635, 0x9635, 0x9635, 0x9635, 0x9635, 0x9635, 
	0x9635, 0x9635, 0x9635, 0x9615, 0x9635, 0x9635, 0x9635, 0x9e56, 0x8e52, 0x6d2d, 0x5d13, 0x6554, 0x6d58, 0x7dfa, 0x9635, 0x9635, 
	0x9635, 0x9635, 0x9636, 0x9636, 0x9636, 0x9636, 0x9655, 0x9635, 0x9635, 0x9635, 0x9635, 0x9635, 0x9635, 0x9635, 0x9635, 0x9635, 
	0x9635, 0x9635, 0x9635, 0x9635, 0x9635, 0x9635, 0x9635, 0x9635, 0x9635, 0x9635, 0x9635, 0x9635, 0x9635, 0x9635, 0x9635, 0x9635, 
	0x9635, 0x9635, 0x9636, 0x9636, 0x9636, 0x9636, 0x9635, 0x9635, 0x9635, 0x9635, 0x9635, 0x9635, 0x9636, 0x9636, 0x9655, 0x8e14, 
	0x654d, 0x652d, 0x4c56, 0x4456, 0x54b8, 0x54d9, 0x4c58, 0x4457, 0x3b74, 0x2b12, 0x2a8f, 0x1a2e, 0x220e, 0x220e, 0x220e, 0x220e, 
	0x220e, 0x220e, 0x220e, 0x220e, 0x220e, 0x220e, 0x220e, 0x220e, 0x220e, 0x220e, 0x220e, 0x220e, 0x220e, 0x220e, 0x220e, 0x220e, 
	0x220e, 0x220e, 0x220e, 0x220e, 0x220e, 0x220e, 0x220e, 0x220e, 0x220e, 0x220e, 0x220e, 0x220e, 0x220e, 0x220e, 0x220e, 0x220e, 
	0x220e, 0x220e, 0x220e, 0x220e, 0x220e, 0x220e, 0x220e, 0x220e, 0x220e, 0x220e, 0x220e, 0x220e, 0x220e, 0x220e, 0x220e, 0x220e, 
	0x220e, 0x220e, 0x220e, 0x220e, 0x220e, 0x220e, 0x220e, 0x220e, 0x220e, 0x220e, 0x220e, 0x220e, 0x220e, 0x220e, 0x220e, 0x220e, 
	0x220e, 0x220e, 0x220e, 0x220e, 0x220e, 0x220e, 0x19ed, 0x4b93, 0x963c, 0x8ddb, 0x7db7, 0x7dd7, 0x9635, 0x9635, 0x9635, 0x9635, 
	0x9635, 0x9635, 0xa677, 0xaeb8, 0x9e56, 0x9636, 0x85f3, 0x7db1, 0x85d3, 0x9635, 0x9635, 0x9635, 0x9635, 0x9636, 0x8e34, 0x7d92, 
	0x7db2, 0x8e34, 0x9635, 0x9635, 0x9635, 0x9635, 0x9634, 0x85d3, 0x7db5, 0x6512, 0x4437, 0x4c58, 0x4499, 0x4c99, 0x4cfa, 0x4cda, 
	0x4cda, 0x4cda, 0x4cda, 0x4cda, 0x4cda, 0x4cda, 0x4cda, 0x4cda, 0x4cda, 0x4cda, 0x4cda, 0x4cda, 0x4cda, 0x4cda, 0x4cda, 0x4cda, 
	0x4cda, 0x4cda, 0x54d9, 0x5d3b, 0x651a, 0x651a, 0x651a, 0x651a, 0x651a, 0x5d1a, 0x651a, 0x5d1a, 0x651b, 0x5d1a, 0x6518, 0x759a, 
	0x9615, 0x9e56, 0xaeb8, 0xa677, 0x9635, 0x9635, 0x9635, 0x9635, 0x9635, 0x9635, 0x9635, 0x9635, 0x9615, 0x9635, 0xa657, 0xae98, 
	0x9e56, 0x9615, 0x9635, 0x9636, 0x9635, 0x9635, 0x9636, 0x9636, 0x8e32, 0x6d2e, 0x5d13, 0x5cf3, 0x64d6, 0x8e3c, 0xae97, 0x9e36, 
	0x9635, 0x9635, 0x9635, 0x85f4, 0x7db3, 0x7d92, 0x7535, 0x7d96, 0x9636, 0x9635, 0x9635, 0x9635, 0x9635, 0x9635, 0x9635, 0x9635, 
	0x9635, 0x9636, 0x9635, 0x9635, 0x9635, 0x9636, 0x9615, 0x9636, 0x9635, 0x9635, 0x9635, 0x9635, 0x9635, 0x9635, 0x9635, 0x9635, 
	0x9635, 0x9635, 0x9635, 0x9635, 0x9636, 0x9635, 0x9635, 0x9635, 0x9635, 0x9635, 0x9635, 0x9635, 0x9635, 0x9635, 0x9636, 0x8df5, 
	0x5cd2, 0x54b2, 0x4457, 0x4457, 0x54b8, 0x5cd9, 0x4c78, 0x4c78, 0x3b94, 0x2b12, 0x2a8f, 0x1a2e, 0x220e, 0x220e, 0x220e, 0x220e, 
	0x220e, 0x220e, 0x220e, 0x220e, 0x220e, 0x220e, 0x220e, 0x220e, 0x220e, 0x220e, 0x220e, 0x220e, 0x220e, 0x220e, 0x220e, 0x220e, 
	0x220e, 0x220e, 0x220e, 0x220e, 0x220e, 0x220e, 0x220e, 0x220e, 0x220e, 0x220e, 0x220e, 0x220e, 0x220e, 0x220e, 0x220e, 0x220e, 
	0x220e, 0x220e, 0x220e, 0x220e, 0x220e, 0x220e, 0x220e, 0x220e, 0x220e, 0x220e, 0x220e, 0x220e, 0x220e, 0x220e, 0x220e, 0x220e, 
	0x220e, 0x220e, 0x220e, 0x220e, 0x220e, 0x220e, 0x220e, 0x220e, 0x220e, 0x220e, 0x220e, 0x220e, 0x220e, 0x220e, 0x220e, 0x220e, 
	0x220e, 0x220e, 0x220e, 0x220e, 0x220e, 0x220e, 0x1a0d, 0x4b93, 0x963d, 0x85bb, 0x5d19, 0x655a, 0x9636, 0x9636, 0x9635, 0x9635, 
	0x9635, 0x9635, 0x9615, 0x9615, 0x9635, 0x9636, 0x75af, 0x5cec, 0x7d91, 0x9675, 0x9636, 0x9636, 0x9635, 0x9635, 0x9636, 0x9636, 
	0x9636, 0x9636, 0x9635, 0x9615, 0x9615, 0x9635, 0x9654, 0x7570, 0x652f, 0x5cce, 0x4438, 0x4c79, 0x4cfb, 0x4cfa, 0x4cfa, 0x4cfa, 
	0x4cfa, 0x4cda, 0x4cda, 0x4cfa, 0x4cda, 0x4cfa, 0x4cfa, 0x4cfa, 0x4cda, 0x4cfa, 0x4cda, 0x4cfa, 0x4cda, 0x4cfa, 0x4cda, 0x4cfa, 
	0x4cda, 0x4cda, 0x54da, 0x5d3b, 0x653a, 0x653a, 0x653a, 0x653a, 0x653a, 0x651a, 0x653a, 0x651a, 0x651b, 0x651b, 0x6518, 0x759a, 
	0x9655, 0x9635, 0x9615, 0x9615, 0x9635, 0x9635, 0x9635, 0x9635, 0x9635, 0x9635, 0x9635, 0x9635, 0x9635, 0x9635, 0xbeb9, 0xcf3b, 
	0xae98, 0x9615, 0x9635, 0x9635, 0x9636, 0x9636, 0x9636, 0x9636, 0x8e32, 0x6d2e, 0x5d13, 0x4c91, 0x5434, 0xa69e, 0xc75a, 0xa636, 
	0x8e15, 0x9635, 0x9654, 0x7d91, 0x5d0f, 0x5cef, 0x4415, 0x5cb8, 0x9656, 0x9655, 0x9635, 0x9635, 0x9635, 0x9635, 0x9635, 0x9635, 
	0x9635, 0x9635, 0x9635, 0x9635, 0x9635, 0x9635, 0x9635, 0x9635, 0x9635, 0x9635, 0x9635, 0x9635, 0x9635, 0x9635, 0x9635, 0x9635, 
	0x9635, 0x9635, 0x9635, 0x9635, 0x9635, 0x9635, 0x9635, 0x9635, 0x9635, 0x9635, 0x9635, 0x9635, 0x9635, 0x9635, 0x9637, 0x8df5, 
	0x4438, 0x4437, 0x4457, 0x4457, 0x54b8, 0x5cd9, 0x54b8, 0x54b8, 0x3b94, 0x2b12, 0x2a8f, 0x1a2e, 0x220e, 0x220e, 0x220e, 0x220e, 
	0x220e, 0x220e, 0x220e, 0x220e, 0x220e, 0x220e, 0x220e, 0x220e, 0x220e, 0x220e, 0x220e, 0x220e, 0x220e, 0x220e, 0x220e, 0x220e, 
	0x220e, 0x220e, 0x220e, 0x220e, 0x220e, 0x220e, 0x220e, 0x220e, 0x220e, 0x220e, 0x220e, 0x220e, 0x220e, 0x220e, 0x220e, 0x220e, 
	0x220e, 0x220e, 0x220e, 0x220e, 0x220e, 0x220e, 0x220e, 0x220e, 0x220e, 0x220e, 0x220e, 0x220e, 0x220e, 0x220e, 0x220e, 0x220e, 
	0x220e, 0x220e, 0x220e, 0x220e, 0x220e, 0x220e, 0x220e, 0x220e, 0x220e, 0x220e, 0x220e, 0x220e, 0x220e, 0x220e, 0x220e, 0x220e, 
	0x220e, 0x220e, 0x220e, 0x220e, 0x220e, 0x220e, 0x1a0d, 0x4b93, 0x963d, 0x85bb, 0x6519, 0x6d3a, 0x9636, 0x9636, 0x9635, 0x9635, 
	0x9635, 0x9635, 0x9635, 0x9636, 0x9635, 0x9635, 0x85d2, 0x7570, 0x7db1, 0x85d2, 0x85f4, 0x9635, 0x9635, 0x9635, 0x9635, 0x9635, 
	0x9635, 0x9635, 0x9615, 0x9e77, 0xa677, 0x9e36, 0x9655, 0x7552, 0x54d3, 0x54b2, 0x4458, 0x4c78, 0x4cfa, 0x4cda, 0x4cda, 0x4cda, 
	0x54fa, 0x4cfa, 0x4cda, 0x4cda, 0x4cda, 0x4cda, 0x4cda, 0x4cda, 0x4cda, 0x4cda, 0x4cda, 0x4cda, 0x4cda, 0x4cda, 0x4cda, 0x4cda, 
	0x4cda, 0x54fb, 0x54fa, 0x5d1b, 0x651a, 0x651a, 0x651a, 0x651a, 0x651a, 0x5d1a, 0x651a, 0x5d1a, 0x651b, 0x5d1a, 0x6518, 0x759a, 
	0x9635, 0x9635, 0x9635, 0x9635, 0x9635, 0x9635, 0x9635, 0x9636, 0x9635, 0x9635, 0x9635, 0x9635, 0x9615, 0x9635, 0xae77, 0xb6d9, 
	0x9e77, 0x9615, 0x9635, 0x9636, 0x8e14, 0x85d3, 0x85d3, 0x9635, 0x8e33, 0x7d91, 0x6d75, 0x4c92, 0x5434, 0x963c, 0xb6d8, 0xae77, 
	0xa677, 0x9e36, 0x9654, 0x7db1, 0x6530, 0x5cef, 0x4436, 0x54b8, 0x7d96, 0x7d76, 0x7d76, 0x7d96, 0x9616, 0x9636, 0x9635, 0x9635, 
	0x9635, 0x9636, 0x9635, 0x9635, 0x9635, 0x9636, 0x9615, 0x9636, 0x9635, 0x9635, 0x9635, 0x9635, 0x9635, 0x9635, 0x9635, 0x9635, 
	0x9635, 0x9635, 0x9635, 0x9635, 0x9636, 0x9635, 0x9636, 0x9635, 0x9636, 0x9635, 0x9635, 0x9635, 0x9635, 0x9635, 0x9636, 0x8df5, 
	0x64f7, 0x5cf6, 0x4c57, 0x4457, 0x54b8, 0x5cd9, 0x5498, 0x5498, 0x3b94, 0x2b12, 0x2a8f, 0x1a2e, 0x220e, 0x220e, 0x220e, 0x220e, 
	0x220e, 0x220e, 0x220e, 0x220e, 0x220e, 0x220e, 0x220e, 0x220e, 0x220e, 0x220e, 0x220e, 0x220e, 0x220e, 0x220e, 0x220e, 0x220e, 
	0x220e, 0x220e, 0x220e, 0x220e, 0x220e, 0x220e, 0x220e, 0x220e, 0x220e, 0x220e, 0x220e, 0x220e, 0x220e, 0x220e, 0x220e, 0x220e, 
	0x220e, 0x220e, 0x220e, 0x220e, 0x220e, 0x220e, 0x220e, 0x220e, 0x220e, 0x220e, 0x220e, 0x220e, 0x220e, 0x220e, 0x220e, 0x220e, 
	0x220e, 0x220e, 0x220e, 0x220e, 0x220e, 0x220e, 0x220e, 0x220e, 0x220e, 0x220e, 0x220e, 0x220e, 0x220e, 0x220e, 0x220e, 0x220e, 
	0x220e, 0x220e, 0x220e, 0x220e, 0x220e, 0x220e, 0x1a0d, 0x4b93, 0x963d, 0x85bb, 0x6519, 0x6d5a, 0x9635, 0x9635, 0x9635, 0x9635, 
	0x9635, 0x9635, 0x9635, 0x9635, 0x9635, 0x9635, 0x9636, 0x9656, 0x7dd0, 0x64ed, 0x7571, 0x9654, 0x9636, 0x9636, 0x9635, 0x9635, 
	0x9635, 0x9635, 0x9e16, 0xbefa, 0xc73a, 0xa656, 0x8e39, 0x64f4, 0x4438, 0x4438, 0x4437, 0x4c78, 0x4cfb, 0x4cfa, 0x4cda, 0x4cfa, 
	0x551b, 0x54fa, 0x4cfa, 0x4cda, 0x4cda, 0x4cfa, 0x4cfa, 0x4cfa, 0x4cda, 0x4cfa, 0x4cda, 0x4cfa, 0x4cda, 0x4cfa, 0x4cda, 0x4cda, 
	0x54da, 0x5d3b, 0x651a, 0x651a, 0x651a, 0x653a, 0x653a, 0x653a, 0x653a, 0x651a, 0x653a, 0x651a, 0x651b, 0x5d1a, 0x6518, 0x759a, 
	0x9655, 0x9635, 0x9635, 0x9635, 0x9635, 0x9635, 0x9635, 0x9635, 0x9635, 0x9635, 0x9635, 0x9615, 0x9635, 0x9635, 0x9635, 0x9615, 
	0x9635, 0x9635, 0x9635, 0x9636, 0x7df1, 0x650d, 0x7550, 0x9654, 0x9635, 0x9635, 0x861a, 0x5474, 0x4c53, 0x7dda, 0x9e15, 0xb6f8, 
	0xc73b, 0xae58, 0x9654, 0x7db1, 0x652f, 0x5cee, 0x4437, 0x4437, 0x4418, 0x4418, 0x4436, 0x4c57, 0x8e16, 0x9636, 0x9635, 0x9635, 
	0x9635, 0x9635, 0x9635, 0x9635, 0x9635, 0x9635, 0x9635, 0x9635, 0x9635, 0x9635, 0x9635, 0x9635, 0x9635, 0x9635, 0x9635, 0x9635, 
	0x9635, 0x9635, 0x9635, 0x9635, 0x9635, 0x9635, 0x9635, 0x9635, 0x9635, 0x9635, 0x9635, 0x9635, 0x9636, 0x9636, 0x9635, 0x9635, 
	0x9656, 0x9636, 0x4c77, 0x4456, 0x54b8, 0x5cd9, 0x5498, 0x54b8, 0x3b94, 0x2b12, 0x2a8f, 0x1a2e, 0x220e, 0x220e, 0x220e, 0x220e, 
	0x220e, 0x220e, 0x220e, 0x220e, 0x220e, 0x220e, 0x220e, 0x220e, 0x220e, 0x220e, 0x220e, 0x220e, 0x220e, 0x220e, 0x220e, 0x220e, 
	0x220e, 0x220e, 0x220e, 0x220e, 0x220e, 0x220e, 0x220e, 0x220e, 0x220e, 0x220e, 0x220e, 0x220e, 0x220e, 0x220e, 0x220e, 0x220e, 
	0x220e, 0x220e, 0x220e, 0x220e, 0x220e, 0x220e, 0x220e, 0x220e, 0x220e, 0x220e, 0x220e, 0x220e, 0x220e, 0x220e, 0x220e, 0x220e, 
	0x220e, 0x220e, 0x220e, 0x220e, 0x220e, 0x220e, 0x220e, 0x220e, 0x220e, 0x220e, 0x220e, 0x220e, 0x220e, 0x220e, 0x220e, 0x220e, 
	0x220e, 0x220e, 0x220e, 0x220e, 0x220e, 0x220e, 0x1a0d, 0x4b93, 0x963d, 0x85bb, 0x6519, 0x653a, 0x85d6, 0x8df7, 0x9e57, 0x9e57, 
	0x9636, 0x9635, 0x9615, 0x9635, 0x9635, 0x9635, 0x9635, 0x9636, 0x85f1, 0x6d4f, 0x7db2, 0x9655, 0x9635, 0x9635, 0x9635, 0x9635, 
	0x9635, 0x9635, 0x9e16, 0xaeb8, 0xb6da, 0x95f6, 0x7db8, 0x5cd5, 0x4437, 0x4458, 0x4478, 0x4c99, 0x4cfa, 0x4cda, 0x4cda, 0x4cda, 
	0x54fa, 0x54fa, 0x4cda, 0x4cda, 0x4cda, 0x4cda, 0x4cda, 0x4cda, 0x4cda, 0x4cda, 0x4cda, 0x4cda, 0x4cda, 0x4cda, 0x4cda, 0x54fa, 
	0x54fa, 0x5d1b, 0x5d1a, 0x5d1a, 0x5d1a, 0x5d1a, 0x651a, 0x651a, 0x5d1a, 0x5d1a, 0x651a, 0x5d1a, 0x651a, 0x6d5b, 0x7d99, 0x85d9, 
	0x9635, 0x9635, 0x9635, 0x9635, 0x9635, 0x9635, 0x9635, 0x9635, 0x9635, 0x9635, 0x9e56, 0x9e57, 0x9636, 0x9635, 0x9635, 0x9635, 
	0x9635, 0x9635, 0x9635, 0x9636, 0x8612, 0x7550, 0x7d91, 0x9654, 0x9635, 0x9635, 0x8e18, 0x64f4, 0x5cb5, 0x7578, 0x85b5, 0xa678, 
	0xb6d9, 0xa657, 0x9634, 0x85d3, 0x6d71, 0x6d50, 0x5cb7, 0x5cb7, 0x5cb7, 0x5cb7, 0x5cb6, 0x5cf7, 0x85d7, 0x85f7, 0x85b6, 0x85b6, 
	0x9e36, 0xa677, 0x9636, 0x9615, 0x9635, 0x9635, 0x9615, 0x9635, 0x9635, 0x9635, 0x9635, 0x9635, 0x9635, 0x9635, 0x9635, 0x9635, 
	0x9635, 0x9635, 0x9635, 0x9635, 0x9635, 0x9635, 0x9635, 0x9635, 0x9635, 0x9635, 0x9635, 0x8e15, 0x85f4, 0x85d4, 0x85b5, 0x85b5, 
	0x85f4, 0x85d4, 0x4c77, 0x4456, 0x5498, 0x5cd9, 0x5498, 0x5498, 0x3b94, 0x2b12, 0x2a8f, 0x1a2e, 0x220e, 0x220e, 0x220e, 0x220e, 
	0x220e, 0x220e, 0x220e, 0x220e, 0x220e, 0x220e, 0x220e, 0x220e, 0x220e, 0x220e, 0x220e, 0x220e, 0x220e, 0x220e, 0x220e, 0x220e, 
	0x220e, 0x220e, 0x220e, 0x220e, 0x220e, 0x220e, 0x220e, 0x220e, 0x220e, 0x220e, 0x220e, 0x220e, 0x220e, 0x220e, 0x220e, 0x220e, 
	0x220e, 0x220e, 0x220e, 0x220e, 0x220e, 0x220e, 0x220e, 0x220e, 0x220e, 0x220e, 0x220e, 0x220e, 0x220e, 0x220e, 0x220e, 0x220e, 
	0x220e, 0x220e, 0x220e, 0x220e, 0x220e, 0x220e, 0x220e, 0x220e, 0x220e, 0x220e, 0x220e, 0x220e, 0x220e, 0x220e, 0x220e, 0x220e, 
	0x220e, 0x220e, 0x220e, 0x220e, 0x220e, 0x220e, 0x1a0d, 0x4b93, 0x963d, 0x85bb, 0x651b, 0x651b, 0x651a, 0x6d5b, 0xbefa, 0xc71b, 
	0x9636, 0x9615, 0x9635, 0x9635, 0x9635, 0x9635, 0x9635, 0x9635, 0x9635, 0x9636, 0x9635, 0x9635, 0x9635, 0x9635, 0x9636, 0x9636, 
	0x9635, 0x9635, 0x9635, 0x9635, 0x8e39, 0x5cb3, 0x4417, 0x4438, 0x4457, 0x4c98, 0x4cfb, 0x4cda, 0x4cfa, 0x4cda, 0x4cfa, 0x4cfa, 
	0x4cfa, 0x4cda, 0x4cda, 0x4cda, 0x4cda, 0x4cfa, 0x4cda, 0x4cfa, 0x4cda, 0x4cfa, 0x4cda, 0x4cfa, 0x4cda, 0x4cda, 0x54fa, 0x5d3b, 
	0x651a, 0x653a, 0x651a, 0x651a, 0x651a, 0x651a, 0x653a, 0x653a, 0x651a, 0x651a, 0x651b, 0x5d1a, 0x64f7, 0x963d, 0xcf3b, 0xb698, 
	0x9615, 0x9635, 0x9635, 0x9635, 0x9635, 0x9635, 0x9635, 0x9635, 0x9635, 0x9635, 0xbeda, 0xc71a, 0x9e56, 0x9615, 0x9635, 0x9635, 
	0x9635, 0x9635, 0x9635, 0x9635, 0x9636, 0x9636, 0x9635, 0x9635, 0x9635, 0x9635, 0x9635, 0x9635, 0x8e3a, 0x5cb4, 0x4c34, 0x7599, 
	0x9635, 0x9635, 0x9636, 0x9636, 0x9636, 0x9636, 0x9635, 0x9635, 0x9635, 0x9635, 0x9636, 0x9616, 0x655b, 0x653a, 0x4457, 0x4437, 
	0xae79, 0xc73c, 0xa677, 0x9615, 0x9635, 0x9635, 0x9635, 0x9635, 0x9635, 0x9635, 0x9635, 0x9635, 0x9635, 0x9635, 0x9635, 0x9635, 
	0x9635, 0x9635, 0x9635, 0x9635, 0x9636, 0x9636, 0x9635, 0x9635, 0x9635, 0x9635, 0x9655, 0x85d3, 0x652e, 0x5d0e, 0x4455, 0x4c56, 
	0x652e, 0x652e, 0x4c56, 0x4456, 0x54b8, 0x5cd9, 0x5498, 0x54b8, 0x3b94, 0x2b12, 0x2a8f, 0x1a2e, 0x220e, 0x220e, 0x220e, 0x220e, 
	0x220e, 0x220e, 0x220e, 0x220e, 0x220e, 0x220e, 0x220e, 0x220e, 0x220e, 0x220e, 0x220e, 0x220e, 0x220e, 0x220e, 0x220e, 0x220e, 
	0x220e, 0x220e, 0x220e, 0x220e, 0x220e, 0x220e, 0x220e, 0x220e, 0x220e, 0x220e, 0x220e, 0x220e, 0x220e, 0x220e, 0x220e, 0x220e, 
	0x220e, 0x220e, 0x220e, 0x220e, 0x220e, 0x220e, 0x220e, 0x220e, 0x220e, 0x220e, 0x220e, 0x220e, 0x220e, 0x220e, 0x220e, 0x220e, 
	0x220e, 0x220e, 0x220e, 0x220e, 0x220e, 0x220e, 0x220e, 0x220e, 0x220e, 0x220e, 0x220e, 0x220e, 0x220e, 0x220e, 0x220e, 0x220e, 
	0x220e, 0x220e, 0x220e, 0x220e, 0x220e, 0x220e, 0x1a0d, 0x4b93, 0x963d, 0x85bb, 0x5d1a, 0x5d1a, 0x651a, 0x6d3a, 0xae9a, 0xb6ba, 
	0x9e57, 0x9e36, 0x9635, 0x9635, 0x9635, 0x9635, 0x9635, 0x9635, 0x9615, 0x9635, 0x9635, 0x9635, 0x8e35, 0x8e14, 0x8df4, 0x8df4, 
	0x8e14, 0x9635, 0x9635, 0x9635, 0x8e38, 0x64f4, 0x4c77, 0x4c57, 0x4458, 0x4c99, 0x4cfa, 0x4cda, 0x4cda, 0x4cda, 0x4cda, 0x4cda, 
	0x4cda, 0x4cda, 0x4cda, 0x4cda, 0x4cda, 0x4cda, 0x4cda, 0x4cda, 0x4cda, 0x4cda, 0x4cda, 0x4cda, 0x4cda, 0x4cfa, 0x54fa, 0x5d1b, 
	0x5d1a, 0x651a, 0x5d1a, 0x5d1a, 0x5d1a, 0x651a, 0x651a, 0x651a, 0x651a, 0x5d1a, 0x651a, 0x655b, 0x7558, 0x963c, 0xbefa, 0xae77, 
	0x9615, 0x9635, 0x9635, 0x9635, 0x9635, 0x9635, 0x9635, 0x9635, 0x9635, 0x9636, 0xb6b9, 0xbeda, 0x9e56, 0x9615, 0x9635, 0x9635, 
	0x9635, 0x9635, 0x9615, 0x9635, 0x9635, 0x9635, 0x9635, 0x9635, 0x9635, 0x9635, 0x9635, 0x9635, 0x8e19, 0x5cb4, 0x4c34, 0x759a, 
	0x9635, 0x9635, 0x9635, 0x8e15, 0x8df4, 0x8e14, 0x9636, 0x9635, 0x9635, 0x9635, 0x8e15, 0x85f5, 0x653a, 0x5d1a, 0x4c78, 0x4c58, 
	0x9e19, 0xb6bc, 0x9637, 0x8df6, 0x8e15, 0x9636, 0x9615, 0x9635, 0x9635, 0x9636, 0x8e35, 0x8e14, 0x8df5, 0x85f5, 0x8dd5, 0x8e16, 
	0x9635, 0x9635, 0x9635, 0x8df5, 0x8df4, 0x8e15, 0x9636, 0x8df5, 0x85d5, 0x8df5, 0x8e14, 0x7db2, 0x5d10, 0x5cf0, 0x4456, 0x4c56, 
	0x5d10, 0x5d10, 0x4c56, 0x4456, 0x5498, 0x5cd9, 0x5498, 0x5498, 0x3b94, 0x2b12, 0x2a8f, 0x1a2e, 0x220e, 0x220e, 0x220e, 0x220e, 
	0x220e, 0x220e, 0x220e, 0x220e, 0x220e, 0x220e, 0x220e, 0x220e, 0x220e, 0x220e, 0x220e, 0x220e, 0x220e, 0x220e, 0x220e, 0x220e, 
	0x220e, 0x220e, 0x220e, 0x220e, 0x220e, 0x220e, 0x220e, 0x220e, 0x220e, 0x220e, 0x220e, 0x220e, 0x220e, 0x220e, 0x220e, 0x220e, 
	0x220e, 0x220e, 0x220e, 0x220e, 0x220e, 0x220e, 0x220e, 0x220e, 0x220e, 0x220e, 0x220e, 0x220e, 0x220e, 0x220e, 0x220e, 0x220e, 
	0x220e, 0x220e, 0x220e, 0x220e, 0x220e, 0x220e, 0x220e, 0x220e, 0x220e, 0x220e, 0x220e, 0x220e, 0x220e, 0x220e, 0x220e, 0x220e, 
	0x220e, 0x220e, 0x220e, 0x220e, 0x220e, 0x220e, 0x1a0d, 0x4b93, 0x963d, 0x85bb, 0x5d1a, 0x651a, 0x651a, 0x651a, 0x651a, 0x653a, 
	0xb6ba, 0xc6fb, 0x9e56, 0x9615, 0x9635, 0x9635, 0x9635, 0x9635, 0x9615, 0x9635, 0x9635, 0x9636, 0x8612, 0x6d2e, 0x654c, 0x654c, 
	0x6d2f, 0x8e33, 0x9636, 0x9636, 0x9635, 0x9635, 0x8e39, 0x64f4, 0x4438, 0x4c99, 0x4cfa, 0x4cda, 0x4cda, 0x4cda, 0x4cda, 0x4cda, 
	0x4cda, 0x4cda, 0x4cda, 0x4cda, 0x4cda, 0x4cda, 0x4cda, 0x4cda, 0x4cda, 0x4cda, 0x4cda, 0x4cda, 0x54fa, 0x5d3b, 0x5d1a, 0x651a, 
	0x651a, 0x651a, 0x5d1a, 0x651a, 0x651a, 0x651a, 0x651a, 0x651a, 0x5d1b, 0x5d1a, 0x6cf7, 0x9e7d, 0xc73a, 0xae77, 0x9635, 0x9635, 
	0x9635, 0x9635, 0x9635, 0x9635, 0x9635, 0x9635, 0x9635, 0x9635, 0x9635, 0x9635, 0x9636, 0x9636, 0x9635, 0x9636, 0x9635, 0x9635, 
	0x9635, 0x9635, 0x9635, 0x9635, 0x9635, 0x9635, 0x9635, 0x9635, 0x9635, 0x9635, 0x9635, 0x9635, 0x8e1a, 0x5cb4, 0x4c34, 0x759a, 
	0x9655, 0x9635, 0x9655, 0x7db2, 0x650d, 0x75af, 0x9636, 0x9635, 0x9635, 0x8df4, 0x654e, 0x652e, 0x4c57, 0x4c57, 0x5d1b, 0x653b, 
	0x653a, 0x653a, 0x653a, 0x651a, 0x85b6, 0x8e37, 0x9635, 0x9635, 0x9636, 0x9636, 0x8611, 0x6d2e, 0x5cf4, 0x4c72, 0x5474, 0x85fa, 
	0x9635, 0x9635, 0x9654, 0x7570, 0x650d, 0x85f1, 0x9639, 0x6d35, 0x4434, 0x54b5, 0x654f, 0x5d0e, 0x4457, 0x4457, 0x4437, 0x4437, 
	0x4437, 0x4437, 0x4457, 0x4457, 0x54b8, 0x5cd9, 0x5498, 0x54b8, 0x3b94, 0x2b12, 0x2a8f, 0x1a2e, 0x220e, 0x220e, 0x220e, 0x220e, 
	0x220e, 0x220e, 0x220e, 0x220e, 0x220e, 0x220e, 0x220e, 0x220e, 0x220e, 0x220e, 0x220e, 0x220e, 0x220e, 0x220e, 0x220e, 0x220e, 
	0x220e, 0x220e, 0x220e, 0x220e, 0x220e, 0x220e, 0x220e, 0x220e, 0x220e, 0x220e, 0x220e, 0x220e, 0x220e, 0x220e, 0x220e, 0x220e, 
	0x220e, 0x220e, 0x220e, 0x220e, 0x220e, 0x220e, 0x220e, 0x220e, 0x220e, 0x220e, 0x220e, 0x220e, 0x220e, 0x220e, 0x220e, 0x220e, 
	0x220e, 0x220e, 0x220e, 0x220e, 0x220e, 0x220e, 0x220e, 0x220e, 0x220e, 0x220e, 0x220e, 0x220e, 0x220e, 0x220e, 0x220e, 0x220e, 
	0x220e, 0x220e, 0x220e, 0x220e, 0x220e, 0x220e, 0x1a0d, 0x4b93, 0x963d, 0x85bb, 0x651a, 0x651a, 0x651b, 0x651b, 0x651a, 0x653a, 
	0xb6ba, 0xbefb, 0x9636, 0x8df5, 0x9615, 0x9636, 0x9636, 0x9636, 0x9635, 0x9635, 0x9615, 0x9615, 0x85f2, 0x650e, 0x652d, 0x652d, 
	0x6d30, 0x8e14, 0x8e16, 0x8df6, 0x8e15, 0x9615, 0x8e18, 0x64f3, 0x4438, 0x4c99, 0x4cfb, 0x4cda, 0x4cfa, 0x4cfa, 0x4cfa, 0x4cfa, 
	0x4cfa, 0x4cda, 0x4cda, 0x4cfa, 0x4cfa, 0x4cfa, 0x4cfa, 0x4cfa, 0x4cda, 0x4cfa, 0x4cda, 0x4cfa, 0x5cfa, 0x653b, 0x651a, 0x653a, 
	0x651a, 0x653a, 0x651a, 0x653a, 0x653a, 0x653a, 0x653a, 0x653a, 0x651b, 0x5d1b, 0x6cf8, 0x965d, 0xbf1a, 0xae57, 0x9615, 0x9635, 
	0x9635, 0x9635, 0x9635, 0x9635, 0x9635, 0x9635, 0x9635, 0x9635, 0x9635, 0x9635, 0x9635, 0x9635, 0x9635, 0x9635, 0x9635, 0x9635, 
	0x9635, 0x9635, 0x9635, 0x9636, 0x9635, 0x9635, 0x9635, 0x9635, 0x9635, 0x9635, 0x9635, 0x9635, 0x8e19, 0x5cd4, 0x4c54, 0x7599, 
	0x9615, 0x9615, 0x9655, 0x7db2, 0x652e, 0x75b0, 0x9636, 0x9635, 0x8e34, 0x85f3, 0x652f, 0x650f, 0x4c57, 0x4c57, 0x651b, 0x653b, 
	0x653a, 0x653a, 0x651b, 0x5d1a, 0x85d6, 0x9658, 0x9635, 0x9635, 0x9635, 0x9615, 0x85f1, 0x650e, 0x5cd4, 0x4c72, 0x5474, 0x8e1a, 
	0x9e56, 0x9635, 0x9654, 0x7570, 0x6d2e, 0x85f1, 0x9639, 0x7535, 0x4c74, 0x54b5, 0x6530, 0x5cef, 0x4437, 0x4457, 0x5477, 0x5477, 
	0x4c77, 0x4c77, 0x4457, 0x4457, 0x54b8, 0x5cd9, 0x5498, 0x54b8, 0x3b94, 0x2b12, 0x2a8f, 0x1a2e, 0x220e, 0x220e, 0x220e, 0x220e, 
	0x220e, 0x220e, 0x220e, 0x220e, 0x220e, 0x220e, 0x220e, 0x220e, 0x220e, 0x220e, 0x220e, 0x220e, 0x220e, 0x220e, 0x220e, 0x220e, 
	0x220e, 0x220e, 0x220e, 0x220e, 0x220e, 0x220e, 0x220e, 0x220e, 0x220e, 0x220e, 0x220e, 0x220e, 0x220e, 0x220e, 0x220e, 0x220e, 
	0x220e, 0x220e, 0x220e, 0x220e, 0x220e, 0x220e, 0x220e, 0x220e, 0x220e, 0x220e, 0x220e, 0x220e, 0x220e, 0x220e, 0x220e, 0x220e, 
	0x220e, 0x220e, 0x220e, 0x220e, 0x220e, 0x220e, 0x220e, 0x220e, 0x220e, 0x220e, 0x220e, 0x220e, 0x220e, 0x220e, 0x220e, 0x220e, 
	0x220e, 0x220e, 0x220e, 0x220e, 0x220e, 0x220e, 0x1a0d, 0x4b93, 0x963d, 0x85bb, 0x651a, 0x651a, 0x651b, 0x651b, 0x651a, 0x653a, 
	0x9616, 0x9657, 0x5cb7, 0x4c55, 0x7db5, 0x9637, 0xb698, 0xc71a, 0xa698, 0x9616, 0x85f1, 0x6d4e, 0x5cf4, 0x4c72, 0x4c57, 0x4457, 
	0x4c57, 0x4c77, 0x4c78, 0x4c78, 0x5492, 0x5cf4, 0x6d51, 0x5ccf, 0x4438, 0x4c99, 0x4cfb, 0x4cda, 0x4cfa, 0x4cfa, 0x4cfa, 0x4cfa, 
	0x4cfa, 0x4cda, 0x4cda, 0x4cfa, 0x4cda, 0x4cfa, 0x4cfa, 0x4cfa, 0x4cda, 0x4cfa, 0x5cfa, 0x5d3b, 0x5d1a, 0x653a, 0x651a, 0x653a, 
	0x651a, 0x653a, 0x651a, 0x653a, 0x651a, 0x653a, 0x653a, 0x653a, 0x653a, 0x651a, 0x651b, 0x653b, 0x6d38, 0x7dba, 0x9635, 0x9635, 
	0x9635, 0x9635, 0x9635, 0x9635, 0x9635, 0x9635, 0x9635, 0x9635, 0x9635, 0x9635, 0x9635, 0x9635, 0x9635, 0x9635, 0x9635, 0x9635, 
	0x9635, 0x9635, 0xae77, 0xc71a, 0xaeb8, 0x9615, 0x9635, 0x9635, 0x9635, 0x9635, 0x9635, 0x9635, 0x9635, 0x8e15, 0x8619, 0x64d4, 
	0x4c54, 0x7579, 0x9655, 0x9615, 0x9615, 0x9615, 0x9655, 0x85f3, 0x654f, 0x652e, 0x4c56, 0x4c56, 0x4457, 0x4457, 0x5d1a, 0x653b, 
	0x651a, 0x653a, 0x651b, 0x5d1a, 0x9e18, 0xbf1d, 0xae97, 0x9e15, 0x85f1, 0x6d4e, 0x5cf4, 0x4c72, 0x4458, 0x4438, 0x5c54, 0xaebd, 
	0xbf19, 0xa636, 0x9635, 0x8e15, 0x9615, 0x9635, 0x9635, 0x9615, 0x8e17, 0x7554, 0x4457, 0x4457, 0x4436, 0x5cd8, 0xbeda, 0xb6ba, 
	0x8e16, 0x8df6, 0x4cb8, 0x4477, 0x54b9, 0x5cd9, 0x5498, 0x54b8, 0x3b94, 0x2b12, 0x2a8f, 0x1a2e, 0x220e, 0x220e, 0x220e, 0x220e, 
	0x220e, 0x220e, 0x220e, 0x220e, 0x220e, 0x220e, 0x220e, 0x220e, 0x220e, 0x220e, 0x220e, 0x220e, 0x220e, 0x220e, 0x220e, 0x220e, 
	0x220e, 0x220e, 0x220e, 0x220e, 0x220e, 0x220e, 0x220e, 0x220e, 0x220e, 0x220e, 0x220e, 0x220e, 0x220e, 0x220e, 0x220e, 0x220e, 
	0x220e, 0x220e, 0x220e, 0x220e, 0x220e, 0x220e, 0x220e, 0x220e, 0x220e, 0x220e, 0x220e, 0x220e, 0x220e, 0x220e, 0x220e, 0x220e, 
	0x220e, 0x220e, 0x220e, 0x220e, 0x220e, 0x220e, 0x220e, 0x220e, 0x220e, 0x220e, 0x220e, 0x220e, 0x220e, 0x220e, 0x220e, 0x220e, 
	0x220e, 0x220e, 0x220e, 0x220e, 0x220e, 0x220e, 0x1a0d, 0x4b93, 0x963d, 0x85bb, 0x651a, 0x651a, 0x651b, 0x651b, 0x651a, 0x653a, 
	0x8df6, 0x8e17, 0x54b7, 0x4435, 0x7d95, 0x8e17, 0xb698, 0xc71a, 0xa698, 0x9616, 0x85f0, 0x6d2d, 0x5cf4, 0x4c72, 0x4438, 0x4438, 
	0x4457, 0x4437, 0x4438, 0x4438, 0x4c72, 0x5cf4, 0x6531, 0x54af, 0x4438, 0x4c99, 0x4cfb, 0x4cda, 0x4cfa, 0x4cda, 0x4cfa, 0x4cfa, 
	0x4cfa, 0x4cda, 0x4cda, 0x4cda, 0x4cda, 0x4cfa, 0x4cda, 0x4cfa, 0x4cda, 0x4cda, 0x5cfa, 0x651b, 0x651a, 0x653a, 0x651a, 0x653a, 
	0x651a, 0x653a, 0x5d1a, 0x651a, 0x651a, 0x651a, 0x653a, 0x653a, 0x651a, 0x651a, 0x651b, 0x651b, 0x6538, 0x7dba, 0x9635, 0x9635, 
	0x9635, 0x9635, 0x9635, 0x9635, 0x9636, 0x9636, 0x9635, 0x9635, 0x9635, 0x9635, 0x9635, 0x9635, 0x9635, 0x9636, 0x9635, 0x9635, 
	0x9635, 0x9615, 0xae58, 0xc71a, 0xaed8, 0x9615, 0x9635, 0x9635, 0x9635, 0x9635, 0x9635, 0x9635, 0x9635, 0x9635, 0x8e39, 0x64d4, 
	0x4414, 0x6d79, 0x9655, 0x9635, 0x9636, 0x9635, 0x9635, 0x85d3, 0x652f, 0x650e, 0x4457, 0x4457, 0x4457, 0x4457, 0x5d1a, 0x653a, 
	0x651a, 0x653a, 0x651b, 0x5cfa, 0x9e18, 0xc71d, 0xaeb8, 0x9e15, 0x85f1, 0x652d, 0x5cd4, 0x4c72, 0x4458, 0x4438, 0x5c74, 0xaebd, 
	0xbf1a, 0xa636, 0x9635, 0x9635, 0x9635, 0x9635, 0x9635, 0x9635, 0x9658, 0x7574, 0x4437, 0x4457, 0x4c36, 0x64d9, 0xc71b, 0xbeda, 
	0x9636, 0x8e16, 0x4cb8, 0x4497, 0x54b8, 0x5cd9, 0x5498, 0x54b8, 0x3b94, 0x2b12, 0x2a8f, 0x1a2e, 0x220e, 0x220e, 0x220e, 0x220e, 
	0x220e, 0x220e, 0x220e, 0x220e, 0x220e, 0x220e, 0x220e, 0x220e, 0x220e, 0x220e, 0x220e, 0x220e, 0x220e, 0x220e, 0x220e, 0x220e, 
	0x220e, 0x220e, 0x220e, 0x220e, 0x220e, 0x220e, 0x220e, 0x220e, 0x220e, 0x220e, 0x220e, 0x220e, 0x220e, 0x220e, 0x220e, 0x220e, 
	0x220e, 0x220e, 0x220e, 0x220e, 0x220e, 0x220e, 0x220e, 0x220e, 0x220e, 0x220e, 0x220e, 0x220e, 0x220e, 0x220e, 0x220e, 0x220e, 
	0x220e, 0x220e, 0x220e, 0x220e, 0x220e, 0x220e, 0x220e, 0x220e, 0x220e, 0x220e, 0x220e, 0x220e, 0x220e, 0x220e, 0x220e, 0x220e, 
	0x220e, 0x220e, 0x220e, 0x220e, 0x220e, 0x220e, 0x1a0d, 0x4b93, 0x963d, 0x85bb, 0x5d1a, 0x651a, 0x651a, 0x651a, 0x651a, 0x651a, 
	0x6d39, 0x6d3a, 0xa659, 0xb6bb, 0x6d39, 0x5455, 0x7d95, 0x9658, 0x9635, 0x9635, 0x9634, 0x8e14, 0x7598, 0x4c53, 0x4c58, 0x5cfa, 
	0x5cfa, 0x5cfa, 0x5cfa, 0x5cfa, 0x5d19, 0x4c97, 0x4c56, 0x4c56, 0x4458, 0x4c99, 0x4cfa, 0x4cda, 0x4cda, 0x4cda, 0x4cda, 0x4cda, 
	0x4cfa, 0x4cda, 0x4cda, 0x4cda, 0x4cda, 0x4cda, 0x4cda, 0x4cda, 0x4cda, 0x4cda, 0x5cfa, 0x651b, 0x5d1a, 0x651a, 0x5d1a, 0x651a, 
	0x651a, 0x651a, 0x5d1a, 0x651a, 0x651a, 0x651a, 0x651a, 0x651a, 0x5d1b, 0x5d1a, 0x6cf8, 0x963d, 0xb6da, 0xa658, 0x9615, 0xa697, 
	0xbf1a, 0xae98, 0x9615, 0x9e56, 0xbefa, 0xb6b9, 0x9636, 0x9636, 0x9635, 0x9635, 0x9635, 0x9635, 0x9635, 0x9636, 0x75b0, 0x6d2e, 
	0x85d3, 0x9655, 0x9636, 0x9e56, 0x9636, 0x9635, 0x9635, 0x9636, 0x9635, 0x9635, 0x9635, 0x9635, 0x9635, 0x9635, 0x8e39, 0x64d4, 
	0x4c14, 0x85fc, 0xc71a, 0xae77, 0x9637, 0x7d95, 0x4c77, 0x5477, 0x4c76, 0x4c96, 0x5cfa, 0x5cfa, 0x5cfa, 0x5cfa, 0x5d1a, 0x651a, 
	0x651a, 0x651a, 0x651a, 0x5d1a, 0x85d6, 0x9658, 0x9635, 0x9635, 0x7598, 0x4c53, 0x4c57, 0x4457, 0x4c58, 0x5cfa, 0x5cfa, 0x6d5b, 
	0x7577, 0x85f9, 0x9635, 0x9635, 0x9654, 0x7d91, 0x6d2f, 0x85f1, 0x9655, 0x7db2, 0x5d10, 0x5cf0, 0x4437, 0x4c78, 0x5cd8, 0x5d18, 
	0x8e16, 0x9636, 0x8df6, 0x85f6, 0x64f8, 0x5cd7, 0x5498, 0x54b8, 0x3b94, 0x2b12, 0x2a8f, 0x1a2e, 0x220e, 0x220e, 0x220e, 0x220e, 
	0x220e, 0x220e, 0x220e, 0x220e, 0x220e, 0x220e, 0x220e, 0x220e, 0x220e, 0x220e, 0x220e, 0x220e, 0x220e, 0x220e, 0x220e, 0x220e, 
	0x220e, 0x220e, 0x220e, 0x220e, 0x220e, 0x220e, 0x220e, 0x220e, 0x220e, 0x220e, 0x220e, 0x220e, 0x220e, 0x220e, 0x220e, 0x220e, 
	0x220e, 0x220e, 0x220e, 0x220e, 0x220e, 0x220e, 0x220e, 0x220e, 0x220e, 0x220e, 0x220e, 0x220e, 0x220e, 0x220e, 0x220e, 0x220e, 
	0x220e, 0x220e, 0x220e, 0x220e, 0x220e, 0x220e, 0x220e, 0x220e, 0x220e, 0x220e, 0x220e, 0x220e, 0x220e, 0x220e, 0x220e, 0x220e, 
	0x220e, 0x220e, 0x220e, 0x220e, 0x220e, 0x220e, 0x1a0d, 0x4b93, 0x963d, 0x85bb, 0x651a, 0x651a, 0x651a, 0x651a, 0x651a, 0x651a, 
	0x651a, 0x651a, 0xb699, 0xcf5c, 0x6d39, 0x43f5, 0x7555, 0x8e38, 0x9635, 0x9635, 0x9635, 0x9655, 0x7db9, 0x4c53, 0x4c58, 0x5d1b, 
	0x651b, 0x651b, 0x651b, 0x651b, 0x651b, 0x4c78, 0x4437, 0x4437, 0x4437, 0x4c78, 0x4cda, 0x4cda, 0x4cda, 0x4cda, 0x4cfa, 0x4cda, 
	0x4cfa, 0x4cda, 0x4cda, 0x4cda, 0x4cda, 0x4cda, 0x4cda, 0x4cda, 0x4cda, 0x4cda, 0x5cfa, 0x5d3b, 0x5d1a, 0x653a, 0x651a, 0x653a, 
	0x651a, 0x653a, 0x5d1a, 0x651a, 0x651a, 0x651a, 0x653a, 0x651a, 0x5d1b, 0x5d1b, 0x6cf7, 0x9e7d, 0xcf3a, 0xae77, 0x95f5, 0xa698, 
	0xc71b, 0xb699, 0x9615, 0x9e57, 0xc71a, 0xbeda, 0x9635, 0x9615, 0x9635, 0x9635, 0x9635, 0x9635, 0x9635, 0x9635, 0x758f, 0x650d, 
	0x7db2, 0x9654, 0x9615, 0x9635, 0x9615, 0x9635, 0x9635, 0x9635, 0x9635, 0x9635, 0x9635, 0x9636, 0x9635, 0x9635, 0x8e39, 0x64d4, 
	0x4bf4, 0x8dfc, 0xcf5a, 0xb677, 0x9637, 0x7d74, 0x4417, 0x4437, 0x4437, 0x4c78, 0x653a, 0x653a, 0x653a, 0x653a, 0x651a, 0x651a, 
	0x651a, 0x653a, 0x651a, 0x5d1a, 0x85b6, 0x8e37, 0x9615, 0x9655, 0x7579, 0x4c34, 0x4438, 0x4438, 0x4c77, 0x651a, 0x651b, 0x5d1a, 
	0x6d37, 0x85fa, 0x9635, 0x9635, 0x9654, 0x7571, 0x650d, 0x7dd0, 0x9655, 0x85b2, 0x652f, 0x5d0e, 0x4437, 0x4457, 0x4477, 0x4cb8, 
	0x8e15, 0x9636, 0x9635, 0x9635, 0x64f8, 0x5cd7, 0x5498, 0x54b9, 0x3b94, 0x2b12, 0x2a8f, 0x1a2e, 0x220e, 0x220e, 0x220e, 0x220e, 
	0x220e, 0x220e, 0x220e, 0x220e, 0x220e, 0x220e, 0x220e, 0x220e, 0x220e, 0x220e, 0x220e, 0x220e, 0x220e, 0x220e, 0x220e, 0x220e, 
	0x220e, 0x220e, 0x220e, 0x220e, 0x220e, 0x220e, 0x220e, 0x220e, 0x220e, 0x220e, 0x220e, 0x220e, 0x220e, 0x220e, 0x220e, 0x220e, 
	0x220e, 0x220e, 0x220e, 0x220e, 0x220e, 0x220e, 0x220e, 0x220e, 0x220e, 0x220e, 0x220e, 0x220e, 0x220e, 0x220e, 0x220e, 0x220e, 
	0x220e, 0x220e, 0x220e, 0x220e, 0x220e, 0x220e, 0x220e, 0x220e, 0x220e, 0x220e, 0x220e, 0x220e, 0x220e, 0x220e, 0x220e, 0x220e, 
	0x220e, 0x220e, 0x220e, 0x220e, 0x220e, 0x220e, 0x1a0d, 0x4b93, 0x963d, 0x85bb, 0x5d1a, 0x5d1a, 0x5d1a, 0x5d1a, 0x5d1a, 0x5d1a, 
	0x5d1a, 0x5d1a, 0x757a, 0x7d9b, 0x54b8, 0x4436, 0x7554, 0x9638, 0x9615, 0x9635, 0x9635, 0x9635, 0x75b9, 0x4c34, 0x5c96, 0x9e7d, 
	0xa679, 0x8dd6, 0x85d6, 0x85d6, 0x85f7, 0x85b6, 0x8596, 0x9638, 0xa65a, 0xa65a, 0xa67a, 0x9e18, 0x7dd8, 0x7596, 0x4cda, 0x4cda, 
	0x4cda, 0x4cda, 0x4cda, 0x4cda, 0x4cda, 0x4cda, 0x4cda, 0x4cda, 0x54fa, 0x5d1a, 0x5d1a, 0x651a, 0x5d1a, 0x5d1a, 0x5d1a, 0x5d1a, 
	0x5d1a, 0x5d1a, 0x5d1a, 0x5d1a, 0x5d1a, 0x5d1a, 0x5d1a, 0x5d1a, 0x5d1a, 0x5d1a, 0x651a, 0x6d5b, 0x7d98, 0x85d9, 0x9615, 0x9636, 
	0x9e57, 0x9e36, 0x9615, 0x9636, 0x9e57, 0x9e56, 0x9635, 0x9635, 0x9635, 0x9635, 0x9635, 0x9635, 0x9615, 0x9635, 0x8e14, 0x85f3, 
	0x8e15, 0x9635, 0x9615, 0x9635, 0x9615, 0x9635, 0x9635, 0x9635, 0x9636, 0x9636, 0x8e34, 0x7571, 0x7550, 0x8e13, 0x9636, 0x85d5, 
	0x7db7, 0x7556, 0x64f8, 0x5cd8, 0x5cb5, 0x6517, 0x85d7, 0x7555, 0x4437, 0x4c78, 0x653b, 0x653b, 0x653b, 0x653b, 0x653b, 0x653b, 
	0x653b, 0x653b, 0x653b, 0x651b, 0x85b6, 0x9638, 0x85d1, 0x756f, 0x5cf6, 0x4c53, 0x4c78, 0x5cfa, 0x5cfa, 0x5d1a, 0x5d1b, 0x5d1a, 
	0x6d17, 0x9e7d, 0xbef9, 0xa636, 0x8e35, 0x8df4, 0x85d3, 0x8e14, 0x9655, 0x85b2, 0x652f, 0x5d0e, 0x4437, 0x4457, 0x4457, 0x54b9, 
	0xb6b9, 0xb6b9, 0x9635, 0x9615, 0x6d51, 0x6510, 0x54b7, 0x54b7, 0x3b94, 0x2af2, 0x2a8f, 0x1a2e, 0x220e, 0x220e, 0x220e, 0x220e, 
	0x220e, 0x220e, 0x220e, 0x220e, 0x220e, 0x220e, 0x220e, 0x220e, 0x220e, 0x220e, 0x220e, 0x220e, 0x220e, 0x220e, 0x220e, 0x220e, 
	0x220e, 0x220e, 0x220e, 0x220e, 0x220e, 0x220e, 0x220e, 0x220e, 0x220e, 0x220e, 0x220e, 0x220e, 0x220e, 0x220e, 0x220e, 0x220e, 
	0x220e, 0x220e, 0x220e, 0x220e, 0x220e, 0x220e, 0x220e, 0x220e, 0x220e, 0x220e, 0x220e, 0x220e, 0x220e, 0x220e, 0x220e, 0x220e, 
	0x220e, 0x220e, 0x220e, 0x220e, 0x220e, 0x220e, 0x220e, 0x220e, 0x220e, 0x220e, 0x220e, 0x220e, 0x220e, 0x220e, 0x220e, 0x220e, 
	0x220e, 0x220e, 0x220e, 0x220e, 0x220e, 0x220e, 0x1a0d, 0x4b93, 0x963d, 0x85bb, 0x651a, 0x651a, 0x653a, 0x653a, 0x653a, 0x653a, 
	0x651a, 0x653a, 0x5d1a, 0x5d1b, 0x4c78, 0x4417, 0x7575, 0x9658, 0x9635, 0x9635, 0x9635, 0x9635, 0x75ba, 0x4c34, 0x6495, 0xb71f, 
	0xc719, 0xa636, 0x9655, 0x9655, 0x9655, 0x9e55, 0x9e35, 0xb6f8, 0xcf1b, 0xcf1b, 0xcf3b, 0xb698, 0x9657, 0x85d6, 0x4cda, 0x4cda, 
	0x4cdb, 0x4cda, 0x4cda, 0x4cda, 0x4cda, 0x4cda, 0x4cda, 0x4cda, 0x5cfa, 0x653b, 0x651a, 0x653a, 0x651a, 0x653a, 0x651a, 0x653a, 
	0x651a, 0x653a, 0x651a, 0x653a, 0x651a, 0x653a, 0x653a, 0x653a, 0x653a, 0x651a, 0x651b, 0x5d1a, 0x6517, 0x75ba, 0x9655, 0x9635, 
	0x9635, 0x9635, 0x9635, 0x9635, 0x9635, 0x9615, 0x9635, 0x9635, 0x9635, 0x9635, 0x9635, 0x9635, 0x9635, 0x9635, 0x9636, 0x9636, 
	0x9635, 0x9635, 0x9635, 0x9635, 0x9635, 0x9635, 0x9635, 0x9635, 0x9636, 0x9636, 0x8e53, 0x6d2e, 0x650e, 0x8e32, 0x9635, 0x9635, 
	0x9659, 0x64f3, 0x3bf7, 0x3c18, 0x4415, 0x5cf8, 0x9e78, 0x85b5, 0x4437, 0x4c78, 0x653b, 0x653b, 0x653b, 0x653b, 0x653b, 0x653b, 
	0x653b, 0x653b, 0x653b, 0x653b, 0x85d6, 0x9658, 0x7dcf, 0x650c, 0x54b4, 0x4453, 0x4c79, 0x653b, 0x653a, 0x651a, 0x5d1b, 0x5d1b, 
	0x7517, 0xaebe, 0xc73a, 0xae56, 0x9635, 0x9635, 0x9636, 0x9635, 0x9654, 0x85d2, 0x652f, 0x5d0e, 0x4437, 0x4458, 0x4c77, 0x54d9, 
	0xc71b, 0xc71b, 0x9655, 0x9615, 0x6d6e, 0x652d, 0x54b6, 0x54b6, 0x3b94, 0x2af2, 0x2a8f, 0x1a2e, 0x220e, 0x220e, 0x220e, 0x220e, 
	0x220e, 0x220e, 0x220e, 0x220e, 0x220e, 0x220e, 0x220e, 0x220e, 0x220e, 0x220e, 0x220e, 0x220e, 0x220e, 0x220e, 0x220e, 0x220e, 
	0x220e, 0x220e, 0x220e, 0x220e, 0x220e, 0x220e, 0x220e, 0x220e, 0x220e, 0x220e, 0x220e, 0x220e, 0x220e, 0x220e, 0x220e, 0x220e, 
	0x220e, 0x220e, 0x220e, 0x220e, 0x220e, 0x220e, 0x220e, 0x220e, 0x220e, 0x220e, 0x220e, 0x220e, 0x220e, 0x220e, 0x220e, 0x220e, 
	0x220e, 0x220e, 0x220e, 0x220e, 0x220e, 0x220e, 0x220e, 0x220e, 0x220e, 0x220e, 0x220e, 0x220e, 0x220e, 0x220e, 0x220e, 0x220e, 
	0x220e, 0x220e, 0x220e, 0x220e, 0x220e, 0x220e, 0x1a0d, 0x4b93, 0x963d, 0x85bb, 0x5d1a, 0x5d1a, 0x651a, 0x651a, 0x651a, 0x651a, 
	0x5d1a, 0x651a, 0x5d1a, 0x651a, 0x5cda, 0x54d9, 0x6d52, 0x7572, 0x85d3, 0x9655, 0x9635, 0x9636, 0x7df4, 0x5cd0, 0x6d11, 0x9e97, 
	0x9e75, 0x7d91, 0x7573, 0x6532, 0x5cf7, 0x64f7, 0x64d5, 0x85f9, 0xa697, 0x9614, 0x85d1, 0x7db0, 0x7591, 0x75b1, 0x7db8, 0x7597, 
	0x5cfa, 0x5cfa, 0x5cfa, 0x5cfa, 0x5cfa, 0x5cfa, 0x5cfa, 0x5cfa, 0x5d1a, 0x651a, 0x5d1a, 0x651a, 0x5d1a, 0x651a, 0x5d1a, 0x651a, 
	0x5d1a, 0x651a, 0x5d1a, 0x651a, 0x651a, 0x651a, 0x651a, 0x651a, 0x651a, 0x5d1a, 0x5d1b, 0x5d1b, 0x6518, 0x75ba, 0x9635, 0x9635, 
	0x9635, 0x9635, 0x9636, 0x9635, 0x9635, 0x9635, 0x9635, 0x9636, 0x9635, 0x9635, 0x9635, 0x9635, 0x9635, 0x9636, 0x9635, 0x9636, 
	0x9635, 0x9635, 0x9635, 0x9636, 0x9635, 0x9635, 0x9635, 0x9635, 0x9635, 0x9636, 0x9635, 0x85d3, 0x85d3, 0x8e34, 0x9635, 0x9635, 
	0x9636, 0x85d5, 0x7576, 0x7d76, 0x7d95, 0x7574, 0x7592, 0x6d31, 0x4457, 0x4c78, 0x653b, 0x653b, 0x653b, 0x653b, 0x653b, 0x653b, 
	0x653b, 0x653b, 0x653b, 0x653b, 0x6d79, 0x759a, 0x8dd5, 0xa698, 0x7db9, 0x4c33, 0x4c78, 0x651b, 0x5d1a, 0x651a, 0x5d1a, 0x5d1a, 
	0x6519, 0x759b, 0x85d8, 0x8df8, 0x9637, 0x85b6, 0x7577, 0x7dd8, 0x9657, 0x7d73, 0x4c94, 0x4c94, 0x4457, 0x4458, 0x4478, 0x4499, 
	0x6d59, 0x7579, 0xae98, 0xb6b9, 0x8df3, 0x85d3, 0x54b7, 0x4c76, 0x3b74, 0x2af2, 0x2a8f, 0x1a2e, 0x220e, 0x220e, 0x220e, 0x220e, 
	0x220e, 0x220e, 0x220e, 0x220e, 0x220e, 0x220e, 0x220e, 0x220e, 0x220e, 0x220e, 0x220e, 0x220e, 0x220e, 0x220e, 0x220e, 0x220e, 
	0x220e, 0x220e, 0x220e, 0x220e, 0x220e, 0x220e, 0x220e, 0x220e, 0x220e, 0x220e, 0x220e, 0x220e, 0x220e, 0x220e, 0x220e, 0x220e, 
	0x220e, 0x220e, 0x220e, 0x220e, 0x220e, 0x220e, 0x220e, 0x220e, 0x220e, 0x220e, 0x220e, 0x220e, 0x220e, 0x220e, 0x220e, 0x220e, 
	0x220e, 0x220e, 0x220e, 0x220e, 0x220e, 0x220e, 0x220e, 0x220e, 0x220e, 0x220e, 0x220e, 0x220e, 0x220e, 0x220e, 0x220e, 0x220e, 
	0x220e, 0x220e, 0x220e, 0x220e, 0x220e, 0x220e, 0x1a0d, 0x4b93, 0x963d, 0x85bb, 0x651a, 0x651a, 0x653a, 0x653a, 0x653a, 0x653a, 
	0x651a, 0x653a, 0x651a, 0x653a, 0x651b, 0x653b, 0x654f, 0x5d0f, 0x7d91, 0x9654, 0x9616, 0x9636, 0x8611, 0x650d, 0x6d4f, 0x8e53, 
	0x8e32, 0x6d2e, 0x5d12, 0x4c90, 0x4438, 0x4438, 0x4414, 0x6d79, 0x9654, 0x7d91, 0x652b, 0x654c, 0x652c, 0x75ae, 0x9e77, 0x8e15, 
	0x653a, 0x651a, 0x653a, 0x653a, 0x653a, 0x653a, 0x653a, 0x653a, 0x651a, 0x653a, 0x651a, 0x653a, 0x651a, 0x653a, 0x651a, 0x653a, 
	0x651a, 0x653a, 0x651a, 0x653a, 0x651a, 0x653a, 0x653a, 0x653a, 0x653a, 0x651a, 0x651b, 0x5d1b, 0x6517, 0x7dba, 0x9655, 0x9635, 
	0x9615, 0x9615, 0x9635, 0x9635, 0x9635, 0x9635, 0x9635, 0x9635, 0x9635, 0x9635, 0x9635, 0x9635, 0x9635, 0x9635, 0x9635, 0x9635, 
	0x9635, 0x9635, 0x9635, 0x9635, 0x9636, 0x9636, 0x9636, 0x9636, 0x9635, 0x9635, 0x9636, 0x9636, 0x9636, 0x9636, 0x9635, 0x9635, 
	0x9635, 0x9635, 0x9655, 0x9635, 0x9674, 0x85d2, 0x652e, 0x5d0e, 0x4457, 0x4c78, 0x653b, 0x653b, 0x653b, 0x653b, 0x653b, 0x653b, 
	0x653b, 0x653b, 0x653b, 0x653b, 0x653c, 0x5d1b, 0x9df8, 0xcf5e, 0x963d, 0x4bf4, 0x4c78, 0x653b, 0x651a, 0x651a, 0x651a, 0x651a, 
	0x651b, 0x5d1b, 0x6517, 0x7dda, 0x8e39, 0x7576, 0x6518, 0x75ba, 0x9678, 0x7574, 0x4437, 0x4438, 0x4457, 0x4457, 0x4479, 0x4478, 
	0x4458, 0x4499, 0xbeda, 0xcf3c, 0x9e77, 0x9e36, 0x5cd8, 0x4c36, 0x3b74, 0x2b12, 0x2a8f, 0x1a0e, 0x220e, 0x220e, 0x220e, 0x220e, 
	0x220e, 0x220e, 0x220e, 0x220e, 0x220e, 0x220e, 0x220e, 0x220e, 0x220e, 0x220e, 0x220e, 0x220e, 0x220e, 0x220e, 0x220e, 0x220e, 
	0x220e, 0x220e, 0x220e, 0x220e, 0x220e, 0x220e, 0x220e, 0x220e, 0x220e, 0x220e, 0x220e, 0x220e, 0x220e, 0x220e, 0x220e, 0x220e, 
	0x220e, 0x220e, 0x220e, 0x220e, 0x220e, 0x220e, 0x220e, 0x220e, 0x220e, 0x220e, 0x220e, 0x220e, 0x220e, 0x220e, 0x220e, 0x220e, 
	0x220e, 0x220e, 0x220e, 0x220e, 0x220e, 0x220e, 0x220e, 0x220e, 0x220e, 0x220e, 0x220e, 0x220e, 0x220e, 0x220e, 0x220e, 0x220e, 
	0x220e, 0x220e, 0x220e, 0x220e, 0x220e, 0x220e, 0x1a0d, 0x4b93, 0x963d, 0x85bb, 0x651a, 0x651a, 0x651a, 0x651a, 0x651a, 0x651a, 
	0x651a, 0x651a, 0x5d1a, 0x653a, 0x651a, 0x653a, 0x6536, 0x5d15, 0x8db5, 0xaed9, 0xa677, 0x9616, 0x8e14, 0x7db2, 0x85d3, 0x9635, 
	0x8e33, 0x6d2f, 0x5d12, 0x5490, 0x4438, 0x549a, 0x5cb6, 0x7599, 0x9656, 0x7553, 0x54b2, 0x54b3, 0x54b3, 0x5cd3, 0x6d37, 0x6517, 
	0x54b9, 0x54b9, 0x651a, 0x651a, 0x651a, 0x653a, 0x651a, 0x653a, 0x651a, 0x653a, 0x651a, 0x653a, 0x651a, 0x653a, 0x651a, 0x653a, 
	0x651a, 0x653a, 0x651a, 0x651a, 0x651a, 0x651a, 0x653a, 0x653a, 0x651a, 0x651a, 0x651b, 0x651b, 0x6519, 0x6d7a, 0x7db7, 0x8e19, 
	0xaeb8, 0xa677, 0x9635, 0x9635, 0x9635, 0x9635, 0x9635, 0x9635, 0x9635, 0x9635, 0x9635, 0x9635, 0x9635, 0x9635, 0x9635, 0x9635, 
	0x9635, 0x9635, 0x9635, 0x9636, 0x8e13, 0x7d91, 0x85b2, 0x9634, 0x9635, 0x9635, 0x9635, 0x9635, 0x9635, 0x9635, 0x9635, 0x9635, 
	0x9635, 0x9635, 0x9635, 0x9635, 0x9656, 0x7d93, 0x54b3, 0x5493, 0x4437, 0x4c78, 0x653b, 0x653b, 0x653b, 0x653b, 0x653b, 0x653b, 
	0x653b, 0x653b, 0x653b, 0x653b, 0x653b, 0x653b, 0x7d7a, 0x8e1c, 0x7db6, 0x5cb2, 0x54d6, 0x6538, 0x651b, 0x651b, 0x651a, 0x651a, 
	0x5d1b, 0x5d1b, 0x6d17, 0x963b, 0xaedb, 0x85b7, 0x6519, 0x653a, 0x7578, 0x64f6, 0x4437, 0x4457, 0x4478, 0x4478, 0x4479, 0x4478, 
	0x4478, 0x4499, 0x7d99, 0x7db9, 0x7db2, 0x7db2, 0x5497, 0x4c55, 0x3b74, 0x2af2, 0x2a8f, 0x1a0e, 0x220e, 0x220e, 0x220e, 0x220e, 
	0x220e, 0x220e, 0x220e, 0x220e, 0x220e, 0x220e, 0x220e, 0x220e, 0x220e, 0x220e, 0x220e, 0x220e, 0x220e, 0x220e, 0x220e, 0x220e, 
	0x220e, 0x220e, 0x220e, 0x220e, 0x220e, 0x220e, 0x220e, 0x220e, 0x220e, 0x220e, 0x220e, 0x220e, 0x220e, 0x220e, 0x220e, 0x220e, 
	0x220e, 0x220e, 0x220e, 0x220e, 0x220e, 0x220e, 0x220e, 0x220e, 0x220e, 0x220e, 0x220e, 0x220e, 0x220e, 0x220e, 0x220e, 0x220e, 
	0x220e, 0x220e, 0x220e, 0x220e, 0x220e, 0x220e, 0x220e, 0x220e, 0x220e, 0x220e, 0x220e, 0x220e, 0x220e, 0x220e, 0x220e, 0x220e, 
	0x220e, 0x220e, 0x220e, 0x220e, 0x220e, 0x220e, 0x1a0d, 0x4b93, 0x963d, 0x85bb, 0x5d1a, 0x5d1a, 0x653a, 0x653a, 0x653a, 0x653a, 
	0x651a, 0x653a, 0x651a, 0x653a, 0x651a, 0x653a, 0x651b, 0x5d1b, 0x9df8, 0xc75e, 0xb6d8, 0x9e15, 0x9655, 0x9e55, 0x9e56, 0x9655, 
	0x8e52, 0x6d2e, 0x5d12, 0x4c90, 0x3c18, 0x5cfb, 0x6d37, 0x7dda, 0x9658, 0x7534, 0x4418, 0x4438, 0x3c17, 0x3c18, 0x4437, 0x4437, 
	0x4437, 0x4457, 0x5d1a, 0x653a, 0x651a, 0x653a, 0x653a, 0x653a, 0x651a, 0x653a, 0x651a, 0x653a, 0x651a, 0x653a, 0x651a, 0x653a, 
	0x651a, 0x653a, 0x651a, 0x653a, 0x653a, 0x653a, 0x653a, 0x653a, 0x653a, 0x651a, 0x653a, 0x651a, 0x5d3b, 0x5d3b, 0x6d19, 0x8e1d, 
	0xcf5b, 0xbeb8, 0x9615, 0x9615, 0x9635, 0x9635, 0x9635, 0x9635, 0x9655, 0x9655, 0x9635, 0x9615, 0x9635, 0x9635, 0x9635, 0x9635, 
	0x9635, 0x9635, 0x9635, 0x9636, 0x7df1, 0x64ed, 0x6d4f, 0x9654, 0x9636, 0x9636, 0x9635, 0x9635, 0x9635, 0x9635, 0x9635, 0x9635, 
	0x9635, 0x9635, 0x9635, 0x9635, 0x9658, 0x7d75, 0x4417, 0x4438, 0x4437, 0x4c78, 0x653b, 0x653b, 0x653b, 0x653b, 0x653b, 0x653b, 
	0x653b, 0x653b, 0x653b, 0x653b, 0x653b, 0x653b, 0x5d3c, 0x5d3c, 0x6550, 0x6530, 0x6534, 0x6d75, 0x651b, 0x651b, 0x651a, 0x651a, 
	0x651b, 0x5d1b, 0x6cf7, 0xa69d, 0xc75e, 0x95d8, 0x5cfa, 0x5cda, 0x5cb9, 0x5478, 0x4437, 0x4457, 0x4499, 0x4478, 0x3c79, 0x3c58, 
	0x4479, 0x4479, 0x3c78, 0x3c78, 0x5d0e, 0x654e, 0x4c95, 0x4c75, 0x3b74, 0x2b12, 0x2a8f, 0x1a0e, 0x220e, 0x220e, 0x220e, 0x220e, 
	0x220e, 0x220e, 0x220e, 0x220e, 0x220e, 0x220e, 0x220e, 0x220e, 0x220e, 0x220e, 0x220e, 0x220e, 0x220e, 0x220e, 0x220e, 0x220e, 
	0x220e, 0x220e, 0x220e, 0x220e, 0x220e, 0x220e, 0x220e, 0x220e, 0x220e, 0x220e, 0x220e, 0x220e, 0x220e, 0x220e, 0x220e, 0x220e, 
	0x220e, 0x220e, 0x220e, 0x220e, 0x220e, 0x220e, 0x220e, 0x220e, 0x220e, 0x220e, 0x220e, 0x220e, 0x220e, 0x220e, 0x220e, 0x220e, 
	0x220e, 0x220e, 0x220e, 0x220e, 0x220e, 0x220e, 0x220e, 0x220e, 0x220e, 0x220e, 0x220e, 0x220e, 0x220e, 0x220e, 0x220e, 0x220e, 
	0x220e, 0x220e, 0x220e, 0x220e, 0x220e, 0x220e, 0x1a0d, 0x4b93, 0x961d, 0x85bb, 0x757b, 0x755b, 0x5d1a, 0x5d1a, 0x5d1a, 0x5d1a, 
	0x5d1a, 0x5d1a, 0x5d1a, 0x651a, 0x5d1a, 0x651a, 0x5d1a, 0x5d1a, 0x7d79, 0x963c, 0x85f8, 0x7556, 0x7556, 0x7556, 0x7556, 0x7556, 
	0x7573, 0x7573, 0x7593, 0x6d52, 0x6518, 0x6519, 0x6518, 0x6d7a, 0x7dd9, 0x64f6, 0x4436, 0x5cd8, 0x7d7a, 0x7538, 0x4c98, 0x5498, 
	0x5498, 0x54b8, 0x5d1a, 0x5d1a, 0x5d1a, 0x5d1a, 0x5d1a, 0x5d1a, 0x5d1a, 0x651a, 0x5d1a, 0x651a, 0x5d1a, 0x651a, 0x5d1a, 0x651a, 
	0x5d1a, 0x5d1a, 0x5d1a, 0x5d1a, 0x5d1a, 0x5d1a, 0x5d1a, 0x5d1a, 0x5d1a, 0x5d1a, 0x5d1a, 0x5d1a, 0x5d1a, 0x651b, 0x651a, 0x759c, 
	0x9e3a, 0x9e5a, 0xa698, 0xa657, 0x9635, 0x9615, 0x9636, 0x8e15, 0x7576, 0x7556, 0x9e57, 0xa678, 0x9636, 0x9615, 0x9635, 0x9635, 
	0x9635, 0x9635, 0x9615, 0x9636, 0x8e13, 0x7d91, 0x7db2, 0x8e35, 0x9635, 0x9635, 0x9635, 0x9635, 0x9635, 0x9635, 0x9635, 0x9615, 
	0x9635, 0x9635, 0x9635, 0x8df4, 0x7db4, 0x6d32, 0x4437, 0x4c78, 0x54b9, 0x54b9, 0x653b, 0x653b, 0x653b, 0x653b, 0x653b, 0x653b, 
	0x653b, 0x653b, 0x653b, 0x653b, 0x653b, 0x653b, 0x653b, 0x653b, 0x6555, 0x5d15, 0x5d16, 0x5cd6, 0x54d9, 0x5d1b, 0x5d1a, 0x5d1a, 
	0x5d1a, 0x5d1a, 0x64f8, 0x85dc, 0x963a, 0x85b8, 0x7599, 0x6517, 0x4c99, 0x4c78, 0x4458, 0x4478, 0x4478, 0x4cb9, 0x7d99, 0x7579, 
	0x6538, 0x6517, 0x4c98, 0x4c98, 0x5cf2, 0x5cf3, 0x4c76, 0x4c56, 0x3b74, 0x2af2, 0x2a8f, 0x1a2e, 0x220e, 0x220e, 0x220e, 0x220e, 
	0x220e, 0x220e, 0x220e, 0x220e, 0x220e, 0x220e, 0x220e, 0x220e, 0x220e, 0x220e, 0x220e, 0x220e, 0x220e, 0x220e, 0x220e, 0x220e, 
	0x220e, 0x220e, 0x220e, 0x220e, 0x220e, 0x220e, 0x220e, 0x220e, 0x220e, 0x220e, 0x220e, 0x220e, 0x220e, 0x220e, 0x220e, 0x220e, 
	0x220e, 0x220e, 0x220e, 0x220e, 0x220e, 0x220e, 0x220e, 0x220e, 0x220e, 0x220e, 0x220e, 0x220e, 0x220e, 0x220e, 0x220e, 0x220e, 
	0x220e, 0x220e, 0x220e, 0x220e, 0x220e, 0x220e, 0x220e, 0x220e, 0x220e, 0x220e, 0x220e, 0x220e, 0x220e, 0x220e, 0x220e, 0x220e, 
	0x220e, 0x220e, 0x220e, 0x220e, 0x220e, 0x220e, 0x19ed, 0x4bb3, 0x9e5d, 0x961c, 0x961c, 0x8ddb, 0x653a, 0x651a, 0x653a, 0x653a, 
	0x651a, 0x651a, 0x5d1a, 0x653a, 0x651a, 0x653a, 0x653a, 0x653a, 0x5d1a, 0x5d1a, 0x54b9, 0x4417, 0x4437, 0x4437, 0x4418, 0x4418, 
	0x5453, 0x861a, 0x9e55, 0x9e55, 0x9659, 0x7576, 0x651b, 0x5d1b, 0x5d1b, 0x4c99, 0x43f4, 0x757a, 0xcf7d, 0xb679, 0x5d1a, 0x651b, 
	0x651b, 0x5d1b, 0x651b, 0x651b, 0x651a, 0x653a, 0x651a, 0x653a, 0x651a, 0x653a, 0x651a, 0x653a, 0x651a, 0x653a, 0x651a, 0x653a, 
	0x651a, 0x653a, 0x651a, 0x651a, 0x651a, 0x653a, 0x653a, 0x653a, 0x653a, 0x651a, 0x653a, 0x5d1a, 0x653a, 0x653b, 0x655c, 0x653b, 
	0x6519, 0x7ddc, 0xcf3b, 0xbed9, 0x9635, 0x9635, 0x9656, 0x8e15, 0x4c57, 0x4c36, 0xb6ba, 0xcf3c, 0xa676, 0x9e35, 0x9635, 0x9635, 
	0x9635, 0x9635, 0x9635, 0x9635, 0x9636, 0x9636, 0x9636, 0x9636, 0x9635, 0x9635, 0x9635, 0x9635, 0x9636, 0x9636, 0x9635, 0x9635, 
	0x9636, 0x9636, 0x9674, 0x7db1, 0x652f, 0x5cee, 0x4437, 0x4c98, 0x655b, 0x655b, 0x653b, 0x653b, 0x653b, 0x653b, 0x653b, 0x653b, 
	0x653b, 0x653b, 0x653b, 0x653b, 0x653b, 0x653b, 0x653b, 0x653b, 0x653b, 0x653b, 0x5cfa, 0x4437, 0x4457, 0x651a, 0x653a, 0x651a, 
	0x653a, 0x651a, 0x651b, 0x5cfb, 0x64f7, 0x7dda, 0x9678, 0x7554, 0x4479, 0x4479, 0x4499, 0x4499, 0x4c57, 0x5d1a, 0xcf3b, 0xc6fa, 
	0x9e56, 0x9636, 0x64f8, 0x5cd7, 0x5499, 0x4c98, 0x4c58, 0x4c58, 0x3b94, 0x2b12, 0x2a8f, 0x1a0e, 0x220e, 0x220e, 0x220e, 0x220e, 
	0x220e, 0x220e, 0x220e, 0x220e, 0x220e, 0x220e, 0x220e, 0x220e, 0x220e, 0x220e, 0x220e, 0x220e, 0x220e, 0x220e, 0x220e, 0x220e, 
	0x220e, 0x220e, 0x220e, 0x220e, 0x220e, 0x220e, 0x220e, 0x220e, 0x220e, 0x220e, 0x220e, 0x220e, 0x220e, 0x220e, 0x220e, 0x220e, 
	0x220e, 0x220e, 0x220e, 0x220e, 0x220e, 0x220e, 0x220e, 0x220e, 0x220e, 0x220e, 0x220e, 0x220e, 0x220e, 0x220e, 0x220e, 0x220e, 
	0x220e, 0x220e, 0x220e, 0x220e, 0x220e, 0x220e, 0x220e, 0x220e, 0x220e, 0x220e, 0x220e, 0x220e, 0x220e, 0x220e, 0x220e, 0x220e, 
	0x220e, 0x220e, 0x220e, 0x220e, 0x220e, 0x220e, 0x1a0d, 0x3b12, 0x6cf8, 0x7518, 0x8dfc, 0x85bb, 0x651a, 0x651a, 0x5d1a, 0x5d1a, 
	0x651a, 0x653a, 0x651a, 0x653a, 0x651a, 0x653a, 0x653a, 0x653a, 0x651a, 0x653b, 0x5cfa, 0x4c98, 0x4c98, 0x4c98, 0x4c99, 0x4c98, 
	0x5cb6, 0x7dba, 0x85f4, 0x85d4, 0x7dd6, 0x6d34, 0x54da, 0x5cfa, 0x651a, 0x5cf9, 0x64b5, 0x7d98, 0xb6da, 0xa658, 0x6d58, 0x7579, 
	0x7579, 0x6d58, 0x6517, 0x6516, 0x651a, 0x651a, 0x5d1a, 0x651a, 0x5d1a, 0x651a, 0x5d1a, 0x651a, 0x5d1a, 0x651a, 0x5d1a, 0x651a, 
	0x5d1a, 0x651a, 0x5d1a, 0x5d1a, 0x5d1a, 0x5d1a, 0x5d1a, 0x5d1a, 0x5d1a, 0x651a, 0x653a, 0x651a, 0x653a, 0x653b, 0x653b, 0x653b, 
	0x651a, 0x759c, 0xa69b, 0x9e39, 0x7d96, 0x7d96, 0x7d97, 0x7576, 0x4c57, 0x4c57, 0x9e1a, 0xa67b, 0x85d7, 0x7d96, 0x8df5, 0x9636, 
	0x9635, 0x9635, 0x9615, 0x9635, 0x9635, 0x9635, 0x9635, 0x9635, 0x9635, 0x9635, 0x8e35, 0x85d3, 0x85d3, 0x8e34, 0x9636, 0x9635, 
	0x9635, 0x8df4, 0x85f3, 0x7571, 0x5cd2, 0x54b1, 0x4437, 0x4c98, 0x653b, 0x653b, 0x653b, 0x653b, 0x653b, 0x653b, 0x653b, 0x653b, 
	0x653b, 0x653b, 0x653b, 0x653b, 0x653b, 0x653b, 0x653b, 0x653b, 0x653b, 0x651a, 0x5cfa, 0x4c98, 0x5498, 0x5d1a, 0x5d1a, 0x5d1a, 
	0x5d1a, 0x651b, 0x6519, 0x6d5a, 0x7577, 0x7db8, 0x7dd8, 0x6515, 0x4478, 0x4479, 0x4479, 0x4479, 0x4457, 0x5cf9, 0xb6b9, 0xae98, 
	0x85d3, 0x85d3, 0x5cd8, 0x5cb7, 0x5cd8, 0x5cd8, 0x4416, 0x43f5, 0x3353, 0x2b12, 0x2a8f, 0x1a2e, 0x220e, 0x220e, 0x220e, 0x220e, 
	0x220e, 0x220e, 0x220e, 0x220e, 0x220e, 0x220e, 0x220e, 0x220e, 0x220e, 0x220e, 0x220e, 0x220e, 0x220e, 0x220e, 0x220e, 0x220e, 
	0x220e, 0x220e, 0x220e, 0x220e, 0x220e, 0x220e, 0x220e, 0x220e, 0x220e, 0x220e, 0x220e, 0x220e, 0x220e, 0x220e, 0x220e, 0x220e, 
	0x220e, 0x220e, 0x220e, 0x220e, 0x220e, 0x220e, 0x220e, 0x220e, 0x220e, 0x220e, 0x220e, 0x220e, 0x220e, 0x220e, 0x220e, 0x220e, 
	0x220e, 0x220e, 0x220e, 0x220e, 0x220e, 0x220e, 0x220e, 0x220e, 0x220e, 0x220e, 0x220e, 0x220e, 0x220e, 0x220e, 0x220e, 0x220e, 
	0x220e, 0x220e, 0x220e, 0x220e, 0x220e, 0x220e, 0x220e, 0x1a0e, 0x11ec, 0x3b11, 0x961d, 0x8ddb, 0x653a, 0x651a, 0x651a, 0x653a, 
	0x653b, 0x653b, 0x653b, 0x653b, 0x653b, 0x653b, 0x653b, 0x653b, 0x653b, 0x653b, 0x653b, 0x655b, 0x653b, 0x655b, 0x653b, 0x655b, 
	0x653c, 0x5d1b, 0x6554, 0x5d13, 0x5d11, 0x4c8f, 0x3c18, 0x54ba, 0x6538, 0x75ba, 0x9e55, 0x9635, 0x8e15, 0x8e15, 0x9635, 0x9635, 
	0x9655, 0x8e14, 0x652d, 0x652d, 0x5d19, 0x6539, 0x651b, 0x651b, 0x651a, 0x653a, 0x651a, 0x653a, 0x651a, 0x653a, 0x651a, 0x653a, 
	0x651a, 0x653a, 0x651a, 0x651a, 0x651a, 0x651a, 0x651a, 0x651a, 0x651a, 0x653b, 0x653b, 0x653b, 0x653b, 0x653b, 0x653b, 0x653b, 
	0x653b, 0x653b, 0x653b, 0x5cfa, 0x4437, 0x4437, 0x4437, 0x4437, 0x4437, 0x4437, 0x5d1a, 0x653b, 0x4c58, 0x3c17, 0x7d75, 0x9638, 
	0x9635, 0x9635, 0x9635, 0x9635, 0x9635, 0x9635, 0x9635, 0x9635, 0x9635, 0x9636, 0x8e53, 0x6d2e, 0x650e, 0x8612, 0x9636, 0x9636, 
	0x9654, 0x7d91, 0x652f, 0x5cee, 0x4438, 0x4438, 0x4437, 0x4c98, 0x655b, 0x653b, 0x653b, 0x653b, 0x653b, 0x653b, 0x653b, 0x653b, 
	0x653b, 0x653b, 0x653b, 0x653b, 0x653b, 0x653b, 0x653b, 0x653b, 0x653b, 0x653a, 0x653a, 0x653b, 0x653a, 0x651a, 0x651a, 0x651a, 
	0x651b, 0x5d1b, 0x6d36, 0x85f9, 0x9658, 0x7534, 0x5499, 0x4c78, 0x4479, 0x4478, 0x4499, 0x4479, 0x4457, 0x4cd8, 0x9635, 0x8df4, 
	0x652d, 0x652d, 0x54b7, 0x54b7, 0x7556, 0x7597, 0x43b3, 0x2af0, 0x2af2, 0x3312, 0x2a8f, 0x1a2e, 0x220e, 0x220e, 0x220e, 0x220e, 
	0x220e, 0x220e, 0x220e, 0x220e, 0x220e, 0x220e, 0x220e, 0x220e, 0x220e, 0x220e, 0x220e, 0x220e, 0x220e, 0x220e, 0x220e, 0x220e, 
	0x220e, 0x220e, 0x220e, 0x220e, 0x220e, 0x220e, 0x220e, 0x220e, 0x220e, 0x220e, 0x220e, 0x220e, 0x220e, 0x220e, 0x220e, 0x220e, 
	0x220e, 0x220e, 0x220e, 0x220e, 0x220e, 0x220e, 0x220e, 0x220e, 0x220e, 0x220e, 0x220e, 0x220e, 0x220e, 0x220e, 0x220e, 0x220e, 
	0x220e, 0x220e, 0x220e, 0x220e, 0x220e, 0x220e, 0x220e, 0x220e, 0x220e, 0x220e, 0x220e, 0x220e, 0x220e, 0x220e, 0x220e, 0x220e, 
	0x220e, 0x220e, 0x220e, 0x220e, 0x220e, 0x220e, 0x220e, 0x220e, 0x1a0d, 0x4332, 0x961c, 0x85bb, 0x651a, 0x651a, 0x651a, 0x651a, 
	0x653b, 0x653b, 0x653b, 0x653b, 0x653b, 0x653b, 0x653b, 0x653b, 0x653b, 0x653b, 0x653b, 0x653b, 0x653b, 0x653b, 0x653b, 0x653b, 
	0x653b, 0x651b, 0x6535, 0x5d15, 0x6533, 0x6512, 0x5cd8, 0x6d19, 0x6d57, 0x7db9, 0x9635, 0x9636, 0x9e57, 0x9e36, 0x9635, 0x9635, 
	0x9635, 0x8e14, 0x7570, 0x6d70, 0x6d58, 0x6d58, 0x653a, 0x651a, 0x5d1a, 0x651a, 0x5d1a, 0x651a, 0x5d1a, 0x651a, 0x5d1a, 0x651a, 
	0x651a, 0x651a, 0x5d1a, 0x651a, 0x651a, 0x653a, 0x653a, 0x653a, 0x653a, 0x653b, 0x653b, 0x653b, 0x653b, 0x653b, 0x653b, 0x653b, 
	0x653b, 0x653b, 0x653b, 0x5d1a, 0x4c78, 0x4c78, 0x4c78, 0x4c78, 0x4c78, 0x4c78, 0x5d1a, 0x653b, 0x5cd7, 0x5497, 0x85b5, 0x9637, 
	0x9635, 0x9635, 0x9635, 0x9636, 0x9635, 0x9635, 0x9636, 0x9e56, 0x9e56, 0x9636, 0x8e34, 0x7570, 0x7570, 0x8e33, 0x9636, 0x9635, 
	0x9655, 0x7571, 0x5cf1, 0x54d1, 0x4437, 0x4c58, 0x4c78, 0x54b9, 0x653b, 0x653b, 0x653b, 0x653b, 0x653b, 0x653b, 0x653b, 0x653b, 
	0x653b, 0x653b, 0x653b, 0x653b, 0x653b, 0x653b, 0x653b, 0x653b, 0x653b, 0x651a, 0x651a, 0x651a, 0x5d1a, 0x651a, 0x651a, 0x651a, 
	0x5d1b, 0x5d1b, 0x6537, 0x7dba, 0x8df8, 0x7d96, 0x6d5a, 0x5cd8, 0x4478, 0x4478, 0x4478, 0x4cb9, 0x6518, 0x6d39, 0x9636, 0x8df5, 
	0x6510, 0x6510, 0x6d58, 0x7558, 0x6d37, 0x6d57, 0x4393, 0x2af1, 0x2ad1, 0x2ad1, 0x2a6f, 0x1a0e, 0x220e, 0x220e, 0x220e, 0x220e, 
	0x220e, 0x220e, 0x220e, 0x220e, 0x220e, 0x220e, 0x220e, 0x220e, 0x220e, 0x220e, 0x220e, 0x220e, 0x220e, 0x220e, 0x220e, 0x220e, 
	0x220e, 0x220e, 0x220e, 0x220e, 0x220e, 0x220e, 0x220e, 0x220e, 0x220e, 0x220e, 0x220e, 0x220e, 0x220e, 0x220e, 0x220e, 0x220e, 
	0x220e, 0x220e, 0x220e, 0x220e, 0x220e, 0x220e, 0x220e, 0x220e, 0x220e, 0x220e, 0x220e, 0x220e, 0x220e, 0x220e, 0x220e, 0x220e, 
	0x220e, 0x220e, 0x220e, 0x220e, 0x220e, 0x220e, 0x220e, 0x220e, 0x220e, 0x220e, 0x220e, 0x220e, 0x220e, 0x220e, 0x220e, 0x220e, 
	0x220e, 0x220e, 0x220e, 0x220e, 0x220e, 0x220e, 0x220e, 0x220e, 0x1a0d, 0x4332, 0x961d, 0x8ddb, 0x653a, 0x651a, 0x651a, 0x651a, 
	0x653b, 0x653b, 0x653b, 0x653b, 0x653b, 0x653b, 0x653b, 0x653b, 0x653b, 0x653b, 0x653b, 0x653b, 0x653b, 0x653b, 0x653b, 0x653b, 
	0x653b, 0x653b, 0x653b, 0x653b, 0x7538, 0xa69e, 0xc73a, 0xae57, 0x9635, 0x9635, 0x9615, 0xa677, 0xc71b, 0xb6b9, 0x9635, 0x9635, 
	0x9635, 0x9635, 0x9635, 0x9635, 0x9636, 0x9636, 0x6d5a, 0x6519, 0x5d1b, 0x651b, 0x651a, 0x653a, 0x651a, 0x653a, 0x651a, 0x653a, 
	0x651a, 0x653a, 0x651a, 0x653b, 0x653b, 0x653b, 0x653b, 0x653b, 0x653b, 0x653b, 0x653b, 0x653b, 0x653b, 0x653b, 0x653b, 0x653b, 
	0x653b, 0x653b, 0x653b, 0x653b, 0x653b, 0x653b, 0x653b, 0x653b, 0x653b, 0x653b, 0x653a, 0x651a, 0x85d6, 0x9637, 0x9635, 0x9635, 
	0x9635, 0x9635, 0x9635, 0x9635, 0x9635, 0x9635, 0xa637, 0xc73a, 0xbefa, 0x9e16, 0x9635, 0x9635, 0x9635, 0x9635, 0x9635, 0x9635, 
	0x9639, 0x6d14, 0x4437, 0x4458, 0x4437, 0x5499, 0x655b, 0x653b, 0x653b, 0x653b, 0x653b, 0x653b, 0x653b, 0x653b, 0x653b, 0x653b, 
	0x653b, 0x653b, 0x653b, 0x653b, 0x653b, 0x653b, 0x653b, 0x653b, 0x653b, 0x653a, 0x653a, 0x653a, 0x651a, 0x651a, 0x651a, 0x651a, 
	0x653a, 0x651a, 0x651b, 0x5d1b, 0x6cf7, 0x965c, 0xc75d, 0x95b7, 0x3c58, 0x3c79, 0x4c56, 0x6d5a, 0xcf3b, 0xbed9, 0x9637, 0x8df6, 
	0x4c36, 0x4c77, 0xbeda, 0xc71c, 0x64f9, 0x5497, 0x3b74, 0x2b12, 0x2a6f, 0x1a0e, 0x220e, 0x220e, 0x220e, 0x220e, 0x220e, 0x220e, 
	0x220e, 0x220e, 0x220e, 0x220e, 0x220e, 0x220e, 0x220e, 0x220e, 0x220e, 0x220e, 0x220e, 0x220e, 0x220e, 0x220e, 0x220e, 0x220e, 
	0x220e, 0x220e, 0x220e, 0x220e, 0x220e, 0x220e, 0x220e, 0x220e, 0x220e, 0x220e, 0x220e, 0x220e, 0x220e, 0x220e, 0x220e, 0x220e, 
	0x220e, 0x220e, 0x220e, 0x220e, 0x220e, 0x220e, 0x220e, 0x220e, 0x220e, 0x220e, 0x220e, 0x220e, 0x220e, 0x220e, 0x220e, 0x220e, 
	0x220e, 0x220e, 0x220e, 0x220e, 0x220e, 0x220e, 0x220e, 0x220e, 0x220e, 0x220e, 0x220e, 0x220e, 0x220e, 0x220e, 0x220e, 0x220e, 
	0x220e, 0x220e, 0x220e, 0x220e, 0x220e, 0x220e, 0x220e, 0x220e, 0x1a0d, 0x4332, 0x961d, 0x85bb, 0x651a, 0x651a, 0x651a, 0x651a, 
	0x653b, 0x653b, 0x653b, 0x653b, 0x653b, 0x653b, 0x653b, 0x653b, 0x653b, 0x653b, 0x653b, 0x653b, 0x653b, 0x653b, 0x653b, 0x653b, 
	0x653b, 0x653b, 0x653b, 0x653b, 0x6d38, 0x967d, 0xbefa, 0xa657, 0x9635, 0x9635, 0x9615, 0xa677, 0xbefa, 0xb698, 0x9635, 0x9635, 
	0x9635, 0x9635, 0x9635, 0x9635, 0x9636, 0x9636, 0x6d79, 0x6d39, 0x6539, 0x6519, 0x5d1a, 0x653a, 0x5d1a, 0x653a, 0x651a, 0x653a, 
	0x651a, 0x653a, 0x5d1b, 0x653b, 0x653b, 0x653b, 0x653b, 0x653b, 0x653b, 0x653b, 0x653b, 0x653b, 0x653b, 0x653b, 0x653b, 0x653b, 
	0x653b, 0x653b, 0x653b, 0x653b, 0x653b, 0x653b, 0x653b, 0x653b, 0x653b, 0x653b, 0x651a, 0x651a, 0x8df6, 0x9657, 0x9635, 0x9635, 
	0x9635, 0x9635, 0x9635, 0x9635, 0x9635, 0x9635, 0xa637, 0xbefa, 0xb6d9, 0x9e16, 0x9635, 0x9635, 0x9635, 0x9635, 0x9636, 0x8df5, 
	0x85f8, 0x64f4, 0x4437, 0x4c58, 0x4c58, 0x54b9, 0x655b, 0x653b, 0x653b, 0x653b, 0x653b, 0x653b, 0x653b, 0x653b, 0x653b, 0x653b, 
	0x653b, 0x653b, 0x653b, 0x653b, 0x653b, 0x653b, 0x653b, 0x653b, 0x653b, 0x651a, 0x651a, 0x653a, 0x5d1a, 0x651a, 0x651a, 0x651a, 
	0x651a, 0x651a, 0x5d1b, 0x5d1a, 0x64f7, 0x8e1c, 0xb6dc, 0x8d97, 0x4c98, 0x4c98, 0x4457, 0x653a, 0xb6da, 0xae79, 0x8e15, 0x85d4, 
	0x4c56, 0x4c77, 0xb69a, 0xbefb, 0x64f8, 0x5497, 0x3b73, 0x2b12, 0x2a6f, 0x1a0e, 0x220e, 0x220e, 0x220e, 0x220e, 0x220e, 0x220e, 
	0x220e, 0x220e, 0x220e, 0x220e, 0x220e, 0x220e, 0x220e, 0x220e, 0x220e, 0x220e, 0x220e, 0x220e, 0x220e, 0x220e, 0x220e, 0x220e, 
	0x220e, 0x220e, 0x220e, 0x220e, 0x220e, 0x220e, 0x220e, 0x220e, 0x220e, 0x220e, 0x220e, 0x220e, 0x220e, 0x220e, 0x220e, 0x220e, 
	0x220e, 0x220e, 0x220e, 0x220e, 0x220e, 0x220e, 0x220e, 0x220e, 0x220e, 0x220e, 0x220e, 0x220e, 0x220e, 0x220e, 0x220e, 0x220e, 
	0x220e, 0x220e, 0x220e, 0x220e, 0x220e, 0x220e, 0x220e, 0x220e, 0x220e, 0x220e, 0x220e, 0x220e, 0x220e, 0x220e, 0x220e, 0x220e, 
	0x220e, 0x220e, 0x220e, 0x220e, 0x220e, 0x220e, 0x220e, 0x220e, 0x1a0d, 0x4332, 0x961d, 0x8ddb, 0x651a, 0x651a, 0x651a, 0x651a, 
	0x653b, 0x653b, 0x653b, 0x653b, 0x653b, 0x653b, 0x653b, 0x653b, 0x653b, 0x653b, 0x653b, 0x653b, 0x653b, 0x653b, 0x653b, 0x653b, 
	0x653b, 0x653b, 0x653b, 0x653b, 0x653b, 0x653b, 0x6d58, 0x7dda, 0x9635, 0x9635, 0x9636, 0x9635, 0x9635, 0x9635, 0x9635, 0x9635, 
	0x9635, 0x9635, 0x9635, 0x9635, 0x9635, 0x9635, 0x9635, 0x9636, 0x758f, 0x652e, 0x6517, 0x6538, 0x651b, 0x651b, 0x651b, 0x653b, 
	0x653b, 0x653b, 0x653b, 0x653b, 0x653b, 0x653b, 0x653b, 0x653b, 0x653b, 0x653b, 0x653b, 0x653b, 0x653b, 0x653b, 0x653b, 0x653b, 
	0x653b, 0x653b, 0x653b, 0x653b, 0x653a, 0x651a, 0x651a, 0x653a, 0x653a, 0x653a, 0x651a, 0x651a, 0xae79, 0xc71c, 0xa677, 0x9615, 
	0x9635, 0x9635, 0x9635, 0x9635, 0x9635, 0x9635, 0x9635, 0x9635, 0x9635, 0x9635, 0x9635, 0x9635, 0x9635, 0x9635, 0x8e39, 0x64d4, 
	0x4457, 0x4458, 0x4437, 0x54b9, 0x653b, 0x653b, 0x653b, 0x653b, 0x653b, 0x653b, 0x653b, 0x653b, 0x653b, 0x653b, 0x653b, 0x653b, 
	0x653b, 0x653b, 0x653b, 0x653b, 0x653b, 0x653b, 0x653b, 0x653b, 0x653b, 0x651a, 0x653a, 0x653a, 0x651a, 0x651a, 0x651a, 0x651a, 
	0x653a, 0x651a, 0x651a, 0x5cd9, 0x5cd9, 0x5cd9, 0x5cd6, 0x7578, 0x8e58, 0x7575, 0x3c79, 0x4479, 0x4cb6, 0x4cb7, 0x654f, 0x652e, 
	0x4c56, 0x4c76, 0x8e16, 0x9637, 0x5497, 0x4c56, 0x3353, 0x2b12, 0x2a6f, 0x1a0e, 0x220e, 0x220e, 0x220e, 0x220e, 0x220e, 0x220e, 
	0x220e, 0x220e, 0x220e, 0x220e, 0x220e, 0x220e, 0x220e, 0x220e, 0x220e, 0x220e, 0x220e, 0x220e, 0x220e, 0x220e, 0x220e, 0x220e, 
	0x220e, 0x220e, 0x220e, 0x220e, 0x220e, 0x220e, 0x220e, 0x220e, 0x220e, 0x220e, 0x220e, 0x220e, 0x220e, 0x220e, 0x220e, 0x220e, 
	0x220e, 0x220e, 0x220e, 0x220e, 0x220e, 0x220e, 0x220e, 0x220e, 0x220e, 0x220e, 0x220e, 0x220e, 0x220e, 0x220e, 0x220e, 0x220e, 
	0x220e, 0x220e, 0x220e, 0x220e, 0x220e, 0x220e, 0x220e, 0x220e, 0x220e, 0x220e, 0x220e, 0x220e, 0x220e, 0x220e, 0x220e, 0x220e, 
	0x220e, 0x220e, 0x220e, 0x220e, 0x220e, 0x220e, 0x220e, 0x220e, 0x1a0d, 0x4332, 0x961d, 0x8ddb, 0x653a, 0x653a, 0x651a, 0x651a, 
	0x653b, 0x653b, 0x653b, 0x653b, 0x653b, 0x653b, 0x653b, 0x653b, 0x653b, 0x653b, 0x653b, 0x653b, 0x653b, 0x653b, 0x653b, 0x653b, 
	0x653b, 0x653b, 0x653b, 0x653b, 0x653b, 0x653b, 0x6d38, 0x7dda, 0x9635, 0x9635, 0x9636, 0x9615, 0x9635, 0x9635, 0x9635, 0x9635, 
	0x9635, 0x9635, 0x9635, 0x9635, 0x9636, 0x9636, 0x9635, 0x9635, 0x758e, 0x652d, 0x5d17, 0x6537, 0x5d1b, 0x651b, 0x651b, 0x653b, 
	0x653b, 0x653b, 0x653b, 0x653b, 0x653b, 0x653b, 0x653b, 0x653b, 0x653b, 0x653b, 0x653b, 0x653b, 0x653b, 0x653b, 0x653b, 0x653b, 
	0x653b, 0x653b, 0x653b, 0x653b, 0x651a, 0x5d1a, 0x651a, 0x653a, 0x653a, 0x651a, 0x651a, 0x651a, 0xae59, 0xbefc, 0xa677, 0x9e16, 
	0x9635, 0x9635, 0x9615, 0x9615, 0x9615, 0x9635, 0x9635, 0x9635, 0x9635, 0x9635, 0x9636, 0x9635, 0x9635, 0x9635, 0x8e39, 0x64d3, 
	0x4437, 0x4458, 0x4457, 0x54b9, 0x655b, 0x653b, 0x653b, 0x653b, 0x653b, 0x653b, 0x653b, 0x653b, 0x653b, 0x653b, 0x653b, 0x653b, 
	0x653b, 0x653b, 0x653b, 0x653b, 0x653b, 0x653b, 0x653b, 0x653b, 0x653b, 0x651a, 0x651a, 0x653a, 0x5d1a, 0x651a, 0x651a, 0x651a, 
	0x651a, 0x651a, 0x651a, 0x5cd9, 0x5cb9, 0x5cb8, 0x5cb6, 0x7578, 0x8e38, 0x7575, 0x4cb9, 0x4c99, 0x4476, 0x4c97, 0x652f, 0x652f, 
	0x4c56, 0x4c76, 0x85f6, 0x8e17, 0x5497, 0x4c56, 0x3353, 0x2af2, 0x2a6f, 0x1a0e, 0x220e, 0x220e, 0x220e, 0x220e, 0x220e, 0x220e, 
	0x220e, 0x220e, 0x220e, 0x220e, 0x220e, 0x220e, 0x220e, 0x220e, 0x220e, 0x220e, 0x220e, 0x220e, 0x220e, 0x220e, 0x220e, 0x220e, 
	0x220e, 0x220e, 0x220e, 0x220e, 0x220e, 0x220e, 0x220e, 0x220e, 0x220e, 0x220e, 0x220e, 0x220e, 0x220e, 0x220e, 0x220e, 0x220e, 
	0x220e, 0x220e, 0x220e, 0x220e, 0x220e, 0x220e, 0x220e, 0x220e, 0x220e, 0x220e, 0x220e, 0x220e, 0x220e, 0x220e, 0x220e, 0x220e, 
	0x220e, 0x220e, 0x220e, 0x220e, 0x220e, 0x220e, 0x220e, 0x220e, 0x220e, 0x220e, 0x220e, 0x220e, 0x220e, 0x220e, 0x220e, 0x220e, 
	0x220e, 0x220e, 0x220e, 0x220e, 0x220e, 0x220e, 0x220e, 0x220e, 0x19ed, 0x4332, 0x961c, 0x8dfc, 0x8dfc, 0x85db, 0x653a, 0x651a, 
	0x653b, 0x653b, 0x653b, 0x653b, 0x653b, 0x653b, 0x653b, 0x653b, 0x653b, 0x653b, 0x653b, 0x653b, 0x653b, 0x653b, 0x653b, 0x653b, 
	0x653b, 0x653b, 0x653b, 0x653b, 0x653b, 0x653b, 0x6d38, 0x7dda, 0x9635, 0x9635, 0x9636, 0x9635, 0x9635, 0x9635, 0x9635, 0x9635, 
	0x9635, 0x9635, 0x9615, 0x9636, 0xbed9, 0xbefa, 0x9e56, 0x9635, 0x758f, 0x652d, 0x54b6, 0x4c54, 0x54da, 0x653c, 0x653b, 0x653b, 
	0x653b, 0x653b, 0x653b, 0x653b, 0x653b, 0x653b, 0x653b, 0x653b, 0x653b, 0x653b, 0x655b, 0x653a, 0x653a, 0x651a, 0x653a, 0x651a, 
	0x653a, 0x651a, 0x653a, 0x651a, 0x651a, 0x5d1a, 0x651a, 0x651a, 0x651a, 0x651a, 0x651a, 0x651a, 0x653a, 0x6d3a, 0xa659, 0xbf1c, 
	0xa697, 0x9615, 0x7dd1, 0x652e, 0x7d91, 0x9654, 0x9635, 0x9636, 0x9635, 0x9635, 0x9635, 0x9635, 0x9635, 0x9635, 0x8e39, 0x64d3, 
	0x4437, 0x54da, 0x653b, 0x651b, 0x653b, 0x653b, 0x653b, 0x653b, 0x653b, 0x653b, 0x653b, 0x653b, 0x653b, 0x653b, 0x653b, 0x653b, 
	0x653b, 0x653b, 0x653b, 0x653b, 0x653b, 0x653b, 0x653b, 0x653b, 0x653b, 0x651a, 0x651a, 0x651a, 0x5d1a, 0x651a, 0x651a, 0x651a, 
	0x651a, 0x651a, 0x651a, 0x5cd9, 0x54d9, 0x4c98, 0x4498, 0x4499, 0x5496, 0x759a, 0xbf1c, 0x9e19, 0x4457, 0x4c98, 0x5cd8, 0x54b7, 
	0x4457, 0x4457, 0x54b8, 0x54b8, 0x4c77, 0x4457, 0x3373, 0x2b12, 0x2a6f, 0x1a0e, 0x220e, 0x220e, 0x220e, 0x220e, 0x220e, 0x220e, 
	0x220e, 0x220e, 0x220e, 0x220e, 0x220e, 0x220e, 0x220e, 0x220e, 0x220e, 0x220e, 0x220e, 0x220e, 0x220e, 0x220e, 0x220e, 0x220e, 
	0x220e, 0x220e, 0x220e, 0x220e, 0x220e, 0x220e, 0x220e, 0x220e, 0x220e, 0x220e, 0x220e, 0x220e, 0x220e, 0x220e, 0x220e, 0x220e, 
	0x220e, 0x220e, 0x220e, 0x220e, 0x220e, 0x220e, 0x220e, 0x220e, 0x220e, 0x220e, 0x220e, 0x220e, 0x220e, 0x220e, 0x220e, 0x220e, 
	0x220e, 0x220e, 0x220e, 0x220e, 0x220e, 0x220e, 0x220e, 0x220e, 0x220e, 0x220e, 0x220e, 0x220e, 0x220e, 0x220e, 0x220e, 0x220e, 
	0x220e, 0x220e, 0x220e, 0x220e, 0x220e, 0x220e, 0x220e, 0x220e, 0x19ed, 0x4332, 0x961c, 0x8dfc, 0x8dfc, 0x8ddc, 0x653a, 0x651a, 
	0x653b, 0x653b, 0x653b, 0x653b, 0x653b, 0x653b, 0x653b, 0x653b, 0x653b, 0x653b, 0x653b, 0x653b, 0x653b, 0x653b, 0x653b, 0x653b, 
	0x653b, 0x653b, 0x653b, 0x653b, 0x653b, 0x653b, 0x6d58, 0x7dda, 0x9635, 0x9635, 0x9636, 0x9615, 0x9635, 0x9635, 0x9635, 0x9635, 
	0x9635, 0x9635, 0x9615, 0x9636, 0xbeda, 0xc6fa, 0x9e56, 0x9635, 0x758f, 0x652d, 0x5495, 0x4454, 0x54b9, 0x655b, 0x653b, 0x653b, 
	0x653b, 0x653b, 0x653b, 0x653b, 0x653b, 0x653b, 0x653b, 0x653b, 0x653b, 0x653b, 0x653b, 0x651b, 0x651a, 0x5d1a, 0x653a, 0x5d1a, 
	0x653a, 0x651a, 0x651a, 0x5d1a, 0x651a, 0x651a, 0x651a, 0x653a, 0x653a, 0x651a, 0x651a, 0x651a, 0x5d1a, 0x5cfa, 0xa639, 0xc71c, 
	0xa697, 0x9e15, 0x7dd1, 0x650d, 0x7571, 0x9654, 0x9635, 0x9636, 0x9635, 0x9635, 0x9635, 0x9635, 0x9635, 0x9635, 0x8e39, 0x64d4, 
	0x4437, 0x5cda, 0x655b, 0x653b, 0x653b, 0x653b, 0x653b, 0x653b, 0x653b, 0x653b, 0x653b, 0x653b, 0x653b, 0x653b, 0x653b, 0x653b, 
	0x653b, 0x653b, 0x653b, 0x653b, 0x653b, 0x653b, 0x653b, 0x653b, 0x653b, 0x651a, 0x651a, 0x653a, 0x5d1a, 0x651a, 0x651a, 0x651a, 
	0x651a, 0x651a, 0x651a, 0x5cd9, 0x54d9, 0x4c98, 0x4479, 0x4479, 0x4c56, 0x6d7b, 0xc73d, 0xa639, 0x4478, 0x4c98, 0x5cd9, 0x54b8, 
	0x4457, 0x4457, 0x4c98, 0x5498, 0x4457, 0x4457, 0x3373, 0x2b12, 0x2a6f, 0x1a0e, 0x220e, 0x220e, 0x220e, 0x220e, 0x220e, 0x220e, 
	0x220e, 0x220e, 0x220e, 0x220e, 0x220e, 0x220e, 0x220e, 0x220e, 0x220e, 0x220e, 0x220e, 0x220e, 0x220e, 0x220e, 0x220e, 0x220e, 
	0x220e, 0x220e, 0x220e, 0x220e, 0x220e, 0x220e, 0x220e, 0x220e, 0x220e, 0x220e, 0x220e, 0x220e, 0x220e, 0x220e, 0x220e, 0x220e, 
	0x220e, 0x220e, 0x220e, 0x220e, 0x220e, 0x220e, 0x220e, 0x220e, 0x220e, 0x220e, 0x220e, 0x220e, 0x220e, 0x220e, 0x220e, 0x220e, 
	0x220e, 0x220e, 0x220e, 0x220e, 0x220e, 0x220e, 0x220e, 0x220e, 0x220e, 0x220e, 0x220e, 0x220e, 0x220e, 0x220e, 0x220e, 0x220e, 
	0x220e, 0x220e, 0x220e, 0x220e, 0x220e, 0x220e, 0x220e, 0x220e, 0x220e, 0x224f, 0x32d0, 0x4372, 0x8dfc, 0x8ddc, 0x651a, 0x651a, 
	0x651a, 0x651a, 0x653b, 0x653b, 0x653b, 0x653b, 0x653b, 0x653b, 0x653b, 0x653b, 0x653b, 0x653b, 0x653b, 0x653b, 0x653b, 0x653b, 
	0x653b, 0x653b, 0x653b, 0x653b, 0x6d38, 0x965d, 0xb6da, 0xa637, 0x9615, 0x9635, 0x9655, 0x85d3, 0x6d4f, 0x75b0, 0x9635, 0x9635, 
	0x9635, 0x9635, 0x9635, 0x9636, 0x9e36, 0x9e56, 0x9636, 0x9635, 0x8e14, 0x8df4, 0x85f5, 0x85f5, 0x7591, 0x6530, 0x6537, 0x6558, 
	0x653b, 0x653b, 0x653b, 0x653b, 0x653b, 0x5d1a, 0x653a, 0x653a, 0x651a, 0x651a, 0x653a, 0x5d1a, 0x651a, 0x5d1a, 0x651a, 0x5d1a, 
	0x651a, 0x5d1a, 0x651a, 0x5d1a, 0x651a, 0x5d1a, 0x5d1a, 0x651a, 0x651a, 0x651a, 0x5d1a, 0x651a, 0x5d1a, 0x5d1a, 0x6d5a, 0x757b, 
	0x85d6, 0x9637, 0x8e14, 0x8e14, 0x8e14, 0x9635, 0x9635, 0x9635, 0x9635, 0x9635, 0x9635, 0x9635, 0x9635, 0x9635, 0x9616, 0xa677, 
	0xa69d, 0x85b9, 0x6519, 0x85fc, 0xb6dc, 0x9e19, 0x653b, 0x653b, 0x653b, 0x653b, 0x653b, 0x653b, 0x653b, 0x653b, 0x653b, 0x653b, 
	0x653b, 0x653b, 0x653b, 0x653b, 0x653b, 0x653b, 0x653a, 0x653a, 0x651a, 0x651a, 0x651a, 0x651a, 0x5d1a, 0x5d1a, 0x5d1a, 0x5d1a, 
	0x651a, 0x5cd9, 0x5cd9, 0x5cd8, 0x54d9, 0x4c98, 0x4478, 0x4478, 0x4478, 0x4c99, 0x5cd7, 0x757a, 0xaeba, 0x9e38, 0x650f, 0x6d30, 
	0x85d5, 0x85d5, 0x5cf3, 0x54d2, 0x3b93, 0x3352, 0x3312, 0x3312, 0x2a6f, 0x1a0e, 0x220e, 0x220e, 0x220e, 0x220e, 0x220e, 0x220e, 
	0x220e, 0x220e, 0x220e, 0x220e, 0x220e, 0x220e, 0x220e, 0x220e, 0x220e, 0x220e, 0x220e, 0x220e, 0x220e, 0x220e, 0x220e, 0x220e, 
	0x220e, 0x220e, 0x220e, 0x220e, 0x220e, 0x220e, 0x220e, 0x220e, 0x220e, 0x220e, 0x220e, 0x220e, 0x220e, 0x220e, 0x220e, 0x220e, 
	0x220e, 0x220e, 0x220e, 0x220e, 0x220e, 0x220e, 0x220e, 0x220e, 0x220e, 0x220e, 0x220e, 0x220e, 0x220e, 0x220e, 0x220e, 0x220e, 
	0x220e, 0x220e, 0x220e, 0x220e, 0x220e, 0x220e, 0x220e, 0x220e, 0x220e, 0x220e, 0x220e, 0x220e, 0x220e, 0x220e, 0x220e, 0x220e, 
	0x220e, 0x220e, 0x220e, 0x220e, 0x220e, 0x220e, 0x220e, 0x220e, 0x220e, 0x220e, 0x19ed, 0x32b0, 0x8dfc, 0x8ddc, 0x653a, 0x651a, 
	0x651a, 0x651a, 0x653b, 0x653b, 0x653b, 0x653b, 0x653b, 0x653b, 0x653b, 0x653b, 0x653b, 0x653b, 0x653b, 0x653b, 0x653b, 0x653b, 
	0x653b, 0x653b, 0x653b, 0x653b, 0x7518, 0xa69e, 0xc73a, 0xae57, 0x9615, 0x9635, 0x9655, 0x7db2, 0x650c, 0x758e, 0x9635, 0x9635, 
	0x9636, 0x9635, 0x9636, 0x9636, 0x9635, 0x9635, 0x9635, 0x9635, 0x9636, 0x9636, 0x9635, 0x9656, 0x7dcf, 0x650d, 0x6536, 0x6d77, 
	0x653c, 0x653c, 0x653b, 0x653b, 0x653b, 0x651a, 0x651a, 0x651a, 0x651a, 0x5d1a, 0x653a, 0x5d1a, 0x653a, 0x651a, 0x653a, 0x651a, 
	0x653a, 0x651a, 0x653a, 0x651a, 0x651a, 0x651a, 0x651a, 0x653a, 0x653a, 0x651a, 0x651a, 0x651a, 0x5d1a, 0x653a, 0x5d1b, 0x5cfa, 
	0x7db6, 0x8e38, 0x9635, 0x9635, 0x9636, 0x9636, 0x9635, 0x9635, 0x9635, 0x9635, 0x9635, 0x9635, 0x9635, 0x9635, 0x9df5, 0xb6d9, 
	0xc75e, 0x95f9, 0x6d18, 0x8e3d, 0xc73d, 0xae59, 0x653b, 0x653b, 0x653b, 0x653b, 0x653b, 0x653b, 0x653b, 0x653b, 0x653b, 0x653b, 
	0x653b, 0x653b, 0x653b, 0x653b, 0x653b, 0x653b, 0x653a, 0x651a, 0x651a, 0x653a, 0x651a, 0x653a, 0x651a, 0x651a, 0x651a, 0x651a, 
	0x651a, 0x5cd9, 0x5cb8, 0x5cb8, 0x5cd9, 0x4c98, 0x4478, 0x4478, 0x4499, 0x4479, 0x4456, 0x655a, 0xcf5a, 0xb697, 0x6d2c, 0x6d6d, 
	0x9655, 0x9635, 0x5cf1, 0x54d1, 0x3332, 0x2af0, 0x2af2, 0x3312, 0x2a6f, 0x1a0e, 0x220e, 0x220e, 0x220e, 0x220e, 0x220e, 0x220e, 
	0x220e, 0x220e, 0x220e, 0x220e, 0x220e, 0x220e, 0x220e, 0x220e, 0x220e, 0x220e, 0x220e, 0x220e, 0x220e, 0x220e, 0x220e, 0x220e, 
	0x220e, 0x220e, 0x220e, 0x220e, 0x220e, 0x220e, 0x220e, 0x220e, 0x220e, 0x220e, 0x220e, 0x220e, 0x220e, 0x220e, 0x220e, 0x220e, 
	0x220e, 0x220e, 0x220e, 0x220e, 0x220e, 0x220e, 0x220e, 0x220e, 0x220e, 0x220e, 0x220e, 0x220e, 0x220e, 0x220e, 0x220e, 0x220e, 
	0x220e, 0x220e, 0x220e, 0x220e, 0x220e, 0x220e, 0x220e, 0x220e, 0x220e, 0x220e, 0x220e, 0x220e, 0x220e, 0x220e, 0x220e, 0x220e, 
	0x220e, 0x220e, 0x220e, 0x220e, 0x220e, 0x220e, 0x220e, 0x220e, 0x220e, 0x220e, 0x1a0d, 0x32d0, 0x8dfc, 0x8ddb, 0x651a, 0x651a, 
	0x5d1a, 0x5d1a, 0x651b, 0x653b, 0x653b, 0x653b, 0x653b, 0x653b, 0x653b, 0x653b, 0x653b, 0x653b, 0x653b, 0x653b, 0x653b, 0x653b, 
	0x653b, 0x653b, 0x653b, 0x5d3b, 0x6d38, 0x861b, 0xa676, 0x9e35, 0x9635, 0x9635, 0x9635, 0x8df5, 0x85d3, 0x8df4, 0x9635, 0x9635, 
	0x9635, 0x8e14, 0x7570, 0x7590, 0x8e15, 0x9635, 0x9635, 0x9635, 0x9635, 0x9635, 0x9635, 0x9636, 0x8e14, 0x85f3, 0x75b2, 0x6530, 
	0x7553, 0x85f6, 0x7dba, 0x6d38, 0x653b, 0x5d1b, 0x651a, 0x651a, 0x5d1a, 0x5d1a, 0x651a, 0x5d1a, 0x651a, 0x5d1a, 0x651a, 0x5d1a, 
	0x651a, 0x5d1a, 0x651a, 0x5d1a, 0x5d1a, 0x5d1a, 0x5d1a, 0x651a, 0x651a, 0x5d1a, 0x5d1a, 0x5d1a, 0x5d1a, 0x651a, 0x5d1a, 0x5d1a, 
	0x85b6, 0x9638, 0x9635, 0x9635, 0x9635, 0x9635, 0x9635, 0x9635, 0x9635, 0x9635, 0x9635, 0x9635, 0x9635, 0x9635, 0x9654, 0x85d2, 
	0x7db4, 0x6512, 0x4c56, 0x757a, 0xa697, 0x8df4, 0x6512, 0x6532, 0x653b, 0x653b, 0x653b, 0x653b, 0x653b, 0x653b, 0x653b, 0x653b, 
	0x653b, 0x653b, 0x653b, 0x653b, 0x653b, 0x653b, 0x651a, 0x651a, 0x5d1a, 0x651a, 0x651a, 0x651a, 0x5d1a, 0x5d1a, 0x5d1a, 0x5d1a, 
	0x651a, 0x5cd9, 0x54d9, 0x4c98, 0x4499, 0x4478, 0x4478, 0x4478, 0x4478, 0x4478, 0x4478, 0x54b9, 0x7579, 0x6d38, 0x4c74, 0x5495, 
	0x5cb6, 0x5cd7, 0x7d97, 0x8597, 0x3b73, 0x2af1, 0x2290, 0x224f, 0x222e, 0x220e, 0x220e, 0x220e, 0x220e, 0x220e, 0x220e, 0x220e, 
	0x220e, 0x220e, 0x220e, 0x220e, 0x220e, 0x220e, 0x220e, 0x220e, 0x220e, 0x220e, 0x220e, 0x220e, 0x220e, 0x220e, 0x220e, 0x220e, 
	0x220e, 0x220e, 0x220e, 0x220e, 0x220e, 0x220e, 0x220e, 0x220e, 0x220e, 0x220e, 0x220e, 0x220e, 0x220e, 0x220e, 0x220e, 0x220e, 
	0x220e, 0x220e, 0x220e, 0x220e, 0x220e, 0x220e, 0x220e, 0x220e, 0x220e, 0x220e, 0x220e, 0x220e, 0x220e, 0x220e, 0x220e, 0x220e, 
	0x220e, 0x220e, 0x220e, 0x220e, 0x220e, 0x220e, 0x220e, 0x220e, 0x220e, 0x220e, 0x220e, 0x220e, 0x220e, 0x220e, 0x220e, 0x220e, 
	0x220e, 0x220e, 0x220e, 0x220e, 0x220e, 0x220e, 0x220e, 0x220e, 0x220e, 0x220e, 0x1a0d, 0x32d0, 0x8dfc, 0x8ddc, 0x653a, 0x5d1a, 
	0x651a, 0x653a, 0x653b, 0x653b, 0x653b, 0x653b, 0x653b, 0x653b, 0x653b, 0x653b, 0x653b, 0x653b, 0x653b, 0x653b, 0x653b, 0x653b, 
	0x653b, 0x653b, 0x655c, 0x653b, 0x6d57, 0x7dda, 0x9635, 0x9635, 0x9635, 0x9635, 0x9636, 0x9636, 0x9636, 0x9636, 0x9635, 0x9635, 
	0x9635, 0x8e14, 0x652d, 0x652d, 0x8e14, 0x9635, 0x9635, 0x9635, 0x9635, 0x9635, 0x9635, 0x9635, 0x9636, 0x9656, 0x7df0, 0x650d, 
	0x756f, 0x9673, 0x85fa, 0x6d57, 0x653b, 0x5d3b, 0x653a, 0x653a, 0x653a, 0x651a, 0x653a, 0x651a, 0x653a, 0x651a, 0x653a, 0x651a, 
	0x653a, 0x651a, 0x653a, 0x651a, 0x653a, 0x651a, 0x651a, 0x653a, 0x653a, 0x653a, 0x651a, 0x653a, 0x5d1a, 0x653a, 0x5d1a, 0x5cfa, 
	0x7db6, 0x8e38, 0x9635, 0x9635, 0x9635, 0x9635, 0x9635, 0x9635, 0x9636, 0x9636, 0x9636, 0x9636, 0x9636, 0x9636, 0x9653, 0x754f, 
	0x5d10, 0x4caf, 0x43f5, 0x6519, 0x9674, 0x85d2, 0x652e, 0x6d4f, 0x655b, 0x653b, 0x653b, 0x653b, 0x653b, 0x653b, 0x653b, 0x653b, 
	0x653b, 0x653b, 0x653b, 0x653b, 0x653b, 0x655b, 0x653b, 0x653a, 0x653a, 0x653a, 0x653a, 0x653a, 0x651a, 0x651a, 0x651a, 0x653a, 
	0x651a, 0x5cd9, 0x54d9, 0x4c98, 0x4478, 0x4478, 0x4479, 0x4478, 0x4479, 0x4478, 0x4478, 0x4499, 0x54b9, 0x5498, 0x4437, 0x4437, 
	0x4437, 0x4c57, 0x8dd9, 0x95fa, 0x4393, 0x2af1, 0x224f, 0x1a0e, 0x220e, 0x220e, 0x220e, 0x220e, 0x220e, 0x220e, 0x220e, 0x220e, 
	0x220e, 0x220e, 0x220e, 0x220e, 0x220e, 0x220e, 0x220e, 0x220e, 0x220e, 0x220e, 0x220e, 0x220e, 0x220e, 0x220e, 0x220e, 0x220e, 
	0x220e, 0x220e, 0x220e, 0x220e, 0x220e, 0x220e, 0x220e, 0x220e, 0x220e, 0x220e, 0x220e, 0x220e, 0x220e, 0x220e, 0x220e, 0x220e, 
	0x220e, 0x220e, 0x220e, 0x220e, 0x220e, 0x220e, 0x220e, 0x220e, 0x220e, 0x220e, 0x220e, 0x220e, 0x220e, 0x220e, 0x220e, 0x220e, 
	0x220e, 0x220e, 0x220e, 0x220e, 0x220e, 0x220e, 0x220e, 0x220e, 0x220e, 0x220e, 0x220e, 0x220e, 0x220e, 0x220e, 0x220e, 0x220e, 
	0x220e, 0x220e, 0x220e, 0x220e, 0x220e, 0x220e, 0x220e, 0x220e, 0x220e, 0x220e, 0x1a0d, 0x32d1, 0x95fc, 0x8dfc, 0x7dbb, 0x7d9b, 
	0x653a, 0x651a, 0x653b, 0x653b, 0x653b, 0x653b, 0x653b, 0x653b, 0x653b, 0x653b, 0x653b, 0x653b, 0x653b, 0x653b, 0x653b, 0x653b, 
	0x653b, 0x653b, 0x653b, 0x653b, 0x6d38, 0x965c, 0xb6d8, 0xa656, 0x9635, 0x85d3, 0x7590, 0x85f2, 0x9635, 0x9635, 0x9635, 0x9635, 
	0x9635, 0x9615, 0x85d2, 0x85d2, 0x9635, 0x9635, 0x9635, 0x9635, 0x9635, 0x9635, 0x9635, 0x9635, 0x9635, 0x9635, 0x8e13, 0x85b2, 
	0x85f3, 0x9655, 0x8e17, 0x85d6, 0x75ba, 0x6d58, 0x653b, 0x651b, 0x651a, 0x5d1a, 0x651a, 0x5d1a, 0x653a, 0x651a, 0x653a, 0x651a, 
	0x653a, 0x651a, 0x653a, 0x5d1a, 0x651a, 0x651a, 0x651a, 0x653a, 0x653a, 0x651a, 0x651a, 0x651a, 0x5d1a, 0x5d1a, 0x8dda, 0x9e5c, 
	0x9e37, 0x9616, 0x9635, 0x9635, 0x9635, 0x9635, 0x9635, 0x9636, 0x8e34, 0x7d91, 0x7d91, 0x8e34, 0x9636, 0x9635, 0x9635, 0x85f3, 
	0x85b4, 0x8df5, 0x9618, 0x95f8, 0x9636, 0x7d94, 0x4c94, 0x5cd5, 0x653b, 0x653b, 0x653b, 0x653b, 0x653b, 0x653b, 0x653b, 0x653b, 
	0x653b, 0x653b, 0x653b, 0x653b, 0x653b, 0x653b, 0x651a, 0x653a, 0x651a, 0x653a, 0x651a, 0x653a, 0x5d1a, 0x651a, 0x651a, 0x5cf9, 
	0x5cf9, 0x5cd9, 0x54d9, 0x4c98, 0x4478, 0x4478, 0x4479, 0x4478, 0x4478, 0x4499, 0x54b8, 0x54b8, 0x5cd9, 0x5cb8, 0x5498, 0x5498, 
	0x4c78, 0x4c78, 0x64f8, 0x6d19, 0x3b53, 0x2af1, 0x224f, 0x1a0e, 0x220e, 0x220e, 0x220e, 0x220e, 0x220e, 0x220e, 0x220e, 0x220e, 
	0x220e, 0x220e, 0x220e, 0x220e, 0x220e, 0x220e, 0x220e, 0x220e, 0x220e, 0x220e, 0x220e, 0x220e, 0x220e, 0x220e, 0x220e, 0x220e, 
	0x220e, 0x220e, 0x220e, 0x220e, 0x220e, 0x220e, 0x220e, 0x220e, 0x220e, 0x220e, 0x220e, 0x220e, 0x220e, 0x220e, 0x220e, 0x220e, 
	0x220e, 0x220e, 0x220e, 0x220e, 0x220e, 0x220e, 0x220e, 0x220e, 0x220e, 0x220e, 0x220e, 0x220e, 0x220e, 0x220e, 0x220e, 0x220e, 
	0x220e, 0x220e, 0x220e, 0x220e, 0x220e, 0x220e, 0x220e, 0x220e, 0x220e, 0x220e, 0x220e, 0x220e, 0x220e, 0x220e, 0x220e, 0x220e, 
	0x220e, 0x220e, 0x220e, 0x220e, 0x220e, 0x220e, 0x220e, 0x220e, 0x220e, 0x220e, 0x1a0d, 0x32d1, 0x963d, 0x963c, 0x961c, 0x95fc, 
	0x653b, 0x651a, 0x653b, 0x653b, 0x653b, 0x653b, 0x653b, 0x653b, 0x653b, 0x653b, 0x653b, 0x653b, 0x653b, 0x653b, 0x653b, 0x653b, 
	0x653b, 0x653b, 0x655c, 0x653b, 0x7518, 0xa69e, 0xcf3b, 0xae57, 0x9654, 0x7d91, 0x5cec, 0x75af, 0x9636, 0x9635, 0x9615, 0x9635, 
	0x9635, 0x9635, 0x9636, 0x9636, 0x9635, 0x9635, 0x9635, 0x9635, 0x9635, 0x9635, 0x9635, 0x9635, 0x9635, 0x9635, 0x9636, 0x9636, 
	0x9635, 0x9635, 0x9635, 0x9655, 0x8e1a, 0x7577, 0x655c, 0x651b, 0x651a, 0x651a, 0x653a, 0x651a, 0x653a, 0x651a, 0x653a, 0x651a, 
	0x653a, 0x651a, 0x653a, 0x651a, 0x653a, 0x651a, 0x651a, 0x653a, 0x653a, 0x653a, 0x651a, 0x653a, 0x5d1a, 0x5d1a, 0xae59, 0xc73d, 
	0xaeb7, 0x9615, 0x9635, 0x9635, 0x9636, 0x9636, 0x9636, 0x9636, 0x8e32, 0x650e, 0x650e, 0x8e33, 0x9636, 0x9636, 0x9636, 0x9656, 
	0x9e36, 0xb6d9, 0xcf5b, 0xb698, 0x9638, 0x7d75, 0x3bf7, 0x4c79, 0x655b, 0x653b, 0x653b, 0x653b, 0x653b, 0x653b, 0x653b, 0x653b, 
	0x653b, 0x653b, 0x653b, 0x653b, 0x653a, 0x653a, 0x5d1a, 0x653a, 0x651a, 0x653a, 0x653a, 0x653a, 0x651a, 0x653a, 0x651a, 0x5cd9, 
	0x5cd8, 0x5cd8, 0x54d9, 0x4c98, 0x4479, 0x4478, 0x4479, 0x4478, 0x4478, 0x4cb9, 0x5cd9, 0x5cd9, 0x5cd9, 0x5cd8, 0x5cd9, 0x5cd8, 
	0x5498, 0x5498, 0x54b8, 0x5498, 0x3353, 0x2af2, 0x224f, 0x1a0e, 0x220e, 0x220e, 0x220e, 0x220e, 0x220e, 0x220e, 0x220e, 0x220e, 
	0x220e, 0x220e, 0x220e, 0x220e, 0x220e, 0x220e, 0x220e, 0x220e, 0x220e, 0x220e, 0x220e, 0x220e, 0x220e, 0x220e, 0x220e, 0x220e, 
	0x220e, 0x220e, 0x220e, 0x220e, 0x220e, 0x220e, 0x220e, 0x220e, 0x220e, 0x220e, 0x220e, 0x220e, 0x220e, 0x220e, 0x220e, 0x220e, 
	0x220e, 0x220e, 0x220e, 0x220e, 0x220e, 0x220e, 0x220e, 0x220e, 0x220e, 0x220e, 0x220e, 0x220e, 0x220e, 0x220e, 0x220e, 0x220e, 
	0x220e, 0x220e, 0x220e, 0x220e, 0x220e, 0x220e, 0x220e, 0x220e, 0x220e, 0x220e, 0x220e, 0x220e, 0x220e, 0x220e, 0x220e, 0x220e, 
	0x220e, 0x220e, 0x220e, 0x220e, 0x220e, 0x220e, 0x220e, 0x220e, 0x220e, 0x220e, 0x1a0e, 0x2a6f, 0x5415, 0x5c35, 0x8ddb, 0x8ddc, 
	0x653a, 0x5d1a, 0x651a, 0x653a, 0x653b, 0x653b, 0x653b, 0x653b, 0x653b, 0x653b, 0x653b, 0x653b, 0x653b, 0x653b, 0x653b, 0x653b, 
	0x653b, 0x653b, 0x653b, 0x5d3b, 0x6d37, 0x8e3c, 0xae98, 0x9e36, 0x9635, 0x85d3, 0x7db1, 0x85f2, 0x9615, 0x9e56, 0xae98, 0xa677, 
	0x9635, 0x9615, 0x9615, 0x9635, 0x9635, 0x9635, 0x9635, 0x9635, 0x9635, 0x9635, 0x9615, 0x9635, 0x9615, 0x9635, 0x9615, 0x9635, 
	0x9635, 0x9636, 0x8e13, 0x7db1, 0x7596, 0x5cf4, 0x54ba, 0x5d1b, 0x653a, 0x5d1a, 0x5d1a, 0x5d1a, 0x5d1a, 0x5d1a, 0x651a, 0x5d1a, 
	0x651a, 0x5d1a, 0x5d1a, 0x5d1a, 0x5d1a, 0x5d1a, 0x5d1a, 0x651a, 0x651a, 0x5d1a, 0x5d1a, 0x5d1a, 0x5d1a, 0x5d1a, 0xa639, 0xc71c, 
	0xa697, 0x95f5, 0x9615, 0x9636, 0x8e13, 0x7d92, 0x85b3, 0x9635, 0x8e34, 0x7db2, 0x7db2, 0x8e34, 0x9634, 0x85b2, 0x7d93, 0x7573, 
	0x7515, 0x8e19, 0xaeb8, 0x9e56, 0x8e36, 0x85d5, 0x6d37, 0x6d37, 0x653b, 0x653b, 0x653b, 0x653b, 0x653b, 0x653b, 0x653b, 0x653b, 
	0x653b, 0x653b, 0x653a, 0x653a, 0x5d1a, 0x5d1a, 0x5d1a, 0x5d1a, 0x5d1a, 0x5d1a, 0x5d1a, 0x651a, 0x5d1a, 0x5cf9, 0x5cd9, 0x5cb8, 
	0x5cb8, 0x5cb8, 0x54d9, 0x4c78, 0x4478, 0x4478, 0x4478, 0x4478, 0x4478, 0x4c98, 0x5cd8, 0x5cb8, 0x5cd8, 0x5cb8, 0x5cb8, 0x54b8, 
	0x5498, 0x4c98, 0x43d5, 0x3bb5, 0x3312, 0x2af2, 0x224f, 0x1a0e, 0x220e, 0x220e, 0x220e, 0x220e, 0x220e, 0x220e, 0x220e, 0x220e, 
	0x220e, 0x220e, 0x220e, 0x220e, 0x220e, 0x220e, 0x220e, 0x220e, 0x220e, 0x220e, 0x220e, 0x220e, 0x220e, 0x220e, 0x220e, 0x220e, 
	0x220e, 0x220e, 0x220e, 0x220e, 0x220e, 0x220e, 0x220e, 0x220e, 0x220e, 0x220e, 0x220e, 0x220e, 0x220e, 0x220e, 0x220e, 0x220e, 
	0x220e, 0x220e, 0x220e, 0x220e, 0x220e, 0x220e, 0x220e, 0x220e, 0x220e, 0x220e, 0x220e, 0x220e, 0x220e, 0x220e, 0x220e, 0x220e, 
	0x220e, 0x220e, 0x220e, 0x220e, 0x220e, 0x220e, 0x220e, 0x220e, 0x220e, 0x220e, 0x220e, 0x220e, 0x220e, 0x220e, 0x220e, 0x220e, 
	0x220e, 0x220e, 0x220e, 0x220e, 0x220e, 0x220e, 0x220e, 0x220e, 0x220e, 0x220e, 0x220e, 0x220e, 0x19cd, 0x224f, 0x8dbb, 0x95fc, 
	0x653b, 0x651a, 0x651a, 0x653a, 0x653b, 0x653b, 0x653b, 0x653b, 0x653b, 0x653b, 0x653b, 0x653b, 0x653b, 0x653b, 0x653b, 0x653b, 
	0x653b, 0x653b, 0x655c, 0x653b, 0x6d57, 0x7dda, 0x9635, 0x9635, 0x9636, 0x9636, 0x9636, 0x9636, 0x9615, 0xa677, 0xcf3b, 0xbeda, 
	0x9635, 0x9635, 0x9635, 0x9635, 0x9635, 0x9635, 0x9636, 0x9636, 0x9635, 0x9635, 0x9635, 0x9635, 0x9635, 0x9635, 0x9635, 0x9635, 
	0x9636, 0x9636, 0x8631, 0x6d2d, 0x5d12, 0x4c70, 0x4438, 0x651b, 0x655b, 0x651b, 0x653a, 0x651a, 0x653a, 0x651a, 0x653a, 0x651a, 
	0x653a, 0x651a, 0x653a, 0x651a, 0x653a, 0x651a, 0x651a, 0x653a, 0x653a, 0x653a, 0x651a, 0x651a, 0x5d1a, 0x5d1a, 0xae59, 0xc73d, 
	0xaeb7, 0x9615, 0x9635, 0x9636, 0x7df1, 0x64ed, 0x6d4f, 0x8e54, 0x9636, 0x9636, 0x9636, 0x9636, 0x8e53, 0x6d4f, 0x5d11, 0x54af, 
	0x4415, 0x6d59, 0x9635, 0x9635, 0x9635, 0x9635, 0x9657, 0x8e16, 0x655b, 0x655b, 0x653b, 0x653b, 0x653b, 0x653b, 0x653b, 0x653b, 
	0x653b, 0x653b, 0x653b, 0x653a, 0x651a, 0x653a, 0x5d1a, 0x653a, 0x653a, 0x653a, 0x653a, 0x653b, 0x651a, 0x54d9, 0x5cd8, 0x5cd9, 
	0x5cd9, 0x5cd9, 0x54d9, 0x4c98, 0x4479, 0x4478, 0x4479, 0x4478, 0x4478, 0x4c99, 0x5cd9, 0x5cd9, 0x5cd9, 0x5cd8, 0x5cd9, 0x5cb8, 
	0x5498, 0x5478, 0x3312, 0x2af1, 0x2af2, 0x3312, 0x224f, 0x1a0e, 0x220e, 0x220e, 0x220e, 0x220e, 0x220e, 0x220e, 0x220e, 0x220e, 
	0x220e, 0x220e, 0x220e, 0x220e, 0x220e, 0x220e, 0x220e, 0x220e, 0x220e, 0x220e, 0x220e, 0x220e, 0x220e, 0x220e, 0x220e, 0x220e, 
	0x220e, 0x220e, 0x220e, 0x220e, 0x220e, 0x220e, 0x220e, 0x220e, 0x220e, 0x220e, 0x220e, 0x220e, 0x220e, 0x220e, 0x220e, 0x220e, 
	0x220e, 0x220e, 0x220e, 0x220e, 0x220e, 0x220e, 0x220e, 0x220e, 0x220e, 0x220e, 0x220e, 0x220e, 0x220e, 0x220e, 0x220e, 0x220e, 
	0x220e, 0x220e, 0x220e, 0x220e, 0x220e, 0x220e, 0x220e, 0x220e, 0x220e, 0x220e, 0x220e, 0x220e, 0x220e, 0x220e, 0x220e, 0x220e, 
	0x220e, 0x220e, 0x220e, 0x220e, 0x220e, 0x220e, 0x220e, 0x220e, 0x220e, 0x220e, 0x220e, 0x220e, 0x1a0d, 0x2a8f, 0x8dbb, 0x8dfc, 
	0x653a, 0x651a, 0x5d1a, 0x651a, 0x653a, 0x653b, 0x653b, 0x653b, 0x653b, 0x653b, 0x653b, 0x653b, 0x653b, 0x653b, 0x653b, 0x653b, 
	0x653b, 0x653b, 0x653b, 0x653b, 0x6539, 0x759a, 0x85d6, 0x8e17, 0x9635, 0x9635, 0x9635, 0x8e15, 0x9615, 0x9e56, 0xaeb8, 0xae98, 
	0x9635, 0x9615, 0x9635, 0x9635, 0x9635, 0x9635, 0x85d3, 0x85d2, 0x8e14, 0x9635, 0x9635, 0x9635, 0x9635, 0x9635, 0x9635, 0x9635, 
	0x9635, 0x9635, 0x85f5, 0x5cd0, 0x54b5, 0x54b5, 0x54b9, 0x651b, 0x653b, 0x651b, 0x653a, 0x651a, 0x653a, 0x651a, 0x653a, 0x651a, 
	0x653a, 0x651a, 0x653a, 0x651a, 0x653a, 0x651a, 0x653a, 0x653a, 0x653a, 0x653a, 0x653a, 0x653a, 0x651a, 0x651a, 0x8dda, 0x9e7c, 
	0x9e37, 0x9616, 0x9615, 0x9636, 0x8613, 0x7591, 0x7db2, 0x8e34, 0x9635, 0x9635, 0x9635, 0x9635, 0x8e35, 0x6d11, 0x54d4, 0x4c93, 
	0x4c34, 0x6d79, 0x9655, 0x8df4, 0x85b2, 0x85f3, 0x9637, 0x85d5, 0x54d9, 0x5cfa, 0x653b, 0x653b, 0x653b, 0x653b, 0x653b, 0x653b, 
	0x653a, 0x653b, 0x651a, 0x651a, 0x5d1a, 0x651a, 0x5d1a, 0x651a, 0x5d1a, 0x651a, 0x651a, 0x5cfa, 0x5cd9, 0x5cb9, 0x5cd8, 0x5cd8, 
	0x54d9, 0x54b8, 0x4cb9, 0x4c78, 0x4478, 0x4478, 0x4478, 0x4498, 0x4c98, 0x54b8, 0x5cd8, 0x5cd8, 0x5cd8, 0x5cb8, 0x54b8, 0x5498, 
	0x5498, 0x5478, 0x3332, 0x2af2, 0x2ab0, 0x2ab0, 0x224e, 0x1a0e, 0x220e, 0x220e, 0x220e, 0x220e, 0x220e, 0x220e, 0x220e, 0x220e, 
	0x220e, 0x220e, 0x220e, 0x220e, 0x220e, 0x220e, 0x220e, 0x220e, 0x220e, 0x220e, 0x220e, 0x220e, 0x220e, 0x220e, 0x220e, 0x220e, 
	0x220e, 0x220e, 0x220e, 0x220e, 0x220e, 0x220e, 0x220e, 0x220e, 0x220e, 0x220e, 0x220e, 0x220e, 0x220e, 0x220e, 0x220e, 0x220e, 
	0x220e, 0x220e, 0x220e, 0x220e, 0x220e, 0x220e, 0x220e, 0x220e, 0x220e, 0x220e, 0x220e, 0x220e, 0x220e, 0x220e, 0x220e, 0x220e, 
	0x220e, 0x220e, 0x220e, 0x220e, 0x220e, 0x220e, 0x220e, 0x220e, 0x220e, 0x220e, 0x220e, 0x220e, 0x220e, 0x220e, 0x220e, 0x220e, 
	0x220e, 0x220e, 0x220e, 0x220e, 0x220e, 0x220e, 0x220e, 0x220e, 0x220e, 0x220e, 0x220e, 0x220e, 0x1a0d, 0x2a8f, 0x8dbb, 0x95fc, 
	0x653a, 0x651a, 0x5d1a, 0x653a, 0x651a, 0x653a, 0x653b, 0x653b, 0x653b, 0x653b, 0x653b, 0x653b, 0x653b, 0x653b, 0x653b, 0x653b, 
	0x653b, 0x653b, 0x653b, 0x653b, 0x653c, 0x653c, 0x6538, 0x7dda, 0x9635, 0x9635, 0x9635, 0x9635, 0x9635, 0x9635, 0x9615, 0x9635, 
	0x9635, 0x9635, 0x9635, 0x9636, 0x9635, 0x9635, 0x6d6e, 0x650c, 0x85d3, 0x9655, 0x9635, 0x9636, 0x9636, 0x9636, 0x9635, 0x9635, 
	0x9635, 0x9655, 0x7dda, 0x4c54, 0x4458, 0x653c, 0x655b, 0x653b, 0x653b, 0x653b, 0x653b, 0x653b, 0x653b, 0x653b, 0x653b, 0x653b, 
	0x653b, 0x653b, 0x653b, 0x653b, 0x653b, 0x653b, 0x653b, 0x653b, 0x653b, 0x653b, 0x653b, 0x653b, 0x653b, 0x653b, 0x5d3b, 0x5d3b, 
	0x85b6, 0x8e38, 0x9635, 0x9635, 0x9636, 0x9636, 0x9636, 0x9636, 0x9635, 0x9635, 0x9635, 0x9635, 0x8e3a, 0x5cb4, 0x4438, 0x4438, 
	0x4c34, 0x6d59, 0x9674, 0x7d91, 0x650c, 0x75af, 0x9658, 0x85b5, 0x4437, 0x4c78, 0x653b, 0x653b, 0x653b, 0x653b, 0x653b, 0x653b, 
	0x653a, 0x653a, 0x651a, 0x653a, 0x651a, 0x653a, 0x5d1a, 0x653a, 0x653a, 0x653b, 0x5d1a, 0x54d9, 0x5cd8, 0x5cd8, 0x5cd9, 0x5cd9, 
	0x54d9, 0x4c78, 0x4479, 0x4479, 0x4479, 0x4478, 0x4478, 0x4cb9, 0x5cd9, 0x5cd8, 0x5cd9, 0x5cd8, 0x5cd9, 0x5cb8, 0x5498, 0x5498, 
	0x54b8, 0x5498, 0x3332, 0x2af2, 0x222e, 0x1a0e, 0x220e, 0x220e, 0x220e, 0x220e, 0x220e, 0x220e, 0x220e, 0x220e, 0x220e, 0x220e, 
	0x220e, 0x220e, 0x220e, 0x220e, 0x220e, 0x220e, 0x220e, 0x220e, 0x220e, 0x220e, 0x220e, 0x220e, 0x220e, 0x220e, 0x220e, 0x220e, 
	0x220e, 0x220e, 0x220e, 0x220e, 0x220e, 0x220e, 0x220e, 0x220e, 0x220e, 0x220e, 0x220e, 0x220e, 0x220e, 0x220e, 0x220e, 0x220e, 
	0x220e, 0x220e, 0x220e, 0x220e, 0x220e, 0x220e, 0x220e, 0x220e, 0x220e, 0x220e, 0x220e, 0x220e, 0x220e, 0x220e, 0x220e, 0x220e, 
	0x220e, 0x220e, 0x220e, 0x220e, 0x220e, 0x220e, 0x220e, 0x220e, 0x220e, 0x220e, 0x220e, 0x220e, 0x220e, 0x220e, 0x220e, 0x220e, 
	0x220e, 0x220e, 0x220e, 0x220e, 0x220e, 0x220e, 0x220e, 0x220e, 0x220e, 0x220e, 0x220e, 0x220e, 0x1a0e, 0x2a6f, 0x8dbb, 0x8dfc, 
	0x757b, 0x6d5a, 0x653a, 0x651a, 0x651a, 0x651a, 0x653b, 0x653b, 0x651b, 0x653b, 0x653b, 0x653b, 0x653b, 0x653b, 0x653b, 0x653b, 
	0x653b, 0x653b, 0x653b, 0x653b, 0x653b, 0x653b, 0x6d38, 0x85fb, 0xa677, 0x9e36, 0x9635, 0x9615, 0x9635, 0x9635, 0x9635, 0x9635, 
	0x9636, 0x9635, 0x9635, 0x9635, 0x9635, 0x9635, 0x7db0, 0x756f, 0x8df4, 0x9635, 0x9635, 0x9636, 0x8e14, 0x85d3, 0x8df4, 0x9635, 
	0x8e14, 0x8df3, 0x7598, 0x4c53, 0x4c58, 0x653b, 0x653b, 0x653b, 0x653b, 0x653b, 0x653b, 0x653b, 0x653b, 0x653b, 0x653b, 0x653b, 
	0x653b, 0x653b, 0x653b, 0x653b, 0x653b, 0x653b, 0x653b, 0x653b, 0x653b, 0x653b, 0x653b, 0x653b, 0x653b, 0x653b, 0x653b, 0x653b, 
	0x85b6, 0x8e38, 0x9635, 0x9635, 0x9635, 0x9635, 0x9635, 0x9635, 0x9635, 0x9636, 0x9634, 0x8df3, 0x7dd7, 0x5cb3, 0x4438, 0x4c79, 
	0x5475, 0x7dba, 0xa6b6, 0x8df3, 0x756f, 0x7db0, 0x85f5, 0x7573, 0x4437, 0x4c78, 0x653b, 0x653b, 0x653b, 0x653b, 0x653b, 0x653b, 
	0x651a, 0x651a, 0x651a, 0x651a, 0x5d1a, 0x651a, 0x5d1a, 0x651a, 0x5d1a, 0x5d1a, 0x5cf9, 0x54d9, 0x5cb8, 0x5cd8, 0x54d9, 0x54b8, 
	0x54b9, 0x4c78, 0x4478, 0x4478, 0x4478, 0x4478, 0x4478, 0x4cb9, 0x5cd9, 0x5cb8, 0x5cd8, 0x5cd8, 0x5cd9, 0x54b8, 0x5498, 0x4c78, 
	0x4c36, 0x4416, 0x3312, 0x2af2, 0x224e, 0x1a0e, 0x220e, 0x220e, 0x220e, 0x220e, 0x220e, 0x220e, 0x220e, 0x220e, 0x220e, 0x220e, 
	0x220e, 0x220e, 0x220e, 0x220e, 0x220e, 0x220e, 0x220e, 0x220e, 0x220e, 0x220e, 0x220e, 0x220e, 0x220e, 0x220e, 0x220e, 0x220e, 
	0x220e, 0x220e, 0x220e, 0x220e, 0x220e, 0x220e, 0x220e, 0x220e, 0x220e, 0x220e, 0x220e, 0x220e, 0x220e, 0x220e, 0x220e, 0x220e, 
	0x220e, 0x220e, 0x220e, 0x220e, 0x220e, 0x220e, 0x220e, 0x220e, 0x220e, 0x220e, 0x220e, 0x220e, 0x220e, 0x220e, 0x220e, 0x220e, 
	0x220e, 0x220e, 0x220e, 0x220e, 0x220e, 0x220e, 0x220e, 0x220e, 0x220e, 0x220e, 0x220e, 0x220e, 0x220e, 0x220e, 0x220e, 0x220e, 
	0x220e, 0x220e, 0x220e, 0x220e, 0x220e, 0x220e, 0x220e, 0x220e, 0x220e, 0x220e, 0x220e, 0x220e, 0x1a0e, 0x2a6f, 0x8ddb, 0x961c, 
	0x95fc, 0x961c, 0x6d3b, 0x651a, 0x651a, 0x653a, 0x653a, 0x653a, 0x5d1a, 0x653a, 0x651b, 0x653b, 0x653b, 0x653b, 0x653b, 0x653b, 
	0x653b, 0x653b, 0x653b, 0x653b, 0x655c, 0x653b, 0x6d18, 0x9e7d, 0xcf3a, 0xae77, 0x8e15, 0x8e15, 0x9635, 0x9635, 0x9635, 0x9635, 
	0x9636, 0x9636, 0x9635, 0x9636, 0x9635, 0x9635, 0x9636, 0x9636, 0x9636, 0x9636, 0x9635, 0x9636, 0x7db0, 0x650d, 0x7571, 0x9655, 
	0x8611, 0x6d2d, 0x5cf3, 0x4c71, 0x4458, 0x653c, 0x653b, 0x653b, 0x653b, 0x653b, 0x653b, 0x653b, 0x653b, 0x653b, 0x653b, 0x653b, 
	0x653b, 0x653b, 0x653b, 0x653b, 0x653b, 0x653b, 0x653b, 0x653b, 0x653b, 0x653b, 0x653b, 0x653b, 0x653b, 0x653b, 0x653b, 0x653b, 
	0x85d6, 0x8e38, 0x9635, 0x9635, 0x9635, 0x9635, 0x9635, 0x9635, 0x9636, 0x9636, 0x8e33, 0x6d2e, 0x5d12, 0x5490, 0x4438, 0x5cfb, 
	0x6d38, 0x967d, 0xcf3b, 0xb678, 0x9634, 0x85b2, 0x652e, 0x5d0e, 0x4457, 0x4c78, 0x653b, 0x653b, 0x651a, 0x651a, 0x651a, 0x651a, 
	0x651a, 0x653a, 0x651a, 0x653a, 0x651a, 0x653a, 0x5d1a, 0x653b, 0x5cf9, 0x54d9, 0x5cd8, 0x5cd9, 0x5cb8, 0x5cd9, 0x54d9, 0x4c78, 
	0x4478, 0x4479, 0x4479, 0x4478, 0x4479, 0x4478, 0x4478, 0x4cb9, 0x5cd9, 0x5cd8, 0x5cd9, 0x5cd8, 0x5cd9, 0x54b8, 0x5498, 0x4c57, 
	0x2b12, 0x2af1, 0x3312, 0x3312, 0x224e, 0x1a0e, 0x220e, 0x220e, 0x220e, 0x220e, 0x220e, 0x220e, 0x220e, 0x220e, 0x220e, 0x220e, 
	0x220e, 0x220e, 0x220e, 0x220e, 0x220e, 0x220e, 0x220e, 0x220e, 0x220e, 0x220e, 0x220e, 0x220e, 0x220e, 0x220e, 0x220e, 0x220e, 
	0x220e, 0x220e, 0x220e, 0x220e, 0x220e, 0x220e, 0x220e, 0x220e, 0x220e, 0x220e, 0x220e, 0x220e, 0x220e, 0x220e, 0x220e, 0x220e, 
	0x220e, 0x220e, 0x220e, 0x220e, 0x220e, 0x220e, 0x220e, 0x220e, 0x220e, 0x220e, 0x220e, 0x220e, 0x220e, 0x220e, 0x220e, 0x220e, 
	0x220e, 0x220e, 0x220e, 0x220e, 0x220e, 0x220e, 0x220e, 0x220e, 0x220e, 0x220e, 0x220e, 0x220e, 0x220e, 0x220e, 0x220e, 0x220e, 
	0x220e, 0x220e, 0x220e, 0x220e, 0x220e, 0x220e, 0x220e, 0x220e, 0x220e, 0x220e, 0x220e, 0x220e, 0x1a0e, 0x2a6f, 0x7519, 0x7d5a, 
	0x8ddb, 0x95fc, 0x6d3b, 0x651a, 0x651a, 0x653a, 0x651a, 0x653a, 0x5d1a, 0x651a, 0x651a, 0x653b, 0x653b, 0x653b, 0x653b, 0x653b, 
	0x653b, 0x653b, 0x653b, 0x653b, 0x653b, 0x653b, 0x6d39, 0x8e3d, 0xb6ba, 0xae58, 0x9e56, 0x9636, 0x9635, 0x9635, 0x9635, 0x9615, 
	0x8df4, 0x8df4, 0x9635, 0x9635, 0x9635, 0x9635, 0x9635, 0x9635, 0x9635, 0x9635, 0x9635, 0x9636, 0x7dd1, 0x6d4f, 0x7db2, 0x9655, 
	0x85f2, 0x650f, 0x54d4, 0x4c93, 0x4c79, 0x653b, 0x653b, 0x653b, 0x653b, 0x653b, 0x653b, 0x653b, 0x653b, 0x653b, 0x653b, 0x653b, 
	0x653b, 0x653b, 0x653b, 0x653b, 0x653b, 0x653b, 0x653b, 0x653b, 0x653b, 0x653b, 0x653b, 0x653b, 0x653b, 0x653b, 0x653b, 0x653b, 
	0x85d6, 0x8e38, 0x9635, 0x9635, 0x9635, 0x9635, 0x9635, 0x9635, 0x9635, 0x9636, 0x8e53, 0x7570, 0x6553, 0x54b1, 0x4438, 0x5cfb, 
	0x6d39, 0x8e3d, 0xb6ba, 0xae58, 0x9e76, 0x85d3, 0x5cf0, 0x5cf0, 0x4457, 0x4c78, 0x653b, 0x653b, 0x651a, 0x651a, 0x651a, 0x651a, 
	0x651a, 0x653a, 0x651a, 0x651a, 0x5d1a, 0x653a, 0x5d1a, 0x5d1a, 0x5cf9, 0x5cb9, 0x5cd8, 0x5cd9, 0x5cd8, 0x5cd8, 0x54d9, 0x4c78, 
	0x4478, 0x4478, 0x4479, 0x4478, 0x4498, 0x4498, 0x4c78, 0x4cb9, 0x5cd9, 0x5cd8, 0x5cd9, 0x5cd8, 0x5cd9, 0x5cd8, 0x5cd8, 0x5497, 
	0x3312, 0x2af2, 0x2ad1, 0x2ad1, 0x222e, 0x1a0e, 0x220e, 0x220e, 0x220e, 0x220e, 0x220e, 0x220e, 0x220e, 0x220e, 0x220e, 0x220e, 
	0x220e, 0x220e, 0x220e, 0x220e, 0x220e, 0x220e, 0x220e, 0x220e, 0x220e, 0x220e, 0x220e, 0x220e, 0x220e, 0x220e, 0x220e, 0x220e, 
	0x220e, 0x220e, 0x220e, 0x220e, 0x220e, 0x220e, 0x220e, 0x220e, 0x220e, 0x220e, 0x220e, 0x220e, 0x220e, 0x220e, 0x220e, 0x220e, 
	0x220e, 0x220e, 0x220e, 0x220e, 0x220e, 0x220e, 0x220e, 0x220e, 0x220e, 0x220e, 0x220e, 0x220e, 0x220e, 0x220e, 0x220e, 0x220e, 
	0x220e, 0x220e, 0x220e, 0x220e, 0x220e, 0x220e, 0x220e, 0x220e, 0x220e, 0x220e, 0x220e, 0x220e, 0x220e, 0x220e, 0x220e, 0x220e, 
	0x220e, 0x220e, 0x220e, 0x220e, 0x220e, 0x220e, 0x220e, 0x220e, 0x220e, 0x220e, 0x220e, 0x220e, 0x220e, 0x220e, 0x220e, 0x224e, 
	0x859a, 0x961c, 0x655b, 0x651a, 0x651a, 0x653a, 0x653a, 0x653a, 0x5d1a, 0x653a, 0x651a, 0x653a, 0x651b, 0x653b, 0x653b, 0x653b, 
	0x653b, 0x653b, 0x653b, 0x653b, 0x653b, 0x653b, 0x655b, 0x653b, 0x6d18, 0x963d, 0xc73b, 0xb698, 0x9615, 0x9635, 0x9655, 0x8df4, 
	0x652d, 0x6d6e, 0x9635, 0x9635, 0x9635, 0x9635, 0x9635, 0x9635, 0x9635, 0x9635, 0x9635, 0x9635, 0x9635, 0x9635, 0x9635, 0x9655, 
	0x75b9, 0x4c54, 0x4c78, 0x653b, 0x653b, 0x653b, 0x653b, 0x653b, 0x653b, 0x653b, 0x653b, 0x653b, 0x653b, 0x653b, 0x653b, 0x653b, 
	0x653b, 0x653b, 0x653b, 0x653b, 0x653b, 0x653b, 0x653b, 0x653b, 0x653b, 0x653b, 0x653b, 0x653b, 0x653b, 0x653b, 0x653b, 0x653b, 
	0x85d6, 0x8e38, 0x9635, 0x9635, 0x9635, 0x9636, 0x9635, 0x9635, 0x9635, 0x9635, 0x9635, 0x9635, 0x8e19, 0x5cb3, 0x4437, 0x5cfa, 
	0x655b, 0x655b, 0x6d18, 0x8e1c, 0xc73d, 0x9df8, 0x4437, 0x4457, 0x4437, 0x4c78, 0x651a, 0x651a, 0x651a, 0x651a, 0x651a, 0x651a, 
	0x651a, 0x653a, 0x651a, 0x653a, 0x651a, 0x653b, 0x5cf9, 0x54d9, 0x5cd8, 0x5cd9, 0x5cd8, 0x5cd9, 0x5cd8, 0x5cd9, 0x54d9, 0x4c78, 
	0x4478, 0x4479, 0x4479, 0x4478, 0x4478, 0x4cb9, 0x5cd9, 0x5cd8, 0x5cd9, 0x5cd8, 0x5cd9, 0x5cd8, 0x5cd8, 0x6519, 0x95fa, 0x8598, 
	0x3312, 0x2af1, 0x222e, 0x1a2e, 0x220e, 0x220e, 0x220e, 0x220e, 0x220e, 0x220e, 0x220e, 0x220e, 0x220e, 0x220e, 0x220e, 0x220e, 
	0x220e, 0x220e, 0x220e, 0x220e, 0x220e, 0x220e, 0x220e, 0x220e, 0x220e, 0x220e, 0x220e, 0x220e, 0x220e, 0x220e, 0x220e, 0x220e, 
	0x220e, 0x220e, 0x220e, 0x220e, 0x220e, 0x220e, 0x220e, 0x220e, 0x220e, 0x220e, 0x220e, 0x220e, 0x220e, 0x220e, 0x220e, 0x220e, 
	0x220e, 0x220e, 0x220e, 0x220e, 0x220e, 0x220e, 0x220e, 0x220e, 0x220e, 0x220e, 0x220e, 0x220e, 0x220e, 0x220e, 0x220e, 0x220e, 
	0x220e, 0x220e, 0x220e, 0x220e, 0x220e, 0x220e, 0x220e, 0x220e, 0x220e, 0x220e, 0x220e, 0x220e, 0x220e, 0x220e, 0x220e, 0x220e, 
	0x220e, 0x220e, 0x220e, 0x220e, 0x220e, 0x220e, 0x220e, 0x220e, 0x220e, 0x220e, 0x220e, 0x220e, 0x220e, 0x220e, 0x1a0e, 0x222e, 
	0x859a, 0x961c, 0x6d5b, 0x653a, 0x653a, 0x651a, 0x651a, 0x651a, 0x5d1a, 0x651a, 0x5d1a, 0x651a, 0x651a, 0x653b, 0x653b, 0x653b, 
	0x653b, 0x653b, 0x653b, 0x653b, 0x653b, 0x653b, 0x653b, 0x653b, 0x6d19, 0x8e1d, 0xbefa, 0xae78, 0x9615, 0x9635, 0x9635, 0x8df4, 
	0x6d4e, 0x6d6f, 0x8e15, 0x9635, 0x9635, 0x9636, 0x9635, 0x9635, 0x9635, 0x9635, 0x9635, 0x9636, 0x9635, 0x9636, 0x9634, 0x9634, 
	0x7598, 0x4c53, 0x4c78, 0x653b, 0x653b, 0x653b, 0x653b, 0x653b, 0x653b, 0x653b, 0x653b, 0x653b, 0x653b, 0x653b, 0x653b, 0x653b, 
	0x653b, 0x653b, 0x653b, 0x653b, 0x653b, 0x653b, 0x653b, 0x653b, 0x653b, 0x653b, 0x653b, 0x653b, 0x653b, 0x653b, 0x653b, 0x653b, 
	0x85d6, 0x9658, 0x9635, 0x9635, 0x8e35, 0x8e14, 0x8e15, 0x9635, 0x9635, 0x9636, 0x9635, 0x8e14, 0x8619, 0x5cb3, 0x4437, 0x5cfa, 
	0x655b, 0x653b, 0x6d18, 0x85fc, 0xbf1c, 0x95d8, 0x4437, 0x4457, 0x4c58, 0x4c78, 0x651a, 0x651a, 0x651a, 0x651a, 0x5d1a, 0x651a, 
	0x5d1a, 0x651a, 0x651a, 0x651a, 0x5d1a, 0x651a, 0x5cd9, 0x5cb9, 0x5cd8, 0x5cd8, 0x5cd8, 0x5cd8, 0x5cb8, 0x5cd8, 0x54d9, 0x4c78, 
	0x4478, 0x4478, 0x4478, 0x4479, 0x4c78, 0x4cb9, 0x5cd9, 0x5cd8, 0x5cd9, 0x5cd8, 0x5cb9, 0x5cb9, 0x5cb8, 0x6519, 0x8df9, 0x8578, 
	0x3312, 0x2af1, 0x222e, 0x1a0e, 0x220e, 0x220e, 0x220e, 0x220e, 0x220e, 0x220e, 0x220e, 0x220e, 0x220e, 0x220e, 0x220e, 0x220e, 
	0x220e, 0x220e, 0x220e, 0x220e, 0x220e, 0x220e, 0x220e, 0x220e, 0x220e, 0x220e, 0x220e, 0x220e, 0x220e, 0x220e, 0x220e, 0x220e, 
	0x220e, 0x220e, 0x220e, 0x220e, 0x220e, 0x220e, 0x220e, 0x220e, 0x220e, 0x220e, 0x220e, 0x220e, 0x220e, 0x220e, 0x220e, 0x220e, 
	0x220e, 0x220e, 0x220e, 0x220e, 0x220e, 0x220e, 0x220e, 0x220e, 0x220e, 0x220e, 0x220e, 0x220e, 0x220e, 0x220e, 0x220e, 0x220e, 
	0x220e, 0x220e, 0x220e, 0x220e, 0x220e, 0x220e, 0x220e, 0x220e, 0x220e, 0x220e, 0x220e, 0x220e, 0x220e, 0x220e, 0x220e, 0x220e, 
	0x220e, 0x220e, 0x220e, 0x220e, 0x220e, 0x220e, 0x220e, 0x220e, 0x220e, 0x220e, 0x220e, 0x220e, 0x220e, 0x220e, 0x220e, 0x224e, 
	0x859a, 0x961c, 0x8dfb, 0x8dfc, 0x6d5b, 0x651a, 0x651a, 0x653a, 0x5d1a, 0x651a, 0x5d1a, 0x651a, 0x651a, 0x651a, 0x653a, 0x653b, 
	0x653b, 0x653b, 0x653b, 0x653b, 0x653b, 0x653b, 0x653b, 0x653b, 0x653b, 0x653b, 0x6d59, 0x759a, 0x9635, 0x9635, 0x9635, 0x9635, 
	0x9615, 0x9615, 0x9635, 0x9635, 0x9635, 0x9635, 0x9635, 0x9635, 0x9635, 0x9636, 0x9635, 0x9636, 0x9635, 0x9636, 0x85f1, 0x6d2e, 
	0x5cf4, 0x4c72, 0x4c79, 0x653c, 0x653b, 0x653b, 0x653b, 0x653b, 0x653b, 0x653b, 0x653b, 0x653b, 0x653b, 0x653b, 0x653b, 0x653b, 
	0x653b, 0x653b, 0x653b, 0x653b, 0x653b, 0x653b, 0x653b, 0x653b, 0x653b, 0x653b, 0x653b, 0x653b, 0x653b, 0x653b, 0x653b, 0x653b, 
	0x9e19, 0xbf1d, 0xae97, 0x9e15, 0x85f1, 0x652e, 0x7570, 0x9654, 0x9636, 0x9636, 0x8e53, 0x6d4f, 0x6532, 0x54b0, 0x4438, 0x5cfb, 
	0x655b, 0x653b, 0x653b, 0x655b, 0x6d7b, 0x5cf9, 0x4437, 0x4c78, 0x651a, 0x5d1a, 0x651a, 0x651a, 0x651a, 0x651a, 0x651a, 0x651a, 
	0x651a, 0x653a, 0x651a, 0x653a, 0x5cf9, 0x5cd9, 0x5cb8, 0x5cd9, 0x5cd8, 0x5cd8, 0x5cd8, 0x5cd9, 0x5cb8, 0x5cb8, 0x54d9, 0x4c78, 
	0x4479, 0x4479, 0x4478, 0x4cb9, 0x5cd8, 0x5cb8, 0x5cd9, 0x5cd8, 0x5cd9, 0x5cd8, 0x5cd9, 0x54b8, 0x5497, 0x5cd8, 0x7577, 0x6d36, 
	0x3312, 0x2af1, 0x222e, 0x1a2e, 0x220e, 0x220e, 0x220e, 0x220e, 0x220e, 0x220e, 0x220e, 0x220e, 0x220e, 0x220e, 0x220e, 0x220e, 
	0x220e, 0x220e, 0x220e, 0x220e, 0x220e, 0x220e, 0x220e, 0x220e, 0x220e, 0x220e, 0x220e, 0x220e, 0x220e, 0x220e, 0x220e, 0x220e, 
	0x220e, 0x220e, 0x220e, 0x220e, 0x220e, 0x220e, 0x220e, 0x220e, 0x220e, 0x220e, 0x220e, 0x220e, 0x220e, 0x220e, 0x220e, 0x220e, 
	0x220e, 0x220e, 0x220e, 0x220e, 0x220e, 0x220e, 0x220e, 0x220e, 0x220e, 0x220e, 0x220e, 0x220e, 0x220e, 0x220e, 0x220e, 0x220e, 
	0x220e, 0x220e, 0x220e, 0x220e, 0x220e, 0x220e, 0x220e, 0x220e, 0x220e, 0x220e, 0x220e, 0x220e, 0x220e, 0x220e, 0x220e, 0x220e, 
	0x220e, 0x220e, 0x220e, 0x220e, 0x220e, 0x220e, 0x220e, 0x220e, 0x220e, 0x220e, 0x220e, 0x220e, 0x220e, 0x220e, 0x220e, 0x224e, 
	0x7d59, 0x8ddb, 0x8dfb, 0x961c, 0x6d5b, 0x651a, 0x651a, 0x651a, 0x5d1a, 0x651a, 0x5d1a, 0x651a, 0x651a, 0x651a, 0x651a, 0x653b, 
	0x653b, 0x653b, 0x653b, 0x653b, 0x653b, 0x653b, 0x653b, 0x653b, 0x653b, 0x653b, 0x6539, 0x759a, 0x9635, 0x9635, 0x9635, 0x9635, 
	0x9635, 0x9635, 0x9635, 0x9635, 0x9635, 0x9635, 0x9615, 0x9615, 0x9635, 0x9635, 0x9635, 0x9635, 0x9615, 0x9635, 0x7df0, 0x652d, 
	0x54d4, 0x4c72, 0x4c79, 0x653c, 0x653b, 0x653b, 0x653b, 0x653b, 0x653b, 0x653b, 0x653b, 0x653b, 0x653b, 0x653b, 0x653b, 0x653b, 
	0x653b, 0x653b, 0x653b, 0x653b, 0x653b, 0x653b, 0x653b, 0x653b, 0x653b, 0x653b, 0x653b, 0x653b, 0x653b, 0x653b, 0x653b, 0x653b, 
	0x9e19, 0xbf1d, 0xae98, 0x9e16, 0x85f1, 0x650e, 0x7570, 0x9654, 0x9635, 0x9615, 0x8e33, 0x6d2f, 0x5d12, 0x5490, 0x4438, 0x5cfb, 
	0x655b, 0x653b, 0x653b, 0x653b, 0x653b, 0x54da, 0x4437, 0x4c98, 0x653a, 0x651a, 0x651a, 0x651a, 0x651a, 0x651a, 0x5d1a, 0x651a, 
	0x5d1a, 0x651a, 0x651a, 0x651a, 0x5cd9, 0x5cb9, 0x5cb8, 0x5cd8, 0x5cd8, 0x5cd8, 0x5cd8, 0x5cd8, 0x5cb8, 0x5cd8, 0x54b9, 0x4c78, 
	0x4478, 0x4478, 0x4478, 0x54b9, 0x5cd9, 0x5cb8, 0x5cd8, 0x5cd8, 0x5cd9, 0x5cd8, 0x5cd9, 0x54b8, 0x5497, 0x54b8, 0x7557, 0x6d15, 
	0x3312, 0x2af1, 0x222e, 0x1a2e, 0x220e, 0x220e, 0x220e, 0x220e, 0x220e, 0x220e, 0x220e, 0x220e, 0x220e, 0x220e, 0x220e, 0x220e, 
	0x220e, 0x220e, 0x220e, 0x220e, 0x220e, 0x220e, 0x220e, 0x220e, 0x220e, 0x220e, 0x220e, 0x220e, 0x220e, 0x220e, 0x220e, 0x220e, 
	0x220e, 0x220e, 0x220e, 0x220e, 0x220e, 0x220e, 0x220e, 0x220e, 0x220e, 0x220e, 0x220e, 0x220e, 0x220e, 0x220e, 0x220e, 0x220e, 
	0x220e, 0x220e, 0x220e, 0x220e, 0x220e, 0x220e, 0x220e, 0x220e, 0x220e, 0x220e, 0x220e, 0x220e, 0x220e, 0x220e, 0x220e, 0x220e, 
	0x220e, 0x220e, 0x220e, 0x220e, 0x220e, 0x220e, 0x220e, 0x220e, 0x220e, 0x220e, 0x220e, 0x220e, 0x220e, 0x220e, 0x220e, 0x220e, 
	0x220e, 0x220e, 0x220e, 0x220e, 0x220e, 0x220e, 0x220e, 0x220e, 0x220e, 0x220e, 0x220e, 0x220e, 0x220e, 0x220e, 0x220e, 0x222e, 
	0x2a8f, 0x2a8f, 0x7d59, 0x961c, 0x6d5b, 0x651a, 0x651a, 0x651a, 0x5d1a, 0x651a, 0x5d1a, 0x651a, 0x5d1a, 0x651a, 0x651a, 0x651a, 
	0x651a, 0x651a, 0x651a, 0x653b, 0x653b, 0x653b, 0x653b, 0x653b, 0x653b, 0x653b, 0x6539, 0x759a, 0x9635, 0x9635, 0x9635, 0x9635, 
	0x9636, 0x9635, 0x9635, 0x9635, 0x9635, 0x9635, 0x758f, 0x6d4e, 0x85f4, 0x9635, 0x9635, 0x9636, 0x7dd1, 0x6d4f, 0x6d4d, 0x654c, 
	0x5cd4, 0x4c72, 0x4c79, 0x653c, 0x653b, 0x653b, 0x653b, 0x653b, 0x653b, 0x653b, 0x653b, 0x653b, 0x653b, 0x653b, 0x653b, 0x653b, 
	0x653b, 0x653b, 0x653b, 0x653b, 0x653b, 0x653b, 0x653b, 0x653b, 0x653b, 0x653b, 0x653b, 0x653b, 0x653b, 0x653b, 0x653b, 0x653b, 
	0x6d5b, 0x6d7b, 0x85d6, 0x8e38, 0x9614, 0x8e14, 0x8e15, 0x9635, 0x8e32, 0x754f, 0x6533, 0x54b0, 0x4c57, 0x4457, 0x4437, 0x5cfa, 
	0x653b, 0x653b, 0x653b, 0x653b, 0x653b, 0x5d1b, 0x5d1a, 0x5d1a, 0x651a, 0x5d1a, 0x651a, 0x5d1a, 0x651a, 0x651a, 0x5d1a, 0x651a, 
	0x5d1a, 0x651a, 0x5cd9, 0x5cd9, 0x5cd8, 0x5cd8, 0x5cb8, 0x5cd8, 0x5cd8, 0x5cd8, 0x5cd8, 0x5cd9, 0x54b9, 0x4c78, 0x4498, 0x4478, 
	0x4478, 0x4478, 0x4478, 0x54b9, 0x5cd9, 0x5cb8, 0x5cd8, 0x5cb8, 0x5cd9, 0x54b8, 0x5498, 0x5498, 0x5498, 0x4c57, 0x3b52, 0x3352, 
	0x2af2, 0x2af1, 0x222e, 0x1a2e, 0x220e, 0x220e, 0x220e, 0x220e, 0x220e, 0x220e, 0x220e, 0x220e, 0x220e, 0x220e, 0x220e, 0x220e, 
	0x220e, 0x220e, 0x220e, 0x220e, 0x220e, 0x220e, 0x220e, 0x220e, 0x220e, 0x220e, 0x220e, 0x220e, 0x220e, 0x220e, 0x220e, 0x220e, 
	0x220e, 0x220e, 0x220e, 0x220e, 0x220e, 0x220e, 0x220e, 0x220e, 0x220e, 0x220e, 0x220e, 0x220e, 0x220e, 0x220e, 0x220e, 0x220e, 
	0x220e, 0x220e, 0x220e, 0x220e, 0x220e, 0x220e, 0x220e, 0x220e, 0x220e, 0x220e, 0x220e, 0x220e, 0x220e, 0x220e, 0x220e, 0x220e, 
	0x220e, 0x220e, 0x220e, 0x220e, 0x220e, 0x220e, 0x220e, 0x220e, 0x220e, 0x220e, 0x220e, 0x220e, 0x220e, 0x220e, 0x220e, 0x220e, 
	0x220e, 0x220e, 0x220e, 0x220e, 0x220e, 0x220e, 0x220e, 0x220e, 0x220e, 0x220e, 0x220e, 0x220e, 0x220e, 0x220e, 0x220e, 0x220e, 
	0x1a0d, 0x19ed, 0x7539, 0x961c, 0x6d5b, 0x651a, 0x651a, 0x653a, 0x5d1a, 0x653a, 0x651a, 0x653a, 0x651a, 0x653a, 0x651a, 0x651a, 
	0x651a, 0x651a, 0x651a, 0x653b, 0x653b, 0x653b, 0x653b, 0x653b, 0x653b, 0x653b, 0x6539, 0x759a, 0x9635, 0x9635, 0x9635, 0x9635, 
	0x9635, 0x9635, 0x9635, 0x9636, 0x9635, 0x9635, 0x6d6e, 0x652d, 0x85f3, 0x9655, 0x9635, 0x9636, 0x7db0, 0x650d, 0x654c, 0x654c, 
	0x5cd4, 0x4c72, 0x4c79, 0x653c, 0x653b, 0x653b, 0x653b, 0x653b, 0x653b, 0x653b, 0x653b, 0x653b, 0x653b, 0x653b, 0x653b, 0x653b, 
	0x653b, 0x653b, 0x653b, 0x653b, 0x653b, 0x653b, 0x653b, 0x653b, 0x653b, 0x653b, 0x653b, 0x653b, 0x653b, 0x653b, 0x653b, 0x653b, 
	0x653b, 0x5d3b, 0x7d96, 0x8e38, 0x9635, 0x9635, 0x9636, 0x9636, 0x8e32, 0x6d2e, 0x5d13, 0x4c91, 0x4438, 0x4438, 0x4437, 0x5cfa, 
	0x655b, 0x653b, 0x653b, 0x653b, 0x653b, 0x653b, 0x653a, 0x651a, 0x653a, 0x651a, 0x651a, 0x651a, 0x651a, 0x651a, 0x651a, 0x651a, 
	0x651a, 0x653a, 0x5cd9, 0x5cd8, 0x5cd8, 0x5cd9, 0x5cb8, 0x5cd9, 0x5cd8, 0x5cd9, 0x5cb8, 0x5cd9, 0x54b9, 0x4478, 0x4478, 0x4478, 
	0x4479, 0x4478, 0x4478, 0x54b9, 0x5cd9, 0x5cd8, 0x5cd9, 0x5cd8, 0x5cd9, 0x54b8, 0x5498, 0x5498, 0x5498, 0x4c37, 0x2af1, 0x2af1, 
	0x32f2, 0x2af2, 0x222e, 0x1a2e, 0x220e, 0x220e, 0x220e, 0x220e, 0x220e, 0x220e, 0x220e, 0x220e, 0x220e, 0x220e, 0x220e, 0x220e, 
	0x220e, 0x220e, 0x220e, 0x220e, 0x220e, 0x220e, 0x220e, 0x220e, 0x220e, 0x220e, 0x220e, 0x220e, 0x220e, 0x220e, 0x220e, 0x220e, 
	0x220e, 0x220e, 0x220e, 0x220e, 0x220e, 0x220e, 0x220e, 0x220e, 0x220e, 0x220e, 0x220e, 0x220e, 0x220e, 0x220e, 0x220e, 0x220e, 
	0x220e, 0x220e, 0x220e, 0x220e, 0x220e, 0x220e, 0x220e, 0x220e, 0x220e, 0x220e, 0x220e, 0x220e, 0x220e, 0x220e, 0x220e, 0x220e, 
	0x220e, 0x220e, 0x220e, 0x220e, 0x220e, 0x220e, 0x220e, 0x220e, 0x220e, 0x220e, 0x220e, 0x220e, 0x220e, 0x220e, 0x220e, 0x220e, 
	0x220e, 0x220e, 0x220e, 0x220e, 0x220e, 0x220e, 0x220e, 0x220e, 0x220e, 0x220e, 0x220e, 0x220e, 0x220e, 0x220e, 0x220e, 0x220e, 
	0x220e, 0x220e, 0x7539, 0x961c, 0x85dc, 0x85db, 0x6d5b, 0x651a, 0x5d1a, 0x651a, 0x5d1a, 0x651a, 0x5d1a, 0x651a, 0x5d1a, 0x651a, 
	0x5d1a, 0x5d1a, 0x651a, 0x651a, 0x651a, 0x653b, 0x653b, 0x653b, 0x653b, 0x653b, 0x6539, 0x759a, 0x9615, 0x9e56, 0xbef9, 0xb6b8, 
	0x9635, 0x9635, 0x9635, 0x9635, 0x9635, 0x9635, 0x8df4, 0x8df4, 0x9615, 0x9635, 0x9635, 0x9636, 0x8e14, 0x8e14, 0x6d56, 0x4c72, 
	0x4c77, 0x4456, 0x4c78, 0x653b, 0x653b, 0x653b, 0x653b, 0x653b, 0x653b, 0x653b, 0x653b, 0x653b, 0x653b, 0x653b, 0x653b, 0x653b, 
	0x653b, 0x653b, 0x653b, 0x653b, 0x653b, 0x653b, 0x653b, 0x653b, 0x653b, 0x653b, 0x653b, 0x653b, 0x653b, 0x653b, 0x653b, 0x653b, 
	0x653b, 0x5d3b, 0x95d8, 0xb6fc, 0xae97, 0x9615, 0x9635, 0x9635, 0x85f8, 0x5492, 0x4c77, 0x4456, 0x4457, 0x5cfa, 0x5d1a, 0x651b, 
	0x653b, 0x653b, 0x653a, 0x5d1a, 0x653a, 0x5d1a, 0x651a, 0x5d1a, 0x651a, 0x5d1a, 0x651a, 0x5d1a, 0x651a, 0x5d1a, 0x5d1a, 0x651a, 
	0x5cd9, 0x5cd9, 0x5cd8, 0x5cd8, 0x5cb8, 0x5cd8, 0x5cb8, 0x5cd8, 0x5cd8, 0x5cd8, 0x54b9, 0x4c98, 0x4478, 0x4478, 0x4478, 0x4478, 
	0x4478, 0x4cb9, 0x54b8, 0x5cb8, 0x5cd8, 0x5cb8, 0x5cd8, 0x5cb8, 0x5cd8, 0x54b8, 0x5498, 0x4437, 0x3353, 0x3353, 0x2af1, 0x2af1, 
	0x224f, 0x224f, 0x220e, 0x220e, 0x220e, 0x220e, 0x220e, 0x220e, 0x220e, 0x220e, 0x220e, 0x220e, 0x220e, 0x220e, 0x220e, 0x220e, 
	0x220e, 0x220e, 0x220e, 0x220e, 0x220e, 0x220e, 0x220e, 0x220e, 0x220e, 0x220e, 0x220e, 0x220e, 0x220e, 0x220e, 0x220e, 0x220e, 
	0x220e, 0x220e, 0x220e, 0x220e, 0x220e, 0x220e, 0x220e, 0x220e, 0x220e, 0x220e, 0x220e, 0x220e, 0x220e, 0x220e, 0x220e, 0x220e, 
	0x220e, 0x220e, 0x220e, 0x220e, 0x220e, 0x220e, 0x220e, 0x220e, 0x220e, 0x220e, 0x220e, 0x220e, 0x220e, 0x220e, 0x220e, 0x220e, 
	0x220e, 0x220e, 0x220e, 0x220e, 0x220e, 0x220e, 0x220e, 0x220e, 0x220e, 0x220e, 0x220e, 0x220e, 0x220e, 0x220e, 0x220e, 0x220e, 
	0x220e, 0x220e, 0x220e, 0x220e, 0x220e, 0x220e, 0x220e, 0x220e, 0x220e, 0x220e, 0x220e, 0x220e, 0x220e, 0x220e, 0x220e, 0x220e, 
	0x220e, 0x220e, 0x7d59, 0x9e3d, 0x961c, 0x961c, 0x759b, 0x651a, 0x651a, 0x653a, 0x651a, 0x653a, 0x651a, 0x653a, 0x651a, 0x653a, 
	0x651a, 0x651a, 0x651a, 0x651a, 0x653a, 0x653b, 0x653b, 0x653b, 0x655b, 0x653b, 0x6559, 0x759a, 0x9615, 0xa677, 0xcf1b, 0xbed9, 
	0x9635, 0x9635, 0x9635, 0x9635, 0x9635, 0x9635, 0x9636, 0x9636, 0x9635, 0x9635, 0x9635, 0x9655, 0x9635, 0x9e56, 0x7579, 0x4c34, 
	0x4438, 0x4437, 0x4c78, 0x653b, 0x653b, 0x653b, 0x653b, 0x653b, 0x653b, 0x653b, 0x653b, 0x653b, 0x653b, 0x653b, 0x653b, 0x653b, 
	0x653b, 0x653b, 0x653b, 0x653b, 0x653b, 0x653b, 0x653b, 0x653b, 0x653b, 0x653b, 0x653b, 0x653b, 0x653b, 0x653b, 0x653b, 0x653b, 
	0x655b, 0x5d3b, 0x9df8, 0xc73d, 0xb6d8, 0x9e15, 0x9655, 0x9655, 0x85fa, 0x5474, 0x4438, 0x4438, 0x4437, 0x651b, 0x655b, 0x653b, 
	0x653b, 0x653b, 0x653a, 0x5d1a, 0x653a, 0x651a, 0x653a, 0x651a, 0x653a, 0x651a, 0x653a, 0x651a, 0x651a, 0x651a, 0x651a, 0x653a, 
	0x5cd9, 0x5cd8, 0x5cd8, 0x5cd9, 0x5cd8, 0x5cd9, 0x5cd8, 0x5cd9, 0x5cd9, 0x5cd9, 0x54b9, 0x4478, 0x4478, 0x4479, 0x4479, 0x4478, 
	0x4c78, 0x54d9, 0x5cd9, 0x5cd8, 0x5cd9, 0x5cd8, 0x5cd9, 0x5cd8, 0x5cd9, 0x54b8, 0x5498, 0x4416, 0x2af1, 0x2af2, 0x32f2, 0x2ad1, 
	0x220e, 0x220e, 0x220e, 0x220e, 0x220e, 0x220e, 0x220e, 0x220e, 0x220e, 0x220e, 0x220e, 0x220e, 0x220e, 0x220e, 0x220e, 0x220e, 
	0x220e, 0x220e, 0x220e, 0x220e, 0x220e, 0x220e, 0x220e, 0x220e, 0x220e, 0x220e, 0x220e, 0x220e, 0x220e, 0x220e, 0x220e, 0x220e, 
	0x220e, 0x220e, 0x220e, 0x220e, 0x220e, 0x220e, 0x220e, 0x220e, 0x220e, 0x220e, 0x220e, 0x220e, 0x220e, 0x220e, 0x220e, 0x220e, 
	0x220e, 0x220e, 0x220e, 0x220e, 0x220e, 0x220e, 0x220e, 0x220e, 0x220e, 0x220e, 0x220e, 0x220e, 0x220e, 0x220e, 0x220e, 0x220e, 
	0x220e, 0x220e, 0x220e, 0x220e, 0x220e, 0x220e, 0x220e, 0x220e, 0x220e, 0x220e, 0x220e, 0x220e, 0x220e, 0x220e, 0x220e, 0x220e, 
	0x220e, 0x220e, 0x220e, 0x220e, 0x220e, 0x220e, 0x220e, 0x220e, 0x220e, 0x220e, 0x220e, 0x220e, 0x220e, 0x220e, 0x220e, 0x220e, 
	0x220e, 0x220e, 0x3b11, 0x4352, 0x7539, 0x961c, 0x757b, 0x651a, 0x5d1a, 0x653a, 0x5d1a, 0x651a, 0x651a, 0x651a, 0x651a, 0x651a, 
	0x651a, 0x651a, 0x651a, 0x651a, 0x651a, 0x651a, 0x653b, 0x653a, 0x651b, 0x653b, 0x6539, 0x759a, 0x9635, 0x9636, 0xa677, 0x9e57, 
	0x9636, 0x9635, 0x9635, 0x9635, 0x9635, 0x9635, 0x9635, 0x9635, 0x9635, 0x9636, 0x7557, 0x64d5, 0x5cf7, 0x5cf7, 0x54b8, 0x4456, 
	0x4c78, 0x5cfa, 0x5cfa, 0x653b, 0x653b, 0x653b, 0x653b, 0x653b, 0x653b, 0x653b, 0x653b, 0x653b, 0x653b, 0x653b, 0x653b, 0x653b, 
	0x653b, 0x653b, 0x653b, 0x653b, 0x653b, 0x653b, 0x653b, 0x653b, 0x653b, 0x653b, 0x653b, 0x653b, 0x653b, 0x653b, 0x653b, 0x653b, 
	0x653b, 0x653b, 0x757a, 0x85dc, 0x7579, 0x5cd7, 0x5cd6, 0x5cd6, 0x5cd8, 0x4c56, 0x4458, 0x54da, 0x5cfa, 0x5d1a, 0x653a, 0x651a, 
	0x653b, 0x653a, 0x653a, 0x5d1a, 0x653a, 0x5d1a, 0x653a, 0x651a, 0x651a, 0x651a, 0x651a, 0x651a, 0x651a, 0x651a, 0x5cf9, 0x5cd9, 
	0x5cd8, 0x5cd8, 0x5cd8, 0x5cd8, 0x5cd8, 0x5cd9, 0x5cb8, 0x5cd8, 0x5cd8, 0x5cd9, 0x54b9, 0x4478, 0x4478, 0x4478, 0x4478, 0x4cb9, 
	0x54b8, 0x54d9, 0x5cd8, 0x5cd8, 0x5cd8, 0x5cb8, 0x5cd9, 0x54b8, 0x54b8, 0x5498, 0x5498, 0x4416, 0x2af2, 0x2ad1, 0x226f, 0x226f, 
	0x220e, 0x220e, 0x220e, 0x220e, 0x220e, 0x220e, 0x220e, 0x220e, 0x220e, 0x220e, 0x220e, 0x220e, 0x220e, 0x220e, 0x220e, 0x220e, 
	0x220e, 0x220e, 0x220e, 0x220e, 0x220e, 0x220e, 0x220e, 0x220e, 0x220e, 0x220e, 0x220e, 0x220e, 0x220e, 0x220e, 0x220e, 0x220e, 
	0x220e, 0x220e, 0x220e, 0x220e, 0x220e, 0x220e, 0x220e, 0x220e, 0x220e, 0x220e, 0x220e, 0x220e, 0x220e, 0x220e, 0x220e, 0x220e, 
	0x220e, 0x220e, 0x220e, 0x220e, 0x220e, 0x220e, 0x220e, 0x220e, 0x220e, 0x220e, 0x220e, 0x220e, 0x220e, 0x220e, 0x220e, 0x220e, 
	0x220e, 0x220e, 0x220e, 0x220e, 0x220e, 0x220e, 0x220e, 0x220e, 0x220e, 0x220e, 0x220e, 0x220e, 0x220e, 0x220e, 0x220e, 0x220e, 
	0x220e, 0x220e, 0x220e, 0x220e, 0x220e, 0x220e, 0x220e, 0x220e, 0x220e, 0x220e, 0x220e, 0x220e, 0x220e, 0x220e, 0x220e, 0x220e, 
	0x220e, 0x220e, 0x19ed, 0x19cd, 0x6cb7, 0x9e3d, 0x757b, 0x64fa, 0x5d1a, 0x651b, 0x651a, 0x653a, 0x651a, 0x653a, 0x651a, 0x653a, 
	0x651a, 0x651a, 0x651a, 0x651a, 0x653a, 0x651a, 0x653a, 0x651a, 0x651b, 0x653b, 0x6d39, 0x759b, 0x9656, 0x9635, 0x9615, 0x9635, 
	0x9635, 0x9635, 0x9635, 0x9635, 0x9635, 0x9635, 0x9635, 0x9635, 0x9635, 0x9e56, 0x5cf8, 0x4415, 0x4438, 0x4417, 0x4437, 0x4437, 
	0x4c78, 0x655b, 0x653b, 0x653b, 0x653b, 0x653b, 0x653b, 0x653b, 0x653b, 0x653b, 0x653b, 0x653b, 0x653b, 0x653b, 0x653b, 0x653b, 
	0x653b, 0x653b, 0x653b, 0x653b, 0x653b, 0x653b, 0x653b, 0x653b, 0x653b, 0x653b, 0x653b, 0x653b, 0x653b, 0x653b, 0x653b, 0x653b, 
	0x653b, 0x653b, 0x5d3b, 0x653b, 0x54da, 0x4417, 0x4437, 0x4437, 0x4437, 0x4437, 0x4457, 0x653b, 0x655b, 0x651b, 0x651a, 0x651a, 
	0x653a, 0x653a, 0x653a, 0x5d1a, 0x653a, 0x651a, 0x653a, 0x651a, 0x653a, 0x651a, 0x653a, 0x651a, 0x653a, 0x653a, 0x5cd9, 0x5cd8, 
	0x5cd8, 0x5cd9, 0x5cd9, 0x5cd9, 0x5cd8, 0x5cd9, 0x5cd8, 0x5cd9, 0x5cd8, 0x5cd8, 0x54b9, 0x4c78, 0x4478, 0x4478, 0x4c78, 0x54d9, 
	0x5cd8, 0x5cd8, 0x5cd9, 0x5cd8, 0x5cd9, 0x5cd8, 0x5cd9, 0x54b8, 0x5498, 0x5498, 0x54b9, 0x4436, 0x2af1, 0x2ad1, 0x220e, 0x220e, 
	0x220e, 0x220e, 0x220e, 0x220e, 0x220e, 0x220e, 0x220e, 0x220e, 0x220e, 0x220e, 0x220e, 0x220e, 0x220e, 0x220e, 0x220e, 0x220e, 
	0x220e, 0x220e, 0x220e, 0x220e, 0x220e, 0x220e, 0x220e, 0x220e, 0x220e, 0x220e, 0x220e, 0x220e, 0x220e, 0x220e, 0x220e, 0x220e, 
	0x220e, 0x220e, 0x220e, 0x220e, 0x220e, 0x220e, 0x220e, 0x220e, 0x220e, 0x220e, 0x220e, 0x220e, 0x220e, 0x220e, 0x220e, 0x220e, 
	0x220e, 0x220e, 0x220e, 0x220e, 0x220e, 0x220e, 0x220e, 0x220e, 0x220e, 0x220e, 0x220e, 0x220e, 0x220e, 0x220e, 0x220e, 0x220e, 
	0x220e, 0x220e, 0x220e, 0x220e, 0x220e, 0x220e, 0x220e, 0x220e, 0x220e, 0x220e, 0x220e, 0x220e, 0x220e, 0x220e, 0x220e, 0x220e, 
	0x220e, 0x220e, 0x220e, 0x220e, 0x220e, 0x220e, 0x220e, 0x220e, 0x220e, 0x220e, 0x220e, 0x220e, 0x220e, 0x220e, 0x220e, 0x220e, 
	0x220e, 0x220e, 0x220e, 0x19ed, 0x6cd7, 0x961c, 0x85bb, 0x7d9b, 0x6d5b, 0x651a, 0x5d1a, 0x651a, 0x5d1a, 0x651a, 0x5d1a, 0x5d1a, 
	0x5d1a, 0x5d1a, 0x5d1a, 0x5d1a, 0x651a, 0x5d1a, 0x651a, 0x5d1a, 0x651b, 0x651b, 0x6538, 0x6558, 0x7d91, 0x85d2, 0x9635, 0x9635, 
	0x9636, 0x9635, 0x9635, 0x9635, 0x9635, 0x9635, 0x9635, 0x9635, 0x7dd1, 0x7db1, 0x54b6, 0x4455, 0x4c99, 0x54da, 0x54d9, 0x54d9, 
	0x5cfa, 0x653b, 0x653b, 0x653b, 0x653b, 0x653b, 0x653b, 0x653b, 0x653b, 0x653b, 0x653b, 0x653b, 0x653b, 0x653b, 0x653b, 0x653b, 
	0x653b, 0x653b, 0x653b, 0x653b, 0x653b, 0x653b, 0x653b, 0x653b, 0x653b, 0x653b, 0x653b, 0x653b, 0x653b, 0x653b, 0x653b, 0x653b, 
	0x653b, 0x653b, 0x653b, 0x653b, 0x5d1a, 0x54d9, 0x54d9, 0x54d9, 0x54d9, 0x54b9, 0x54d9, 0x651a, 0x653a, 0x5d1a, 0x651a, 0x5d1a, 
	0x651a, 0x651a, 0x651a, 0x5d1a, 0x651a, 0x5d1a, 0x651a, 0x5d1a, 0x651a, 0x5d1a, 0x651a, 0x5d1a, 0x5cf9, 0x5cd9, 0x5cd8, 0x5cd8, 
	0x5cb8, 0x5cd8, 0x5cd8, 0x5cd8, 0x5cb8, 0x5cd8, 0x5cb8, 0x5cd8, 0x54b8, 0x4c98, 0x4c99, 0x4478, 0x4478, 0x4478, 0x4c78, 0x54d9, 
	0x5cd8, 0x5cd8, 0x5cd8, 0x5cb8, 0x5cd8, 0x54b8, 0x54b8, 0x5498, 0x5498, 0x4437, 0x3bb4, 0x3374, 0x32f1, 0x2ad1, 0x220e, 0x220e, 
	0x220e, 0x220e, 0x220e, 0x220e, 0x220e, 0x220e, 0x220e, 0x220e, 0x220e, 0x220e, 0x220e, 0x220e, 0x220e, 0x220e, 0x220e, 0x220e, 
	0x220e, 0x220e, 0x220e, 0x220e, 0x220e, 0x220e, 0x220e, 0x220e, 0x220e, 0x220e, 0x220e, 0x220e, 0x220e, 0x220e, 0x220e, 0x220e, 
	0x220e, 0x220e, 0x220e, 0x220e, 0x220e, 0x220e, 0x220e, 0x220e, 0x220e, 0x220e, 0x220e, 0x220e, 0x220e, 0x220e, 0x220e, 0x220e, 
	0x220e, 0x220e, 0x220e, 0x220e, 0x220e, 0x220e, 0x220e, 0x220e, 0x220e, 0x220e, 0x220e, 0x220e, 0x220e, 0x220e, 0x220e, 0x220e, 
	0x220e, 0x220e, 0x220e, 0x220e, 0x220e, 0x220e, 0x220e, 0x220e, 0x220e, 0x220e, 0x220e, 0x220e, 0x220e, 0x220e, 0x220e, 0x220e, 
	0x220e, 0x220e, 0x220e, 0x220e, 0x220e, 0x220e, 0x220e, 0x220e, 0x220e, 0x220e, 0x220e, 0x220e, 0x220e, 0x220e, 0x220e, 0x220e, 
	0x220e, 0x220e, 0x220e, 0x19ed, 0x74f8, 0x9e5d, 0x961c, 0x961c, 0x759c, 0x64f9, 0x5d1a, 0x651b, 0x651a, 0x653a, 0x651a, 0x653a, 
	0x651a, 0x651a, 0x651a, 0x651a, 0x653a, 0x651a, 0x653a, 0x653a, 0x651b, 0x651b, 0x6537, 0x5d17, 0x650c, 0x758e, 0x9656, 0x9636, 
	0x9635, 0x9635, 0x9636, 0x9636, 0x9635, 0x9635, 0x9635, 0x9635, 0x758e, 0x652d, 0x5495, 0x4454, 0x54da, 0x655c, 0x655b, 0x655b, 
	0x653b, 0x653b, 0x653b, 0x653b, 0x653b, 0x653b, 0x653b, 0x653b, 0x653b, 0x653b, 0x653b, 0x653b, 0x653b, 0x653b, 0x653b, 0x653b, 
	0x653b, 0x653b, 0x653b, 0x653b, 0x653b, 0x653b, 0x653b, 0x653b, 0x653b, 0x653b, 0x653b, 0x653b, 0x653b, 0x653b, 0x653b, 0x653b, 
	0x653b, 0x653b, 0x653b, 0x653b, 0x653b, 0x655b, 0x655b, 0x655b, 0x655b, 0x653b, 0x653b, 0x651a, 0x651a, 0x651a, 0x653a, 0x651a, 
	0x653a, 0x653a, 0x653a, 0x651a, 0x653a, 0x651a, 0x653a, 0x651a, 0x653a, 0x651a, 0x653a, 0x5d1a, 0x5cd9, 0x5cd8, 0x5cd8, 0x5cd9, 
	0x5cd8, 0x5cd9, 0x5cd9, 0x5cd9, 0x5cd8, 0x5cd9, 0x5cd8, 0x5cd9, 0x4cb9, 0x4478, 0x4478, 0x4479, 0x4478, 0x4478, 0x4c78, 0x54d9, 
	0x5cd9, 0x5cd9, 0x5cd9, 0x5cd8, 0x5cd9, 0x5498, 0x5498, 0x5498, 0x5cb8, 0x43f5, 0x2ad1, 0x2af2, 0x3312, 0x2ad1, 0x220e, 0x220e, 
	0x220e, 0x220e, 0x220e, 0x220e, 0x220e, 0x220e, 0x220e, 0x220e, 0x220e, 0x220e, 0x220e, 0x220e, 0x220e, 0x220e, 0x220e, 0x220e, 
	0x220e, 0x220e, 0x220e, 0x220e, 0x220e, 0x220e, 0x220e, 0x220e, 0x220e, 0x220e, 0x220e, 0x220e, 0x220e, 0x220e, 0x220e, 0x220e, 
	0x220e, 0x220e, 0x220e, 0x220e, 0x220e, 0x220e, 0x220e, 0x220e, 0x220e, 0x220e, 0x220e, 0x220e, 0x220e, 0x220e, 0x220e, 0x220e, 
	0x220e, 0x220e, 0x220e, 0x220e, 0x220e, 0x220e, 0x220e, 0x220e, 0x220e, 0x220e, 0x220e, 0x220e, 0x220e, 0x220e, 0x220e, 0x220e, 
	0x220e, 0x220e, 0x220e, 0x220e, 0x220e, 0x220e, 0x220e, 0x220e, 0x220e, 0x220e, 0x220e, 0x220e, 0x220e, 0x220e, 0x220e, 0x220e, 
	0x220e, 0x220e, 0x220e, 0x220e, 0x220e, 0x220e, 0x220e, 0x220e, 0x220e, 0x220e, 0x220e, 0x220e, 0x220e, 0x220e, 0x220e, 0x220e, 
	0x220e, 0x220e, 0x220e, 0x1a0e, 0x4b93, 0x5c35, 0x7d39, 0x95fc, 0x7dbb, 0x7d7a, 0x6d5b, 0x651a, 0x5d1a, 0x5d1a, 0x5d1a, 0x5d1a, 
	0x5d1a, 0x5d1a, 0x5d1a, 0x5d1a, 0x5d1a, 0x5d1a, 0x5d1a, 0x5d1a, 0x5d1b, 0x5d1a, 0x6518, 0x6538, 0x7db1, 0x7db1, 0x7db2, 0x85d2, 
	0x9635, 0x8e15, 0x7db2, 0x7db2, 0x8e15, 0x9635, 0x9635, 0x9636, 0x758f, 0x652e, 0x5495, 0x4454, 0x54b9, 0x653b, 0x653b, 0x653b, 
	0x653b, 0x653b, 0x653b, 0x653b, 0x653b, 0x653b, 0x653b, 0x653b, 0x653b, 0x653b, 0x653b, 0x653b, 0x653b, 0x653b, 0x653b, 0x653b, 
	0x653b, 0x653b, 0x653b, 0x653b, 0x653b, 0x653b, 0x653b, 0x653b, 0x653b, 0x653b, 0x653b, 0x653b, 0x653b, 0x653b, 0x653b, 0x653b, 
	0x653b, 0x653b, 0x653a, 0x653a, 0x651a, 0x653a, 0x653a, 0x653a, 0x651a, 0x5d1a, 0x5d1a, 0x5d1a, 0x5d1a, 0x5d1a, 0x5d1a, 0x5d1a, 
	0x5d1a, 0x5d1a, 0x5d1a, 0x5d1a, 0x5d1a, 0x5d1a, 0x5d1a, 0x5d1a, 0x5d1a, 0x5d1a, 0x5d1a, 0x5d1a, 0x5cd8, 0x5cb8, 0x5cb8, 0x5cb8, 
	0x5cb8, 0x5cd8, 0x5cb8, 0x5cb8, 0x5cb8, 0x5cd8, 0x54b8, 0x5cd8, 0x4cb9, 0x4478, 0x4478, 0x4478, 0x4478, 0x4c99, 0x5498, 0x54b8, 
	0x5cb8, 0x5cb8, 0x5cb8, 0x5cb8, 0x5cb9, 0x5498, 0x5498, 0x4436, 0x43d5, 0x3b74, 0x2af2, 0x2ad1, 0x2a90, 0x226f, 0x220e, 0x220e, 
	0x220e, 0x220e, 0x220e, 0x220e, 0x220e, 0x220e, 0x220e, 0x220e, 0x220e, 0x220e, 0x220e, 0x220e, 0x220e, 0x220e, 0x220e, 0x220e, 
	0x220e, 0x220e, 0x220e, 0x220e, 0x220e, 0x220e, 0x220e, 0x220e, 0x220e, 0x220e, 0x220e, 0x220e, 0x220e, 0x220e, 0x220e, 0x220e, 
	0x220e, 0x220e, 0x220e, 0x220e, 0x220e, 0x220e, 0x220e, 0x220e, 0x220e, 0x220e, 0x220e, 0x220e, 0x220e, 0x220e, 0x220e, 0x220e, 
	0x220e, 0x220e, 0x220e, 0x220e, 0x220e, 0x220e, 0x220e, 0x220e, 0x220e, 0x220e, 0x220e, 0x220e, 0x220e, 0x220e, 0x220e, 0x220e, 
	0x220e, 0x220e, 0x220e, 0x220e, 0x220e, 0x220e, 0x220e, 0x220e, 0x220e, 0x220e, 0x220e, 0x220e, 0x220e, 0x220e, 0x220e, 0x220e, 
	0x220e, 0x220e, 0x220e, 0x220e, 0x220e, 0x220e, 0x220e, 0x220e, 0x220e, 0x220e, 0x220e, 0x220e, 0x220e, 0x220e, 0x220e, 0x220e, 
	0x220e, 0x220e, 0x220e, 0x220e, 0x19ed, 0x11ac, 0x6476, 0x9e5e, 0x95fc, 0x961c, 0x7dbc, 0x64f9, 0x5d1a, 0x651b, 0x651a, 0x653a, 
	0x651a, 0x651a, 0x651a, 0x651a, 0x653a, 0x651a, 0x653a, 0x651a, 0x651b, 0x5d1b, 0x6518, 0x759a, 0x9e76, 0x85f3, 0x650c, 0x6d6e, 
	0x9635, 0x8e14, 0x652d, 0x652d, 0x8e14, 0x9635, 0x9635, 0x9656, 0x758e, 0x652d, 0x5495, 0x4454, 0x54ba, 0x655c, 0x653b, 0x653b, 
	0x653b, 0x653b, 0x653b, 0x653b, 0x653b, 0x653b, 0x653b, 0x653b, 0x653b, 0x653b, 0x653b, 0x653b, 0x653b, 0x653b, 0x653b, 0x653b, 
	0x653b, 0x653b, 0x653b, 0x653b, 0x653b, 0x653b, 0x653b, 0x653b, 0x653b, 0x653b, 0x653b, 0x653b, 0x653b, 0x653b, 0x653b, 0x653b, 
	0x653b, 0x653b, 0x653b, 0x653a, 0x5d1a, 0x653a, 0x651a, 0x653a, 0x651a, 0x653a, 0x653a, 0x651a, 0x653a, 0x651a, 0x653a, 0x651a, 
	0x653a, 0x653a, 0x653a, 0x5d1a, 0x653a, 0x651a, 0x653a, 0x651a, 0x653a, 0x651a, 0x653a, 0x651a, 0x5cd9, 0x5cd8, 0x5cd8, 0x5cd9, 
	0x5cd8, 0x5cd9, 0x5cd9, 0x5cd9, 0x5cd8, 0x5cd9, 0x5cb8, 0x5cd8, 0x54b9, 0x4478, 0x4499, 0x4479, 0x4c78, 0x54d9, 0x5cd8, 0x5cd8, 
	0x5cd9, 0x5cd9, 0x5cd9, 0x5cd8, 0x5cd9, 0x54b8, 0x5498, 0x3bb5, 0x2ad1, 0x2af2, 0x3312, 0x2ab1, 0x1a0e, 0x220e, 0x220e, 0x220e, 
	0x220e, 0x220e, 0x220e, 0x220e, 0x220e, 0x220e, 0x220e, 0x220e, 0x220e, 0x220e, 0x220e, 0x220e, 0x220e, 0x220e, 0x220e, 0x220e, 
	0x220e, 0x220e, 0x220e, 0x220e, 0x220e, 0x220e, 0x220e, 0x220e, 0x220e, 0x220e, 0x220e, 0x220e, 0x220e, 0x220e, 0x220e, 0x220e, 
	0x220e, 0x220e, 0x220e, 0x220e, 0x220e, 0x220e, 0x220e, 0x220e, 0x220e, 0x220e, 0x220e, 0x220e, 0x220e, 0x220e, 0x220e, 0x220e, 
	0x220e, 0x220e, 0x220e, 0x220e, 0x220e, 0x220e, 0x220e, 0x220e, 0x220e, 0x220e, 0x220e, 0x220e, 0x220e, 0x220e, 0x220e, 0x220e, 
	0x220e, 0x220e, 0x220e, 0x220e, 0x220e, 0x220e, 0x220e, 0x220e, 0x220e, 0x220e, 0x220e, 0x220e, 0x220e, 0x220e, 0x220e, 0x220e, 
	0x220e, 0x220e, 0x220e, 0x220e, 0x220e, 0x220e, 0x220e, 0x220e, 0x220e, 0x220e, 0x220e, 0x220e, 0x220e, 0x220e, 0x220e, 0x220e, 
	0x220e, 0x220e, 0x220e, 0x220e, 0x220e, 0x19ed, 0x4b93, 0x6cb7, 0x7d39, 0x961c, 0x7dbc, 0x755a, 0x6d5b, 0x651a, 0x651a, 0x651a, 
	0x651a, 0x651a, 0x651a, 0x651a, 0x651a, 0x651a, 0x653a, 0x651a, 0x651b, 0x5d1b, 0x6518, 0x6d59, 0x85f2, 0x7dd2, 0x7590, 0x7dd1, 
	0xa677, 0x9e56, 0x7590, 0x7590, 0x8e15, 0x9635, 0x85f3, 0x85d3, 0x6531, 0x5cf0, 0x4c76, 0x4455, 0x54b9, 0x655b, 0x653b, 0x653b, 
	0x653b, 0x653b, 0x653b, 0x653b, 0x653b, 0x653b, 0x653b, 0x653b, 0x653b, 0x653b, 0x653b, 0x653b, 0x653b, 0x653b, 0x653b, 0x653b, 
	0x653b, 0x653b, 0x653b, 0x653b, 0x653b, 0x653b, 0x653b, 0x653b, 0x653b, 0x653b, 0x653b, 0x653b, 0x653b, 0x653b, 0x653b, 0x653b, 
	0x653b, 0x653b, 0x651a, 0x651a, 0x5d1a, 0x651a, 0x651a, 0x651a, 0x651a, 0x651a, 0x651a, 0x651a, 0x651a, 0x5d1a, 0x651a, 0x5d1a, 
	0x653a, 0x651a, 0x653a, 0x5d1a, 0x653a, 0x5d1a, 0x653a, 0x651a, 0x651a, 0x5d1a, 0x5cfa, 0x5cfa, 0x5cd8, 0x5cd8, 0x5cd8, 0x5cd8, 
	0x5cd8, 0x5cd8, 0x5cd8, 0x5cd9, 0x54b8, 0x54b8, 0x54b8, 0x54b8, 0x4c99, 0x4478, 0x4478, 0x4c99, 0x4c98, 0x54d9, 0x5cd8, 0x5cd8, 
	0x5cd8, 0x5cd8, 0x5cd8, 0x54b8, 0x54b8, 0x5498, 0x5498, 0x3bb5, 0x2af1, 0x2ad1, 0x2ab0, 0x2290, 0x220e, 0x220e, 0x220e, 0x220e, 
	0x220e, 0x220e, 0x220e, 0x220e, 0x220e, 0x220e, 0x220e, 0x220e, 0x220e, 0x220e, 0x220e, 0x220e, 0x220e, 0x220e, 0x220e, 0x220e, 
	0x220e, 0x220e, 0x220e, 0x220e, 0x220e, 0x220e, 0x220e, 0x220e, 0x220e, 0x220e, 0x220e, 0x220e, 0x220e, 0x220e, 0x220e, 0x220e, 
	0x220e, 0x220e, 0x220e, 0x220e, 0x220e, 0x220e, 0x220e, 0x220e, 0x220e, 0x220e, 0x220e, 0x220e, 0x220e, 0x220e, 0x220e, 0x220e, 
	0x220e, 0x220e, 0x220e, 0x220e, 0x220e, 0x220e, 0x220e, 0x220e, 0x220e, 0x220e, 0x220e, 0x220e, 0x220e, 0x220e, 0x220e, 0x220e, 
	0x220e, 0x220e, 0x220e, 0x220e, 0x220e, 0x220e, 0x220e, 0x220e, 0x220e, 0x220e, 0x220e, 0x220e, 0x220e, 0x220e, 0x220e, 0x220e, 
	0x220e, 0x220e, 0x220e, 0x220e, 0x220e, 0x220e, 0x220e, 0x220e, 0x220e, 0x220e, 0x220e, 0x220e, 0x220e, 0x220e, 0x220e, 0x220e, 
	0x220e, 0x220e, 0x220e, 0x220e, 0x220e, 0x220e, 0x1a0d, 0x11cc, 0x53f4, 0x9e5d, 0x961c, 0x961c, 0x7ddd, 0x6519, 0x5d1a, 0x651b, 
	0x651a, 0x651a, 0x651a, 0x651a, 0x653a, 0x651a, 0x653a, 0x651a, 0x651b, 0x651b, 0x6557, 0x5d17, 0x650c, 0x758e, 0x9e36, 0x9e77, 
	0xc71b, 0xc6da, 0x9636, 0x9636, 0x9635, 0x9635, 0x6d6e, 0x652d, 0x4c76, 0x4455, 0x4438, 0x4437, 0x54b9, 0x655b, 0x653b, 0x653b, 
	0x653b, 0x653b, 0x653b, 0x653b, 0x653b, 0x653b, 0x653b, 0x653b, 0x653b, 0x653b, 0x653b, 0x653b, 0x653b, 0x653b, 0x653b, 0x653b, 
	0x653b, 0x653b, 0x653b, 0x653b, 0x653b, 0x653b, 0x653b, 0x653b, 0x653b, 0x653b, 0x653b, 0x653b, 0x653b, 0x653b, 0x653a, 0x653a, 
	0x653a, 0x653a, 0x5d1a, 0x653a, 0x651a, 0x653a, 0x651a, 0x653a, 0x651a, 0x653a, 0x653a, 0x651a, 0x653a, 0x651a, 0x653a, 0x651a, 
	0x653a, 0x653a, 0x653a, 0x5d1a, 0x653a, 0x651a, 0x653a, 0x651a, 0x653a, 0x5d1a, 0x5cd9, 0x5cd8, 0x5cd9, 0x5cd8, 0x5cd8, 0x5cd9, 
	0x54b8, 0x54b8, 0x54b8, 0x54b8, 0x4478, 0x3c58, 0x3c58, 0x3c78, 0x3c78, 0x3c78, 0x4478, 0x54b9, 0x54b8, 0x54b8, 0x54b8, 0x54b8, 
	0x54b8, 0x54b8, 0x54b8, 0x5498, 0x5498, 0x5498, 0x5cb8, 0x3bd5, 0x32f1, 0x2290, 0x1a0e, 0x220e, 0x220e, 0x220e, 0x220e, 0x220e, 
	0x220e, 0x220e, 0x220e, 0x220e, 0x220e, 0x220e, 0x220e, 0x220e, 0x220e, 0x220e, 0x220e, 0x220e, 0x220e, 0x220e, 0x220e, 0x220e, 
	0x220e, 0x220e, 0x220e, 0x220e, 0x220e, 0x220e, 0x220e, 0x220e, 0x220e, 0x220e, 0x220e, 0x220e, 0x220e, 0x220e, 0x220e, 0x220e, 
	0x220e, 0x220e, 0x220e, 0x220e, 0x220e, 0x220e, 0x220e, 0x220e, 0x220e, 0x220e, 0x220e, 0x220e, 0x220e, 0x220e, 0x220e, 0x220e, 
	0x220e, 0x220e, 0x220e, 0x220e, 0x220e, 0x220e, 0x220e, 0x220e, 0x220e, 0x220e, 0x220e, 0x220e, 0x220e, 0x220e, 0x220e, 0x220e, 
	0x220e, 0x220e, 0x220e, 0x220e, 0x220e, 0x220e, 0x220e, 0x220e, 0x220e, 0x220e, 0x220e, 0x220e, 0x220e, 0x220e, 0x220e, 0x220e, 
	0x220e, 0x220e, 0x220e, 0x220e, 0x220e, 0x220e, 0x220e, 0x220e, 0x220e, 0x220e, 0x220e, 0x220e, 0x220e, 0x220e, 0x220e, 0x220e, 
	0x220e, 0x220e, 0x220e, 0x220e, 0x220e, 0x220e, 0x220e, 0x19ed, 0x4372, 0x7d19, 0x7d59, 0x95fc, 0x85dc, 0x755a, 0x6d5b, 0x651a, 
	0x651a, 0x651a, 0x651a, 0x651a, 0x653a, 0x651a, 0x653a, 0x651a, 0x651b, 0x651b, 0x6538, 0x6538, 0x756f, 0x7db0, 0x9635, 0x9e56, 
	0xb6d9, 0xb6b8, 0x9635, 0x9615, 0x9635, 0x9635, 0x6530, 0x5cef, 0x4c76, 0x4456, 0x4c78, 0x4c78, 0x54d9, 0x653b, 0x653b, 0x653b, 
	0x653b, 0x653b, 0x653b, 0x653b, 0x653b, 0x653b, 0x653b, 0x653b, 0x653b, 0x653b, 0x653b, 0x653b, 0x653b, 0x653b, 0x653b, 0x653b, 
	0x653b, 0x653b, 0x653b, 0x653b, 0x653b, 0x653b, 0x653b, 0x653b, 0x653b, 0x653b, 0x653b, 0x653b, 0x653b, 0x653b, 0x653a, 0x653a, 
	0x653a, 0x653a, 0x5d1a, 0x653a, 0x5d1a, 0x653a, 0x651a, 0x653a, 0x651a, 0x651a, 0x651a, 0x651a, 0x651a, 0x651a, 0x653a, 0x651a, 
	0x653a, 0x653a, 0x653a, 0x5d1a, 0x653a, 0x651a, 0x653a, 0x5d1a, 0x5d1a, 0x5cfa, 0x5cd9, 0x5cd8, 0x5cd8, 0x5cd8, 0x5cd8, 0x5cd8, 
	0x7d7a, 0x859b, 0x859a, 0x859a, 0x757a, 0x755a, 0x755a, 0x757a, 0x755a, 0x757a, 0x7d7a, 0x859b, 0x859a, 0x859a, 0x859a, 0x859a, 
	0x859a, 0x859a, 0x7dbb, 0x64d8, 0x5498, 0x4c57, 0x4c37, 0x3b94, 0x32f1, 0x2ab0, 0x220e, 0x220e, 0x220e, 0x220e, 0x220e, 0x220e, 
	0x220e, 0x220e, 0x220e, 0x220e, 0x220e, 0x220e, 0x220e, 0x220e, 0x220e, 0x220e, 0x220e, 0x220e, 0x220e, 0x220e, 0x220e, 0x220e, 
	0x220e, 0x220e, 0x220e, 0x220e, 0x220e, 0x220e, 0x220e, 0x220e, 0x220e, 0x220e, 0x220e, 0x220e, 0x220e, 0x220e, 0x220e, 0x220e, 
	0x220e, 0x220e, 0x220e, 0x220e, 0x220e, 0x220e, 0x220e, 0x220e, 0x220e, 0x220e, 0x220e, 0x220e, 0x220e, 0x220e, 0x220e, 0x220e, 
	0x220e, 0x220e, 0x220e, 0x220e, 0x220e, 0x220e, 0x220e, 0x220e, 0x220e, 0x220e, 0x220e, 0x220e, 0x220e, 0x220e, 0x220e, 0x220e, 
	0x220e, 0x220e, 0x220e, 0x220e, 0x220e, 0x220e, 0x220e, 0x220e, 0x220e, 0x220e, 0x220e, 0x220e, 0x220e, 0x220e, 0x220e, 0x220e, 
	0x220e, 0x220e, 0x220e, 0x220e, 0x220e, 0x220e, 0x220e, 0x220e, 0x220e, 0x220e, 0x220e, 0x220e, 0x220e, 0x220e, 0x220e, 0x220e, 
	0x220e, 0x220e, 0x220e, 0x220e, 0x220e, 0x220e, 0x220e, 0x220e, 0x220e, 0x19cd, 0x4372, 0x9e3d, 0x961c, 0x961c, 0x85dd, 0x6519, 
	0x5d1a, 0x5d1b, 0x653a, 0x651a, 0x653a, 0x651a, 0x653a, 0x653a, 0x651b, 0x5d1b, 0x6518, 0x757a, 0x9636, 0x9635, 0x9635, 0x9635, 
	0x9635, 0x9635, 0x9635, 0x9635, 0x9636, 0x9636, 0x5498, 0x4436, 0x4457, 0x4437, 0x54d9, 0x653b, 0x651a, 0x653a, 0x651a, 0x653a, 
	0x653b, 0x653b, 0x653b, 0x653b, 0x653b, 0x653b, 0x653b, 0x653b, 0x653b, 0x653b, 0x653b, 0x653b, 0x653b, 0x653b, 0x653b, 0x653b, 
	0x653b, 0x653b, 0x653b, 0x653b, 0x653b, 0x653b, 0x651a, 0x653a, 0x653a, 0x653a, 0x651a, 0x653a, 0x5d1a, 0x653a, 0x651a, 0x653a, 
	0x653a, 0x653a, 0x651a, 0x653a, 0x651a, 0x653a, 0x651a, 0x653a, 0x651a, 0x653a, 0x653a, 0x653a, 0x653a, 0x651a, 0x653a, 0x651a, 
	0x653a, 0x653a, 0x653a, 0x651a, 0x653a, 0x651a, 0x653b, 0x5d1a, 0x5cd8, 0x5cd8, 0x5cd9, 0x5cd9, 0x5cd9, 0x5cd8, 0x54b8, 0x54b8, 
	0xe75d, 0xffff, 0xffff, 0xffff, 0xffff, 0xffff, 0xffff, 0xffff, 0xffff, 0xffff, 0xffff, 0xffff, 0xffff, 0xffff, 0xffff, 0xffff, 
	0xffff, 0xffff, 0xefff, 0x8d37, 0x4c78, 0x3394, 0x2af1, 0x2af2, 0x3312, 0x2ab0, 0x220e, 0x220e, 0x220e, 0x220e, 0x220e, 0x220e, 
	0x220e, 0x220e, 0x220e, 0x220e, 0x220e, 0x220e, 0x220e, 0x220e, 0x220e, 0x220e, 0x220e, 0x220e, 0x220e, 0x220e, 0x220e, 0x220e, 
	0x220e, 0x220e, 0x220e, 0x220e, 0x220e, 0x220e, 0x220e, 0x220e, 0x220e, 0x220e, 0x220e, 0x220e, 0x220e, 0x220e, 0x220e, 0x220e, 
	0x220e, 0x220e, 0x220e, 0x220e, 0x220e, 0x220e, 0x220e, 0x220e, 0x220e, 0x220e, 0x220e, 0x220e, 0x220e, 0x220e, 0x220e, 0x220e, 
	0x220e, 0x220e, 0x220e, 0x220e, 0x220e, 0x220e, 0x220e, 0x220e, 0x220e, 0x220e, 0x220e, 0x220e, 0x220e, 0x220e, 0x220e, 0x220e, 
	0x220e, 0x220e, 0x220e, 0x220e, 0x220e, 0x220e, 0x220e, 0x220e, 0x220e, 0x220e, 0x220e, 0x220e, 0x220e, 0x220e, 0x220e, 0x220e, 
	0x220e, 0x220e, 0x220e, 0x220e, 0x220e, 0x220e, 0x220e, 0x220e, 0x220e, 0x220e, 0x220e, 0x220e, 0x220e, 0x220e, 0x220e, 0x220e, 
	0x220e, 0x220e, 0x220e, 0x220e, 0x220e, 0x220e, 0x220e, 0x220e, 0x220e, 0x19ed, 0x3b52, 0x857a, 0x857a, 0x95fc, 0x85dc, 0x6d3a, 
	0x653a, 0x651a, 0x5d1a, 0x5d1a, 0x5d1a, 0x5d1a, 0x651a, 0x5d1a, 0x651a, 0x653b, 0x7578, 0x7db9, 0x9635, 0x9635, 0x9635, 0x9635, 
	0x9635, 0x9615, 0x9635, 0x9615, 0x8df5, 0x8df4, 0x5497, 0x4436, 0x4c58, 0x4c58, 0x54d9, 0x653a, 0x5d1a, 0x651a, 0x5d1a, 0x651a, 
	0x651a, 0x653b, 0x653b, 0x653b, 0x653b, 0x653b, 0x653b, 0x653b, 0x653b, 0x653b, 0x653b, 0x653b, 0x653b, 0x653b, 0x653b, 0x653b, 
	0x653b, 0x653b, 0x653b, 0x653b, 0x653b, 0x651b, 0x5d1a, 0x651a, 0x651a, 0x5d1a, 0x5d1a, 0x5d1a, 0x5d1a, 0x651a, 0x5d1a, 0x651a, 
	0x651a, 0x651a, 0x5d1a, 0x651a, 0x5d1a, 0x5d1a, 0x5d1a, 0x5d1a, 0x5d1a, 0x5d1a, 0x5d1a, 0x5d1a, 0x5d1a, 0x5d1a, 0x5d1a, 0x5d1a, 
	0x651a, 0x5d1a, 0x651a, 0x5d1a, 0x5d1a, 0x5d1a, 0x651a, 0x5cf9, 0x5cb8, 0x5cb8, 0x5cd8, 0x5cb8, 0x5cb8, 0x5cd8, 0x7539, 0x7539, 
	0xdf3d, 0xf7df, 0xf7df, 0xf7df, 0xffdf, 0xffff, 0xf7df, 0xf7df, 0xf7df, 0xf7df, 0xf7df, 0xf7df, 0xf7df, 0xf7df, 0xf7df, 0xf7df, 
	0xf7df, 0xf7df, 0xe7ff, 0x9558, 0x5cb9, 0x3bb5, 0x2af1, 0x2af1, 0x32d1, 0x2290, 0x220e, 0x220e, 0x220e, 0x220e, 0x220e, 0x220e, 
	0x220e, 0x220e, 0x220e, 0x220e, 0x220e, 0x220e, 0x220e, 0x220e, 0x220e, 0x220e, 0x220e, 0x220e, 0x220e, 0x220e, 0x220e, 0x220e, 
	0x220e, 0x220e, 0x220e, 0x220e, 0x220e, 0x220e, 0x220e, 0x220e, 0x220e, 0x220e, 0x220e, 0x220e, 0x220e, 0x220e, 0x220e, 0x220e, 
	0x220e, 0x220e, 0x220e, 0x220e, 0x220e, 0x220e, 0x220e, 0x220e, 0x220e, 0x220e, 0x220e, 0x220e, 0x220e, 0x220e, 0x220e, 0x220e, 
	0x220e, 0x220e, 0x220e, 0x220e, 0x220e, 0x220e, 0x220e, 0x220e, 0x220e, 0x220e, 0x220e, 0x220e, 0x220e, 0x220e, 0x220e, 0x220e, 
	0x220e, 0x220e, 0x220e, 0x220e, 0x220e, 0x220e, 0x220e, 0x220e, 0x220e, 0x220e, 0x220e, 0x220e, 0x220e, 0x220e, 0x220e, 0x220e, 
	0x220e, 0x220e, 0x220e, 0x220e, 0x220e, 0x220e, 0x220e, 0x220e, 0x220e, 0x220e, 0x220e, 0x220e, 0x220e, 0x220e, 0x220e, 0x220e, 
	0x220e, 0x220e, 0x220e, 0x220e, 0x220e, 0x220e, 0x220e, 0x220e, 0x220e, 0x220e, 0x222e, 0x1a0e, 0x3b31, 0x95fc, 0x95fc, 0x8dfc, 
	0x85fd, 0x6d19, 0x5d1a, 0x5d1a, 0x651a, 0x5d1a, 0x5d1b, 0x5d1b, 0x64f8, 0x8e1c, 0xc73b, 0xb678, 0x9615, 0x9635, 0x9635, 0x9635, 
	0x9635, 0x9635, 0x9635, 0x9635, 0x6d4e, 0x652e, 0x4c76, 0x4455, 0x5cda, 0x651b, 0x5d1a, 0x651a, 0x5d1a, 0x651a, 0x5d1a, 0x651a, 
	0x651a, 0x651a, 0x5d1a, 0x651a, 0x651a, 0x651a, 0x651a, 0x651a, 0x651a, 0x5d1a, 0x651a, 0x653b, 0x653b, 0x653b, 0x653b, 0x653b, 
	0x653b, 0x653b, 0x653b, 0x653b, 0x651a, 0x5d1a, 0x651a, 0x651a, 0x651a, 0x651a, 0x651a, 0x651a, 0x5d1a, 0x651a, 0x5d1a, 0x651a, 
	0x651a, 0x651a, 0x5d1a, 0x651a, 0x5d1a, 0x651a, 0x651a, 0x651a, 0x651a, 0x651a, 0x651a, 0x651a, 0x651a, 0x5d1a, 0x651a, 0x5d1a, 
	0x651a, 0x651a, 0x651a, 0x5cf9, 0x5cd8, 0x5cd8, 0x5cd9, 0x5cd8, 0x5cd8, 0x5cd8, 0x5cd8, 0x5cd8, 0x5cb8, 0x64f9, 0xe79e, 0xf7ff, 
	0xd73e, 0xcf1d, 0xcf1e, 0xcefe, 0xef7e, 0xffff, 0xdf9f, 0xcefd, 0xcf1e, 0xcf1e, 0xcf1e, 0xcf1e, 0xcefe, 0xcf1e, 0xcf1e, 0xcf1e, 
	0xcf1d, 0xcf1d, 0xceff, 0xb63c, 0xae3f, 0x63f6, 0x2ad1, 0x2290, 0x220e, 0x220e, 0x220e, 0x220e, 0x220e, 0x220e, 0x220e, 0x220e, 
	0x220e, 0x220e, 0x220e, 0x220e, 0x220e, 0x220e, 0x220e, 0x220e, 0x220e, 0x220e, 0x220e, 0x220e, 0x220e, 0x220e, 0x220e, 0x220e, 
	0x220e, 0x220e, 0x220e, 0x220e, 0x220e, 0x220e, 0x220e, 0x220e, 0x220e, 0x220e, 0x220e, 0x220e, 0x220e, 0x220e, 0x220e, 0x220e, 
	0x220e, 0x220e, 0x220e, 0x220e, 0x220e, 0x220e, 0x220e, 0x220e, 0x220e, 0x220e, 0x220e, 0x220e, 0x220e, 0x220e, 0x220e, 0x220e, 
	0x220e, 0x220e, 0x220e, 0x220e, 0x220e, 0x220e, 0x220e, 0x220e, 0x220e, 0x220e, 0x220e, 0x220e, 0x220e, 0x220e, 0x220e, 0x220e, 
	0x220e, 0x220e, 0x220e, 0x220e, 0x220e, 0x220e, 0x220e, 0x220e, 0x220e, 0x220e, 0x220e, 0x220e, 0x220e, 0x220e, 0x220e, 0x220e, 
	0x220e, 0x220e, 0x220e, 0x220e, 0x220e, 0x220e, 0x220e, 0x220e, 0x220e, 0x220e, 0x220e, 0x220e, 0x220e, 0x220e, 0x220e, 0x220e, 
	0x220e, 0x220e, 0x220e, 0x220e, 0x220e, 0x220e, 0x220e, 0x220e, 0x220e, 0x220e, 0x220e, 0x19ed, 0x3311, 0x8dbb, 0x8dbb, 0x8dfc, 
	0x85fd, 0x6d3a, 0x653b, 0x651a, 0x651a, 0x5d1a, 0x5d1b, 0x5d1b, 0x6cf8, 0x8e1c, 0xc71a, 0xae78, 0x9615, 0x9635, 0x9635, 0x9635, 
	0x9636, 0x9615, 0x8e15, 0x8df5, 0x654f, 0x652e, 0x4c76, 0x4456, 0x5cda, 0x653b, 0x651a, 0x651a, 0x5d1a, 0x651a, 0x5d1a, 0x651a, 
	0x651a, 0x651a, 0x5d1a, 0x651a, 0x651a, 0x651a, 0x651a, 0x651a, 0x651a, 0x5d1a, 0x651a, 0x653b, 0x653b, 0x653b, 0x653b, 0x653b, 
	0x653b, 0x653b, 0x653b, 0x653b, 0x651a, 0x5d1a, 0x651a, 0x651a, 0x651a, 0x651a, 0x651a, 0x651a, 0x5d1a, 0x651a, 0x5d1a, 0x651a, 
	0x651a, 0x651a, 0x5d1a, 0x651a, 0x5d1a, 0x651a, 0x651a, 0x651a, 0x651a, 0x651a, 0x651a, 0x651a, 0x651a, 0x5d1a, 0x651a, 0x5d1a, 
	0x651a, 0x5d1a, 0x651a, 0x5cd9, 0x5cd8, 0x5cd8, 0x5cd8, 0x5cd8, 0x5cd8, 0x5cd8, 0x54d8, 0x54d8, 0x5cb8, 0x64d8, 0xef9e, 0xffff, 
	0xd73e, 0xcefd, 0xc71e, 0xc6fe, 0xe77e, 0xf7ff, 0xdf7f, 0xcefd, 0xc71e, 0xc71e, 0xcf1e, 0xcf1e, 0xcf1e, 0xcefe, 0xc71e, 0xc71e, 
	0xc71e, 0xc71e, 0xceff, 0xb65d, 0xae3f, 0x63f6, 0x2ad1, 0x2290, 0x220e, 0x220e, 0x220e, 0x220e, 0x220e, 0x220e, 0x220e, 0x220e, 
	0x220e, 0x220e, 0x220e, 0x220e, 0x220e, 0x220e, 0x220e, 0x220e, 0x220e, 0x220e, 0x220e, 0x220e, 0x220e, 0x220e, 0x220e, 0x220e, 
	0x220e, 0x220e, 0x220e, 0x220e, 0x220e, 0x220e, 0x220e, 0x220e, 0x220e, 0x220e, 0x220e, 0x220e, 0x220e, 0x220e, 0x220e, 0x220e, 
	0x220e, 0x220e, 0x220e, 0x220e, 0x220e, 0x220e, 0x220e, 0x220e, 0x220e, 0x220e, 0x220e, 0x220e, 0x220e, 0x220e, 0x220e, 0x220e, 
	0x220e, 0x220e, 0x220e, 0x220e, 0x220e, 0x220e, 0x220e, 0x220e, 0x220e, 0x220e, 0x220e, 0x220e, 0x220e, 0x220e, 0x220e, 0x220e, 
	0x220e, 0x220e, 0x220e, 0x220e, 0x220e, 0x220e, 0x220e, 0x220e, 0x220e, 0x220e, 0x220e, 0x220e, 0x220e, 0x220e, 0x220e, 0x220e, 
	0x220e, 0x220e, 0x220e, 0x220e, 0x220e, 0x220e, 0x220e, 0x220e, 0x220e, 0x220e, 0x220e, 0x220e, 0x220e, 0x220e, 0x220e, 0x220e, 
	0x220e, 0x220e, 0x220e, 0x220e, 0x220e, 0x220e, 0x220e, 0x220e, 0x220e, 0x220e, 0x220e, 0x220e, 0x222e, 0x2a4f, 0x3311, 0x95dc, 
	0x95fc, 0x8dfb, 0x85fc, 0x6d39, 0x5d1a, 0x5d1a, 0x5d1b, 0x5d1b, 0x6518, 0x7dba, 0x9e56, 0x9635, 0x9635, 0x9635, 0x9635, 0x9635, 
	0x9636, 0x8df5, 0x4c77, 0x4c76, 0x4c57, 0x4c57, 0x4457, 0x4457, 0x5cd9, 0x653b, 0x5d1a, 0x651a, 0x5d1a, 0x651a, 0x5d1a, 0x651a, 
	0x651a, 0x651a, 0x5d1a, 0x651a, 0x651a, 0x651a, 0x651a, 0x651a, 0x651a, 0x5d1a, 0x651a, 0x5d1a, 0x653a, 0x651a, 0x653a, 0x651a, 
	0x653a, 0x651a, 0x653a, 0x651a, 0x651a, 0x5d1a, 0x651a, 0x651a, 0x651a, 0x651a, 0x651a, 0x651a, 0x5d1a, 0x651a, 0x5d1a, 0x651a, 
	0x651a, 0x651a, 0x5d1a, 0x651a, 0x5d1a, 0x651a, 0x651a, 0x651a, 0x651a, 0x651a, 0x651a, 0x651a, 0x651a, 0x5d1a, 0x651a, 0x5cd9, 
	0x5cd9, 0x5cd8, 0x5cd8, 0x54b8, 0x5cb8, 0x5cb8, 0x5cd8, 0x5cb8, 0x5cb8, 0x5cb8, 0x54b8, 0x54b8, 0x4478, 0x4c98, 0xe79e, 0xffff, 
	0xd73e, 0xcefd, 0xc71e, 0xc71e, 0xcf1e, 0xcf1e, 0xcefe, 0xcf1e, 0xc71e, 0xc71e, 0xdf3d, 0xf7ff, 0xefdf, 0xd6fd, 0xc71e, 0xc71e, 
	0xcf1d, 0xcf1d, 0xceff, 0xb65c, 0xb63f, 0x5354, 0x19ed, 0x1a0e, 0x220e, 0x220e, 0x220e, 0x220e, 0x220e, 0x220e, 0x220e, 0x220e, 
	0x220e, 0x220e, 0x220e, 0x220e, 0x220e, 0x220e, 0x220e, 0x220e, 0x220e, 0x220e, 0x220e, 0x220e, 0x220e, 0x220e, 0x220e, 0x220e, 
	0x220e, 0x220e, 0x220e, 0x220e, 0x220e, 0x220e, 0x220e, 0x220e, 0x220e, 0x220e, 0x220e, 0x220e, 0x220e, 0x220e, 0x220e, 0x220e, 
	0x220e, 0x220e, 0x220e, 0x220e, 0x220e, 0x220e, 0x220e, 0x220e, 0x220e, 0x220e, 0x220e, 0x220e, 0x220e, 0x220e, 0x220e, 0x220e, 
	0x220e, 0x220e, 0x220e, 0x220e, 0x220e, 0x220e, 0x220e, 0x220e, 0x220e, 0x220e, 0x220e, 0x220e, 0x220e, 0x220e, 0x220e, 0x220e, 
	0x220e, 0x220e, 0x220e, 0x220e, 0x220e, 0x220e, 0x220e, 0x220e, 0x220e, 0x220e, 0x220e, 0x220e, 0x220e, 0x220e, 0x220e, 0x220e, 
	0x220e, 0x220e, 0x220e, 0x220e, 0x220e, 0x220e, 0x220e, 0x220e, 0x220e, 0x220e, 0x220e, 0x220e, 0x220e, 0x220e, 0x220e, 0x220e, 
	0x220e, 0x220e, 0x220e, 0x220e, 0x220e, 0x220e, 0x220e, 0x220e, 0x220e, 0x220e, 0x220e, 0x220e, 0x220e, 0x19ed, 0x2aaf, 0x8dbb, 
	0x8dfb, 0x8dfc, 0x85fd, 0x6d3a, 0x653a, 0x651a, 0x651b, 0x5d1b, 0x6518, 0x75ba, 0x9635, 0x9635, 0x9635, 0x9635, 0x9635, 0x9635, 
	0x9636, 0x85f5, 0x4c57, 0x4437, 0x4457, 0x4457, 0x4457, 0x4457, 0x5cf9, 0x653b, 0x651a, 0x653a, 0x651a, 0x653a, 0x651a, 0x653a, 
	0x651a, 0x653a, 0x651a, 0x651a, 0x651a, 0x651a, 0x653a, 0x653a, 0x653a, 0x651a, 0x653a, 0x5d1a, 0x653a, 0x651a, 0x653a, 0x651a, 
	0x653a, 0x651a, 0x653a, 0x651a, 0x653a, 0x651a, 0x651a, 0x653a, 0x653a, 0x653a, 0x651a, 0x651a, 0x5d1a, 0x653a, 0x651a, 0x653a, 
	0x653a, 0x653a, 0x5d1a, 0x653a, 0x651a, 0x653a, 0x651a, 0x653a, 0x651a, 0x653a, 0x651a, 0x651a, 0x651a, 0x651a, 0x651a, 0x5cd9, 
	0x5cd8, 0x5cd9, 0x5cd9, 0x5cd8, 0x5cd9, 0x5cd8, 0x5cd9, 0x5cd8, 0x5cd9, 0x5cd9, 0x5cd9, 0x5cd9, 0x4c78, 0x54b9, 0xef9f, 0xffff, 
	0xd73e, 0xcf1d, 0xcf1e, 0xcf1e, 0xcefe, 0xcf1e, 0xc6fd, 0xcf1e, 0xc71e, 0xc71e, 0xdf3d, 0xffff, 0xefdf, 0xd6fc, 0xc71e, 0xc71e, 
	0xcf1e, 0xcf1d, 0xceff, 0xbe5c, 0xb63f, 0x5b74, 0x220d, 0x224e, 0x222e, 0x222e, 0x222e, 0x222e, 0x220e, 0x220e, 0x220e, 0x220e, 
	0x220e, 0x220e, 0x220e, 0x220e, 0x220e, 0x220e, 0x220e, 0x220e, 0x220e, 0x220e, 0x220e, 0x220e, 0x220e, 0x220e, 0x220e, 0x220e, 
	0x220e, 0x220e, 0x220e, 0x220e, 0x220e, 0x220e, 0x220e, 0x220e, 0x220e, 0x220e, 0x220e, 0x220e, 0x220e, 0x220e, 0x220e, 0x220e, 
	0x220e, 0x220e, 0x220e, 0x220e, 0x220e, 0x220e, 0x220e, 0x220e, 0x220e, 0x220e, 0x220e, 0x220e, 0x220e, 0x220e, 0x220e, 0x220e, 
	0x220e, 0x220e, 0x220e, 0x220e, 0x220e, 0x220e, 0x220e, 0x220e, 0x220e, 0x220e, 0x220e, 0x220e, 0x220e, 0x220e, 0x220e, 0x220e, 
	0x220e, 0x220e, 0x220e, 0x220e, 0x220e, 0x220e, 0x220e, 0x220e, 0x220e, 0x220e, 0x220e, 0x220e, 0x220e, 0x220e, 0x220e, 0x220e, 
	0x220e, 0x220e, 0x220e, 0x220e, 0x220e, 0x220e, 0x220e, 0x220e, 0x220e, 0x220e, 0x220e, 0x220e, 0x220e, 0x220e, 0x220e, 0x220e, 
	0x220e, 0x220e, 0x220e, 0x220e, 0x220e, 0x220e, 0x220e, 0x220e, 0x220e, 0x220e, 0x220e, 0x220e, 0x220e, 0x220e, 0x222e, 0x3290, 
	0x3311, 0x8dbb, 0x8e1c, 0x8ddb, 0x85dc, 0x6d3a, 0x5d1b, 0x5d1b, 0x6518, 0x75ba, 0x9635, 0x9635, 0x9635, 0x9635, 0x9637, 0x85d5, 
	0x5497, 0x5497, 0x4457, 0x4457, 0x5cfa, 0x5d1a, 0x5cfa, 0x5d1a, 0x5d1a, 0x653a, 0x5d1a, 0x653a, 0x5d1a, 0x653a, 0x651a, 0x653a, 
	0x651a, 0x653a, 0x5d1a, 0x651a, 0x651a, 0x651a, 0x651a, 0x651a, 0x651a, 0x5d1a, 0x653a, 0x5d1a, 0x653a, 0x5d1a, 0x653a, 0x651a, 
	0x653a, 0x651a, 0x653a, 0x5d1a, 0x651a, 0x651a, 0x651a, 0x653a, 0x653a, 0x651a, 0x651a, 0x651a, 0x5d1a, 0x653a, 0x651a, 0x653a, 
	0x651a, 0x653a, 0x5d1a, 0x653a, 0x5d1a, 0x651a, 0x651a, 0x651a, 0x651a, 0x651a, 0x651a, 0x5cd9, 0x5cd9, 0x5cd9, 0x5cd9, 0x54d9, 
	0x6496, 0xa69e, 0xef9e, 0xe77e, 0xe79f, 0xd73d, 0xbe9c, 0xc6fe, 0xe79e, 0xe77e, 0xe79f, 0xdf7e, 0xbebd, 0xbebd, 0xf7df, 0xffff, 
	0xd73e, 0xcefd, 0xcf1e, 0xcf1e, 0xcefe, 0xcf1e, 0xc6fd, 0xcf1e, 0xcf1e, 0xcf1e, 0xcf1e, 0xd73e, 0xcf1e, 0xcf1e, 0xcf1e, 0xcf1e, 
	0xc71e, 0xc71e, 0xcefd, 0xe79f, 0xf7bf, 0xe73d, 0xdf3d, 0xc69b, 0xb65c, 0xa5fb, 0x9d9c, 0x7c57, 0x19ed, 0x220e, 0x220e, 0x220e, 
	0x220e, 0x220e, 0x220e, 0x220e, 0x220e, 0x220e, 0x220e, 0x220e, 0x220e, 0x220e, 0x220e, 0x220e, 0x220e, 0x220e, 0x220e, 0x220e, 
	0x220e, 0x220e, 0x220e, 0x220e, 0x220e, 0x220e, 0x220e, 0x220e, 0x220e, 0x220e, 0x220e, 0x220e, 0x220e, 0x220e, 0x220e, 0x220e, 
	0x220e, 0x220e, 0x220e, 0x220e, 0x220e, 0x220e, 0x220e, 0x220e, 0x220e, 0x220e, 0x220e, 0x220e, 0x220e, 0x220e, 0x220e, 0x220e, 
	0x220e, 0x220e, 0x220e, 0x220e, 0x220e, 0x220e, 0x220e, 0x220e, 0x220e, 0x220e, 0x220e, 0x220e, 0x220e, 0x220e, 0x220e, 0x220e, 
	0x220e, 0x220e, 0x220e, 0x220e, 0x220e, 0x220e, 0x220e, 0x220e, 0x220e, 0x220e, 0x220e, 0x220e, 0x220e, 0x220e, 0x220e, 0x220e, 
	0x220e, 0x220e, 0x220e, 0x220e, 0x220e, 0x220e, 0x220e, 0x220e, 0x220e, 0x220e, 0x220e, 0x220e, 0x220e, 0x220e, 0x220e, 0x220e, 
	0x220e, 0x220e, 0x220e, 0x220e, 0x220e, 0x220e, 0x220e, 0x220e, 0x220e, 0x220e, 0x220e, 0x220e, 0x220e, 0x220e, 0x220e, 0x19ed, 
	0x226e, 0x8dbb, 0x961c, 0x95fc, 0x8e1d, 0x753a, 0x5d1b, 0x5d1b, 0x6518, 0x75ba, 0x9635, 0x9635, 0x9635, 0x9635, 0x9637, 0x85d5, 
	0x4437, 0x4437, 0x4437, 0x4457, 0x5d1a, 0x653b, 0x653a, 0x653a, 0x651a, 0x653a, 0x651a, 0x653a, 0x651a, 0x653a, 0x651a, 0x653a, 
	0x651a, 0x653a, 0x651a, 0x651a, 0x651a, 0x651a, 0x653a, 0x653a, 0x651a, 0x651a, 0x653a, 0x5d1a, 0x653a, 0x651a, 0x653a, 0x651a, 
	0x653a, 0x651a, 0x653a, 0x651a, 0x653a, 0x651a, 0x651a, 0x653a, 0x653a, 0x651a, 0x651a, 0x651a, 0x5d1a, 0x653a, 0x651a, 0x653a, 
	0x653a, 0x653a, 0x5d1a, 0x653a, 0x5d1a, 0x653a, 0x651a, 0x653a, 0x651a, 0x653a, 0x651a, 0x5cd9, 0x5cd8, 0x5cd8, 0x54d9, 0x54d9, 
	0x6495, 0xb6ff, 0xffff, 0xffff, 0xffff, 0xefbe, 0xcf1d, 0xdf7f, 0xffff, 0xffff, 0xffff, 0xffff, 0xd73e, 0xcf1e, 0xf7ff, 0xffff, 
	0xd73e, 0xcefd, 0xc71e, 0xcf1e, 0xcefe, 0xcf1e, 0xcefe, 0xcf1e, 0xcf1e, 0xcf1e, 0xcf1e, 0xcf1e, 0xcefe, 0xcf1e, 0xcf1e, 0xcf1e, 
	0xc71e, 0xc71e, 0xcefc, 0xefdf, 0xffff, 0xffff, 0xffff, 0xef7e, 0xcf1f, 0xc6bd, 0xb63f, 0x8cd9, 0x19ed, 0x220e, 0x220e, 0x220e, 
	0x220e, 0x220e, 0x220e, 0x220e, 0x220e, 0x220e, 0x220e, 0x220e, 0x220e, 0x220e, 0x220e, 0x220e, 0x220e, 0x220e, 0x220e, 0x220e, 
	0x220e, 0x220e, 0x220e, 0x220e, 0x220e, 0x220e, 0x220e, 0x220e, 0x220e, 0x220e, 0x220e, 0x220e, 0x220e, 0x220e, 0x220e, 0x220e, 
	0x220e, 0x220e, 0x220e, 0x220e, 0x220e, 0x220e, 0x220e, 0x220e, 0x220e, 0x220e, 0x220e, 0x220e, 0x220e, 0x220e, 0x220e, 0x220e, 
	0x220e, 0x220e, 0x220e, 0x220e, 0x220e, 0x220e, 0x220e, 0x220e, 0x220e, 0x220e, 0x220e, 0x220e, 0x220e, 0x220e, 0x220e, 0x220e, 
	0x220e, 0x220e, 0x220e, 0x220e, 0x220e, 0x220e, 0x220e, 0x220e, 0x220e, 0x220e, 0x220e, 0x220e, 0x220e, 0x220e, 0x220e, 0x220e, 
	0x220e, 0x220e, 0x220e, 0x220e, 0x220e, 0x220e, 0x220e, 0x220e, 0x220e, 0x220e, 0x220e, 0x220e, 0x220e, 0x220e, 0x220e, 0x220e, 
	0x220e, 0x220e, 0x220e, 0x220e, 0x220e, 0x220e, 0x220e, 0x220e, 0x220e, 0x220e, 0x220e, 0x220e, 0x220e, 0x220e, 0x220e, 0x220e, 
	0x222e, 0x3af1, 0x3b31, 0x857a, 0x8dfc, 0x85bb, 0x7ddc, 0x6d5a, 0x64f8, 0x85fc, 0xbef9, 0xae77, 0x9635, 0x85f3, 0x6d71, 0x6d30, 
	0x4457, 0x4c57, 0x5cda, 0x5cfa, 0x5d1a, 0x651a, 0x651a, 0x651a, 0x5d1a, 0x651a, 0x5d1a, 0x651a, 0x5d1a, 0x651a, 0x5d1a, 0x651a, 
	0x651a, 0x651a, 0x5d1a, 0x651a, 0x651a, 0x651a, 0x651a, 0x651a, 0x651a, 0x5d1a, 0x651a, 0x5d1a, 0x651a, 0x5d1a, 0x651a, 0x5d1a, 
	0x651a, 0x5d1a, 0x651a, 0x5d1a, 0x651a, 0x5d1a, 0x651a, 0x651a, 0x651a, 0x651a, 0x651a, 0x651a, 0x5d1a, 0x651a, 0x5d1a, 0x651a, 
	0x651a, 0x651a, 0x5d1a, 0x651a, 0x5d1a, 0x651a, 0x5d1a, 0x651a, 0x651a, 0x5cd9, 0x5cd9, 0x5cd8, 0x5cd8, 0x5cb8, 0x54d9, 0x54b8, 
	0x6496, 0x9e7d, 0xdf5e, 0xd73d, 0xd75e, 0xcf1e, 0xcefe, 0xcf1e, 0xd73e, 0xd73e, 0xd75e, 0xd73e, 0xcf1e, 0xcefe, 0xd73e, 0xd75e, 
	0xef9e, 0xefdf, 0xd75e, 0xcf1d, 0xc71e, 0xc71e, 0xc6fd, 0xcf1e, 0xcf1e, 0xcf1e, 0xcf1e, 0xcf1e, 0xc6fd, 0xcefe, 0xc71e, 0xc71e, 
	0xcf1d, 0xe7bf, 0xefdf, 0xdf5d, 0xd73e, 0xd73e, 0xd75e, 0xcf1d, 0xceff, 0xbe9d, 0xb61f, 0x84b9, 0x19ed, 0x220e, 0x220e, 0x220e, 
	0x220e, 0x220e, 0x220e, 0x220e, 0x220e, 0x220e, 0x220e, 0x220e, 0x220e, 0x220e, 0x220e, 0x220e, 0x220e, 0x220e, 0x220e, 0x220e, 
	0x220e, 0x220e, 0x220e, 0x220e, 0x220e, 0x220e, 0x220e, 0x220e, 0x220e, 0x220e, 0x220e, 0x220e, 0x220e, 0x220e, 0x220e, 0x220e, 
	0x220e, 0x220e, 0x220e, 0x220e, 0x220e, 0x220e, 0x220e, 0x220e, 0x220e, 0x220e, 0x220e, 0x220e, 0x220e, 0x220e, 0x220e, 0x220e, 
	0x220e, 0x220e, 0x220e, 0x220e, 0x220e, 0x220e, 0x220e, 0x220e, 0x220e, 0x220e, 0x220e, 0x220e, 0x220e, 0x220e, 0x220e, 0x220e, 
	0x220e, 0x220e, 0x220e, 0x220e, 0x220e, 0x220e, 0x220e, 0x220e, 0x220e, 0x220e, 0x220e, 0x220e, 0x220e, 0x220e, 0x220e, 0x220e, 
	0x220e, 0x220e, 0x220e, 0x220e, 0x220e, 0x220e, 0x220e, 0x220e, 0x220e, 0x220e, 0x220e, 0x220e, 0x220e, 0x220e, 0x220e, 0x220e, 
	0x220e, 0x220e, 0x220e, 0x220e, 0x220e, 0x220e, 0x220e, 0x220e, 0x220e, 0x220e, 0x220e, 0x220e, 0x220e, 0x220e, 0x220e, 0x220e, 
	0x220e, 0x19ed, 0x1a2d, 0x857b, 0x9e3d, 0x961c, 0x8e1d, 0x755a, 0x64f7, 0x8e3c, 0xcf3b, 0xb698, 0x9634, 0x85d3, 0x5d2e, 0x5d0e, 
	0x4457, 0x4c77, 0x651a, 0x653a, 0x651a, 0x653a, 0x651a, 0x653a, 0x651a, 0x653a, 0x651a, 0x653a, 0x651a, 0x653a, 0x651a, 0x653a, 
	0x651a, 0x653a, 0x651a, 0x651a, 0x651a, 0x651a, 0x653a, 0x653a, 0x653a, 0x651a, 0x653a, 0x651a, 0x653a, 0x651a, 0x653a, 0x651a, 
	0x653a, 0x651a, 0x653a, 0x651a, 0x653a, 0x651a, 0x651a, 0x653a, 0x653a, 0x653a, 0x651a, 0x651a, 0x5d1a, 0x653a, 0x651a, 0x653a, 
	0x653a, 0x653a, 0x5d1a, 0x653a, 0x651a, 0x653a, 0x653a, 0x653a, 0x651a, 0x5cd9, 0x54d9, 0x54b8, 0x54b8, 0x5498, 0x54b8, 0x54b8, 
	0x5c76, 0x963d, 0xcf3e, 0xc6fd, 0xc71e, 0xc71e, 0xcf1e, 0xcf1e, 0xc71e, 0xc71e, 0xc71e, 0xc71e, 0xcf1e, 0xcf1e, 0xcefe, 0xcefe, 
	0xf7df, 0xffff, 0xd75f, 0xcefd, 0xc71e, 0xcf1e, 0xcefe, 0xcf1e, 0xcf1e, 0xcf1e, 0xcf1e, 0xcf1e, 0xcefe, 0xcf1e, 0xc71e, 0xc71e, 
	0xd6fc, 0xf7ff, 0xffff, 0xdf3d, 0xc6fe, 0xc6fd, 0xc71e, 0xc6fd, 0xcf1f, 0xbe9d, 0xb61f, 0x8499, 0x11ac, 0x11ed, 0x11ed, 0x19ed, 
	0x19ed, 0x19ed, 0x220e, 0x220e, 0x220e, 0x220e, 0x220e, 0x220e, 0x220e, 0x220e, 0x220e, 0x220e, 0x220e, 0x220e, 0x220e, 0x220e, 
	0x220e, 0x220e, 0x220e, 0x220e, 0x220e, 0x220e, 0x220e, 0x220e, 0x220e, 0x220e, 0x220e, 0x220e, 0x220e, 0x220e, 0x220e, 0x220e, 
	0x220e, 0x220e, 0x220e, 0x220e, 0x220e, 0x220e, 0x220e, 0x220e, 0x220e, 0x220e, 0x220e, 0x220e, 0x220e, 0x220e, 0x220e, 0x220e, 
	0x220e, 0x220e, 0x220e, 0x220e, 0x220e, 0x220e, 0x220e, 0x220e, 0x220e, 0x220e, 0x220e, 0x220e, 0x220e, 0x220e, 0x220e, 0x220e, 
	0x220e, 0x220e, 0x220e, 0x220e, 0x220e, 0x220e, 0x220e, 0x220e, 0x220e, 0x220e, 0x220e, 0x220e, 0x220e, 0x220e, 0x220e, 0x220e, 
	0x220e, 0x220e, 0x220e, 0x220e, 0x220e, 0x220e, 0x220e, 0x220e, 0x220e, 0x220e, 0x220e, 0x220e, 0x220e, 0x220e, 0x220e, 0x220e, 
	0x220e, 0x220e, 0x220e, 0x220e, 0x220e, 0x220e, 0x220e, 0x220e, 0x220e, 0x220e, 0x220e, 0x220e, 0x220e, 0x220e, 0x220e, 0x220e, 
	0x220e, 0x220e, 0x222e, 0x4332, 0x4372, 0x7d5a, 0x8e1d, 0x85bb, 0x8599, 0x9e5c, 0xbef9, 0xae77, 0x9635, 0x8e14, 0x85d4, 0x7593, 
	0x4457, 0x4c77, 0x5d1a, 0x651a, 0x5d1a, 0x651a, 0x5d1a, 0x651a, 0x5d1a, 0x651a, 0x5d1a, 0x651a, 0x5d1a, 0x651a, 0x5d1a, 0x651a, 
	0x5d1a, 0x651a, 0x5d1a, 0x5d1a, 0x5d1a, 0x5d1a, 0x651a, 0x651a, 0x5d1a, 0x5d1a, 0x651a, 0x5d1a, 0x651a, 0x5d1a, 0x651a, 0x5d1a, 
	0x651a, 0x5d1a, 0x651a, 0x5d1a, 0x651a, 0x5d1a, 0x5d1a, 0x651a, 0x651a, 0x5d1a, 0x5d1a, 0x5d1a, 0x5d1a, 0x651a, 0x5d1a, 0x651a, 
	0x651a, 0x651a, 0x5d1a, 0x651a, 0x5cfa, 0x5cd9, 0x5cd9, 0x5cd9, 0x5cd9, 0x54b8, 0x6cd6, 0xaede, 0xcefd, 0xc6dd, 0xc6dd, 0xc6dd, 
	0xc6dd, 0xc6fd, 0xc71e, 0xc6fe, 0xc71e, 0xc6fe, 0xc71e, 0xc71e, 0xc71e, 0xc71e, 0xc71e, 0xc71e, 0xc71e, 0xc71e, 0xc6fe, 0xc71e, 
	0xd73e, 0xdf5e, 0xe79e, 0xefbf, 0xd75e, 0xcefd, 0xc6fe, 0xc71e, 0xcefe, 0xcf1e, 0xcefe, 0xcefe, 0xc6fd, 0xc6fd, 0xc6fd, 0xc6fd, 
	0xcefd, 0xd75e, 0xd75e, 0xcefd, 0xc6fd, 0xc6fd, 0xcefe, 0xc6fd, 0xcefe, 0xc6dd, 0xc6bd, 0xbe7c, 0xb5f9, 0xb5f9, 0xb5fa, 0xadb9, 
	0x84b8, 0x7c78, 0x2a6f, 0x1a0e, 0x220e, 0x220e, 0x220e, 0x220e, 0x220e, 0x220e, 0x220e, 0x220e, 0x220e, 0x220e, 0x220e, 0x220e, 
	0x220e, 0x220e, 0x220e, 0x220e, 0x220e, 0x220e, 0x220e, 0x220e, 0x220e, 0x220e, 0x220e, 0x220e, 0x220e, 0x220e, 0x220e, 0x220e, 
	0x220e, 0x220e, 0x220e, 0x220e, 0x220e, 0x220e, 0x220e, 0x220e, 0x220e, 0x220e, 0x220e, 0x220e, 0x220e, 0x220e, 0x220e, 0x220e, 
	0x220e, 0x220e, 0x220e, 0x220e, 0x220e, 0x220e, 0x220e, 0x220e, 0x220e, 0x220e, 0x220e, 0x220e, 0x220e, 0x220e, 0x220e, 0x220e, 
	0x220e, 0x220e, 0x220e, 0x220e, 0x220e, 0x220e, 0x220e, 0x220e, 0x220e, 0x220e, 0x220e, 0x220e, 0x220e, 0x220e, 0x220e, 0x220e, 
	0x220e, 0x220e, 0x220e, 0x220e, 0x220e, 0x220e, 0x220e, 0x220e, 0x220e, 0x220e, 0x220e, 0x220e, 0x220e, 0x220e, 0x220e, 0x220e, 
	0x220e, 0x220e, 0x220e, 0x220e, 0x220e, 0x220e, 0x220e, 0x220e, 0x220e, 0x220e, 0x220e, 0x220e, 0x220e, 0x220e, 0x220e, 0x220e, 
	0x220e, 0x220e, 0x220e, 0x19ed, 0x11ed, 0x7d19, 0x9e5d, 0x963d, 0x9e3b, 0xa67c, 0xb6d8, 0xa676, 0x9635, 0x9635, 0x9658, 0x85d6, 
	0x4457, 0x4c57, 0x651a, 0x653a, 0x653a, 0x653a, 0x653a, 0x653b, 0x653a, 0x653b, 0x653a, 0x653b, 0x653a, 0x653b, 0x653a, 0x653b, 
	0x653a, 0x653a, 0x651a, 0x653a, 0x651a, 0x653a, 0x653a, 0x653a, 0x653a, 0x651a, 0x653a, 0x651a, 0x653a, 0x651a, 0x653a, 0x651a, 
	0x653a, 0x651a, 0x653a, 0x651a, 0x653a, 0x651a, 0x651a, 0x653a, 0x653a, 0x653a, 0x651a, 0x653a, 0x5d1a, 0x653a, 0x651a, 0x653a, 
	0x653a, 0x653a, 0x651a, 0x653b, 0x64f9, 0x5cb9, 0x5cd8, 0x5cd9, 0x5cd9, 0x54d9, 0x7cd6, 0xe7ff, 0xffff, 0xffff, 0xffff, 0xffff, 
	0xffff, 0xef7e, 0xc71e, 0xc71e, 0xcf1e, 0xcefe, 0xc71e, 0xc71e, 0xcf1e, 0xcf1e, 0xcf1e, 0xcf1e, 0xcf1e, 0xcf1e, 0xcf1e, 0xcf1e, 
	0xcefe, 0xc6fd, 0xf7be, 0xffff, 0xdf7f, 0xcefd, 0xc71e, 0xcf1e, 0xcf1e, 0xcf1e, 0xcf1e, 0xcefe, 0xc6fe, 0xcf1e, 0xcf1e, 0xcf1e, 
	0xcf1e, 0xcefe, 0xcefe, 0xcefe, 0xcf1e, 0xcf1e, 0xcf3e, 0xcf1d, 0xcf1e, 0xcf1e, 0xcefd, 0xdf7f, 0xffff, 0xffff, 0xffff, 0xffff, 
	0xbe3f, 0xb5fd, 0x3290, 0x19ed, 0x220e, 0x220e, 0x220e, 0x220e, 0x220e, 0x220e, 0x220e, 0x220e, 0x220e, 0x220e, 0x220e, 0x220e, 
	0x220e, 0x220e, 0x220e, 0x220e, 0x220e, 0x220e, 0x220e, 0x220e, 0x220e, 0x220e, 0x220e, 0x220e, 0x220e, 0x220e, 0x220e, 0x220e, 
	0x220e, 0x220e, 0x220e, 0x220e, 0x220e, 0x220e, 0x220e, 0x220e, 0x220e, 0x220e, 0x220e, 0x220e, 0x220e, 0x220e, 0x220e, 0x220e, 
	0x220e, 0x220e, 0x220e, 0x220e, 0x220e, 0x220e, 0x220e, 0x220e, 0x220e, 0x220e, 0x220e, 0x220e, 0x220e, 0x220e, 0x220e, 0x220e, 
	0x220e, 0x220e, 0x220e, 0x220e, 0x220e, 0x220e, 0x220e, 0x220e, 0x220e, 0x220e, 0x220e, 0x220e, 0x220e, 0x220e, 0x220e, 0x220e, 
	0x220e, 0x220e, 0x220e, 0x220e, 0x220e, 0x220e, 0x220e, 0x220e, 0x220e, 0x220e, 0x220e, 0x220e, 0x220e, 0x220e, 0x220e, 0x220e, 
	0x220e, 0x220e, 0x220e, 0x220e, 0x220e, 0x220e, 0x220e, 0x220e, 0x220e, 0x220e, 0x220e, 0x220e, 0x220e, 0x220e, 0x220e, 0x220e, 
	0x220e, 0x220e, 0x220e, 0x220e, 0x1a0e, 0x4b73, 0x53f5, 0x53d5, 0x53d2, 0x8558, 0xb6d9, 0xae97, 0xa696, 0x9e35, 0x7d92, 0x7551, 
	0x4457, 0x4c57, 0x5cd9, 0x5cf9, 0x5cf9, 0x5cf9, 0x54d9, 0x54b9, 0x54b9, 0x54b9, 0x54b9, 0x54b9, 0x54d9, 0x5cf9, 0x5cd9, 0x5cf9, 
	0x5cf9, 0x651a, 0x5d1a, 0x5d1a, 0x5d1a, 0x5d1a, 0x651a, 0x651a, 0x5d1a, 0x5d1a, 0x651a, 0x5d1a, 0x651a, 0x5d1a, 0x651a, 0x5d1a, 
	0x651a, 0x5d1a, 0x651a, 0x5d1a, 0x651a, 0x5d1a, 0x5d1a, 0x651a, 0x651a, 0x5d1a, 0x5d1a, 0x5d1a, 0x5d1a, 0x651a, 0x5d1a, 0x651a, 
	0x651a, 0x651a, 0x5cfa, 0x5cf9, 0x5cd9, 0x5cd8, 0x54b9, 0x4c98, 0x4c99, 0x4c98, 0x6496, 0xbf5f, 0xe77e, 0xe75e, 0xdf7e, 0xdf7e, 
	0xdf7f, 0xd73e, 0xc71e, 0xc6fd, 0xcf1d, 0xcf3e, 0xe79f, 0xdf5e, 0xc71e, 0xc71e, 0xc71e, 0xc6fe, 0xbe7e, 0xbe7e, 0xc6fe, 0xcf1e, 
	0xc6fd, 0xc71e, 0xdf5e, 0xdf9f, 0xcf3e, 0xcf1d, 0xc6fd, 0xc71e, 0xc71e, 0xc71e, 0xd73d, 0xe79f, 0xdf7f, 0xcefd, 0xc6fe, 0xc6fe, 
	0xc6fd, 0xc6fd, 0xc6fd, 0xc6fd, 0xcefe, 0xbe9d, 0xbe7d, 0xc6be, 0xcf1e, 0xc6fd, 0xcefd, 0xcf3e, 0xdf7e, 0xdf5e, 0xdf7f, 0xd73e, 
	0xb61e, 0xadbd, 0x2a6f, 0x220e, 0x220e, 0x220e, 0x220e, 0x220e, 0x220e, 0x220e, 0x220e, 0x220e, 0x220e, 0x220e, 0x220e, 0x220e, 
	0x220e, 0x220e, 0x220e, 0x220e, 0x220e, 0x220e, 0x220e, 0x220e, 0x220e, 0x220e, 0x220e, 0x220e, 0x220e, 0x220e, 0x220e, 0x220e, 
	0x220e, 0x220e, 0x220e, 0x220e, 0x220e, 0x220e, 0x220e, 0x220e, 0x220e, 0x220e, 0x220e, 0x220e, 0x220e, 0x220e, 0x220e, 0x220e, 
	0x220e, 0x220e, 0x220e, 0x220e, 0x220e, 0x220e, 0x220e, 0x220e, 0x220e, 0x220e, 0x220e, 0x220e, 0x220e, 0x220e, 0x220e, 0x220e, 
	0x220e, 0x220e, 0x220e, 0x220e, 0x220e, 0x220e, 0x220e, 0x220e, 0x220e, 0x220e, 0x220e, 0x220e, 0x220e, 0x220e, 0x220e, 0x220e, 
	0x220e, 0x220e, 0x220e, 0x220e, 0x220e, 0x220e, 0x220e, 0x220e, 0x220e, 0x220e, 0x220e, 0x220e, 0x220e, 0x220e, 0x220e, 0x220e, 
	0x220e, 0x220e, 0x220e, 0x220e, 0x220e, 0x220e, 0x220e, 0x220e, 0x220e, 0x220e, 0x220e, 0x220e, 0x220e, 0x220e, 0x220e, 0x220e, 
	0x220e, 0x220e, 0x220e, 0x220e, 0x220e, 0x19ed, 0x19ed, 0x19ed, 0x11ca, 0x74b6, 0xc73a, 0xbed8, 0xbf18, 0xa655, 0x650e, 0x5d0d, 
	0x4457, 0x4457, 0x5cb9, 0x5cb9, 0x5cd8, 0x5cd8, 0x4498, 0x4478, 0x4478, 0x4478, 0x4478, 0x4478, 0x5498, 0x5cd9, 0x5cb8, 0x5cd8, 
	0x5cf9, 0x653a, 0x653a, 0x653b, 0x653b, 0x653b, 0x653b, 0x653b, 0x653b, 0x653a, 0x653b, 0x653a, 0x653b, 0x653a, 0x653b, 0x651a, 
	0x653b, 0x653a, 0x653b, 0x651a, 0x653a, 0x651a, 0x653a, 0x653b, 0x653b, 0x653a, 0x653a, 0x653a, 0x651a, 0x653b, 0x653a, 0x653b, 
	0x653b, 0x653b, 0x5cf9, 0x5cd9, 0x5cb8, 0x5cd8, 0x4cb9, 0x3c57, 0x3459, 0x3458, 0x5456, 0xa6ff, 0xcf1e, 0xcefd, 0xc71e, 0xc6fe, 
	0xcefe, 0xcf1e, 0xcf1e, 0xc71e, 0xcefd, 0xdf7f, 0xffff, 0xf7bf, 0xcf1e, 0xcf1e, 0xcf1e, 0xc6fe, 0xb5fe, 0xb5fe, 0xc6fe, 0xcf1e, 
	0xcf1e, 0xcf1e, 0xc71e, 0xc71e, 0xcefe, 0xcf1e, 0xcefe, 0xcf1e, 0xc71e, 0xc71e, 0xdf3d, 0xffff, 0xf7ff, 0xd6fc, 0xc71e, 0xc71e, 
	0xcf1e, 0xcf1e, 0xcf1e, 0xcf1d, 0xcf1f, 0xb65d, 0xadfd, 0xbe7f, 0xcf3e, 0xcf1d, 0xcf1e, 0xcefe, 0xc71e, 0xc6fd, 0xcf1e, 0xc6dd, 
	0xb5fe, 0xadbd, 0x2a4f, 0x19cd, 0x11cd, 0x11cd, 0x11cd, 0x11cd, 0x11ed, 0x11ed, 0x19ed, 0x19ed, 0x19ed, 0x220e, 0x220e, 0x220e, 
	0x220e, 0x220e, 0x220e, 0x220e, 0x220e, 0x220e, 0x220e, 0x220e, 0x220e, 0x220e, 0x220e, 0x220e, 0x220e, 0x220e, 0x220e, 0x220e, 
	0x220e, 0x220e, 0x220e, 0x220e, 0x220e, 0x220e, 0x220e, 0x220e, 0x220e, 0x220e, 0x220e, 0x220e, 0x220e, 0x220e, 0x220e, 0x220e, 
	0x220e, 0x220e, 0x220e, 0x220e, 0x220e, 0x220e, 0x220e, 0x220e, 0x220e, 0x220e, 0x220e, 0x220e, 0x220e, 0x220e, 0x220e, 0x220e, 
	0x220e, 0x220e, 0x220e, 0x220e, 0x220e, 0x220e, 0x220e, 0x220e, 0x220e, 0x220e, 0x220e, 0x220e, 0x220e, 0x220e, 0x220e, 0x220e, 
	0x220e, 0x220e, 0x220e, 0x220e, 0x220e, 0x220e, 0x220e, 0x220e, 0x220e, 0x220e, 0x220e, 0x220e, 0x220e, 0x220e, 0x220e, 0x220e, 
	0x220e, 0x220e, 0x220e, 0x220e, 0x220e, 0x220e, 0x220e, 0x220e, 0x220e, 0x220e, 0x220e, 0x220e, 0x220e, 0x220e, 0x220e, 0x220e, 
	0x220e, 0x220e, 0x220e, 0x220e, 0x220e, 0x220e, 0x220e, 0x220e, 0x1a0c, 0x4b92, 0x74d4, 0x8555, 0x9e57, 0x8df5, 0x6d52, 0x6532, 
	0x4457, 0x4457, 0x5cb8, 0x5cb9, 0x5cd8, 0x5cd8, 0x4498, 0x4478, 0x4478, 0x4478, 0x4478, 0x4478, 0x4c98, 0x4cb9, 0x5498, 0x54b8, 
	0x54b9, 0x54d9, 0x54d9, 0x54d9, 0x54d9, 0x54d9, 0x54da, 0x54d9, 0x54d9, 0x54d9, 0x54da, 0x54d9, 0x54d9, 0x5cda, 0x5cfa, 0x5cf9, 
	0x5cfa, 0x5cf9, 0x5cfa, 0x5cf9, 0x5cfa, 0x5cf9, 0x5cf9, 0x5cfa, 0x5cfa, 0x5cf9, 0x5cf9, 0x5cf9, 0x5cf9, 0x5cfa, 0x5cf9, 0x5cfa, 
	0x5cda, 0x54d9, 0x54b9, 0x54b8, 0x4c98, 0x4c98, 0x64d8, 0x8e1d, 0x95fb, 0x95fb, 0x9dfa, 0xbefe, 0xcf1e, 0xcefe, 0xc71e, 0xc6fd, 
	0xcf1e, 0xcf1e, 0xc71e, 0xc6fd, 0xcf1d, 0xd73e, 0xe79f, 0xdf5e, 0xcefe, 0xcefe, 0xcf1e, 0xc6fe, 0xb61e, 0xb5fe, 0xc6fe, 0xcf1e, 
	0xcefe, 0xcf1e, 0xcefe, 0xcf1e, 0xc71e, 0xc71e, 0xc6fd, 0xcefe, 0xc6fd, 0xc71e, 0xd71d, 0xe79f, 0xdf7f, 0xcefd, 0xc6fd, 0xc6fd, 
	0xcefe, 0xc6fd, 0xcefe, 0xc6fd, 0xceff, 0xbe9d, 0xbe7d, 0xc6be, 0xcf1e, 0xc6fd, 0xcefe, 0xc6fd, 0xcefe, 0xc6fd, 0xcefe, 0xc6dd, 
	0xbe7e, 0xb65d, 0x7475, 0x6434, 0x7c95, 0x7cb5, 0x7c95, 0x7cb5, 0x6c55, 0x6c34, 0x63f5, 0x5bd4, 0x4332, 0x220e, 0x220e, 0x220e, 
	0x220e, 0x220e, 0x220e, 0x220e, 0x220e, 0x220e, 0x220e, 0x220e, 0x220e, 0x220e, 0x220e, 0x220e, 0x220e, 0x220e, 0x220e, 0x220e, 
	0x220e, 0x220e, 0x220e, 0x220e, 0x220e, 0x220e, 0x220e, 0x220e, 0x220e, 0x220e, 0x220e, 0x220e, 0x220e, 0x220e, 0x220e, 0x220e, 
	0x220e, 0x220e, 0x220e, 0x220e, 0x220e, 0x220e, 0x220e, 0x220e, 0x220e, 0x220e, 0x220e, 0x220e, 0x220e, 0x220e, 0x220e, 0x220e, 
	0x220e, 0x220e, 0x220e, 0x220e, 0x220e, 0x220e, 0x220e, 0x220e, 0x220e, 0x220e, 0x220e, 0x220e, 0x220e, 0x220e, 0x220e, 0x220e, 
	0x220e, 0x220e, 0x220e, 0x220e, 0x220e, 0x220e, 0x220e, 0x220e, 0x220e, 0x220e, 0x220e, 0x220e, 0x220e, 0x220e, 0x220e, 0x220e, 
	0x220e, 0x220e, 0x220e, 0x220e, 0x220e, 0x220e, 0x220e, 0x220e, 0x220e, 0x220e, 0x220e, 0x220e, 0x220e, 0x220e, 0x220e, 0x220e, 
	0x220e, 0x220e, 0x220e, 0x220e, 0x220e, 0x220e, 0x220e, 0x220e, 0x220e, 0x19ed, 0x11cc, 0x4372, 0x7db7, 0x7596, 0x7597, 0x6d56, 
	0x4437, 0x4457, 0x5cd9, 0x5cd9, 0x5cd9, 0x5cd9, 0x4498, 0x4478, 0x4478, 0x4478, 0x4478, 0x4479, 0x4478, 0x4478, 0x4478, 0x4478, 
	0x4478, 0x4478, 0x4478, 0x4478, 0x4478, 0x4478, 0x4478, 0x4478, 0x4478, 0x4478, 0x4478, 0x4478, 0x4478, 0x4cb9, 0x5cd8, 0x5cb8, 
	0x5cd9, 0x5cd8, 0x5cd9, 0x5cd8, 0x5cd9, 0x5cd8, 0x5cd8, 0x5cd9, 0x5cd9, 0x5cd9, 0x5cd9, 0x5cd9, 0x5cd8, 0x5cd9, 0x5cd8, 0x5cd8, 
	0x4cb9, 0x4478, 0x3c78, 0x3c58, 0x3c59, 0x3458, 0x8516, 0xf7ff, 0xffff, 0xffff, 0xffff, 0xdf1d, 0xc71e, 0xcf1e, 0xcf1e, 0xcf1e, 
	0xcf1e, 0xcf1e, 0xcf1e, 0xcefe, 0xcf1e, 0xcefe, 0xc71e, 0xc71e, 0xcf1e, 0xcf1e, 0xcf1e, 0xc6fe, 0xb5fe, 0xb5fe, 0xc6fe, 0xcf1e, 
	0xcf1e, 0xcf1e, 0xcf1e, 0xcf1e, 0xcf1e, 0xcf1e, 0xc6fd, 0xcf1e, 0xcf1e, 0xcf1e, 0xc71e, 0xcf1e, 0xcefe, 0xcf1e, 0xcf1e, 0xcf1e, 
	0xcf1e, 0xcf1e, 0xcf1e, 0xcefe, 0xcf1e, 0xcf1d, 0xcf3e, 0xcf1e, 0xcf1e, 0xcf1d, 0xcf1e, 0xcf1e, 0xcf1e, 0xcefe, 0xcf1e, 0xcefe, 
	0xcf1e, 0xcf1e, 0xd75e, 0xd75e, 0xffff, 0xffff, 0xffff, 0xffff, 0xe7bf, 0xd75e, 0xc69f, 0xbe5f, 0x7498, 0x198c, 0x19ed, 0x19ed, 
	0x19ed, 0x19ed, 0x19ed, 0x19ed, 0x19ed, 0x220e, 0x220e, 0x220e, 0x220e, 0x220e, 0x220e, 0x220e, 0x220e, 0x220e, 0x220e, 0x220e, 
	0x220e, 0x220e, 0x220e, 0x220e, 0x220e, 0x220e, 0x220e, 0x220e, 0x220e, 0x220e, 0x220e, 0x220e, 0x220e, 0x220e, 0x220e, 0x220e, 
	0x220e, 0x220e, 0x220e, 0x220e, 0x220e, 0x220e, 0x220e, 0x220e, 0x220e, 0x220e, 0x220e, 0x220e, 0x220e, 0x220e, 0x220e, 0x220e, 
	0x220e, 0x220e, 0x220e, 0x220e, 0x220e, 0x220e, 0x220e, 0x220e, 0x220e, 0x220e, 0x220e, 0x220e, 0x220e, 0x220e, 0x220e, 0x220e, 
	0x220e, 0x220e, 0x220e, 0x220e, 0x220e, 0x220e, 0x220e, 0x220e, 0x220e, 0x220e, 0x220e, 0x220e, 0x220e, 0x220e, 0x220e, 0x220e, 
	0x220e, 0x220e, 0x220e, 0x220e, 0x220e, 0x220e, 0x220e, 0x220e, 0x220e, 0x220e, 0x220e, 0x220e, 0x220e, 0x220e, 0x220e, 0x220e, 
	0x220e, 0x220e, 0x220e, 0x220e, 0x220e, 0x220e, 0x220e, 0x220e, 0x220e, 0x220e, 0x1a0d, 0x3b11, 0x5c74, 0x5c74, 0x5cb5, 0x5cb5, 
	0x4c75, 0x4c75, 0x5498, 0x5498, 0x5cd8, 0x5cd8, 0x4c98, 0x4c98, 0x4c98, 0x4c99, 0x4478, 0x4478, 0x4478, 0x4479, 0x4478, 0x4478, 
	0x4478, 0x4499, 0x4478, 0x4478, 0x4478, 0x4478, 0x4479, 0x4478, 0x4478, 0x4478, 0x4479, 0x4478, 0x4478, 0x4c99, 0x54b8, 0x54b8, 
	0x54b8, 0x54b8, 0x54b8, 0x54b8, 0x54b8, 0x54b8, 0x54b8, 0x54b8, 0x54b8, 0x54b8, 0x54b8, 0x54b8, 0x54b8, 0x54b8, 0x54b8, 0x54b8, 
	0x4c99, 0x4478, 0x64f9, 0x7dbc, 0x759b, 0x6d3a, 0x9db9, 0xdfdf, 0xefbe, 0xefbe, 0xe7bf, 0xd71d, 0xcefe, 0xc6bd, 0xc6bd, 0xc6de, 
	0xcf1e, 0xcf1e, 0xcf1e, 0xc6fd, 0xcf1e, 0xcefe, 0xcf1e, 0xc6fd, 0xc6be, 0xc6de, 0xcf1e, 0xc6fe, 0xbe5e, 0xbe5e, 0xc6be, 0xc6be, 
	0xc6fd, 0xcf1e, 0xcefe, 0xcf1e, 0xcefe, 0xcf1e, 0xc6fd, 0xcf1e, 0xcefe, 0xcf1e, 0xc6fe, 0xc6bd, 0xc6bd, 0xcefe, 0xc6fe, 0xc6bd, 
	0xc6bd, 0xc6fe, 0xcf1d, 0xc6fd, 0xcf1e, 0xc6dd, 0xc6be, 0xbe9e, 0xc6bd, 0xc6de, 0xcf1e, 0xcefe, 0xcf1e, 0xc6fd, 0xcefe, 0xc6fd, 
	0xcefe, 0xcefe, 0xc6be, 0xc6be, 0xdf3e, 0xe75f, 0xef9e, 0xefbf, 0xd73e, 0xcf1d, 0xbe9e, 0xbe7e, 0x955a, 0x5392, 0x53b3, 0x53b3, 
	0x53b3, 0x53b3, 0x53b3, 0x4b72, 0x4b53, 0x2a2e, 0x220e, 0x220e, 0x220e, 0x220e, 0x220e, 0x220e, 0x220e, 0x220e, 0x220e, 0x220e, 
	0x220e, 0x220e, 0x220e, 0x220e, 0x220e, 0x220e, 0x220e, 0x220e, 0x220e, 0x220e, 0x220e, 0x220e, 0x220e, 0x220e, 0x220e, 0x220e, 
	0x220e, 0x220e, 0x220e, 0x220e, 0x220e, 0x220e, 0x220e, 0x220e, 0x220e, 0x220e, 0x220e, 0x220e, 0x220e, 0x220e, 0x220e, 0x220e, 
	0x220e, 0x220e, 0x220e, 0x220e, 0x220e, 0x220e, 0x220e, 0x220e, 0x220e, 0x220e, 0x220e, 0x220e, 0x220e, 0x220e, 0x220e, 0x220e, 
	0x220e, 0x220e, 0x220e, 0x220e, 0x220e, 0x220e, 0x220e, 0x220e, 0x220e, 0x220e, 0x220e, 0x220e, 0x220e, 0x220e, 0x220e, 0x220e, 
	0x220e, 0x220e, 0x220e, 0x220e, 0x220e, 0x220e, 0x220e, 0x220e, 0x220e, 0x220e, 0x220e, 0x220e, 0x220e, 0x220e, 0x220e, 0x220e, 
	0x220e, 0x220e, 0x220e, 0x220e, 0x220e, 0x220e, 0x220e, 0x220e, 0x220e, 0x220e, 0x220e, 0x220e, 0x1a0e, 0x224f, 0x2b10, 0x3372, 
	0x5cf2, 0x5cd2, 0x4457, 0x4457, 0x5cb8, 0x5cd9, 0x5cd9, 0x5cd9, 0x5cd9, 0x5cd9, 0x4c99, 0x4478, 0x4478, 0x4479, 0x4478, 0x4478, 
	0x4c78, 0x4cb9, 0x4c99, 0x4478, 0x4479, 0x4479, 0x4479, 0x4479, 0x4479, 0x4478, 0x4479, 0x4478, 0x4479, 0x4478, 0x4479, 0x4478, 
	0x4479, 0x4478, 0x4479, 0x4478, 0x4478, 0x4478, 0x4478, 0x4479, 0x4478, 0x4478, 0x4478, 0x4478, 0x4478, 0x4479, 0x4478, 0x4478, 
	0x3c79, 0x3458, 0xa5d9, 0xffff, 0xf7df, 0xd71c, 0xcf3e, 0xc71e, 0xc71e, 0xc71e, 0xc71d, 0xcf1e, 0xceff, 0xb63d, 0xadfd, 0xc69f, 
	0xcf3e, 0xcf1e, 0xcf1e, 0xcf1e, 0xcf1e, 0xcf1d, 0xcf1f, 0xc6dd, 0xb5fd, 0xb61e, 0xcf1e, 0xcf1e, 0xcf1e, 0xcf1e, 0xb61e, 0xb5fd, 
	0xc6dd, 0xcf1e, 0xcf1e, 0xcf1e, 0xcf1d, 0xcf1e, 0xcefe, 0xcf1e, 0xcf1e, 0xcf3e, 0xc6bf, 0xb5fd, 0xb63c, 0xceff, 0xcedf, 0xb61c, 
	0xb61c, 0xcedf, 0xcf1d, 0xcf1d, 0xcf1f, 0xb65d, 0xb5fe, 0xb5de, 0xb5fd, 0xbe5f, 0xcf3e, 0xcf1e, 0xcf1e, 0xcf1d, 0xcf1e, 0xcf1d, 
	0xcf1e, 0xcf1e, 0xb61e, 0xb5fe, 0xadde, 0xb5de, 0xc6bd, 0xcf1f, 0xcf1d, 0xcf1e, 0xcf1e, 0xcf3e, 0xcf3e, 0xd75e, 0xcf3e, 0xd75e, 
	0xcf3e, 0xd75e, 0xd71f, 0xbe5d, 0xae1e, 0x3270, 0x19ed, 0x1a0e, 0x220e, 0x220e, 0x220e, 0x220e, 0x220e, 0x220e, 0x220e, 0x220e, 
	0x220e, 0x220e, 0x220e, 0x220e, 0x220e, 0x220e, 0x220e, 0x220e, 0x220e, 0x220e, 0x220e, 0x220e, 0x220e, 0x220e, 0x220e, 0x220e, 
	0x220e, 0x220e, 0x220e, 0x220e, 0x220e, 0x220e, 0x220e, 0x220e, 0x220e, 0x220e, 0x220e, 0x220e, 0x220e, 0x220e, 0x220e, 0x220e, 
	0x220e, 0x220e, 0x220e, 0x220e, 0x220e, 0x220e, 0x220e, 0x220e, 0x220e, 0x220e, 0x220e, 0x220e, 0x220e, 0x220e, 0x220e, 0x220e, 
	0x220e, 0x220e, 0x220e, 0x220e, 0x220e, 0x220e, 0x220e, 0x220e, 0x220e, 0x220e, 0x220e, 0x220e, 0x220e, 0x220e, 0x220e, 0x220e, 
	0x220e, 0x220e, 0x220e, 0x220e, 0x220e, 0x220e, 0x220e, 0x220e, 0x220e, 0x220e, 0x220e, 0x220e, 0x220e, 0x220e, 0x220e, 0x220e, 
	0x220e, 0x220e, 0x220e, 0x220e, 0x220e, 0x220e, 0x220e, 0x220e, 0x220e, 0x220e, 0x220e, 0x220e, 0x1a0e, 0x224f, 0x2ad0, 0x3311, 
	0x4c51, 0x4c51, 0x4457, 0x4c57, 0x54b8, 0x5cb8, 0x5cb8, 0x5cb8, 0x5cb8, 0x5cd9, 0x4c98, 0x4c78, 0x4c98, 0x4c98, 0x4c98, 0x4c98, 
	0x4c98, 0x54b9, 0x4cb9, 0x4478, 0x4478, 0x4478, 0x4478, 0x4478, 0x4478, 0x4478, 0x4478, 0x4478, 0x4478, 0x4478, 0x4478, 0x4478, 
	0x4478, 0x4478, 0x4478, 0x4478, 0x4478, 0x4478, 0x4478, 0x4478, 0x4498, 0x4478, 0x4478, 0x4478, 0x4478, 0x4478, 0x54b9, 0x5cda, 
	0x5cda, 0x54b9, 0xa5da, 0xe7bf, 0xdf5f, 0xcebd, 0xc6de, 0xc6de, 0xc6de, 0xc6de, 0xc6dd, 0xc6dd, 0xc6bf, 0xb63d, 0xb5fd, 0xbe7f, 
	0xc6de, 0xc6de, 0xc6de, 0xc6be, 0xc6de, 0xc6de, 0xc6de, 0xbe9d, 0xb5fd, 0xb61e, 0xc6de, 0xc6de, 0xc6de, 0xc6de, 0xb61e, 0xb5fd, 
	0xbe9d, 0xc6de, 0xc6dd, 0xc6dd, 0xc6be, 0xc6de, 0xc6bd, 0xc6de, 0xc6bd, 0xc6de, 0xbe7f, 0xadfd, 0xb61d, 0xc6bf, 0xc69f, 0xb61c, 
	0xb5fd, 0xc69f, 0xc6dd, 0xc6bd, 0xc6df, 0xb65d, 0xb5fe, 0xb5de, 0xadfd, 0xbe3e, 0xc6de, 0xc6be, 0xc6de, 0xc6be, 0xc6de, 0xc6bd, 
	0xc6be, 0xc6be, 0xb5fe, 0xb5fe, 0xb5de, 0xb5fe, 0xbe9d, 0xc6de, 0xc6bd, 0xc6dd, 0xc6be, 0xc6de, 0xc6be, 0xc6de, 0xc6be, 0xc6de, 
	0xc6bd, 0xc6dd, 0xc69f, 0xb61d, 0xa5de, 0x5333, 0x3af1, 0x2a4f, 0x220e, 0x220e, 0x220e, 0x220e, 0x220e, 0x220e, 0x220e, 0x220e, 
	0x220e, 0x220e, 0x220e, 0x220e, 0x220e, 0x220e, 0x220e, 0x220e, 0x220e, 0x220e, 0x220e, 0x220e, 0x220e, 0x220e, 0x220e, 0x220e, 
	0x220e, 0x220e, 0x220e, 0x220e, 0x220e, 0x220e, 0x220e, 0x220e, 0x220e, 0x220e, 0x220e, 0x220e, 0x220e, 0x220e, 0x220e, 0x220e, 
	0x220e, 0x220e, 0x220e, 0x220e, 0x220e, 0x220e, 0x220e, 0x220e, 0x220e, 0x220e, 0x220e, 0x220e, 0x220e, 0x220e, 0x220e, 0x220e, 
	0x220e, 0x220e, 0x220e, 0x220e, 0x220e, 0x220e, 0x220e, 0x220e, 0x220e, 0x220e, 0x220e, 0x220e, 0x220e, 0x220e, 0x220e, 0x220e, 
	0x220e, 0x220e, 0x220e, 0x220e, 0x220e, 0x220e, 0x220e, 0x220e, 0x220e, 0x220e, 0x220e, 0x220e, 0x220e, 0x220e, 0x220e, 0x220e, 
	0x220e, 0x220e, 0x220e, 0x220e, 0x220e, 0x220e, 0x220e, 0x220e, 0x220e, 0x220e, 0x220e, 0x220e, 0x220e, 0x220e, 0x220e, 0x220e, 
	0x1a0e, 0x226f, 0x4437, 0x4c57, 0x5498, 0x54b8, 0x5498, 0x5498, 0x54b8, 0x5cd9, 0x5cd8, 0x5cd9, 0x5cd8, 0x5cd9, 0x5cd8, 0x5cd9, 
	0x5cd8, 0x5cd9, 0x54b9, 0x4478, 0x4478, 0x4478, 0x4479, 0x4479, 0x4479, 0x4478, 0x4479, 0x4478, 0x4479, 0x4478, 0x4479, 0x4478, 
	0x4479, 0x4478, 0x4479, 0x4478, 0x4479, 0x4478, 0x4478, 0x4479, 0x5499, 0x5499, 0x4479, 0x4478, 0x4478, 0x4478, 0x957c, 0xb65f, 
	0xbe1e, 0xbe1e, 0xb5fe, 0xb5fe, 0xb5fe, 0xb5fe, 0xb5fe, 0xb5fe, 0xb5fe, 0xb5fe, 0xb5fe, 0xb5fe, 0xb5fe, 0xb5fe, 0xb5fe, 0xb5fe, 
	0xb5fe, 0xb5fe, 0xb5fe, 0xb5fe, 0xb5fe, 0xb5fe, 0xb5fe, 0xb5fe, 0xb5fe, 0xb5fe, 0xb5fe, 0xb5fe, 0xb5fe, 0xb5fe, 0xb5fe, 0xb61e, 
	0xb5fe, 0xb61e, 0xb5fe, 0xb61e, 0xb5fe, 0xb61e, 0xb5fe, 0xb61e, 0xb5fe, 0xb61e, 0xb61e, 0xb61e, 0xb5fe, 0xb5fe, 0xb5fe, 0xb5fe, 
	0xb61e, 0xb5fe, 0xb61e, 0xb5fe, 0xb61e, 0xb5fe, 0xb61e, 0xb5fe, 0xb61e, 0xb5fe, 0xb61e, 0xb5fe, 0xb61e, 0xb5fe, 0xb61e, 0xb5fe, 
	0xb5fe, 0xb61e, 0xb61e, 0xb61e, 0xb5fe, 0xb61e, 0xb5fe, 0xb61e, 0xb5fe, 0xb61e, 0xb5fe, 0xb61e, 0xb5fe, 0xb61e, 0xb5fe, 0xb61e, 
	0xb5fe, 0xb5fe, 0xb61e, 0xb61e, 0xb61e, 0xbe1f, 0xb63f, 0x42d1, 0x1a0d, 0x1a2e, 0x220e, 0x220e, 0x220e, 0x220e, 0x220e, 0x220e, 
	0x220e, 0x220e, 0x220e, 0x220e, 0x220e, 0x220e, 0x220e, 0x220e, 0x220e, 0x220e, 0x220e, 0x220e, 0x220e, 0x220e, 0x220e, 0x220e, 
	0x220e, 0x220e, 0x220e, 0x220e, 0x220e, 0x220e, 0x220e, 0x220e, 0x220e, 0x220e, 0x220e, 0x220e, 0x220e, 0x220e, 0x220e, 0x220e, 
	0x220e, 0x220e, 0x220e, 0x220e, 0x220e, 0x220e, 0x220e, 0x220e, 0x220e, 0x220e, 0x220e, 0x220e, 0x220e, 0x220e, 0x220e, 0x220e, 
	0x220e, 0x220e, 0x220e, 0x220e, 0x220e, 0x220e, 0x220e, 0x220e, 0x220e, 0x220e, 0x220e, 0x220e, 0x220e, 0x220e, 0x220e, 0x220e, 
	0x220e, 0x220e, 0x220e, 0x220e, 0x220e, 0x220e, 0x220e, 0x220e, 0x220e, 0x220e, 0x220e, 0x220e, 0x220e, 0x220e, 0x220e, 0x220e, 
	0x220e, 0x220e, 0x220e, 0x220e, 0x220e, 0x220e, 0x220e, 0x220e, 0x220e, 0x220e, 0x220e, 0x220e, 0x220e, 0x220e, 0x220e, 0x220e, 
	0x1a0e, 0x224f, 0x43f6, 0x4416, 0x4c57, 0x4c57, 0x4c98, 0x5498, 0x54b8, 0x5cb8, 0x54b8, 0x5cb8, 0x54b8, 0x5cb8, 0x5cb8, 0x5cd8, 
	0x5cb8, 0x5cd8, 0x54b9, 0x4c78, 0x4479, 0x4478, 0x4478, 0x4478, 0x4478, 0x4478, 0x4478, 0x4478, 0x4478, 0x4478, 0x4478, 0x4478, 
	0x4478, 0x4478, 0x4478, 0x4478, 0x4478, 0x4478, 0x4478, 0x4479, 0x4c99, 0x4c99, 0x4478, 0x4478, 0x4478, 0x4478, 0x8d5b, 0xa5fe, 
	0xaddd, 0xaddd, 0xa5bd, 0xa5dd, 0xa5bd, 0xa5dd, 0xa5bd, 0xa5dd, 0xa5dd, 0xa5dd, 0xa5dd, 0xa5dd, 0xa5dd, 0xa5bd, 0xa5dd, 0xa5bd, 
	0xa5dd, 0xa5dd, 0xa5dd, 0xa5bd, 0xa5dd, 0xa5bd, 0xa5bd, 0xa5bd, 0xa5dd, 0xa5bd, 0xa59d, 0xa59c, 0xa59d, 0xa59d, 0xa59c, 0xa59c, 
	0x9d7c, 0x9d7c, 0xa57c, 0xa57c, 0x9d7c, 0x9d7c, 0x9d7c, 0x9d7c, 0x9d7c, 0x9d7c, 0x9d7c, 0x9d7c, 0x9d7c, 0x9d7c, 0xa57c, 0xa57c, 
	0x9d7c, 0x9d7c, 0xa57c, 0x9d7c, 0x9d7c, 0x9d7c, 0x9d7c, 0x9d7c, 0xa57c, 0x9d7c, 0x9d7c, 0x9d7c, 0x9d7c, 0x9d7c, 0xa57c, 0x9d7c, 
	0x9d7c, 0x9d7c, 0x9d7c, 0x9d7c, 0x9d7c, 0x9d7c, 0x9d7c, 0x9d7c, 0x9d7c, 0x9d7c, 0x9d7c, 0x9d7c, 0x9d7c, 0x9d7c, 0x9d7c, 0x9d7c, 
	0x9d7c, 0x9d7c, 0x9d7c, 0x9d7c, 0xa57c, 0xa57c, 0x9d9c, 0x42b1, 0x19ed, 0x220e, 0x220e, 0x220e, 0x220e, 0x220e, 0x220e, 0x220e, 
	0x220e, 0x220e, 0x220e, 0x220e, 0x220e, 0x220e, 0x220e, 0x220e, 0x220e, 0x220e, 0x220e, 0x220e, 0x220e, 0x220e, 0x220e, 0x220e, 
	0x220e, 0x220e, 0x220e, 0x220e, 0x220e, 0x220e, 0x220e, 0x220e, 0x220e, 0x220e, 0x220e, 0x220e, 0x220e, 0x220e, 0x220e, 0x220e, 
	0x220e, 0x220e, 0x220e, 0x220e, 0x220e, 0x220e, 0x220e, 0x220e, 0x220e, 0x220e, 0x220e, 0x220e, 0x220e, 0x220e, 0x220e, 0x220e, 
	0x220e, 0x220e, 0x220e, 0x220e, 0x220e, 0x220e, 0x220e, 0x220e, 0x220e, 0x220e, 0x220e, 0x220e, 0x220e, 0x220e, 0x220e, 0x220e, 
	0x220e, 0x220e, 0x220e, 0x220e, 0x220e, 0x220e, 0x220e, 0x220e, 0x220e, 0x220e, 0x220e, 0x220e, 0x220e, 0x220e, 0x220e, 0x220e, 
	0x220e, 0x220e, 0x220e, 0x220e, 0x220e, 0x220e, 0x220e, 0x220e, 0x220e, 0x220e, 0x220e, 0x220e, 0x220e, 0x220e, 0x220e, 0x220e, 
	0x220e, 0x220e, 0x222e, 0x224e, 0x2af2, 0x3312, 0x4c57, 0x5498, 0x5498, 0x5498, 0x5498, 0x5498, 0x5498, 0x5498, 0x5498, 0x5cd9, 
	0x5cd8, 0x5cd8, 0x5cb8, 0x5cd8, 0x54b9, 0x4478, 0x4478, 0x4478, 0x4478, 0x4478, 0x4478, 0x4478, 0x4478, 0x4478, 0x4478, 0x4478, 
	0x4478, 0x4478, 0x4478, 0x4478, 0x4478, 0x4478, 0x4478, 0x4478, 0x4479, 0x4478, 0x4478, 0x4478, 0x54b8, 0x54d9, 0x5cd9, 0x5cd9, 
	0x5cd9, 0x5cd9, 0x5cd9, 0x5cd9, 0x5cd9, 0x5cd9, 0x5cd9, 0x5cd9, 0x5cd9, 0x5cd9, 0x5cd9, 0x5cd9, 0x5cd9, 0x5cd9, 0x5cd9, 0x5cd9, 
	0x5cd9, 0x5cb8, 0x5498, 0x5498, 0x54b8, 0x5498, 0x5498, 0x5498, 0x5cb8, 0x4c57, 0x3312, 0x3312, 0x3312, 0x3312, 0x3312, 0x3312, 
	0x2a6f, 0x224e, 0x222e, 0x222e, 0x222e, 0x222e, 0x222e, 0x222e, 0x222e, 0x222e, 0x222e, 0x222e, 0x222e, 0x222e, 0x222e, 0x222e, 
	0x222e, 0x222e, 0x222e, 0x222e, 0x222e, 0x222e, 0x222e, 0x222e, 0x222e, 0x222e, 0x222e, 0x222e, 0x222e, 0x222e, 0x222e, 0x222e, 
	0x222e, 0x222e, 0x222e, 0x222e, 0x222e, 0x222e, 0x222e, 0x222e, 0x222e, 0x222e, 0x222e, 0x222e, 0x222e, 0x222e, 0x222e, 0x222e, 
	0x222e, 0x222e, 0x222e, 0x222e, 0x222e, 0x222e, 0x222e, 0x222e, 0x220e, 0x220e, 0x220e, 0x220e, 0x220e, 0x220e, 0x220e, 0x220e, 
	0x220e, 0x220e, 0x220e, 0x220e, 0x220e, 0x220e, 0x220e, 0x220e, 0x220e, 0x220e, 0x220e, 0x220e, 0x220e, 0x220e, 0x220e, 0x220e, 
	0x220e, 0x220e, 0x220e, 0x220e, 0x220e, 0x220e, 0x220e, 0x220e, 0x220e, 0x220e, 0x220e, 0x220e, 0x220e, 0x220e, 0x220e, 0x220e, 
	0x220e, 0x220e, 0x220e, 0x220e, 0x220e, 0x220e, 0x220e, 0x220e, 0x220e, 0x220e, 0x220e, 0x220e, 0x220e, 0x220e, 0x220e, 0x220e, 
	0x220e, 0x220e, 0x220e, 0x220e, 0x220e, 0x220e, 0x220e, 0x220e, 0x220e, 0x220e, 0x220e, 0x220e, 0x220e, 0x220e, 0x220e, 0x220e, 
	0x220e, 0x220e, 0x220e, 0x220e, 0x220e, 0x220e, 0x220e, 0x220e, 0x220e, 0x220e, 0x220e, 0x220e, 0x220e, 0x220e, 0x220e, 0x220e, 
	0x220e, 0x220e, 0x220e, 0x220e, 0x220e, 0x220e, 0x220e, 0x220e, 0x220e, 0x220e, 0x220e, 0x220e, 0x220e, 0x220e, 0x220e, 0x220e, 
	0x220e, 0x220e, 0x220e, 0x222e, 0x2ad1, 0x2af1, 0x4c36, 0x5477, 0x4c78, 0x4c78, 0x4c78, 0x4c78, 0x4c98, 0x5498, 0x5498, 0x5cd9, 
	0x5cd8, 0x5cd8, 0x5cb8, 0x5cd8, 0x54d9, 0x4c78, 0x4479, 0x4479, 0x4478, 0x4478, 0x4498, 0x4498, 0x4498, 0x4498, 0x4499, 0x4479, 
	0x4499, 0x4479, 0x4498, 0x4498, 0x4478, 0x4478, 0x4478, 0x4498, 0x4499, 0x4479, 0x4478, 0x4478, 0x54b8, 0x5cd9, 0x5cd8, 0x5cd8, 
	0x5cd8, 0x5cd8, 0x5cb8, 0x5cd8, 0x5cb8, 0x5cd8, 0x5cd8, 0x5cd8, 0x5cd8, 0x5cd8, 0x5cd8, 0x5cb8, 0x5cd8, 0x5cb8, 0x5cd8, 0x5cb8, 
	0x54d9, 0x54b8, 0x5498, 0x4c78, 0x4c78, 0x4c78, 0x4c78, 0x4c78, 0x5478, 0x4436, 0x2af2, 0x2af1, 0x2af1, 0x2af1, 0x2af1, 0x2af1, 
	0x224e, 0x1a0e, 0x220e, 0x220e, 0x220e, 0x220e, 0x220e, 0x220e, 0x220e, 0x220e, 0x220e, 0x220e, 0x220e, 0x220e, 0x220e, 0x220e, 
	0x220e, 0x220e, 0x220e, 0x220e, 0x220e, 0x220e, 0x220e, 0x220e, 0x220e, 0x220e, 0x220e, 0x220e, 0x220e, 0x220e, 0x220e, 0x220e, 
	0x220e, 0x220e, 0x220e, 0x220e, 0x220e, 0x220e, 0x220e, 0x220e, 0x220e, 0x220e, 0x220e, 0x220e, 0x220e, 0x220e, 0x220e, 0x220e, 
	0x220e, 0x220e, 0x220e, 0x220e, 0x220e, 0x220e, 0x220e, 0x220e, 0x220e, 0x220e, 0x220e, 0x220e, 0x220e, 0x220e, 0x220e, 0x220e, 
	0x220e, 0x220e, 0x220e, 0x220e, 0x220e, 0x220e, 0x220e, 0x220e, 0x220e, 0x220e, 0x220e, 0x220e, 0x220e, 0x220e, 0x220e, 0x220e, 
	0x220e, 0x220e, 0x220e, 0x220e, 0x220e, 0x220e, 0x220e, 0x220e, 0x220e, 0x220e, 0x220e, 0x220e, 0x220e, 0x220e, 0x220e, 0x220e, 
	0x220e, 0x220e, 0x220e, 0x220e, 0x220e, 0x220e, 0x220e, 0x220e, 0x220e, 0x220e, 0x220e, 0x220e, 0x220e, 0x220e, 0x220e, 0x220e, 
	0x220e, 0x220e, 0x220e, 0x220e, 0x220e, 0x220e, 0x220e, 0x220e, 0x220e, 0x220e, 0x220e, 0x220e, 0x220e, 0x220e, 0x220e, 0x220e, 
	0x220e, 0x220e, 0x220e, 0x220e, 0x220e, 0x220e, 0x220e, 0x220e, 0x220e, 0x220e, 0x220e, 0x220e, 0x220e, 0x220e, 0x220e, 0x220e, 
	0x220e, 0x220e, 0x220e, 0x220e, 0x220e, 0x220e, 0x220e, 0x220e, 0x220e, 0x220e, 0x220e, 0x220e, 0x220e, 0x220e, 0x220e, 0x220e, 
	0x220e, 0x220e, 0x220e, 0x220e, 0x222e, 0x222e, 0x224f, 0x226f, 0x2af2, 0x3332, 0x3332, 0x3312, 0x43f5, 0x5498, 0x5498, 0x5498, 
	0x5498, 0x5498, 0x5498, 0x5498, 0x5498, 0x54b8, 0x54d9, 0x54b8, 0x54b8, 0x54b8, 0x54d9, 0x54b8, 0x54d9, 0x54b8, 0x54d9, 0x54b8, 
	0x54d9, 0x54b8, 0x54d9, 0x54b8, 0x54b8, 0x54b8, 0x54b8, 0x54d9, 0x54d9, 0x54b8, 0x54b8, 0x54b8, 0x5cb8, 0x5cd9, 0x5cd8, 0x5cd9, 
	0x5cd9, 0x5cd9, 0x5cd8, 0x5cd9, 0x5cd8, 0x5cd9, 0x5cd8, 0x5cd9, 0x5cd8, 0x5cd9, 0x5cb9, 0x5498, 0x5498, 0x5498, 0x5498, 0x5498, 
	0x5498, 0x5498, 0x5498, 0x3bd5, 0x2b12, 0x3332, 0x3332, 0x3332, 0x3332, 0x3332, 0x32f2, 0x2af1, 0x224e, 0x222e, 0x222e, 0x222e, 
	0x220e, 0x220e, 0x220e, 0x220e, 0x220e, 0x220e, 0x220e, 0x220e, 0x220e, 0x220e, 0x220e, 0x220e, 0x220e, 0x220e, 0x220e, 0x220e, 
	0x220e, 0x220e, 0x220e, 0x220e, 0x220e, 0x220e, 0x220e, 0x220e, 0x220e, 0x220e, 0x220e, 0x220e, 0x220e, 0x220e, 0x220e, 0x220e, 
	0x220e, 0x220e, 0x220e, 0x220e, 0x220e, 0x220e, 0x220e, 0x220e, 0x220e, 0x220e, 0x220e, 0x220e, 0x220e, 0x220e, 0x220e, 0x220e, 
	0x220e, 0x220e, 0x220e, 0x220e, 0x220e, 0x220e, 0x220e, 0x220e, 0x220e, 0x220e, 0x220e, 0x220e, 0x220e, 0x220e, 0x220e, 0x220e, 
	0x220e, 0x220e, 0x220e, 0x220e, 0x220e, 0x220e, 0x220e, 0x220e, 0x220e, 0x220e, 0x220e, 0x220e, 0x220e, 0x220e, 0x220e, 0x220e, 
	0x220e, 0x220e, 0x220e, 0x220e, 0x220e, 0x220e, 0x220e, 0x220e, 0x220e, 0x220e, 0x220e, 0x220e, 0x220e, 0x220e, 0x220e, 0x220e, 
	0x220e, 0x220e, 0x220e, 0x220e, 0x220e, 0x220e, 0x220e, 0x220e, 0x220e, 0x220e, 0x220e, 0x220e, 0x220e, 0x220e, 0x220e, 0x220e, 
	0x220e, 0x220e, 0x220e, 0x220e, 0x220e, 0x220e, 0x220e, 0x220e, 0x220e, 0x220e, 0x220e, 0x220e, 0x220e, 0x220e, 0x220e, 0x220e, 
	0x220e, 0x220e, 0x220e, 0x220e, 0x220e, 0x220e, 0x220e, 0x220e, 0x220e, 0x220e, 0x220e, 0x220e, 0x220e, 0x220e, 0x220e, 0x220e, 
	0x220e, 0x220e, 0x220e, 0x220e, 0x220e, 0x220e, 0x220e, 0x220e, 0x220e, 0x220e, 0x220e, 0x220e, 0x220e, 0x220e, 0x220e, 0x220e, 
	0x220e, 0x220e, 0x220e, 0x220e, 0x220e, 0x220e, 0x220e, 0x1a0e, 0x2ab0, 0x32f1, 0x2af2, 0x2af1, 0x3bd5, 0x5498, 0x5498, 0x5498, 
	0x5498, 0x5498, 0x5498, 0x5498, 0x5498, 0x5cb9, 0x5cd9, 0x5cd9, 0x5cd9, 0x5cd8, 0x5cd9, 0x5cd8, 0x5cd9, 0x5cd8, 0x5cd9, 0x5cd8, 
	0x5cd9, 0x5cd8, 0x5cd9, 0x5cd8, 0x5cd9, 0x5cd8, 0x5cd8, 0x5cd9, 0x5cd9, 0x5cd9, 0x5cd8, 0x5cd9, 0x5cb8, 0x5cd9, 0x5cd8, 0x5cd9, 
	0x5cd9, 0x5cd9, 0x5cb8, 0x5cd9, 0x5cd8, 0x5cd9, 0x5cd8, 0x5cd8, 0x5cd8, 0x5cd9, 0x5cb9, 0x5498, 0x5498, 0x5498, 0x5498, 0x5498, 
	0x5498, 0x5498, 0x5498, 0x3bd5, 0x2af1, 0x2af2, 0x2af2, 0x2af2, 0x2af2, 0x2af2, 0x32f2, 0x2ad1, 0x222e, 0x220e, 0x220e, 0x220e, 
	0x220e, 0x220e, 0x220e, 0x220e, 0x220e, 0x220e, 0x220e, 0x220e, 0x220e, 0x220e, 0x220e, 0x220e, 0x220e, 0x220e, 0x220e, 0x220e, 
	0x220e, 0x220e, 0x220e, 0x220e, 0x220e, 0x220e, 0x220e, 0x220e, 0x220e, 0x220e, 0x220e, 0x220e, 0x220e, 0x220e, 0x220e, 0x220e, 
	0x220e, 0x220e, 0x220e, 0x220e, 0x220e, 0x220e, 0x220e, 0x220e, 0x220e, 0x220e, 0x220e, 0x220e, 0x220e, 0x220e, 0x220e, 0x220e, 
	0x220e, 0x220e, 0x220e, 0x220e, 0x220e, 0x220e, 0x220e, 0x220e, 0x220e, 0x220e, 0x220e, 0x220e, 0x220e, 0x220e, 0x220e, 0x220e, 
	0x220e, 0x220e, 0x220e, 0x220e, 0x220e, 0x220e, 0x220e, 0x220e, 0x220e, 0x220e, 0x220e, 0x220e, 0x220e, 0x220e, 0x220e, 0x220e, 
	0x220e, 0x220e, 0x220e, 0x220e, 0x220e, 0x220e, 0x220e, 0x220e, 0x220e, 0x220e, 0x220e, 0x220e, 0x220e, 0x220e, 0x220e, 0x220e, 
	0x220e, 0x220e, 0x220e, 0x220e, 0x220e, 0x220e, 0x220e, 0x220e, 0x220e, 0x220e, 0x220e, 0x220e, 0x220e, 0x220e, 0x220e, 0x220e, 
	0x220e, 0x220e, 0x220e, 0x220e, 0x220e, 0x220e, 0x220e, 0x220e, 0x220e, 0x220e, 0x220e, 0x220e, 0x220e, 0x220e, 0x220e, 0x220e, 
	0x220e, 0x220e, 0x220e, 0x220e, 0x220e, 0x220e, 0x220e, 0x220e, 0x220e, 0x220e, 0x220e, 0x220e, 0x220e, 0x220e, 0x220e, 0x220e, 
	0x220e, 0x220e, 0x220e, 0x220e, 0x220e, 0x220e, 0x220e, 0x220e, 0x220e, 0x220e, 0x220e, 0x220e, 0x220e, 0x220e, 0x220e, 0x220e, 
	0x220e, 0x220e, 0x220e, 0x220e, 0x220e, 0x220e, 0x220e, 0x220e, 0x222e, 0x224e, 0x224e, 0x224e, 0x226f, 0x2a8f, 0x2ad1, 0x3b53, 
	0x3353, 0x3333, 0x3394, 0x5478, 0x5498, 0x5498, 0x5498, 0x5498, 0x5498, 0x5498, 0x5498, 0x5498, 0x5498, 0x54b8, 0x5cd9, 0x5cd8, 
	0x5cd8, 0x5cb8, 0x5cd8, 0x5cb8, 0x5cd8, 0x5cb8, 0x5cd8, 0x5cd8, 0x5cd8, 0x5cd8, 0x5cd8, 0x5cd8, 0x5cb8, 0x5cd8, 0x5cb8, 0x5cd8, 
	0x5cd8, 0x5cd8, 0x5cb8, 0x5cd9, 0x54b8, 0x5498, 0x5498, 0x5498, 0x5498, 0x5498, 0x5498, 0x5498, 0x5478, 0x3394, 0x3333, 0x3353, 
	0x3353, 0x3353, 0x3353, 0x3312, 0x32f1, 0x2ab0, 0x222e, 0x224e, 0x224e, 0x224e, 0x224e, 0x224e, 0x220e, 0x220e, 0x220e, 0x220e, 
	0x220e, 0x220e, 0x220e, 0x220e, 0x220e, 0x220e, 0x220e, 0x220e, 0x220e, 0x220e, 0x220e, 0x220e, 0x220e, 0x220e, 0x220e, 0x220e, 
	0x220e, 0x220e, 0x220e, 0x220e, 0x220e, 0x220e, 0x220e, 0x220e, 0x220e, 0x220e, 0x220e, 0x220e, 0x220e, 0x220e, 0x220e, 0x220e, 
	0x220e, 0x220e, 0x220e, 0x220e, 0x220e, 0x220e, 0x220e, 0x220e, 0x220e, 0x220e, 0x220e, 0x220e, 0x220e, 0x220e, 0x220e, 0x220e, 
	0x220e, 0x220e, 0x220e, 0x220e, 0x220e, 0x220e, 0x220e, 0x220e, 0x220e, 0x220e, 0x220e, 0x220e, 0x220e, 0x220e, 0x220e, 0x220e, 
	0x220e, 0x220e, 0x220e, 0x220e, 0x220e, 0x220e, 0x220e, 0x220e, 0x220e, 0x220e, 0x220e, 0x220e, 0x220e, 0x220e, 0x220e, 0x220e, 
	0x220e, 0x220e, 0x220e, 0x220e, 0x220e, 0x220e, 0x220e, 0x220e, 0x220e, 0x220e, 0x220e, 0x220e, 0x220e, 0x220e, 0x220e, 0x220e, 
	0x220e, 0x220e, 0x220e, 0x220e, 0x220e, 0x220e, 0x220e, 0x220e, 0x220e, 0x220e, 0x220e, 0x220e, 0x220e, 0x220e, 0x220e, 0x220e, 
	0x220e, 0x220e, 0x220e, 0x220e, 0x220e, 0x220e, 0x220e, 0x220e, 0x220e, 0x220e, 0x220e, 0x220e, 0x220e, 0x220e, 0x220e, 0x220e, 
	0x220e, 0x220e, 0x220e, 0x220e, 0x220e, 0x220e, 0x220e, 0x220e, 0x220e, 0x220e, 0x220e, 0x220e, 0x220e, 0x220e, 0x220e, 0x220e, 
	0x220e, 0x220e, 0x220e, 0x220e, 0x220e, 0x220e, 0x220e, 0x220e, 0x220e, 0x220e, 0x220e, 0x220e, 0x220e, 0x220e, 0x220e, 0x220e, 
	0x220e, 0x220e, 0x220e, 0x220e, 0x220e, 0x220e, 0x220e, 0x220e, 0x220e, 0x220e, 0x220e, 0x220e, 0x220e, 0x19ed, 0x226f, 0x32f2, 
	0x2af2, 0x2af1, 0x3353, 0x5c98, 0x54b8, 0x54b8, 0x5498, 0x5498, 0x5498, 0x5498, 0x5498, 0x5498, 0x5498, 0x54b8, 0x5cd9, 0x5cd8, 
	0x5cd9, 0x5cd8, 0x5cd9, 0x5cd8, 0x5cd9, 0x5cd8, 0x5cd9, 0x5cd9, 0x5cd9, 0x5cd9, 0x5cd9, 0x5cd9, 0x5cd8, 0x5cd9, 0x5cd8, 0x5cd9, 
	0x5cd9, 0x5cd9, 0x5cd8, 0x5cd9, 0x54b8, 0x5498, 0x5498, 0x5498, 0x5498, 0x5498, 0x54b8, 0x54b8, 0x5c98, 0x3353, 0x2ad1, 0x2af2, 
	0x2af2, 0x2af2, 0x2af2, 0x2af2, 0x3312, 0x22b0, 0x1a0e, 0x220e, 0x220e, 0x220e, 0x220e, 0x220e, 0x220e, 0x220e, 0x220e, 0x220e, 
	0x220e, 0x220e, 0x220e, 0x220e, 0x220e, 0x220e, 0x220e, 0x220e, 0x220e, 0x220e, 0x220e, 0x220e, 0x220e, 0x220e, 0x220e, 0x220e, 
	0x220e, 0x220e, 0x220e, 0x220e, 0x220e, 0x220e, 0x220e, 0x220e, 0x220e, 0x220e, 0x220e, 0x220e, 0x220e, 0x220e, 0x220e, 0x220e, 
	0x220e, 0x220e, 0x220e, 0x220e, 0x220e, 0x220e, 0x220e, 0x220e, 0x220e, 0x220e, 0x220e, 0x220e, 0x220e, 0x220e, 0x220e, 0x220e, 
	0x220e, 0x220e, 0x220e, 0x220e, 0x220e, 0x220e, 0x220e, 0x220e, 0x220e, 0x220e, 0x220e, 0x220e, 0x220e, 0x220e, 0x220e, 0x220e, 
	0x220e, 0x220e, 0x220e, 0x220e, 0x220e, 0x220e, 0x220e, 0x220e, 0x220e, 0x220e, 0x220e, 0x220e, 0x220e, 0x220e, 0x220e, 0x220e, 
	0x220e, 0x220e, 0x220e, 0x220e, 0x220e, 0x220e, 0x220e, 0x220e, 0x220e, 0x220e, 0x220e, 0x220e, 0x220e, 0x220e, 0x220e, 0x220e, 
	0x220e, 0x220e, 0x220e, 0x220e, 0x220e, 0x220e, 0x220e, 0x220e, 0x220e, 0x220e, 0x220e, 0x220e, 0x220e, 0x220e, 0x220e, 0x220e, 
	0x220e, 0x220e, 0x220e, 0x220e, 0x220e, 0x220e, 0x220e, 0x220e, 0x220e, 0x220e, 0x220e, 0x220e, 0x220e, 0x220e, 0x220e, 0x220e, 
	0x220e, 0x220e, 0x220e, 0x220e, 0x220e, 0x220e, 0x220e, 0x220e, 0x220e, 0x220e, 0x220e, 0x220e, 0x220e, 0x220e, 0x220e, 0x220e, 
	0x220e, 0x220e, 0x220e, 0x220e, 0x220e, 0x220e, 0x220e, 0x220e, 0x220e, 0x220e, 0x220e, 0x220e, 0x220e, 0x220e, 0x220e, 0x220e, 
	0x220e, 0x220e, 0x220e, 0x220e, 0x220e, 0x220e, 0x220e, 0x220e, 0x220e, 0x220e, 0x220e, 0x220e, 0x220e, 0x220e, 0x222e, 0x224f, 
	0x226f, 0x224f, 0x226f, 0x32d0, 0x2af1, 0x3b53, 0x3b74, 0x3b74, 0x3b74, 0x3b73, 0x3373, 0x4c36, 0x5498, 0x5498, 0x54b8, 0x5498, 
	0x5498, 0x5498, 0x5498, 0x5498, 0x5498, 0x5498, 0x5498, 0x5498, 0x5498, 0x5498, 0x5498, 0x5498, 0x5498, 0x5498, 0x5498, 0x5498, 
	0x5498, 0x5498, 0x5498, 0x5498, 0x5498, 0x5498, 0x4c57, 0x3374, 0x3b73, 0x3b74, 0x3b74, 0x3b74, 0x3b74, 0x2b12, 0x32f1, 0x2290, 
	0x224f, 0x226f, 0x226f, 0x224f, 0x226f, 0x224e, 0x220e, 0x220e, 0x220e, 0x220e, 0x220e, 0x220e, 0x220e, 0x220e, 0x220e, 0x220e, 
	0x220e, 0x220e, 0x220e, 0x220e, 0x220e, 0x220e, 0x220e, 0x220e, 0x220e, 0x220e, 0x220e, 0x220e, 0x220e, 0x220e, 0x220e, 0x220e, 
	0x220e, 0x220e, 0x220e, 0x220e, 0x220e, 0x220e, 0x220e, 0x220e, 0x220e, 0x220e, 0x220e, 0x220e, 0x220e, 0x220e, 0x220e, 0x220e, 
	0x220e, 0x220e, 0x220e, 0x220e, 0x220e, 0x220e, 0x220e, 0x220e, 0x220e, 0x220e, 0x220e, 0x220e, 0x220e, 0x220e, 0x220e, 0x220e, 
	0x220e, 0x220e, 0x220e, 0x220e, 0x220e, 0x220e, 0x220e, 0x220e, 0x220e, 0x220e, 0x220e, 0x220e, 0x220e, 0x220e, 0x220e, 0x220e, 
	0x220e, 0x220e, 0x220e, 0x220e, 0x220e, 0x220e, 0x220e, 0x220e, 0x220e, 0x220e, 0x220e, 0x220e, 0x220e, 0x220e, 0x220e, 0x220e, 
	0x220e, 0x220e, 0x220e, 0x220e, 0x220e, 0x220e, 0x220e, 0x220e, 0x220e, 0x220e, 0x220e, 0x220e, 0x220e, 0x220e, 0x220e, 0x220e, 
	0x220e, 0x220e, 0x220e, 0x220e, 0x220e, 0x220e, 0x220e, 0x220e, 0x220e, 0x220e, 0x220e, 0x220e, 0x220e, 0x220e, 0x220e, 0x220e, 
	0x220e, 0x220e, 0x220e, 0x220e, 0x220e, 0x220e, 0x220e, 0x220e, 0x220e, 0x220e, 0x220e, 0x220e, 0x220e, 0x220e, 0x220e, 0x220e, 
	0x220e, 0x220e, 0x220e, 0x220e, 0x220e, 0x220e, 0x220e, 0x220e, 0x220e, 0x220e, 0x220e, 0x220e, 0x220e, 0x220e, 0x220e, 0x220e, 
	0x220e, 0x220e, 0x220e, 0x220e, 0x220e, 0x220e, 0x220e, 0x220e, 0x220e, 0x220e, 0x220e, 0x220e, 0x220e, 0x220e, 0x220e, 0x220e, 
	0x220e, 0x220e, 0x220e, 0x220e, 0x220e, 0x220e, 0x220e, 0x220e, 0x220e, 0x220e, 0x220e, 0x220e, 0x220e, 0x220e, 0x220e, 0x220e, 
	0x220e, 0x220e, 0x220e, 0x19ed, 0x1a2e, 0x32d1, 0x2af2, 0x2af2, 0x2af2, 0x2af2, 0x2af2, 0x4c16, 0x54d9, 0x54b8, 0x54b8, 0x54b8, 
	0x54b8, 0x5498, 0x54b8, 0x5498, 0x54b8, 0x5498, 0x5498, 0x54b8, 0x54b8, 0x54b8, 0x54b8, 0x54b8, 0x5498, 0x54b8, 0x5498, 0x54b8, 
	0x54b8, 0x54b8, 0x5498, 0x54b8, 0x54b8, 0x54b9, 0x4c37, 0x2af2, 0x2af1, 0x2af2, 0x2af2, 0x2af2, 0x2af2, 0x2b12, 0x32f2, 0x224f, 
	0x220e, 0x220e, 0x220e, 0x220e, 0x220e, 0x220e, 0x220e, 0x220e, 0x220e, 0x220e, 0x220e, 0x220e, 0x220e, 0x220e, 0x220e, 0x220e, 
	0x220e, 0x220e, 0x220e, 0x220e, 0x220e, 0x220e, 0x220e, 0x220e, 0x220e, 0x220e, 0x220e, 0x220e, 0x220e, 0x220e, 0x220e, 0x220e, 
	0x220e, 0x220e, 0x220e, 0x220e, 0x220e, 0x220e, 0x220e, 0x220e, 0x220e, 0x220e, 0x220e, 0x220e, 0x220e, 0x220e, 0x220e, 0x220e, 
	0x220e, 0x220e, 0x220e, 0x220e, 0x220e, 0x220e, 0x220e, 0x220e, 0x220e, 0x220e, 0x220e, 0x220e, 0x220e, 0x220e, 0x220e, 0x220e, 
	0x220e, 0x220e, 0x220e, 0x220e, 0x220e, 0x220e, 0x220e, 0x220e, 0x220e, 0x220e, 0x220e, 0x220e, 0x220e, 0x220e, 0x220e, 0x220e, 
	0x220e, 0x220e, 0x220e, 0x220e, 0x220e, 0x220e, 0x220e, 0x220e, 0x220e, 0x220e, 0x220e, 0x220e, 0x220e, 0x220e, 0x220e, 0x220e, 
	0x220e, 0x220e, 0x220e, 0x220e, 0x220e, 0x220e, 0x220e, 0x220e, 0x220e, 0x220e, 0x220e, 0x220e, 0x220e, 0x220e, 0x220e, 0x220e, 
	0x220e, 0x220e, 0x220e, 0x220e, 0x220e, 0x220e, 0x220e, 0x220e, 0x220e, 0x220e, 0x220e, 0x220e, 0x220e, 0x220e, 0x220e, 0x220e, 
	0x220e, 0x220e, 0x220e, 0x220e, 0x220e, 0x220e, 0x220e, 0x220e, 0x220e, 0x220e, 0x220e, 0x220e, 0x220e, 0x220e, 0x220e, 0x220e, 
	0x220e, 0x220e, 0x220e, 0x220e, 0x220e, 0x220e, 0x220e, 0x220e, 0x220e, 0x220e, 0x220e, 0x220e, 0x220e, 0x220e, 0x220e, 0x220e, 
	0x220e, 0x220e, 0x220e, 0x220e, 0x220e, 0x220e, 0x220e, 0x220e, 0x220e, 0x220e, 0x220e, 0x220e, 0x220e, 0x220e, 0x220e, 0x220e, 
	0x220e, 0x220e, 0x220e, 0x220e, 0x220e, 0x220e, 0x220e, 0x220e, 0x220e, 0x220e, 0x220e, 0x220e, 0x220e, 0x220e, 0x220e, 0x220e, 
	0x220e, 0x220e, 0x220e, 0x220e, 0x222e, 0x2a6f, 0x226f, 0x226f, 0x226f, 0x226f, 0x226f, 0x32f1, 0x3312, 0x3b53, 0x3bb4, 0x3b94, 
	0x3b94, 0x3b94, 0x3b94, 0x3b94, 0x3b94, 0x3b94, 0x3b94, 0x3b94, 0x3b94, 0x3b94, 0x3b94, 0x3b94, 0x3b94, 0x3b94, 0x3b94, 0x3b94, 
	0x3b94, 0x3b94, 0x3b94, 0x3b94, 0x3b94, 0x3b94, 0x3b74, 0x2b12, 0x32f1, 0x2290, 0x226f, 0x226f, 0x226f, 0x226f, 0x226f, 0x222e, 
	0x220e, 0x220e, 0x220e, 0x220e, 0x220e, 0x220e, 0x220e, 0x220e, 0x220e, 0x220e, 0x220e, 0x220e, 0x220e, 0x220e, 0x220e, 0x220e, 
	0x220e, 0x220e, 0x220e, 0x220e, 0x220e, 0x220e, 0x220e, 0x220e, 0x220e, 0x220e, 0x220e, 0x220e, 0x220e, 0x220e, 0x220e, 0x220e, 
	0x220e, 0x220e, 0x220e, 0x220e, 0x220e, 0x220e, 0x220e, 0x220e, 0x220e, 0x220e, 0x220e, 0x220e, 0x220e, 0x220e, 0x220e, 0x220e, 
	0x220e, 0x220e, 0x220e, 0x220e, 0x220e, 0x220e, 0x220e, 0x220e, 0x220e, 0x220e, 0x220e, 0x220e, 0x220e, 0x220e, 0x220e, 0x220e, 
	0x220e, 0x220e, 0x220e, 0x220e, 0x220e, 0x220e, 0x220e, 0x220e, 0x220e, 0x220e, 0x220e, 0x220e, 0x220e, 0x220e, 0x220e, 0x220e, 
	0x220e, 0x220e, 0x220e, 0x220e, 0x220e, 0x220e, 0x220e, 0x220e, 0x220e, 0x220e, 0x220e, 0x220e, 0x220e, 0x220e, 0x220e, 0x220e, 
	0x220e, 0x220e, 0x220e, 0x220e, 0x220e, 0x220e, 0x220e, 0x220e, 0x220e, 0x220e, 0x220e, 0x220e, 0x220e, 0x220e, 0x220e, 0x220e, 
	0x220e, 0x220e, 0x220e, 0x220e, 0x220e, 0x220e, 0x220e, 0x220e, 0x220e, 0x220e, 0x220e, 0x220e, 0x220e, 0x220e, 0x220e, 0x220e, 
	0x220e, 0x220e, 0x220e, 0x220e, 0x220e, 0x220e, 0x220e, 0x220e, 0x220e, 0x220e, 0x220e, 0x220e, 0x220e, 0x220e, 0x220e, 0x220e, 
	0x220e, 0x220e, 0x220e, 0x220e, 0x220e, 0x220e, 0x220e, 0x220e, 0x220e, 0x220e, 0x220e, 0x220e, 0x220e, 0x220e, 0x220e, 0x220e, 
	0x220e, 0x220e, 0x220e, 0x220e, 0x220e, 0x220e, 0x220e, 0x220e, 0x220e, 0x220e, 0x220e, 0x220e, 0x220e, 0x220e, 0x220e, 0x220e, 
	0x220e, 0x220e, 0x220e, 0x220e, 0x220e, 0x220e, 0x220e, 0x220e, 0x220e, 0x220e, 0x220e, 0x220e, 0x220e, 0x220e, 0x220e, 0x220e, 
	0x220e, 0x220e, 0x220e, 0x220e, 0x220e, 0x220e, 0x220e, 0x220e, 0x220e, 0x220e, 0x220e, 0x19ed, 0x19ed, 0x2a8f, 0x2af2, 0x2af2, 
	0x2af2, 0x2af2, 0x2af2, 0x2af2, 0x2af2, 0x2af2, 0x2af2, 0x2af2, 0x2af2, 0x2af2, 0x2af2, 0x2af2, 0x2af2, 0x2af2, 0x2af2, 0x2af2, 
	0x2af2, 0x2af2, 0x2af2, 0x2af2, 0x2af2, 0x2af2, 0x2af2, 0x3312, 0x32d1, 0x1a2e, 0x220e, 0x220e, 0x220e, 0x220e, 0x220e, 0x220e, 
	0x220e, 0x220e, 0x220e, 0x220e, 0x220e, 0x220e, 0x220e, 0x220e, 0x220e, 0x220e, 0x220e, 0x220e, 0x220e, 0x220e, 0x220e, 0x220e, 
	0x220e, 0x220e, 0x220e, 0x220e, 0x220e, 0x220e, 0x220e, 0x220e, 0x220e, 0x220e, 0x220e, 0x220e, 0x220e, 0x220e, 0x220e, 0x220e, 
	0x220e, 0x220e, 0x220e, 0x220e, 0x220e, 0x220e, 0x220e, 0x220e, 0x220e, 0x220e, 0x220e, 0x220e, 0x220e, 0x220e, 0x220e, 0x220e, 
	0x220e, 0x220e, 0x220e, 0x220e, 0x220e, 0x220e, 0x220e, 0x220e, 0x220e, 0x220e, 0x220e, 0x220e, 0x220e, 0x220e, 0x220e, 0x220e, 
	0x220e, 0x220e, 0x220e, 0x220e, 0x220e, 0x220e, 0x220e, 0x220e, 0x220e, 0x220e, 0x220e, 0x220e, 0x220e, 0x220e, 0x220e, 0x220e, 
	0x220e, 0x220e, 0x220e, 0x220e, 0x220e, 0x220e, 0x220e, 0x220e, 0x220e, 0x220e, 0x220e, 0x220e, 0x220e, 0x220e, 0x220e, 0x220e, 
	0x220e, 0x220e, 0x220e, 0x220e, 0x220e, 0x220e, 0x220e, 0x220e, 0x220e, 0x220e, 0x220e, 0x220e, 0x220e, 0x220e, 0x220e, 0x220e, 
	0x220e, 0x220e, 0x220e, 0x220e, 0x220e, 0x220e, 0x220e, 0x220e, 0x220e, 0x220e, 0x220e, 0x220e, 0x220e, 0x220e, 0x220e, 0x220e, 
	0x220e, 0x220e, 0x220e, 0x220e, 0x220e, 0x220e, 0x220e, 0x220e, 0x220e, 0x220e, 0x220e, 0x220e, 0x220e, 0x220e, 0x220e, 0x220e, 
	0x220e, 0x220e, 0x220e, 0x220e, 0x220e, 0x220e, 0x220e, 0x220e, 0x220e, 0x220e, 0x220e, 0x220e, 0x220e, 0x220e, 0x220e, 0x220e, 
	0x220e, 0x220e, 0x220e, 0x220e, 0x220e, 0x220e, 0x220e, 0x220e, 0x220e, 0x220e, 0x220e, 0x220e, 0x220e, 0x220e, 0x220e, 0x220e, 
	0x220e, 0x220e, 0x220e, 0x220e, 0x220e, 0x220e, 0x220e, 0x220e, 0x220e, 0x220e, 0x220e, 0x220e, 0x220e, 0x220e, 0x220e, 0x220e, 
	0x220e, 0x220e, 0x220e, 0x220e, 0x220e, 0x220e, 0x220e, 0x220e, 0x220e, 0x220e, 0x220e, 0x220e, 0x1a0e, 0x224f, 0x2290, 0x2290, 
	0x2a90, 0x2a90, 0x2a90, 0x2a90, 0x2a90, 0x2a90, 0x2a90, 0x2a90, 0x2a90, 0x2a90, 0x2a90, 0x2a90, 0x2a90, 0x2a90, 0x2a90, 0x2a90, 
	0x2a90, 0x2a90, 0x2a90, 0x2a90, 0x2a90, 0x2a90, 0x2290, 0x2290, 0x2a6f, 0x1a2e, 0x220e, 0x220e, 0x220e, 0x220e, 0x220e, 0x220e, 
	0x220e, 0x220e, 0x220e, 0x220e, 0x220e, 0x220e, 0x220e, 0x220e, 0x220e, 0x220e, 0x220e, 0x220e, 0x220e, 0x220e, 0x220e, 0x220e, 
	0x220e, 0x220e, 0x220e, 0x220e, 0x220e, 0x220e, 0x220e, 0x220e, 0x220e, 0x220e, 0x220e, 0x220e, 0x220e, 0x220e, 0x220e, 0x220e, 
	0x220e, 0x220e, 0x220e, 0x220e, 0x220e, 0x220e, 0x220e, 0x220e, 0x220e, 0x220e, 0x220e, 0x220e, 0x220e, 0x220e, 0x220e, 0x220e, 
	0x220e, 0x220e, 0x220e, 0x220e, 0x220e, 0x220e, 0x220e, 0x220e, 0x220e, 0x220e, 0x220e, 0x220e, 0x220e, 0x220e, 0x220e, 0x220e, 
	0x220e, 0x220e, 0x220e, 0x220e, 0x220e, 0x220e, 0x220e, 0x220e, 0x220e, 0x220e, 0x220e, 0x220e, 0x220e, 0x220e, 0x220e, 0x220e, 
	0x220e, 0x220e, 0x220e, 0x220e, 0x220e, 0x220e, 0x220e, 0x220e, 0x220e, 0x220e, 0x220e, 0x220e, 0x220e, 0x220e, 0x220e, 0x220e, 
	0x220e, 0x220e, 0x220e, 0x220e, 0x220e, 0x220e, 0x220e, 0x220e, 0x220e, 0x220e, 0x220e, 0x220e, 0x220e, 0x220e, 0x220e, 0x220e, 
	0x220e, 0x220e, 0x220e, 0x220e, 0x220e, 0x220e, 0x220e, 0x220e, 0x220e, 0x220e, 0x220e, 0x220e, 0x220e, 0x220e, 0x220e, 0x220e, 
	0x220e, 0x220e, 0x220e, 0x220e, 0x220e, 0x220e, 0x220e, 0x220e, 0x220e, 0x220e, 0x220e, 0x220e, 0x220e, 0x220e, 0x220e, 0x220e, 
	0x220e, 0x220e, 0x220e, 0x220e, 0x220e, 0x220e, 0x220e, 0x220e, 0x220e, 0x220e, 0x220e, 0x220e, 0x220e, 0x220e, 0x220e, 0x220e, 
	0x220e, 0x220e, 0x220e, 0x220e, 0x220e, 0x220e, 0x220e, 0x220e, 0x220e, 0x220e, 0x220e, 0x220e, 0x220e, 0x220e, 0x220e, 0x220e, 
	0x220e, 0x220e, 0x220e, 0x220e, 0x220e, 0x220e, 0x220e, 0x220e, 0x220e, 0x220e, 0x220e, 0x220e, 0x220e, 0x220e, 0x220e, 0x220e, 
	0x220e, 0x220e, 0x220e, 0x220e, 0x220e, 0x220e, 0x220e, 0x220e, 0x220e, 0x220e, 0x220e, 0x220e, 0x220e, 0x220e, 0x220e, 0x220e, 
	0x220e, 0x220e, 0x220e, 0x220e, 0x220e, 0x220e, 0x220e, 0x220e, 0x220e, 0x220e, 0x220e, 0x220e, 0x220e, 0x220e, 0x220e, 0x220e, 
	0x220e, 0x220e, 0x220e, 0x220e, 0x220e, 0x220e, 0x220e, 0x220e, 0x220e, 0x220e, 0x220e, 0x220e, 0x220e, 0x220e, 0x220e, 0x220e, 
	0x220e, 0x220e, 0x220e, 0x220e, 0x220e, 0x220e, 0x220e, 0x220e, 0x220e, 0x220e, 0x220e, 0x220e, 0x220e, 0x220e, 0x220e, 0x220e, 
	0x220e, 0x220e, 0x220e, 0x220e, 0x220e, 0x220e, 0x220e, 0x220e, 0x220e, 0x220e, 0x220e, 0x220e, 0x220e, 0x220e, 0x220e, 0x220e, 
	0x220e, 0x220e, 0x220e, 0x220e, 0x220e, 0x220e, 0x220e, 0x220e, 0x220e, 0x220e, 0x220e, 0x220e, 0x220e, 0x220e, 0x220e, 0x220e, 
	0x220e, 0x220e, 0x220e, 0x220e, 0x220e, 0x220e, 0x220e, 0x220e, 0x220e, 0x220e, 0x220e, 0x220e, 0x220e, 0x220e, 0x220e, 0x220e, 
	0x220e, 0x220e, 0x220e, 0x220e, 0x220e, 0x220e, 0x220e, 0x220e, 0x220e, 0x220e, 0x220e, 0x220e, 0x220e, 0x220e, 0x220e, 0x220e, 
	0x220e, 0x220e, 0x220e, 0x220e, 0x220e, 0x220e, 0x220e, 0x220e, 0x220e, 0x220e, 0x220e, 0x220e, 0x220e, 0x220e, 0x220e, 0x220e, 
	0x220e, 0x220e, 0x220e, 0x220e, 0x220e, 0x220e, 0x220e, 0x220e, 0x220e, 0x220e, 0x220e, 0x220e, 0x220e, 0x220e, 0x220e, 0x220e, 
	0x220e, 0x220e, 0x220e, 0x220e, 0x220e, 0x220e, 0x220e, 0x220e, 0x220e, 0x220e, 0x220e, 0x220e, 0x220e, 0x220e, 0x220e, 0x220e, 
	0x220e, 0x220e, 0x220e, 0x220e, 0x220e, 0x220e, 0x220e, 0x220e, 0x220e, 0x220e, 0x220e, 0x220e, 0x220e, 0x220e, 0x220e, 0x220e, 
	0x220e, 0x220e, 0x220e, 0x220e, 0x220e, 0x220e, 0x220e, 0x220e, 0x220e, 0x220e, 0x220e, 0x220e, 0x220e, 0x220e, 0x220e, 0x220e, 
	0x220e, 0x220e, 0x220e, 0x220e, 0x220e, 0x220e, 0x220e, 0x220e, 0x220e, 0x220e, 0x220e, 0x220e, 0x220e, 0x220e, 0x220e, 0x220e, 
	0x220e, 0x220e, 0x220e, 0x220e, 0x220e, 0x220e, 0x220e, 0x220e, 0x220e, 0x220e, 0x220e, 0x220e, 0x220e, 0x220e, 0x220e, 0x220e, 
	0x220e, 0x220e, 0x220e, 0x220e, 0x220e, 0x220e, 0x220e, 0x220e, 0x220e, 0x220e, 0x220e, 0x220e, 0x220e, 0x220e, 0x220e, 0x220e, 
	0x220e, 0x220e, 0x220e, 0x220e, 0x220e, 0x220e, 0x220e, 0x220e, 0x220e, 0x220e, 0x220e, 0x220e, 0x220e, 0x220e, 0x220e, 0x220e, 
	0x220e, 0x220e, 0x220e, 0x220e, 0x220e, 0x220e, 0x220e, 0x220e, 0x220e, 0x220e, 0x220e, 0x220e, 0x220e, 0x220e, 0x220e, 0x220e, 
	0x220e, 0x220e, 0x220e, 0x220e, 0x220e, 0x220e, 0x220e, 0x220e, 0x220e, 0x220e, 0x220e, 0x220e, 0x220e, 0x220e, 0x220e, 0x220e, 
	0x220e, 0x220e, 0x220e, 0x220e, 0x220e, 0x220e, 0x220e, 0x220e, 0x220e, 0x220e, 0x220e, 0x220e, 0x220e, 0x220e, 0x220e, 0x220e, 
	0x220e, 0x220e, 0x220e, 0x220e, 0x220e, 0x220e, 0x220e, 0x220e, 0x220e, 0x220e, 0x220e, 0x220e, 0x220e, 0x220e, 0x220e, 0x220e, 
	0x220e, 0x220e, 0x220e, 0x220e, 0x220e, 0x220e, 0x220e, 0x220e, 0x220e, 0x220e, 0x220e, 0x220e, 0x220e, 0x220e, 0x220e, 0x220e, 
	0x220e, 0x220e, 0x220e, 0x220e, 0x220e, 0x220e, 0x220e, 0x220e, 0x220e, 0x220e, 0x220e, 0x220e, 0x220e, 0x220e, 0x220e, 0x220e, 
	0x220e, 0x220e, 0x220e, 0x220e, 0x220e, 0x220e, 0x220e, 0x220e, 0x220e, 0x220e, 0x220e, 0x220e, 0x220e, 0x220e, 0x220e, 0x220e, 
	0x220e, 0x220e, 0x220e, 0x220e, 0x220e, 0x220e, 0x220e, 0x220e, 0x220e, 0x220e, 0x220e, 0x220e, 0x220e, 0x220e, 0x220e, 0x220e, 
	0x220e, 0x220e, 0x220e, 0x220e, 0x220e, 0x220e, 0x220e, 0x220e, 0x220e, 0x220e, 0x220e, 0x220e, 0x220e, 0x220e, 0x220e, 0x220e, 
	0x220e, 0x220e, 0x220e, 0x220e, 0x220e, 0x220e, 0x220e, 0x220e, 0x220e, 0x220e, 0x220e, 0x220e, 0x220e, 0x220e, 0x220e, 0x220e, 
	0x220e, 0x220e, 0x220e, 0x220e, 0x220e, 0x220e, 0x220e, 0x220e, 0x220e, 0x220e, 0x220e, 0x220e, 0x220e, 0x220e, 0x220e, 0x220e, 
	0x220e, 0x220e, 0x220e, 0x220e, 0x220e, 0x220e, 0x220e, 0x220e, 0x220e, 0x220e, 0x220e, 0x220e, 0x220e, 0x220e, 0x220e, 0x220e, 
	0x220e, 0x220e, 0x220e, 0x220e, 0x220e, 0x220e, 0x220e, 0x220e, 0x220e, 0x220e, 0x220e, 0x220e, 0x220e, 0x220e, 0x220e, 0x220e, 
	0x220e, 0x220e, 0x220e, 0x220e, 0x220e, 0x220e, 0x220e, 0x220e, 0x220e, 0x220e, 0x220e, 0x220e, 0x220e, 0x220e, 0x220e, 0x220e, 
	0x220e, 0x220e, 0x220e, 0x220e, 0x220e, 0x220e, 0x220e, 0x220e, 0x220e, 0x220e, 0x220e, 0x220e, 0x220e, 0x220e, 0x220e, 0x220e, 
	0x220e, 0x220e, 0x220e, 0x220e, 0x220e, 0x220e, 0x220e, 0x220e, 0x220e, 0x220e, 0x220e, 0x220e, 0x220e, 0x220e, 0x220e, 0x220e, 
	0x220e, 0x220e, 0x220e, 0x220e, 0x220e, 0x220e, 0x220e, 0x220e, 0x220e, 0x220e, 0x220e, 0x220e, 0x220e, 0x220e, 0x220e, 0x220e, 
	0x220e, 0x220e, 0x220e, 0x220e, 0x220e, 0x220e, 0x220e, 0x220e, 0x220e, 0x220e, 0x220e, 0x220e, 0x220e, 0x220e, 0x220e, 0x220e, 
	0x220e, 0x220e, 0x220e, 0x220e, 0x220e, 0x220e, 0x220e, 0x220e, 0x220e, 0x220e, 0x220e, 0x220e, 0x220e, 0x220e, 0x220e, 0x220e, 
	0x220e, 0x220e, 0x220e, 0x220e, 0x220e, 0x220e, 0x220e, 0x220e, 0x220e, 0x220e, 0x220e, 0x220e, 0x220e, 0x220e, 0x220e, 0x220e, 
	0x220e, 0x220e, 0x220e, 0x220e, 0x220e, 0x220e, 0x220e, 0x220e, 0x220e, 0x220e, 0x220e, 0x220e, 0x220e, 0x220e, 0x220e, 0x220e, 
	0x220e, 0x220e, 0x220e, 0x220e, 0x220e, 0x220e, 0x220e, 0x220e, 0x220e, 0x220e, 0x220e, 0x220e, 0x220e, 0x220e, 0x220e, 0x220e, 
	0x220e, 0x220e, 0x220e, 0x220e, 0x220e, 0x220e, 0x220e, 0x220e, 0x220e, 0x220e, 0x220e, 0x220e, 0x220e, 0x220e, 0x220e, 0x220e, 
	0x220e, 0x220e, 0x220e, 0x220e, 0x220e, 0x220e, 0x220e, 0x220e, 0x220e, 0x220e, 0x220e, 0x220e, 0x220e, 0x220e, 0x220e, 0x220e, 
	0x220e, 0x220e, 0x220e, 0x220e, 0x220e, 0x220e, 0x220e, 0x220e, 0x220e, 0x220e, 0x220e, 0x220e, 0x220e, 0x220e, 0x220e, 0x220e, 
	0x220e, 0x220e, 0x220e, 0x220e, 0x220e, 0x220e, 0x220e, 0x220e, 0x220e, 0x220e, 0x220e, 0x220e, 0x220e, 0x220e, 0x220e, 0x220e, 
	0x220e, 0x220e, 0x220e, 0x220e, 0x220e, 0x220e, 0x220e, 0x220e, 0x220e, 0x220e, 0x220e, 0x220e, 0x220e, 0x220e, 0x220e, 0x220e, 
	0x220e, 0x220e, 0x220e, 0x220e, 0x220e, 0x220e, 0x220e, 0x220e, 0x220e, 0x220e, 0x220e, 0x220e, 0x220e, 0x220e, 0x220e, 0x220e, 
	0x220e, 0x220e, 0x220e, 0x220e, 0x220e, 0x220e, 0x220e, 0x220e, 0x220e, 0x220e, 0x220e, 0x220e, 0x220e, 0x220e, 0x220e, 0x220e, 
	0x220e, 0x220e, 0x220e, 0x220e, 0x220e, 0x220e, 0x220e, 0x220e, 0x220e, 0x220e, 0x220e, 0x220e, 0x220e, 0x220e, 0x220e, 0x220e, 
	0x220e, 0x220e, 0x220e, 0x220e, 0x220e, 0x220e, 0x220e, 0x220e, 0x220e, 0x220e, 0x220e, 0x220e, 0x220e, 0x220e, 0x220e, 0x220e, 
	0x220e, 0x220e, 0x220e, 0x220e, 0x220e, 0x220e, 0x220e, 0x220e, 0x220e, 0x220e, 0x220e, 0x220e, 0x220e, 0x220e, 0x220e, 0x220e, 
	0x220e, 0x220e, 0x220e, 0x220e, 0x220e, 0x220e, 0x220e, 0x220e, 0x220e, 0x220e, 0x220e, 0x220e, 0x220e, 0x220e, 0x220e, 0x220e, 
	0x220e, 0x220e, 0x220e, 0x220e, 0x220e, 0x220e, 0x220e, 0x220e, 0x220e, 0x220e, 0x220e, 0x220e, 0x220e, 0x220e, 0x220e, 0x220e, 
	0x220e, 0x220e, 0x220e, 0x220e, 0x220e, 0x220e, 0x220e, 0x220e, 0x220e, 0x220e, 0x220e, 0x220e, 0x220e, 0x220e, 0x220e, 0x220e, 
	0x220e, 0x220e, 0x220e, 0x220e, 0x220e, 0x220e, 0x220e, 0x220e, 0x220e, 0x220e, 0x220e, 0x220e, 0x220e, 0x220e, 0x220e, 0x220e, 
	0x220e, 0x220e, 0x220e, 0x220e, 0x220e, 0x220e, 0x220e, 0x220e, 0x220e, 0x220e, 0x220e, 0x220e, 0x220e, 0x220e, 0x220e, 0x220e, 
	0x220e, 0x220e, 0x220e, 0x220e, 0x220e, 0x220e, 0x220e, 0x220e, 0x220e, 0x220e, 0x220e, 0x220e, 0x220e, 0x220e, 0x220e, 0x220e, 
	0x220e, 0x220e, 0x220e, 0x220e, 0x220e, 0x220e, 0x220e, 0x220e, 0x220e, 0x220e, 0x220e, 0x220e, 0x220e, 0x220e, 0x220e, 0x220e, 
	0x220e, 0x220e, 0x220e, 0x220e, 0x220e, 0x220e, 0x220e, 0x220e, 0x220e, 0x220e, 0x220e, 0x220e, 0x220e, 0x220e, 0x220e, 0x220e, 
	0x220e, 0x220e, 0x220e, 0x220e, 0x220e, 0x220e, 0x220e, 0x220e, 0x220e, 0x220e, 0x220e, 0x220e, 0x220e, 0x220e, 0x220e, 0x220e, 
	0x220e, 0x220e, 0x220e, 0x220e, 0x220e, 0x220e, 0x220e, 0x220e, 0x220e, 0x220e, 0x220e, 0x220e, 0x220e, 0x220e, 0x220e, 0x220e, 
	0x220e, 0x220e, 0x220e, 0x220e, 0x220e, 0x220e, 0x220e, 0x220e, 0x220e, 0x220e, 0x220e, 0x220e, 0x220e, 0x220e, 0x220e, 0x220e, 
	0x220e, 0x220e, 0x220e, 0x220e, 0x220e, 0x220e, 0x220e, 0x220e, 0x220e, 0x220e, 0x220e, 0x220e, 0x220e, 0x220e, 0x220e, 0x220e, 
	0x220e, 0x220e, 0x220e, 0x220e, 0x220e, 0x220e, 0x220e, 0x220e, 0x220e, 0x220e, 0x220e, 0x220e, 0x220e, 0x220e, 0x220e, 0x220e, 
	0x220e, 0x220e, 0x220e, 0x220e, 0x220e, 0x220e, 0x220e, 0x220e, 0x220e, 0x220e, 0x220e, 0x220e, 0x220e, 0x220e, 0x220e, 0x220e, 
	0x220e, 0x220e, 0x220e, 0x220e, 0x220e, 0x220e, 0x220e, 0x220e, 0x220e, 0x220e, 0x220e, 0x220e, 0x220e, 0x220e, 0x220e, 0x220e, 
	0x220e, 0x220e, 0x220e, 0x220e, 0x220e, 0x220e, 0x220e, 0x220e, 0x220e, 0x220e, 0x220e, 0x220e, 0x220e, 0x220e, 0x220e, 0x220e, 
	0x220e, 0x220e, 0x220e, 0x220e, 0x220e, 0x220e, 0x220e, 0x220e, 0x220e, 0x220e, 0x220e, 0x220e, 0x220e, 0x220e, 0x220e, 0x220e, 
	0x220e, 0x220e, 0x220e, 0x220e, 0x220e, 0x220e, 0x220e, 0x220e, 0x220e, 0x220e, 0x220e, 0x220e, 0x220e, 0x220e, 0x220e, 0x220e, 
	0x220e, 0x220e, 0x220e, 0x220e, 0x220e, 0x220e, 0x220e, 0x220e, 0x220e, 0x220e, 0x220e, 0x220e, 0x220e, 0x220e, 0x220e, 0x220e, 
	0x220e, 0x220e, 0x220e, 0x220e, 0x220e, 0x220e, 0x220e, 0x220e, 0x220e, 0x220e, 0x220e, 0x220e, 0x220e, 0x220e, 0x220e, 0x220e, 
	0x220e, 0x220e, 0x220e, 0x220e, 0x220e, 0x220e, 0x220e, 0x220e, 0x220e, 0x220e, 0x220e, 0x220e, 0x220e, 0x220e, 0x220e, 0x220e, 
	0x220e, 0x220e, 0x220e, 0x220e, 0x220e, 0x220e, 0x220e, 0x220e, 0x220e, 0x220e, 0x220e, 0x220e, 0x220e, 0x220e, 0x220e, 0x220e, 
	0x220e, 0x220e, 0x220e, 0x220e, 0x220e, 0x220e, 0x220e, 0x220e, 0x220e, 0x220e, 0x220e, 0x220e, 0x220e, 0x220e, 0x220e, 0x220e, 
	0x220e, 0x220e, 0x220e, 0x220e, 0x220e, 0x220e, 0x220e, 0x220e, 0x220e, 0x220e, 0x220e, 0x220e, 0x220e, 0x220e, 0x220e, 0x220e, 
	0x220e, 0x220e, 0x220e, 0x220e, 0x220e, 0x220e, 0x220e, 0x220e, 0x220e, 0x220e, 0x220e, 0x220e, 0x220e, 0x220e, 0x220e, 0x220e, 
	0x220e, 0x220e, 0x220e, 0x220e, 0x220e, 0x220e, 0x220e, 0x220e, 0x220e, 0x220e, 0x220e, 0x220e, 0x220e, 0x220e, 0x220e, 0x220e, 
	0x220e, 0x220e, 0x220e, 0x220e, 0x220e, 0x220e, 0x220e, 0x220e, 0x220e, 0x220e, 0x220e, 0x220e, 0x220e, 0x220e, 0x220e, 0x220e, 
	0x220e, 0x220e, 0x220e, 0x220e, 0x220e, 0x220e, 0x220e, 0x220e, 0x220e, 0x220e, 0x220e, 0x220e, 0x220e, 0x220e, 0x220e, 0x220e, 
	0x220e, 0x220e, 0x220e, 0x220e, 0x220e, 0x220e, 0x220e, 0x220e, 0x220e, 0x220e, 0x220e, 0x220e, 0x220e, 0x220e, 0x220e, 0x220e, 
	0x220e, 0x220e, 0x220e, 0x220e, 0x220e, 0x220e, 0x220e, 0x220e, 0x220e, 0x220e, 0x220e, 0x220e, 0x220e, 0x220e, 0x220e, 0x220e, 
	0x220e, 0x220e, 0x220e, 0x220e, 0x220e, 0x220e, 0x220e, 0x220e, 0x220e, 0x220e, 0x220e, 0x220e, 0x220e, 0x220e, 0x220e, 0x220e, 
	0x220e, 0x220e, 0x220e, 0x220e, 0x220e, 0x220e, 0x220e, 0x220e, 0x220e, 0x220e, 0x220e, 0x220e, 0x220e, 0x220e, 0x220e, 0x220e, 
	0x220e, 0x220e, 0x220e, 0x220e, 0x220e, 0x220e, 0x220e, 0x220e, 0x220e, 0x220e, 0x220e, 0x220e, 0x220e, 0x220e, 0x220e, 0x220e, 
	0x220e, 0x220e, 0x220e, 0x220e, 0x220e, 0x220e, 0x220e, 0x220e, 0x220e, 0x220e, 0x220e, 0x220e, 0x220e, 0x220e, 0x220e, 0x220e, 
	0x220e, 0x220e, 0x220e, 0x220e, 0x220e, 0x220e, 0x220e, 0x220e, 0x220e, 0x220e, 0x220e, 0x220e, 0x220e, 0x220e, 0x220e, 0x220e, 
	0x220e, 0x220e, 0x220e, 0x220e, 0x220e, 0x220e, 0x220e, 0x220e, 0x220e, 0x220e, 0x220e, 0x220e, 0x220e, 0x220e, 0x220e, 0x220e, 
	0x220e, 0x220e, 0x220e, 0x220e, 0x220e, 0x220e, 0x220e, 0x220e, 0x220e, 0x220e, 0x220e, 0x220e, 0x220e, 0x220e, 0x220e, 0x220e, 
	0x220e, 0x220e, 0x220e, 0x220e, 0x220e, 0x220e, 0x220e, 0x220e, 0x220e, 0x220e, 0x220e, 0x220e, 0x220e, 0x220e, 0x220e, 0x220e, 
	0x220e, 0x220e, 0x220e, 0x220e, 0x220e, 0x220e, 0x220e, 0x220e, 0x220e, 0x220e, 0x220e, 0x220e, 0x220e, 0x220e, 0x220e, 0x220e, 
	0x220e, 0x220e, 0x220e, 0x220e, 0x220e, 0x220e, 0x220e, 0x220e, 0x220e, 0x220e, 0x220e, 0x220e, 0x220e, 0x220e, 0x220e, 0x220e, 
	0x220e, 0x220e, 0x220e, 0x220e, 0x220e, 0x220e, 0x220e, 0x220e, 0x220e, 0x220e, 0x220e, 0x220e, 0x220e, 0x220e, 0x220e, 0x220e, 
	0x220e, 0x220e, 0x220e, 0x220e, 0x220e, 0x220e, 0x220e, 0x220e, 0x220e, 0x220e, 0x220e, 0x220e, 0x220e, 0x220e, 0x220e, 0x220e, 
	0x220e, 0x220e, 0x220e, 0x220e, 0x220e, 0x220e, 0x220e, 0x220e, 0x220e, 0x220e, 0x220e, 0x220e, 0x220e, 0x220e, 0x220e, 0x220e, 
	0x220e, 0x220e, 0x220e, 0x220e, 0x220e, 0x220e, 0x220e, 0x220e, 0x220e, 0x220e, 0x220e, 0x220e, 0x220e, 0x220e, 0x220e, 0x220e, 
	0x220e, 0x220e, 0x220e, 0x220e, 0x220e, 0x220e, 0x220e, 0x220e, 0x220e, 0x220e, 0x220e, 0x220e, 0x220e, 0x220e, 0x220e, 0x220e, 
	0x220e, 0x220e, 0x220e, 0x220e, 0x220e, 0x220e, 0x220e, 0x220e, 0x220e, 0x220e, 0x220e, 0x220e, 0x220e, 0x220e, 0x220e, 0x220e, 
	0x220e, 0x220e, 0x220e, 0x220e, 0x220e, 0x220e, 0x220e, 0x220e, 0x220e, 0x220e, 0x220e, 0x220e, 0x220e, 0x220e, 0x220e, 0x220e, 
	0x220e, 0x220e, 0x220e, 0x220e, 0x220e, 0x220e, 0x220e, 0x220e, 0x220e, 0x220e, 0x220e, 0x220e, 0x220e, 0x220e, 0x220e, 0x220e, 
	0x220e, 0x220e, 0x220e, 0x220e, 0x220e, 0x220e, 0x220e, 0x220e, 0x220e, 0x220e, 0x220e, 0x220e, 0x220e, 0x220e, 0x220e, 0x220e, 
	0x220e, 0x220e, 0x220e, 0x220e, 0x220e, 0x220e, 0x220e, 0x220e, 0x220e, 0x220e, 0x220e, 0x220e, 0x220e, 0x220e, 0x220e, 0x220e, 
	0x220e, 0x220e, 0x220e, 0x220e, 0x220e, 0x220e, 0x220e, 0x220e, 0x220e, 0x220e, 0x220e, 0x220e, 0x220e, 0x220e, 0x220e, 0x220e, 
	0x220e, 0x220e, 0x220e, 0x220e, 0x220e, 0x220e, 0x220e, 0x220e, 0x220e, 0x220e, 0x220e, 0x220e, 0x220e, 0x220e, 0x220e, 0x220e, 
	0x220e, 0x220e, 0x220e, 0x220e, 0x220e, 0x220e, 0x220e, 0x220e, 0x220e, 0x220e, 0x220e, 0x220e, 0x220e, 0x220e, 0x220e, 0x220e, 
	0x220e, 0x220e, 0x220e, 0x220e, 0x220e, 0x220e, 0x220e, 0x220e, 0x220e, 0x220e, 0x220e, 0x220e, 0x220e, 0x220e, 0x220e, 0x220e, 
	0x220e, 0x220e, 0x220e, 0x220e, 0x220e, 0x220e, 0x220e, 0x220e, 0x220e, 0x220e, 0x220e, 0x220e, 0x220e, 0x220e, 0x220e, 0x220e, 
	0x220e, 0x220e, 0x220e, 0x220e, 0x220e, 0x220e, 0x220e, 0x220e, 0x220e, 0x220e, 0x220e, 0x220e, 0x220e, 0x220e, 0x220e, 0x220e, 
	0x220e, 0x220e, 0x220e, 0x220e, 0x220e, 0x220e, 0x220e, 0x220e, 0x220e, 0x220e, 0x220e, 0x220e, 0x220e, 0x220e, 0x220e, 0x220e, 
	0x220e, 0x220e, 0x220e, 0x220e, 0x220e, 0x220e, 0x220e, 0x220e, 0x220e, 0x220e, 0x220e, 0x220e, 0x220e, 0x220e, 0x220e, 0x220e, 
	0x220e, 0x220e, 0x220e, 0x220e, 0x220e, 0x220e, 0x220e, 0x220e, 0x220e, 0x220e, 0x220e, 0x220e, 0x220e, 0x220e, 0x220e, 0x220e, 
	0x220e, 0x220e, 0x220e, 0x220e, 0x220e, 0x220e, 0x220e, 0x220e, 0x220e, 0x220e, 0x220e, 0x220e, 0x220e, 0x220e, 0x220e, 0x220e, 
	0x220e, 0x220e, 0x220e, 0x220e, 0x220e, 0x220e, 0x220e, 0x220e, 0x220e, 0x220e, 0x220e, 0x220e, 0x220e, 0x220e, 0x220e, 0x220e, 
	0x220e, 0x220e, 0x220e, 0x220e, 0x220e, 0x220e, 0x220e, 0x220e, 0x220e, 0x220e, 0x220e, 0x220e, 0x220e, 0x220e, 0x220e, 0x220e, 
	0x220e, 0x220e, 0x220e, 0x220e, 0x220e, 0x220e, 0x220e, 0x220e, 0x220e, 0x220e, 0x220e, 0x220e, 0x220e, 0x220e, 0x220e, 0x220e, 
	0x220e, 0x220e, 0x220e, 0x220e, 0x220e, 0x220e, 0x220e, 0x220e, 0x220e, 0x220e, 0x220e, 0x220e, 0x220e, 0x220e, 0x220e, 0x220e, 
	0x220e, 0x220e, 0x220e, 0x220e, 0x220e, 0x220e, 0x220e, 0x220e, 0x220e, 0x220e, 0x220e, 0x220e, 0x220e, 0x220e, 0x220e, 0x220e, 
	0x220e, 0x220e, 0x220e, 0x220e, 0x220e, 0x220e, 0x220e, 0x220e, 0x220e, 0x220e, 0x220e, 0x220e, 0x220e, 0x220e, 0x220e, 0x220e, 
	0x220e, 0x220e, 0x220e, 0x220e, 0x220e, 0x220e, 0x220e, 0x220e, 0x220e, 0x220e, 0x220e, 0x220e, 0x220e, 0x220e, 0x220e, 0x220e, 
	0x220e, 0x220e, 0x220e, 0x220e, 0x220e, 0x220e, 0x220e, 0x220e, 0x220e, 0x220e, 0x220e, 0x220e, 0x220e, 0x220e, 0x220e, 0x220e, 
	0x220e, 0x220e, 0x220e, 0x220e, 0x220e, 0x220e, 0x220e, 0x220e, 0x220e, 0x220e, 0x220e, 0x220e, 0x220e, 0x220e, 0x220e, 0x220e, 
	0x220e, 0x220e, 0x220e, 0x220e, 0x220e, 0x220e, 0x220e, 0x220e, 0x220e, 0x220e, 0x220e, 0x220e, 0x220e, 0x220e, 0x220e, 0x220e, 
	0x220e, 0x220e, 0x220e, 0x220e, 0x220e, 0x220e, 0x220e, 0x220e, 0x220e, 0x220e, 0x220e, 0x220e, 0x220e, 0x220e, 0x220e, 0x220e, 
	0x220e, 0x220e, 0x220e, 0x220e, 0x220e, 0x220e, 0x220e, 0x220e, 0x220e, 0x220e, 0x220e, 0x220e, 0x220e, 0x220e, 0x220e, 0x220e, 
	0x220e, 0x220e, 0x220e, 0x220e, 0x220e, 0x220e, 0x220e, 0x220e, 0x220e, 0x220e, 0x220e, 0x220e, 0x220e, 0x220e, 0x220e, 0x220e, 
	0x220e, 0x220e, 0x220e, 0x220e, 0x220e, 0x220e, 0x220e, 0x220e, 0x220e, 0x220e, 0x220e, 0x220e, 0x220e, 0x220e, 0x220e, 0x220e, 
	0x220e, 0x220e, 0x220e, 0x220e, 0x220e, 0x220e, 0x220e, 0x220e, 0x220e, 0x220e, 0x220e, 0x220e, 0x220e, 0x220e, 0x220e, 0x220e, 
	0x220e, 0x220e, 0x220e, 0x220e, 0x220e, 0x220e, 0x220e, 0x220e, 0x220e, 0x220e, 0x220e, 0x220e, 0x220e, 0x220e, 0x220e, 0x220e, 
	0x220e, 0x220e, 0x220e, 0x220e, 0x220e, 0x220e, 0x220e, 0x220e, 0x220e, 0x220e, 0x220e, 0x220e, 0x220e, 0x220e, 0x220e, 0x220e, 
	0x220e, 0x220e, 0x220e, 0x220e, 0x220e, 0x220e, 0x220e, 0x220e, 0x220e, 0x220e, 0x220e, 0x220e, 0x220e, 0x220e, 0x220e, 0x220e, 
	0x220e, 0x220e, 0x220e, 0x220e, 0x220e, 0x220e, 0x220e, 0x220e, 0x220e, 0x220e, 0x220e, 0x220e, 0x220e, 0x220e, 0x220e, 0x220e, 
	0x220e, 0x220e, 0x220e, 0x220e, 0x220e, 0x220e, 0x220e, 0x220e, 0x220e, 0x220e, 0x220e, 0x220e, 0x220e, 0x220e, 0x220e, 0x220e, 
	0x220e, 0x220e, 0x220e, 0x220e, 0x220e, 0x220e, 0x220e, 0x220e, 0x220e, 0x220e, 0x220e, 0x220e, 0x220e, 0x220e, 0x220e, 0x220e, 
	0x220e, 0x220e, 0x220e, 0x220e, 0x220e, 0x220e, 0x220e, 0x220e, 0x220e, 0x220e, 0x220e, 0x220e, 0x220e, 0x220e, 0x220e, 0x220e, 
	0x220e, 0x220e, 0x220e, 0x220e, 0x220e, 0x220e, 0x220e, 0x220e, 0x220e, 0x220e, 0x220e, 0x220e, 0x220e, 0x220e, 0x220e, 0x220e, 
	0x220e, 0x220e, 0x220e, 0x220e, 0x220e, 0x220e, 0x220e, 0x220e, 0x220e, 0x220e, 0x220e, 0x220e, 0x220e, 0x220e, 0x220e, 0x220e, 
	0x220e, 0x220e, 0x220e, 0x220e, 0x220e, 0x220e, 0x220e, 0x220e, 0x220e, 0x220e, 0x220e, 0x220e, 0x220e, 0x220e, 0x220e, 0x220e, 
	0x220e, 0x220e, 0x220e, 0x220e, 0x220e, 0x220e, 0x220e, 0x220e, 0x220e, 0x220e, 0x220e, 0x220e, 0x220e, 0x220e, 0x220e, 0x220e, 
	0x220e, 0x220e, 0x220e, 0x220e, 0x220e, 0x220e, 0x220e, 0x220e, 0x220e, 0x220e, 0x220e, 0x220e, 0x220e, 0x220e, 0x220e, 0x220e, 
	0x220e, 0x220e, 0x220e, 0x220e, 0x220e, 0x220e, 0x220e, 0x220e, 0x220e, 0x220e, 0x220e, 0x220e, 0x220e, 0x220e, 0x220e, 0x220e, 
	0x220e, 0x220e, 0x220e, 0x220e, 0x220e, 0x220e, 0x220e, 0x220e, 0x220e, 0x220e, 0x220e, 0x220e, 0x220e, 0x220e, 0x220e, 0x220e, 
	0x220e, 0x220e, 0x220e, 0x220e, 0x220e, 0x220e, 0x220e, 0x220e, 0x220e, 0x220e, 0x220e, 0x220e, 0x220e, 0x220e, 0x220e, 0x220e, 
	0x220e, 0x220e, 0x220e, 0x220e, 0x220e, 0x220e, 0x220e, 0x220e, 0x220e, 0x220e, 0x220e, 0x220e, 0x220e, 0x220e, 0x220e, 0x220e, 
	0x220e, 0x220e, 0x220e, 0x220e, 0x220e, 0x220e, 0x220e, 0x220e, 0x220e, 0x220e, 0x220e, 0x220e, 0x220e, 0x220e, 0x220e, 0x220e, 
	0x220e, 0x220e, 0x220e, 0x220e, 0x220e, 0x220e, 0x220e, 0x220e, 0x220e, 0x220e, 0x220e, 0x220e, 0x220e, 0x220e, 0x220e, 0x220e, 
	0x220e, 0x220e, 0x220e, 0x220e, 0x220e, 0x220e, 0x220e, 0x220e, 0x220e, 0x220e, 0x220e, 0x220e, 0x220e, 0x220e, 0x220e, 0x220e, 
	0x220e, 0x220e, 0x220e, 0x220e, 0x220e, 0x220e, 0x220e, 0x220e, 0x220e, 0x220e, 0x220e, 0x220e, 0x220e, 0x220e, 0x220e, 0x220e, 
	0x220e, 0x220e, 0x220e, 0x220e, 0x220e, 0x220e, 0x220e, 0x220e, 0x220e, 0x220e, 0x220e, 0x220e, 0x220e, 0x220e, 0x220e, 0x220e, 
	0x220e, 0x220e, 0x220e, 0x220e, 0x220e, 0x220e, 0x220e, 0x220e, 0x220e, 0x220e, 0x220e, 0x220e, 0x220e, 0x220e, 0x220e, 0x220e, 
	0x220e, 0x220e, 0x220e, 0x220e, 0x220e, 0x220e, 0x220e, 0x220e, 0x220e, 0x220e, 0x220e, 0x220e, 0x220e, 0x220e, 0x220e, 0x220e, 
	0x220e, 0x220e, 0x220e, 0x220e, 0x220e, 0x220e, 0x220e, 0x220e, 0x220e, 0x220e, 0x220e, 0x220e, 0x220e, 0x220e, 0x220e, 0x220e, 
	0x220e, 0x220e, 0x220e, 0x220e, 0x220e, 0x220e, 0x220e, 0x220e, 0x220e, 0x220e, 0x220e, 0x220e, 0x220e, 0x220e, 0x220e, 0x220e, 
	0x220e, 0x220e, 0x220e, 0x220e, 0x220e, 0x220e, 0x220e, 0x220e, 0x220e, 0x220e, 0x220e, 0x220e, 0x220e, 0x220e, 0x220e, 0x220e, 
	0x220e, 0x220e, 0x220e, 0x220e, 0x220e, 0x220e, 0x220e, 0x220e, 0x220e, 0x220e, 0x220e, 0x220e, 0x220e, 0x220e, 0x220e, 0x220e, 
	0x220e, 0x220e, 0x220e, 0x220e, 0x220e, 0x220e, 0x220e, 0x220e, 0x220e, 0x220e, 0x220e, 0x220e, 0x220e, 0x220e, 0x220e, 0x220e, 
	0x220e, 0x220e, 0x220e, 0x220e, 0x220e, 0x220e, 0x220e, 0x220e, 0x220e, 0x220e, 0x220e, 0x220e, 0x220e, 0x220e, 0x220e, 0x220e, 
	0x220e, 0x220e, 0x220e, 0x220e, 0x220e, 0x220e, 0x220e, 0x220e, 0x220e, 0x220e, 0x220e, 0x220e, 0x220e, 0x220e, 0x220e, 0x220e, 
	0x220e, 0x220e, 0x220e, 0x220e, 0x220e, 0x220e, 0x220e, 0x220e, 0x220e, 0x220e, 0x220e, 0x220e, 0x220e, 0x220e, 0x220e, 0x220e, 
	0x220e, 0x220e, 0x220e, 0x220e, 0x220e, 0x220e, 0x220e, 0x220e, 0x220e, 0x220e, 0x220e, 0x220e, 0x220e, 0x220e, 0x220e, 0x220e, 
	0x220e, 0x220e, 0x220e, 0x220e, 0x220e, 0x220e, 0x220e, 0x220e, 0x220e, 0x220e, 0x220e, 0x220e, 0x220e, 0x220e, 0x220e, 0x220e, 
	0x220e, 0x220e, 0x220e, 0x220e, 0x220e, 0x220e, 0x220e, 0x220e, 0x220e, 0x220e, 0x220e, 0x220e, 0x220e, 0x220e, 0x220e, 0x220e, 
	0x220e, 0x220e, 0x220e, 0x220e, 0x220e, 0x220e, 0x220e, 0x220e, 0x220e, 0x220e, 0x220e, 0x220e, 0x220e, 0x220e, 0x220e, 0x220e, 
	0x220e, 0x220e, 0x220e, 0x220e, 0x220e, 0x220e, 0x220e, 0x220e, 0x220e, 0x220e, 0x220e, 0x220e, 0x220e, 0x220e, 0x220e, 0x220e, 
	0x220e, 0x220e, 0x220e, 0x220e, 0x220e, 0x220e, 0x220e, 0x220e, 0x220e, 0x220e, 0x220e, 0x220e, 0x220e, 0x220e, 0x220e, 0x220e, 
	0x220e, 0x220e, 0x220e, 0x220e, 0x220e, 0x220e, 0x220e, 0x220e, 0x220e, 0x220e, 0x220e, 0x220e, 0x220e, 0x220e, 0x220e, 0x220e, 
	0x220e, 0x220e, 0x220e, 0x220e, 0x220e, 0x220e, 0x220e, 0x220e, 0x220e, 0x220e, 0x220e, 0x220e, 0x220e, 0x220e, 0x220e, 0x220e, 
	0x220e, 0x220e, 0x220e, 0x220e, 0x220e, 0x220e, 0x220e, 0x220e, 0x220e, 0x220e, 0x220e, 0x220e, 0x220e, 0x220e, 0x220e, 0x220e, 
	0x220e, 0x220e, 0x220e, 0x220e, 0x220e, 0x220e, 0x220e, 0x220e, 0x220e, 0x220e, 0x220e, 0x220e, 0x220e, 0x220e, 0x220e, 0x220e, 
	0x220e, 0x220e, 0x220e, 0x220e, 0x220e, 0x220e, 0x220e, 0x220e, 0x220e, 0x220e, 0x220e, 0x220e, 0x220e, 0x220e, 0x220e, 0x220e, 
	0x220e, 0x220e, 0x220e, 0x220e, 0x220e, 0x220e, 0x220e, 0x220e, 0x220e, 0x220e, 0x220e, 0x220e, 0x220e, 0x220e, 0x220e, 0x220e, 
	0x220e, 0x220e, 0x220e, 0x220e, 0x220e, 0x220e, 0x220e, 0x220e, 0x220e, 0x220e, 0x220e, 0x220e, 0x220e, 0x220e, 0x220e, 0x220e, 
	0x220e, 0x220e, 0x220e, 0x220e, 0x220e, 0x220e, 0x220e, 0x220e, 0x220e, 0x220e, 0x220e, 0x220e, 0x220e, 0x220e, 0x220e, 0x220e, 
	0x220e, 0x220e, 0x220e, 0x220e, 0x220e, 0x220e, 0x220e, 0x220e, 0x220e, 0x220e, 0x220e, 0x220e, 0x220e, 0x220e, 0x220e, 0x220e, 
	0x220e, 0x220e, 0x220e, 0x220e, 0x220e, 0x220e, 0x220e, 0x220e, 0x220e, 0x220e, 0x220e, 0x220e, 0x220e, 0x220e, 0x220e, 0x220e, 
	0x220e, 0x220e, 0x220e, 0x220e, 0x220e, 0x220e, 0x220e, 0x220e, 0x220e, 0x220e, 0x220e, 0x220e, 0x220e, 0x220e, 0x220e, 0x220e, 
	0x220e, 0x220e, 0x220e, 0x220e, 0x220e, 0x220e, 0x220e, 0x220e, 0x220e, 0x220e, 0x220e, 0x220e, 0x220e, 0x220e, 0x220e, 0x220e, 
	0x220e, 0x220e, 0x220e, 0x220e, 0x220e, 0x220e, 0x220e, 0x220e, 0x220e, 0x220e, 0x220e, 0x220e, 0x220e, 0x220e, 0x220e, 0x220e, 
	0x220e, 0x220e, 0x220e, 0x220e, 0x220e, 0x220e, 0x220e, 0x220e, 0x220e, 0x220e, 0x220e, 0x220e, 0x220e, 0x220e, 0x220e, 0x220e, 
	0x220e, 0x220e, 0x220e, 0x220e, 0x220e, 0x220e, 0x220e, 0x220e, 0x220e, 0x220e, 0x220e, 0x220e, 0x220e, 0x220e, 0x220e, 0x220e, 
	0x220e, 0x220e, 0x220e, 0x220e, 0x220e, 0x220e, 0x220e, 0x220e, 0x220e, 0x220e, 0x220e, 0x220e, 0x220e, 0x220e, 0x220e, 0x220e, 
	0x220e, 0x220e, 0x220e, 0x220e, 0x220e, 0x220e, 0x220e, 0x220e, 0x220e, 0x220e, 0x220e, 0x220e, 0x220e, 0x220e, 0x220e, 0x220e, 
	0x220e, 0x220e, 0x220e, 0x220e, 0x220e, 0x220e, 0x220e, 0x220e, 0x220e, 0x220e, 0x220e, 0x220e, 0x220e, 0x220e, 0x220e, 0x220e, 
	0x220e, 0x220e, 0x220e, 0x220e, 0x220e, 0x220e, 0x220e, 0x220e, 0x220e, 0x220e, 0x220e, 0x220e, 0x220e, 0x220e, 0x220e, 0x220e, 
	0x220e, 0x220e, 0x220e, 0x220e, 0x220e, 0x220e, 0x220e, 0x220e, 0x220e, 0x220e, 0x220e, 0x220e, 0x220e, 0x220e, 0x220e, 0x220e, 
	0x220e, 0x220e, 0x220e, 0x220e, 0x220e, 0x220e, 0x220e, 0x220e, 0x220e, 0x220e, 0x220e, 0x220e, 0x220e, 0x220e, 0x220e, 0x220e, 
	0x220e, 0x220e, 0x220e, 0x220e, 0x220e, 0x220e, 0x220e, 0x220e, 0x220e, 0x220e, 0x220e, 0x220e, 0x220e, 0x220e, 0x220e, 0x220e, 
	0x220e, 0x220e, 0x220e, 0x220e, 0x220e, 0x220e, 0x220e, 0x220e, 0x220e, 0x220e, 0x220e, 0x220e, 0x220e, 0x220e, 0x220e, 0x220e, 
	0x220e, 0x220e, 0x220e, 0x220e, 0x220e, 0x220e, 0x220e, 0x220e, 0x220e, 0x220e, 0x220e, 0x220e, 0x220e, 0x220e, 0x220e, 0x220e, 
	0x220e, 0x220e, 0x220e, 0x220e, 0x220e, 0x220e, 0x220e, 0x220e, 0x220e, 0x220e, 0x220e, 0x220e, 0x220e, 0x220e, 0x220e, 0x220e, 
	0x220e, 0x220e, 0x220e, 0x220e, 0x220e, 0x220e, 0x220e, 0x220e, 0x220e, 0x220e, 0x220e, 0x220e, 0x220e, 0x220e, 0x220e, 0x220e, 
	0x220e, 0x220e, 0x220e, 0x220e, 0x220e, 0x220e, 0x220e, 0x220e, 0x220e, 0x220e, 0x220e, 0x220e, 0x220e, 0x220e, 0x220e, 0x220e, 
	0x220e, 0x220e, 0x220e, 0x220e, 0x220e, 0x220e, 0x220e, 0x220e, 0x220e, 0x220e, 0x220e, 0x220e, 0x220e, 0x220e, 0x220e, 0x220e, 
	0x220e, 0x220e, 0x220e, 0x220e, 0x220e, 0x220e, 0x220e, 0x220e, 0x220e, 0x220e, 0x220e, 0x220e, 0x220e, 0x220e, 0x220e, 0x220e, 
	0x220e, 0x220e, 0x220e, 0x220e, 0x220e, 0x220e, 0x220e, 0x220e, 0x220e, 0x220e, 0x220e, 0x220e, 0x220e, 0x220e, 0x220e, 0x220e, 
	0x220e, 0x220e, 0x220e, 0x220e, 0x220e, 0x220e, 0x220e, 0x220e, 0x220e, 0x220e, 0x220e, 0x220e, 0x220e, 0x220e, 0x220e, 0x220e, 
	0x220e, 0x220e, 0x220e, 0x220e, 0x220e, 0x220e, 0x220e, 0x220e, 0x220e, 0x220e, 0x220e, 0x220e, 0x220e, 0x220e, 0x220e, 0x220e, 
	0x220e, 0x220e, 0x220e, 0x220e, 0x220e, 0x220e, 0x220e, 0x220e, 0x220e, 0x220e, 0x220e, 0x220e, 0x220e, 0x220e, 0x220e, 0x220e, 
	0x220e, 0x220e, 0x220e, 0x220e, 0x220e, 0x220e, 0x220e, 0x220e, 0x220e, 0x220e, 0x220e, 0x220e, 0x220e, 0x220e, 0x220e, 0x220e, 
	0x220e, 0x220e, 0x220e, 0x220e, 0x220e, 0x220e, 0x220e, 0x220e, 0x220e, 0x220e, 0x220e, 0x220e, 0x220e, 0x220e, 0x220e, 0x220e, 
	0x220e, 0x220e, 0x220e, 0x220e, 0x220e, 0x220e, 0x220e, 0x220e, 0x220e, 0x220e, 0x220e, 0x220e, 0x220e, 0x220e, 0x220e, 0x220e, 
	0x220e, 0x220e, 0x220e, 0x220e, 0x220e, 0x220e, 0x220e, 0x220e, 0x220e, 0x220e, 0x220e, 0x220e, 0x220e, 0x220e, 0x220e, 0x220e, 
	0x220e, 0x220e, 0x220e, 0x220e, 0x220e, 0x220e, 0x220e, 0x220e, 0x220e, 0x220e, 0x220e, 0x220e, 0x220e, 0x220e, 0x220e, 0x220e, 
	0x220e, 0x220e, 0x220e, 0x220e, 0x220e, 0x220e, 0x220e, 0x220e, 0x220e, 0x220e, 0x220e, 0x220e, 0x220e, 0x220e, 0x220e, 0x220e, 
	0x220e, 0x220e, 0x220e, 0x220e, 0x220e, 0x220e, 0x220e, 0x220e, 0x220e, 0x220e, 0x220e, 0x220e, 0x220e, 0x220e, 0x220e, 0x220e, 
	0x220e, 0x220e, 0x220e, 0x220e, 0x220e, 0x220e, 0x220e, 0x220e, 0x220e, 0x220e, 0x220e, 0x220e, 0x220e, 0x220e, 0x220e, 0x220e, 
	0x220e, 0x220e, 0x220e, 0x220e, 0x220e, 0x220e, 0x220e, 0x220e, 0x220e, 0x220e, 0x220e, 0x220e, 0x220e, 0x220e, 0x220e, 0x220e, 
	0x220e, 0x220e, 0x220e, 0x220e, 0x220e, 0x220e, 0x220e, 0x220e, 0x220e, 0x220e, 0x220e, 0x220e, 0x220e, 0x220e, 0x220e, 0x220e, 
	0x220e, 0x220e, 0x220e, 0x220e, 0x220e, 0x220e, 0x220e, 0x220e, 0x220e, 0x220e, 0x220e, 0x220e, 0x220e, 0x220e, 0x220e, 0x220e, 
	0x220e, 0x220e, 0x220e, 0x220e, 0x220e, 0x220e, 0x220e, 0x220e, 0x220e, 0x220e, 0x220e, 0x220e, 0x220e, 0x220e, 0x220e, 0x220e, 
	0x220e, 0x220e, 0x220e, 0x220e, 0x220e, 0x220e, 0x220e, 0x220e, 0x220e, 0x220e, 0x220e, 0x220e, 0x220e, 0x220e, 0x220e, 0x220e, 
	0x220e, 0x220e, 0x220e, 0x220e, 0x220e, 0x220e, 0x220e, 0x220e, 0x220e, 0x220e, 0x220e, 0x220e, 0x220e, 0x220e, 0x220e, 0x220e, 
	0x220e, 0x220e, 0x220e, 0x220e, 0x220e, 0x220e, 0x220e, 0x220e, 0x220e, 0x220e, 0x220e, 0x220e, 0x220e, 0x220e, 0x220e, 0x220e, 
	0x220e, 0x220e, 0x220e, 0x220e, 0x220e, 0x220e, 0x220e, 0x220e, 0x220e, 0x220e, 0x220e, 0x220e, 0x220e, 0x220e, 0x220e, 0x220e, 
	0x220e, 0x220e, 0x220e, 0x220e, 0x220e, 0x220e, 0x220e, 0x220e, 0x220e, 0x220e, 0x220e, 0x220e, 0x220e, 0x220e, 0x220e, 0x220e, 
	0x220e, 0x220e, 0x220e, 0x220e, 0x220e, 0x220e, 0x220e, 0x220e, 0x220e, 0x220e, 0x220e, 0x220e, 0x220e, 0x220e, 0x220e, 0x220e, 
	0x220e, 0x220e, 0x220e, 0x220e, 0x220e, 0x220e, 0x220e, 0x220e, 0x220e, 0x220e, 0x220e, 0x220e, 0x220e, 0x220e, 0x220e, 0x220e, 
	0x220e, 0x220e, 0x220e, 0x220e, 0x220e, 0x220e, 0x220e, 0x220e, 0x220e, 0x220e, 0x220e, 0x220e, 0x220e, 0x220e, 0x220e, 0x220e, 
	0x220e, 0x220e, 0x220e, 0x220e, 0x220e, 0x220e, 0x220e, 0x220e, 0x220e, 0x220e, 0x220e, 0x220e, 0x220e, 0x220e, 0x220e, 0x220e, 
	0x220e, 0x220e, 0x220e, 0x220e, 0x220e, 0x220e, 0x220e, 0x220e, 0x220e, 0x220e, 0x220e, 0x220e, 0x220e, 0x220e, 0x220e, 0x220e, 
	0x220e, 0x220e, 0x220e, 0x220e, 0x220e, 0x220e, 0x220e, 0x220e, 0x220e, 0x220e, 0x220e, 0x220e, 0x220e, 0x220e, 0x220e, 0x220e, 
	0x220e, 0x220e, 0x220e, 0x220e, 0x220e, 0x220e, 0x220e, 0x220e, 0x220e, 0x220e, 0x220e, 0x220e, 0x220e, 0x220e, 0x220e, 0x220e, 
	0x220e, 0x220e, 0x220e, 0x220e, 0x220e, 0x220e, 0x220e, 0x220e, 0x220e, 0x220e, 0x220e, 0x220e, 0x220e, 0x220e, 0x220e, 0x220e, 
	0x220e, 0x220e, 0x220e, 0x220e, 0x220e, 0x220e, 0x220e, 0x220e, 0x220e, 0x220e, 0x220e, 0x220e, 0x220e, 0x220e, 0x220e, 0x220e, 
	0x220e, 0x220e, 0x220e, 0x220e, 0x220e, 0x220e, 0x220e, 0x220e, 0x220e, 0x220e, 0x220e, 0x220e, 0x220e, 0x220e, 0x220e, 0x220e, 
	0x220e, 0x220e, 0x220e, 0x220e, 0x220e, 0x220e, 0x220e, 0x220e, 0x220e, 0x220e, 0x220e, 0x220e, 0x220e, 0x220e, 0x220e, 0x220e, 
	0x220e, 0x220e, 0x220e, 0x220e, 0x220e, 0x220e, 0x220e, 0x220e, 0x220e, 0x220e, 0x220e, 0x220e, 0x220e, 0x220e, 0x220e, 0x220e, 
	0x220e, 0x220e, 0x220e, 0x220e, 0x220e, 0x220e, 0x220e, 0x220e, 0x220e, 0x220e, 0x220e, 0x220e, 0x220e, 0x220e, 0x220e, 0x220e, 
	0x220e, 0x220e, 0x220e, 0x220e, 0x220e, 0x220e, 0x220e, 0x220e, 0x220e, 0x220e, 0x220e, 0x220e, 0x220e, 0x220e, 0x220e, 0x220e, 
	0x220e, 0x220e, 0x220e, 0x220e, 0x220e, 0x220e, 0x220e, 0x220e, 0x220e, 0x220e, 0x220e, 0x220e, 0x220e, 0x220e, 0x220e, 0x220e, 
	0x220e, 0x220e, 0x220e, 0x220e, 0x220e, 0x220e, 0x220e, 0x220e, 0x220e, 0x220e, 0x220e, 0x220e, 0x220e, 0x220e, 0x220e, 0x220e, 
	0x220e, 0x220e, 0x220e, 0x220e, 0x220e, 0x220e, 0x220e, 0x220e, 0x220e, 0x220e, 0x220e, 0x220e, 0x220e, 0x220e, 0x220e, 0x220e, 
	0x220e, 0x220e, 0x220e, 0x220e, 0x220e, 0x220e, 0x220e, 0x220e, 0x220e, 0x220e, 0x220e, 0x220e, 0x220e, 0x220e, 0x220e, 0x220e, 
	0x220e, 0x220e, 0x220e, 0x220e, 0x220e, 0x220e, 0x220e, 0x220e, 0x220e, 0x220e, 0x220e, 0x220e, 0x220e, 0x220e, 0x220e, 0x220e, 
	0x220e, 0x220e, 0x220e, 0x220e, 0x220e, 0x220e, 0x220e, 0x220e, 0x220e, 0x220e, 0x220e, 0x220e, 0x220e, 0x220e, 0x220e, 0x220e, 
	0x220e, 0x220e, 0x220e, 0x220e, 0x220e, 0x220e, 0x220e, 0x220e, 0x220e, 0x220e, 0x220e, 0x220e, 0x220e, 0x220e, 0x220e, 0x220e, 
	0x220e, 0x220e, 0x220e, 0x220e, 0x220e, 0x220e, 0x220e, 0x220e, 0x220e, 0x220e, 0x220e, 0x220e, 0x220e, 0x220e, 0x220e, 0x220e, 
	0x220e, 0x220e, 0x220e, 0x220e, 0x220e, 0x220e, 0x220e, 0x220e, 0x220e, 0x220e, 0x220e, 0x220e, 0x220e, 0x220e, 0x220e, 0x220e, 
	0x220e, 0x220e, 0x220e, 0x220e, 0x220e, 0x220e, 0x220e, 0x220e, 0x220e, 0x220e, 0x220e, 0x220e, 0x220e, 0x220e, 0x220e, 0x220e, 
	0x220e, 0x220e, 0x220e, 0x220e, 0x220e, 0x220e, 0x220e, 0x220e, 0x220e, 0x220e, 0x220e, 0x220e, 0x220e, 0x220e, 0x220e, 0x220e, 
	0x220e, 0x220e, 0x220e, 0x220e, 0x220e, 0x220e, 0x220e, 0x220e, 0x220e, 0x220e, 0x220e, 0x220e, 0x220e, 0x220e, 0x220e, 0x220e, 
	0x220e, 0x220e, 0x220e, 0x220e, 0x220e, 0x220e, 0x220e, 0x220e, 0x220e, 0x220e, 0x220e, 0x220e, 0x220e, 0x220e, 0x220e, 0x220e, 
	0x220e, 0x220e, 0x220e, 0x220e, 0x220e, 0x220e, 0x220e, 0x220e, 0x220e, 0x220e, 0x220e, 0x220e, 0x220e, 0x220e, 0x220e, 0x220e, 
	0x220e, 0x220e, 0x220e, 0x220e, 0x220e, 0x220e, 0x220e, 0x220e, 0x220e, 0x220e, 0x220e, 0x220e, 0x220e, 0x220e, 0x220e, 0x220e, 
	0x220e, 0x220e, 0x220e, 0x220e, 0x220e, 0x220e, 0x220e, 0x220e, 0x220e, 0x220e, 0x220e, 0x220e, 0x220e, 0x220e, 0x220e, 0x220e, 
	0x220e, 0x220e, 0x220e, 0x220e, 0x220e, 0x220e, 0x220e, 0x220e, 0x220e, 0x220e, 0x220e, 0x220e, 0x220e, 0x220e, 0x220e, 0x220e, 
	0x220e, 0x220e, 0x220e, 0x220e, 0x220e, 0x220e, 0x220e, 0x220e, 0x220e, 0x220e, 0x220e, 0x220e, 0x220e, 0x220e, 0x220e, 0x220e, 
	0x220e, 0x220e, 0x220e, 0x220e, 0x220e, 0x220e, 0x220e, 0x220e, 0x220e, 0x220e, 0x220e, 0x220e, 0x220e, 0x220e, 0x220e, 0x220e, 
	0x220e, 0x220e, 0x220e, 0x220e, 0x220e, 0x220e, 0x220e, 0x220e, 0x220e, 0x220e, 0x220e, 0x220e, 0x220e, 0x220e, 0x220e, 0x220e, 
	0x220e, 0x220e, 0x220e, 0x220e, 0x220e, 0x220e, 0x220e, 0x220e, 0x220e, 0x220e, 0x220e, 0x220e, 0x220e, 0x220e, 0x220e, 0x220e, 
	0x220e, 0x220e, 0x220e, 0x220e, 0x220e, 0x220e, 0x220e, 0x220e, 0x220e, 0x220e, 0x220e, 0x220e, 0x220e, 0x220e, 0x220e, 0x220e, 
	0x220e, 0x220e, 0x220e, 0x220e, 0x220e, 0x220e, 0x220e, 0x220e, 0x220e, 0x220e, 0x220e, 0x220e, 0x220e, 0x220e, 0x220e, 0x220e, 
	0x220e, 0x220e, 0x220e, 0x220e, 0x220e, 0x220e, 0x220e, 0x220e, 0x220e, 0x220e, 0x220e, 0x220e, 0x220e, 0x220e, 0x220e, 0x220e, 
	0x220e, 0x220e, 0x220e, 0x220e, 0x220e, 0x220e, 0x220e, 0x220e, 0x220e, 0x220e, 0x220e, 0x220e, 0x220e, 0x220e, 0x220e, 0x220e, 
	0x220e, 0x220e, 0x220e, 0x220e, 0x220e, 0x220e, 0x220e, 0x220e, 0x220e, 0x220e, 0x220e, 0x220e, 0x220e, 0x220e, 0x220e, 0x220e, 
	0x220e, 0x220e, 0x220e, 0x220e, 0x220e, 0x220e, 0x220e, 0x220e, 0x220e, 0x220e, 0x220e, 0x220e, 0x220e, 0x220e, 0x220e, 0x220e, 
	0x220e, 0x220e, 0x220e, 0x220e, 0x220e, 0x220e, 0x220e, 0x220e, 0x220e, 0x220e, 0x220e, 0x220e, 0x220e, 0x220e, 0x220e, 0x220e, 
	0x220e, 0x220e, 0x220e, 0x220e, 0x220e, 0x220e, 0x220e, 0x220e, 0x220e, 0x220e, 0x220e, 0x220e, 0x220e, 0x220e, 0x220e, 0x220e, 
	0x220e, 0x220e, 0x220e, 0x220e, 0x220e, 0x220e, 0x220e, 0x220e, 0x220e, 0x220e, 0x220e, 0x220e, 0x220e, 0x220e, 0x220e, 0x220e, 
	0x220e, 0x220e, 0x220e, 0x220e, 0x220e, 0x220e, 0x220e, 0x220e, 0x220e, 0x220e, 0x220e, 0x220e, 0x220e, 0x220e, 0x220e, 0x220e, 
	0x220e, 0x220e, 0x220e, 0x220e, 0x220e, 0x220e, 0x220e, 0x220e, 0x220e, 0x220e, 0x220e, 0x220e, 0x220e, 0x220e, 0x220e, 0x220e, 
	0x220e, 0x220e, 0x220e, 0x220e, 0x220e, 0x220e, 0x220e, 0x220e, 0x220e, 0x220e, 0x220e, 0x220e, 0x220e, 0x220e, 0x220e, 0x220e, 
	0x220e, 0x220e, 0x220e, 0x220e, 0x220e, 0x220e, 0x220e, 0x220e, 0x220e, 0x220e, 0x220e, 0x220e, 0x220e, 0x220e, 0x220e, 0x220e, 
	0x220e, 0x220e, 0x220e, 0x220e, 0x220e, 0x220e, 0x220e, 0x220e, 0x220e, 0x220e, 0x220e, 0x220e, 0x220e, 0x220e, 0x220e, 0x220e, 
	0x220e, 0x220e, 0x220e, 0x220e, 0x220e, 0x220e, 0x220e, 0x220e, 0x220e, 0x220e, 0x220e, 0x220e, 0x220e, 0x220e, 0x220e, 0x220e, 
	0x220e, 0x220e, 0x220e, 0x220e, 0x220e, 0x220e, 0x220e, 0x220e, 0x220e, 0x220e, 0x220e, 0x220e, 0x220e, 0x220e, 0x220e, 0x220e, 
	0x220e, 0x220e, 0x220e, 0x220e, 0x220e, 0x220e, 0x220e, 0x220e, 0x220e, 0x220e, 0x220e, 0x220e, 0x220e, 0x220e, 0x220e, 0x220e, 
	0x220e, 0x220e, 0x220e, 0x220e, 0x220e, 0x220e, 0x220e, 0x220e, 0x220e, 0x220e, 0x220e, 0x220e, 0x220e, 0x220e, 0x220e, 0x220e, 
	0x220e, 0x220e, 0x220e, 0x220e, 0x220e, 0x220e, 0x220e, 0x220e, 0x220e, 0x220e, 0x220e, 0x220e, 0x220e, 0x220e, 0x220e, 0x220e, 
	0x220e, 0x220e, 0x220e, 0x220e, 0x220e, 0x220e, 0x220e, 0x220e, 0x220e, 0x220e, 0x220e, 0x220e, 0x220e, 0x220e, 0x220e, 0x220e, 
	0x220e, 0x220e, 0x220e, 0x220e, 0x220e, 0x220e, 0x220e, 0x220e, 0x220e, 0x220e, 0x220e, 0x220e, 0x220e, 0x220e, 0x220e, 0x220e, 
	0x220e, 0x220e, 0x220e, 0x220e, 0x220e, 0x220e, 0x220e, 0x220e, 0x220e, 0x220e, 0x220e, 0x220e, 0x220e, 0x220e, 0x220e, 0x220e, 
	0x220e, 0x220e, 0x220e, 0x220e, 0x220e, 0x220e, 0x220e, 0x220e, 0x220e, 0x220e, 0x220e, 0x220e, 0x220e, 0x220e, 0x220e, 0x220e, 
	0x220e, 0x220e, 0x220e, 0x220e, 0x220e, 0x220e, 0x220e, 0x220e, 0x220e, 0x220e, 0x220e, 0x220e, 0x220e, 0x220e, 0x220e, 0x220e, 
	0x220e, 0x220e, 0x220e, 0x220e, 0x220e, 0x220e, 0x220e, 0x220e, 0x220e, 0x220e, 0x220e, 0x220e, 0x220e, 0x220e, 0x220e, 0x220e, 
	0x220e, 0x220e, 0x220e, 0x220e, 0x220e, 0x220e, 0x220e, 0x220e, 0x220e, 0x220e, 0x220e, 0x220e, 0x220e, 0x220e, 0x220e, 0x220e, 
	0x220e, 0x220e, 0x220e, 0x220e, 0x220e, 0x220e, 0x220e, 0x220e, 0x220e, 0x220e, 0x220e, 0x220e, 0x220e, 0x220e, 0x220e, 0x220e, 
	0x220e, 0x220e, 0x220e, 0x220e, 0x220e, 0x220e, 0x220e, 0x220e, 0x220e, 0x220e, 0x220e, 0x220e, 0x220e, 0x220e, 0x220e, 0x220e, 
	0x220e, 0x220e, 0x220e, 0x220e, 0x220e, 0x220e, 0x220e, 0x220e, 0x220e, 0x220e, 0x220e, 0x220e, 0x220e, 0x220e, 0x220e, 0x220e, 
	0x220e, 0x220e, 0x220e, 0x220e, 0x220e, 0x220e, 0x220e, 0x220e, 0x220e, 0x220e, 0x220e, 0x220e, 0x220e, 0x220e, 0x220e, 0x220e, 
	0x220e, 0x220e, 0x220e, 0x220e, 0x220e, 0x220e, 0x220e, 0x220e, 0x220e, 0x220e, 0x220e, 0x220e, 0x220e, 0x220e, 0x220e, 0x220e, 
	0x220e, 0x220e, 0x220e, 0x220e, 0x220e, 0x220e, 0x220e, 0x220e, 0x220e, 0x220e, 0x220e, 0x220e, 0x220e, 0x220e, 0x220e, 0x220e, 
	0x220e, 0x220e, 0x220e, 0x220e, 0x220e, 0x220e, 0x220e, 0x220e, 0x220e, 0x220e, 0x220e, 0x220e, 0x220e, 0x220e, 0x220e, 0x220e, 
	0x220e, 0x220e, 0x220e, 0x220e, 0x220e, 0x220e, 0x220e, 0x220e, 0x220e, 0x220e, 0x220e, 0x220e, 0x220e, 0x220e, 0x220e, 0x220e, 
	0x220e, 0x220e, 0x220e, 0x220e, 0x220e, 0x220e, 0x220e, 0x220e, 0x220e, 0x220e, 0x220e, 0x220e, 0x220e, 0x220e, 0x220e, 0x220e, 
	0x220e, 0x220e, 0x220e, 0x220e, 0x220e, 0x220e, 0x220e, 0x220e, 0x220e, 0x220e, 0x220e, 0x220e, 0x220e, 0x220e, 0x220e, 0x220e, 
	0x220e, 0x220e, 0x220e, 0x220e, 0x220e, 0x220e, 0x220e, 0x220e, 0x220e, 0x220e, 0x220e, 0x220e, 0x220e, 0x220e, 0x220e, 0x220e, 
	0x220e, 0x220e, 0x220e, 0x220e, 0x220e, 0x220e, 0x220e, 0x220e, 0x220e, 0x220e, 0x220e, 0x220e, 0x220e, 0x220e, 0x220e, 0x220e, 
	0x220e, 0x220e, 0x220e, 0x220e, 0x220e, 0x220e, 0x220e, 0x220e, 0x220e, 0x220e, 0x220e, 0x220e, 0x220e, 0x220e, 0x220e, 0x220e, 
	0x220e, 0x220e, 0x220e, 0x220e, 0x220e, 0x220e, 0x220e, 0x220e, 0x220e, 0x220e, 0x220e, 0x220e, 0x220e, 0x220e, 0x220e, 0x220e, 
	0x220e, 0x220e, 0x220e, 0x220e, 0x220e, 0x220e, 0x220e, 0x220e, 0x220e, 0x220e, 0x220e, 0x220e, 0x220e, 0x220e, 0x220e, 0x220e, 
	0x220e, 0x220e, 0x220e, 0x220e, 0x220e, 0x220e, 0x220e, 0x220e, 0x220e, 0x220e, 0x220e, 0x220e, 0x220e, 0x220e, 0x220e, 0x220e, 
	0x220e, 0x220e, 0x220e, 0x220e, 0x220e, 0x220e, 0x220e, 0x220e, 0x220e, 0x220e, 0x220e, 0x220e, 0x220e, 0x220e, 0x220e, 0x220e, 
	0x220e, 0x220e, 0x220e, 0x220e, 0x220e, 0x220e, 0x220e, 0x220e, 0x220e, 0x220e, 0x220e, 0x220e, 0x220e, 0x220e, 0x220e, 0x220e, 
	0x220e, 0x220e, 0x220e, 0x220e, 0x220e, 0x220e, 0x220e, 0x220e, 0x220e, 0x220e, 0x220e, 0x220e, 0x220e, 0x220e, 0x220e, 0x220e, 
	0x220e, 0x220e, 0x220e, 0x220e, 0x220e, 0x220e, 0x220e, 0x220e, 0x220e, 0x220e, 0x220e, 0x220e, 0x220e, 0x220e, 0x220e, 0x220e, 
	0x220e, 0x220e, 0x220e, 0x220e, 0x220e, 0x220e, 0x220e, 0x220e, 0x220e, 0x220e, 0x220e, 0x220e, 0x220e, 0x220e, 0x220e, 0x220e, 
	0x220e, 0x220e, 0x220e, 0x220e, 0x220e, 0x220e, 0x220e, 0x220e, 0x220e, 0x220e, 0x220e, 0x220e, 0x220e, 0x220e, 0x220e, 0x220e, 
	0x220e, 0x220e, 0x220e, 0x220e, 0x220e, 0x220e, 0x220e, 0x220e, 0x220e, 0x220e, 0x220e, 0x220e, 0x220e, 0x220e, 0x220e, 0x220e, 
	0x220e, 0x220e, 0x220e, 0x220e, 0x220e, 0x220e, 0x220e, 0x220e, 0x220e, 0x220e, 0x220e, 0x220e, 0x220e, 0x220e, 0x220e, 0x220e, 
	0x220e, 0x220e, 0x220e, 0x220e, 0x220e, 0x220e, 0x220e, 0x220e, 0x220e, 0x220e, 0x220e, 0x220e, 0x220e, 0x220e, 0x220e, 0x220e, 
	0x220e, 0x220e, 0x220e, 0x220e, 0x220e, 0x220e, 0x220e, 0x220e, 0x220e, 0x220e, 0x220e, 0x220e, 0x220e, 0x220e, 0x220e, 0x220e, 
	0x220e, 0x220e, 0x220e, 0x220e, 0x220e, 0x220e, 0x220e, 0x220e, 0x220e, 0x220e, 0x220e, 0x220e, 0x220e, 0x220e, 0x220e, 0x220e, 
	0x220e, 0x220e, 0x220e, 0x220e, 0x220e, 0x220e, 0x220e, 0x220e, 0x220e, 0x220e, 0x220e, 0x220e, 0x220e, 0x220e, 0x220e, 0x220e, 
	0x220e, 0x220e, 0x220e, 0x220e, 0x220e, 0x220e, 0x220e, 0x220e, 0x220e, 0x220e, 0x220e, 0x220e, 0x220e, 0x220e, 0x220e, 0x220e, 
	0x220e, 0x220e, 0x220e, 0x220e, 0x220e, 0x220e, 0x220e, 0x220e, 0x220e, 0x220e, 0x220e, 0x220e, 0x220e, 0x220e, 0x220e, 0x220e, 
	0x220e, 0x220e, 0x220e, 0x220e, 0x220e, 0x220e, 0x220e, 0x220e, 0x220e, 0x220e, 0x220e, 0x220e, 0x220e, 0x220e, 0x220e, 0x220e, 
	0x220e, 0x220e, 0x220e, 0x220e, 0x220e, 0x220e, 0x220e, 0x220e, 0x220e, 0x220e, 0x220e, 0x220e, 0x220e, 0x220e, 0x220e, 0x220e, 
	0x220e, 0x220e, 0x220e, 0x220e, 0x220e, 0x220e, 0x220e, 0x220e, 0x220e, 0x220e, 0x220e, 0x220e, 0x220e, 0x220e, 0x220e, 0x220e, 
	0x220e, 0x220e, 0x220e, 0x220e, 0x220e, 0x220e, 0x220e, 0x220e, 0x220e, 0x220e, 0x220e, 0x220e, 0x220e, 0x220e, 0x220e, 0x220e, 
	0x220e, 0x220e, 0x220e, 0x220e, 0x220e, 0x220e, 0x220e, 0x220e, 0x220e, 0x220e, 0x220e, 0x220e, 0x220e, 0x220e, 0x220e, 0x220e, 
	0x220e, 0x220e, 0x220e, 0x220e, 0x220e, 0x220e, 0x220e, 0x220e, 0x220e, 0x220e, 0x220e, 0x220e, 0x220e, 0x220e, 0x220e, 0x220e, 
	0x220e, 0x220e, 0x220e, 0x220e, 0x220e, 0x220e, 0x220e, 0x220e, 0x220e, 0x220e, 0x220e, 0x220e, 0x220e, 0x220e, 0x220e, 0x220e, 
	0x220e, 0x220e, 0x220e, 0x220e, 0x220e, 0x220e, 0x220e, 0x220e, 0x220e, 0x220e, 0x220e, 0x220e, 0x220e, 0x220e, 0x220e, 0x220e, 
	0x220e, 0x220e, 0x220e, 0x220e, 0x220e, 0x220e, 0x220e, 0x220e, 0x220e, 0x220e, 0x220e, 0x220e, 0x220e, 0x220e, 0x220e, 0x220e, 
	0x220e, 0x220e, 0x220e, 0x220e, 0x220e, 0x220e, 0x220e, 0x220e, 0x220e, 0x220e, 0x220e, 0x220e, 0x220e, 0x220e, 0x220e, 0x220e, 
	0x220e, 0x220e, 0x220e, 0x220e, 0x220e, 0x220e, 0x220e, 0x220e, 0x220e, 0x220e, 0x220e, 0x220e, 0x220e, 0x220e, 0x220e, 0x220e, 
	0x220e, 0x220e, 0x220e, 0x220e, 0x220e, 0x220e, 0x220e, 0x220e, 0x220e, 0x220e, 0x220e, 0x220e, 0x220e, 0x220e, 0x220e, 0x220e, 
	0x220e, 0x220e, 0x220e, 0x220e, 0x220e, 0x220e, 0x220e, 0x220e, 0x220e, 0x220e, 0x220e, 0x220e, 0x220e, 0x220e, 0x220e, 0x220e, 
	0x220e, 0x220e, 0x220e, 0x220e, 0x220e, 0x220e, 0x220e, 0x220e, 0x220e, 0x220e, 0x220e, 0x220e, 0x220e, 0x220e, 0x220e, 0x220e, 
	0x220e, 0x220e, 0x220e, 0x220e, 0x220e, 0x220e, 0x220e, 0x220e, 0x220e, 0x220e, 0x220e, 0x220e, 0x220e, 0x220e, 0x220e, 0x220e, 
	0x220e, 0x220e, 0x220e, 0x220e, 0x220e, 0x220e, 0x220e, 0x220e, 0x220e, 0x220e, 0x220e, 0x220e, 0x220e, 0x220e, 0x220e, 0x220e, 
	0x220e, 0x220e, 0x220e, 0x220e, 0x220e, 0x220e, 0x220e, 0x220e, 0x220e, 0x220e, 0x220e, 0x220e, 0x220e, 0x220e, 0x220e, 0x220e, 
	0x220e, 0x220e, 0x220e, 0x220e, 0x220e, 0x220e, 0x220e, 0x220e, 0x220e, 0x220e, 0x220e, 0x220e, 0x220e, 0x220e, 0x220e, 0x220e, 
	0x220e, 0x220e, 0x220e, 0x220e, 0x220e, 0x220e, 0x220e, 0x220e, 0x220e, 0x220e, 0x220e, 0x220e, 0x220e, 0x220e, 0x220e, 0x220e, 
	0x220e, 0x220e, 0x220e, 0x220e, 0x220e, 0x220e, 0x220e, 0x220e, 0x220e, 0x220e, 0x220e, 0x220e, 0x220e, 0x220e, 0x220e, 0x220e, 
	0x220e, 0x220e, 0x220e, 0x220e, 0x220e, 0x220e, 0x220e, 0x220e, 0x220e, 0x220e, 0x220e, 0x220e, 0x220e, 0x220e, 0x220e, 0x220e, 
	0x220e, 0x220e, 0x220e, 0x220e, 0x220e, 0x220e, 0x220e, 0x220e, 0x220e, 0x220e, 0x220e, 0x220e, 0x220e, 0x220e, 0x220e, 0x220e, 
	0x220e, 0x220e, 0x220e, 0x220e, 0x220e, 0x220e, 0x220e, 0x220e, 0x220e, 0x220e, 0x220e, 0x220e, 0x220e, 0x220e, 0x220e, 0x220e, 
	0x220e, 0x220e, 0x220e, 0x220e, 0x220e, 0x220e, 0x220e, 0x220e, 0x220e, 0x220e, 0x220e, 0x220e, 0x220e, 0x220e, 0x220e, 0x220e, 
	0x220e, 0x220e, 0x220e, 0x220e, 0x220e, 0x220e, 0x220e, 0x220e, 0x220e, 0x220e, 0x220e, 0x220e, 0x220e, 0x220e, 0x220e, 0x220e, 
	0x220e, 0x220e, 0x220e, 0x220e, 0x220e, 0x220e, 0x220e, 0x220e, 0x220e, 0x220e, 0x220e, 0x220e, 0x220e, 0x220e, 0x220e, 0x220e, 
	0x220e, 0x220e, 0x220e, 0x220e, 0x220e, 0x220e, 0x220e, 0x220e, 0x220e, 0x220e, 0x220e, 0x220e, 0x220e, 0x220e, 0x220e, 0x220e, 
	0x220e, 0x220e, 0x220e, 0x220e, 0x220e, 0x220e, 0x220e, 0x220e, 0x220e, 0x220e, 0x220e, 0x220e, 0x220e, 0x220e, 0x220e, 0x220e, 
	0x220e, 0x220e, 0x220e, 0x220e, 0x220e, 0x220e, 0x220e, 0x220e, 0x220e, 0x220e, 0x220e, 0x220e, 0x220e, 0x220e, 0x220e, 0x220e, 
	0x220e, 0x220e, 0x220e, 0x220e, 0x220e, 0x220e, 0x220e, 0x220e, 0x220e, 0x220e, 0x220e, 0x220e, 0x220e, 0x220e, 0x220e, 0x220e, 
	0x220e, 0x220e, 0x220e, 0x220e, 0x220e, 0x220e, 0x220e, 0x220e, 0x220e, 0x220e, 0x220e, 0x220e, 0x220e, 0x220e, 0x220e, 0x220e, 
	0x220e, 0x220e, 0x220e, 0x220e, 0x220e, 0x220e, 0x220e, 0x220e, 0x220e, 0x220e, 0x220e, 0x220e, 0x220e, 0x220e, 0x220e, 0x220e, 
	0x220e, 0x220e, 0x220e, 0x220e, 0x220e, 0x220e, 0x220e, 0x220e, 0x220e, 0x220e, 0x220e, 0x220e, 0x220e, 0x220e, 0x220e, 0x220e, 
	0x220e, 0x220e, 0x220e, 0x220e, 0x220e, 0x220e, 0x220e, 0x220e, 0x220e, 0x220e, 0x220e, 0x220e, 0x220e, 0x220e, 0x220e, 0x220e, 
	0x220e, 0x220e, 0x220e, 0x220e, 0x220e, 0x220e, 0x220e, 0x220e, 0x220e, 0x220e, 0x220e, 0x220e, 0x220e, 0x220e, 0x220e, 0x220e, 
	0x220e, 0x220e, 0x220e, 0x220e, 0x220e, 0x220e, 0x220e, 0x220e, 0x220e, 0x220e, 0x220e, 0x220e, 0x220e, 0x220e, 0x220e, 0x220e, 
	0x220e, 0x220e, 0x220e, 0x220e, 0x220e, 0x220e, 0x220e, 0x220e, 0x220e, 0x220e, 0x220e, 0x220e, 0x220e, 0x220e, 0x220e, 0x220e, 
	0x220e, 0x220e, 0x220e, 0x220e, 0x220e, 0x220e, 0x220e, 0x220e, 0x220e, 0x220e, 0x220e, 0x220e, 0x220e, 0x220e, 0x220e, 0x220e, 
	0x220e, 0x220e, 0x220e, 0x220e, 0x220e, 0x220e, 0x220e, 0x220e, 0x220e, 0x220e, 0x220e, 0x220e, 0x220e, 0x220e, 0x220e, 0x220e, 
	0x220e, 0x220e, 0x220e, 0x220e, 0x220e, 0x220e, 0x220e, 0x220e, 0x220e, 0x220e, 0x220e, 0x220e, 0x220e, 0x220e, 0x220e, 0x220e, 
	0x220e, 0x220e, 0x220e, 0x220e, 0x220e, 0x220e, 0x220e, 0x220e, 0x220e, 0x220e, 0x220e, 0x220e, 0x220e, 0x220e, 0x220e, 0x220e, 
	0x220e, 0x220e, 0x220e, 0x220e, 0x220e, 0x220e, 0x220e, 0x220e, 0x220e, 0x220e, 0x220e, 0x220e, 0x220e, 0x220e, 0x220e, 0x220e, 
	0x220e, 0x220e, 0x220e, 0x220e, 0x220e, 0x220e, 0x220e, 0x220e, 0x220e, 0x220e, 0x220e, 0x220e, 0x220e, 0x220e, 0x220e, 0x220e, 
	0x220e, 0x220e, 0x220e, 0x220e, 0x220e, 0x220e, 0x220e, 0x220e, 0x220e, 0x220e, 0x220e, 0x220e, 0x220e, 0x220e, 0x220e, 0x220e, 
	0x220e, 0x220e, 0x220e, 0x220e, 0x220e, 0x220e, 0x220e, 0x220e, 0x220e, 0x220e, 0x220e, 0x220e, 0x220e, 0x220e, 0x220e, 0x220e, 
	0x220e, 0x220e, 0x220e, 0x220e, 0x220e, 0x220e, 0x220e, 0x220e, 0x220e, 0x220e, 0x220e, 0x220e, 0x220e, 0x220e, 0x220e, 0x220e, 
	0x220e, 0x220e, 0x220e, 0x220e, 0x220e, 0x220e, 0x220e, 0x220e, 0x220e, 0x220e, 0x220e, 0x220e, 0x220e, 0x220e, 0x220e, 0x220e, 
	0x220e, 0x220e, 0x220e, 0x220e, 0x220e, 0x220e, 0x220e, 0x220e, 0x220e, 0x220e, 0x220e, 0x220e, 0x220e, 0x220e, 0x220e, 0x220e, 
	0x220e, 0x220e, 0x220e, 0x220e, 0x220e, 0x220e, 0x220e, 0x220e, 0x220e, 0x220e, 0x220e, 0x220e, 0x220e, 0x220e, 0x220e, 0x220e, 
	0x220e, 0x220e, 0x220e, 0x220e, 0x220e, 0x220e, 0x220e, 0x220e, 0x220e, 0x220e, 0x220e, 0x220e, 0x220e, 0x220e, 0x220e, 0x220e, 
	0x220e, 0x220e, 0x220e, 0x220e, 0x220e, 0x220e, 0x220e, 0x220e, 0x220e, 0x220e, 0x220e, 0x220e, 0x220e, 0x220e, 0x220e, 0x220e, 
	0x220e, 0x220e, 0x220e, 0x220e, 0x220e, 0x220e, 0x220e, 0x220e, 0x220e, 0x220e, 0x220e, 0x220e, 0x220e, 0x220e, 0x220e, 0x220e, 
	0x220e, 0x220e, 0x220e, 0x220e, 0x220e, 0x220e, 0x220e, 0x220e, 0x220e, 0x220e, 0x220e, 0x220e, 0x220e, 0x220e, 0x220e, 0x220e, 
	0x220e, 0x220e, 0x220e, 0x220e, 0x220e, 0x220e, 0x220e, 0x220e, 0x220e, 0x220e, 0x220e, 0x220e, 0x220e, 0x220e, 0x220e, 0x220e, 
	0x220e, 0x220e, 0x220e, 0x220e, 0x220e, 0x220e, 0x220e, 0x220e, 0x220e, 0x220e, 0x220e, 0x220e, 0x220e, 0x220e, 0x220e, 0x220e, 
	0x220e, 0x220e, 0x220e, 0x220e, 0x220e, 0x220e, 0x220e, 0x220e, 0x220e, 0x220e, 0x220e, 0x220e, 0x220e, 0x220e, 0x220e, 0x220e, 
	0x220e, 0x220e, 0x220e, 0x220e, 0x220e, 0x220e, 0x220e, 0x220e, 0x220e, 0x220e, 0x220e, 0x220e, 0x220e, 0x220e, 0x220e, 0x220e, 
	0x220e, 0x220e, 0x220e, 0x220e, 0x220e, 0x220e, 0x220e, 0x220e, 0x220e, 0x220e, 0x220e, 0x220e, 0x220e, 0x220e, 0x220e, 0x220e, 
	0x220e, 0x220e, 0x220e, 0x220e, 0x220e, 0x220e, 0x220e, 0x220e, 0x220e, 0x220e, 0x220e, 0x220e, 0x220e, 0x220e, 0x220e, 0x220e, 
	0x220e, 0x220e, 0x220e, 0x220e, 0x220e, 0x220e, 0x220e, 0x220e, 0x220e, 0x220e, 0x220e, 0x220e, 0x220e, 0x220e, 0x220e, 0x220e, 
	0x220e, 0x220e, 0x220e, 0x220e, 0x220e, 0x220e, 0x220e, 0x220e, 0x220e, 0x220e, 0x220e, 0x220e, 0x220e, 0x220e, 0x220e, 0x220e, 
	0x220e, 0x220e, 0x220e, 0x220e, 0x220e, 0x220e, 0x220e, 0x220e, 0x220e, 0x220e, 0x220e, 0x220e, 0x220e, 0x220e, 0x220e, 0x220e, 
	0x220e, 0x220e, 0x220e, 0x220e, 0x220e, 0x220e, 0x220e, 0x220e, 0x220e, 0x220e, 0x220e, 0x220e, 0x220e, 0x220e, 0x220e, 0x220e, 
	0x220e, 0x220e, 0x220e, 0x220e, 0x220e, 0x220e, 0x220e, 0x220e, 0x220e, 0x220e, 0x220e, 0x220e, 0x220e, 0x220e, 0x220e, 0x220e, 
	0x220e, 0x220e, 0x220e, 0x220e, 0x220e, 0x220e, 0x220e, 0x220e, 0x220e, 0x220e, 0x220e, 0x220e, 0x220e, 0x220e, 0x220e, 0x220e, 
	0x220e, 0x220e, 0x220e, 0x220e, 0x220e, 0x220e, 0x220e, 0x220e, 0x220e, 0x220e, 0x220e, 0x220e, 0x220e, 0x220e, 0x220e, 0x220e, 
	0x220e, 0x220e, 0x220e, 0x220e, 0x220e, 0x220e, 0x220e, 0x220e, 0x220e, 0x220e, 0x220e, 0x220e, 0x220e, 0x220e, 0x220e, 0x220e, 
	0x220e, 0x220e, 0x220e, 0x220e, 0x220e, 0x220e, 0x220e, 0x220e, 0x220e, 0x220e, 0x220e, 0x220e, 0x220e, 0x220e, 0x220e, 0x220e, 
	0x220e, 0x220e, 0x220e, 0x220e, 0x220e, 0x220e, 0x220e, 0x220e, 0x220e, 0x220e, 0x220e, 0x220e, 0x220e, 0x220e, 0x220e, 0x220e, 
	0x220e, 0x220e, 0x220e, 0x220e, 0x220e, 0x220e, 0x220e, 0x220e, 0x220e, 0x220e, 0x220e, 0x220e, 0x220e, 0x220e, 0x220e, 0x220e, 
	0x220e, 0x220e, 0x220e, 0x220e, 0x220e, 0x220e, 0x220e, 0x220e, 0x220e, 0x220e, 0x220e, 0x220e, 0x220e, 0x220e, 0x220e, 0x220e, 
	0x220e, 0x220e, 0x220e, 0x220e, 0x220e, 0x220e, 0x220e, 0x220e, 0x220e, 0x220e, 0x220e, 0x220e, 0x220e, 0x220e, 0x220e, 0x220e, 
	0x220e, 0x220e, 0x220e, 0x220e, 0x220e, 0x220e, 0x220e, 0x220e, 0x220e, 0x220e, 0x220e, 0x220e, 0x220e, 0x220e, 0x220e, 0x220e, 
	0x220e, 0x220e, 0x220e, 0x220e, 0x220e, 0x220e, 0x220e, 0x220e, 0x220e, 0x220e, 0x220e, 0x220e, 0x220e, 0x220e, 0x220e, 0x220e, 
	0x220e, 0x220e, 0x220e, 0x220e, 0x220e, 0x220e, 0x220e, 0x220e, 0x220e, 0x220e, 0x220e, 0x220e, 0x220e, 0x220e, 0x220e, 0x220e, 
	0x220e, 0x220e, 0x220e, 0x220e, 0x220e, 0x220e, 0x220e, 0x220e, 0x220e, 0x220e, 0x220e, 0x220e, 0x220e, 0x220e, 0x220e, 0x220e, 
	0x220e, 0x220e, 0x220e, 0x220e, 0x220e, 0x220e, 0x220e, 0x220e, 0x220e, 0x220e, 0x220e, 0x220e, 0x220e, 0x220e, 0x220e, 0x220e, 
	0x220e, 0x220e, 0x220e, 0x220e, 0x220e, 0x220e, 0x220e, 0x220e, 0x220e, 0x220e, 0x220e, 0x220e, 0x220e, 0x220e, 0x220e, 0x220e, 
	0x220e, 0x220e, 0x220e, 0x220e, 0x220e, 0x220e, 0x220e, 0x220e, 0x220e, 0x220e, 0x220e, 0x220e, 0x220e, 0x220e, 0x220e, 0x220e, 
	0x220e, 0x220e, 0x220e, 0x220e, 0x220e, 0x220e, 0x220e, 0x220e, 0x220e, 0x220e, 0x220e, 0x220e, 0x220e, 0x220e, 0x220e, 0x220e, 
	0x220e, 0x220e, 0x220e, 0x220e, 0x220e, 0x220e, 0x220e, 0x220e, 0x220e, 0x220e, 0x220e, 0x220e, 0x220e, 0x220e, 0x220e, 0x220e, 
	0x220e, 0x220e, 0x220e, 0x220e, 0x220e, 0x220e, 0x220e, 0x220e, 0x220e, 0x220e, 0x220e, 0x220e, 0x220e, 0x220e, 0x220e, 0x220e, 
	0x220e, 0x220e, 0x220e, 0x220e, 0x220e, 0x220e, 0x220e, 0x220e, 0x220e, 0x220e, 0x220e, 0x220e, 0x220e, 0x220e, 0x220e, 0x220e, 
	0x220e, 0x220e, 0x220e, 0x220e, 0x220e, 0x220e, 0x220e, 0x220e, 0x220e, 0x220e, 0x220e, 0x220e, 0x220e, 0x220e, 0x220e, 0x220e, 
	0x220e, 0x220e, 0x220e, 0x220e, 0x220e, 0x220e, 0x220e, 0x220e, 0x220e, 0x220e, 0x220e, 0x220e, 0x220e, 0x220e, 0x220e, 0x220e, 
	0x220e, 0x220e, 0x220e, 0x220e, 0x220e, 0x220e, 0x220e, 0x220e, 0x220e, 0x220e, 0x220e, 0x220e, 0x220e, 0x220e, 0x220e, 0x220e, 
	0x220e, 0x220e, 0x220e, 0x220e, 0x220e, 0x220e, 0x220e, 0x220e, 0x220e, 0x220e, 0x220e, 0x220e, 0x220e, 0x220e, 0x220e, 0x220e, 
	0x220e, 0x220e, 0x220e, 0x220e, 0x220e, 0x220e, 0x220e, 0x220e, 0x220e, 0x220e, 0x220e, 0x220e, 0x220e, 0x220e, 0x220e, 0x220e, 
	0x220e, 0x220e, 0x220e, 0x220e, 0x220e, 0x220e, 0x220e, 0x220e, 0x220e, 0x220e, 0x220e, 0x220e, 0x220e, 0x220e, 0x220e, 0x220e, 
	0x220e, 0x220e, 0x220e, 0x220e, 0x220e, 0x220e, 0x220e, 0x220e, 0x220e, 0x220e, 0x220e, 0x220e, 0x220e, 0x220e, 0x220e, 0x220e, 
	0x220e, 0x220e, 0x220e, 0x220e, 0x220e, 0x220e, 0x220e, 0x220e, 0x220e, 0x220e, 0x220e, 0x220e, 0x220e, 0x220e, 0x220e, 0x220e, 
	0x220e, 0x220e, 0x220e, 0x220e, 0x220e, 0x220e, 0x220e, 0x220e, 0x220e, 0x220e, 0x220e, 0x220e, 0x220e, 0x220e, 0x220e, 0x220e, 
	0x220e, 0x220e, 0x220e, 0x220e, 0x220e, 0x220e, 0x220e, 0x220e, 0x220e, 0x220e, 0x220e, 0x220e, 0x220e, 0x220e, 0x220e, 0x220e, 
	0x220e, 0x220e, 0x220e, 0x220e, 0x220e, 0x220e, 0x220e, 0x220e, 0x220e, 0x220e, 0x220e, 0x220e, 0x220e, 0x220e, 0x220e, 0x220e, 
	0x220e, 0x220e, 0x220e, 0x220e, 0x220e, 0x220e, 0x220e, 0x220e, 0x220e, 0x220e, 0x220e, 0x220e, 0x220e, 0x220e, 0x220e, 0x220e, 
	0x220e, 0x220e, 0x220e, 0x220e, 0x220e, 0x220e, 0x220e, 0x220e, 0x220e, 0x220e, 0x220e, 0x220e, 0x220e, 0x220e, 0x220e, 0x220e, 
	0x220e, 0x220e, 0x220e, 0x220e, 0x220e, 0x220e, 0x220e, 0x220e, 0x220e, 0x220e, 0x220e, 0x220e, 0x220e, 0x220e, 0x220e, 0x220e, 
	0x220e, 0x220e, 0x220e, 0x220e, 0x220e, 0x220e, 0x220e, 0x220e, 0x220e, 0x220e, 0x220e, 0x220e, 0x220e, 0x220e, 0x220e, 0x220e, 
	0x220e, 0x220e, 0x220e, 0x220e, 0x220e, 0x220e, 0x220e, 0x220e, 0x220e, 0x220e, 0x220e, 0x220e, 0x220e, 0x220e, 0x220e, 0x220e, 
	0x220e, 0x220e, 0x220e, 0x220e, 0x220e, 0x220e, 0x220e, 0x220e, 0x220e, 0x220e, 0x220e, 0x220e, 0x220e, 0x220e, 0x220e, 0x220e, 
	0x220e, 0x220e, 0x220e, 0x220e, 0x220e, 0x220e, 0x220e, 0x220e, 0x220e, 0x220e, 0x220e, 0x220e, 0x220e, 0x220e, 0x220e, 0x220e, 
	0x220e, 0x220e, 0x220e, 0x220e, 0x220e, 0x220e, 0x220e, 0x220e, 0x220e, 0x220e, 0x220e, 0x220e, 0x220e, 0x220e, 0x220e, 0x220e, 
	0x220e, 0x220e, 0x220e, 0x220e, 0x220e, 0x220e, 0x220e, 0x220e, 0x220e, 0x220e, 0x220e, 0x220e, 0x220e, 0x220e, 0x220e, 0x220e, 
	0x220e, 0x220e, 0x220e, 0x220e, 0x220e, 0x220e, 0x220e, 0x220e, 0x220e, 0x220e, 0x220e, 0x220e, 0x220e, 0x220e, 0x220e, 0x220e, 
	0x220e, 0x220e, 0x220e, 0x220e, 0x220e, 0x220e, 0x220e, 0x220e, 0x220e, 0x220e, 0x220e, 0x220e, 0x220e, 0x220e, 0x220e, 0x220e, 
	0x220e, 0x220e, 0x220e, 0x220e, 0x220e, 0x220e, 0x220e, 0x220e, 0x220e, 0x220e, 0x220e, 0x220e, 0x220e, 0x220e, 0x220e, 0x220e, 
	0x220e, 0x220e, 0x220e, 0x220e, 0x220e, 0x220e, 0x220e, 0x220e, 0x220e, 0x220e, 0x220e, 0x220e, 0x220e, 0x220e, 0x220e, 0x220e, 
	0x220e, 0x220e, 0x220e, 0x220e, 0x220e, 0x220e, 0x220e, 0x220e, 0x220e, 0x220e, 0x220e, 0x220e, 0x220e, 0x220e, 0x220e, 0x220e, 
	0x220e, 0x220e, 0x220e, 0x220e, 0x220e, 0x220e, 0x220e, 0x220e, 0x220e, 0x220e, 0x220e, 0x220e, 0x220e, 0x220e, 0x220e, 0x220e, 
	0x220e, 0x220e, 0x220e, 0x220e, 0x220e, 0x220e, 0x220e, 0x220e, 0x220e, 0x220e, 0x220e, 0x220e, 0x220e, 0x220e, 0x220e, 0x220e, 
	0x220e, 0x220e, 0x220e, 0x220e, 0x220e, 0x220e, 0x220e, 0x220e, 0x220e, 0x220e, 0x220e, 0x220e, 0x220e, 0x220e, 0x220e, 0x220e, 
	0x220e, 0x220e, 0x220e, 0x220e, 0x220e, 0x220e, 0x220e, 0x220e, 0x220e, 0x220e, 0x220e, 0x220e, 0x220e, 0x220e, 0x220e, 0x220e, 
	0x220e, 0x220e, 0x220e, 0x220e, 0x220e, 0x220e, 0x220e, 0x220e, 0x220e, 0x220e, 0x220e, 0x220e, 0x220e, 0x220e, 0x220e, 0x220e, 
	0x220e, 0x220e, 0x220e, 0x220e, 0x220e, 0x220e, 0x220e, 0x220e, 0x220e, 0x220e, 0x220e, 0x220e, 0x220e, 0x220e, 0x220e, 0x220e, 
	0x220e, 0x220e, 0x220e, 0x220e, 0x220e, 0x220e, 0x220e, 0x220e, 0x220e, 0x220e, 0x220e, 0x220e, 0x220e, 0x220e, 0x220e, 0x220e, 
	0x220e, 0x220e, 0x220e, 0x220e, 0x220e, 0x220e, 0x220e, 0x220e, 0x220e, 0x220e, 0x220e, 0x220e, 0x220e, 0x220e, 0x220e, 0x220e, 
	0x220e, 0x220e, 0x220e, 0x220e, 0x220e, 0x220e, 0x220e, 0x220e, 0x220e, 0x220e, 0x220e, 0x220e, 0x220e, 0x220e, 0x220e, 0x220e, 
	0x220e, 0x220e, 0x220e, 0x220e, 0x220e, 0x220e, 0x220e, 0x220e, 0x220e, 0x220e, 0x220e, 0x220e, 0x220e, 0x220e, 0x220e, 0x220e, 
	0x220e, 0x220e, 0x220e, 0x220e, 0x220e, 0x220e, 0x220e, 0x220e, 0x220e, 0x220e, 0x220e, 0x220e, 0x220e, 0x220e, 0x220e, 0x220e, 
	0x220e, 0x220e, 0x220e, 0x220e, 0x220e, 0x220e, 0x220e, 0x220e, 0x220e, 0x220e, 0x220e, 0x220e, 0x220e, 0x220e, 0x220e, 0x220e, 
	0x220e, 0x220e, 0x220e, 0x220e, 0x220e, 0x220e, 0x220e, 0x220e, 0x220e, 0x220e, 0x220e, 0x220e, 0x220e, 0x220e, 0x220e, 0x220e, 
	0x220e, 0x220e, 0x220e, 0x220e, 0x220e, 0x220e, 0x220e, 0x220e, 0x220e, 0x220e, 0x220e, 0x220e, 0x220e, 0x220e, 0x220e, 0x220e, 
	0x220e, 0x220e, 0x220e, 0x220e, 0x220e, 0x220e, 0x220e, 0x220e, 0x220e, 0x220e, 0x220e, 0x220e, 0x220e, 0x220e, 0x220e, 0x220e, 
	0x220e, 0x220e, 0x220e, 0x220e, 0x220e, 0x220e, 0x220e, 0x220e, 0x220e, 0x220e, 0x220e, 0x220e, 0x220e, 0x220e, 0x220e, 0x220e, 
	0x220e, 0x220e, 0x220e, 0x220e, 0x220e, 0x220e, 0x220e, 0x220e, 0x220e, 0x220e, 0x220e, 0x220e, 0x220e, 0x220e, 0x220e, 0x220e, 
	0x220e, 0x220e, 0x220e, 0x220e, 0x220e, 0x220e, 0x220e, 0x220e, 0x220e, 0x220e, 0x220e, 0x220e, 0x220e, 0x220e, 0x220e, 0x220e, 
	0x220e, 0x220e, 0x220e, 0x220e, 0x220e, 0x220e, 0x220e, 0x220e, 0x220e, 0x220e, 0x220e, 0x220e, 0x220e, 0x220e, 0x220e, 0x220e, 
	0x220e, 0x220e, 0x220e, 0x220e, 0x220e, 0x220e, 0x220e, 0x220e, 0x220e, 0x220e, 0x220e, 0x220e, 0x220e, 0x220e, 0x220e, 0x220e, 
	0x220e, 0x220e, 0x220e, 0x220e, 0x220e, 0x220e, 0x220e, 0x220e, 0x220e, 0x220e, 0x220e, 0x220e, 0x220e, 0x220e, 0x220e, 0x220e, 
	0x220e, 0x220e, 0x220e, 0x220e, 0x220e, 0x220e, 0x220e, 0x220e, 0x220e, 0x220e, 0x220e, 0x220e, 0x220e, 0x220e, 0x220e, 0x220e, 
	0x220e, 0x220e, 0x220e, 0x220e, 0x220e, 0x220e, 0x220e, 0x220e, 0x220e, 0x220e, 0x220e, 0x220e, 0x220e, 0x220e, 0x220e, 0x220e, 
	0x220e, 0x220e, 0x220e, 0x220e, 0x220e, 0x220e, 0x220e, 0x220e, 0x220e, 0x220e, 0x220e, 0x220e, 0x220e, 0x220e, 0x220e, 0x220e, 
	0x220e, 0x220e, 0x220e, 0x220e, 0x220e, 0x220e, 0x220e, 0x220e, 0x220e, 0x220e, 0x220e, 0x220e, 0x220e, 0x220e, 0x220e, 0x220e, 
	0x220e, 0x220e, 0x220e, 0x220e, 0x220e, 0x220e, 0x220e, 0x220e, 0x220e, 0x220e, 0x220e, 0x220e, 0x220e, 0x220e, 0x220e, 0x220e, 
	0x220e, 0x220e, 0x220e, 0x220e, 0x220e, 0x220e, 0x220e, 0x220e, 0x220e, 0x220e, 0x220e, 0x220e, 0x220e, 0x220e, 0x220e, 0x220e, 
	0x220e, 0x220e, 0x220e, 0x220e, 0x220e, 0x220e, 0x220e, 0x220e, 0x220e, 0x220e, 0x220e, 0x220e, 0x220e, 0x220e, 0x220e, 0x220e, 
	0x220e, 0x220e, 0x220e, 0x220e, 0x220e, 0x220e, 0x220e, 0x220e, 0x220e, 0x220e, 0x220e, 0x220e, 0x220e, 0x220e, 0x220e, 0x220e, 
	0x220e, 0x220e, 0x220e, 0x220e, 0x220e, 0x220e, 0x220e, 0x220e, 0x220e, 0x220e, 0x220e, 0x220e, 0x220e, 0x220e, 0x220e, 0x220e, 
	0x220e, 0x220e, 0x220e, 0x220e, 0x220e, 0x220e, 0x220e, 0x220e, 0x220e, 0x220e, 0x220e, 0x220e, 0x220e, 0x220e, 0x220e, 0x220e, 
	0x220e, 0x220e, 0x220e, 0x220e, 0x220e, 0x220e, 0x220e, 0x220e, 0x220e, 0x220e, 0x220e, 0x220e, 0x220e, 0x220e, 0x220e, 0x220e, 
	0x220e, 0x220e, 0x220e, 0x220e, 0x220e, 0x220e, 0x220e, 0x220e, 0x220e, 0x220e, 0x220e, 0x220e, 0x220e, 0x220e, 0x220e, 0x220e, 
	0x220e, 0x220e, 0x220e, 0x220e, 0x220e, 0x220e, 0x220e, 0x220e, 0x220e, 0x220e, 0x220e, 0x220e, 0x220e, 0x220e, 0x220e, 0x220e, 
	0x220e, 0x220e, 0x220e, 0x220e, 0x220e, 0x220e, 0x220e, 0x220e, 0x220e, 0x220e, 0x220e, 0x220e, 0x220e, 0x220e, 0x220e, 0x220e, 
	0x220e, 0x220e, 0x220e, 0x220e, 0x220e, 0x220e, 0x220e, 0x220e, 0x220e, 0x220e, 0x220e, 0x220e, 0x220e, 0x220e, 0x220e, 0x220e, 
	0x220e, 0x220e, 0x220e, 0x220e, 0x220e, 0x220e, 0x220e, 0x220e, 0x220e, 0x220e, 0x220e, 0x220e, 0x220e, 0x220e, 0x220e, 0x220e, 
	0x220e, 0x220e, 0x220e, 0x220e, 0x220e, 0x220e, 0x220e, 0x220e, 0x220e, 0x220e, 0x220e, 0x220e, 0x220e, 0x220e, 0x220e, 0x220e, 
	0x220e, 0x220e, 0x220e, 0x220e, 0x220e, 0x220e, 0x220e, 0x220e, 0x220e, 0x220e, 0x220e, 0x220e, 0x220e, 0x220e, 0x220e, 0x220e, 
	0x220e, 0x220e, 0x220e, 0x220e, 0x220e, 0x220e, 0x220e, 0x220e, 0x220e, 0x220e, 0x220e, 0x220e, 0x220e, 0x220e, 0x220e, 0x220e, 
	0x220e, 0x220e, 0x220e, 0x220e, 0x220e, 0x220e, 0x220e, 0x220e, 0x220e, 0x220e, 0x220e, 0x220e, 0x220e, 0x220e, 0x220e, 0x220e, 
	0x220e, 0x220e, 0x220e, 0x220e, 0x220e, 0x220e, 0x220e, 0x220e, 0x220e, 0x220e, 0x220e, 0x220e, 0x220e, 0x220e, 0x220e, 0x220e, 
	0x220e, 0x220e, 0x220e, 0x220e, 0x220e, 0x220e, 0x220e, 0x220e, 0x220e, 0x220e, 0x220e, 0x220e, 0x220e, 0x220e, 0x220e, 0x220e, 
	0x220e, 0x220e, 0x220e, 0x220e, 0x220e, 0x220e, 0x220e, 0x220e, 0x220e, 0x220e, 0x220e, 0x220e, 0x220e, 0x220e, 0x220e, 0x220e, 
	0x220e, 0x220e, 0x220e, 0x220e, 0x220e, 0x220e, 0x220e, 0x220e, 0x220e, 0x220e, 0x220e, 0x220e, 0x220e, 0x220e, 0x220e, 0x220e, 
	0x220e, 0x220e, 0x220e, 0x220e, 0x220e, 0x220e, 0x220e, 0x220e, 0x220e, 0x220e, 0x220e, 0x220e, 0x220e, 0x220e, 0x220e, 0x220e, 
	0x220e, 0x220e, 0x220e, 0x220e, 0x220e, 0x220e, 0x220e, 0x220e, 0x220e, 0x220e, 0x220e, 0x220e, 0x220e, 0x220e, 0x220e, 0x220e, 
	0x220e, 0x220e, 0x220e, 0x220e, 0x220e, 0x220e, 0x220e, 0x220e, 0x220e, 0x220e, 0x220e, 0x220e, 0x220e, 0x220e, 0x220e, 0x220e, 
	0x220e, 0x220e, 0x220e, 0x220e, 0x220e, 0x220e, 0x220e, 0x220e, 0x220e, 0x220e, 0x220e, 0x220e, 0x220e, 0x220e, 0x220e, 0x220e, 
	0x220e, 0x220e, 0x220e, 0x220e, 0x220e, 0x220e, 0x220e, 0x220e, 0x220e, 0x220e, 0x220e, 0x220e, 0x220e, 0x220e, 0x220e, 0x220e, 
	0x220e, 0x220e, 0x220e, 0x220e, 0x220e, 0x220e, 0x220e, 0x220e, 0x220e, 0x220e, 0x220e, 0x220e, 0x220e, 0x220e, 0x220e, 0x220e, 
	0x220e, 0x220e, 0x220e, 0x220e, 0x220e, 0x220e, 0x220e, 0x220e, 0x220e, 0x220e, 0x220e, 0x220e, 0x220e, 0x220e, 0x220e, 0x220e, 
	0x220e, 0x220e, 0x220e, 0x220e, 0x220e, 0x220e, 0x220e, 0x220e, 0x220e, 0x220e, 0x220e, 0x220e, 0x220e, 0x220e, 0x220e, 0x220e, 
	0x220e, 0x220e, 0x220e, 0x220e, 0x220e, 0x220e, 0x220e, 0x220e, 0x220e, 0x220e, 0x220e, 0x220e, 0x220e, 0x220e, 0x220e, 0x220e, 
	0x220e, 0x220e, 0x220e, 0x220e, 0x220e, 0x220e, 0x220e, 0x220e, 0x220e, 0x220e, 0x220e, 0x220e, 0x220e, 0x220e, 0x220e, 0x220e, 
	0x220e, 0x220e, 0x220e, 0x220e, 0x220e, 0x220e, 0x220e, 0x220e, 0x220e, 0x220e, 0x220e, 0x220e, 0x220e, 0x220e, 0x220e, 0x220e, 
	0x220e, 0x220e, 0x220e, 0x220e, 0x220e, 0x220e, 0x220e, 0x220e, 0x220e, 0x220e, 0x220e, 0x220e, 0x220e, 0x220e, 0x220e, 0x220e, 
	0x220e, 0x220e, 0x220e, 0x220e, 0x220e, 0x220e, 0x220e, 0x220e, 0x220e, 0x220e, 0x220e, 0x220e, 0x220e, 0x220e, 0x220e, 0x220e, 
	0x220e, 0x220e, 0x220e, 0x220e, 0x220e, 0x220e, 0x220e, 0x220e, 0x220e, 0x220e, 0x220e, 0x220e, 0x220e, 0x220e, 0x220e, 0x220e, 
	0x220e, 0x220e, 0x220e, 0x220e, 0x220e, 0x220e, 0x220e, 0x220e, 0x220e, 0x220e, 0x220e, 0x220e, 0x220e, 0x220e, 0x220e, 0x220e, 
	0x220e, 0x220e, 0x220e, 0x220e, 0x220e, 0x220e, 0x220e, 0x220e, 0x220e, 0x220e, 0x220e, 0x220e, 0x220e, 0x220e, 0x220e, 0x220e, 
	0x220e, 0x220e, 0x220e, 0x220e, 0x220e, 0x220e, 0x220e, 0x220e, 0x220e, 0x220e, 0x220e, 0x220e, 0x220e, 0x220e, 0x220e, 0x220e, 
	0x220e, 0x220e, 0x220e, 0x220e, 0x220e, 0x220e, 0x220e, 0x220e, 0x220e, 0x220e, 0x220e, 0x220e, 0x220e, 0x220e, 0x220e, 0x220e, 
	0x220e, 0x220e, 0x220e, 0x220e, 0x220e, 0x220e, 0x220e, 0x220e, 0x220e, 0x220e, 0x220e, 0x220e, 0x220e, 0x220e, 0x220e, 0x220e, 
	0x220e, 0x220e, 0x220e, 0x220e, 0x220e, 0x220e, 0x220e, 0x220e, 0x220e, 0x220e, 0x220e, 0x220e, 0x220e, 0x220e, 0x220e, 0x220e, 
	0x220e, 0x220e, 0x220e, 0x220e, 0x220e, 0x220e, 0x220e, 0x220e, 0x220e, 0x220e, 0x220e, 0x220e, 0x220e, 0x220e, 0x220e, 0x220e, 
	0x220e, 0x220e, 0x220e, 0x220e, 0x220e, 0x220e, 0x220e, 0x220e, 0x220e, 0x220e, 0x220e, 0x220e, 0x220e, 0x220e, 0x220e, 0x220e, 
	0x220e, 0x220e, 0x220e, 0x220e, 0x220e, 0x220e, 0x220e, 0x220e, 0x220e, 0x220e, 0x220e, 0x220e, 0x220e, 0x220e, 0x220e, 0x220e, 
	0x220e, 0x220e, 0x220e, 0x220e, 0x220e, 0x220e, 0x220e, 0x220e, 0x220e, 0x220e, 0x220e, 0x220e, 0x220e, 0x220e, 0x220e, 0x220e, 
	0x220e, 0x220e, 0x220e, 0x220e, 0x220e, 0x220e, 0x220e, 0x220e, 0x220e, 0x220e, 0x220e, 0x220e, 0x220e, 0x220e, 0x220e, 0x220e, 
	0x220e, 0x220e, 0x220e, 0x220e, 0x220e, 0x220e, 0x220e, 0x220e, 0x220e, 0x220e, 0x220e, 0x220e, 0x220e, 0x220e, 0x220e, 0x220e, 
	0x220e, 0x220e, 0x220e, 0x220e, 0x220e, 0x220e, 0x220e, 0x220e, 0x220e, 0x220e, 0x220e, 0x220e, 0x220e, 0x220e, 0x220e, 0x220e, 
	0x220e, 0x220e, 0x220e, 0x220e, 0x220e, 0x220e, 0x220e, 0x220e, 0x220e, 0x220e, 0x220e, 0x220e, 0x220e, 0x220e, 0x220e, 0x220e, 
	0x220e, 0x220e, 0x220e, 0x220e, 0x220e, 0x220e, 0x220e, 0x220e, 0x220e, 0x220e, 0x220e, 0x220e, 0x220e, 0x220e, 0x220e, 0x220e, 
	0x220e, 0x220e, 0x220e, 0x220e, 0x220e, 0x220e, 0x220e, 0x220e, 0x220e, 0x220e, 0x220e, 0x220e, 0x220e, 0x220e, 0x220e, 0x220e, 
	0x220e, 0x220e, 0x220e, 0x220e, 0x220e, 0x220e, 0x220e, 0x220e, 0x220e, 0x220e, 0x220e, 0x220e, 0x220e, 0x220e, 0x220e, 0x220e, 
	0x220e, 0x220e, 0x220e, 0x220e, 0x220e, 0x220e, 0x220e, 0x220e, 0x220e, 0x220e, 0x220e, 0x220e, 0x220e, 0x220e, 0x220e, 0x220e, 
	0x220e, 0x220e, 0x220e, 0x220e, 0x220e, 0x220e, 0x220e, 0x220e, 0x220e, 0x220e, 0x220e, 0x220e, 0x220e, 0x220e, 0x220e, 0x220e, 
	0x220e, 0x220e, 0x220e, 0x220e, 0x220e, 0x220e, 0x220e, 0x220e, 0x220e, 0x220e, 0x220e, 0x220e, 0x220e, 0x220e, 0x220e, 0x220e, 
	0x220e, 0x220e, 0x220e, 0x220e, 0x220e, 0x220e, 0x220e, 0x220e, 0x220e, 0x220e, 0x220e, 0x220e, 0x220e, 0x220e, 0x220e, 0x220e, 
	0x220e, 0x220e, 0x220e, 0x220e, 0x220e, 0x220e, 0x220e, 0x220e, 0x220e, 0x220e, 0x220e, 0x220e, 0x220e, 0x220e, 0x220e, 0x220e, 
	0x220e, 0x220e, 0x220e, 0x220e, 0x220e, 0x220e, 0x220e, 0x220e, 0x220e, 0x220e, 0x220e, 0x220e, 0x220e, 0x220e, 0x220e, 0x220e, 
	0x220e, 0x220e, 0x220e, 0x220e, 0x220e, 0x220e, 0x220e, 0x220e, 0x220e, 0x220e, 0x220e, 0x220e, 0x220e, 0x220e, 0x220e, 0x220e, 
	0x220e, 0x220e, 0x220e, 0x220e, 0x220e, 0x220e, 0x220e, 0x220e, 0x220e, 0x220e, 0x220e, 0x220e, 0x220e, 0x220e, 0x220e, 0x220e, 
	0x220e, 0x220e, 0x220e, 0x220e, 0x220e, 0x220e, 0x220e, 0x220e, 0x220e, 0x220e, 0x220e, 0x220e, 0x220e, 0x220e, 0x220e, 0x220e, 
	0x220e, 0x220e, 0x220e, 0x220e, 0x220e, 0x220e, 0x220e, 0x220e, 0x220e, 0x220e, 0x220e, 0x220e, 0x220e, 0x220e, 0x220e, 0x220e, 
	0x220e, 0x220e, 0x220e, 0x220e, 0x220e, 0x220e, 0x220e, 0x220e, 0x220e, 0x220e, 0x220e, 0x220e, 0x220e, 0x220e, 0x220e, 0x220e, 
	0x220e, 0x220e, 0x220e, 0x220e, 0x220e, 0x220e, 0x220e, 0x220e, 0x220e, 0x220e, 0x220e, 0x220e, 0x220e, 0x220e, 0x220e, 0x220e, 
	0x220e, 0x220e, 0x220e, 0x220e, 0x220e, 0x220e, 0x220e, 0x220e, 0x220e, 0x220e, 0x220e, 0x220e, 0x220e, 0x220e, 0x220e, 0x220e, 
	0x220e, 0x220e, 0x220e, 0x220e, 0x220e, 0x220e, 0x220e, 0x220e, 0x220e, 0x220e, 0x220e, 0x220e, 0x220e, 0x220e, 0x220e, 0x220e, 
	0x220e, 0x220e, 0x220e, 0x220e, 0x220e, 0x220e, 0x220e, 0x220e, 0x220e, 0x220e, 0x220e, 0x220e, 0x220e, 0x220e, 0x220e, 0x220e, 
	0x220e, 0x220e, 0x220e, 0x220e, 0x220e, 0x220e, 0x220e, 0x220e, 0x220e, 0x220e, 0x220e, 0x220e, 0x220e, 0x220e, 0x220e, 0x220e, 
	0x220e, 0x220e, 0x220e, 0x220e, 0x220e, 0x220e, 0x220e, 0x220e, 0x220e, 0x220e, 0x220e, 0x220e, 0x220e, 0x220e, 0x220e, 0x220e, 
	0x220e, 0x220e, 0x220e, 0x220e, 0x220e, 0x220e, 0x220e, 0x220e, 0x220e, 0x220e, 0x220e, 0x220e, 0x220e, 0x220e, 0x220e, 0x220e, 
	0x220e, 0x220e, 0x220e, 0x220e, 0x220e, 0x220e, 0x220e, 0x220e, 0x220e, 0x220e, 0x220e, 0x220e, 0x220e, 0x220e, 0x220e, 0x220e, 
	0x220e, 0x220e, 0x220e, 0x220e, 0x220e, 0x220e, 0x220e, 0x220e, 0x220e, 0x220e, 0x220e, 0x220e, 0x220e, 0x220e, 0x220e, 0x220e, 
	0x220e, 0x220e, 0x220e, 0x220e, 0x220e, 0x220e, 0x220e, 0x220e, 0x220e, 0x220e, 0x220e, 0x220e, 0x220e, 0x220e, 0x220e, 0x220e, 
	0x220e, 0x220e, 0x220e, 0x220e, 0x220e, 0x220e, 0x220e, 0x220e, 0x220e, 0x220e, 0x220e, 0x220e, 0x220e, 0x220e, 0x220e, 0x220e, 
	0x220e, 0x220e, 0x220e, 0x220e, 0x220e, 0x220e, 0x220e, 0x220e, 0x220e, 0x220e, 0x220e, 0x220e, 0x220e, 0x220e, 0x220e, 0x220e, 
	0x220e, 0x220e, 0x220e, 0x220e, 0x220e, 0x220e, 0x220e, 0x220e, 0x220e, 0x220e, 0x220e, 0x220e, 0x220e, 0x220e, 0x220e, 0x220e, 
	0x220e, 0x220e, 0x220e, 0x220e, 0x220e, 0x220e, 0x220e, 0x220e, 0x220e, 0x220e, 0x220e, 0x220e, 0x220e, 0x220e, 0x220e, 0x220e, 
	0x220e, 0x220e, 0x220e, 0x220e, 0x220e, 0x220e, 0x220e, 0x220e, 0x220e, 0x220e, 0x220e, 0x220e, 0x220e, 0x220e, 0x220e, 0x220e, 
	0x220e, 0x220e, 0x220e, 0x220e, 0x220e, 0x220e, 0x220e, 0x220e, 0x220e, 0x220e, 0x220e, 0x220e, 0x220e, 0x220e, 0x220e, 0x220e, 
	0x220e, 0x220e, 0x220e, 0x220e, 0x220e, 0x220e, 0x220e, 0x220e, 0x220e, 0x220e, 0x220e, 0x220e, 0x220e, 0x220e, 0x220e, 0x220e, 
	0x220e, 0x220e, 0x220e, 0x220e, 0x220e, 0x220e, 0x220e, 0x220e, 0x220e, 0x220e, 0x220e, 0x220e, 0x220e, 0x220e, 0x220e, 0x220e, 
	0x220e, 0x220e, 0x220e, 0x220e, 0x220e, 0x220e, 0x220e, 0x220e, 0x220e, 0x220e, 0x220e, 0x220e, 0x220e, 0x220e, 0x220e, 0x220e, 
	0x220e, 0x220e, 0x220e, 0x220e, 0x220e, 0x220e, 0x220e, 0x220e, 0x220e, 0x220e, 0x220e, 0x220e, 0x220e, 0x220e, 0x220e, 0x220e, 
	0x220e, 0x220e, 0x220e, 0x220e, 0x220e, 0x220e, 0x220e, 0x220e, 0x220e, 0x220e, 0x220e, 0x220e, 0x220e, 0x220e, 0x220e, 0x220e, 
	0x220e, 0x220e, 0x220e, 0x220e, 0x220e, 0x220e, 0x220e, 0x220e, 0x220e, 0x220e, 0x220e, 0x220e, 0x220e, 0x220e, 0x220e, 0x220e, 
	0x220e, 0x220e, 0x220e, 0x220e, 0x220e, 0x220e, 0x220e, 0x220e, 0x220e, 0x220e, 0x220e, 0x220e, 0x220e, 0x220e, 0x220e, 0x220e, 
	0x220e, 0x220e, 0x220e, 0x220e, 0x220e, 0x220e, 0x220e, 0x220e, 0x220e, 0x220e, 0x220e, 0x220e, 0x220e, 0x220e, 0x220e, 0x220e, 
	0x220e, 0x220e, 0x220e, 0x220e, 0x220e, 0x220e, 0x220e, 0x220e, 0x220e, 0x220e, 0x220e, 0x220e, 0x220e, 0x220e, 0x220e, 0x220e, 
	0x220e, 0x220e, 0x220e, 0x220e, 0x220e, 0x220e, 0x220e, 0x220e, 0x220e, 0x220e, 0x220e, 0x220e, 0x220e, 0x220e, 0x220e, 0x220e, 
	0x220e, 0x220e, 0x220e, 0x220e, 0x220e, 0x220e, 0x220e, 0x220e, 0x220e, 0x220e, 0x220e, 0x220e, 0x220e, 0x220e, 0x220e, 0x220e, 
	0x220e, 0x220e, 0x220e, 0x220e, 0x220e, 0x220e, 0x220e, 0x220e, 0x220e, 0x220e, 0x220e, 0x220e, 0x220e, 0x220e, 0x220e, 0x220e, 
	0x220e, 0x220e, 0x220e, 0x220e, 0x220e, 0x220e, 0x220e, 0x220e, 0x220e, 0x220e, 0x220e, 0x220e, 0x220e, 0x220e, 0x220e, 0x220e, 
	0x220e, 0x220e, 0x220e, 0x220e, 0x220e, 0x220e, 0x220e, 0x220e, 0x220e, 0x220e, 0x220e, 0x220e, 0x220e, 0x220e, 0x220e, 0x220e, 
	0x220e, 0x220e, 0x220e, 0x220e, 0x220e, 0x220e, 0x220e, 0x220e, 0x220e, 0x220e, 0x220e, 0x220e, 0x220e, 0x220e, 0x220e, 0x220e, 
	0x220e, 0x220e, 0x220e, 0x220e, 0x220e, 0x220e, 0x220e, 0x220e, 0x220e, 0x220e, 0x220e, 0x220e, 0x220e, 0x220e, 0x220e, 0x220e, 
	0x220e, 0x220e, 0x220e, 0x220e, 0x220e, 0x220e, 0x220e, 0x220e, 0x220e, 0x220e, 0x220e, 0x220e, 0x220e, 0x220e, 0x220e, 0x220e, 
	0x220e, 0x220e, 0x220e, 0x220e, 0x220e, 0x220e, 0x220e, 0x220e, 0x220e, 0x220e, 0x220e, 0x220e, 0x220e, 0x220e, 0x220e, 0x220e, 
	0x220e, 0x220e, 0x220e, 0x220e, 0x220e, 0x220e, 0x220e, 0x220e, 0x220e, 0x220e, 0x220e, 0x220e, 0x220e, 0x220e, 0x220e, 0x220e, 
	0x220e, 0x220e, 0x220e, 0x220e, 0x220e, 0x220e, 0x220e, 0x220e, 0x220e, 0x220e, 0x220e, 0x220e, 0x220e, 0x220e, 0x220e, 0x220e, 
	0x220e, 0x220e, 0x220e, 0x220e, 0x220e, 0x220e, 0x220e, 0x220e, 0x220e, 0x220e, 0x220e, 0x220e, 0x220e, 0x220e, 0x220e, 0x220e, 
	0x220e, 0x220e, 0x220e, 0x220e, 0x220e, 0x220e, 0x220e, 0x220e, 0x220e, 0x220e, 0x220e, 0x220e, 0x220e, 0x220e, 0x220e, 0x220e, 
	0x220e, 0x220e, 0x220e, 0x220e, 0x220e, 0x220e, 0x220e, 0x220e, 0x220e, 0x220e, 0x220e, 0x220e, 0x220e, 0x220e, 0x220e, 0x220e, 
	0x220e, 0x220e, 0x220e, 0x220e, 0x220e, 0x220e, 0x220e, 0x220e, 0x220e, 0x220e, 0x220e, 0x220e, 0x220e, 0x220e, 0x220e, 0x220e, 
	0x220e, 0x220e, 0x220e, 0x220e, 0x220e, 0x220e, 0x220e, 0x220e, 0x220e, 0x220e, 0x220e, 0x220e, 0x220e, 0x220e, 0x220e, 0x220e, 
	0x220e, 0x220e, 0x220e, 0x220e, 0x220e, 0x220e, 0x220e, 0x220e, 0x220e, 0x220e, 0x220e, 0x220e, 0x220e, 0x220e, 0x220e, 0x220e, 
	0x220e, 0x220e, 0x220e, 0x220e, 0x220e, 0x220e, 0x220e, 0x220e, 0x220e, 0x220e, 0x220e, 0x220e, 0x220e, 0x220e, 0x220e, 0x220e, 
	0x220e, 0x220e, 0x220e, 0x220e, 0x220e, 0x220e, 0x220e, 0x220e, 0x220e, 0x220e, 0x220e, 0x220e, 0x220e, 0x220e, 0x220e, 0x220e, 
	0x220e, 0x220e, 0x220e, 0x220e, 0x220e, 0x220e, 0x220e, 0x220e, 0x220e, 0x220e, 0x220e, 0x220e, 0x220e, 0x220e, 0x220e, 0x220e, 
	0x220e, 0x220e, 0x220e, 0x220e, 0x220e, 0x220e, 0x220e, 0x220e, 0x220e, 0x220e, 0x220e, 0x220e, 0x220e, 0x220e, 0x220e, 0x220e, 
	0x220e, 0x220e, 0x220e, 0x220e, 0x220e, 0x220e, 0x220e, 0x220e, 0x220e, 0x220e, 0x220e, 0x220e, 0x220e, 0x220e, 0x220e, 0x220e, 
	0x220e, 0x220e, 0x220e, 0x220e, 0x220e, 0x220e, 0x220e, 0x220e, 0x220e, 0x220e, 0x220e, 0x220e, 0x220e, 0x220e, 0x220e, 0x220e, 
	0x220e, 0x220e, 0x220e, 0x220e, 0x220e, 0x220e, 0x220e, 0x220e, 0x220e, 0x220e, 0x220e, 0x220e, 0x220e, 0x220e, 0x220e, 0x220e, 
	0x220e, 0x220e, 0x220e, 0x220e, 0x220e, 0x220e, 0x220e, 0x220e, 0x220e, 0x220e, 0x220e, 0x220e, 0x220e, 0x220e, 0x220e, 0x220e, 
	0x220e, 0x220e, 0x220e, 0x220e, 0x220e, 0x220e, 0x220e, 0x220e, 0x220e, 0x220e, 0x220e, 0x220e, 0x220e, 0x220e, 0x220e, 0x220e, 
	0x220e, 0x220e, 0x220e, 0x220e, 0x220e, 0x220e, 0x220e, 0x220e, 0x220e, 0x220e, 0x220e, 0x220e, 0x220e, 0x220e, 0x220e, 0x220e
};

// Array of all bitmaps for convenience. (Total bytes used to store images = 57616)
const int epd_bitmap_allArray_LEN = 1;
const uint16_t* epd_bitmap_allArray[1] = {
	epd_bitmap_small_pixel_earth
};
